"society_id","society_name","KII_score","community_organization","community_organization_code","community_organization_focal_year","domestic_organization","domestic_organization_code","domestic_organization_focal_year","marital_residence","marital_residence_code","marital_residence_focal_year","polygamy","polygamy_code","polygamy_focal_year","cousin_marriage","cousin_marriage_code","cousin_marriage_focal_year","lineage_organization","lineage_organization_code","lineage_organization_focal_year","cousin_marriage_code_1","polygamy_code_1","domestic_organization_code_1","marital_residence_code_1","coresidensy_ext_families_codes","lineage_organization_code_1","community_organization_code_1","marriage_transactions","marriage_transactions_code","marriage_transactions_focal_year","residence_pattern","residence_code","residence_focal_year","authoritarianism","authoritarianism_code","authoritarianism_focal_year","stratification","stratification_code","stratification_focal_year","pop_density","pop_density_code","pop_density_focal_year","urbanization","urbanization_code","urbanization_focal_year","transport","transport_code","transport_focal_year","trade","trade_code","trade_focal_year","money_use","money_use_code","money_focal_year","pol.integration","pol.integration_code","pol.integration_focal_year","subsistence_type","subsistence_type_code","subsistence_type_focal_year","violent.P3P.target","violent.P3P_target_code","violent.P3P.focal_year","region","latitude","longitude","KII_score_feud"
1,"Nama",0.302498114007978,"Clans",6,1840,"Nuclear, limited polygyny",2,1840,"Patrilocal",8,1840,"Limited polygyny",2,1840,"None preferred",9,1840,"Patrilineal",1,1840,9,1,0,2,1,1,1,"Gift exchange",1,1840,"favoring formation of fraternal interest groups",2,1860,NA,NA,NA,"Hereditary slavery",2,1860,"< 1 person / sq. mile",1,1860,"100-199 persons",2,1860,"Pack Animals",2,1860,"5%",5,1860,"None",1,1860,"1 level above community",3,1860,"Domestic Animals",4,1860,"The malefactor if possible; otherwise, selected members of his kin group",2,"1860","Southern Africa",-27.5,17,0.241642153710558
2,"!Kung",-0.25049041662458,"Exogamous",4,1950,"Small extended",7,1950,"Ambilocal",2,1950,"Limited polygyny",2,1950,"None preferred",9,1950,"Bilateral",6,1950,9,1,2,2,2,0,0,"Bride-service",0,1950,"not favoring formation of fraternal interest groups",1,1950,"Ude persuasion to help organized & structure group action",1,1950,"Egalitarian",1,1950,"< 1 person / sq. mile",1,1950,"fewer than 100 persons",1,1950,"Human only",1,1950,"0%",0,1950,"None",1,1950,"Autonomous local communities",2,1950,"Gathering",7,1950,"Not applicable - violent action by the kin group is punished or kin group is not recognized as a unit to avenge transgressions against its members",0,"1950","Southern Africa",-19.83,20.58,NA
3,"Tsonga",0.975960550317081,"Clans",6,1920,"Large extended",8,1920,"Patrilocal",8,1920,"Polygyny, sororal separate",4,1920,"None preferred",9,1920,"Patrilineal",1,1920,9,2,3,2,2.5,1,1,"Bride-wealth",1,1920,"favoring formation of fraternal interest groups",2,1895,NA,NA,NA,"2 social classes, no castes/slavery",3,1895,"100 persons / sq. mile",5,1895,"fewer than 100 persons",1,1895,"Human only",1,1895,"5%",5,1895,"Alien currency",3,1895,"2 levels above community",4,1895,"SImple or Shifting Cultivation",3,1895,"Not applicable - violent action by the kin group is punished or kin group is not recognized as a unit to avenge transgressions against its members",0,"1895","South Tropical Africa",-25.83,32.33,NA
4,"Lozi",0.178677060263228,"Agamous",3,1890,"Polygyny, typical cowives pattern",5,1890,"Virilocal",10,1890,"Polygyny, non-sororal cohabit",5,1890,"None preferred",9,1890,"Ambilineal",5,1890,9,2,0,2,1,1,0,"Token bride-wealth",1,1890,NA,NA,NA,"Frequently act independently & make authoritative decisions",3,1900,"2 social classes, castes/slavery",3,1900,"5.1-25 persons/ sq. mile",3,1900,"400-999 persons",4,1900,"Human only",1,1900,"5%",5,1900,"None",1,1900,"3 levels above community",5,1900,"Advanced Agriculture",1,1900,"The malefactor only",3,"1900","South Tropical Africa",-16,23.5,0.132590158541232
5,"Mbundu",0.151626805945715,"Clans",6,1930,"Polygyny, typical cowives pattern",5,1930,"Patrilocal",8,1930,"Polygyny, non-sororal cohabit",5,1930,"MoBrDa",2,1930,"Duolateral",2,1930,2,2,0,2,1,1,1,"Bride-wealth",1,1930,NA,NA,NA,NA,NA,NA,"2 social classes, castes/slavery",3,1890,"5.1-25 persons/ sq. mile",3,1890,"100-199 persons",2,1890,"Human only",1,1890,"0%",0,1890,"Elementary forms",4,1890,"2 levels above community",4,1890,"SImple or Shifting Cultivation",3,1890,"Not applicable - violent action by the kin group is punished or kin group is not recognized as a unit to avenge transgressions against its members",0,"1890","South Tropical Africa",-12.25,16.5,NA
6,"Suku",-0.186608754167273,"Agamous",3,1910,"Polygyny, typical cowives pattern",5,1910,"Virilocal",10,1910,"Polygyny, non-sororal cohabit",5,1910,"FaSiDa",3,1910,"Matrilineal",3,1910,3,2,0,2,1,1,0,"Bride-wealth",1,1910,"favoring formation of fraternal interest groups",2,1920,"Make relatively few decisions on own w/o consultation",2,1920,"2 social classes, no castes/slavery",3,1920,"5.1-25 persons/ sq. mile",3,1920,"fewer than 100 persons",1,1920,"Human only",1,1920,"5%",5,1920,"Elementary forms",4,1920,"3 levels above community",5,1920,"SImple or Shifting Cultivation",3,1920,"Anyone in the malefactor's kin group",1,"1920","West-Central Tropical Africa",-6,18,-0.25593225096447
7,"Bemba",-0.308370692310773,"Agamous",3,1900,"Polygyny, atypical cowives pattern",4,1900,"Avuncu-uxorilocal",3,1900,"Polygyny, sororal separate",4,1900,"Cross-cousin",1,1900,"Mixed",7,1900,1,2,0,2,1,1,0,"Bride-service",0,1900,NA,NA,NA,NA,NA,NA,"2 social classes, no castes/slavery",3,1897,"1-5 persons / sq. mile",2,1897,"100-199 persons",2,1897,"Human only",1,1897,"0%",0,1897,"None",1,1897,"3 levels above community",5,1897,"SImple or Shifting Cultivation",3,1897,"Not applicable - violent action by the kin group is punished or kin group is not recognized as a unit to avenge transgressions against its members",0,"1897","South Tropical Africa",-10.5,30.5,NA
8,"Nyakyusa",-0.0867675803161825,"Agamous",3,1930,"Polygyny, typical cowives pattern",5,1930,"Neolocal",6,1930,"Polygyny, non-sororal cohabit",5,1930,"None preferred",9,1930,"Mixed",7,1930,9,2,0,0,0,1,0,"Bride-wealth",1,1930,"not favoring formation of fraternal interest groups",1,1934,"Make relatively few decisions on own w/o consultation",2,1934,"Egalitarian",1,1934,"26-100 persons  / sq. mile",4,1934,"100-199 persons",2,1934,"Human only",1,1934,"0%",0,1934,"Domestically usable particles",2,1934,"2 levels above community",4,1934,"Advanced Agriculture",1,1934,"The malefactor if possible; otherwise, selected members of his kin group",2,"1934","South Tropical Africa",-9.5,34,-0.128068909677943
9,"Hadza",-0.491119877190224,"Agamous",3,1910,"Small extended",7,1910,"Ambilocal",2,1910,"Limited polygyny",2,1910,NA,NA,NA,"Bilateral",6,1910,NA,1,2,2,2,0,0,"Bride-wealth",1,1910,NA,NA,NA,NA,NA,NA,"Egalitarian",1,1930,"< 1 person / sq. mile",1,1930,"fewer than 100 persons",1,1930,"Human only",1,1930,"0%",0,1930,"None",1,1930,"None",1,1930,"Hunting",8,1930,"Missing or conflicting information",9,"1930","East Tropical Africa",-3.75,35.18,-0.555472347360957
10,"Luguru",-0.123668669494273,"Segmented, no exogamy",2,1930,"Nuclear, limited polygyny",2,1930,"Matrilocal",5,1930,"Limited polygyny",2,1930,"MoBrDa",2,1930,"Matrilineal",3,1930,2,1,0,2,1,1,1,"Bride-wealth",1,1930,"not favoring formation of fraternal interest groups",1,1925,NA,NA,NA,"Hereditary slavery",2,1925,"100 persons / sq. mile",5,1925,"200-399 persons",3,1925,"Human only",1,1925,"5%",5,1925,"Domestically usable particles",2,1925,"Autonomous local communities",2,1925,"SImple or Shifting Cultivation",3,1925,"Not applicable - violent action by the kin group is punished or kin group is not recognized as a unit to avenge transgressions against its members",0,"1935","East Tropical Africa",-6.83,37.67,NA
11,"Kikuyu",0.577793589447966,"Clans",6,1930,"Polygyny, typical cowives pattern",5,1930,"Patrilocal",8,1930,"Polygyny, non-sororal cohabit",5,1930,"None preferred",9,1930,"Patrilineal",1,1930,9,2,0,2,1,1,1,"Bride-wealth",1,1930,NA,NA,NA,"Make relatively few decisions on own w/o consultation",2,1920,"Hereditary slavery",2,1920,"100 persons / sq. mile",5,1920,"100-199 persons",2,1920,"Human only",1,1920,"5%",5,1920,"Domestically usable particles",2,1920,"Autonomous local communities",2,1920,"Advanced Agriculture",1,1920,"The malefactor if possible; otherwise, selected members of his kin group",2,"1920","East Tropical Africa",-0.67,37.17,0.531571317134317
12,"Ganda",-0.0867675803161825,"Exogamous",4,1880,"Polygyny, typical cowives pattern",5,1880,"Neolocal",6,1880,"Polygyny, non-sororal cohabit",5,1880,"None preferred",9,1880,"Patrilineal",1,1880,9,2,0,0,0,1,0,"Bride-wealth",1,1880,"not favoring formation of fraternal interest groups",1,1875,"Frequently act independently & make authoritative decisions",3,1875,"2 social classes, castes/slavery",3,1875,"100 persons / sq. mile",5,1875,"100-199 persons",2,1875,"Human only",1,1875,"5%",5,1875,"Elementary forms",4,1875,"3 levels above community",5,1875,"Horticulture",2,1875,"The malefactor only",3,"1875","East Tropical Africa",0.33,32.5,-0.128068909677943
13,"Mbuti",-0.51593505720399,"Exogamous",4,1930,"Nuclear, limited polygyny",2,1930,"Ambi-viri",12,1930,"Limited polygyny",2,1930,"None preferred",9,1930,"Bilateral",6,1930,9,1,0,2,1,0,0,"Woman exchange",0,1930,"favoring formation of fraternal interest groups",2,1950,"Ude persuasion to help organized & structure group action",1,1950,"Egalitarian",1,1950,"< 1 person / sq. mile",1,1950,"fewer than 100 persons",1,1950,"Human only",1,1950,"5%",5,1950,"None",1,1950,"None",1,1950,"Gathering",7,1950,"Not applicable - violent action by the kin group is punished or kin group is not recognized as a unit to avenge transgressions against its members",0,"1950","West-Central Tropical Africa",1.5,28.33,NA
14,"Nkundo",0.975960550317081,"Clans",6,1930,"Large extended",8,1930,"Patrilocal",8,1930,"Polygyny, non-sororal cohabit",5,1930,"None preferred",9,1930,"Duolateral",2,1930,9,2,3,2,2.5,1,1,"Bride-wealth",1,1930,"favoring formation of fraternal interest groups",2,1930,NA,NA,NA,"2 social classes, no castes/slavery",3,1930,"1-5 persons / sq. mile",2,1930,"100-199 persons",2,1930,"Human only",1,1930,"5%",5,1930,"True money",5,1930,"1 level above community",3,1930,"SImple or Shifting Cultivation",3,1930,"Anyone in the malefactor's kin group",1,"1930","West-Central Tropical Africa",-0.75,19.17,0.92255991946308
15,"Banen",0.544235130400458,"Clans",6,1940,"Polygyny, typical cowives pattern",5,1940,"Patrilocal",8,1940,"Polygyny, non-sororal cohabit",5,1940,NA,NA,NA,"Patrilineal",1,1940,NA,2,0,2,1,1,1,"Woman exchange",0,1940,NA,NA,NA,NA,NA,NA,"Hereditary slavery",2,1935,"5.1-25 persons/ sq. mile",3,1935,"200-399 persons",3,1935,"Human only",1,1935,"0%",0,1935,"Alien currency",3,1935,"1 level above community",3,1935,"SImple or Shifting Cultivation",3,1935,"Missing or conflicting information",9,"1935","West-Central Tropical Africa",4.67,10.8,0.504182624344587
16,"Tiv",0.975960550317081,"Clans",6,1920,"Large extended",8,1920,"Virilocal",10,1920,"Polygyny, non-sororal cohabit",5,1920,"None preferred",9,1920,"Mixed",7,1920,9,2,3,2,2.5,1,1,"Woman exchange",0,1920,"favoring formation of fraternal interest groups",2,1920,"Make relatively few decisions on own w/o consultation",2,1920,"Hereditary slavery",2,1920,"26-100 persons  / sq. mile",4,1920,"400-999 persons",4,1920,"Human only",1,1920,"25%",25,1920,"None",1,1920,"1 level above community",3,1920,"SImple or Shifting Cultivation",3,1920,"The malefactor only",3,"1920","West Tropical Africa",7.25,9,0.92255991946308
17,"Igbo",0.975960550317081,"Segmented, no exogamy",2,1930,"Large extended",8,1930,"Patrilocal",8,1930,"Polygyny, non-sororal cohabit",5,1930,"None preferred",9,1930,"Patrilineal",1,1930,9,2,3,2,2.5,1,1,"Bride-wealth",1,1930,NA,NA,NA,NA,NA,NA,"Hereditary slavery",2,1935,"100 persons / sq. mile",5,1935,"1000 persons",5,1935,"Human only",1,1935,"25%",25,1935,"Elementary forms",4,1935,"1 level above community",3,1935,"SImple or Shifting Cultivation",3,1935,"Not applicable - violent action by the kin group is punished or kin group is not recognized as a unit to avenge transgressions against its members",0,"1935","West Tropical Africa",5.5,7.33,NA
18,"Fon",0.577793589447966,"Segmented, no exogamy",2,1890,"Polygyny, typical cowives pattern",5,1890,"Patrilocal",8,1890,"Polygyny, non-sororal cohabit",5,1890,"None preferred",9,1890,"Patrilineal",1,1890,9,2,0,2,1,1,1,"Bride-wealth",1,1890,"favoring formation of fraternal interest groups",2,1890,"Frequently act independently & make authoritative decisions",3,1890,"2 social classes, castes/slavery",3,1890,"26-100 persons  / sq. mile",4,1890,"1000 persons",5,1890,"Human only",1,1890,"20%",20,1890,"Elementary forms",4,1890,"3 levels above community",5,1890,"SImple or Shifting Cultivation",3,1890,"Not applicable - violent action by the kin group is punished or kin group is not recognized as a unit to avenge transgressions against its members",0,"1890","West Tropical Africa",7.2,1.91,NA
19,"Ashanti",0.0179549173403872,"Agamous",3,1900,"Small extended",7,1900,"Avunculocal",1,1900,"Polygyny, non-sororal cohabit",5,1900,"MoBrDa",2,1900,"Duolateral",2,1900,2,2,2,2,2,1,0,"Bride-wealth",1,1900,"favoring formation of fraternal interest groups",2,1895,NA,NA,NA,"2 social classes, no castes/slavery",3,1895,"26-100 persons  / sq. mile",4,1895,"200-399 persons",3,1895,"Human only",1,1895,"5%",5,1895,"Elementary forms",4,1895,"3 levels above community",5,1895,"SImple or Shifting Cultivation",3,1895,"Not applicable - violent action by the kin group is punished or kin group is not recognized as a unit to avenge transgressions against its members",0,"1895","West Tropical Africa",7,-1.5,NA
20,"Mende",0.417071446525125,"Segmented, no exogamy",2,1930,"Small extended",7,1930,"Patrilocal",8,1930,"Polygyny, non-sororal cohabit",5,1930,"MoBrDa",2,1930,"Patrilineal",1,1930,2,2,2,2,2,1,1,"Bride-wealth",1,1930,NA,NA,NA,"Make relatively few decisions on own w/o consultation",2,1945,"2 social classes, castes/slavery",3,1945,"26-100 persons  / sq. mile",4,1945,"100-199 persons",2,1945,"Human only",1,1945,"25%",25,1945,"Alien currency",3,1945,"1 level above community",3,1945,"SImple or Shifting Cultivation",3,1945,"Not applicable - violent action by the kin group is punished or kin group is not recognized as a unit to avenge transgressions against its members",0,"1945","West Tropical Africa",7.83,-12,NA
21,"Wolof",0.356190477453375,"Clans",6,1950,"Small extended",7,1950,"Patrilocal",8,1950,"Polygyny, non-sororal cohabit",5,1950,"Cross-cousin",1,1950,"Duolateral",2,1950,1,2,2,2,2,1,1,"Bride-wealth",1,1950,NA,NA,NA,NA,NA,NA,"3 social classes or castes, w/ or w/out slavery",3,1950,"100 persons / sq. mile",5,1950,"100-199 persons",2,1950,"Pack Animals",2,1950,"25%",25,1950,"Alien currency",3,1950,"2 levels above community",4,1950,"SImple or Shifting Cultivation",3,1950,"Not applicable - violent action by the kin group is punished or kin group is not recognized as a unit to avenge transgressions against its members",0,"1950","West Tropical Africa",13.75,-15.33,NA
22,"Bambara",0.54979376681483,"Segmented, no exogamy",2,1920,"Large extended",8,1920,"Patrilocal",8,1920,"Polygyny, non-sororal cohabit",5,1920,"MoBrDa",2,1920,"Patrilineal",1,1920,2,2,3,2,2.5,1,1,"Bride-wealth",1,1920,"favoring formation of fraternal interest groups",2,1902,"Frequently act independently & make authoritative decisions",3,1902,"2 social classes, castes/slavery",3,1902,"5.1-25 persons/ sq. mile",3,1902,"400-999 persons",4,1902,"Draft Animals",3,1902,"5%",5,1902,"Alien currency",3,1902,"1 level above community",3,1902,"Advanced Agriculture",1,1902,"The malefactor only",3,"1902","West Tropical Africa",12.5,-7,0.469283775039761
23,"Tallensi",0.843238230027376,"Clans",6,1930,"Small extended",7,1930,"Patrilocal",8,1930,"Polygyny, non-sororal cohabit",5,1930,"None preferred",9,1930,"Duolateral",2,1930,9,2,2,2,2,1,1,"Bride-wealth",1,1930,"favoring formation of fraternal interest groups",2,1934,"Make relatively few decisions on own w/o consultation",2,1934,"Hereditary slavery",2,1934,"100 persons / sq. mile",5,1934,"400-999 persons",4,1934,"Human only",1,1934,"25%",25,1934,"Alien currency",3,1934,"Autonomous local communities",2,1934,"Advanced Agriculture",1,1934,"Not applicable - violent action by the kin group is punished or kin group is not recognized as a unit to avenge transgressions against its members",0,"1934","West Tropical Africa",10.66,-0.57,NA
24,"Songhai",-0.0966184151767604,"Agamous",3,1940,"Nuclear, limited polygyny",2,1940,"Patrilocal",8,1940,"Limited polygyny",2,1940,"None preferred",9,1940,"Patrilineal",1,1940,9,1,0,2,1,1,0,"Bride-wealth",1,1940,NA,NA,NA,NA,NA,NA,"3 social classes or castes, w/ or w/out slavery",3,1940,"5.1-25 persons/ sq. mile",3,1940,"400-999 persons",4,1940,"Pack Animals",2,1940,"5%",5,1940,"None",1,1940,"1 level above community",3,1940,"Advanced Agriculture",1,1940,"Missing or conflicting information",9,"1940","West Tropical Africa",16.58,-1.67,-0.157339004882527
25,"Wodaabe Fulani",0.273388744089215,"Demes",1,1950,"Polygyny, typical cowives pattern",5,1950,"Patrilocal",8,1950,"Polygyny, non-sororal cohabit",5,1950,"FaBrDa",4,1950,"Patrilineal",1,1950,4,2,0,2,1,1,1,"Bride-wealth",1,1950,NA,NA,NA,NA,NA,NA,"Egalitarian",1,1951,"1-5 persons / sq. mile",2,1951,"100-199 persons",2,1951,"Pack Animals",2,1951,"25%",25,1951,"None",1,1951,"1 level above community",3,1951,"Domestic Animals",4,1951,"Not applicable - violent action by the kin group is punished or kin group is not recognized as a unit to avenge transgressions against its members",0,"1951","West Tropical Africa",15,7.5,NA
26,"Zazzagawa Hausa",0.356190477453375,"Segmented, no exogamy",2,1950,"Small extended",7,1950,"Patrilocal",8,1950,"Polygyny, non-sororal cohabit",5,1950,"Cross-cousin",1,1950,"Patrilineal",1,1950,1,2,2,2,2,1,1,"Bride-wealth",1,1950,"favoring formation of fraternal interest groups",2,1900,"Frequently act independently & make authoritative decisions",3,1900,"3 social classes or castes, w/ or w/out slavery",3,1900,"26-100 persons  / sq. mile",4,1900,"1000 persons",5,1900,"Pack Animals",2,1900,"25%",25,1900,"Alien currency",3,1900,"3 levels above community",5,1900,"Advanced Agriculture",1,1900,"Not applicable - violent action by the kin group is punished or kin group is not recognized as a unit to avenge transgressions against its members",0,"1900","West Tropical Africa",10.5,7.5,NA
27,"Masa",0.843238230027376,"Clans",6,1910,"Small extended",7,1910,"Patrilocal",8,1910,"Polygyny, non-sororal cohabit",5,1910,"None preferred",9,1910,"Patrilineal",1,1910,9,2,2,2,2,1,1,"Bride-wealth",1,1910,NA,NA,NA,NA,NA,NA,"Egalitarian",1,1910,"26-100 persons  / sq. mile",4,1910,"200-399 persons",3,1910,"Human only",1,1910,"5%",5,1910,"None",1,1910,"Autonomous local communities",2,1910,"Advanced Agriculture",1,1910,"Missing or conflicting information",9,"1910","Northeast Tropical Africa",10.5,15.5,0.792230385353492
28,"Azande",0.178677060263228,"Agamous",3,1920,"Polygyny, typical cowives pattern",5,1920,"Virilocal",10,1920,"Polygyny, non-sororal cohabit",5,1920,"None preferred",9,1920,"Patrilineal",1,1920,9,2,0,2,1,1,0,"Bride-wealth",1,1920,"favoring formation of fraternal interest groups",2,1905,"Frequently act independently & make authoritative decisions",3,1905,"2 social classes, no castes/slavery",3,1905,"1-5 persons / sq. mile",2,1905,"100-199 persons",2,1905,"Human only",1,1905,"0%",0,1905,"Elementary forms",4,1905,"2 levels above community",4,1905,"SImple or Shifting Cultivation",3,1905,"Anyone in the malefactor's kin group",1,"1905","Northeast Tropical Africa",5.08,28.25,0.132590158541232
29,"Fur",0.301548545692355,"Exogamous",4,1880,"Large extended",8,1880,"Separate",7,1880,"Limited polygyny",2,1880,"None preferred",9,1880,"Matrilineal",3,1880,9,1,3,2,2.5,1,0,"Bride-wealth",1,1880,"not favoring formation of fraternal interest groups",1,1880,NA,NA,NA,"2 social classes, no castes/slavery",3,1880,"5.1-25 persons/ sq. mile",3,1880,"100-199 persons",2,1880,"Pack Animals",2,1880,"5%",5,1880,"Domestically usable particles",2,1880,"3 levels above community",5,1880,"Advanced Agriculture",1,1880,"Not applicable - violent action by the kin group is punished or kin group is not recognized as a unit to avenge transgressions against its members",0,"1880","Northeast Tropical Africa",13.5,25.5,NA
30,"Otoro",0.577793589447966,"Segmented, no exogamy",2,1940,"Polygyny, typical cowives pattern",5,1940,"Patrilocal",8,1940,"Polygyny, non-sororal cohabit",5,1940,"None preferred",9,1940,"Patrilineal",1,1940,9,2,0,2,1,1,1,"Bride-wealth",1,1940,NA,NA,NA,NA,NA,NA,"Hereditary slavery",2,1930,"5.1-25 persons/ sq. mile",3,1930,"400-999 persons",4,1930,"Human only",1,1930,"5%",5,1930,"None",1,1930,"None",1,1930,"Advanced Agriculture",1,1930,"The malefactor if possible; otherwise, selected members of his kin group",2,"1930","Northeast Tropical Africa",11.33,30.67,0.531571317134317
31,"Shilluk",0.577793589447966,"Segmented, no exogamy",2,1900,"Polygyny, typical cowives pattern",5,1900,"Patrilocal",8,1900,"Polygyny, non-sororal cohabit",5,1900,"None preferred",9,1900,"Patrilineal",1,1900,9,2,0,2,1,1,1,"Bride-wealth",1,1900,"favoring formation of fraternal interest groups",2,1910,"Frequently act independently & make authoritative decisions",3,1910,"3 social classes or castes, w/ or w/out slavery",3,1910,"26-100 persons  / sq. mile",4,1910,"400-999 persons",4,1910,"Human only",1,1910,"5%",5,1910,"None",1,1910,"1 level above community",3,1910,"SImple or Shifting Cultivation",3,1910,"Anyone in the malefactor's kin group",1,"1910","Northeast Tropical Africa",9.75,31.5,0.531571317134317
32,"Mao",0.577793589447966,"Clans",6,1939,"Polygyny, typical cowives pattern",5,1939,"Patrilocal",8,1939,"Polygyny, non-sororal cohabit",5,1939,"None preferred",9,1939,"Patrilineal",1,1939,9,2,0,2,1,1,1,"Woman exchange",0,1939,NA,NA,NA,NA,NA,NA,"Egalitarian",1,1939,"5.1-25 persons/ sq. mile",3,1939,"fewer than 100 persons",1,1939,"Human only",1,1939,"5%",5,1939,"Alien currency",3,1939,"Autonomous local communities",2,1939,"SImple or Shifting Cultivation",3,1939,"Missing or conflicting information",9,"1939","Northeast Tropical Africa",9.27,34.67,0.531571317134317
33,"Kafa",0.46457060120992,NA,NA,NA,"Polygyny, atypical cowives pattern",4,1890,"Patrilocal",8,1890,"Polygyny, non-sororal separate",6,1890,"None preferred",9,1890,"Patrilineal",1,1890,9,2,0,2,1,1,NA,"Bride-wealth",1,1890,NA,NA,NA,NA,NA,NA,"2 social classes, castes/slavery",3,1905,"26-100 persons  / sq. mile",4,1905,"fewer than 100 persons",1,1905,"Pack Animals",2,1905,"0%",0,1905,"Domestically usable particles",2,1905,"3 levels above community",5,1905,"Advanced Agriculture",1,1905,"The malefactor if possible; otherwise, selected members of his kin group",2,"1905","Northeast Tropical Africa",7.27,36.5,0.398787440345398
34,"Maasi",0.178677060263228,"Agamous",3,1900,"Polygyny, typical cowives pattern",5,1900,"Patrilocal",8,1900,"Polygyny, non-sororal cohabit",5,1900,"None preferred",9,1900,"Patrilineal",1,1900,9,2,0,2,1,1,0,"Bride-wealth",1,1900,"favoring formation of fraternal interest groups",2,1900,"Ude persuasion to help organized & structure group action",1,1900,"Egalitarian",1,1900,"1-5 persons / sq. mile",2,1900,"200-399 persons",3,1900,"Pack Animals",2,1900,"25%",25,1900,"Domestically usable particles",2,1900,"Autonomous local communities",2,1900,"Domestic Animals",4,1900,"The malefactor only",3,"1900","East Tropical Africa",-3.5,36.75,0.132590158541232
35,"Konso",0.169775793718273,"Segmented, no exogamy",2,1930,"Minimal extended",6,1930,"Neolocal",6,1930,"Limited polygyny",2,1930,"None preferred",9,1930,"Patrilineal",1,1930,9,1,1,0,0.5,1,1,"Insignificant",0,1930,NA,NA,NA,NA,NA,NA,"Hereditary slavery",2,1935,"100 persons / sq. mile",5,1935,"1000 persons",5,1935,"Pack Animals",2,1935,"0%",0,1935,"None",1,1935,"1 level above community",3,1935,"Advanced Agriculture",1,1935,"The malefactor if possible; otherwise, selected members of his kin group",2,"1935","Northeast Tropical Africa",5.25,37.5,0.111312619600971
36,"Somali",0.843238230027376,"Clans",6,1950,"Small extended",7,1950,"Patrilocal",8,1950,"Polygyny, non-sororal cohabit",5,1950,"None preferred",9,1950,"Patrilineal",1,1950,9,2,2,2,2,1,1,"Bride-wealth",1,1950,"favoring formation of fraternal interest groups",2,1900,"Ude persuasion to help organized & structure group action",1,1900,"Hereditary slavery",2,1900,"5.1-25 persons/ sq. mile",3,1900,"400-999 persons",4,1900,"Pack Animals",2,1900,"5%",5,1900,"Alien currency",3,1900,"1 level above community",3,1900,"Domestic Animals",4,1900,"Anyone in the malefactor's kin group",1,"1900","Northeast Tropical Africa",9,47.25,0.792230385353492
37,"Amhara",-0.393063571774863,"Exogamous",4,1950,"Large extended",8,1950,"Ambi-viri",12,1950,"Monogamous",1,1950,"None preferred",9,1950,"Bilateral",6,1950,9,0,3,2,2.5,0,0,"Insignificant",0,1950,NA,NA,NA,"Frequently act independently & make authoritative decisions",3,1953,"3 social classes or castes, w/ or w/out slavery",3,1953,"26-100 persons  / sq. mile",4,1953,"200-399 persons",3,1953,"Pack Animals",2,1953,"25%",25,1953,"Alien currency",3,1953,"3 levels above community",5,1953,"Advanced Agriculture",1,1953,"The malefactor if possible; otherwise, selected members of his kin group",2,"1953","Northeast Tropical Africa",12.5,37.75,-0.47575228954429
38,"Blin",-0.640141321135579,"Exogamous",4,1850,"Nuclear, limited polygyny",2,1850,"Patrilocal",8,1850,"Limited polygyny",2,1850,NA,NA,NA,NA,NA,NA,NA,1,0,2,1,NA,0,"Bride-wealth",1,1850,NA,NA,NA,NA,NA,NA,"2 social classes, castes/slavery",3,1855,"1-5 persons / sq. mile",2,1855,"400-999 persons",4,1855,"Pack Animals",2,1855,"5%",5,1855,"Alien currency",3,1855,"1 level above community",3,1855,"Domestic Animals",4,1855,"Missing or conflicting information",9,"1855","Northeast Tropical Africa",15.75,38.75,-0.715454117382981
39,"Barabra",-0.401023260535511,"Agamous",3,1920,"Nuclear, limited polygyny",2,1920,"Patrilocal",8,1920,"Limited polygyny",2,1920,"FaBrDa",4,1920,"Patrilineal",1,1920,4,1,0,2,1,1,0,"Bride-wealth",1,1920,NA,NA,NA,NA,NA,NA,"Hereditary slavery",2,1900,"26-100 persons  / sq. mile",4,1900,"fewer than 100 persons",1,1900,"Pack Animals",2,1900,"0%",0,1900,"True money",5,1900,"Autonomous local communities",2,1900,"Advanced Agriculture",1,1900,"Not applicable - violent action by the kin group is punished or kin group is not recognized as a unit to avenge transgressions against its members",0,"1900","Arabian Peninsula",23,39.11,NA
40,"Teda",0.178677060263228,"Exogamous",4,1950,"Polygyny, typical cowives pattern",5,1950,"Patrilocal",8,1950,"Polygyny, non-sororal cohabit",5,1950,"None preferred",9,1950,"Patrilineal",1,1950,9,2,0,2,1,1,0,"Bride-wealth",1,1950,NA,NA,NA,"Ude persuasion to help organized & structure group action",1,1950,"2 social classes, no castes/slavery",3,1950,"< 1 person / sq. mile",1,1950,"fewer than 100 persons",1,1950,"Pack Animals",2,1950,"25%",25,1950,"Alien currency",3,1950,"Autonomous local communities",2,1950,"Advanced Agriculture",1,1950,"Anyone in the malefactor's kin group",1,"1950","Northeast Tropical Africa",20.5,17.5,0.132590158541232
41,"Tuareg Ahaggar",-0.398964144934261,"Clans",6,1920,"Nuclear, monogamous",1,1920,"Avuncu-virilocal",4,1920,"Monogamous",1,1920,"MoBrDa",2,1920,"Matrilineal",3,1920,2,0,0,2,1,1,1,"Bride-wealth",1,1920,"favoring formation of fraternal interest groups",2,1900,NA,NA,NA,"2 social classes, castes/slavery",3,1900,"< 1 person / sq. mile",1,1900,"fewer than 100 persons",1,1900,"Pack Animals",2,1900,"25%",25,1900,"Domestically usable particles",2,1900,"2 levels above community",4,1900,"Domestic Animals",4,1900,"The malefactor only",3,"1900","Northern Africa",23,6.5,-0.501563154136519
42,"Riffians",0.700665074877093,"Clans",6,1920,"Large extended",8,1920,"Patrilocal",8,1920,"Limited polygyny",2,1920,"None preferred",9,1920,"Patrilineal",1,1920,9,1,3,2,2.5,1,1,"Bride-wealth",1,1920,"favoring formation of fraternal interest groups",2,1926,"Make relatively few decisions on own w/o consultation",2,1926,"Hereditary slavery",2,1926,"100 persons / sq. mile",5,1926,"400-999 persons",4,1926,"Pack Animals",2,1926,"5%",5,1926,"True money",5,1926,"2 levels above community",4,1926,"Advanced Agriculture",1,1926,"Anyone in the malefactor's kin group",1,"1926","Northern Africa",34.92,-3.25,0.632630756039321
43,"Egyptians",0.263537909228637,"Demes",1,1950,"Small extended",7,1950,"Patrilocal",8,1950,"Limited polygyny",2,1950,"FaBrDa",4,1950,"Patrilineal",1,1950,4,1,2,2,2,1,1,"Bride-wealth",1,1950,NA,NA,NA,"Frequently act independently & make authoritative decisions",3,1950,"3 social classes or castes, w/ or w/out slavery",3,1950,"100 persons / sq. mile",5,1950,"1000 persons",5,1950,"Pack Animals",2,1950,"25%",25,1950,"True money",5,1950,"3 levels above community",5,1950,"Advanced Agriculture",1,1950,"The malefactor if possible; otherwise, selected members of his kin group",2,"1950","Northern Africa",24.75,33,0.178532547341649
44,"Hebrews",-0.135578619956101,"Agamous",3,-800,"Small extended",7,-800,"Patrilocal",8,-800,"Limited polygyny",2,-800,"FaBrDa",4,-800,"Patrilineal",1,-800,4,1,2,2,2,1,0,"Bride-wealth",1,-800,"favoring formation of fraternal interest groups",2,-621,NA,NA,NA,"3 social classes or castes, w/ or w/out slavery",3,-621,"100 persons / sq. mile",5,-621,"1000 persons",5,-621,"Pack Animals",2,-621,"5%",5,-621,"True money",5,-621,"2 levels above community",4,-621,"Advanced Agriculture",1,-621,"Anyone in the malefactor's kin group",1,"621 B.C.","Western Asia",31.18,34.92,-0.220448611251437
45,"Babylonians",-0.775601869378134,NA,NA,NA,"Nuclear, limited polygyny",2,-2000,"Ambilocal",2,-2000,"Limited polygyny",2,-2000,NA,NA,NA,"Bilateral",6,-2000,NA,1,0,2,1,0,NA,"Token bride-wealth",1,-2000,NA,NA,NA,NA,NA,NA,"3 social classes or castes, w/ or w/out slavery",3,-1750,"100 persons / sq. mile",5,-1750,"1000 persons",5,-1750,"Animal-drawn vehicles",4,-1750,"0%",0,-1750,"True money",5,-1750,"3 levels above community",5,-1750,"Advanced Agriculture",1,-1750,"Not applicable - violent action by the kin group is punished or kin group is not recognized as a unit to avenge transgressions against its members",0,"1750 B.C.","Western Asia",32.58,44.75,NA
46,"Rwala",-0.125727785095523,"Agamous",3,1920,"Polygyny, typical cowives pattern",5,1920,"Patrilocal",8,1920,"Polygyny, non-sororal cohabit",5,1920,"FaBrDa",4,1920,"Mixed",7,1920,4,2,0,2,1,1,0,"Bride-wealth",1,1920,"favoring formation of fraternal interest groups",2,1913,"Frequently act independently & make authoritative decisions",3,1913,"Hereditary slavery",2,1913,"< 1 person / sq. mile",1,1913,"fewer than 100 persons",1,1913,"Pack Animals",2,1913,"25%",25,1913,"Alien currency",3,1913,"1 level above community",3,1913,"Domestic Animals",4,1913,"Anyone in the malefactor's kin group",1,"1931","Western Asia",33.25,38.5,-0.191178516046853
47,"Turks",0.16882622540265,"Agamous",3,1950,"Small extended",7,1950,"Patrilocal",8,1950,"Limited polygyny",2,1950,"None preferred",9,1950,"Patrilineal",1,1950,9,1,2,2,2,1,0,"Bride-wealth",1,1950,NA,NA,NA,NA,NA,NA,"3 social classes or castes, w/ or w/out slavery",3,1950,"26-100 persons  / sq. mile",4,1950,"400-999 persons",4,1950,"Automotive vehicles",5,1950,"5%",5,1950,"True money",5,1950,"3 levels above community",5,1950,"Advanced Agriculture",1,1950,"Anyone in the malefactor's kin group",1,"1950","Western Asia",39.33,34.25,0.103320063336648
48,"Gheg",0.0179549173403872,"Exogamous",4,1900,"Small extended",7,1900,"Patrilocal",8,1900,"Polygyny, non-sororal separate",6,1900,"MoBrDa",2,1900,"Mixed",7,1900,2,2,2,2,2,1,0,"Bride-wealth",1,1900,"favoring formation of fraternal interest groups",2,1910,"Make relatively few decisions on own w/o consultation",2,1910,"Hereditary slavery",2,1910,"26-100 persons  / sq. mile",4,1910,"100-199 persons",2,1910,"Pack Animals",2,1910,"5%",5,1910,"True money",5,1910,"2 levels above community",4,1910,"Advanced Agriculture",1,1910,"Anyone in the malefactor's kin group",1,"1910","Southeastern Europe",42,20.17,-0.0600269176629118
49,"Ancient Romans",-1.05667517322339,"Agamous",3,100,"Nuclear, monogamous",1,100,"Neolocal",6,100,"Monogamous",1,100,"None preferred",9,100,"Bilateral",6,100,9,0,0,0,0,0,0,"Dowry",1,100,NA,NA,NA,NA,NA,NA,"3 social classes or castes, w/ or w/out slavery",3,110,"100 persons / sq. mile",5,110,"1000 persons",5,110,"Animal-drawn vehicles",4,110,"55%",55,110,"True money",5,110,"3 levels above community",5,110,"Advanced Agriculture",1,110,"Not applicable - violent action by the kin group is punished or kin group is not recognized as a unit to avenge transgressions against its members",0,"110 A.D.","Southeastern Europe",41.67,13.5,NA
50,"Spanish Basques",-1.16704502221447,"Agamous",3,1934,"Nuclear, monogamous",1,1934,"Ambi-viri",12,1934,"Monogamous",1,1934,NA,NA,NA,"Bilateral",6,1934,NA,0,0,2,1,0,0,"Dowry",1,1934,NA,NA,NA,NA,NA,NA,"3 social classes or castes, w/ or w/out slavery",3,1934,"5.1-25 persons/ sq. mile",3,1934,"1000 persons",5,1934,"Automotive vehicles",5,1934,"5%",5,1934,"True money",5,1934,"2 levels above community",4,1934,"Advanced Agriculture",1,1934,"Not applicable - violent action by the kin group is punished or kin group is not recognized as a unit to avenge transgressions against its members",0,"1940","Southwestern Europe",43.25,-1.67,NA
51,"Irish",-0.658508212354273,"Agamous",3,1930,"Minimal extended",6,1930,"Virilocal",10,1930,"Monogamous",1,1930,"None preferred",9,1930,"Bilateral",6,1930,9,0,1,2,1.5,0,0,"Dowry",1,1930,NA,NA,NA,"Ude persuasion to help organized & structure group action",1,1932,"3 social classes or castes, w/ or w/out slavery",3,1932,"26-100 persons  / sq. mile",4,1932,"400-999 persons",4,1932,"Automotive vehicles",5,1932,"20%",20,1932,"True money",5,1932,"2 levels above community",4,1932,"Advanced Agriculture",1,1932,"Not applicable - violent action by the kin group is punished or kin group is not recognized as a unit to avenge transgressions against its members",0,"1955","Northern Europe",53.5,-10,NA
52,"Sami",-0.791230532643978,"Exogamous",4,1950,"Nuclear, monogamous",1,1950,"Ambi-viri",12,1950,"Monogamous",1,1950,"None preferred",9,1950,"Bilateral",6,1950,9,0,0,2,1,0,0,"Insignificant",0,1950,"favoring formation of fraternal interest groups",2,1950,"Make relatively few decisions on own w/o consultation",2,1950,"Hereditary slavery",2,1950,"1-5 persons / sq. mile",2,1950,"fewer than 100 persons",1,1950,"Pack Animals",2,1950,"5%",5,1950,"None",1,1950,"Autonomous local communities",2,1950,"Domestic Animals",4,1950,"Not applicable - violent action by the kin group is punished or kin group is not recognized as a unit to avenge transgressions against its members",0,"1950","Northern Europe",68.7,21.5,NA
53,"Yurak-Samoyeds",-0.257340558099601,"Exogamous",4,1900,"Small extended",7,1900,"Patrilocal",8,1900,"Limited polygyny",2,1900,"MoBrDa",2,1900,"Patrilineal",1,1900,2,1,2,2,2,1,0,"Bride-wealth",1,1900,"favoring formation of fraternal interest groups",2,1894,NA,NA,NA,"Hereditary slavery",2,1894,"< 1 person / sq. mile",1,1894,"fewer than 100 persons",1,1894,"Draft Animals",3,1894,"5%",5,1894,"Alien currency",3,1894,"Autonomous local communities",2,1894,"Domestic Animals",4,1894,"Missing or conflicting information",9,"1894","Eastern Europe",68,51.5,-0.349956081086671
54,"Russians",-1.49885082293873,"Agamous",3,1955,"Nuclear, monogamous",1,1955,"Neolocal",6,1955,"Monogamous",1,1955,NA,NA,NA,"Bilateral",6,1955,NA,0,0,0,0,0,0,"Gift exchange",1,1955,NA,NA,NA,NA,NA,NA,"3 social classes or castes, w/ or w/out slavery",3,1955,"5.1-25 persons/ sq. mile",3,1955,"1000 persons",5,1955,"Automotive vehicles",5,1955,"5%",5,1955,"True money",5,1955,"3 levels above community",5,1955,"Advanced Agriculture",1,1955,"The malefactor only",3,"1955","Eastern Europe",52.67,41.33,-1.56953147218859
55,"Abkhaz",0.697824487186867,"Clans",6,1880,"Large extended",8,1880,"Patrilocal",8,1880,"Limited polygyny",2,1880,NA,NA,NA,"Patrilineal",1,1880,NA,1,3,2,2.5,1,1,"Gift exchange",1,1880,NA,NA,NA,NA,NA,NA,"3 social classes or castes, w/ or w/out slavery",3,1880,"26-100 persons  / sq. mile",4,1880,"200-399 persons",3,1880,"Animal-drawn vehicles",4,1880,"0%",0,1880,"None",1,1880,"1 level above community",3,1880,"Advanced Agriculture",1,1880,"The malefactor if possible; otherwise, selected members of his kin group",2,"1880","Caucasus",43.13,40.77,0.630506922975842
56,"Armenians",-0.393063571774863,"Agamous",3,1900,"Large extended",8,1900,"Ambi-viri",12,1900,"Monogamous",1,1900,"None preferred",9,1900,"Bilateral",6,1900,9,0,3,2,2.5,0,0,"Dowry",1,1900,NA,NA,NA,NA,NA,NA,"3 social classes or castes, w/ or w/out slavery",3,1843,"26-100 persons  / sq. mile",4,1843,"400-999 persons",4,1843,"Pack Animals",2,1843,"5%",5,1843,"Alien currency",3,1843,"3 levels above community",5,1843,"Advanced Agriculture",1,1843,"Missing or conflicting information",9,"1974","Caucasus",40,44.5,-0.47575228954429
57,"Kurd",-0.00190673135077258,"Demes",1,1940,"Nuclear, limited polygyny",2,1940,"Patrilocal",8,1940,"Limited polygyny",2,1940,"FaBrDa",4,1940,"Mixed",7,1940,4,1,0,2,1,1,1,"Bride-wealth",1,1940,"favoring formation of fraternal interest groups",2,1951,"Make relatively few decisions on own w/o consultation",2,1951,"2 social classes, no castes/slavery",3,1951,"100 persons / sq. mile",5,1951,"1000 persons",5,1951,"Pack Animals",2,1951,"25%",25,1951,"True money",5,1951,"2 levels above community",4,1951,"Advanced Agriculture",1,1951,"The malefactor if possible; otherwise, selected members of his kin group",2,"1843","Western Asia",36.5,44.5,-0.0821265208775264
58,"Basseri",-0.00190673135077258,"Demes",1,1958,"Nuclear, limited polygyny",2,1958,"Patrilocal",8,1958,"Limited polygyny",2,1958,"FaBrDa",4,1958,"Patrilineal",1,1958,4,1,0,2,1,1,1,"Bride-wealth",1,1958,"favoring formation of fraternal interest groups",2,1958,"Ude persuasion to help organized & structure group action",1,1958,"Hereditary slavery",2,1958,"1-5 persons / sq. mile",2,1958,"100-199 persons",2,1958,"Pack Animals",2,1958,"15%",15,1958,"None",1,1958,"2 levels above community",4,1958,"Domestic Animals",4,1958,"The malefactor only",3,"1951","Western Asia",29,53,-0.0821265208775264
59,"Punjabi",-0.133519504354851,"Segmented, no exogamy",2,1950,"Small extended",7,1950,"Patrilocal",8,1950,"Monogamous",1,1950,"MoBrDa",2,1950,"Patrilineal",1,1950,2,0,2,2,2,1,1,"Dowry",1,1950,NA,NA,NA,NA,NA,NA,"3 social classes or castes, w/ or w/out slavery",3,1950,"100 persons / sq. mile",5,1950,"200-399 persons",3,1950,"Pack Animals",2,1950,"5%",5,1950,"True money",5,1950,"3 levels above community",5,1950,"Advanced Agriculture",1,1950,"Not applicable - violent action by the kin group is punished or kin group is not recognized as a unit to avenge transgressions against its members",0,"1958","Indian Subcontinent",32.5,74,NA
60,"Madia",0.48891279774308,"Clans",6,1938,"Large extended",8,1938,"Patrilocal",8,1938,"Polygyny, sororal cohabit",3,1938,"Cross-cousin",1,1938,"Patrilineal",1,1938,1,2,3,2,2.5,1,1,"Bride-wealth",1,1938,NA,NA,NA,"Make relatively few decisions on own w/o consultation",2,1938,"Hereditary slavery",2,1938,"5.1-25 persons/ sq. mile",3,1938,"fewer than 100 persons",1,1938,"Human only",1,1938,"5%",5,1938,"Elementary forms",4,1938,"1 level above community",3,1938,"SImple or Shifting Cultivation",3,1938,"Missing or conflicting information",9,"1950","Indian Subcontinent",19.63,80.92,0.404530040122144
61,"Toda",0.0907458368739652,"Clans",6,1900,"Polyandrous",3,1900,"Patrilocal",8,1900,"Polyandrous",7,1900,"Cross-cousin",1,1900,"Duolateral",2,1900,1,2,0,2,1,1,1,"Token bride-wealth",1,1900,NA,NA,NA,NA,NA,NA,"Egalitarian",1,1900,"26-100 persons  / sq. mile",4,1900,"fewer than 100 persons",1,1900,"Human only",1,1900,"20%",20,1900,"Alien currency",3,1900,"1 level above community",3,1900,"Domestic Animals",4,1900,"Not applicable - violent action by the kin group is punished or kin group is not recognized as a unit to avenge transgressions against its members",0,"1930","Indian Subcontinent",11.5,76.5,NA
62,"Santal",0.16882622540265,"Exogamous",4,1940,"Small extended",7,1940,"Patrilocal",8,1940,"Limited polygyny",2,1940,"None preferred",9,1940,"Patrilineal",1,1940,9,1,2,2,2,1,0,"Bride-wealth",1,1940,NA,NA,NA,"Make relatively few decisions on own w/o consultation",2,1940,"Egalitarian",1,1940,"100 persons / sq. mile",5,1940,"100-199 persons",2,1940,"Human only",1,1940,"5%",5,1940,"Alien currency",3,1940,"2 levels above community",4,1940,"Advanced Agriculture",1,1940,"Not applicable - violent action by the kin group is punished or kin group is not recognized as a unit to avenge transgressions against its members",0,"1900","Indian Subcontinent",23.5,87.17,NA
63,"Uttar Pradesh",-0.132876975018318,"Exogamous",4,1945,"Minimal extended",6,1945,"Patrilocal",8,1945,"Limited polygyny",2,1945,NA,NA,NA,"Mixed",7,1945,NA,1,1,2,1.5,1,0,"Gift exchange",1,1945,NA,NA,NA,NA,NA,NA,"3 social classes or castes, w/ or w/out slavery",3,1945,"100 persons / sq. mile",5,1945,"1000 persons",5,1945,"Automotive vehicles",5,1945,"5%",5,1945,"True money",5,1945,"3 levels above community",5,1945,"Advanced Agriculture",1,1945,"Missing or conflicting information",9,"1940","Indian Subcontinent",25.92,83,-0.194043360539484
64,"Burusho",0.16882622540265,"Agamous",3,1930,"Small extended",7,1930,"Patrilocal",8,1930,"Limited polygyny",2,1930,"None preferred",9,1930,"Patrilineal",1,1930,9,1,2,2,2,1,0,"Token bride-wealth",1,1930,"favoring formation of fraternal interest groups",2,1934,"Frequently act independently & make authoritative decisions",3,1934,"3 social classes or castes, w/ or w/out slavery",3,1934,"1-5 persons / sq. mile",2,1934,"100-199 persons",2,1934,"Pack Animals",2,1934,"0%",0,1934,"None",1,1934,"1 level above community",3,1934,"Advanced Agriculture",1,1934,"Not applicable - violent action by the kin group is punished or kin group is not recognized as a unit to avenge transgressions against its members",0,"1945","Indian Subcontinent",36.43,74.58,NA
65,"Kazakh",0.843238230027376,"Clans",6,1910,"Small extended",7,1910,"Patrilocal",8,1910,"Polygyny, non-sororal separate",6,1910,"None preferred",9,1910,"Patrilineal",1,1910,9,2,2,2,2,1,1,"Bride-wealth",1,1910,"favoring formation of fraternal interest groups",2,1885,"Make relatively few decisions on own w/o consultation",2,1885,"2 social classes, castes/slavery",3,1885,"1-5 persons / sq. mile",2,1885,"400-999 persons",4,1885,"Pack Animals",2,1885,"0%",0,1885,"Alien currency",3,1885,"2 levels above community",4,1885,"Domestic Animals",4,1885,"Not applicable - violent action by the kin group is punished or kin group is not recognized as a unit to avenge transgressions against its members",0,"1934","Middle Asia",42.5,75.5,NA
66,"Khalka",-0.239191570327043,"Agamous",3,1940,"Minimal extended",6,1940,"Patrilocal",8,1940,"Monogamous",1,1940,"None preferred",9,1940,"Mixed",7,1940,9,0,1,2,1.5,1,0,"Bride-wealth",1,1940,NA,NA,NA,NA,NA,NA,"2 social classes, castes/slavery",3,1920,"1-5 persons / sq. mile",2,1920,"fewer than 100 persons",1,1920,"Animal-drawn vehicles",4,1920,"25%",25,1920,"Alien currency",3,1920,"3 levels above community",5,1920,"Domestic Animals",4,1920,"Not applicable - violent action by the kin group is punished or kin group is not recognized as a unit to avenge transgressions against its members",0,"1920","Mongolia",47.17,96.08,NA
67,"Lolo",-0.123668669494273,"Clans",6,1940,"Nuclear, limited polygyny",2,1940,"Patrilocal",8,1940,"Limited polygyny",2,1940,"MoBrDa",2,1940,"Patrilineal",1,1940,2,1,0,2,1,1,1,"Bride-wealth",1,1940,NA,NA,NA,NA,NA,NA,"2 social classes, castes/slavery",3,1910,"1-5 persons / sq. mile",2,1910,"100-199 persons",2,1910,"Pack Animals",2,1910,"0%",0,1910,"Elementary forms",4,1910,"Autonomous local communities",2,1910,"Advanced Agriculture",1,1910,"The malefactor if possible; otherwise, selected members of his kin group",2,"1910","China",27.5,103.5,-0.21163399071276
68,"Lepcha",0.16882622540265,"Exogamous",4,1930,"Small extended",7,1930,"Patrilocal",8,1930,"Limited polygyny",2,1930,"None preferred",9,1930,"Patrilineal",1,1930,9,1,2,2,2,1,0,"Bride-wealth",1,1930,"favoring formation of fraternal interest groups",2,1937,"Make relatively few decisions on own w/o consultation",2,1937,"Hereditary slavery",2,1937,"26-100 persons  / sq. mile",4,1937,"100-199 persons",2,1937,"Human only",1,1937,"5%",5,1937,"Alien currency",3,1937,"1 level above community",3,1937,"Advanced Agriculture",1,1937,"Not applicable - violent action by the kin group is punished or kin group is not recognized as a unit to avenge transgressions against its members",0,"1937","Indian Subcontinent",27.5,89,NA
69,"Garo",-0.390062878389306,"Agamous",3,1900,"Minimal extended",6,1900,"Matrilocal",5,1900,"Limited polygyny",2,1900,"MoBrDa",2,1900,"Matrilineal",3,1900,2,1,1,2,1.5,1,0,"Insignificant",0,1900,"not favoring formation of fraternal interest groups",1,1955,NA,NA,NA,"Hereditary slavery",2,1955,"26-100 persons  / sq. mile",4,1955,"200-399 persons",3,1955,"Human only",1,1955,"25%",25,1955,"Alien currency",3,1955,"2 levels above community",4,1955,"SImple or Shifting Cultivation",3,1955,"Not applicable - violent action by the kin group is punished or kin group is not recognized as a unit to avenge transgressions against its members",0,"1955","Indian Subcontinent",26,91,NA
70,"Maras",-0.522785198679011,"Agamous",3,1930,"Nuclear, limited polygyny",2,1930,"Patrilocal",8,1930,"Limited polygyny",2,1930,"MoBrDa",2,1930,"Patrilineal",1,1930,2,1,0,2,1,1,0,"Bride-wealth",1,1930,"not favoring formation of fraternal interest groups",1,1930,"Frequently act independently & make authoritative decisions",3,1930,"2 social classes, castes/slavery",3,1930,"5.1-25 persons/ sq. mile",3,1930,"200-399 persons",3,1930,"Human only",1,1930,"0%",0,1930,"Domestically usable particles",2,1930,"1 level above community",3,1930,"SImple or Shifting Cultivation",3,1930,"Not applicable - violent action by the kin group is punished or kin group is not recognized as a unit to avenge transgressions against its members",0,"1930","Indian Subcontinent",22.33,93,NA
71,"Burmese",-0.65755864403865,"Demes",1,1950,"Nuclear, monogamous",1,1950,"Neolocal",6,1950,"Monogamous",1,1950,"None preferred",9,1950,"Bilateral",6,1950,9,0,0,0,0,0,1,"Dowry",1,1950,NA,NA,NA,NA,NA,NA,"3 social classes or castes, w/ or w/out slavery",3,1965,"100 persons / sq. mile",5,1965,"400-999 persons",4,1965,"Animal-drawn vehicles",4,1965,"25%",25,1965,"True money",5,1965,"3 levels above community",5,1965,"Advanced Agriculture",1,1965,"Not applicable - violent action by the kin group is punished or kin group is not recognized as a unit to avenge transgressions against its members",0,"1960","Indo-China",22,95.67,NA
72,"Lamet",-0.123668669494273,"Segmented, no exogamy",2,1940,"Nuclear, limited polygyny",2,1940,"Patrilocal",8,1940,"Limited polygyny",2,1940,"MoBrDa",2,1940,"Patrilineal",1,1940,2,1,0,2,1,1,1,"Bride-wealth",1,1940,"favoring formation of fraternal interest groups",2,1940,"Frequently act independently & make authoritative decisions",3,1940,"Hereditary slavery",2,1940,"< 1 person / sq. mile",1,1940,"100-199 persons",2,1940,"Human only",1,1940,"0%",0,1940,"Domestically usable particles",2,1940,"Autonomous local communities",2,1940,"SImple or Shifting Cultivation",3,1940,"Not applicable - violent action by the kin group is punished or kin group is not recognized as a unit to avenge transgressions against its members",0,"1940","Indo-China",20,100.67,NA
73,"Annamese",0.843238230027376,"Segmented, no exogamy",2,1950,"Small extended",7,1950,"Patrilocal",8,1950,"Polygyny, non-sororal separate",6,1950,"None preferred",9,1950,"Patrilineal",1,1950,9,2,2,2,2,1,1,"Token bride-wealth",1,1950,NA,NA,NA,"Frequently act independently & make authoritative decisions",3,1930,"3 social classes or castes, w/ or w/out slavery",3,1930,"100 persons / sq. mile",5,1930,"400-999 persons",4,1930,"Automotive vehicles",5,1930,"5%",5,1930,"Alien currency",3,1930,"3 levels above community",5,1930,"Advanced Agriculture",1,1930,"Not applicable - violent action by the kin group is punished or kin group is not recognized as a unit to avenge transgressions against its members",0,"1930","Indo-China",20.5,106.25,NA
74,"Rade",0.700665074877093,"Segmented, no exogamy",2,1950,"Large extended",8,1950,"Matrilocal",5,1950,"Limited polygyny",2,1950,"None preferred",9,1950,"Matrilineal",3,1950,9,1,3,2,2.5,1,1,"Dowry",1,1950,"not favoring formation of fraternal interest groups",1,1962,NA,NA,NA,"Hereditary slavery",2,1962,"100 persons / sq. mile",5,1962,"400-999 persons",4,1962,"Human only",1,1962,"5%",5,1962,"Alien currency",3,1962,"Autonomous local communities",2,1962,"SImple or Shifting Cultivation",3,1962,"Missing or conflicting information",9,"1962","Indo-China",13,108,0.632630756039321
75,"Ancient Khmer",-1.21800960367715,NA,NA,NA,"Nuclear, limited polygyny",2,1292,"Neolocal",6,1292,"Limited polygyny",2,1292,NA,NA,NA,"Bilateral",6,1292,NA,1,0,0,0,0,NA,"Token bride-wealth",1,1292,NA,NA,NA,NA,NA,NA,"3 social classes or castes, w/ or w/out slavery",3,1292,"26-100 persons  / sq. mile",4,1292,"1000 persons",5,1292,"Animal-drawn vehicles",4,1292,"5%",5,1292,"True money",5,1292,"3 levels above community",5,1292,"Advanced Agriculture",1,1292,"Not applicable - violent action by the kin group is punished or kin group is not recognized as a unit to avenge transgressions against its members",0,"1292","Indo-China",13,103.83,NA
76,"Thai",-0.7813796977834,"Agamous",3,1940,"Nuclear, limited polygyny",2,1940,"Neolocal",6,1940,"Limited polygyny",2,1940,"None preferred",9,1940,"Bilateral",6,1940,9,1,0,0,0,0,0,"Token bride-wealth",1,1940,NA,NA,NA,NA,NA,NA,"3 social classes or castes, w/ or w/out slavery",3,1955,"100 persons / sq. mile",5,1955,"1000 persons",5,1955,"Automotive vehicles",5,1955,"5%",5,1955,"True money",5,1955,"3 levels above community",5,1955,"Advanced Agriculture",1,1955,"Not applicable - violent action by the kin group is punished or kin group is not recognized as a unit to avenge transgressions against its members",0,"1955","Indo-China",14,100.85,NA
77,"Semang",-0.51593505720399,"Exogamous",4,1920,"Nuclear, limited polygyny",2,1920,"Virilocal",10,1920,"Limited polygyny",2,1920,"None preferred",9,1920,"Bilateral",6,1920,9,1,0,2,1,0,0,"Insignificant",0,1920,NA,NA,NA,"Ude persuasion to help organized & structure group action",1,1925,"Egalitarian",1,1925,"< 1 person / sq. mile",1,1925,"fewer than 100 persons",1,1925,"Human only",1,1925,"25%",25,1925,"None",1,1925,"Autonomous local communities",2,1925,"Gathering",7,1925,"Not applicable - violent action by the kin group is punished or kin group is not recognized as a unit to avenge transgressions against its members",0,"1925","Malesia",5,101.25,NA
78,"Nicobarese",-0.51593505720399,"Agamous",3,1890,"Nuclear, limited polygyny",2,1890,"Ambi-uxo",11,1890,"Limited polygyny",2,1890,"None preferred",9,1890,"Bilateral",6,1890,9,1,0,2,1,0,0,"Insignificant",0,1890,NA,NA,NA,NA,NA,NA,"Egalitarian",1,1870,"26-100 persons  / sq. mile",4,1870,"200-399 persons",3,1870,"Human only",1,1870,"5%",5,1870,"None",1,1870,"Autonomous local communities",2,1870,"Horticulture",2,1870,"Not applicable - violent action by the kin group is punished or kin group is not recognized as a unit to avenge transgressions against its members",0,"1870","Indo-China",7,93.75,NA
79,"Andamanese",-0.791230532643978,"Agamous",3,1870,"Nuclear, monogamous",1,1870,"Ambilocal",2,1870,"Monogamous",1,1870,"None preferred",9,1870,"Bilateral",6,1870,9,0,0,2,1,0,0,"Insignificant",0,1870,"not favoring formation of fraternal interest groups",1,1860,"Ude persuasion to help organized & structure group action",1,1860,"Egalitarian",1,1860,"1-5 persons / sq. mile",2,1860,"fewer than 100 persons",1,1860,"Human only",1,1860,"0%",0,1860,"None",1,1860,"Autonomous local communities",2,1860,"Fishing",6,1860,"Not applicable - violent action by the kin group is punished or kin group is not recognized as a unit to avenge transgressions against its members",0,"1860","Indo-China",12,93,NA
80,"Vedda",-0.0726385352831006,"Clans",6,1900,"Small extended",7,1900,"Matrilocal",5,1900,"Monogamous",1,1900,"FaSiDa",3,1900,"Matrilineal",3,1900,3,0,2,2,2,1,1,"Token bride-wealth",1,1900,"not favoring formation of fraternal interest groups",1,1860,NA,NA,NA,"Egalitarian",1,1860,"< 1 person / sq. mile",1,1860,"fewer than 100 persons",1,1860,"Human only",1,1860,"5%",5,1860,"Alien currency",3,1860,"None",1,1860,"Gathering",7,1860,"Missing or conflicting information",9,"1860","Indian Subcontinent",7.75,81.25,-0.176150350999727
81,"Tanala",0.356190477453375,"Segmented, exogamy",5,1930,"Small extended",7,1930,"Patrilocal",8,1930,"Polygyny, non-sororal cohabit",5,1930,"Cross-cousin",1,1930,"Duolateral",2,1930,1,2,2,2,2,1,1,"Token bride-wealth",1,1930,"favoring formation of fraternal interest groups",2,1925,NA,NA,NA,"2 social classes, castes/slavery",3,1925,"1-5 persons / sq. mile",2,1925,"200-399 persons",3,1925,"Human only",1,1925,"0%",0,1925,"None",1,1925,"1 level above community",3,1925,"Advanced Agriculture",1,1925,"Missing or conflicting information",9,"1925","Western Indian Ocean",-22,48,0.274200506012557
82,"Negri Sembilan",-0.123668669494273,"Clans",6,1958,"Nuclear, limited polygyny",2,1958,"Matrilocal",5,1958,"Limited polygyny",2,1958,"MoBrDa",2,1958,"Matrilineal",3,1958,2,1,0,2,1,1,1,"Bride-wealth",1,1958,NA,NA,NA,"Make relatively few decisions on own w/o consultation",2,1958,"2 social classes, no castes/slavery",3,1958,"100 persons / sq. mile",5,1958,"1000 persons",5,1958,"Animal-drawn vehicles",4,1958,"5%",5,1958,"True money",5,1958,"2 levels above community",4,1958,"Advanced Agriculture",1,1958,"Not applicable - violent action by the kin group is punished or kin group is not recognized as a unit to avenge transgressions against its members",0,"1958","Malesia",2.58,102.25,NA
83,"Javanese",-0.7813796977834,"Agamous",3,1950,"Nuclear, limited polygyny",2,1950,"Neolocal",6,1950,"Limited polygyny",2,1950,"None preferred",9,1950,"Bilateral",6,1950,9,1,0,0,0,0,0,"Insignificant",0,1950,NA,NA,NA,NA,NA,NA,"3 social classes or castes, w/ or w/out slavery",3,1954,"100 persons / sq. mile",5,1954,"400-999 persons",4,1954,"Automotive vehicles",5,1954,"25%",25,1954,"True money",5,1954,"3 levels above community",5,1954,"Advanced Agriculture",1,1954,"Not applicable - violent action by the kin group is punished or kin group is not recognized as a unit to avenge transgressions against its members",0,"1955","Malesia",-7.7,112.22,NA
84,"Balinese",0.263537909228637,"Segmented, no exogamy",2,1950,"Small extended",7,1950,"Patrilocal",8,1950,"Limited polygyny",2,1950,"FaBrDa",4,1950,"Patrilineal",1,1950,4,1,2,2,2,1,1,"Token bride-wealth",1,1950,"favoring formation of fraternal interest groups",2,1958,"Make relatively few decisions on own w/o consultation",2,1958,"3 social classes or castes, w/ or w/out slavery",3,1958,"100 persons / sq. mile",5,1958,"400-999 persons",4,1958,"Automotive vehicles",5,1958,"25%",25,1958,"True money",5,1958,"2 levels above community",4,1958,"Advanced Agriculture",1,1958,"Not applicable - violent action by the kin group is punished or kin group is not recognized as a unit to avenge transgressions against its members",0,"1958","Malesia",-8.5,115.33,NA
85,"Iban",-0.658508212354273,"Agamous",3,1950,"Minimal extended",6,1950,"Ambilocal",2,1950,"Monogamous",1,1950,"None preferred",9,1950,"Bilateral",6,1950,9,0,1,2,1.5,0,0,"Insignificant",0,1950,"not favoring formation of fraternal interest groups",1,1950,"Ude persuasion to help organized & structure group action",1,1950,"Hereditary slavery",2,1950,"5.1-25 persons/ sq. mile",3,1950,"fewer than 100 persons",1,1950,"Human only",1,1950,"5%",5,1950,"None",1,1950,"Autonomous local communities",2,1950,"SImple or Shifting Cultivation",3,1950,"Not applicable - violent action by the kin group is punished or kin group is not recognized as a unit to avenge transgressions against its members",0,"1950","Malesia",2,113,NA
86,"Badjau Tawi-Tawi",-0.791230532643978,"Agamous",3,1960,"Nuclear, monogamous",1,1960,"Ambilocal",2,1960,"Monogamous",1,1960,"None preferred",9,1960,"Bilateral",6,1960,9,0,0,2,1,0,0,"Bride-wealth",1,1960,NA,NA,NA,NA,NA,NA,"Hereditary slavery",2,1963,"< 1 person / sq. mile",1,1963,"200-399 persons",3,1963,"Human only",1,1963,"25%",25,1963,"None",1,1963,"Autonomous local communities",2,1963,"Fishing",6,1963,"Not applicable - violent action by the kin group is punished or kin group is not recognized as a unit to avenge transgressions against its members",0,"1963","Malesia",5,120,NA
87,"Toradja",-0.393063571774863,"Agamous",3,1910,"Large extended",8,1910,"Uxorilocal",9,1910,"Monogamous",1,1910,"None preferred",9,1910,"Bilateral",6,1910,9,0,3,2,2.5,0,0,"Bride-wealth",1,1910,NA,NA,NA,"Ude persuasion to help organized & structure group action",1,1910,"Hereditary slavery",2,1910,"5.1-25 persons/ sq. mile",3,1910,"100-199 persons",2,1910,"Human only",1,1910,"0%",0,1910,"Domestically usable particles",2,1910,"1 level above community",3,1910,"SImple or Shifting Cultivation",3,1910,"Anyone in the malefactor's kin group",1,"1910","Malesia",-2,121,-0.47575228954429
88,"Tobelorese",-0.393063571774863,"Exogamous",4,1910,"Large extended",8,1910,"Ambi-viri",12,1910,"Monogamous",1,1910,"None preferred",9,1910,"Bilateral",6,1910,9,0,3,2,2.5,0,0,"Bride-wealth",1,1910,NA,NA,NA,NA,NA,NA,"Hereditary slavery",2,1900,"5.1-25 persons/ sq. mile",3,1900,"200-399 persons",3,1900,"Human only",1,1900,"5%",5,1900,"Alien currency",3,1900,"2 levels above community",4,1900,"SImple or Shifting Cultivation",3,1900,"Missing or conflicting information",9,"1900","Malesia",2,127.94,-0.47575228954429
89,"Alorese",-0.0966184151767604,"Exogamous",4,1940,"Nuclear, limited polygyny",2,1940,"Ambi-viri",12,1940,"Limited polygyny",2,1940,"None preferred",9,1940,"Mixed",7,1940,9,1,0,2,1,1,0,"Bride-wealth",1,1940,"favoring formation of fraternal interest groups",2,1938,NA,NA,NA,"Hereditary slavery",2,1938,"100 persons / sq. mile",5,1938,"100-199 persons",2,1938,"Human only",1,1938,"5%",5,1938,"Elementary forms",4,1938,"2 levels above community",4,1938,"SImple or Shifting Cultivation",3,1938,"Anyone in the malefactor's kin group",1,"1938","Malesia",-8.33,124.67,-0.157339004882527
90,"Tiwi",0.200597824555637,"Agamous",3,1920,"Small extended",7,1920,"Ambi-viri",12,1920,"Polygyny, non-sororal separate",6,1920,"Second cousin",5,1920,"Matrilineal",3,1920,5,2,2,2,2,1,0,"Bride-wealth",1,1920,NA,NA,NA,"Ude persuasion to help organized & structure group action",1,1929,"Egalitarian",1,1929,"< 1 person / sq. mile",1,1929,"100-199 persons",2,1929,"Human only",1,1929,"5%",5,1929,"None",1,1929,"None",1,1929,"Gathering",7,1929,"Not applicable - violent action by the kin group is punished or kin group is not recognized as a unit to avenge transgressions against its members",0,"1929","Australia",-11.38,131,NA
91,"Northern Aranda",0.334269713160966,"Clans",6,1900,"Polygyny, typical cowives pattern",5,1900,"Patrilocal",8,1900,"Polygyny, sororal cohabit",3,1900,"Second cousin",5,1900,"Duolateral",2,1900,5,2,0,2,1,1,1,"Dowry",1,1900,"favoring formation of fraternal interest groups",2,1896,NA,NA,NA,"Egalitarian",1,1896,"< 1 person / sq. mile",1,1896,"fewer than 100 persons",1,1896,"Human only",1,1896,"0%",0,1896,"None",1,1896,"Autonomous local communities",2,1896,"Gathering",7,1896,"The malefactor if possible; otherwise, selected members of his kin group",2,"1896","Australia",-24.25,133.5,0.272556377463849
92,"Orokaiva",0.302498114007978,"Segmented, no exogamy",2,1920,"Nuclear, limited polygyny",2,1920,"Patrilocal",8,1920,"Limited polygyny",2,1920,"None preferred",9,1920,"Patrilineal",1,1920,9,1,0,2,1,1,1,"Bride-wealth",1,1920,NA,NA,NA,"Ude persuasion to help organized & structure group action",1,1925,"Egalitarian",1,1925,"1-5 persons / sq. mile",2,1925,"fewer than 100 persons",1,1925,"Human only",1,1925,"0%",0,1925,"None",1,1925,"Autonomous local communities",2,1925,"Horticulture",2,1925,"Not applicable - violent action by the kin group is punished or kin group is not recognized as a unit to avenge transgressions against its members",0,"1925","Papuasia",-8.5,148,NA
93,"Kimam",0.567942754587388,"Segmented, no exogamy",2,1940,"Small extended",7,1940,"Ambi-viri",12,1940,"Limited polygyny",2,1940,"None preferred",9,1940,"Mixed",7,1940,9,1,2,2,2,1,1,"Woman exchange",0,1940,NA,NA,NA,NA,NA,NA,"Egalitarian",1,1960,"< 1 person / sq. mile",1,1960,"400-999 persons",4,1960,"Human only",1,1960,"0%",0,1960,"None",1,1960,"Autonomous local communities",2,1960,"Advanced Agriculture",1,1960,"Not applicable - violent action by the kin group is punished or kin group is not recognized as a unit to avenge transgressions against its members",0,"1960","Papuasia",-7.5,138.5,NA
94,"Mee",0.599714353740376,"Clans",6,1950,"Small extended",7,1950,"Patrilocal",8,1950,"Polygyny, non-sororal separate",6,1950,"Second cousin",5,1950,"Patrilineal",1,1950,5,2,2,2,2,1,1,"Bride-wealth",1,1950,"favoring formation of fraternal interest groups",2,1955,"Frequently act independently & make authoritative decisions",3,1955,"Hereditary slavery",2,1955,"100 persons / sq. mile",5,1955,"100-199 persons",2,1955,"Human only",1,1955,"25%",25,1955,"Elementary forms",4,1955,"1 level above community",3,1955,"SImple or Shifting Cultivation",3,1955,"Anyone in the malefactor's kin group",1,"1955","Papuasia",-4,136,0.533215445683024
95,"Kwoma",0.577793589447966,"Clans",6,1930,"Polygyny, atypical cowives pattern",4,1930,"Patrilocal",8,1930,"Polygyny, non-sororal separate",6,1930,"None preferred",9,1930,"Patrilineal",1,1930,9,2,0,2,1,1,1,"Bride-wealth",1,1930,NA,NA,NA,NA,NA,NA,"Egalitarian",1,1937,"26-100 persons  / sq. mile",4,1937,"200-399 persons",3,1937,"Human only",1,1937,"5%",5,1937,"Elementary forms",4,1937,"Autonomous local communities",2,1937,"Horticulture",2,1937,"Anyone in the malefactor's kin group",1,"1937","Papuasia",-4.17,142.67,0.531571317134317
96,"Manus",0.0589742377209775,"Segmented, no exogamy",2,1920,"Nuclear, limited polygyny",2,1920,"Patrilocal",8,1920,"Limited polygyny",2,1920,"Second cousin",5,1920,"Duolateral",2,1920,5,1,0,2,1,1,1,"Gift exchange",1,1920,"favoring formation of fraternal interest groups",2,1929,"Ude persuasion to help organized & structure group action",1,1929,"Hereditary slavery",2,1929,"26-100 persons  / sq. mile",4,1929,"200-399 persons",3,1929,"Human only",1,1929,"65%",65,1929,"Elementary forms",4,1929,"Autonomous local communities",2,1929,"Exchange",5,1929,"Not applicable - violent action by the kin group is punished or kin group is not recognized as a unit to avenge transgressions against its members",0,"1929","Papuasia",-2.17,147.17,NA
97,"Lesu",0.302498114007978,"Segmented, no exogamy",2,1930,"Nuclear, limited polygyny",2,1930,"Matrilocal",5,1930,"Limited polygyny",2,1930,"None preferred",9,1930,"Matrilineal",3,1930,9,1,0,2,1,1,1,"Bride-wealth",1,1930,"not favoring formation of fraternal interest groups",1,1930,NA,NA,NA,"Egalitarian",1,1930,"5.1-25 persons/ sq. mile",3,1930,"200-399 persons",3,1930,"Human only",1,1930,"0%",0,1930,"Elementary forms",4,1930,"Autonomous local communities",2,1930,"Horticulture",2,1930,"Not applicable - violent action by the kin group is punished or kin group is not recognized as a unit to avenge transgressions against its members",0,"1930","Papuasia",-2.71,151,NA
98,"Trobriands",0.302498114007978,"Segmented, no exogamy",2,1910,"Nuclear, limited polygyny",2,1910,"Avunculocal",1,1910,"Limited polygyny",2,1910,"None preferred",9,1910,"Matrilineal",3,1910,9,1,0,2,1,1,1,"Gift exchange",1,1910,"favoring formation of fraternal interest groups",2,1914,"Make relatively few decisions on own w/o consultation",2,1914,"2 social classes, no castes/slavery",3,1914,"26-100 persons  / sq. mile",4,1914,"100-199 persons",2,1914,"Human only",1,1914,"25%",25,1914,"None",1,1914,"1 level above community",3,1914,"Horticulture",2,1914,"The malefactor only",3,"1914","Papuasia",-8.54,151.01,0.241642153710558
99,"Siuai",-0.123668669494273,"Segmented, no exogamy",2,1940,"Nuclear, limited polygyny",2,1940,"Avunculocal",1,1940,"Limited polygyny",2,1940,"MoBrDa",2,1940,"Matrilineal",3,1940,2,1,0,2,1,1,1,"Bride-wealth",1,1940,NA,NA,NA,NA,NA,NA,"Hereditary slavery",2,1939,"26-100 persons  / sq. mile",4,1939,"fewer than 100 persons",1,1939,"Human only",1,1939,"10%",10,1939,"Elementary forms",4,1939,"Autonomous local communities",2,1939,"Horticulture",2,1939,"Not applicable - violent action by the kin group is punished or kin group is not recognized as a unit to avenge transgressions against its members",0,"1939","Papuasia",-6.76,155.45,NA
100,"Tikopia",0.178677060263228,"Agamous",3,1930,"Polygyny, typical cowives pattern",5,1930,"Patrilocal",8,1930,"Polygyny, non-sororal cohabit",5,1930,"None preferred",9,1930,"Mixed",7,1930,9,2,0,2,1,1,0,"Gift exchange",1,1930,"favoring formation of fraternal interest groups",2,1930,"Frequently act independently & make authoritative decisions",3,1930,"2 social classes, no castes/slavery",3,1930,"100 persons / sq. mile",5,1930,"400-999 persons",4,1930,"Human only",1,1930,"0%",0,1930,"None",1,1930,"1 level above community",3,1930,"Horticulture",2,1930,"The malefactor only",3,"1930","Southwestern Pacific",-12.29,168.83,0.132590158541232
101,"Bunlap",0.302498114007978,"Segmented, no exogamy",2,1950,"Nuclear, limited polygyny",2,1950,"Patrilocal",8,1950,"Limited polygyny",2,1950,"None preferred",9,1950,"Duolateral",2,1950,9,1,0,2,1,1,1,"Woman exchange",0,1950,NA,NA,NA,NA,NA,NA,"Hereditary slavery",2,1953,"5.1-25 persons/ sq. mile",3,1953,"fewer than 100 persons",1,1953,"Human only",1,1953,"0%",0,1953,"Alien currency",3,1953,"Autonomous local communities",2,1953,"Horticulture",2,1953,"Anyone in the malefactor's kin group",1,"1953","Southwestern Pacific",-15.95,168.22,0.241642153710558
102,"Mbau Fijians",-0.29877987538045,"Exogamous",4,1840,"Nuclear, limited polygyny",2,1840,"Patrilocal",8,1840,"Limited polygyny",2,1840,NA,NA,NA,"Patrilineal",1,1840,NA,1,0,2,1,1,0,"Bride-wealth",1,1840,NA,NA,NA,"Frequently act independently & make authoritative decisions",3,1840,"Hereditary slavery",2,1840,"100 persons / sq. mile",5,1840,"1000 persons",5,1840,"Human only",1,1840,"0%",0,1840,"Elementary forms",4,1840,"2 levels above community",4,1840,"Horticulture",2,1840,"Missing or conflicting information",9,"1840","Southwestern Pacific",-18,178.58,-0.356955278176468
103,"Ajie",0.162502203121596,"Clans",6,1860,NA,NA,NA,"Patrilocal",8,1860,NA,NA,NA,"Cross-cousin",1,1860,"Patrilineal",1,1860,1,NA,NA,2,2,1,1,"Woman exchange",0,1860,NA,NA,NA,NA,NA,NA,"Egalitarian",1,1845,"1-5 persons / sq. mile",2,1845,"fewer than 100 persons",1,1845,"Human only",1,1845,"25%",25,1845,"Elementary forms",4,1845,"1 level above community",3,1845,"Advanced Agriculture",1,1845,"Missing or conflicting information",9,"1845","Southwestern Pacific",-21.33,165.67,0.0910760114881272
104,"Māori",0.599714353740376,"Segmented, no exogamy",2,1820,"Small extended",7,1820,"Virilocal",10,1820,"Polygyny, non-sororal separate",6,1820,"Second cousin",5,1820,"Ambilineal",5,1820,5,2,2,2,2,1,1,"Insignificant",0,1820,"favoring formation of fraternal interest groups",2,1820,"Make relatively few decisions on own w/o consultation",2,1820,"2 social classes, no castes/slavery",3,1820,"< 1 person / sq. mile",1,1820,"100-199 persons",2,1820,"Human only",1,1820,"5%",5,1820,"None",1,1820,"1 level above community",3,1820,"Horticulture",2,1820,"Anyone in the malefactor's kin group",1,"1820","New Zealand",-35.33,174.17,0.533215445683024
105,"Marquesans",-0.727687334338002,"Agamous",3,1900,"Polyandrous",3,1900,"Virilocal",10,1900,"Polyandrous",7,1900,"Cross-cousin",1,1900,"Bilateral",6,1900,1,2,0,2,1,0,0,"Insignificant",0,1900,"not favoring formation of fraternal interest groups",1,1800,NA,NA,NA,"2 social classes, no castes/slavery",3,1800,"26-100 persons  / sq. mile",4,1800,"100-199 persons",2,1800,"Human only",1,1800,"0%",0,1800,"None",1,1800,"1 level above community",3,1800,"Horticulture",2,1800,"Anyone in the malefactor's kin group",1,"1800","South-Central Pacific",-8.92,-140.17,-0.80491244436647
106,"Upolu Samoans",0.700665074877093,"Segmented, no exogamy",2,1829,"Large extended",8,1829,"Ambi-viri",12,1829,"Limited polygyny",2,1829,"None preferred",9,1829,"Ambilineal",5,1829,9,1,3,2,2.5,1,1,"Gift exchange",1,1829,"favoring formation of fraternal interest groups",2,1829,"Make relatively few decisions on own w/o consultation",2,1829,"2 social classes, no castes/slavery",3,1829,"100 persons / sq. mile",5,1829,"200-399 persons",3,1829,"Human only",1,1829,"5%",5,1829,"None",1,1829,"2 levels above community",4,1829,"Horticulture",2,1829,"Anyone in the malefactor's kin group",1,"1829","Southwestern Pacific",-13.94,-171.77,0.632630756039321
107,"Makin",0.302498114007978,"Segmented, no exogamy",2,1890,"Nuclear, limited polygyny",2,1890,"Ambi-viri",12,1890,"Limited polygyny",2,1890,"None preferred",9,1890,"Ambilineal",5,1890,9,1,0,2,1,1,1,"Gift exchange",1,1890,NA,NA,NA,NA,NA,NA,"2 social classes, no castes/slavery",3,1890,"100 persons / sq. mile",5,1890,"200-399 persons",3,1890,"Human only",1,1890,"5%",5,1890,"Alien currency",3,1890,"1 level above community",3,1890,"Horticulture",2,1890,"The malefactor only",3,"1890","Southwestern Pacific",3.38,172.99,0.241642153710558
108,"Marshallese",-0.185499206881646,"Exogamous",4,1900,"Large extended",8,1900,"Matrilocal",5,1900,"Limited polygyny",2,1900,"Cross-cousin",1,1900,"Matrilineal",3,1900,1,1,3,2,2.5,1,0,"Insignificant",0,1900,"not favoring formation of fraternal interest groups",1,1900,"Frequently act independently & make authoritative decisions",3,1900,"2 social classes, no castes/slavery",3,1900,"100 persons / sq. mile",5,1900,"100-199 persons",2,1900,"Human only",1,1900,"5%",5,1900,"Alien currency",3,1900,"1 level above community",3,1900,"Horticulture",2,1900,"Not applicable - violent action by the kin group is punished or kin group is not recognized as a unit to avenge transgressions against its members",0,"1900","Northwestern Pacific",6.28,169.49,NA
109,"Trukese",0.425369599437105,"Segmented, no exogamy",2,1940,"Large extended",8,1940,"Matrilocal",5,1940,"Monogamous",1,1940,"None preferred",9,1940,"Mixed",7,1940,9,0,3,2,2.5,1,1,"Insignificant",0,1940,"not favoring formation of fraternal interest groups",1,1947,NA,NA,NA,"Egalitarian",1,1947,"100 persons / sq. mile",5,1947,"200-399 persons",3,1947,"Human only",1,1947,"5%",5,1947,"Alien currency",3,1947,"Autonomous local communities",2,1947,"Horticulture",2,1947,"Not applicable - violent action by the kin group is punished or kin group is not recognized as a unit to avenge transgressions against its members",0,"1947","Northwestern Pacific",7.34,151.6,NA
110,"Yapese",0.2926472791474,"Segmented, no exogamy",2,1910,"Small extended",7,1910,"Patrilocal",8,1910,"Monogamous",1,1910,"None preferred",9,1910,"Duolateral",2,1910,9,0,2,2,2,1,1,"Insignificant",0,1910,"favoring formation of fraternal interest groups",2,1910,"Make relatively few decisions on own w/o consultation",2,1910,"2 social classes, castes/slavery",3,1910,"26-100 persons  / sq. mile",4,1910,"100-199 persons",2,1910,"Human only",1,1910,"5%",5,1910,"Elementary forms",4,1910,"1 level above community",3,1910,"Horticulture",2,1910,"Anyone in the malefactor's kin group",1,"1910","Northwestern Pacific",9.52,138.16,0.212372058505975
111,"Palauans",0.302498114007978,"Segmented, no exogamy",2,1940,"Nuclear, limited polygyny",2,1940,"Avunculocal",1,1940,"Limited polygyny",2,1940,"None preferred",9,1940,"Mixed",7,1940,9,1,0,2,1,1,1,"Bride-wealth",1,1940,"favoring formation of fraternal interest groups",2,1947,NA,NA,NA,"2 social classes, no castes/slavery",3,1947,"26-100 persons  / sq. mile",4,1947,"fewer than 100 persons",1,1947,"Human only",1,1947,"5%",5,1947,"Elementary forms",4,1947,"2 levels above community",4,1947,"Horticulture",2,1947,"Not applicable - violent action by the kin group is punished or kin group is not recognized as a unit to avenge transgressions against its members",0,"1873","Northwestern Pacific",7.5,134.5,NA
112,"Ifugao",-0.791230532643978,"Agamous",3,1920,"Nuclear, monogamous",1,1920,"Ambilocal",2,1920,"Monogamous",1,1920,"None preferred",9,1920,"Bilateral",6,1920,9,0,0,2,1,0,0,"Bride-wealth",1,1920,NA,NA,NA,"Ude persuasion to help organized & structure group action",1,1910,"Hereditary slavery",2,1910,"100 persons / sq. mile",5,1910,"400-999 persons",4,1910,"Pack Animals",2,1910,"5%",5,1910,"Domestically usable particles",2,1910,"None",1,1910,"Advanced Agriculture",1,1910,"The malefactor only",3,"1910","Malesia",16.83,121.17,-0.866740891873052
113,"Atayal",-0.239191570327043,"Agamous",3,1930,"Minimal extended",6,1930,"Ambi-viri",12,1930,"Monogamous",1,1930,"None preferred",9,1930,"Mixed",7,1930,9,0,1,2,1.5,1,0,"Bride-wealth",1,1930,NA,NA,NA,NA,NA,NA,"Egalitarian",1,1930,"5.1-25 persons/ sq. mile",3,1930,"100-199 persons",2,1930,"Human only",1,1930,"0%",0,1930,"Elementary forms",4,1930,"1 level above community",3,1930,"SImple or Shifting Cultivation",3,1930,"The malefactor only",3,"1930","Eastern Asia",24.33,120.75,-0.316938634196698
114,"Chekiang",-1.00264434562666,"Agamous",3,1936,"Nuclear, monogamous",1,1936,"Neolocal",6,1936,"Monogamous",1,1936,"FaSiDa",3,1936,"Patrilineal",1,1936,3,0,0,0,0,1,0,"Dowry",1,1936,NA,NA,NA,NA,NA,NA,"3 social classes or castes, w/ or w/out slavery",3,1936,"100 persons / sq. mile",5,1936,"1000 persons",5,1936,"Automotive vehicles",5,1936,"20%",20,1936,"True money",5,1936,"3 levels above community",5,1936,"Advanced Agriculture",1,1936,"Not applicable - violent action by the kin group is punished or kin group is not recognized as a unit to avenge transgressions against its members",0,"1936","China",31,120.08,NA
115,"Manchu",0.425369599437105,"Clans",6,1920,"Large extended",8,1920,"Patrilocal",8,1920,"Monogamous",1,1920,"None preferred",9,1920,"Patrilineal",1,1920,9,0,3,2,2.5,1,1,"Bride-wealth",1,1920,NA,NA,NA,NA,NA,NA,"Hereditary slavery",2,1915,"100 persons / sq. mile",5,1915,"100-199 persons",2,1915,"Animal-drawn vehicles",4,1915,"0%",0,1915,"Domestically usable particles",2,1915,"1 level above community",3,1915,"Advanced Agriculture",1,1915,"Missing or conflicting information",9,"1915","China",50,125.5,0.342701592615562
116,"Koreans",-0.239191570327043,"Exogamous",4,1950,"Minimal extended",6,1950,"Patrilocal",8,1950,"Monogamous",1,1950,"None preferred",9,1950,"Patrilineal",1,1950,9,0,1,2,1.5,1,0,"Insignificant",0,1950,NA,NA,NA,"Frequently act independently & make authoritative decisions",3,1947,"3 social classes or castes, w/ or w/out slavery",3,1947,"100 persons / sq. mile",5,1947,"400-999 persons",4,1947,"Animal-drawn vehicles",4,1947,"25%",25,1947,"True money",5,1947,"3 levels above community",5,1947,"Advanced Agriculture",1,1947,"Not applicable - violent action by the kin group is punished or kin group is not recognized as a unit to avenge transgressions against its members",0,"1947","Eastern Asia",37.6,126.42,NA
117,"Japanese",-0.658508212354273,"Exogamous",4,1950,"Minimal extended",6,1950,"Virilocal",10,1950,"Monogamous",1,1950,"None preferred",9,1950,"Bilateral",6,1950,9,0,1,2,1.5,0,0,"Gift exchange",1,1950,NA,NA,NA,NA,NA,NA,"3 social classes or castes, w/ or w/out slavery",3,1950,"100 persons / sq. mile",5,1950,"1000 persons",5,1950,"Automotive vehicles",5,1950,"25%",25,1950,"True money",5,1950,"3 levels above community",5,1950,"Advanced Agriculture",1,1950,"Not applicable - violent action by the kin group is punished or kin group is not recognized as a unit to avenge transgressions against its members",0,"1950","Eastern Asia",34.67,133.67,NA
118,"Ainu",0.302498114007978,"Demes",1,1900,"Nuclear, limited polygyny",2,1900,"Ambi-viri",12,1900,"Limited polygyny",2,1900,"None preferred",9,1900,"Matrilineal",3,1900,9,1,0,2,1,1,1,"Insignificant",0,1900,"favoring formation of fraternal interest groups",2,1880,"Make relatively few decisions on own w/o consultation",2,1880,"Egalitarian",1,1880,"< 1 person / sq. mile",1,1880,"fewer than 100 persons",1,1880,"Human only",1,1880,"5%",5,1880,"None",1,1880,"Autonomous local communities",2,1880,"Fishing",6,1880,"Missing or conflicting information",9,"1880","Eastern Asia",42.83,143,0.241642153710558
119,"Nivkh",-0.123668669494273,"Segmented, no exogamy",2,1920,"Nuclear, limited polygyny",2,1920,"Patrilocal",8,1920,"Limited polygyny",2,1920,"MoBrDa",2,1920,"Patrilineal",1,1920,2,1,0,2,1,1,1,"Bride-wealth",1,1920,NA,NA,NA,"Ude persuasion to help organized & structure group action",1,1890,"Egalitarian",1,1890,"< 1 person / sq. mile",1,1890,"fewer than 100 persons",1,1890,"Draft Animals",3,1890,"5%",5,1890,"Alien currency",3,1890,"Autonomous local communities",2,1890,"Fishing",6,1890,"Anyone in the malefactor's kin group",1,"1890","Russian Far East",53,142,-0.21163399071276
120,"Yukaghir",-0.383212736914285,"Exogamous",4,1850,"Minimal extended",6,1850,"Ambi-uxo",11,1850,"Limited polygyny",2,1850,"None preferred",9,1850,"Bilateral",6,1850,9,1,1,2,1.5,0,0,"Bride-service",0,1850,NA,NA,NA,NA,NA,NA,"Egalitarian",1,1850,"< 1 person / sq. mile",1,1850,"fewer than 100 persons",1,1850,"Draft Animals",3,1850,"10%",10,1850,"None",1,1850,"Autonomous local communities",2,1850,"Hunting",8,1850,"Missing or conflicting information",9,"1850","Russian Far East",64.75,153.5,-0.446482194339706
121,"Chukchi",-0.107917261474297,"Agamous",3,1900,"Minimal extended",6,1900,"Ambi-viri",12,1900,"Polygyny, non-sororal cohabit",5,1900,"None preferred",9,1900,"Bilateral",6,1900,9,2,1,2,1.5,0,0,"Bride-service",0,1900,"favoring formation of fraternal interest groups",2,1900,NA,NA,NA,"Hereditary slavery",2,1900,"< 1 person / sq. mile",1,1900,"fewer than 100 persons",1,1900,"Draft Animals",3,1900,"5%",5,1900,"None",1,1900,"Autonomous local communities",2,1900,"Domestic Animals",4,1900,"The malefactor if possible; otherwise, selected members of his kin group",2,"1900","Russian Far East",66.5,179.6,-0.156553030915947
122,"Deg Xit'an",-0.51593505720399,"Agamous",3,1880,"Nuclear, limited polygyny",2,1880,"Ambi-uxo",11,1880,"Limited polygyny",2,1880,"None preferred",9,1880,"Bilateral",6,1880,9,1,0,2,1,0,0,"Insignificant",0,1880,NA,NA,NA,"Ude persuasion to help organized & structure group action",1,1885,"Hereditary slavery",2,1885,"< 1 person / sq. mile",1,1885,"fewer than 100 persons",1,1885,"Human only",1,1885,"0%",0,1885,"Elementary forms",4,1885,"Autonomous local communities",2,1885,"Fishing",6,1885,"Not applicable - violent action by the kin group is punished or kin group is not recognized as a unit to avenge transgressions against its members",0,"1885","Subarctic America",62.5,-159.5,NA
123,"Aleut",0.150677237630092,"Agamous",3,1830,"Large extended",8,1830,"Virilocal",10,1830,"Polygyny, non-sororal separate",6,1830,"MoBrDa",2,1830,"Quasi-lineages",4,1830,2,2,3,2,2.5,1,0,"Bride-service",0,1830,"favoring formation of fraternal interest groups",2,1824,NA,NA,NA,"2 social classes, castes/slavery",3,1824,"5.1-25 persons/ sq. mile",3,1824,"200-399 persons",3,1824,"Human only",1,1824,"0%",0,1824,"None",1,1824,"1 level above community",3,1824,"Fishing",6,1824,"Anyone in the malefactor's kin group",1,"1778","Subarctic America",55,-162.85,0.0703026164466757
124,"Copper Inuit",-0.65755864403865,"Demes",1,1920,"Nuclear, monogamous",1,1920,"Neolocal",6,1920,"Monogamous",1,1920,"None preferred",9,1920,"Bilateral",6,1920,9,0,0,0,0,0,1,"Bride-service",0,1920,"not favoring formation of fraternal interest groups",1,1915,"Ude persuasion to help organized & structure group action",1,1915,"Egalitarian",1,1915,"< 1 person / sq. mile",1,1915,"fewer than 100 persons",1,1915,"Draft Animals",3,1915,"0%",0,1915,"None",1,1915,"None",1,1915,"Fishing",6,1915,"The malefactor only",3,"1915","Subarctic America",68.72,-112.53,-0.728418801499142
125,"Montagnais",-0.543934879837125,"Agamous",3,1880,"Large extended",8,1880,"Virilocal",10,1880,"Limited polygyny",2,1880,"MoBrDa",2,1880,"Bilateral",6,1880,2,1,3,2,2.5,0,0,"Bride-service",0,1880,NA,NA,NA,NA,NA,NA,"Egalitarian",1,1910,"< 1 person / sq. mile",1,1910,"100-199 persons",2,1910,"Human only",1,1910,"20%",20,1910,"None",1,1910,"Autonomous local communities",2,1910,"Hunting",8,1910,"Anyone in the malefactor's kin group",1,"1910","Eastern Canada",50,-74,-0.639099270543849
126,"Mi'kmaq",-0.51593505720399,"Agamous",3,1700,"Nuclear, limited polygyny",2,1700,"Virilocal",10,1700,"Limited polygyny",2,1700,"None preferred",9,1700,"Bilateral",6,1700,9,1,0,2,1,0,0,"Bride-service",0,1700,"not favoring formation of fraternal interest groups",1,1650,NA,NA,NA,"Egalitarian",1,1650,"< 1 person / sq. mile",1,1650,"fewer than 100 persons",1,1650,"Human only",1,1650,"5%",5,1650,"Elementary forms",4,1650,"Autonomous local communities",2,1650,"Hunting",8,1650,"Anyone in the malefactor's kin group",1,"1650","Eastern Canada",46.99,-65,-0.576811728449293
127,"Northern Saulteaux",-0.318221527171351,"Agamous",3,1870,"Small extended",7,1870,"Ambi-viri",12,1870,"Limited polygyny",2,1870,"Cross-cousin",1,1870,"Patrilineal",1,1870,1,1,2,2,2,1,0,"Insignificant",0,1870,"favoring formation of fraternal interest groups",2,1930,"Ude persuasion to help organized & structure group action",1,1930,"Egalitarian",1,1930,"< 1 person / sq. mile",1,1930,"100-199 persons",2,1930,"Draft Animals",3,1930,"25%",25,1930,"Alien currency",3,1930,"Autonomous local communities",2,1930,"Hunting",8,1930,"Not applicable - violent action by the kin group is punished or kin group is not recognized as a unit to avenge transgressions against its members",0,"1930","Western Canada",52,-95.5,NA
128,"DeneTha",-0.240639581764002,"Agamous",3,1860,"Polygyny, typical cowives pattern",5,1860,"Ambi-viri",12,1860,"Polygyny, sororal cohabit",3,1860,"None preferred",9,1860,"Bilateral",6,1860,9,2,0,2,1,0,0,"Bride-service",0,1860,NA,NA,NA,"Ude persuasion to help organized & structure group action",1,1940,"Egalitarian",1,1940,"< 1 person / sq. mile",1,1940,"fewer than 100 persons",1,1940,"Draft Animals",3,1940,"25%",25,1940,"Alien currency",3,1940,"Autonomous local communities",2,1940,"Hunting",8,1940,"Not applicable - violent action by the kin group is punished or kin group is not recognized as a unit to avenge transgressions against its members",0,"1940","Subarctic America",62,-122,NA
129,"Kaska",-0.00079718406514564,"Segmented, no exogamy",2,1920,"Large extended",8,1920,"Matrilocal",5,1920,"Monogamous",1,1920,"MoBrDa",2,1920,"Matrilineal",3,1920,2,0,3,2,2.5,1,1,"Bride-service",0,1920,"not favoring formation of fraternal interest groups",1,1900,NA,NA,NA,"Egalitarian",1,1900,"< 1 person / sq. mile",1,1900,"fewer than 100 persons",1,1900,"Draft Animals",3,1900,"5%",5,1900,"None",1,1900,"Autonomous local communities",2,1900,"Fishing",6,1900,"Anyone in the malefactor's kin group",1,"1900","Subarctic America",60,-131,-0.110574551807757
130,"Eyak",0.178677060263228,"Agamous",3,1890,"Polygyny, atypical cowives pattern",4,1890,"Avunculocal",1,1890,"Polygyny, non-sororal separate",6,1890,"None preferred",9,1890,"Matrilineal",3,1890,9,2,0,2,1,1,0,"Bride-service",0,1890,"favoring formation of fraternal interest groups",2,1890,"Make relatively few decisions on own w/o consultation",2,1890,"Hereditary slavery",2,1890,"< 1 person / sq. mile",1,1890,"fewer than 100 persons",1,1890,"Human only",1,1890,"0%",0,1890,"None",1,1890,"1 level above community",3,1890,"Fishing",6,1890,"The malefactor if possible; otherwise, selected members of his kin group",2,"1890","Subarctic America",60.5,-145,0.132590158541232
131,"Haida",0.335379260446592,"Clans",6,1890,"Large extended",8,1890,"Avunculocal",1,1890,"Limited polygyny",2,1890,"FaSiDa",3,1890,"Matrilineal",3,1890,3,1,3,2,2.5,1,1,"Bride-service",0,1890,NA,NA,NA,NA,NA,NA,"2 social classes, castes/slavery",3,1875,"< 1 person / sq. mile",1,1875,"100-199 persons",2,1875,"Human only",1,1875,"5%",5,1875,"Domestically usable particles",2,1875,"Autonomous local communities",2,1875,"Fishing",6,1875,"Anyone in the malefactor's kin group",1,"1875","Western Canada",54,-132.5,0.244108346533619
132,"Nuxalk",0.444121700842638,"Agamous",3,1880,"Small extended",7,1880,"Ambi-viri",12,1880,"Polygyny, non-sororal separate",6,1880,"None preferred",9,1880,"Ambilineal",5,1880,9,2,2,2,2,1,0,"Gift exchange",1,1880,NA,NA,NA,"Ude persuasion to help organized & structure group action",1,1880,"2 social classes, castes/slavery",3,1880,"1-5 persons / sq. mile",2,1880,"fewer than 100 persons",1,1880,"Human only",1,1880,"0%",0,1880,"Alien currency",3,1880,"Autonomous local communities",2,1880,"Fishing",6,1880,"Not applicable - violent action by the kin group is punished or kin group is not recognized as a unit to avenge transgressions against its members",0,"1880","Western Canada",52.33,-126.5,NA
133,"Twana",-0.117768096334875,"Exogamous",4,1850,"Large extended",8,1850,"Virilocal",10,1850,"Limited polygyny",2,1850,"None preferred",9,1850,"Bilateral",6,1850,9,1,3,2,2.5,0,0,"Gift exchange",1,1850,"favoring formation of fraternal interest groups",2,1860,NA,NA,NA,"Hereditary slavery",2,1860,"26-100 persons  / sq. mile",4,1860,"fewer than 100 persons",1,1860,"Human only",1,1860,"5%",5,1860,"Elementary forms",4,1860,"Autonomous local communities",2,1860,"Fishing",6,1860,"The malefactor if possible; otherwise, selected members of his kin group",2,"1860","Northwestern U.S.A.",47.43,-123.25,-0.185823126120531
134,"Yurok",0.0248050588154082,"Exogamous",4,1850,"Small extended",7,1850,"Ambi-viri",12,1850,"Polygyny, non-sororal separate",6,1850,"None preferred",9,1850,"Bilateral",6,1850,9,2,2,2,2,0,0,"Bride-wealth",1,1850,NA,NA,NA,"Ude persuasion to help organized & structure group action",1,1850,"Hereditary slavery",2,1850,"1-5 persons / sq. mile",2,1850,"fewer than 100 persons",1,1850,"Human only",1,1850,"5%",5,1850,"None",1,1850,"None",1,1850,"Fishing",6,1850,"The malefactor if possible; otherwise, selected members of his kin group",2,"1850","Southwestern U.S.A.",41.5,-124,-0.0262234968063594
135,"Eastern Pomo",-0.25049041662458,"Agamous",3,1860,"Small extended",7,1860,"Ambilocal",2,1860,"Limited polygyny",2,1860,"None preferred",9,1860,"Bilateral",6,1860,9,1,2,2,2,0,0,"Insignificant",0,1860,NA,NA,NA,NA,NA,NA,"Hereditary slavery",2,1850,"1-5 persons / sq. mile",2,1850,"200-399 persons",3,1850,"Human only",1,1850,"5%",5,1850,"Elementary forms",4,1850,"Autonomous local communities",2,1850,"Gathering",7,1850,"The malefactor if possible; otherwise, selected members of his kin group",2,"1850","Southwestern U.S.A.",39,-123,-0.316152660230118
136,"Southern Valley Yokuts",0.700665074877093,"Clans",6,1860,"Large extended",8,1860,"Patrilocal",8,1860,"Limited polygyny",2,1860,"None preferred",9,1860,"Patrilineal",1,1860,9,1,3,2,2.5,1,1,"Insignificant",0,1860,"favoring formation of fraternal interest groups",2,1850,"Frequently act independently & make authoritative decisions",3,1850,"Hereditary slavery",2,1850,"5.1-25 persons/ sq. mile",3,1850,"200-399 persons",3,1850,"Human only",1,1850,"5%",5,1850,"Elementary forms",4,1850,"Autonomous local communities",2,1850,"Gathering",7,1850,"The malefactor only",3,"1850","Southwestern U.S.A.",35,-119.5,0.632630756039321
137,"Wadadokado",-0.51593505720399,"Agamous",3,1870,"Nuclear, limited polygyny",2,1870,"Ambi-uxo",11,1870,"Limited polygyny",2,1870,"None preferred",9,1870,"Bilateral",6,1870,9,1,0,2,1,0,0,"Insignificant",0,1870,"not favoring formation of fraternal interest groups",1,1870,NA,NA,NA,"Egalitarian",1,1870,"< 1 person / sq. mile",1,1870,"100-199 persons",2,1870,"Human only",1,1870,"0%",0,1870,"None",1,1870,"Autonomous local communities",2,1870,"Gathering",7,1870,"The malefactor if possible; otherwise, selected members of his kin group",2,"1870","Northwestern U.S.A.",43.5,-119,-0.576811728449293
138,"Klamath",-0.25049041662458,"Agamous",3,1860,"Small extended",7,1860,"Ambi-viri",12,1860,"Limited polygyny",2,1860,"None preferred",9,1860,"Bilateral",6,1860,9,1,2,2,2,0,0,"Gift exchange",1,1860,"favoring formation of fraternal interest groups",2,1860,NA,NA,NA,"Hereditary slavery",2,1860,"< 1 person / sq. mile",1,1860,"fewer than 100 persons",1,1860,"Human only",1,1860,"5%",5,1860,"None",1,1860,"Autonomous local communities",2,1860,"Fishing",6,1860,"Anyone in the malefactor's kin group",1,"1860","Northwestern U.S.A.",42.63,-121.67,-0.316152660230118
139,"Kutenai",-0.51593505720399,"Agamous",3,1880,"Nuclear, limited polygyny",2,1880,"Ambi-viri",12,1880,"Limited polygyny",2,1880,"None preferred",9,1880,"Bilateral",6,1880,9,1,0,2,1,0,0,"Insignificant",0,1880,NA,NA,NA,NA,NA,NA,"Egalitarian",1,1890,"< 1 person / sq. mile",1,1890,"100-199 persons",2,1890,"Pack Animals",2,1890,"5%",5,1890,"Alien currency",3,1890,"Autonomous local communities",2,1890,"Fishing",6,1890,"The malefactor if possible; otherwise, selected members of his kin group",2,"1890","Western Canada",49,-116.67,-0.576811728449293
140,"Gros Ventre",-0.240639581764002,"Exogamous",4,1880,"Polygyny, typical cowives pattern",5,1880,"Ambi-viri",12,1880,"Polygyny, sororal cohabit",3,1880,"None preferred",9,1880,"Bilateral",6,1880,9,2,0,2,1,0,0,"Bride-wealth",1,1880,"favoring formation of fraternal interest groups",2,1880,"Make relatively few decisions on own w/o consultation",2,1880,"Egalitarian",1,1880,"< 1 person / sq. mile",1,1880,"100-199 persons",2,1880,"Draft Animals",3,1880,"5%",5,1880,"Domestically usable particles",2,1880,"1 level above community",3,1880,"Hunting",8,1880,"The malefactor if possible; otherwise, selected members of his kin group",2,"1890","Northwestern U.S.A.",48,-108,-0.286882565025534
141,"Hidatsa",0.444121700842638,"Agamous",3,1860,"Small extended",7,1860,"Matrilocal",5,1860,"Polygyny, sororal cohabit",3,1860,"None preferred",9,1860,"Matrilineal",3,1860,9,2,2,2,2,1,0,"Insignificant",0,1860,"not favoring formation of fraternal interest groups",1,1836,NA,NA,NA,"Egalitarian",1,1836,"< 1 person / sq. mile",1,1836,"400-999 persons",4,1836,"Draft Animals",3,1836,"0%",0,1836,"None",1,1836,"Autonomous local communities",2,1836,"Advanced Agriculture",1,1836,"The malefactor only",3,"1836","North-Central U.S.A.",47,-101,0.393249226760407
142,"Pawnee",0.732436674030081,"Demes",1,1867,"Large extended",8,1867,"Matrilocal",5,1867,"Polygyny, sororal cohabit",3,1867,"Second cousin",5,1867,"Matrilineal",3,1867,5,2,3,2,2.5,1,1,"Insignificant",0,1867,NA,NA,NA,"Ude persuasion to help organized & structure group action",1,1867,"2 social classes, no castes/slavery",3,1867,"< 1 person / sq. mile",1,1867,"200-399 persons",3,1867,"Draft Animals",3,1867,"5%",5,1867,"None",1,1867,"1 level above community",3,1867,"SImple or Shifting Cultivation",3,1867,"Anyone in the malefactor's kin group",1,"1867","North-Central U.S.A.",42,-100,0.663544979792612
143,"Omaha",0.302498114007978,"Segmented, no exogamy",2,1850,"Nuclear, limited polygyny",2,1850,"Patrilocal",8,1850,"Limited polygyny",2,1850,"None preferred",9,1850,"Patrilineal",1,1850,9,1,0,2,1,1,1,"Gift exchange",1,1850,NA,NA,NA,NA,NA,NA,"Egalitarian",1,1860,"1-5 persons / sq. mile",2,1860,"1000 persons",5,1860,"Draft Animals",3,1860,"0%",0,1860,"None",1,1860,"1 level above community",3,1860,"SImple or Shifting Cultivation",3,1860,"The malefactor if possible; otherwise, selected members of his kin group",2,"1860","North-Central U.S.A.",41.43,-96.5,0.241642153710558
144,"Huron",0.425369599437105,"Segmented, no exogamy",2,1640,"Large extended",8,1640,"Matrilocal",5,1640,"Monogamous",1,1640,"None preferred",9,1640,"Matrilineal",3,1640,9,0,3,2,2.5,1,1,"Insignificant",0,1640,NA,NA,NA,"Ude persuasion to help organized & structure group action",1,1634,"Hereditary slavery",2,1634,"26-100 persons  / sq. mile",4,1634,"1000 persons",5,1634,"Human only",1,1634,"5%",5,1634,"None",1,1634,"2 levels above community",4,1634,"SImple or Shifting Cultivation",3,1634,"The malefactor only",3,"1634","Eastern Canada",44.5,-79,0.342701592615562
145,"Muscogee",0.700665074877093,"Segmented, no exogamy",2,1750,"Large extended",8,1750,"Matrilocal",5,1750,"Limited polygyny",2,1750,"None preferred",9,1750,"Matrilineal",3,1750,9,1,3,2,2.5,1,1,"Token bride-wealth",1,1750,"not favoring formation of fraternal interest groups",1,1800,NA,NA,NA,"Egalitarian",1,1800,"1-5 persons / sq. mile",2,1800,"200-399 persons",3,1800,"Pack Animals",2,1800,"0%",0,1800,"Elementary forms",4,1800,"2 levels above community",4,1800,"SImple or Shifting Cultivation",3,1800,"Anyone in the malefactor's kin group",1,"1800","Southeastern U.S.A.",32.93,-86,0.632630756039321
146,"Natchez",0.0248050588154082,"Agamous",3,1700,"Small extended",7,1700,"Virilocal",10,1700,"Polygyny, sororal cohabit",3,1700,"None preferred",9,1700,"Bilateral",6,1700,9,2,2,2,2,0,0,"Insignificant",0,1700,"not favoring formation of fraternal interest groups",1,1718,NA,NA,NA,"2 social classes, castes/slavery",3,1718,"5.1-25 persons/ sq. mile",3,1718,"400-999 persons",4,1718,"Human only",1,1718,"0%",0,1718,"None",1,1718,"2 levels above community",4,1718,"SImple or Shifting Cultivation",3,1718,"Anyone in the malefactor's kin group",1,"1718","Southeastern U.S.A.",31.5,-91.42,-0.0262234968063594
147,"Comanche",0.556643908289851,"Demes",1,1870,"Large extended",8,1870,"Ambilocal",2,1870,"Polygyny, sororal cohabit",3,1870,"None preferred",9,1870,"Bilateral",6,1870,9,2,3,2,2.5,0,1,"Insignificant",0,1870,NA,NA,NA,"Ude persuasion to help organized & structure group action",1,1870,"Egalitarian",1,1870,"< 1 person / sq. mile",1,1870,"200-399 persons",3,1870,"Draft Animals",3,1870,"5%",5,1870,"None",1,1870,"Autonomous local communities",2,1870,"Hunting",8,1870,"Anyone in the malefactor's kin group",1,"1870","South-Central U.S.A.",34,-101.5,0.503087195896313
148,"Chiricahua",0.0248050588154082,"Agamous",3,1880,"Small extended",7,1880,"Ambi-uxo",11,1880,"Polygyny, sororal cohabit",3,1880,"None preferred",9,1880,"Bilateral",6,1880,9,2,2,2,2,0,0,"Insignificant",0,1880,"not favoring formation of fraternal interest groups",1,1870,"Ude persuasion to help organized & structure group action",1,1870,"Egalitarian",1,1870,"< 1 person / sq. mile",1,1870,"fewer than 100 persons",1,1870,"Human only",1,1870,"5%",5,1870,"None",1,1870,"1 level above community",3,1870,"Gathering",7,1870,"Missing or conflicting information",9,"1870","Southwestern U.S.A.",32,-109.5,-0.0262234968063594
149,"Zuni",0.425369599437105,"Segmented, no exogamy",2,1910,"Large extended",8,1910,"Matrilocal",5,1910,"Monogamous",1,1910,"None preferred",9,1910,"Matrilineal",3,1910,9,0,3,2,2.5,1,1,"Insignificant",0,1910,NA,NA,NA,NA,NA,NA,"Egalitarian",1,1880,"1-5 persons / sq. mile",2,1880,"1000 persons",5,1880,"Animal-drawn vehicles",4,1880,"5%",5,1880,"Alien currency",3,1880,"Autonomous local communities",2,1880,"Advanced Agriculture",1,1880,"Not applicable - violent action by the kin group is punished or kin group is not recognized as a unit to avenge transgressions against its members",0,"1880","South-Central U.S.A.",35.67,-108.75,NA
150,"Havasupai",0.700665074877093,"Demes",1,1870,"Large extended",8,1870,"Virilocal",10,1870,"Limited polygyny",2,1870,"None preferred",9,1870,"Quasi-lineages",4,1870,9,1,3,2,2.5,1,1,"Token bride-wealth",1,1870,NA,NA,NA,"Ude persuasion to help organized & structure group action",1,1918,"Egalitarian",1,1918,"< 1 person / sq. mile",1,1918,"100-199 persons",2,1918,"Pack Animals",2,1918,"0%",0,1918,"None",1,1918,"Autonomous local communities",2,1918,"Advanced Agriculture",1,1918,"Missing or conflicting information",9,"1918","Southwestern U.S.A.",35.83,-112.17,0.632630756039321
151,"Tohono O'odham",0.0248050588154082,"Agamous",3,1930,"Small extended",7,1930,"Virilocal",10,1930,"Polygyny, sororal cohabit",3,1930,"None preferred",9,1930,"Bilateral",6,1930,9,2,2,2,2,0,0,"Insignificant",0,1930,"favoring formation of fraternal interest groups",2,1910,"Ude persuasion to help organized & structure group action",1,1910,"Egalitarian",1,1910,"26-100 persons  / sq. mile",4,1910,"200-399 persons",3,1910,"Pack Animals",2,1910,"20%",20,1910,"Alien currency",3,1910,"Autonomous local communities",2,1910,"Advanced Agriculture",1,1910,"The malefactor if possible; otherwise, selected members of his kin group",2,"1910","Southwestern U.S.A.",32,-112,-0.0262234968063594
152,"Huichol",0.148626112560158,"Demes",1,1920,"Small extended",7,1920,"Ambilocal",2,1920,"Limited polygyny",2,1920,"None preferred",9,1920,"Bilateral",6,1920,9,1,2,2,2,0,1,"Insignificant",0,1920,NA,NA,NA,NA,NA,NA,"Hereditary slavery",2,1890,"1-5 persons / sq. mile",2,1890,"200-399 persons",3,1890,"Pack Animals",2,1890,"5%",5,1890,"Alien currency",3,1890,"Autonomous local communities",2,1890,"SImple or Shifting Cultivation",3,1890,"Not applicable - violent action by the kin group is punished or kin group is not recognized as a unit to avenge transgressions against its members",0,"1890","Mexico",22,-105,NA
153,"Aztec",0.302498114007978,"Segmented, no exogamy",2,1520,"Nuclear, limited polygyny",2,1520,"Virilocal",10,1520,"Limited polygyny",2,1520,"None preferred",9,1520,"Ambilineal",5,1520,9,1,0,2,1,1,1,"Token bride-wealth",1,1520,NA,NA,NA,"Frequently act independently & make authoritative decisions",3,1520,"3 social classes or castes, w/ or w/out slavery",3,1520,"100 persons / sq. mile",5,1520,"1000 persons",5,1520,"Human only",1,1520,"20%",20,1520,"Elementary forms",4,1520,"2 levels above community",4,1520,"Advanced Agriculture",1,1520,"Not applicable - violent action by the kin group is punished or kin group is not recognized as a unit to avenge transgressions against its members",0,"1520","Mexico",19,-99.17,NA
154,"Sierra Popoluca",-0.0595752013241167,NA,NA,NA,"Polygyny, typical cowives pattern",5,1940,"Virilocal",10,1940,"Polygyny, sororal cohabit",3,1940,"None preferred",9,1940,"Bilateral",6,1940,9,2,0,2,1,0,NA,"Insignificant",0,1940,NA,NA,NA,NA,NA,NA,"Egalitarian",1,1940,"26-100 persons  / sq. mile",4,1940,"400-999 persons",4,1940,"Human only",1,1940,"0%",0,1940,"Alien currency",3,1940,"1 level above community",3,1940,"SImple or Shifting Cultivation",3,1940,"Missing or conflicting information",9,"1940","Mexico",18.25,-94.83,-0.12555346411306
155,"K'iche'",0.302498114007978,"Segmented, no exogamy",2,1930,"Nuclear, limited polygyny",2,1930,"Patrilocal",8,1930,"Limited polygyny",2,1930,"None preferred",9,1930,"Patrilineal",1,1930,9,1,0,2,1,1,1,"Token bride-wealth",1,1930,NA,NA,NA,NA,NA,NA,"Hereditary slavery",2,1930,"26-100 persons  / sq. mile",4,1930,"1000 persons",5,1930,"Pack Animals",2,1930,"5%",5,1930,"Alien currency",3,1930,"1 level above community",3,1930,"SImple or Shifting Cultivation",3,1930,"Not applicable - violent action by the kin group is punished or kin group is not recognized as a unit to avenge transgressions against its members",0,"1930","Central America",15,-91,NA
156,"Miskito",-0.604815848908875,"Agamous",3,1920,"Large extended",8,1920,"Uxorilocal",9,1920,"Limited polygyny",2,1920,"Cross-cousin",1,1920,"Bilateral",6,1920,1,1,3,2,2.5,0,0,"Token bride-wealth",1,1920,"not favoring formation of fraternal interest groups",1,1921,NA,NA,NA,"Egalitarian",1,1921,"5.1-25 persons/ sq. mile",3,1921,"200-399 persons",3,1921,"Human only",1,1921,"0%",0,1921,"Alien currency",3,1921,"1 level above community",3,1921,"SImple or Shifting Cultivation",3,1921,"The malefactor only",3,"1921","Central America",15,-83,-0.703853005461466
157,"Bribri",-0.637358531196158,"Agamous",3,1950,"Nuclear, monogamous",1,1950,"Neolocal",6,1950,"Monogamous",1,1950,"None preferred",9,1950,"Matrilineal",3,1950,9,0,0,0,0,1,0,"Bride-service",0,1950,"not favoring formation of fraternal interest groups",1,1917,NA,NA,NA,"Egalitarian",1,1917,"5.1-25 persons/ sq. mile",3,1917,"fewer than 100 persons",1,1917,"Human only",1,1917,"0%",0,1917,"None",1,1917,"Autonomous local communities",2,1917,"SImple or Shifting Cultivation",3,1917,"Not applicable - violent action by the kin group is punished or kin group is not recognized as a unit to avenge transgressions against its members",0,"1917","Central America",9,-83.25,NA
158,"Guna",0.281348432849863,"Demes",1,1940,"Large extended",8,1940,"Uxorilocal",9,1940,"Limited polygyny",2,1940,"None preferred",9,1940,"Bilateral",6,1940,9,1,3,2,2.5,0,1,"Bride-service",0,1940,"not favoring formation of fraternal interest groups",1,1927,"Make relatively few decisions on own w/o consultation",2,1927,"Hereditary slavery",2,1927,"26-100 persons  / sq. mile",4,1927,"400-999 persons",4,1927,"Human only",1,1927,"5%",5,1927,"Alien currency",3,1927,"1 level above community",3,1927,"SImple or Shifting Cultivation",3,1927,"The malefactor only",3,"1927","Central America",9.25,-78.5,0.213158032472555
159,"Wayuu",0.444121700842638,"Agamous",3,1940,"Small extended",7,1940,"Avunculocal",1,1940,"Polygyny, non-sororal cohabit",5,1940,"None preferred",9,1940,"Matrilineal",3,1940,9,2,2,2,2,1,0,"Bride-wealth",1,1940,"not favoring formation of fraternal interest groups",1,1947,"Ude persuasion to help organized & structure group action",1,1947,"Hereditary slavery",2,1947,"< 1 person / sq. mile",1,1947,"fewer than 100 persons",1,1947,"Pack Animals",2,1947,"5%",5,1947,"Alien currency",3,1947,"1 level above community",3,1947,"Domestic Animals",4,1947,"Anyone in the malefactor's kin group",1,"1947","Western South America",11.92,-71.75,0.393249226760407
160,"Haitians",-0.7813796977834,"Agamous",3,1930,"Nuclear, limited polygyny",2,1930,"Neolocal",6,1930,"Limited polygyny",2,1930,"None preferred",9,1930,"Bilateral",6,1930,9,1,0,0,0,0,0,"Insignificant",0,1930,NA,NA,NA,NA,NA,NA,"3 social classes or castes, w/ or w/out slavery",3,1935,"100 persons / sq. mile",5,1935,"1000 persons",5,1935,"Pack Animals",2,1935,"5%",5,1935,"True money",5,1935,"3 levels above community",5,1935,"SImple or Shifting Cultivation",3,1935,"Missing or conflicting information",9,"1935","Caribbean",18.83,-72.17,-0.837470796668468
161,"Callinago",0.335379260446592,"Segmented, no exogamy",2,1650,"Large extended",8,1650,"Matrilocal",5,1650,"Limited polygyny",2,1650,"FaSiDa",3,1650,"Matrilineal",3,1650,3,1,3,2,2.5,1,1,"Bride-service",0,1650,"not favoring formation of fraternal interest groups",1,1650,NA,NA,NA,"Hereditary slavery",2,1650,"5.1-25 persons/ sq. mile",3,1650,"200-399 persons",3,1650,"Human only",1,1650,"0%",0,1650,"None",1,1650,"Autonomous local communities",2,1650,"Fishing",6,1650,"The malefactor only",3,"1650","Caribbean",15.41,-61.27,0.244108346533619
162,"Warao",0.130477124787601,"Demes",1,1950,"Large extended",8,1950,"Uxorilocal",9,1950,"Polygyny, sororal cohabit",3,1950,"MoBrDa",2,1950,"Bilateral",6,1950,2,2,3,2,2.5,0,1,"Bride-service",0,1950,"not favoring formation of fraternal interest groups",1,1935,"Frequently act independently & make authoritative decisions",3,1935,"Egalitarian",1,1935,"< 1 person / sq. mile",1,1935,"fewer than 100 persons",1,1935,"Human only",1,1935,"0%",0,1935,"None",1,1935,"Autonomous local communities",2,1935,"Gathering",7,1935,"Not applicable - violent action by the kin group is punished or kin group is not recognized as a unit to avenge transgressions against its members",0,"1935","Northern South America",9.08,-62,NA
163,"Yanomami",0.0695961557158508,"Segmented, no exogamy",2,1965,"Large extended",8,1965,"Virilocal",10,1965,"Polygyny, sororal cohabit",3,1965,"Cross-cousin",1,1965,"Bilateral",6,1965,1,2,3,2,2.5,0,1,"Woman exchange",0,1965,NA,NA,NA,NA,NA,NA,"Egalitarian",1,1965,"< 1 person / sq. mile",1,1965,"100-199 persons",2,1965,"Human only",1,1965,"0%",0,1965,"None",1,1965,"Autonomous local communities",2,1965,"SImple or Shifting Cultivation",3,1965,"Not applicable - violent action by the kin group is punished or kin group is not recognized as a unit to avenge transgressions against its members",0,"1965","Northern South America",2.42,-65,NA
164,"Barama River Carib",-0.583666167750761,"Agamous",3,1930,"Nuclear, limited polygyny",2,1930,"Ambilocal",2,1930,"Limited polygyny",2,1930,"Cross-cousin",1,1930,"Quasi-lineages",4,1930,1,1,0,2,1,1,0,"Bride-service",0,1930,"not favoring formation of fraternal interest groups",1,1932,"Ude persuasion to help organized & structure group action",1,1932,"Egalitarian",1,1932,"< 1 person / sq. mile",1,1932,"fewer than 100 persons",1,1932,"Human only",1,1932,"0%",0,1932,"None",1,1932,"Autonomous local communities",2,1932,"SImple or Shifting Cultivation",3,1932,"The malefactor only",3,"1932","Northern South America",7.42,-60.17,-0.675368884223463
165,"Saramaccan ",0.577793589447966,"Segmented, no exogamy",2,1920,"Polygyny, typical cowives pattern",5,1920,"Avunculocal",1,1920,"Polygyny, non-sororal cohabit",5,1920,"None preferred",9,1920,"Matrilineal",3,1920,9,2,0,2,1,1,1,"Bride-wealth",1,1920,"favoring formation of fraternal interest groups",2,1928,NA,NA,NA,"Egalitarian",1,1928,"5.1-25 persons/ sq. mile",3,1928,"100-199 persons",2,1928,"Human only",1,1928,"0%",0,1928,"None",1,1928,"2 levels above community",4,1928,"SImple or Shifting Cultivation",3,1928,"The malefactor only",3,"1932","Northern South America",3.5,-55.75,0.531571317134317
166,"Munduruku",-0.185499206881646,"Agamous",3,1950,"Large extended",8,1950,"Ambi-uxo",11,1950,"Limited polygyny",2,1950,"Cross-cousin",1,1950,"Patrilineal",1,1950,1,1,3,2,2.5,1,0,"Bride-service",0,1950,"not favoring formation of fraternal interest groups",1,1850,"Ude persuasion to help organized & structure group action",1,1850,"Egalitarian",1,1850,"< 1 person / sq. mile",1,1850,"100-199 persons",2,1850,"Human only",1,1850,"0%",0,1850,"None",1,1850,"Autonomous local communities",2,1850,"SImple or Shifting Cultivation",3,1850,"Not applicable - violent action by the kin group is punished or kin group is not recognized as a unit to avenge transgressions against its members",0,"1850","Brazil",-6.5,-56.5,NA
167,"Cubeo",-0.123668669494273,"Clans",6,1940,"Nuclear, limited polygyny",2,1940,"Patrilocal",8,1940,"Limited polygyny",2,1940,"MoBrDa",2,1940,"Patrilineal",1,1940,2,1,0,2,1,1,1,"Woman exchange",0,1940,NA,NA,NA,NA,NA,NA,"Hereditary slavery",2,1939,"< 1 person / sq. mile",1,1939,"fewer than 100 persons",1,1939,"Human only",1,1939,"0%",0,1939,"None",1,1939,"Autonomous local communities",2,1939,"SImple or Shifting Cultivation",3,1939,"Not applicable - violent action by the kin group is punished or kin group is not recognized as a unit to avenge transgressions against its members",0,"1939","Western South America",1.25,-70.5,NA
168,"Chachi",-0.12666936287983,"Demes",1,1910,"Small extended",7,1910,"Ambi-viri",12,1910,"Monogamous",1,1910,"None preferred",9,1910,"Bilateral",6,1910,9,0,2,2,2,0,1,"Insignificant",0,1910,NA,NA,NA,"Frequently act independently & make authoritative decisions",3,1908,"Egalitarian",1,1908,"1-5 persons / sq. mile",2,1908,"400-999 persons",4,1908,"Human only",1,1908,"5%",5,1908,"None",1,1908,"Autonomous local communities",2,1908,"Hunting",8,1908,"Not applicable - violent action by the kin group is punished or kin group is not recognized as a unit to avenge transgressions against its members",0,"1908","Western South America",1,-79,NA
169,"Shuar",-0.993131974917413,"Agamous",3,1930,"Polygyny, atypical cowives pattern",4,1930,"Neolocal",6,1930,"Polygyny, non-sororal separate",6,1930,"Cross-cousin",1,1930,"Bilateral",6,1930,1,2,0,0,0,0,0,"Bride-service",0,1930,"favoring formation of fraternal interest groups",2,1920,"Ude persuasion to help organized & structure group action",1,1920,"Egalitarian",1,1920,"< 1 person / sq. mile",1,1920,"fewer than 100 persons",1,1920,"Human only",1,1920,"0%",0,1920,"None",1,1920,"None",1,1920,"SImple or Shifting Cultivation",3,1920,"The malefactor if possible; otherwise, selected members of his kin group",2,"1920","Western South America",-3,-78,-1.06557151258565
170,"Amahuaca",-0.870260489488285,"Exogamous",4,1950,"Minimal extended",6,1950,"Virilocal",10,1950,"Limited polygyny",2,1950,"Cross-cousin",1,1950,"Bilateral",6,1950,1,1,1,2,1.5,0,0,"Bride-service",0,1950,"favoring formation of fraternal interest groups",2,1960,NA,NA,NA,"Egalitarian",1,1960,"< 1 person / sq. mile",1,1960,"fewer than 100 persons",1,1960,"Human only",1,1960,"0%",0,1960,"None",1,1960,"None",1,1960,"SImple or Shifting Cultivation",3,1960,"Missing or conflicting information",9,"1960","Western South America",-10.33,-72.25,-0.964512073680641
171,"Inca",-0.39211400345924,"Demes",1,1530,"Nuclear, monogamous",1,1530,"Virilocal",10,1530,"Monogamous",1,1530,"None preferred",9,1530,"Bilateral",6,1530,9,0,0,2,1,0,1,"Insignificant",0,1530,NA,NA,NA,NA,NA,NA,"3 social classes or castes, w/ or w/out slavery",3,1530,"5.1-25 persons/ sq. mile",3,1530,"100-199 persons",2,1530,"Pack Animals",2,1530,"25%",25,1530,"None",1,1530,"3 levels above community",5,1530,"Advanced Agriculture",1,1530,"Not applicable - violent action by the kin group is punished or kin group is not recognized as a unit to avenge transgressions against its members",0,"1530","Western South America",-13.5,-72,NA
172,"Aymara",0.425369599437105,"Demes",1,1940,"Large extended",8,1940,"Patrilocal",8,1940,"Monogamous",1,1940,"None preferred",9,1940,"Patrilineal",1,1940,9,0,3,2,2.5,1,1,"Insignificant",0,1940,NA,NA,NA,"Frequently act independently & make authoritative decisions",3,1940,"Hereditary slavery",2,1940,"100 persons / sq. mile",5,1940,"400-999 persons",4,1940,"Pack Animals",2,1940,"5%",5,1940,"None",1,1940,"1 level above community",3,1940,"SImple or Shifting Cultivation",3,1940,"Not applicable - violent action by the kin group is punished or kin group is not recognized as a unit to avenge transgressions against its members",0,"1940","Western South America",-16,-65.75,NA
173,"Sirionó",0.130477124787601,"Segmented, no exogamy",2,1940,"Large extended",8,1940,"Uxorilocal",9,1940,"Polygyny, sororal cohabit",3,1940,"MoBrDa",2,1940,"Bilateral",6,1940,2,2,3,2,2.5,0,1,"Insignificant",0,1940,"not favoring formation of fraternal interest groups",1,1942,NA,NA,NA,"Egalitarian",1,1942,"< 1 person / sq. mile",1,1942,"fewer than 100 persons",1,1942,"Human only",1,1942,"0%",0,1942,"None",1,1942,"Autonomous local communities",2,1942,"Hunting",8,1942,"Not applicable - violent action by the kin group is punished or kin group is not recognized as a unit to avenge transgressions against its members",0,"1942","Western South America",-14.5,-63.5,NA
174,"Nambikwara",-1.00298280977799,"Agamous",3,1940,"Nuclear, limited polygyny",2,1940,"Ambi-viri",12,1940,"Limited polygyny",2,1940,"Cross-cousin",1,1940,"Bilateral",6,1940,1,1,0,2,1,0,0,"Insignificant",0,1940,"favoring formation of fraternal interest groups",2,1940,"Make relatively few decisions on own w/o consultation",2,1940,"Egalitarian",1,1940,"< 1 person / sq. mile",1,1940,"fewer than 100 persons",1,1940,"Human only",1,1940,"0%",0,1940,"None",1,1940,"Autonomous local communities",2,1940,"Gathering",7,1940,"Not applicable - violent action by the kin group is punished or kin group is not recognized as a unit to avenge transgressions against its members",0,"1940","Brazil",-13,-58.75,NA
175,"Trumai",-0.185499206881646,"Agamous",3,1930,"Large extended",8,1930,"Virilocal",10,1930,"Limited polygyny",2,1930,"Cross-cousin",1,1930,"Quasi-lineages",4,1930,1,1,3,2,2.5,1,0,"Token bride-wealth",1,1930,NA,NA,NA,NA,NA,NA,"Egalitarian",1,1938,"< 1 person / sq. mile",1,1938,"fewer than 100 persons",1,1938,"Human only",1,1938,"0%",0,1938,"None",1,1938,"Autonomous local communities",2,1938,"SImple or Shifting Cultivation",3,1938,"Not applicable - violent action by the kin group is punished or kin group is not recognized as a unit to avenge transgressions against its members",0,"1938","Brazil",-11.83,-53.67,NA
176,"Canela",0.2926472791474,"Segmented, no exogamy",2,1930,"Small extended",7,1930,"Matrilocal",5,1930,"Monogamous",1,1930,"None preferred",9,1930,"Matrilineal",3,1930,9,0,2,2,2,1,1,"Bride-service",0,1930,"not favoring formation of fraternal interest groups",1,1915,"Make relatively few decisions on own w/o consultation",2,1915,"Egalitarian",1,1915,"1-5 persons / sq. mile",2,1915,"200-399 persons",3,1915,"Human only",1,1915,"0%",0,1915,"None",1,1915,"Autonomous local communities",2,1915,"SImple or Shifting Cultivation",3,1915,"Not applicable - violent action by the kin group is punished or kin group is not recognized as a unit to avenge transgressions against its members",0,"1915","Brazil",-6.5,-46,NA
177,"Tupinambá",-0.329520373468887,"Agamous",3,1600,"Large extended",8,1600,"Ambi-uxo",11,1600,"Polygyny, non-sororal cohabit",5,1600,"Cross-cousin",1,1600,"Bilateral",6,1600,1,2,3,2,2.5,0,0,"Bride-service",0,1600,"not favoring formation of fraternal interest groups",1,1550,NA,NA,NA,"Hereditary slavery",2,1550,"< 1 person / sq. mile",1,1550,"400-999 persons",4,1550,"Human only",1,1550,"0%",0,1550,"None",1,1550,"1 level above community",3,1550,"SImple or Shifting Cultivation",3,1550,"The malefactor if possible; otherwise, selected members of his kin group",2,"1550","Brazil",-22.79,-44.5,-0.413923842037708
178,"Aimoré",0.290249699394818,"Exogamous",4,1880,"Large extended",8,1880,NA,NA,NA,"Polygyny, sororal cohabit",3,1880,"None preferred",9,1880,"Bilateral",6,1880,9,2,3,NA,3,0,0,"Insignificant",0,1880,NA,NA,NA,NA,NA,NA,"Egalitarian",1,1884,"< 1 person / sq. mile",1,1884,"fewer than 100 persons",1,1884,"Human only",1,1884,"0%",0,1884,"None",1,1884,"Autonomous local communities",2,1884,"Hunting",8,1884,"Missing or conflicting information",9,"1884","Brazil",-19,-42.5,0.234435571412816
179,"Shavante",0.444121700842638,"Agamous",3,1958,"Small extended",7,1958,"Uxorilocal",9,1958,"Polygyny, sororal cohabit",3,1958,"None preferred",9,1958,"Patrilineal",1,1958,9,2,2,2,2,1,0,"Bride-service",0,1958,NA,NA,NA,"Ude persuasion to help organized & structure group action",1,1958,"Egalitarian",1,1958,"< 1 person / sq. mile",1,1958,"200-399 persons",3,1958,"Human only",1,1958,"0%",0,1958,"None",1,1958,"Autonomous local communities",2,1958,"Gathering",7,1958,"Anyone in the malefactor's kin group",1,"1958","Brazil",-13.5,-51.5,0.393249226760407
180,"Aweikoma",0.158476947420736,"Demes",1,1910,"Polygyny, atypical cowives pattern",4,1910,"Ambilocal",2,1910,"Polygyny, non-sororal separate",6,1910,"None preferred",9,1910,"Bilateral",6,1910,9,2,0,2,1,0,1,"Insignificant",0,1910,"not favoring formation of fraternal interest groups",1,1932,"Ude persuasion to help organized & structure group action",1,1932,"Egalitarian",1,1932,"< 1 person / sq. mile",1,1932,"fewer than 100 persons",1,1932,"Human only",1,1932,"0%",0,1932,"None",1,1932,"None",1,1932,"Hunting",8,1932,"Anyone in the malefactor's kin group",1,"1932","Brazil",-28,-50,0.112098593567551
181,"Cayua",-1.16704502221447,"Agamous",3,1950,"Nuclear, monogamous",1,1950,"Virilocal",10,1950,"Monogamous",1,1950,NA,NA,NA,"Bilateral",6,1950,NA,0,0,2,1,0,0,"Insignificant",0,1950,NA,NA,NA,NA,NA,NA,"Egalitarian",1,1890,"< 1 person / sq. mile",1,1890,"fewer than 100 persons",1,1890,"Human only",1,1890,"0%",0,1890,"None",1,1890,"Autonomous local communities",2,1890,"SImple or Shifting Cultivation",3,1890,"Not applicable - violent action by the kin group is punished or kin group is not recognized as a unit to avenge transgressions against its members",0,"1890","Brazil",-23.5,-55,NA
182,"Lengua",-0.325216976828093,"Agamous",3,1890,"Large extended",8,1890,"Ambi-uxo",11,1890,"Limited polygyny",2,1890,NA,NA,NA,"Bilateral",6,1890,NA,1,3,2,2.5,0,0,"Insignificant",0,1890,"not favoring formation of fraternal interest groups",1,1889,NA,NA,NA,"Egalitarian",1,1889,"< 1 person / sq. mile",1,1889,"100-199 persons",2,1889,"Pack Animals",2,1889,"0%",0,1889,"None",1,1889,"Autonomous local communities",2,1889,"Hunting",8,1889,"Anyone in the malefactor's kin group",1,"1889","Southern South America",-23,-58.5,-0.392560429723973
183,"Abipón",-0.7813796977834,"Agamous",3,1800,"Nuclear, limited polygyny",2,1800,"Neolocal",6,1800,"Limited polygyny",2,1800,"None preferred",9,1800,"Bilateral",6,1800,9,1,0,0,0,0,0,"Bride-wealth",1,1800,NA,NA,NA,"Ude persuasion to help organized & structure group action",1,1750,"2 social classes, castes/slavery",3,1750,"< 1 person / sq. mile",1,1750,"200-399 persons",3,1750,"Pack Animals",2,1750,"0%",0,1750,"None",1,1750,"Autonomous local communities",2,1750,"Hunting",8,1750,"Missing or conflicting information",9,"1850","Southern South America",-28,-59.5,-0.837470796668468
184,"Mapuche",0.417071446525125,"Segmented, exogamy",5,1880,"Small extended",7,1880,"Patrilocal",8,1880,"Polygyny, non-sororal cohabit",5,1880,"MoBrDa",2,1880,"Patrilineal",1,1880,2,2,2,2,2,1,1,"Bride-wealth",1,1880,"favoring formation of fraternal interest groups",2,1950,"Ude persuasion to help organized & structure group action",1,1950,"Hereditary slavery",2,1950,"26-100 persons  / sq. mile",4,1950,"fewer than 100 persons",1,1950,"Animal-drawn vehicles",4,1950,"5%",5,1950,"Alien currency",3,1950,"1 level above community",3,1950,"Advanced Agriculture",1,1950,"Not applicable - violent action by the kin group is punished or kin group is not recognized as a unit to avenge transgressions against its members",0,"1950","Southern South America",-38.5,-72.58,NA
185,"Tehuelche",-0.25049041662458,"Agamous",3,1870,"Small extended",7,1870,"Virilocal",10,1870,"Limited polygyny",2,1870,"None preferred",9,1870,"Bilateral",6,1870,9,1,2,2,2,0,0,"Gift exchange",1,1870,NA,NA,NA,NA,NA,NA,"Egalitarian",1,1870,"< 1 person / sq. mile",1,1870,"100-199 persons",2,1870,"Pack Animals",2,1870,"5%",5,1870,"None",1,1870,"Autonomous local communities",2,1870,"Hunting",8,1870,"The malefactor only",3,"1870","Southern South America",-40.5,-68,-0.316152660230118
186,"Yahgan",-0.51593505720399,"Exogamous",4,1870,"Nuclear, limited polygyny",2,1870,"Virilocal",10,1870,"Limited polygyny",2,1870,"None preferred",9,1870,"Bilateral",6,1870,9,1,0,2,1,0,0,"Bride-service",0,1870,"favoring formation of fraternal interest groups",2,1865,"Ude persuasion to help organized & structure group action",1,1865,"Egalitarian",1,1865,"< 1 person / sq. mile",1,1865,"fewer than 100 persons",1,1865,"Human only",1,1865,"0%",0,1865,"None",1,1865,"Autonomous local communities",2,1865,"Fishing",6,1865,"The malefactor only",3,"1865","Southern South America",-55.5,-69.5,-0.576811728449293
