uuid,Primary_Author,Title,Published,Page,DocType,Culture,Region,Subregion,Subsistence,OCM,IDs,Permalink
85e9ba65-4ba3-478a-88c9-43b024043d48,"Kane, Paul, 1810-1971","Wanderings of an artist among the Indians of North America
         from Canada to Vancouver's Island and Oregon through the Hudson's Bay Company's Territory
         and back again",1925,297,"Component part(s), monograph",Blackfoot,North America,Plains and Plateau,hunter-gatherers,,"578,626,627,683",https://ehrafworldcultures.yale.edu/sres/85e9ba65-4ba3-478a-88c9-43b024043d48
0a75eaec-9801-4e11-9c8b-1ad9d11abfbe,"Samek, Hana, 1953-","The Blackfoot confederacy, 1880-1920: a comparative study of
         Canadian and U.S. Indian policy",1987,156,Monograph,Blackfoot,North America,Plains and Plateau,hunter-gatherers,,"113,657,682,696",https://ehrafworldcultures.yale.edu/sres/0a75eaec-9801-4e11-9c8b-1ad9d11abfbe
4c7dbe10-b61c-4b51-9839-e12d5d33b06b,"Samek, Hana, 1953-","The Blackfoot confederacy, 1880-1920: a comparative study of
         Canadian and U.S. Indian policy",1987,162,Monograph,Blackfoot,North America,Plains and Plateau,hunter-gatherers,,"657,682,694,696,762",https://ehrafworldcultures.yale.edu/sres/4c7dbe10-b61c-4b51-9839-e12d5d33b06b
b534eef8-75a5-4c9a-a440-7457f2e2a70b,"Samek, Hana, 1953-","The Blackfoot confederacy, 1880-1920: a comparative study of
         Canadian and U.S. Indian policy",1987,163,Monograph,Blackfoot,North America,Plains and Plateau,hunter-gatherers,,"113,657,682,694,696,762",https://ehrafworldcultures.yale.edu/sres/b534eef8-75a5-4c9a-a440-7457f2e2a70b
be6b0d49-fdfe-458f-83b1-900e8be2ffda,"McFee, Malcolm.",Modern Blackfeet; Montanans on a reservation,1972,43,Monograph,Blackfoot,North America,Plains and Plateau,hunter-gatherers,,"183,625,626,627,831,861,867",https://ehrafworldcultures.yale.edu/sres/be6b0d49-fdfe-458f-83b1-900e8be2ffda
d0f3362b-1522-429f-ae01-d55a7b5b7182,"McClintock, Walter, 1870-1949","The old north trail: or, Life, legends and religion of the
         Blackfeet Indians",1968,184,Monograph,Blackfoot,North America,Plains and Plateau,hunter-gatherers,,"174,562,626,684,688,755,771,782,783,793,796,831,864",https://ehrafworldcultures.yale.edu/sres/d0f3362b-1522-429f-ae01-d55a7b5b7182
c1b48d6d-2e2d-40a2-85ff-27c64648ace4,"Ewers, John Canfield",The Blackfeet: raiders of the northwestern Plains,1958,97,Monograph,Blackfoot,North America,Plains and Plateau,hunter-gatherers,,"622,627,682,685",https://ehrafworldcultures.yale.edu/sres/c1b48d6d-2e2d-40a2-85ff-27c64648ace4
88c577c1-889e-457f-8012-7b9516bbeb6b,"Ewers, John Canfield",The Blackfeet: raiders of the northwestern Plains,1958,100,Monograph,Blackfoot,North America,Plains and Plateau,hunter-gatherers,,"627,684,837",https://ehrafworldcultures.yale.edu/sres/88c577c1-889e-457f-8012-7b9516bbeb6b
858b3417-0168-4d21-96f4-f4b1c6530d31,"McFee, Malcolm.",Modern Blackfeet; Montanans on a reservation,1972,44,Monograph,Blackfoot,North America,Plains and Plateau,hunter-gatherers,,"627,682,684,689",https://ehrafworldcultures.yale.edu/sres/858b3417-0168-4d21-96f4-f4b1c6530d31
e006242f-688c-49d6-b435-1429d9d11052,"Goldfrank, Esther Schiff","Changing configurations in the social organization of a
         Blackfoot trine during the reserve period (the Blood of Alberta, Canada)",1966,9,Monograph,Blackfoot,North America,Plains and Plateau,hunter-gatherers,,"181,578,627,682",https://ehrafworldcultures.yale.edu/sres/e006242f-688c-49d6-b435-1429d9d11052
8d5d20aa-06ef-4743-a936-5de8b17b0625,"Ewers, John Canfield","The horse in Blackfoot Indian culture, with comparative
         material from other western tribes",1955,251,Monograph,Blackfoot,North America,Plains and Plateau,hunter-gatherers,,"175,627,682,684,685",https://ehrafworldcultures.yale.edu/sres/8d5d20aa-06ef-4743-a936-5de8b17b0625
66de5976-8f3c-4f79-a322-83c17573148c,"Dempsey, Hugh Aylmer, 1929-",Charcoal's world,1978,155,Monograph,Blackfoot,North America,Plains and Plateau,hunter-gatherers,,"159,696",https://ehrafworldcultures.yale.edu/sres/66de5976-8f3c-4f79-a322-83c17573148c
03481656-da31-4077-8b9a-f17134e023ba,"Dempsey, Hugh Aylmer, 1929-",Charcoal's world,1978,155,Monograph,Blackfoot,North America,Plains and Plateau,hunter-gatherers,,"159,696",https://ehrafworldcultures.yale.edu/sres/03481656-da31-4077-8b9a-f17134e023ba
2a6755a3-d17b-471e-9df6-e4e42b82da51,"Dempsey, Hugh Aylmer, 1929-",Charcoal's world,1978,156,Monograph,Blackfoot,North America,Plains and Plateau,hunter-gatherers,,"159,696",https://ehrafworldcultures.yale.edu/sres/2a6755a3-d17b-471e-9df6-e4e42b82da51
35b2206e-cd97-487f-b5ca-cc1fd2482cd8,"Dempsey, Hugh Aylmer, 1929-",Charcoal's world,1978,156,Monograph,Blackfoot,North America,Plains and Plateau,hunter-gatherers,,"159,696",https://ehrafworldcultures.yale.edu/sres/35b2206e-cd97-487f-b5ca-cc1fd2482cd8
725f7bd5-bd90-428c-b072-f582bebc28e0,"Mountain Horse, Mike, 1888-1964","My people, the Bloods",1979,123,Monograph,Blackfoot,North America,Plains and Plateau,hunter-gatherers,,"159,696",https://ehrafworldcultures.yale.edu/sres/725f7bd5-bd90-428c-b072-f582bebc28e0
20180088-aed1-4ee7-8100-9ec2b98b271d,"Schultz, James Willard, 1859-1947","Blackfeet and buffalo: memories of life among the
         Indians",1962,219,Monograph,Blackfoot,North America,Plains and Plateau,hunter-gatherers,,"657,696",https://ehrafworldcultures.yale.edu/sres/20180088-aed1-4ee7-8100-9ec2b98b271d
e6b6e3c3-9f37-499d-bffe-5761a8e5a18d,"Schultz, James Willard, 1859-1947","Blackfeet and buffalo: memories of life among the
         Indians",1962,219,Monograph,Blackfoot,North America,Plains and Plateau,hunter-gatherers,,"657,696",https://ehrafworldcultures.yale.edu/sres/e6b6e3c3-9f37-499d-bffe-5761a8e5a18d
8387c695-d988-4059-8782-0762bb92e7e2,"Schultz, James Willard, 1859-1947","Blackfeet and buffalo: memories of life among the
         Indians",1962,219,Monograph,Blackfoot,North America,Plains and Plateau,hunter-gatherers,,"657,696",https://ehrafworldcultures.yale.edu/sres/8387c695-d988-4059-8782-0762bb92e7e2
3fc55513-036e-475e-a205-951a45662b9c,"Schultz, James Willard, 1859-1947","Blackfeet and buffalo: memories of life among the
         Indians",1962,219,Monograph,Blackfoot,North America,Plains and Plateau,hunter-gatherers,,"657,696,776,821",https://ehrafworldcultures.yale.edu/sres/3fc55513-036e-475e-a205-951a45662b9c
f4e0b7dc-023e-4acb-8686-4335f75e7e5a,"Schultz, James Willard, 1859-1947","Blackfeet and buffalo: memories of life among the
         Indians",1962,220,Monograph,Blackfoot,North America,Plains and Plateau,hunter-gatherers,,"657,696",https://ehrafworldcultures.yale.edu/sres/f4e0b7dc-023e-4acb-8686-4335f75e7e5a
de437d00-8560-40f6-ad5b-0c82f210f0db,"Schultz, James Willard, 1859-1947","Blackfeet and buffalo: memories of life among the
         Indians",1962,220,Monograph,Blackfoot,North America,Plains and Plateau,hunter-gatherers,,"657,696",https://ehrafworldcultures.yale.edu/sres/de437d00-8560-40f6-ad5b-0c82f210f0db
516c773e-0a11-4a00-97df-769f02522d01,"Schultz, James Willard, 1859-1947","Blackfeet and buffalo: memories of life among the
         Indians",1962,220,Monograph,Blackfoot,North America,Plains and Plateau,hunter-gatherers,,"657,696",https://ehrafworldcultures.yale.edu/sres/516c773e-0a11-4a00-97df-769f02522d01
75933d73-7a7a-4487-be92-3887e63d0c7f,"Schultz, James Willard, 1859-1947","Blackfeet and buffalo: memories of life among the
         Indians",1962,220,Monograph,Blackfoot,North America,Plains and Plateau,hunter-gatherers,,"657,696",https://ehrafworldcultures.yale.edu/sres/75933d73-7a7a-4487-be92-3887e63d0c7f
b31a081f-0787-4e1b-8d3f-58395bdf6f05,"Schultz, James Willard, 1859-1947","Blackfeet and buffalo: memories of life among the
         Indians",1962,220,Monograph,Blackfoot,North America,Plains and Plateau,hunter-gatherers,,"657,696",https://ehrafworldcultures.yale.edu/sres/b31a081f-0787-4e1b-8d3f-58395bdf6f05
0a3add66-9be5-4182-aa3d-9caeac5ed23b,"Schultz, James Willard, 1859-1947","Blackfeet and buffalo: memories of life among the
         Indians",1962,220,Monograph,Blackfoot,North America,Plains and Plateau,hunter-gatherers,,"657,696",https://ehrafworldcultures.yale.edu/sres/0a3add66-9be5-4182-aa3d-9caeac5ed23b
60860ca5-7767-40e7-b7bd-4f85a21ea971,"Schultz, James Willard, 1859-1947","Blackfeet and buffalo: memories of life among the
         Indians",1962,221,Monograph,Blackfoot,North America,Plains and Plateau,hunter-gatherers,,"657,696",https://ehrafworldcultures.yale.edu/sres/60860ca5-7767-40e7-b7bd-4f85a21ea971
baedb6c1-ff1b-45ab-a731-cea1e0556335,"Schultz, James Willard, 1859-1947","Blackfeet and buffalo: memories of life among the
         Indians",1962,221,Monograph,Blackfoot,North America,Plains and Plateau,hunter-gatherers,,"657,696",https://ehrafworldcultures.yale.edu/sres/baedb6c1-ff1b-45ab-a731-cea1e0556335
f66cebf0-d2a3-4d64-b98a-847a8057afc0,"Schultz, James Willard, 1859-1947","Blackfeet and buffalo: memories of life among the
         Indians",1962,221,Monograph,Blackfoot,North America,Plains and Plateau,hunter-gatherers,,"657,696",https://ehrafworldcultures.yale.edu/sres/f66cebf0-d2a3-4d64-b98a-847a8057afc0
9b15979e-877c-4c15-a329-2d3776588185,"Schultz, James Willard, 1859-1947","Blackfeet and buffalo: memories of life among the
         Indians",1962,221,Monograph,Blackfoot,North America,Plains and Plateau,hunter-gatherers,,"657,696",https://ehrafworldcultures.yale.edu/sres/9b15979e-877c-4c15-a329-2d3776588185
43572db7-0ff6-4bed-b300-93391af95765,"Schultz, James Willard, 1859-1947","Blackfeet and buffalo: memories of life among the
         Indians",1962,221,Monograph,Blackfoot,North America,Plains and Plateau,hunter-gatherers,,"657,696",https://ehrafworldcultures.yale.edu/sres/43572db7-0ff6-4bed-b300-93391af95765
cdc2bb9f-f4fc-456a-ac82-ede4dd2a87e2,"Schultz, James Willard, 1859-1947","Blackfeet and buffalo: memories of life among the
         Indians",1962,222,Monograph,Blackfoot,North America,Plains and Plateau,hunter-gatherers,,"657,696",https://ehrafworldcultures.yale.edu/sres/cdc2bb9f-f4fc-456a-ac82-ede4dd2a87e2
4cfdd22b-e2c0-40cd-9ac9-ce14155ec28b,"Schultz, James Willard, 1859-1947","Blackfeet and buffalo: memories of life among the
         Indians",1962,222,Monograph,Blackfoot,North America,Plains and Plateau,hunter-gatherers,,"657,696",https://ehrafworldcultures.yale.edu/sres/4cfdd22b-e2c0-40cd-9ac9-ce14155ec28b
35ae4365-c0f4-4444-8596-cfb5172e84e1,"Schultz, James Willard, 1859-1947","Blackfeet and buffalo: memories of life among the
         Indians",1962,222,Monograph,Blackfoot,North America,Plains and Plateau,hunter-gatherers,,"657,696,776,787",https://ehrafworldcultures.yale.edu/sres/35ae4365-c0f4-4444-8596-cfb5172e84e1
24ed544a-c718-464e-9964-f0dcea21513b,"Schultz, James Willard, 1859-1947","Blackfeet and buffalo: memories of life among the
         Indians",1962,222,Monograph,Blackfoot,North America,Plains and Plateau,hunter-gatherers,,"657,696",https://ehrafworldcultures.yale.edu/sres/24ed544a-c718-464e-9964-f0dcea21513b
4362912c-0a43-4a03-aa0d-f1139cac1f60,"Schultz, James Willard, 1859-1947","Blackfeet and buffalo: memories of life among the
         Indians",1962,222,Monograph,Blackfoot,North America,Plains and Plateau,hunter-gatherers,,"657,696",https://ehrafworldcultures.yale.edu/sres/4362912c-0a43-4a03-aa0d-f1139cac1f60
57181322-c22e-40c0-adb8-cc5738266a09,"Schultz, James Willard, 1859-1947","Blackfeet and buffalo: memories of life among the
         Indians",1962,222,Monograph,Blackfoot,North America,Plains and Plateau,hunter-gatherers,,"657,696",https://ehrafworldcultures.yale.edu/sres/57181322-c22e-40c0-adb8-cc5738266a09
04b2ac43-8f06-4be6-ab2f-a4f6ff8de6a0,"Schultz, James Willard, 1859-1947","Blackfeet and buffalo: memories of life among the
         Indians",1962,222,Monograph,Blackfoot,North America,Plains and Plateau,hunter-gatherers,,"657,696",https://ehrafworldcultures.yale.edu/sres/04b2ac43-8f06-4be6-ab2f-a4f6ff8de6a0
54e075ad-0b31-476f-bdfc-8a44bde0d655,"Schultz, James Willard, 1859-1947","Blackfeet and buffalo: memories of life among the
         Indians",1962,222,Monograph,Blackfoot,North America,Plains and Plateau,hunter-gatherers,,"657,696",https://ehrafworldcultures.yale.edu/sres/54e075ad-0b31-476f-bdfc-8a44bde0d655
c6015749-eb03-4482-bbe0-7c856bb0339b,"Schultz, James Willard, 1859-1947","Blackfeet and buffalo: memories of life among the
         Indians",1962,222,Monograph,Blackfoot,North America,Plains and Plateau,hunter-gatherers,,"657,696",https://ehrafworldcultures.yale.edu/sres/c6015749-eb03-4482-bbe0-7c856bb0339b
542d4c24-a16c-4702-8bcf-fcddf800a455,"Schultz, James Willard, 1859-1947","Blackfeet and buffalo: memories of life among the
         Indians",1962,223,Monograph,Blackfoot,North America,Plains and Plateau,hunter-gatherers,,"291,533,657,696,782",https://ehrafworldcultures.yale.edu/sres/542d4c24-a16c-4702-8bcf-fcddf800a455
13eb9246-99d1-4dfe-8559-1d833a122140,"Schultz, James Willard, 1859-1947","Blackfeet and buffalo: memories of life among the
         Indians",1962,224,Monograph,Blackfoot,North America,Plains and Plateau,hunter-gatherers,,"261,657,696",https://ehrafworldcultures.yale.edu/sres/13eb9246-99d1-4dfe-8559-1d833a122140
b282d590-a3e2-4891-9a8f-4b00cbed2d08,"Schultz, James Willard, 1859-1947","Blackfeet and buffalo: memories of life among the
         Indians",1962,224,Monograph,Blackfoot,North America,Plains and Plateau,hunter-gatherers,,"657,696",https://ehrafworldcultures.yale.edu/sres/b282d590-a3e2-4891-9a8f-4b00cbed2d08
c8ba1482-f92f-4895-8a59-a926671feebb,"Schultz, James Willard, 1859-1947","Blackfeet and buffalo: memories of life among the
         Indians",1962,224,Monograph,Blackfoot,North America,Plains and Plateau,hunter-gatherers,,"657,696",https://ehrafworldcultures.yale.edu/sres/c8ba1482-f92f-4895-8a59-a926671feebb
3e565b9a-2637-4083-b61e-706f46e255cb,"Nugent, David","Property relations, production relations, and inequality:
         anthropology, political economy, and the Blackfeet",1993,346,Journal Article,Blackfoot,North America,Plains and Plateau,hunter-gatherers,,"156,224,431,577,626",https://ehrafworldcultures.yale.edu/sres/3e565b9a-2637-4083-b61e-706f46e255cb
aeba0b02-a543-4a9b-9c18-e1adf738ea5d,"Nugent, David","Property relations, production relations, and inequality:
         anthropology, political economy, and the Blackfeet",1993,346,Journal Article,Blackfoot,North America,Plains and Plateau,hunter-gatherers,,"156,224,431,577,626",https://ehrafworldcultures.yale.edu/sres/aeba0b02-a543-4a9b-9c18-e1adf738ea5d
f976dec6-386a-487a-85dc-3f6edd21515e,"Hanks, Lucien M. (Lucien Mason), 1910-",Observations on Northern Blackfoot kinship,1966,14,Monograph,Blackfoot,North America,Plains and Plateau,hunter-gatherers,,"561,596,603,626,886,888",https://ehrafworldcultures.yale.edu/sres/f976dec6-386a-487a-85dc-3f6edd21515e
05799619-667a-4053-b447-3b4f6610a7a0,"Hanks, Lucien M. (Lucien Mason), 1910-",Observations on Northern Blackfoot kinship,1966,23,Monograph,Blackfoot,North America,Plains and Plateau,hunter-gatherers,,"152,554,558,593,597,601,626,827,858,867",https://ehrafworldcultures.yale.edu/sres/05799619-667a-4053-b447-3b4f6610a7a0
096024d0-fb89-4204-b538-d33c47201e20,"Dempsey, Hugh Aylmer, 1929-","Social dances of the Blood Indians of Alberta, Canada",1956,49,Journal Article,Blackfoot,North America,Plains and Plateau,hunter-gatherers,,"535,561,575,626",https://ehrafworldcultures.yale.edu/sres/096024d0-fb89-4204-b538-d33c47201e20
f77847a8-ac3f-4158-926d-dafb276a5936,"Dempsey, Hugh Aylmer, 1929-","Social dances of the Blood Indians of Alberta, Canada",1956,51,Journal Article,Blackfoot,North America,Plains and Plateau,hunter-gatherers,,"535,626",https://ehrafworldcultures.yale.edu/sres/f77847a8-ac3f-4158-926d-dafb276a5936
21f83efa-bc99-4232-bc43-c808eef70ea6,"McClintock, Walter, 1870-1949","The old north trail: or, Life, legends and religion of the
         Blackfeet Indians",1968,464,Monograph,Blackfoot,North America,Plains and Plateau,hunter-gatherers,,"173,183,575,626,782",https://ehrafworldcultures.yale.edu/sres/21f83efa-bc99-4232-bc43-c808eef70ea6
d7f0382e-6c21-422e-b80b-fe9bf3ad2219,"McClintock, Walter, 1870-1949","The old north trail: or, Life, legends and religion of the
         Blackfeet Indians",1968,465,Monograph,Blackfoot,North America,Plains and Plateau,hunter-gatherers,,"173,575,626",https://ehrafworldcultures.yale.edu/sres/d7f0382e-6c21-422e-b80b-fe9bf3ad2219
572aec25-166f-4892-8928-113bed26e865,"Ewers, John C. (John Canfield),
         1909-1997",Blackfoot Indian pipes and pipemaking,1963,[p.33],Monograph,Blackfoot,North America,Plains and Plateau,hunter-gatherers,,"182,276,431,437,626,695,728,778",https://ehrafworldcultures.yale.edu/sres/572aec25-166f-4892-8928-113bed26e865
a3de7d67-1208-4aa0-85b6-eb8c3cd5399b,"Ewers, John C. (John Canfield),
         1909-1997",Blackfoot Indian pipes and pipemaking,1963,[p.33],Monograph,Blackfoot,North America,Plains and Plateau,hunter-gatherers,,"276,626,827",https://ehrafworldcultures.yale.edu/sres/a3de7d67-1208-4aa0-85b6-eb8c3cd5399b
a9d012ed-e064-4768-b87d-395608abe909,"McFee, Malcolm.",Modern Blackfeet; Montanans on a reservation,1972,11,Monograph,Blackfoot,North America,Plains and Plateau,hunter-gatherers,,"177,563,626",https://ehrafworldcultures.yale.edu/sres/a9d012ed-e064-4768-b87d-395608abe909
ee23c75a-7318-46bf-9d4b-e34b2436b661,"McFee, Malcolm.",Modern Blackfeet; Montanans on a reservation,1972,46,Monograph,Blackfoot,North America,Plains and Plateau,hunter-gatherers,,"183,626",https://ehrafworldcultures.yale.edu/sres/ee23c75a-7318-46bf-9d4b-e34b2436b661
32fd62b0-b1eb-492c-b3f3-295dea91657d,"McFee, Malcolm.",Modern Blackfeet; Montanans on a reservation,1972,100,Monograph,Blackfoot,North America,Plains and Plateau,hunter-gatherers,,"183,431,571,626",https://ehrafworldcultures.yale.edu/sres/32fd62b0-b1eb-492c-b3f3-295dea91657d
db01713a-21f0-4769-a1fe-25f41cb5dd36,"McFee, Malcolm.",Modern Blackfeet; Montanans on a reservation,1972,101,Monograph,Blackfoot,North America,Plains and Plateau,hunter-gatherers,,"183,571,626",https://ehrafworldcultures.yale.edu/sres/db01713a-21f0-4769-a1fe-25f41cb5dd36
1940f679-8dde-47aa-8eb2-0d8cc072c918,"McFee, Malcolm.",Modern Blackfeet; Montanans on a reservation,1972,115,Monograph,Blackfoot,North America,Plains and Plateau,hunter-gatherers,,"554,571,626",https://ehrafworldcultures.yale.edu/sres/1940f679-8dde-47aa-8eb2-0d8cc072c918
33de4ec6-8b49-4c2d-a65e-3e1aee8fbbef,"McFee, Malcolm.",Modern Blackfeet; Montanans on a reservation,1972,116,Monograph,Blackfoot,North America,Plains and Plateau,hunter-gatherers,,"554,626",https://ehrafworldcultures.yale.edu/sres/33de4ec6-8b49-4c2d-a65e-3e1aee8fbbef
af87561c-5852-4a42-88d8-f53d9224a8b4,"Conaty, Gerald T.",Culture summary: Blackfoot,1999,5,Manuscript,Blackfoot,North America,Plains and Plateau,hunter-gatherers,,"625,626",https://ehrafworldcultures.yale.edu/sres/af87561c-5852-4a42-88d8-f53d9224a8b4
c62eae54-5ec2-4437-a01c-f91929a6771e,"Goldfrank, Esther Schiff","Changing configurations in the social organization of a
         Blackfoot trine during the reserve period (the Blood of Alberta, Canada)",1966,12,Monograph,Blackfoot,North America,Plains and Plateau,hunter-gatherers,,"157,181,578,626",https://ehrafworldcultures.yale.edu/sres/c62eae54-5ec2-4437-a01c-f91929a6771e
3052f12b-169f-48ae-a997-3905911c0c05,"Goldfrank, Esther Schiff","Changing configurations in the social organization of a
         Blackfoot trine during the reserve period (the Blood of Alberta, Canada)",1966,40,Monograph,Blackfoot,North America,Plains and Plateau,hunter-gatherers,,"114,128,162,178,184,424,556,575,626",https://ehrafworldcultures.yale.edu/sres/3052f12b-169f-48ae-a997-3905911c0c05
58f5d02a-7d10-4ffd-bf8d-6c32f37470d7,"Goldfrank, Esther Schiff","Changing configurations in the social organization of a
         Blackfoot trine during the reserve period (the Blood of Alberta, Canada)",1966,51,Monograph,Blackfoot,North America,Plains and Plateau,hunter-gatherers,,"593,626,783,784,796,836,837",https://ehrafworldcultures.yale.edu/sres/58f5d02a-7d10-4ffd-bf8d-6c32f37470d7
7af54096-40cb-480f-9e40-ac1eb4ea4801,"Binnema, Theodore","Old Swan, Big Man, and the Siksika Bands, 1794-1815",1996,3,Journal Article,Blackfoot,North America,Plains and Plateau,hunter-gatherers,,"113,578,621,626",https://ehrafworldcultures.yale.edu/sres/7af54096-40cb-480f-9e40-ac1eb4ea4801
7e0192a3-6b18-4cad-9ce6-ccfc26ce45a8,"Lismer, Marjorie","Adoption practices of the Blood Indians of Alberta,
         Canada",1974,p.28,Journal Article,Blackfoot,North America,Plains and Plateau,hunter-gatherers,,"597,626",https://ehrafworldcultures.yale.edu/sres/7e0192a3-6b18-4cad-9ce6-ccfc26ce45a8
4ffc6545-a572-4ff0-9b97-9c1e4f1de8cb,"Lismer, Marjorie","Adoption practices of the Blood Indians of Alberta,
         Canada",1974,p.29,Journal Article,Blackfoot,North America,Plains and Plateau,hunter-gatherers,,"593,597,626,858,888",https://ehrafworldcultures.yale.edu/sres/4ffc6545-a572-4ff0-9b97-9c1e4f1de8cb
6c2e0776-f39f-4e24-be14-d160c575fc34,"Lancaster, Richard","Piegan: a look from within at the life, times, and legacy of
         an American Indian tribe",1966,315,Monograph,Blackfoot,North America,Plains and Plateau,hunter-gatherers,,"252,262,626,721",https://ehrafworldcultures.yale.edu/sres/6c2e0776-f39f-4e24-be14-d160c575fc34
52358bc4-21a7-4a54-8540-722d5b5097dc,"Wissler, Clark, 1870-1947",The social life of the Blackfoot Indians,1911,51,Monograph,Blackfoot,North America,Plains and Plateau,hunter-gatherers,,"276,626,782,821",https://ehrafworldcultures.yale.edu/sres/52358bc4-21a7-4a54-8540-722d5b5097dc
557929b9-d08e-4bb4-be8a-95357735073d,"Wissler, Clark, 1870-1947",The social life of the Blackfoot Indians,1911,51,Monograph,Blackfoot,North America,Plains and Plateau,hunter-gatherers,,"626,782",https://ehrafworldcultures.yale.edu/sres/557929b9-d08e-4bb4-be8a-95357735073d
129d7692-2cd5-49e1-ae0c-8e800b08db45,"Hanks, Lucien M. (Lucien Mason), 1910-","Tribe under trust: a study of the Blackfoot Reserve of
         Alberta",1950,156,Monograph,Blackfoot,North America,Plains and Plateau,hunter-gatherers,,"583,586,626,762",https://ehrafworldcultures.yale.edu/sres/129d7692-2cd5-49e1-ae0c-8e800b08db45
18f117e5-10ad-4885-8635-018666b373f5,"Hanks, Lucien M. (Lucien Mason), 1910-","Tribe under trust: a study of the Blackfoot Reserve of
         Alberta",1950,157,Monograph,Blackfoot,North America,Plains and Plateau,hunter-gatherers,,"586,602,626,643,657",https://ehrafworldcultures.yale.edu/sres/18f117e5-10ad-4885-8635-018666b373f5
e3b2da54-e7a7-4cbe-9c5d-f0003f3b8f17,"Wissler, Clark, 1870-1947",The social life of the Blackfoot Indians,1911,24,Monograph,Blackfoot,North America,Plains and Plateau,hunter-gatherers,,"622,626",https://ehrafworldcultures.yale.edu/sres/e3b2da54-e7a7-4cbe-9c5d-f0003f3b8f17
5936e3fc-e3eb-4cb7-b112-851a866e9f7d,"Wissler, Clark, 1870-1947",The Sun Dance of the Blackfoot Indians,1918,231,Monograph,Blackfoot,North America,Plains and Plateau,hunter-gatherers,,"626,793,796",https://ehrafworldcultures.yale.edu/sres/5936e3fc-e3eb-4cb7-b112-851a866e9f7d
b16ecec4-242f-4032-a0e5-e3d3cd5734cd,"Hungry Wolf, Adolf, 1944-","The Blood People: a division of the Blackfoot Confederacy : an
         illustrated interpretation of the old ways",1977,p.126,Monograph,Blackfoot,North America,Plains and Plateau,hunter-gatherers,,"432,626,778",https://ehrafworldcultures.yale.edu/sres/b16ecec4-242f-4032-a0e5-e3d3cd5734cd
47214d35-6d5c-48a7-be14-bdfe3a31bafe,"Hungry Wolf, Adolf, 1944-","The Blood People: a division of the Blackfoot Confederacy : an
         illustrated interpretation of the old ways",1977,p.129,Monograph,Blackfoot,North America,Plains and Plateau,hunter-gatherers,,"127,432,626,778,796",https://ehrafworldcultures.yale.edu/sres/47214d35-6d5c-48a7-be14-bdfe3a31bafe
c1be39e5-4bfa-450d-9da7-0b07aa793432,"Hungry Wolf, Adolf, 1944-","The Blood People: a division of the Blackfoot Confederacy : an
         illustrated interpretation of the old ways",1977,p.215,Monograph,Blackfoot,North America,Plains and Plateau,hunter-gatherers,,"237,561,575,626,787,796",https://ehrafworldcultures.yale.edu/sres/c1be39e5-4bfa-450d-9da7-0b07aa793432
5d30ed95-39f0-4dbc-ad13-d3da300e9aab,"Hungry Wolf, Adolf, 1944-","The Blood People: a division of the Blackfoot Confederacy : an
         illustrated interpretation of the old ways",1977,p.221,Monograph,Blackfoot,North America,Plains and Plateau,hunter-gatherers,,"411,431,535,626,721",https://ehrafworldcultures.yale.edu/sres/5d30ed95-39f0-4dbc-ad13-d3da300e9aab
bf5b0297-f5d0-4b2b-8dcb-17f91a935038,"Hungry Wolf, Adolf, 1944-","The Blood People: a division of the Blackfoot Confederacy : an
         illustrated interpretation of the old ways",1977,p.221,Monograph,Blackfoot,North America,Plains and Plateau,hunter-gatherers,,"101,266,535,626,796,825",https://ehrafworldcultures.yale.edu/sres/bf5b0297-f5d0-4b2b-8dcb-17f91a935038
0d05256f-999c-432f-ac15-b3992bf63d76,"Hungry Wolf, Adolf, 1944-","The Blood People: a division of the Blackfoot Confederacy : an
         illustrated interpretation of the old ways",1977,233,Monograph,Blackfoot,North America,Plains and Plateau,hunter-gatherers,,"431,626",https://ehrafworldcultures.yale.edu/sres/0d05256f-999c-432f-ac15-b3992bf63d76
94f04d87-4257-40b6-abee-e06fe4463f5f,"Hungry Wolf, Adolf, 1944-","The Blood People: a division of the Blackfoot Confederacy : an
         illustrated interpretation of the old ways",1977,p.246,Monograph,Blackfoot,North America,Plains and Plateau,hunter-gatherers,,"159,626,721,726",https://ehrafworldcultures.yale.edu/sres/94f04d87-4257-40b6-abee-e06fe4463f5f
97c37f8d-62aa-45a2-a948-7f57e52f67d1,"Grinnell, George Bird, 1849-1938",Blackfoot lodge tales: the story of a prairie people,1962,188,Monograph,Blackfoot,North America,Plains and Plateau,hunter-gatherers,,"276,626,782",https://ehrafworldcultures.yale.edu/sres/97c37f8d-62aa-45a2-a948-7f57e52f67d1
115487e9-d921-4c8d-9277-2ffad9e2c63e,"Ewers, John Canfield",The Blackfeet: raiders of the northwestern Plains,1958,242,Monograph,Blackfoot,North America,Plains and Plateau,hunter-gatherers,,627,https://ehrafworldcultures.yale.edu/sres/115487e9-d921-4c8d-9277-2ffad9e2c63e
39e55e56-708f-4904-b557-2dfeb1d82321,"Wissler, Clark, 1870-1947",Ceremonial bundles of the Blackfoot Indians,1912,276,Monograph,Blackfoot,North America,Plains and Plateau,hunter-gatherers,,"555,556,571,627,778",https://ehrafworldcultures.yale.edu/sres/39e55e56-708f-4904-b557-2dfeb1d82321
8018dd62-d583-414d-9621-549d1832459c,"Dempsey, Hugh Aylmer, 1929-",The Blackfoot Indians,1986,411,"Component part(s), monograph",Blackfoot,North America,Plains and Plateau,hunter-gatherers,,"622,625,627",https://ehrafworldcultures.yale.edu/sres/8018dd62-d583-414d-9621-549d1832459c
943facfd-1573-42ef-9755-f816de4a8189,"Ewers, John Canfield","The horse in Blackfoot Indian culture, with comparative
         material from other western tribes",1955,251,Monograph,Blackfoot,North America,Plains and Plateau,hunter-gatherers,,"627,673",https://ehrafworldcultures.yale.edu/sres/943facfd-1573-42ef-9755-f816de4a8189
bfde56d2-2014-459a-ae88-034a6af60a02,"Ewers, John Canfield","The horse in Blackfoot Indian culture, with comparative
         material from other western tribes",1955,251,Monograph,Blackfoot,North America,Plains and Plateau,hunter-gatherers,,"627,673",https://ehrafworldcultures.yale.edu/sres/bfde56d2-2014-459a-ae88-034a6af60a02
148b0c71-7e74-4f6b-8498-184dcfdb293b,"Wissler, Clark, 1870-1947",The social life of the Blackfoot Indians,1911,23,Monograph,Blackfoot,North America,Plains and Plateau,hunter-gatherers,,"622,627",https://ehrafworldcultures.yale.edu/sres/148b0c71-7e74-4f6b-8498-184dcfdb293b
1d311954-3e6d-4a6b-9030-110bb945da1f,"Wissler, Clark, 1870-1947",The social life of the Blackfoot Indians,1911,27,Monograph,Blackfoot,North America,Plains and Plateau,hunter-gatherers,,"178,428,627,768",https://ehrafworldcultures.yale.edu/sres/1d311954-3e6d-4a6b-9030-110bb945da1f
af08742a-56d1-4739-ace9-aa86d23faca5,"Hungry Wolf, Adolf, 1944-","The Blood People: a division of the Blackfoot Confederacy : an
         illustrated interpretation of the old ways",1977,40,Monograph,Blackfoot,North America,Plains and Plateau,hunter-gatherers,,"578,627,784,793",https://ehrafworldcultures.yale.edu/sres/af08742a-56d1-4739-ace9-aa86d23faca5
784b735f-1f0c-41c9-8519-e0670deaed84,"Hungry Wolf, Adolf, 1944-","The Blood People: a division of the Blackfoot Confederacy : an
         illustrated interpretation of the old ways",1977,p.247,Monograph,Blackfoot,North America,Plains and Plateau,hunter-gatherers,,"159,627,726,883",https://ehrafworldcultures.yale.edu/sres/784b735f-1f0c-41c9-8519-e0670deaed84
01b2cc50-1902-46d5-b1bb-8eaababc7ff2,"Hungry Wolf, Adolf, 1944-","The Blood People: a division of the Blackfoot Confederacy : an
         illustrated interpretation of the old ways",1977,p.247,Monograph,Blackfoot,North America,Plains and Plateau,hunter-gatherers,,"159,627,726,883",https://ehrafworldcultures.yale.edu/sres/01b2cc50-1902-46d5-b1bb-8eaababc7ff2
b876d274-4d7b-45bf-bd99-8ccc3f9bf068,"Dempsey, Hugh Aylmer, 1929-",Charcoal's world,1978,10,Monograph,Blackfoot,North America,Plains and Plateau,hunter-gatherers,,"159,657,685",https://ehrafworldcultures.yale.edu/sres/b876d274-4d7b-45bf-bd99-8ccc3f9bf068
34d794f0-acf2-44f9-ae07-53d2c7ef0f67,"Dempsey, Hugh Aylmer, 1929-",Charcoal's world,1978,10,Monograph,Blackfoot,North America,Plains and Plateau,hunter-gatherers,,"159,657,685",https://ehrafworldcultures.yale.edu/sres/34d794f0-acf2-44f9-ae07-53d2c7ef0f67
0304eded-c6d6-4ca1-924a-4e2736d37488,"Dempsey, Hugh Aylmer, 1929-",Charcoal's world,1978,10,Monograph,Blackfoot,North America,Plains and Plateau,hunter-gatherers,,"159,657,685",https://ehrafworldcultures.yale.edu/sres/0304eded-c6d6-4ca1-924a-4e2736d37488
a74469f0-d6db-4bf3-aaa1-6b598334c047,"Dempsey, Hugh Aylmer, 1929-",Charcoal's world,1978,10,Monograph,Blackfoot,North America,Plains and Plateau,hunter-gatherers,,"159,657,685",https://ehrafworldcultures.yale.edu/sres/a74469f0-d6db-4bf3-aaa1-6b598334c047
d70ecd14-ab82-4bea-a4fe-d3fc3cde735a,"Dempsey, Hugh Aylmer, 1929-",Charcoal's world,1978,10,Monograph,Blackfoot,North America,Plains and Plateau,hunter-gatherers,,"159,657,685",https://ehrafworldcultures.yale.edu/sres/d70ecd14-ab82-4bea-a4fe-d3fc3cde735a
f7aea654-2652-4c4d-a488-3385a28c57e4,"Dempsey, Hugh Aylmer, 1929-",Charcoal's world,1978,10,Monograph,Blackfoot,North America,Plains and Plateau,hunter-gatherers,,"159,657,685,697",https://ehrafworldcultures.yale.edu/sres/f7aea654-2652-4c4d-a488-3385a28c57e4
a6394874-d1cf-42da-b22d-59c08f768695,"Dempsey, Hugh Aylmer, 1929-",Charcoal's world,1978,10,Monograph,Blackfoot,North America,Plains and Plateau,hunter-gatherers,,"159,657,685,697",https://ehrafworldcultures.yale.edu/sres/a6394874-d1cf-42da-b22d-59c08f768695
4cff667c-25df-4f51-92f3-a595c59587c9,"Dempsey, Hugh Aylmer, 1929-",Charcoal's world,1978,10,Monograph,Blackfoot,North America,Plains and Plateau,hunter-gatherers,,"159,657,685,697",https://ehrafworldcultures.yale.edu/sres/4cff667c-25df-4f51-92f3-a595c59587c9
9c037f7e-0560-4c02-aabd-a2dd9277041e,"Dempsey, Hugh Aylmer, 1929-",Charcoal's world,1978,17,Monograph,Blackfoot,North America,Plains and Plateau,hunter-gatherers,,"159,684,835,837",https://ehrafworldcultures.yale.edu/sres/9c037f7e-0560-4c02-aabd-a2dd9277041e
f920cd32-ffc6-46e5-9808-15d5f485923b,"Dempsey, Hugh Aylmer, 1929-",Charcoal's world,1978,17,Monograph,Blackfoot,North America,Plains and Plateau,hunter-gatherers,,"159,684,835,837",https://ehrafworldcultures.yale.edu/sres/f920cd32-ffc6-46e5-9808-15d5f485923b
45f3fc9e-316e-4835-9a4c-505e6e1a9ded,"Dempsey, Hugh Aylmer, 1929-",Charcoal's world,1978,17,Monograph,Blackfoot,North America,Plains and Plateau,hunter-gatherers,,"159,684,835,837",https://ehrafworldcultures.yale.edu/sres/45f3fc9e-316e-4835-9a4c-505e6e1a9ded
88ccdb97-037d-4637-be61-afcf786c9e0b,"Dempsey, Hugh Aylmer, 1929-",Charcoal's world,1978,20,Monograph,Blackfoot,North America,Plains and Plateau,hunter-gatherers,,"159,682,684,837",https://ehrafworldcultures.yale.edu/sres/88ccdb97-037d-4637-be61-afcf786c9e0b
753c5c6c-1d0a-4e78-b6db-34ab32a72219,"Dempsey, Hugh Aylmer, 1929-",Charcoal's world,1978,20,Monograph,Blackfoot,North America,Plains and Plateau,hunter-gatherers,,"159,682,684,837",https://ehrafworldcultures.yale.edu/sres/753c5c6c-1d0a-4e78-b6db-34ab32a72219
67701653-2baf-4069-8f03-377d891aa6ca,"Dempsey, Hugh Aylmer, 1929-",Charcoal's world,1978,20,Monograph,Blackfoot,North America,Plains and Plateau,hunter-gatherers,,"159,682,684,837",https://ehrafworldcultures.yale.edu/sres/67701653-2baf-4069-8f03-377d891aa6ca
9a89ae30-6420-4d51-bbbf-d80617c5cb7e,"Dempsey, Hugh Aylmer, 1929-",Charcoal's world,1978,20,Monograph,Blackfoot,North America,Plains and Plateau,hunter-gatherers,,"159,682,684,837",https://ehrafworldcultures.yale.edu/sres/9a89ae30-6420-4d51-bbbf-d80617c5cb7e
54c98656-0e9e-4cf4-be0a-364321664f6f,"Dempsey, Hugh Aylmer, 1929-",Charcoal's world,1978,21,Monograph,Blackfoot,North America,Plains and Plateau,hunter-gatherers,,"159,682,684,837",https://ehrafworldcultures.yale.edu/sres/54c98656-0e9e-4cf4-be0a-364321664f6f
5cf7af77-7643-41a6-8706-5682b90a7e73,"Dempsey, Hugh Aylmer, 1929-",Charcoal's world,1978,21,Monograph,Blackfoot,North America,Plains and Plateau,hunter-gatherers,,"159,682,684,837",https://ehrafworldcultures.yale.edu/sres/5cf7af77-7643-41a6-8706-5682b90a7e73
36660d51-1868-4fdd-90bf-25923b6785ff,"Dempsey, Hugh Aylmer, 1929-",Charcoal's world,1978,21,Monograph,Blackfoot,North America,Plains and Plateau,hunter-gatherers,,"159,682,684,837",https://ehrafworldcultures.yale.edu/sres/36660d51-1868-4fdd-90bf-25923b6785ff
aebf6526-2aee-449a-b05c-7cf59f6630d6,"Dempsey, Hugh Aylmer, 1929-",Charcoal's world,1978,26,Monograph,Blackfoot,North America,Plains and Plateau,hunter-gatherers,,"657,674,682",https://ehrafworldcultures.yale.edu/sres/aebf6526-2aee-449a-b05c-7cf59f6630d6
0d52177f-81d3-4773-895e-6e7d43e765b2,"Dempsey, Hugh Aylmer, 1929-",Charcoal's world,1978,26,Monograph,Blackfoot,North America,Plains and Plateau,hunter-gatherers,,"657,674,682",https://ehrafworldcultures.yale.edu/sres/0d52177f-81d3-4773-895e-6e7d43e765b2
1f900c31-baac-42e3-9ffc-d3cbf6fee6ad,"Dempsey, Hugh Aylmer, 1929-",Charcoal's world,1978,26,Monograph,Blackfoot,North America,Plains and Plateau,hunter-gatherers,,"657,674,682",https://ehrafworldcultures.yale.edu/sres/1f900c31-baac-42e3-9ffc-d3cbf6fee6ad
3a9d6519-4f67-49ff-a834-4f9aad92c31d,"Dempsey, Hugh Aylmer, 1929-",Charcoal's world,1978,26,Monograph,Blackfoot,North America,Plains and Plateau,hunter-gatherers,,"657,674,682",https://ehrafworldcultures.yale.edu/sres/3a9d6519-4f67-49ff-a834-4f9aad92c31d
801ed4d4-621f-4159-99de-a26ac1f1636d,"Dempsey, Hugh Aylmer, 1929-",Charcoal's world,1978,26,Monograph,Blackfoot,North America,Plains and Plateau,hunter-gatherers,,"657,674,682",https://ehrafworldcultures.yale.edu/sres/801ed4d4-621f-4159-99de-a26ac1f1636d
2416a068-a78f-49fb-94d2-bc4b0e7e5368,"Dempsey, Hugh Aylmer, 1929-",Charcoal's world,1978,26,Monograph,Blackfoot,North America,Plains and Plateau,hunter-gatherers,,"657,674,682",https://ehrafworldcultures.yale.edu/sres/2416a068-a78f-49fb-94d2-bc4b0e7e5368
8f31616b-a666-41b5-abc8-72766798957c,"Dempsey, Hugh Aylmer, 1929-",Charcoal's world,1978,27,Monograph,Blackfoot,North America,Plains and Plateau,hunter-gatherers,,"657,674,682",https://ehrafworldcultures.yale.edu/sres/8f31616b-a666-41b5-abc8-72766798957c
72cd3aa2-e90c-4e10-91da-ba9be1274cbb,"Dempsey, Hugh Aylmer, 1929-",Charcoal's world,1978,27,Monograph,Blackfoot,North America,Plains and Plateau,hunter-gatherers,,"657,674,682",https://ehrafworldcultures.yale.edu/sres/72cd3aa2-e90c-4e10-91da-ba9be1274cbb
1659da5d-467a-435f-84d8-96a5b0efae59,"Dempsey, Hugh Aylmer, 1929-",Charcoal's world,1978,27,Monograph,Blackfoot,North America,Plains and Plateau,hunter-gatherers,,"657,674,682",https://ehrafworldcultures.yale.edu/sres/1659da5d-467a-435f-84d8-96a5b0efae59
bc93dc3b-5004-486f-8d89-46b22666b8e3,"Dempsey, Hugh Aylmer, 1929-",Charcoal's world,1978,27,Monograph,Blackfoot,North America,Plains and Plateau,hunter-gatherers,,"657,674,682",https://ehrafworldcultures.yale.edu/sres/bc93dc3b-5004-486f-8d89-46b22666b8e3
7e94e57e-97b3-47f1-a851-79e1b4577bab,"Dempsey, Hugh Aylmer, 1929-",Charcoal's world,1978,27,Monograph,Blackfoot,North America,Plains and Plateau,hunter-gatherers,,"657,674,682",https://ehrafworldcultures.yale.edu/sres/7e94e57e-97b3-47f1-a851-79e1b4577bab
5377a256-0a7d-4358-80b6-6b01607bf29e,"Dempsey, Hugh Aylmer, 1929-",Charcoal's world,1978,27,Monograph,Blackfoot,North America,Plains and Plateau,hunter-gatherers,,"657,674,682",https://ehrafworldcultures.yale.edu/sres/5377a256-0a7d-4358-80b6-6b01607bf29e
9cf2951b-a121-48cc-93f6-9679428c41fe,"Dempsey, Hugh Aylmer, 1929-",Charcoal's world,1978,28,Monograph,Blackfoot,North America,Plains and Plateau,hunter-gatherers,,"657,674,682",https://ehrafworldcultures.yale.edu/sres/9cf2951b-a121-48cc-93f6-9679428c41fe
840a894c-bb08-4c99-a271-6d72a0fd5474,"Dempsey, Hugh Aylmer, 1929-",Charcoal's world,1978,28,Monograph,Blackfoot,North America,Plains and Plateau,hunter-gatherers,,"159,682",https://ehrafworldcultures.yale.edu/sres/840a894c-bb08-4c99-a271-6d72a0fd5474
2ea150e4-4ce7-4f6e-b037-42557564082b,"Dempsey, Hugh Aylmer, 1929-",Charcoal's world,1978,28,Monograph,Blackfoot,North America,Plains and Plateau,hunter-gatherers,,"159,682",https://ehrafworldcultures.yale.edu/sres/2ea150e4-4ce7-4f6e-b037-42557564082b
9b3cdc9c-de91-4532-a05e-307c094a6c68,"Dempsey, Hugh Aylmer, 1929-",Charcoal's world,1978,28,Monograph,Blackfoot,North America,Plains and Plateau,hunter-gatherers,,"159,657,682",https://ehrafworldcultures.yale.edu/sres/9b3cdc9c-de91-4532-a05e-307c094a6c68
4c1e286d-0300-40ea-b878-ae682b615c31,"Dempsey, Hugh Aylmer, 1929-",Charcoal's world,1978,28,Monograph,Blackfoot,North America,Plains and Plateau,hunter-gatherers,,"159,682",https://ehrafworldcultures.yale.edu/sres/4c1e286d-0300-40ea-b878-ae682b615c31
f11a9b3f-32c9-4028-b4c4-80c523edb867,"Dempsey, Hugh Aylmer, 1929-",Charcoal's world,1978,29,Monograph,Blackfoot,North America,Plains and Plateau,hunter-gatherers,,"159,682,775",https://ehrafworldcultures.yale.edu/sres/f11a9b3f-32c9-4028-b4c4-80c523edb867
a175bb55-6eb4-41db-b81c-5a4b12d0af6a,"Dempsey, Hugh Aylmer, 1929-",Charcoal's world,1978,33,Monograph,Blackfoot,North America,Plains and Plateau,hunter-gatherers,,"159,682,761",https://ehrafworldcultures.yale.edu/sres/a175bb55-6eb4-41db-b81c-5a4b12d0af6a
9f3bb78a-82f0-4265-8281-57dfe88eebd2,"Dempsey, Hugh Aylmer, 1929-",Charcoal's world,1978,33,Monograph,Blackfoot,North America,Plains and Plateau,hunter-gatherers,,"159,682,761",https://ehrafworldcultures.yale.edu/sres/9f3bb78a-82f0-4265-8281-57dfe88eebd2
a3ceb7d8-0c8f-4650-9421-256165777580,"Dempsey, Hugh Aylmer, 1929-",Charcoal's world,1978,33,Monograph,Blackfoot,North America,Plains and Plateau,hunter-gatherers,,"159,682,761",https://ehrafworldcultures.yale.edu/sres/a3ceb7d8-0c8f-4650-9421-256165777580
2b0a52f7-c8ac-4127-91fa-d11a83a50d2e,"Dempsey, Hugh Aylmer, 1929-",Charcoal's world,1978,33,Monograph,Blackfoot,North America,Plains and Plateau,hunter-gatherers,,"159,682,761",https://ehrafworldcultures.yale.edu/sres/2b0a52f7-c8ac-4127-91fa-d11a83a50d2e
c691c6c7-2439-4c35-b16f-8de53e7f3224,"Dempsey, Hugh Aylmer, 1929-",Charcoal's world,1978,33,Monograph,Blackfoot,North America,Plains and Plateau,hunter-gatherers,,"159,682,761",https://ehrafworldcultures.yale.edu/sres/c691c6c7-2439-4c35-b16f-8de53e7f3224
ecaa12b1-318c-44ca-a766-cb605d5107ca,"Dempsey, Hugh Aylmer, 1929-",Charcoal's world,1978,33,Monograph,Blackfoot,North America,Plains and Plateau,hunter-gatherers,,"159,682,761",https://ehrafworldcultures.yale.edu/sres/ecaa12b1-318c-44ca-a766-cb605d5107ca
4a27ec6d-82f6-4f1a-a648-9a9d9f2adf63,"Dempsey, Hugh Aylmer, 1929-",Charcoal's world,1978,33,Monograph,Blackfoot,North America,Plains and Plateau,hunter-gatherers,,"159,682,761",https://ehrafworldcultures.yale.edu/sres/4a27ec6d-82f6-4f1a-a648-9a9d9f2adf63
8dd7d677-42cc-4405-8a63-706b349b345e,"Dempsey, Hugh Aylmer, 1929-",Charcoal's world,1978,34,Monograph,Blackfoot,North America,Plains and Plateau,hunter-gatherers,,"159,682,761",https://ehrafworldcultures.yale.edu/sres/8dd7d677-42cc-4405-8a63-706b349b345e
a4fe7522-9488-4f40-872c-eb3277e4e184,"Dempsey, Hugh Aylmer, 1929-",Charcoal's world,1978,34,Monograph,Blackfoot,North America,Plains and Plateau,hunter-gatherers,,"159,682,761",https://ehrafworldcultures.yale.edu/sres/a4fe7522-9488-4f40-872c-eb3277e4e184
15e78af3-4769-43ca-90c4-1af5e7349e4e,"Dempsey, Hugh Aylmer, 1929-",Charcoal's world,1978,34,Monograph,Blackfoot,North America,Plains and Plateau,hunter-gatherers,,"159,682,761",https://ehrafworldcultures.yale.edu/sres/15e78af3-4769-43ca-90c4-1af5e7349e4e
7d59653a-c298-4d83-91b3-9b013f98a610,"Dempsey, Hugh Aylmer, 1929-",Charcoal's world,1978,34,Monograph,Blackfoot,North America,Plains and Plateau,hunter-gatherers,,"159,682,761",https://ehrafworldcultures.yale.edu/sres/7d59653a-c298-4d83-91b3-9b013f98a610
a82cf52f-9f65-43ac-9719-733a3adb55a9,"Dempsey, Hugh Aylmer, 1929-",Charcoal's world,1978,35,Monograph,Blackfoot,North America,Plains and Plateau,hunter-gatherers,,"657,682",https://ehrafworldcultures.yale.edu/sres/a82cf52f-9f65-43ac-9719-733a3adb55a9
cb0da051-5901-4cde-adca-689a6ebe6205,"Dempsey, Hugh Aylmer, 1929-",Charcoal's world,1978,35,Monograph,Blackfoot,North America,Plains and Plateau,hunter-gatherers,,"657,682",https://ehrafworldcultures.yale.edu/sres/cb0da051-5901-4cde-adca-689a6ebe6205
f4b22996-9dd8-4ca0-a3e6-aecefbfcd25e,"Dempsey, Hugh Aylmer, 1929-",Charcoal's world,1978,36,Monograph,Blackfoot,North America,Plains and Plateau,hunter-gatherers,,"657,682",https://ehrafworldcultures.yale.edu/sres/f4b22996-9dd8-4ca0-a3e6-aecefbfcd25e
4aeee802-95a6-46f4-a8ac-82cdfd0f0b89,"Dempsey, Hugh Aylmer, 1929-",Charcoal's world,1978,36,Monograph,Blackfoot,North America,Plains and Plateau,hunter-gatherers,,"657,682",https://ehrafworldcultures.yale.edu/sres/4aeee802-95a6-46f4-a8ac-82cdfd0f0b89
28d56596-d272-4582-9884-3e5f54e9cec5,"Dempsey, Hugh Aylmer, 1929-",Charcoal's world,1978,37,Monograph,Blackfoot,North America,Plains and Plateau,hunter-gatherers,,"657,685",https://ehrafworldcultures.yale.edu/sres/28d56596-d272-4582-9884-3e5f54e9cec5
6c004292-8c94-4b14-babf-0ad77b0ad978,"Dempsey, Hugh Aylmer, 1929-",Charcoal's world,1978,37,Monograph,Blackfoot,North America,Plains and Plateau,hunter-gatherers,,"657,685",https://ehrafworldcultures.yale.edu/sres/6c004292-8c94-4b14-babf-0ad77b0ad978
f09529da-ee0f-4083-b01c-f7ba2bccf49d,"Dempsey, Hugh Aylmer, 1929-",Charcoal's world,1978,37,Monograph,Blackfoot,North America,Plains and Plateau,hunter-gatherers,,"657,685",https://ehrafworldcultures.yale.edu/sres/f09529da-ee0f-4083-b01c-f7ba2bccf49d
2ca7707d-4b7f-4b49-b8df-40f53f637c1c,"Dempsey, Hugh Aylmer, 1929-",Charcoal's world,1978,37,Monograph,Blackfoot,North America,Plains and Plateau,hunter-gatherers,,"657,685",https://ehrafworldcultures.yale.edu/sres/2ca7707d-4b7f-4b49-b8df-40f53f637c1c
21dc8dda-a3e9-4be8-b98d-79869a527e9f,"Dempsey, Hugh Aylmer, 1929-",Charcoal's world,1978,38,Monograph,Blackfoot,North America,Plains and Plateau,hunter-gatherers,,"657,682",https://ehrafworldcultures.yale.edu/sres/21dc8dda-a3e9-4be8-b98d-79869a527e9f
b43ee41f-e0b6-4565-b8db-7e79c9912800,"Dempsey, Hugh Aylmer, 1929-",Charcoal's world,1978,38,Monograph,Blackfoot,North America,Plains and Plateau,hunter-gatherers,,"657,682",https://ehrafworldcultures.yale.edu/sres/b43ee41f-e0b6-4565-b8db-7e79c9912800
e9709512-27eb-4513-8717-b08f410875f0,"Dempsey, Hugh Aylmer, 1929-",Charcoal's world,1978,38,Monograph,Blackfoot,North America,Plains and Plateau,hunter-gatherers,,"159,657,682",https://ehrafworldcultures.yale.edu/sres/e9709512-27eb-4513-8717-b08f410875f0
839a48b7-b4a0-4577-adc6-fbc244541c75,"Dempsey, Hugh Aylmer, 1929-",Charcoal's world,1978,38,Monograph,Blackfoot,North America,Plains and Plateau,hunter-gatherers,,"159,657,682",https://ehrafworldcultures.yale.edu/sres/839a48b7-b4a0-4577-adc6-fbc244541c75
810312f5-4785-4b3e-a901-c805e4d612db,"Dempsey, Hugh Aylmer, 1929-",Charcoal's world,1978,38,Monograph,Blackfoot,North America,Plains and Plateau,hunter-gatherers,,"159,657,682",https://ehrafworldcultures.yale.edu/sres/810312f5-4785-4b3e-a901-c805e4d612db
81dabc77-641d-42d4-93d2-3bb1b3158220,"Dempsey, Hugh Aylmer, 1929-",Charcoal's world,1978,38,Monograph,Blackfoot,North America,Plains and Plateau,hunter-gatherers,,"159,657,682",https://ehrafworldcultures.yale.edu/sres/81dabc77-641d-42d4-93d2-3bb1b3158220
91056ee5-cf14-4cd3-8e05-8ade92acc802,"Dempsey, Hugh Aylmer, 1929-",Charcoal's world,1978,39,Monograph,Blackfoot,North America,Plains and Plateau,hunter-gatherers,,"159,657,682",https://ehrafworldcultures.yale.edu/sres/91056ee5-cf14-4cd3-8e05-8ade92acc802
1ba1c9e3-a442-4224-b58b-b1ade299a26e,"Dempsey, Hugh Aylmer, 1929-",Charcoal's world,1978,39,Monograph,Blackfoot,North America,Plains and Plateau,hunter-gatherers,,"159,657,682",https://ehrafworldcultures.yale.edu/sres/1ba1c9e3-a442-4224-b58b-b1ade299a26e
0f6aea45-58f2-43ed-b9e1-49bb15387d02,"Dempsey, Hugh Aylmer, 1929-",Charcoal's world,1978,39,Monograph,Blackfoot,North America,Plains and Plateau,hunter-gatherers,,"159,657,682",https://ehrafworldcultures.yale.edu/sres/0f6aea45-58f2-43ed-b9e1-49bb15387d02
ab05ee43-a398-479f-a635-bca82c8efd3e,"Dempsey, Hugh Aylmer, 1929-",Charcoal's world,1978,64,Monograph,Blackfoot,North America,Plains and Plateau,hunter-gatherers,,"159,593,621,684",https://ehrafworldcultures.yale.edu/sres/ab05ee43-a398-479f-a635-bca82c8efd3e
2b588056-9127-4b62-9465-21fe540adde0,"Dempsey, Hugh Aylmer, 1929-",Charcoal's world,1978,121,Monograph,Blackfoot,North America,Plains and Plateau,hunter-gatherers,,"159,555,685",https://ehrafworldcultures.yale.edu/sres/2b588056-9127-4b62-9465-21fe540adde0
1f37ae7f-7dee-4cc0-9ba7-b3747555c92e,"Dempsey, Hugh Aylmer, 1929-",Charcoal's world,1978,142,Monograph,Blackfoot,North America,Plains and Plateau,hunter-gatherers,,"159,657,682,775",https://ehrafworldcultures.yale.edu/sres/1f37ae7f-7dee-4cc0-9ba7-b3747555c92e
c8582bb1-6ac1-4804-b8b9-3be31646a59d,"Dempsey, Hugh Aylmer, 1929-",Charcoal's world,1978,161,Monograph,Blackfoot,North America,Plains and Plateau,hunter-gatherers,,"682,684,701,837",https://ehrafworldcultures.yale.edu/sres/c8582bb1-6ac1-4804-b8b9-3be31646a59d
fad5598b-5f16-4e92-a967-eeef3d824d3a,"Dempsey, Hugh Aylmer, 1929-",Charcoal's world,1978,161,Monograph,Blackfoot,North America,Plains and Plateau,hunter-gatherers,,"682,684,701,837",https://ehrafworldcultures.yale.edu/sres/fad5598b-5f16-4e92-a967-eeef3d824d3a
a59fb289-1bef-426b-a959-25ef00b18788,"Nugent, David","Property relations, production relations, and inequality:
         anthropology, political economy, and the Blackfeet",1993,351,Journal Article,Blackfoot,North America,Plains and Plateau,hunter-gatherers,,"128,554,595,684,837",https://ehrafworldcultures.yale.edu/sres/a59fb289-1bef-426b-a959-25ef00b18788
dbce6991-f2f4-4579-9778-842e8fc26afa,"Nugent, David","Property relations, production relations, and inequality:
         anthropology, political economy, and the Blackfeet",1993,352,Journal Article,Blackfoot,North America,Plains and Plateau,hunter-gatherers,,"554,595,684,837",https://ehrafworldcultures.yale.edu/sres/dbce6991-f2f4-4579-9778-842e8fc26afa
95aad3b5-764b-47fa-9de2-569599c8f267,"Nugent, David","Property relations, production relations, and inequality:
         anthropology, political economy, and the Blackfeet",1993,352,Journal Article,Blackfoot,North America,Plains and Plateau,hunter-gatherers,,"583,595,684",https://ehrafworldcultures.yale.edu/sres/95aad3b5-764b-47fa-9de2-569599c8f267
9d0b6fa6-da20-44cc-bdc9-713e86e7d183,"Nugent, David","Property relations, production relations, and inequality:
         anthropology, political economy, and the Blackfeet",1993,352,Journal Article,Blackfoot,North America,Plains and Plateau,hunter-gatherers,,"583,595,684",https://ehrafworldcultures.yale.edu/sres/9d0b6fa6-da20-44cc-bdc9-713e86e7d183
fc093791-3aa7-44f2-9f56-392c6aa30159,"Hanks, Lucien M. (Lucien Mason), 1910-",Observations on Northern Blackfoot kinship,1966,14,Monograph,Blackfoot,North America,Plains and Plateau,hunter-gatherers,,"431,554,556,561,593,684",https://ehrafworldcultures.yale.edu/sres/fc093791-3aa7-44f2-9f56-392c6aa30159
8f661b79-54ac-4d4d-9f89-113df054e843,"Hanks, Lucien M. (Lucien Mason), 1910-",Observations on Northern Blackfoot kinship,1966,15,Monograph,Blackfoot,North America,Plains and Plateau,hunter-gatherers,,"553,558,561,578,587,593,622,684",https://ehrafworldcultures.yale.edu/sres/8f661b79-54ac-4d4d-9f89-113df054e843
d99a4d86-0f78-4c33-95eb-eedd18899766,"Hanks, Lucien M. (Lucien Mason), 1910-",Observations on Northern Blackfoot kinship,1966,26,Monograph,Blackfoot,North America,Plains and Plateau,hunter-gatherers,,"152,554,562,571,577,578,593,621,682,684,765,837",https://ehrafworldcultures.yale.edu/sres/d99a4d86-0f78-4c33-95eb-eedd18899766
9cee4bb1-308b-41ad-9772-f946f00dd9c3,"Hanks, Lucien M. (Lucien Mason), 1910-",Observations on Northern Blackfoot kinship,1966,27,Monograph,Blackfoot,North America,Plains and Plateau,hunter-gatherers,,"562,571,593,606,684,837",https://ehrafworldcultures.yale.edu/sres/9cee4bb1-308b-41ad-9772-f946f00dd9c3
917ecc8c-be05-4a73-99f3-b3ca8cd89a7f,"Wissler, Clark, 1870-1947","Societies and dance associations of the Blackfoot
         Indians",1913,453,Monograph,Blackfoot,North America,Plains and Plateau,hunter-gatherers,,"177,178,184,262,424,432,535,575,681,784",https://ehrafworldcultures.yale.edu/sres/917ecc8c-be05-4a73-99f3-b3ca8cd89a7f
c6c75216-ae20-4bdd-b164-4d1ab4a31c92,"Wissler, Clark, 1870-1947","Societies and dance associations of the Blackfoot
         Indians",1913,453,Monograph,Blackfoot,North America,Plains and Plateau,hunter-gatherers,,"173,177,2131,262,292,431,531,533,534,535,575,586,587,681,721,778,784",https://ehrafworldcultures.yale.edu/sres/c6c75216-ae20-4bdd-b164-4d1ab4a31c92
dd563401-2af0-4c7b-a925-9cc6fbcc4866,"Wissler, Clark, 1870-1947","Societies and dance associations of the Blackfoot
         Indians",1913,459,Monograph,Blackfoot,North America,Plains and Plateau,hunter-gatherers,,"177,272,535,681",https://ehrafworldcultures.yale.edu/sres/dd563401-2af0-4c7b-a925-9cc6fbcc4866
27633a40-d205-478a-9b7a-31f51afd0286,"McClintock, Walter, 1870-1949","The old north trail: or, Life, legends and religion of the
         Blackfeet Indians",1968,152,Monograph,Blackfoot,North America,Plains and Plateau,hunter-gatherers,,"682,765,782",https://ehrafworldcultures.yale.edu/sres/27633a40-d205-478a-9b7a-31f51afd0286
66f1f29b-3f79-4e9e-bb4e-26b44afddda7,"McClintock, Walter, 1870-1949","The old north trail: or, Life, legends and religion of the
         Blackfeet Indians",1968,181,Monograph,Blackfoot,North America,Plains and Plateau,hunter-gatherers,,"174,178,237,557,688,756,787,796,821",https://ehrafworldcultures.yale.edu/sres/66f1f29b-3f79-4e9e-bb4e-26b44afddda7
ad4dde3b-3ca0-4f03-80fa-61b9d80f369e,"McClintock, Walter, 1870-1949","The old north trail: or, Life, legends and religion of the
         Blackfeet Indians",1968,185,Monograph,Blackfoot,North America,Plains and Plateau,hunter-gatherers,,"554,684,755,793,796,831,864",https://ehrafworldcultures.yale.edu/sres/ad4dde3b-3ca0-4f03-80fa-61b9d80f369e
7f711ee8-8d7a-41d3-b05a-c710002a8042,"McClintock, Walter, 1870-1949","The old north trail: or, Life, legends and religion of the
         Blackfeet Indians",1968,370,Monograph,Blackfoot,North America,Plains and Plateau,hunter-gatherers,,"578,648,682,684",https://ehrafworldcultures.yale.edu/sres/7f711ee8-8d7a-41d3-b05a-c710002a8042
c5d798e3-c979-4834-94d8-8ebc7c4d2a7f,"McClintock, Walter, 1870-1949","The old north trail: or, Life, legends and religion of the
         Blackfeet Indians",1968,371,Monograph,Blackfoot,North America,Plains and Plateau,hunter-gatherers,,"124,578,682,684,828",https://ehrafworldcultures.yale.edu/sres/c5d798e3-c979-4834-94d8-8ebc7c4d2a7f
ec9840b3-9175-4ad2-b5b2-fdc806f30b99,"McClintock, Walter, 1870-1949","The old north trail: or, Life, legends and religion of the
         Blackfeet Indians",1968,518,Monograph,Blackfoot,North America,Plains and Plateau,hunter-gatherers,,"273,648,656,682,762,763",https://ehrafworldcultures.yale.edu/sres/ec9840b3-9175-4ad2-b5b2-fdc806f30b99
1f61643a-4d93-47a3-b78d-ed6cf088f8b2,"McClintock, Walter, 1870-1949","The old north trail: or, Life, legends and religion of the
         Blackfeet Indians",1968,[end map-d],Monograph,Blackfoot,North America,Plains and Plateau,hunter-gatherers,,"159,578,682,684,762,837",https://ehrafworldcultures.yale.edu/sres/1f61643a-4d93-47a3-b78d-ed6cf088f8b2
ca5ad85a-8a46-44db-8a39-0edc2b97d57f,"Ewers, John Canfield",The Blackfeet: raiders of the northwestern Plains,1958,82,Monograph,Blackfoot,North America,Plains and Plateau,hunter-gatherers,,"224,689",https://ehrafworldcultures.yale.edu/sres/ca5ad85a-8a46-44db-8a39-0edc2b97d57f
fe2d8557-bd91-4ae8-965f-d5cefcf11807,"Ewers, John Canfield",The Blackfeet: raiders of the northwestern Plains,1958,94,Monograph,Blackfoot,North America,Plains and Plateau,hunter-gatherers,,"142,301,492,684",https://ehrafworldcultures.yale.edu/sres/fe2d8557-bd91-4ae8-965f-d5cefcf11807
7f908389-61fa-42ee-bb9d-8963b252968f,"Ewers, John Canfield",The Blackfeet: raiders of the northwestern Plains,1958,263,Monograph,Blackfoot,North America,Plains and Plateau,hunter-gatherers,,"681,682,692",https://ehrafworldcultures.yale.edu/sres/7f908389-61fa-42ee-bb9d-8963b252968f
0675f37b-f490-4477-a0ea-431508190699,"Ewers, John Canfield",The Blackfeet: raiders of the northwestern Plains,1958,274,Monograph,Blackfoot,North America,Plains and Plateau,hunter-gatherers,,"657,671,673,681,682",https://ehrafworldcultures.yale.edu/sres/0675f37b-f490-4477-a0ea-431508190699
bf502841-8795-46dc-ac98-6e0b59f475ef,"Ewers, John Canfield",The Blackfeet: raiders of the northwestern Plains,1958,274,Monograph,Blackfoot,North America,Plains and Plateau,hunter-gatherers,,"671,673,682",https://ehrafworldcultures.yale.edu/sres/bf502841-8795-46dc-ac98-6e0b59f475ef
bf26e7a2-1ecb-470d-99c4-580f606e3af9,"Ewers, John Canfield",The Blackfeet: raiders of the northwestern Plains,1958,302,Monograph,Blackfoot,North America,Plains and Plateau,hunter-gatherers,,685,https://ehrafworldcultures.yale.edu/sres/bf26e7a2-1ecb-470d-99c4-580f606e3af9
e70196bb-0d04-42a9-a009-61ef5e914d65,"Ewers, John Canfield",The Blackfeet: raiders of the northwestern Plains,1958,303,Monograph,Blackfoot,North America,Plains and Plateau,hunter-gatherers,,"625,689,729",https://ehrafworldcultures.yale.edu/sres/e70196bb-0d04-42a9-a009-61ef5e914d65
04e6c09b-7163-46d4-9968-48253295e7e8,"Ewers, John Canfield",The Blackfeet: raiders of the northwestern Plains,1958,310,Monograph,Blackfoot,North America,Plains and Plateau,hunter-gatherers,,"177,291,525,533,541,657,689,765,796",https://ehrafworldcultures.yale.edu/sres/04e6c09b-7163-46d4-9968-48253295e7e8
d49e1685-e1b5-48c8-a85f-58145341e39a,"Samek, Hana, 1953-","The Blackfoot confederacy, 1880-1920: a comparative study of
         Canadian and U.S. Indian policy",1987,149,Monograph,Blackfoot,North America,Plains and Plateau,hunter-gatherers,,"177,642,657,671,681",https://ehrafworldcultures.yale.edu/sres/d49e1685-e1b5-48c8-a85f-58145341e39a
e43a378d-1acb-45d4-9910-faeac335f471,"Samek, Hana, 1953-","The Blackfoot confederacy, 1880-1920: a comparative study of
         Canadian and U.S. Indian policy",1987,149,Monograph,Blackfoot,North America,Plains and Plateau,hunter-gatherers,,"113,177,642,657,671,681",https://ehrafworldcultures.yale.edu/sres/e43a378d-1acb-45d4-9910-faeac335f471
4ef632ca-c63a-4c7d-b1d7-d04f2550fbd0,"Samek, Hana, 1953-","The Blackfoot confederacy, 1880-1920: a comparative study of
         Canadian and U.S. Indian policy",1987,149,Monograph,Blackfoot,North America,Plains and Plateau,hunter-gatherers,,"177,642,657,671,681",https://ehrafworldcultures.yale.edu/sres/4ef632ca-c63a-4c7d-b1d7-d04f2550fbd0
b17de1a9-0c8e-4631-ae9f-8feb88d6c1db,"Samek, Hana, 1953-","The Blackfoot confederacy, 1880-1920: a comparative study of
         Canadian and U.S. Indian policy",1987,151,Monograph,Blackfoot,North America,Plains and Plateau,hunter-gatherers,,"113,657,671,681",https://ehrafworldcultures.yale.edu/sres/b17de1a9-0c8e-4631-ae9f-8feb88d6c1db
e3002c98-7e5e-4866-843b-6453e646fb7e,"Samek, Hana, 1953-","The Blackfoot confederacy, 1880-1920: a comparative study of
         Canadian and U.S. Indian policy",1987,152,Monograph,Blackfoot,North America,Plains and Plateau,hunter-gatherers,,"113,657,681",https://ehrafworldcultures.yale.edu/sres/e3002c98-7e5e-4866-843b-6453e646fb7e
1d6fd009-98ec-4418-bb66-c334e0dc537a,"Samek, Hana, 1953-","The Blackfoot confederacy, 1880-1920: a comparative study of
         Canadian and U.S. Indian policy",1987,153,Monograph,Blackfoot,North America,Plains and Plateau,hunter-gatherers,,"113,648,657,685,721",https://ehrafworldcultures.yale.edu/sres/1d6fd009-98ec-4418-bb66-c334e0dc537a
953db7bd-3eef-445b-829a-b58cd1c64d05,"Samek, Hana, 1953-","The Blackfoot confederacy, 1880-1920: a comparative study of
         Canadian and U.S. Indian policy",1987,154,Monograph,Blackfoot,North America,Plains and Plateau,hunter-gatherers,,"113,625,657,685",https://ehrafworldcultures.yale.edu/sres/953db7bd-3eef-445b-829a-b58cd1c64d05
88ccddc1-2f54-452c-9c11-46b78e5b819b,"Samek, Hana, 1953-","The Blackfoot confederacy, 1880-1920: a comparative study of
         Canadian and U.S. Indian policy",1987,155,Monograph,Blackfoot,North America,Plains and Plateau,hunter-gatherers,,"657,684,692,695,837",https://ehrafworldcultures.yale.edu/sres/88ccddc1-2f54-452c-9c11-46b78e5b819b
ecff4d4b-0037-4a19-8649-7f2c8c2ae2f0,"Samek, Hana, 1953-","The Blackfoot confederacy, 1880-1920: a comparative study of
         Canadian and U.S. Indian policy",1987,155,Monograph,Blackfoot,North America,Plains and Plateau,hunter-gatherers,,"657,684,692,695,837",https://ehrafworldcultures.yale.edu/sres/ecff4d4b-0037-4a19-8649-7f2c8c2ae2f0
72da1873-8152-4f05-9c14-6b4671a02523,"Samek, Hana, 1953-","The Blackfoot confederacy, 1880-1920: a comparative study of
         Canadian and U.S. Indian policy",1987,155,Monograph,Blackfoot,North America,Plains and Plateau,hunter-gatherers,,"113,657,684,692,695,837",https://ehrafworldcultures.yale.edu/sres/72da1873-8152-4f05-9c14-6b4671a02523
312bec0f-e731-4071-aea9-0ae6ea8a8379,"Samek, Hana, 1953-","The Blackfoot confederacy, 1880-1920: a comparative study of
         Canadian and U.S. Indian policy",1987,156,Monograph,Blackfoot,North America,Plains and Plateau,hunter-gatherers,,"113,657,685",https://ehrafworldcultures.yale.edu/sres/312bec0f-e731-4071-aea9-0ae6ea8a8379
216ee5dc-d834-4ea7-b0c9-51551881a677,"Samek, Hana, 1953-","The Blackfoot confederacy, 1880-1920: a comparative study of
         Canadian and U.S. Indian policy",1987,160,Monograph,Blackfoot,North America,Plains and Plateau,hunter-gatherers,,"113,273,657,689",https://ehrafworldcultures.yale.edu/sres/216ee5dc-d834-4ea7-b0c9-51551881a677
6949122d-7387-431a-ab68-aa93d9644161,"Samek, Hana, 1953-","The Blackfoot confederacy, 1880-1920: a comparative study of
         Canadian and U.S. Indian policy",1987,160,Monograph,Blackfoot,North America,Plains and Plateau,hunter-gatherers,,"113,273,657,689",https://ehrafworldcultures.yale.edu/sres/6949122d-7387-431a-ab68-aa93d9644161
83032057-7151-4c20-b9e8-ef38dc9e240b,"Samek, Hana, 1953-","The Blackfoot confederacy, 1880-1920: a comparative study of
         Canadian and U.S. Indian policy",1987,161,Monograph,Blackfoot,North America,Plains and Plateau,hunter-gatherers,,"113,273,657,689",https://ehrafworldcultures.yale.edu/sres/83032057-7151-4c20-b9e8-ef38dc9e240b
9440c077-3fc7-46e9-a4c2-d06f701368a0,"Samek, Hana, 1953-","The Blackfoot confederacy, 1880-1920: a comparative study of
         Canadian and U.S. Indian policy",1987,161,Monograph,Blackfoot,North America,Plains and Plateau,hunter-gatherers,,"113,273,657,682",https://ehrafworldcultures.yale.edu/sres/9440c077-3fc7-46e9-a4c2-d06f701368a0
bd6f668d-cb7e-4167-ab26-be9c8ef67917,"Samek, Hana, 1953-","The Blackfoot confederacy, 1880-1920: a comparative study of
         Canadian and U.S. Indian policy",1987,162,Monograph,Blackfoot,North America,Plains and Plateau,hunter-gatherers,,"113,648,657,682",https://ehrafworldcultures.yale.edu/sres/bd6f668d-cb7e-4167-ab26-be9c8ef67917
ef31534a-52df-4a5b-b21b-ec7c948e2d59,"Samek, Hana, 1953-","The Blackfoot confederacy, 1880-1920: a comparative study of
         Canadian and U.S. Indian policy",1987,162,Monograph,Blackfoot,North America,Plains and Plateau,hunter-gatherers,,"113,657,682,837",https://ehrafworldcultures.yale.edu/sres/ef31534a-52df-4a5b-b21b-ec7c948e2d59
ba774149-e356-4c5a-b122-e4a3b67b0275,"Samek, Hana, 1953-","The Blackfoot confederacy, 1880-1920: a comparative study of
         Canadian and U.S. Indian policy",1987,163,Monograph,Blackfoot,North America,Plains and Plateau,hunter-gatherers,,"113,648,657,685",https://ehrafworldcultures.yale.edu/sres/ba774149-e356-4c5a-b122-e4a3b67b0275
5472cdcb-8ece-4996-9901-2609b01f8f52,"Samek, Hana, 1953-","The Blackfoot confederacy, 1880-1920: a comparative study of
         Canadian and U.S. Indian policy",1987,163,Monograph,Blackfoot,North America,Plains and Plateau,hunter-gatherers,,"113,648,657,685",https://ehrafworldcultures.yale.edu/sres/5472cdcb-8ece-4996-9901-2609b01f8f52
fca3d496-728b-4829-bff8-fcb4f2eb1127,"Samek, Hana, 1953-","The Blackfoot confederacy, 1880-1920: a comparative study of
         Canadian and U.S. Indian policy",1987,164,Monograph,Blackfoot,North America,Plains and Plateau,hunter-gatherers,,"113,648,657,685",https://ehrafworldcultures.yale.edu/sres/fca3d496-728b-4829-bff8-fcb4f2eb1127
9b45982b-b8c9-400d-a2f1-00e327ef72d4,"Samek, Hana, 1953-","The Blackfoot confederacy, 1880-1920: a comparative study of
         Canadian and U.S. Indian policy",1987,164,Monograph,Blackfoot,North America,Plains and Plateau,hunter-gatherers,,"113,648,657,685",https://ehrafworldcultures.yale.edu/sres/9b45982b-b8c9-400d-a2f1-00e327ef72d4
42538ebf-d010-49d8-a48a-84bc5679afe4,"Samek, Hana, 1953-","The Blackfoot confederacy, 1880-1920: a comparative study of
         Canadian and U.S. Indian policy",1987,164,Monograph,Blackfoot,North America,Plains and Plateau,hunter-gatherers,,"648,657,685",https://ehrafworldcultures.yale.edu/sres/42538ebf-d010-49d8-a48a-84bc5679afe4
9f305065-f3f0-4412-b3de-e57abcc8393e,"Samek, Hana, 1953-","The Blackfoot confederacy, 1880-1920: a comparative study of
         Canadian and U.S. Indian policy",1987,164,Monograph,Blackfoot,North America,Plains and Plateau,hunter-gatherers,,"113,648,657,685",https://ehrafworldcultures.yale.edu/sres/9f305065-f3f0-4412-b3de-e57abcc8393e
18e184d0-cccf-4d82-88a0-00c426aa9a3a,"Samek, Hana, 1953-","The Blackfoot confederacy, 1880-1920: a comparative study of
         Canadian and U.S. Indian policy",1987,165,Monograph,Blackfoot,North America,Plains and Plateau,hunter-gatherers,,"113,233,625,685",https://ehrafworldcultures.yale.edu/sres/18e184d0-cccf-4d82-88a0-00c426aa9a3a
9c3b1bf5-3874-4e72-a31e-ec546a69aaed,"Robbins, Lynn Arnold",Blackfeet families and households,1972,92,Monograph,Blackfoot,North America,Plains and Plateau,hunter-gatherers,,"132,233,241,422,423,434,471,674,685",https://ehrafworldcultures.yale.edu/sres/9c3b1bf5-3874-4e72-a31e-ec546a69aaed
2e211f56-d5c6-4b27-ad43-60fa9a226cfa,"Mountain Horse, Mike, 1888-1964","My people, the Bloods",1979,76,Monograph,Blackfoot,North America,Plains and Plateau,hunter-gatherers,,"577,685",https://ehrafworldcultures.yale.edu/sres/2e211f56-d5c6-4b27-ad43-60fa9a226cfa
9e0e107f-b883-4ffe-a85d-2f4738c17f28,"Mountain Horse, Mike, 1888-1964","My people, the Bloods",1979,76,Monograph,Blackfoot,North America,Plains and Plateau,hunter-gatherers,,"195,273,554,577,684,685,721",https://ehrafworldcultures.yale.edu/sres/9e0e107f-b883-4ffe-a85d-2f4738c17f28
85302f21-5833-4481-b8ea-8643c78e4872,"Mountain Horse, Mike, 1888-1964","My people, the Bloods",1979,77,Monograph,Blackfoot,North America,Plains and Plateau,hunter-gatherers,,"684,837",https://ehrafworldcultures.yale.edu/sres/85302f21-5833-4481-b8ea-8643c78e4872
05702e62-d063-49c1-94fa-4b5da1d2f3f8,"Mountain Horse, Mike, 1888-1964","My people, the Bloods",1979,77,Monograph,Blackfoot,North America,Plains and Plateau,hunter-gatherers,,"684,762,837",https://ehrafworldcultures.yale.edu/sres/05702e62-d063-49c1-94fa-4b5da1d2f3f8
5d10465c-35b4-45a8-8f57-3134cec46a33,"Mountain Horse, Mike, 1888-1964","My people, the Bloods",1979,106,Monograph,Blackfoot,North America,Plains and Plateau,hunter-gatherers,,"177,555,685",https://ehrafworldcultures.yale.edu/sres/5d10465c-35b4-45a8-8f57-3134cec46a33
41df0819-9cc6-47f8-ac76-7bd0bf2346e2,"Mountain Horse, Mike, 1888-1964","My people, the Bloods",1979,[p.119],Monograph,Blackfoot,North America,Plains and Plateau,hunter-gatherers,,"177,671,682",https://ehrafworldcultures.yale.edu/sres/41df0819-9cc6-47f8-ac76-7bd0bf2346e2
c91a6839-e2a2-49b1-8f6b-5a682e4f319e,"Mountain Horse, Mike, 1888-1964","My people, the Bloods",1979,[p.119],Monograph,Blackfoot,North America,Plains and Plateau,hunter-gatherers,,"177,671,682",https://ehrafworldcultures.yale.edu/sres/c91a6839-e2a2-49b1-8f6b-5a682e4f319e
d0170bc5-dcb4-4ef1-839d-8b913acc4e6c,"Mountain Horse, Mike, 1888-1964","My people, the Bloods",1979,[p.119],Monograph,Blackfoot,North America,Plains and Plateau,hunter-gatherers,,"142,291,301,682,684",https://ehrafworldcultures.yale.edu/sres/d0170bc5-dcb4-4ef1-839d-8b913acc4e6c
6a73c70d-21bb-4189-83ec-348d36d33c7a,"Mountain Horse, Mike, 1888-1964","My people, the Bloods",1979,121,Monograph,Blackfoot,North America,Plains and Plateau,hunter-gatherers,,"114,657,682,684",https://ehrafworldcultures.yale.edu/sres/6a73c70d-21bb-4189-83ec-348d36d33c7a
2eaa45c6-42ea-4fbc-9245-2ceba4bfba6d,"Mountain Horse, Mike, 1888-1964","My people, the Bloods",1979,122,Monograph,Blackfoot,North America,Plains and Plateau,hunter-gatherers,,"159,684,837",https://ehrafworldcultures.yale.edu/sres/2eaa45c6-42ea-4fbc-9245-2ceba4bfba6d
3c87fcc2-cc66-4870-92e1-0bc5cd5d8793,"Mountain Horse, Mike, 1888-1964","My people, the Bloods",1979,123,Monograph,Blackfoot,North America,Plains and Plateau,hunter-gatherers,,"159,684,837",https://ehrafworldcultures.yale.edu/sres/3c87fcc2-cc66-4870-92e1-0bc5cd5d8793
71dafd73-448e-455c-9c76-4e83151b6ed5,"Mountain Horse, Mike, 1888-1964","My people, the Bloods",1979,123,Monograph,Blackfoot,North America,Plains and Plateau,hunter-gatherers,,"159,684,837",https://ehrafworldcultures.yale.edu/sres/71dafd73-448e-455c-9c76-4e83151b6ed5
9a4f8112-9e61-4f24-849b-edf15982a48a,"Mountain Horse, Mike, 1888-1964","My people, the Bloods",1979,123,Monograph,Blackfoot,North America,Plains and Plateau,hunter-gatherers,,"159,684,837",https://ehrafworldcultures.yale.edu/sres/9a4f8112-9e61-4f24-849b-edf15982a48a
5618c821-4aed-4842-81bd-55d8229aab9f,"Mountain Horse, Mike, 1888-1964","My people, the Bloods",1979,123,Monograph,Blackfoot,North America,Plains and Plateau,hunter-gatherers,,"159,682",https://ehrafworldcultures.yale.edu/sres/5618c821-4aed-4842-81bd-55d8229aab9f
1956377e-6ac7-47fb-9b79-c660fcc152f0,"Mountain Horse, Mike, 1888-1964","My people, the Bloods",1979,129,Monograph,Blackfoot,North America,Plains and Plateau,hunter-gatherers,,"159,657,682",https://ehrafworldcultures.yale.edu/sres/1956377e-6ac7-47fb-9b79-c660fcc152f0
fead4ae9-1557-4125-8e36-d5117ffcde02,"Mountain Horse, Mike, 1888-1964","My people, the Bloods",1979,137,Monograph,Blackfoot,North America,Plains and Plateau,hunter-gatherers,,"273,578,674,682",https://ehrafworldcultures.yale.edu/sres/fead4ae9-1557-4125-8e36-d5117ffcde02
4feca2b4-6d55-4feb-9067-cb4e290cede5,"Conaty, Gerald T.",Culture summary: Blackfoot,1999,4,Manuscript,Blackfoot,North America,Plains and Plateau,hunter-gatherers,,"584,595,602,684",https://ehrafworldcultures.yale.edu/sres/4feca2b4-6d55-4feb-9067-cb4e290cede5
75241196-1b2c-4dc4-aa83-452395943f18,"Dempsey, Hugh Aylmer, 1929-",The Blackfoot Indians,1986,411,"Component part(s), monograph",Blackfoot,North America,Plains and Plateau,hunter-gatherers,,"561,625,681,701,883",https://ehrafworldcultures.yale.edu/sres/75241196-1b2c-4dc4-aa83-452395943f18
0497be1a-99d2-47ff-9eb6-77e75712010e,"Goldfrank, Esther Schiff","Changing configurations in the social organization of a
         Blackfoot trine during the reserve period (the Blood of Alberta, Canada)",1966,9,Monograph,Blackfoot,North America,Plains and Plateau,hunter-gatherers,,"682,684",https://ehrafworldcultures.yale.edu/sres/0497be1a-99d2-47ff-9eb6-77e75712010e
9cc694ef-0280-47fb-8c53-3c3db81e7dd6,"Goldfrank, Esther Schiff","Changing configurations in the social organization of a
         Blackfoot trine during the reserve period (the Blood of Alberta, Canada)",1966,10,Monograph,Blackfoot,North America,Plains and Plateau,hunter-gatherers,,"157,181,579,684",https://ehrafworldcultures.yale.edu/sres/9cc694ef-0280-47fb-8c53-3c3db81e7dd6
ab142520-a93b-4b80-ad3f-68ea9b4e7363,"Goldfrank, Esther Schiff","Changing configurations in the social organization of a
         Blackfoot trine during the reserve period (the Blood of Alberta, Canada)",1966,10,Monograph,Blackfoot,North America,Plains and Plateau,hunter-gatherers,,"157,181,579,628,682",https://ehrafworldcultures.yale.edu/sres/ab142520-a93b-4b80-ad3f-68ea9b4e7363
89980388-e364-4bbf-a8f2-4594eb4467b7,"Goldfrank, Esther Schiff","Changing configurations in the social organization of a
         Blackfoot trine during the reserve period (the Blood of Alberta, Canada)",1966,10,Monograph,Blackfoot,North America,Plains and Plateau,hunter-gatherers,,"157,181,579,684,837",https://ehrafworldcultures.yale.edu/sres/89980388-e364-4bbf-a8f2-4594eb4467b7
0756705a-3331-41d6-b296-3f4cb923cb29,"Goldfrank, Esther Schiff","Changing configurations in the social organization of a
         Blackfoot trine during the reserve period (the Blood of Alberta, Canada)",1966,10,Monograph,Blackfoot,North America,Plains and Plateau,hunter-gatherers,,"157,181,579,682",https://ehrafworldcultures.yale.edu/sres/0756705a-3331-41d6-b296-3f4cb923cb29
56fe8fda-d680-468d-8c07-afd3077fb218,"Goldfrank, Esther Schiff","Changing configurations in the social organization of a
         Blackfoot trine during the reserve period (the Blood of Alberta, Canada)",1966,10,Monograph,Blackfoot,North America,Plains and Plateau,hunter-gatherers,,"157,578,682",https://ehrafworldcultures.yale.edu/sres/56fe8fda-d680-468d-8c07-afd3077fb218
b52c9f24-b816-4f49-abe2-86dac8e6a51f,"Goldfrank, Esther Schiff","Changing configurations in the social organization of a
         Blackfoot trine during the reserve period (the Blood of Alberta, Canada)",1966,10,Monograph,Blackfoot,North America,Plains and Plateau,hunter-gatherers,,"157,273,431,578,621,628,682",https://ehrafworldcultures.yale.edu/sres/b52c9f24-b816-4f49-abe2-86dac8e6a51f
3fadadc7-00a5-418e-9229-5adf977f3d3e,"Goldfrank, Esther Schiff","Changing configurations in the social organization of a
         Blackfoot trine during the reserve period (the Blood of Alberta, Canada)",1966,11,Monograph,Blackfoot,North America,Plains and Plateau,hunter-gatherers,,"273,539,578,582,621,685",https://ehrafworldcultures.yale.edu/sres/3fadadc7-00a5-418e-9229-5adf977f3d3e
6d63df08-ee02-4518-aae9-023f528b0b3d,"Goldfrank, Esther Schiff","Changing configurations in the social organization of a
         Blackfoot trine during the reserve period (the Blood of Alberta, Canada)",1966,18,Monograph,Blackfoot,North America,Plains and Plateau,hunter-gatherers,,"464,556,685",https://ehrafworldcultures.yale.edu/sres/6d63df08-ee02-4518-aae9-023f528b0b3d
0a157c63-4675-487e-8245-f66e376a5361,"Goldfrank, Esther Schiff","Changing configurations in the social organization of a
         Blackfoot trine during the reserve period (the Blood of Alberta, Canada)",1966,22,Monograph,Blackfoot,North America,Plains and Plateau,hunter-gatherers,,"231,425,556,657,685",https://ehrafworldcultures.yale.edu/sres/0a157c63-4675-487e-8245-f66e376a5361
0a75a106-c4da-4c02-9aad-740723ba83f3,"Goldfrank, Esther Schiff","Changing configurations in the social organization of a
         Blackfoot trine during the reserve period (the Blood of Alberta, Canada)",1966,40,Monograph,Blackfoot,North America,Plains and Plateau,hunter-gatherers,,"182,561,571,575,625,684,689",https://ehrafworldcultures.yale.edu/sres/0a75a106-c4da-4c02-9aad-740723ba83f3
c27735b5-b208-49a3-aded-6ee193d809ce,"Goldfrank, Esther Schiff","Changing configurations in the social organization of a
         Blackfoot trine during the reserve period (the Blood of Alberta, Canada)",1966,49,Monograph,Blackfoot,North America,Plains and Plateau,hunter-gatherers,,"152,175,421,562,578,595,684",https://ehrafworldcultures.yale.edu/sres/c27735b5-b208-49a3-aded-6ee193d809ce
8fa55dd3-de68-4bf7-b37c-4c9dab280f12,"Ewers, John Canfield","The horse in Blackfoot Indian culture, with comparative
         material from other western tribes",1955,163,Monograph,Blackfoot,North America,Plains and Plateau,hunter-gatherers,,"224,625,689",https://ehrafworldcultures.yale.edu/sres/8fa55dd3-de68-4bf7-b37c-4c9dab280f12
929f0361-29f1-4eb9-9989-1e3d062a3be8,"Ewers, John Canfield","The horse in Blackfoot Indian culture, with comparative
         material from other western tribes",1955,163,Monograph,Blackfoot,North America,Plains and Plateau,hunter-gatherers,,"224,689",https://ehrafworldcultures.yale.edu/sres/929f0361-29f1-4eb9-9989-1e3d062a3be8
b601fcce-9eae-46c7-a399-68f76543235b,"Ewers, John Canfield","The horse in Blackfoot Indian culture, with comparative
         material from other western tribes",1955,163,Monograph,Blackfoot,North America,Plains and Plateau,hunter-gatherers,,"224,689",https://ehrafworldcultures.yale.edu/sres/b601fcce-9eae-46c7-a399-68f76543235b
39c9c40b-b850-4ed2-bb35-84f33fa51051,"Ewers, John Canfield","The horse in Blackfoot Indian culture, with comparative
         material from other western tribes",1955,251,Monograph,Blackfoot,North America,Plains and Plateau,hunter-gatherers,,"175,177,671,682",https://ehrafworldcultures.yale.edu/sres/39c9c40b-b850-4ed2-bb35-84f33fa51051
e7d02949-dd42-4c0a-bb8a-aad13baba4d9,"Ewers, John Canfield","The horse in Blackfoot Indian culture, with comparative
         material from other western tribes",1955,252,Monograph,Blackfoot,North America,Plains and Plateau,hunter-gatherers,,"175,684",https://ehrafworldcultures.yale.edu/sres/e7d02949-dd42-4c0a-bb8a-aad13baba4d9
b2db7e99-968d-4193-b737-f9bded05b3b6,"Ewers, John Canfield","The horse in Blackfoot Indian culture, with comparative
         material from other western tribes",1955,252,Monograph,Blackfoot,North America,Plains and Plateau,hunter-gatherers,,"171,684",https://ehrafworldcultures.yale.edu/sres/b2db7e99-968d-4193-b737-f9bded05b3b6
d98b7fab-47b5-45cb-8781-6ac0d9ede0e9,"Ewers, John Canfield","The horse in Blackfoot Indian culture, with comparative
         material from other western tribes",1955,252,Monograph,Blackfoot,North America,Plains and Plateau,hunter-gatherers,,"177,671,673,681",https://ehrafworldcultures.yale.edu/sres/d98b7fab-47b5-45cb-8781-6ac0d9ede0e9
5640b3a8-d18c-4917-8410-d6c18d331ae3,"Hungry Wolf, Beverly",The ways of my grandmothers,1980,136,Monograph,Blackfoot,North America,Plains and Plateau,hunter-gatherers,,"538,562,684,773",https://ehrafworldcultures.yale.edu/sres/5640b3a8-d18c-4917-8410-d6c18d331ae3
a5276a7d-9276-4ef2-8519-a424b18a9bf8,"Binnema, Theodore","Old Swan, Big Man, and the Siksika Bands, 1794-1815",1996,16,Journal Article,Blackfoot,North America,Plains and Plateau,hunter-gatherers,,"113,439,554,621,622,648,685",https://ehrafworldcultures.yale.edu/sres/a5276a7d-9276-4ef2-8519-a424b18a9bf8
cfe91b9b-bb7f-4e8d-8f6b-c7b7b9b27109,"Schultz, James Willard, 1859-1947","Blackfeet and buffalo: memories of life among the
         Indians",1962,234,Monograph,Blackfoot,North America,Plains and Plateau,hunter-gatherers,,"562,684,837",https://ehrafworldcultures.yale.edu/sres/cfe91b9b-bb7f-4e8d-8f6b-c7b7b9b27109
d00f175f-cb66-4500-8499-ddb906b3c92e,"Schultz, James Willard, 1859-1947","Blackfeet and buffalo: memories of life among the
         Indians",1962,237,Monograph,Blackfoot,North America,Plains and Plateau,hunter-gatherers,,"595,684,782,837",https://ehrafworldcultures.yale.edu/sres/d00f175f-cb66-4500-8499-ddb906b3c92e
2c44c0ce-cf46-4612-a5d5-3d89faee295e,"Schultz, James Willard, 1859-1947","Blackfeet and buffalo: memories of life among the
         Indians",1962,242,Monograph,Blackfoot,North America,Plains and Plateau,hunter-gatherers,,"623,684,837",https://ehrafworldcultures.yale.edu/sres/2c44c0ce-cf46-4612-a5d5-3d89faee295e
680788a9-9ccf-4d58-881d-e3d64d51503d,"Schultz, James Willard, 1859-1947","Blackfeet and buffalo: memories of life among the
         Indians",1962,242,Monograph,Blackfoot,North America,Plains and Plateau,hunter-gatherers,,"623,684,837",https://ehrafworldcultures.yale.edu/sres/680788a9-9ccf-4d58-881d-e3d64d51503d
2ce164e8-8bd0-4d49-b7a0-1050a87937c6,"Schultz, James Willard, 1859-1947","Blackfeet and buffalo: memories of life among the
         Indians",1962,242,Monograph,Blackfoot,North America,Plains and Plateau,hunter-gatherers,,"623,684,837",https://ehrafworldcultures.yale.edu/sres/2ce164e8-8bd0-4d49-b7a0-1050a87937c6
8a5830f2-e23c-4a54-bd5c-ad6efd7811f2,"Schultz, James Willard, 1859-1947","Blackfeet and buffalo: memories of life among the
         Indians",1962,242,Monograph,Blackfoot,North America,Plains and Plateau,hunter-gatherers,,"623,684,837",https://ehrafworldcultures.yale.edu/sres/8a5830f2-e23c-4a54-bd5c-ad6efd7811f2
abb05227-d6a1-4b45-8414-baff9c324008,"Schultz, James Willard, 1859-1947","Blackfeet and buffalo: memories of life among the
         Indians",1962,243,Monograph,Blackfoot,North America,Plains and Plateau,hunter-gatherers,,"623,684,837",https://ehrafworldcultures.yale.edu/sres/abb05227-d6a1-4b45-8414-baff9c324008
10e8564c-3511-4d40-b242-40e10e304c8f,"Schultz, James Willard, 1859-1947","Blackfeet and buffalo: memories of life among the
         Indians",1962,243,Monograph,Blackfoot,North America,Plains and Plateau,hunter-gatherers,,"623,684,837",https://ehrafworldcultures.yale.edu/sres/10e8564c-3511-4d40-b242-40e10e304c8f
5604eac5-02d6-4652-9ebd-303877130f46,"Lancaster, Richard","Piegan: a look from within at the life, times, and legacy of
         an American Indian tribe",1966,15,Monograph,Blackfoot,North America,Plains and Plateau,hunter-gatherers,,"122,123,684",https://ehrafworldcultures.yale.edu/sres/5604eac5-02d6-4652-9ebd-303877130f46
ab8961c4-5c3d-4e99-9a00-b7f320cc5830,"Dempsey, Hugh Aylmer, 1929-",History and identification of Blood bands,1982,[p.98-A],Essay,Blackfoot,North America,Plains and Plateau,hunter-gatherers,,"622,625,681,701",https://ehrafworldcultures.yale.edu/sres/ab8961c4-5c3d-4e99-9a00-b7f320cc5830
80b8657a-7770-4601-abf4-81f59f7c90fd,"Hanks, Lucien M. (Lucien Mason), 1910-","Tribe under trust: a study of the Blackfoot Reserve of
         Alberta",1950,33,Monograph,Blackfoot,North America,Plains and Plateau,hunter-gatherers,,"231,431,657,685,735",https://ehrafworldcultures.yale.edu/sres/80b8657a-7770-4601-abf4-81f59f7c90fd
21e01d49-9edc-4e85-815c-128737b7318a,"Hanks, Lucien M. (Lucien Mason), 1910-","Tribe under trust: a study of the Blackfoot Reserve of
         Alberta",1950,157,Monograph,Blackfoot,North America,Plains and Plateau,hunter-gatherers,,"586,684,837",https://ehrafworldcultures.yale.edu/sres/21e01d49-9edc-4e85-815c-128737b7318a
76380c01-5fee-430f-b51b-7138edd2efdb,"Hanks, Lucien M. (Lucien Mason), 1910-","Tribe under trust: a study of the Blackfoot Reserve of
         Alberta",1950,157,Monograph,Blackfoot,North America,Plains and Plateau,hunter-gatherers,,"162,177,178,182,421,562,586,593,684,837",https://ehrafworldcultures.yale.edu/sres/76380c01-5fee-430f-b51b-7138edd2efdb
368ed01c-5b82-4808-aae4-a6f273971a6b,"Wissler, Clark, 1870-1947",The social life of the Blackfoot Indians,1911,10,Monograph,Blackfoot,North America,Plains and Plateau,hunter-gatherers,,"174,178,581,585,593,684,782,796,837,867",https://ehrafworldcultures.yale.edu/sres/368ed01c-5b82-4808-aae4-a6f273971a6b
01c08510-7a54-422e-9191-115ac7cd7caf,"Wissler, Clark, 1870-1947",The social life of the Blackfoot Indians,1911,20,Monograph,Blackfoot,North America,Plains and Plateau,hunter-gatherers,,"621,672,682",https://ehrafworldcultures.yale.edu/sres/01c08510-7a54-422e-9191-115ac7cd7caf
3d25ec28-a295-4a98-a414-b4325d81366a,"Wissler, Clark, 1870-1947",The social life of the Blackfoot Indians,1911,23,Monograph,Blackfoot,North America,Plains and Plateau,hunter-gatherers,,"554,578,622,682",https://ehrafworldcultures.yale.edu/sres/3d25ec28-a295-4a98-a414-b4325d81366a
58ee4af3-fd47-4f05-9095-71c51c7909c0,"Wissler, Clark, 1870-1947",The social life of the Blackfoot Indians,1911,24,Monograph,Blackfoot,North America,Plains and Plateau,hunter-gatherers,,"203,622,628,682",https://ehrafworldcultures.yale.edu/sres/58ee4af3-fd47-4f05-9095-71c51c7909c0
d0a4e26e-3693-472d-9aea-acb5cc1faf5c,"Wissler, Clark, 1870-1947",The social life of the Blackfoot Indians,1911,25,Monograph,Blackfoot,North America,Plains and Plateau,hunter-gatherers,,"224,575,620,625,689",https://ehrafworldcultures.yale.edu/sres/d0a4e26e-3693-472d-9aea-acb5cc1faf5c
895796cf-82d3-45d4-ab30-aa4fb916ec4d,"Schultz, James Willard, 1859-1947",The Sun god's children,1930,238,Monograph,Blackfoot,North America,Plains and Plateau,hunter-gatherers,,"648,683,902",https://ehrafworldcultures.yale.edu/sres/895796cf-82d3-45d4-ab30-aa4fb916ec4d
8b1dd261-ee86-4c58-ab97-57448b5ed5fc,"Schultz, James Willard, 1859-1947",The Sun god's children,1930,238,Monograph,Blackfoot,North America,Plains and Plateau,hunter-gatherers,,"683,754,789,902",https://ehrafworldcultures.yale.edu/sres/8b1dd261-ee86-4c58-ab97-57448b5ed5fc
0ba591e5-51c6-4f02-b9ba-56d1d9c20605,"Schultz, James Willard, 1859-1947",The Sun god's children,1930,239,Monograph,Blackfoot,North America,Plains and Plateau,hunter-gatherers,,"683,754,789,902",https://ehrafworldcultures.yale.edu/sres/0ba591e5-51c6-4f02-b9ba-56d1d9c20605
8675b5e6-8a90-4d61-a7d7-6031aa47a292,"Schultz, James Willard, 1859-1947",The Sun god's children,1930,239,Monograph,Blackfoot,North America,Plains and Plateau,hunter-gatherers,,"683,754,789,902",https://ehrafworldcultures.yale.edu/sres/8675b5e6-8a90-4d61-a7d7-6031aa47a292
93a03a8a-4d26-4bdf-bca7-a6fb826b4151,"Schultz, James Willard, 1859-1947",The Sun god's children,1930,239,Monograph,Blackfoot,North America,Plains and Plateau,hunter-gatherers,,"683,754,789,902",https://ehrafworldcultures.yale.edu/sres/93a03a8a-4d26-4bdf-bca7-a6fb826b4151
ea579f2f-0fbc-4d94-b900-d8b2d855ee32,"Schultz, James Willard, 1859-1947",The Sun god's children,1930,239,Monograph,Blackfoot,North America,Plains and Plateau,hunter-gatherers,,"683,754,789,902",https://ehrafworldcultures.yale.edu/sres/ea579f2f-0fbc-4d94-b900-d8b2d855ee32
1d333d1d-5af0-41d4-9b80-2869ff8c92d6,"Schultz, James Willard, 1859-1947",The Sun god's children,1930,239,Monograph,Blackfoot,North America,Plains and Plateau,hunter-gatherers,,"683,754,789,902",https://ehrafworldcultures.yale.edu/sres/1d333d1d-5af0-41d4-9b80-2869ff8c92d6
b2405a28-cddc-4c95-aa91-60f04a100d76,"Schultz, James Willard, 1859-1947",The Sun god's children,1930,240,Monograph,Blackfoot,North America,Plains and Plateau,hunter-gatherers,,"683,754,789,902",https://ehrafworldcultures.yale.edu/sres/b2405a28-cddc-4c95-aa91-60f04a100d76
be2e314b-0d9c-41a9-bfc3-c1564e7d0727,"Schultz, James Willard, 1859-1947",The Sun god's children,1930,240,Monograph,Blackfoot,North America,Plains and Plateau,hunter-gatherers,,"683,754,789,902",https://ehrafworldcultures.yale.edu/sres/be2e314b-0d9c-41a9-bfc3-c1564e7d0727
644835fe-b330-44e8-8530-6861b10a486f,"Schultz, James Willard, 1859-1947",The Sun god's children,1930,240,Monograph,Blackfoot,North America,Plains and Plateau,hunter-gatherers,,"683,754,789,902",https://ehrafworldcultures.yale.edu/sres/644835fe-b330-44e8-8530-6861b10a486f
63ba7f65-b3ad-4888-914a-712c95e090f3,"Schultz, James Willard, 1859-1947",The Sun god's children,1930,240,Monograph,Blackfoot,North America,Plains and Plateau,hunter-gatherers,,"683,754,789,902",https://ehrafworldcultures.yale.edu/sres/63ba7f65-b3ad-4888-914a-712c95e090f3
37e0209e-f05a-4d6d-a46f-b064847caa0e,"Schultz, James Willard, 1859-1947",The Sun god's children,1930,240,Monograph,Blackfoot,North America,Plains and Plateau,hunter-gatherers,,"683,754,789,902",https://ehrafworldcultures.yale.edu/sres/37e0209e-f05a-4d6d-a46f-b064847caa0e
7a78b5ac-e3c3-4507-bd61-4002c3780a9e,"Schultz, James Willard, 1859-1947",The Sun god's children,1930,240,Monograph,Blackfoot,North America,Plains and Plateau,hunter-gatherers,,"683,754,789,902",https://ehrafworldcultures.yale.edu/sres/7a78b5ac-e3c3-4507-bd61-4002c3780a9e
e276a7a1-ec87-49d5-b05d-0790b587d2a2,"Schultz, James Willard, 1859-1947",The Sun god's children,1930,240,Monograph,Blackfoot,North America,Plains and Plateau,hunter-gatherers,,"683,754,789,902",https://ehrafworldcultures.yale.edu/sres/e276a7a1-ec87-49d5-b05d-0790b587d2a2
55974860-0661-46bc-bbe4-7cd2870aa2e0,"Schultz, James Willard, 1859-1947",The Sun god's children,1930,240,Monograph,Blackfoot,North America,Plains and Plateau,hunter-gatherers,,"683,754,789,902",https://ehrafworldcultures.yale.edu/sres/55974860-0661-46bc-bbe4-7cd2870aa2e0
a5289831-4f11-4760-9ba7-31c646c2a35e,"Schultz, James Willard, 1859-1947",The Sun god's children,1930,240,Monograph,Blackfoot,North America,Plains and Plateau,hunter-gatherers,,"683,754,789,902",https://ehrafworldcultures.yale.edu/sres/a5289831-4f11-4760-9ba7-31c646c2a35e
0c343ff7-001e-44dc-8267-915afcf1d0ba,"Schultz, James Willard, 1859-1947",The Sun god's children,1930,241,Monograph,Blackfoot,North America,Plains and Plateau,hunter-gatherers,,"683,754,789,902",https://ehrafworldcultures.yale.edu/sres/0c343ff7-001e-44dc-8267-915afcf1d0ba
e1b79a39-fe12-48bd-8079-85a1a7f610d3,"Schultz, James Willard, 1859-1947",The Sun god's children,1930,241,Monograph,Blackfoot,North America,Plains and Plateau,hunter-gatherers,,"683,754,789,902",https://ehrafworldcultures.yale.edu/sres/e1b79a39-fe12-48bd-8079-85a1a7f610d3
eaf6e7b2-d010-4178-aa6e-5e4b82b25f3c,"Schultz, James Willard, 1859-1947",The Sun god's children,1930,241,Monograph,Blackfoot,North America,Plains and Plateau,hunter-gatherers,,"683,754,789,902",https://ehrafworldcultures.yale.edu/sres/eaf6e7b2-d010-4178-aa6e-5e4b82b25f3c
a0573451-68f2-4d99-864a-800168e247a6,"Schultz, James Willard, 1859-1947",The Sun god's children,1930,241,Monograph,Blackfoot,North America,Plains and Plateau,hunter-gatherers,,"683,754,789,902",https://ehrafworldcultures.yale.edu/sres/a0573451-68f2-4d99-864a-800168e247a6
44a5e9a0-50e8-417b-8f73-5e84b07cf3de,"Schultz, James Willard, 1859-1947",The Sun god's children,1930,242,Monograph,Blackfoot,North America,Plains and Plateau,hunter-gatherers,,"683,754,789,902",https://ehrafworldcultures.yale.edu/sres/44a5e9a0-50e8-417b-8f73-5e84b07cf3de
0fb5f409-a350-40fb-af54-38a600bb0736,"Schultz, James Willard, 1859-1947",The Sun god's children,1930,242,Monograph,Blackfoot,North America,Plains and Plateau,hunter-gatherers,,"683,754,789,902",https://ehrafworldcultures.yale.edu/sres/0fb5f409-a350-40fb-af54-38a600bb0736
9f789d35-3891-4f8c-8bfa-7ffe0e075af1,"Schultz, James Willard, 1859-1947",The Sun god's children,1930,242,Monograph,Blackfoot,North America,Plains and Plateau,hunter-gatherers,,"683,754,789,902",https://ehrafworldcultures.yale.edu/sres/9f789d35-3891-4f8c-8bfa-7ffe0e075af1
6699f5f3-b9d3-484c-8144-7fce0f5b05ab,"Schultz, James Willard, 1859-1947",The Sun god's children,1930,242,Monograph,Blackfoot,North America,Plains and Plateau,hunter-gatherers,,"683,754,789,902",https://ehrafworldcultures.yale.edu/sres/6699f5f3-b9d3-484c-8144-7fce0f5b05ab
b8250477-7c1b-4f3e-ae6f-aeb01d8119c9,"Schultz, James Willard, 1859-1947",The Sun god's children,1930,242,Monograph,Blackfoot,North America,Plains and Plateau,hunter-gatherers,,"683,754,789,902",https://ehrafworldcultures.yale.edu/sres/b8250477-7c1b-4f3e-ae6f-aeb01d8119c9
523069f5-5b35-41bd-9ae6-9f5edab1ddfa,"Schultz, James Willard, 1859-1947",The Sun god's children,1930,243,Monograph,Blackfoot,North America,Plains and Plateau,hunter-gatherers,,"683,754,789,902",https://ehrafworldcultures.yale.edu/sres/523069f5-5b35-41bd-9ae6-9f5edab1ddfa
e0a82838-d6b7-403c-82a3-ace5e91e13bd,"Schultz, James Willard, 1859-1947",The Sun god's children,1930,243,Monograph,Blackfoot,North America,Plains and Plateau,hunter-gatherers,,"683,754,789,902",https://ehrafworldcultures.yale.edu/sres/e0a82838-d6b7-403c-82a3-ace5e91e13bd
a6ae153e-43e2-4aac-a1a0-dd0bb1206f70,"Schultz, James Willard, 1859-1947",The Sun god's children,1930,243,Monograph,Blackfoot,North America,Plains and Plateau,hunter-gatherers,,"683,754,789,902",https://ehrafworldcultures.yale.edu/sres/a6ae153e-43e2-4aac-a1a0-dd0bb1206f70
eab9bf7d-0507-4f04-95f2-6873ebfb2805,"Schultz, James Willard, 1859-1947",The Sun god's children,1930,243,Monograph,Blackfoot,North America,Plains and Plateau,hunter-gatherers,,"683,754,789,902",https://ehrafworldcultures.yale.edu/sres/eab9bf7d-0507-4f04-95f2-6873ebfb2805
7d989685-7b3c-4bb5-a31d-9ef24e4bd932,"Hungry Wolf, Adolf, 1944-","The Blood People: a division of the Blackfoot Confederacy : an
         illustrated interpretation of the old ways",1977,40,Monograph,Blackfoot,North America,Plains and Plateau,hunter-gatherers,,"575,578,684,793,796",https://ehrafworldcultures.yale.edu/sres/7d989685-7b3c-4bb5-a31d-9ef24e4bd932
4dfe24e3-ff51-4423-ac84-e7f4e467bcf9,"Hungry Wolf, Adolf, 1944-","The Blood People: a division of the Blackfoot Confederacy : an
         illustrated interpretation of the old ways",1977,214,Monograph,Blackfoot,North America,Plains and Plateau,hunter-gatherers,,"346,561,575,625,681,778",https://ehrafworldcultures.yale.edu/sres/4dfe24e3-ff51-4423-ac84-e7f4e467bcf9
df4fbb3c-bc4b-44de-8de8-27fdfde4f5a5,"Hungry Wolf, Adolf, 1944-","The Blood People: a division of the Blackfoot Confederacy : an
         illustrated interpretation of the old ways",1977,p.235,Monograph,Blackfoot,North America,Plains and Plateau,hunter-gatherers,,"159,273,685,733",https://ehrafworldcultures.yale.edu/sres/df4fbb3c-bc4b-44de-8de8-27fdfde4f5a5
384f6fbd-8325-494c-a35b-ab9d918879de,"Hungry Wolf, Adolf, 1944-","The Blood People: a division of the Blackfoot Confederacy : an
         illustrated interpretation of the old ways",1977,p.235,Monograph,Blackfoot,North America,Plains and Plateau,hunter-gatherers,,"159,685,733",https://ehrafworldcultures.yale.edu/sres/384f6fbd-8325-494c-a35b-ab9d918879de
be497d6a-4ac6-452a-b41d-7251a9c09b72,"Hungry Wolf, Adolf, 1944-","The Blood People: a division of the Blackfoot Confederacy : an
         illustrated interpretation of the old ways",1977,p.264,Monograph,Blackfoot,North America,Plains and Plateau,hunter-gatherers,,685,https://ehrafworldcultures.yale.edu/sres/be497d6a-4ac6-452a-b41d-7251a9c09b72
e7bd4322-6676-425f-a075-6f7df194c20d,"Hungry Wolf, Adolf, 1944-","The Blood People: a division of the Blackfoot Confederacy : an
         illustrated interpretation of the old ways",1977,p.264,Monograph,Blackfoot,North America,Plains and Plateau,hunter-gatherers,,"431,685,791",https://ehrafworldcultures.yale.edu/sres/e7bd4322-6676-425f-a075-6f7df194c20d
83a7cac7-2d83-4d90-b256-a99594f898e0,"Hungry Wolf, Adolf, 1944-","The Blood People: a division of the Blackfoot Confederacy : an
         illustrated interpretation of the old ways",1977,267,Monograph,Blackfoot,North America,Plains and Plateau,hunter-gatherers,,"114,142,177,237,292,301,302,361,411,531,532,551,553,562,625,685,714,721,778,789",https://ehrafworldcultures.yale.edu/sres/83a7cac7-2d83-4d90-b256-a99594f898e0
06049afa-3029-4423-9a17-fe215fd693e8,"Hungry Wolf, Adolf, 1944-","The Blood People: a division of the Blackfoot Confederacy : an
         illustrated interpretation of the old ways",1977,p.279,Monograph,Blackfoot,North America,Plains and Plateau,hunter-gatherers,,"551,682",https://ehrafworldcultures.yale.edu/sres/06049afa-3029-4423-9a17-fe215fd693e8
41dc6774-e667-4284-ad45-559040d037bb,"Hungry Wolf, Adolf, 1944-","The Blood People: a division of the Blackfoot Confederacy : an
         illustrated interpretation of the old ways",1977,p.279,Monograph,Blackfoot,North America,Plains and Plateau,hunter-gatherers,,"142,302,411,595,682,837",https://ehrafworldcultures.yale.edu/sres/41dc6774-e667-4284-ad45-559040d037bb
e68c2d1f-ea08-4614-b4c8-6ce129141031,"Hungry Wolf, Adolf, 1944-","The Blood People: a division of the Blackfoot Confederacy : an
         illustrated interpretation of the old ways",1977,280,Monograph,Blackfoot,North America,Plains and Plateau,hunter-gatherers,,"682,837",https://ehrafworldcultures.yale.edu/sres/e68c2d1f-ea08-4614-b4c8-6ce129141031
84c09266-a2e8-49d5-a8b2-ac29e9dff9a0,"Hungry Wolf, Adolf, 1944-","The Blood People: a division of the Blackfoot Confederacy : an
         illustrated interpretation of the old ways",1977,p.281,Monograph,Blackfoot,North America,Plains and Plateau,hunter-gatherers,,"682,684",https://ehrafworldcultures.yale.edu/sres/84c09266-a2e8-49d5-a8b2-ac29e9dff9a0
d1b0e397-6b6c-42a5-92e0-5fbedad928e8,"Hungry Wolf, Adolf, 1944-","The Blood People: a division of the Blackfoot Confederacy : an
         illustrated interpretation of the old ways",1977,p.281,Monograph,Blackfoot,North America,Plains and Plateau,hunter-gatherers,,"682,683,684",https://ehrafworldcultures.yale.edu/sres/d1b0e397-6b6c-42a5-92e0-5fbedad928e8
75464e56-bb9d-4ef2-8850-9bc664cd5173,"Hungry Wolf, Adolf, 1944-","The Blood People: a division of the Blackfoot Confederacy : an
         illustrated interpretation of the old ways",1977,p.281,Monograph,Blackfoot,North America,Plains and Plateau,hunter-gatherers,,682,https://ehrafworldcultures.yale.edu/sres/75464e56-bb9d-4ef2-8850-9bc664cd5173
90a42af5-3f2e-4929-aa54-b9af07eb2d6d,"Hungry Wolf, Adolf, 1944-","The Blood People: a division of the Blackfoot Confederacy : an
         illustrated interpretation of the old ways",1977,p.281,Monograph,Blackfoot,North America,Plains and Plateau,hunter-gatherers,,"657,682",https://ehrafworldcultures.yale.edu/sres/90a42af5-3f2e-4929-aa54-b9af07eb2d6d
27040183-3de4-4e5e-b66f-b9081f78d59e,"Hungry Wolf, Adolf, 1944-","The Blood People: a division of the Blackfoot Confederacy : an
         illustrated interpretation of the old ways",1977,p.281,Monograph,Blackfoot,North America,Plains and Plateau,hunter-gatherers,,"657,682",https://ehrafworldcultures.yale.edu/sres/27040183-3de4-4e5e-b66f-b9081f78d59e
ea6b4398-f49c-40fc-9c4b-b4387128b384,"Hungry Wolf, Adolf, 1944-","The Blood People: a division of the Blackfoot Confederacy : an
         illustrated interpretation of the old ways",1977,p.281,Monograph,Blackfoot,North America,Plains and Plateau,hunter-gatherers,,"657,682,685",https://ehrafworldcultures.yale.edu/sres/ea6b4398-f49c-40fc-9c4b-b4387128b384
ce03e0a4-5c4b-4855-9a48-b803ce97322e,"Hungry Wolf, Adolf, 1944-","The Blood People: a division of the Blackfoot Confederacy : an
         illustrated interpretation of the old ways",1977,p.281,Monograph,Blackfoot,North America,Plains and Plateau,hunter-gatherers,,"657,682",https://ehrafworldcultures.yale.edu/sres/ce03e0a4-5c4b-4855-9a48-b803ce97322e
5d2c9075-8bf4-4645-b4cb-cc9e91b9b283,"Hungry Wolf, Adolf, 1944-","The Blood People: a division of the Blackfoot Confederacy : an
         illustrated interpretation of the old ways",1977,p.281,Monograph,Blackfoot,North America,Plains and Plateau,hunter-gatherers,,"657,682",https://ehrafworldcultures.yale.edu/sres/5d2c9075-8bf4-4645-b4cb-cc9e91b9b283
ecff3e40-8023-45c9-847b-d6baf445ba62,"Hungry Wolf, Adolf, 1944-","The Blood People: a division of the Blackfoot Confederacy : an
         illustrated interpretation of the old ways",1977,p.281,Monograph,Blackfoot,North America,Plains and Plateau,hunter-gatherers,,"142,291,301,431,531,657,682,687",https://ehrafworldcultures.yale.edu/sres/ecff3e40-8023-45c9-847b-d6baf445ba62
06991dea-3e46-4f02-81e7-4ac9c73d9a6f,"Hungry Wolf, Adolf, 1944-","The Blood People: a division of the Blackfoot Confederacy : an
         illustrated interpretation of the old ways",1977,282,Monograph,Blackfoot,North America,Plains and Plateau,hunter-gatherers,,"657,682",https://ehrafworldcultures.yale.edu/sres/06991dea-3e46-4f02-81e7-4ac9c73d9a6f
327226c2-d365-4bc9-8522-5ce5dafc29c1,"Hungry Wolf, Adolf, 1944-","The Blood People: a division of the Blackfoot Confederacy : an
         illustrated interpretation of the old ways",1977,289,Monograph,Blackfoot,North America,Plains and Plateau,hunter-gatherers,,"142,292,492,622,625,648,685,726",https://ehrafworldcultures.yale.edu/sres/327226c2-d365-4bc9-8522-5ce5dafc29c1
442dddad-78f6-485e-810f-d5002364014f,"Hungry Wolf, Adolf, 1944-","The Blood People: a division of the Blackfoot Confederacy : an
         illustrated interpretation of the old ways",1977,p.290,Monograph,Blackfoot,North America,Plains and Plateau,hunter-gatherers,,"492,625,648,685,726",https://ehrafworldcultures.yale.edu/sres/442dddad-78f6-485e-810f-d5002364014f
de01770b-36ab-45eb-a32c-e0569b846a7e,"Hungry Wolf, Adolf, 1944-","The Blood People: a division of the Blackfoot Confederacy : an
         illustrated interpretation of the old ways",1977,p.290,Monograph,Blackfoot,North America,Plains and Plateau,hunter-gatherers,,"237,415,492,625,648,685,726,883",https://ehrafworldcultures.yale.edu/sres/de01770b-36ab-45eb-a32c-e0569b846a7e
0d90809b-2320-4898-8279-98c297899a85,"Grinnell, George Bird, 1849-1938",Blackfoot lodge tales: the story of a prairie people,1962,216,Monograph,Blackfoot,North America,Plains and Plateau,hunter-gatherers,,"593,684,759",https://ehrafworldcultures.yale.edu/sres/0d90809b-2320-4898-8279-98c297899a85
4d7da60b-671f-4e41-b704-506fc39ab7f4,"Grinnell, George Bird, 1849-1938",Blackfoot lodge tales: the story of a prairie people,1962,220,Monograph,Blackfoot,North America,Plains and Plateau,hunter-gatherers,,"425,682",https://ehrafworldcultures.yale.edu/sres/4d7da60b-671f-4e41-b704-506fc39ab7f4
7026f921-2dab-4b7a-abd2-1267d722dd11,"Grinnell, George Bird, 1849-1938",Blackfoot lodge tales: the story of a prairie people,1962,220,Monograph,Blackfoot,North America,Plains and Plateau,hunter-gatherers,,685,https://ehrafworldcultures.yale.edu/sres/7026f921-2dab-4b7a-abd2-1267d722dd11
f56e5683-ec57-4382-a113-2c96dc389e87,"Grinnell, George Bird, 1849-1938",Blackfoot lodge tales: the story of a prairie people,1962,220,Monograph,Blackfoot,North America,Plains and Plateau,hunter-gatherers,,"575,625,684",https://ehrafworldcultures.yale.edu/sres/f56e5683-ec57-4382-a113-2c96dc389e87
2466eb6e-0f59-4edc-9471-53fe3a3245f1,"Grinnell, George Bird, 1849-1938",Blackfoot lodge tales: the story of a prairie people,1962,220,Monograph,Blackfoot,North America,Plains and Plateau,hunter-gatherers,,687,https://ehrafworldcultures.yale.edu/sres/2466eb6e-0f59-4edc-9471-53fe3a3245f1
d698f937-87c8-40a8-8b0e-7d67bcc5ba71,"Grinnell, George Bird, 1849-1938",Blackfoot lodge tales: the story of a prairie people,1962,220,Monograph,Blackfoot,North America,Plains and Plateau,hunter-gatherers,,687,https://ehrafworldcultures.yale.edu/sres/d698f937-87c8-40a8-8b0e-7d67bcc5ba71
75e455e6-b204-452c-8816-aa7e20401e8b,"Grinnell, George Bird, 1849-1938",Blackfoot lodge tales: the story of a prairie people,1962,220,Monograph,Blackfoot,North America,Plains and Plateau,hunter-gatherers,,"575,625,687",https://ehrafworldcultures.yale.edu/sres/75e455e6-b204-452c-8816-aa7e20401e8b
e132c5c4-000d-4735-8bc6-e4f41199a5a4,"Grinnell, George Bird, 1849-1938",Blackfoot lodge tales: the story of a prairie people,1962,222,Monograph,Blackfoot,North America,Plains and Plateau,hunter-gatherers,,"522,575,625,689",https://ehrafworldcultures.yale.edu/sres/e132c5c4-000d-4735-8bc6-e4f41199a5a4
c37098dc-2ba1-4f74-bdb5-16af6f8d3b9c,"Grinnell, George Bird, 1849-1938",Blackfoot lodge tales: the story of a prairie people,1962,223,Monograph,Blackfoot,North America,Plains and Plateau,hunter-gatherers,,"171,575,625,689",https://ehrafworldcultures.yale.edu/sres/c37098dc-2ba1-4f74-bdb5-16af6f8d3b9c
ca93fad5-87ef-448e-b819-2a3e83b22ab0,"Grinnell, George Bird, 1849-1938",Blackfoot lodge tales: the story of a prairie people,1962,268,Monograph,Blackfoot,North America,Plains and Plateau,hunter-gatherers,,"249,276,533,535,685,761,782,784,787,796,824,852",https://ehrafworldcultures.yale.edu/sres/ca93fad5-87ef-448e-b819-2a3e83b22ab0
9f8c5440-a299-44cf-a8cd-641de1100190,"Goldfrank, Esther Schiff","'Old Man' and the father image in Blood (Blackfoot)
         society",1967,137,Essay,Blackfoot,North America,Plains and Plateau,hunter-gatherers,,"152,155,158,586,587,684,837,855",https://ehrafworldcultures.yale.edu/sres/9f8c5440-a299-44cf-a8cd-641de1100190
c0f7c551-1ef9-4cb3-bc57-b0ca079e55a2,"Wied, Maximilian, Prinz von, 1782-1867","Sojourn at Fort McKenzie, August 9 - September 14, 1833: Part
         IV",1976,[p.101-A],"Component part(s), monograph",Blackfoot,North America,Plains and Plateau,hunter-gatherers,,"177,281,352,354,362,417,439,574,685",https://ehrafworldcultures.yale.edu/sres/c0f7c551-1ef9-4cb3-bc57-b0ca079e55a2
3e251756-2664-4302-966d-8425c88e1593,"Wied, Maximilian, Prinz von, 1782-1867","Sojourn at Fort McKenzie, August 9 - September 14, 1833: Part
         IV",1976,[p.104-B],"Component part(s), monograph",Blackfoot,North America,Plains and Plateau,hunter-gatherers,,684,https://ehrafworldcultures.yale.edu/sres/3e251756-2664-4302-966d-8425c88e1593
0ae624e8-8405-4fa5-be9e-c9fe48f573b3,"Wied, Maximilian, Prinz von, 1782-1867","Sojourn at Fort McKenzie, August 9 - September 14, 1833: Part
         IV",1976,[p.104-B],"Component part(s), monograph",Blackfoot,North America,Plains and Plateau,hunter-gatherers,,684,https://ehrafworldcultures.yale.edu/sres/0ae624e8-8405-4fa5-be9e-c9fe48f573b3
e982eb36-6702-430d-b1b2-829eaccbbcef,"Wied, Maximilian, Prinz von, 1782-1867","Sojourn at Fort McKenzie, August 9 - September 14, 1833: Part
         IV",1976,[p.105-A],"Component part(s), monograph",Blackfoot,North America,Plains and Plateau,hunter-gatherers,,"595,684",https://ehrafworldcultures.yale.edu/sres/e982eb36-6702-430d-b1b2-829eaccbbcef
cacd1582-f910-4583-a82e-1cc9af7f8296,"Wied, Maximilian, Prinz von, 1782-1867","Sojourn at Fort McKenzie, August 9 - September 14, 1833: Part
         IV",1976,[p.105-A],"Component part(s), monograph",Blackfoot,North America,Plains and Plateau,hunter-gatherers,,684,https://ehrafworldcultures.yale.edu/sres/cacd1582-f910-4583-a82e-1cc9af7f8296
32b102d6-c418-44ce-93fe-badc2c84c745,"Wied, Maximilian, Prinz von, 1782-1867","Sojourn at Fort McKenzie, August 9 - September 14, 1833: Part
         IV",1976,[p.105-A],"Component part(s), monograph",Blackfoot,North America,Plains and Plateau,hunter-gatherers,,682,https://ehrafworldcultures.yale.edu/sres/32b102d6-c418-44ce-93fe-badc2c84c745
0b5b7bfb-e056-45fb-ab32-03de139e2097,"Wied, Maximilian, Prinz von, 1782-1867","Sojourn at Fort McKenzie, August 9 - September 14, 1833: Part
         IV",1976,[p.105-B],"Component part(s), monograph",Blackfoot,North America,Plains and Plateau,hunter-gatherers,,"184,431,682,765",https://ehrafworldcultures.yale.edu/sres/0b5b7bfb-e056-45fb-ab32-03de139e2097
75b421ab-4e0e-41e6-9cb2-03fd96d37b82,"Wied, Maximilian, Prinz von, 1782-1867","Sojourn at Fort McKenzie, August 9 - September 14, 1833: Part
         IV",1976,[p.106-A],"Component part(s), monograph",Blackfoot,North America,Plains and Plateau,hunter-gatherers,,"273,572,682,765",https://ehrafworldcultures.yale.edu/sres/75b421ab-4e0e-41e6-9cb2-03fd96d37b82
ce10b506-09d2-461f-92ed-79d5ef112963,"Wied, Maximilian, Prinz von, 1782-1867","Sojourn at Fort McKenzie, August 9 - September 14, 1833: Part
         IV",1976,[p.108-B],"Component part(s), monograph",Blackfoot,North America,Plains and Plateau,hunter-gatherers,,"439,684,727",https://ehrafworldcultures.yale.edu/sres/ce10b506-09d2-461f-92ed-79d5ef112963
e33141ea-b948-4b2b-b31c-4d3ade276e1c,"Wied, Maximilian, Prinz von, 1782-1867","Sojourn at Fort McKenzie, August 9 - September 14, 1833: Part
         IV",1976,[p.118-B],"Component part(s), monograph",Blackfoot,North America,Plains and Plateau,hunter-gatherers,,"177,685",https://ehrafworldcultures.yale.edu/sres/e33141ea-b948-4b2b-b31c-4d3ade276e1c
