uuid,Primary_Author,Title,Published,Page,DocType,Culture,Region,Subregion,Subsistence,OCM,IDs,Permalink
c5ff9bf3-d1ed-46dd-b7a6-79f4eab3c3a0,"Rattray, R. S. (Robert Sutherland),
         1881-1938",Ashanti law and constitution,1929,p. 285,"Component part(s), monograph",Akan,Africa,Western Africa,horticulturalists,,"142,181,183,613,626,627,671,673,675,688,692,694",https://ehrafworldcultures.yale.edu/sres/c5ff9bf3-d1ed-46dd-b7a6-79f4eab3c3a0
3f50509b-b738-4c0e-a399-ef8d3522869b,"Mensa-Bonsu, Henrietta J.","Place of 'oaths' in the constitutional set-up of
         Asante",1989,278,Journal Article,Akan,Africa,Western Africa,horticulturalists,,"626,641,696,784",https://ehrafworldcultures.yale.edu/sres/3f50509b-b738-4c0e-a399-ef8d3522869b
c81bb8f4-1ec5-48ca-84e0-da171c4e1efc,"Wilks, Ivor","Forests of gold: essays on the Akan and the Kingdom of
         Asante",1993,301,Monograph,Akan,Africa,Western Africa,horticulturalists,,"113,159,554,643,647,669,687,696",https://ehrafworldcultures.yale.edu/sres/c81bb8f4-1ec5-48ca-84e0-da171c4e1efc
d2d50b4d-0aba-411b-a03b-e4c6bad5e613,"Wilks, Ivor","Forests of gold: essays on the Akan and the Kingdom of
         Asante",1993,317,Monograph,Akan,Africa,Western Africa,horticulturalists,,"113,647,687,696",https://ehrafworldcultures.yale.edu/sres/d2d50b4d-0aba-411b-a03b-e4c6bad5e613
95a4b6f2-005f-4f9c-b317-846a277ed550,"Wilks, Ivor","Forests of gold: essays on the Akan and the Kingdom of
         Asante",1993,317,Monograph,Akan,Africa,Western Africa,horticulturalists,,"647,687,696",https://ehrafworldcultures.yale.edu/sres/95a4b6f2-005f-4f9c-b317-846a277ed550
14e34217-71a9-41cd-8082-9163461ea667,"Wilks, Ivor","Forests of gold: essays on the Akan and the Kingdom of
         Asante",1993,318,Monograph,Akan,Africa,Western Africa,horticulturalists,,"113,646,647,685,696",https://ehrafworldcultures.yale.edu/sres/14e34217-71a9-41cd-8082-9163461ea667
8ade8bd4-86dc-4b13-9e70-46f34cf6dd11,"Wilks, Ivor","Forests of gold: essays on the Akan and the Kingdom of
         Asante",1993,335,Monograph,Akan,Africa,Western Africa,horticulturalists,,"113,562,614,671,682,696,782,783,788,826,841",https://ehrafworldcultures.yale.edu/sres/8ade8bd4-86dc-4b13-9e70-46f34cf6dd11
f2204ec2-35ab-4ac3-a8e9-4f066e8e0460,"Wilks, Ivor","Forests of gold: essays on the Akan and the Kingdom of
         Asante",1993,223,Monograph,Akan,Africa,Western Africa,horticulturalists,,"113,684,687,696,782",https://ehrafworldcultures.yale.edu/sres/f2204ec2-35ab-4ac3-a8e9-4f066e8e0460
65ca2694-455a-40ac-b707-f2e9be480383,"Rattray, R. S. (Robert Sutherland),
         1881-1938",Ashanti law and constitution,1929,291,"Component part(s), monograph",Akan,Africa,Western Africa,horticulturalists,,"142,577,634,651,681,691,696,782",https://ehrafworldcultures.yale.edu/sres/65ca2694-455a-40ac-b707-f2e9be480383
4e1ce75e-8a82-4d80-8d86-0094f5a275a1,"Rattray, R. S. (Robert Sutherland),
         1881-1938",Ashanti law and constitution,1929,292,"Component part(s), monograph",Akan,Africa,Western Africa,horticulturalists,,"681,692,696",https://ehrafworldcultures.yale.edu/sres/4e1ce75e-8a82-4d80-8d86-0094f5a275a1
ea4899bb-cec7-408d-85a0-a96c5b8844f7,"Rattray, R. S. (Robert Sutherland),
         1881-1938",Ashanti law and constitution,1929,p. 294,"Component part(s), monograph",Akan,Africa,Western Africa,horticulturalists,,"673,681,696",https://ehrafworldcultures.yale.edu/sres/ea4899bb-cec7-408d-85a0-a96c5b8844f7
10419297-2ed7-4825-bcb1-44e5f096c93d,"Rattray, R. S. (Robert Sutherland),
         1881-1938",Ashanti law and constitution,1929,p. 294,"Component part(s), monograph",Akan,Africa,Western Africa,horticulturalists,,"673,681,696",https://ehrafworldcultures.yale.edu/sres/10419297-2ed7-4825-bcb1-44e5f096c93d
57af8a07-d1eb-4542-913c-e222482ba741,"Rattray, R. S. (Robert Sutherland),
         1881-1938",Ashanti law and constitution,1929,295,"Component part(s), monograph",Akan,Africa,Western Africa,horticulturalists,,"671,673,682,696,769",https://ehrafworldcultures.yale.edu/sres/57af8a07-d1eb-4542-913c-e222482ba741
dbf85edc-12e1-4db0-b944-d579de02980a,"Rattray, R. S. (Robert Sutherland),
         1881-1938",Ashanti law and constitution,1929,295,"Component part(s), monograph",Akan,Africa,Western Africa,horticulturalists,,"673,682,696,769",https://ehrafworldcultures.yale.edu/sres/dbf85edc-12e1-4db0-b944-d579de02980a
2ba571d2-5951-4797-84c6-409781abb6f5,"Rattray, R. S. (Robert Sutherland),
         1881-1938",Ashanti law and constitution,1929,296,"Component part(s), monograph",Akan,Africa,Western Africa,horticulturalists,,"673,682,696,782",https://ehrafworldcultures.yale.edu/sres/2ba571d2-5951-4797-84c6-409781abb6f5
cbb59737-732b-4dde-b870-13d2124dce31,"Rattray, R. S. (Robert Sutherland),
         1881-1938",Ashanti law and constitution,1929,302,"Component part(s), monograph",Akan,Africa,Western Africa,horticulturalists,,"613,672,682,696,766",https://ehrafworldcultures.yale.edu/sres/cbb59737-732b-4dde-b870-13d2124dce31
3d294863-c4d3-4943-b377-7371dfa35dc1,"Rattray, R. S. (Robert Sutherland),
         1881-1938",Ashanti law and constitution,1929,312,"Component part(s), monograph",Akan,Africa,Western Africa,horticulturalists,,"641,673,687,696",https://ehrafworldcultures.yale.edu/sres/3d294863-c4d3-4943-b377-7371dfa35dc1
77233a44-fc5d-4efe-ae3f-33346d025c57,"Rattray, R. S. (Robert Sutherland),
         1881-1938",Ashanti law and constitution,1929,369,"Component part(s), monograph",Akan,Africa,Western Africa,horticulturalists,,"426,686,696",https://ehrafworldcultures.yale.edu/sres/77233a44-fc5d-4efe-ae3f-33346d025c57
284ca909-2b44-4014-b5af-10f811914c90,"Rattray, R. S. (Robert Sutherland),
         1881-1938",Ashanti law and constitution,1929,369,"Component part(s), monograph",Akan,Africa,Western Africa,horticulturalists,,"426,672,686,696",https://ehrafworldcultures.yale.edu/sres/284ca909-2b44-4014-b5af-10f811914c90
b03fe460-71e4-43cf-8e02-500ee4ddaafd,"Rattray, R. S. (Robert Sutherland),
         1881-1938",Ashanti law and constitution,1929,369,"Component part(s), monograph",Akan,Africa,Western Africa,horticulturalists,,"426,686,696,782",https://ehrafworldcultures.yale.edu/sres/b03fe460-71e4-43cf-8e02-500ee4ddaafd
a55595d4-0f37-4367-86a3-32feaffbcc9a,"Rattray, R. S. (Robert Sutherland),
         1881-1938",Ashanti law and constitution,1929,370,"Component part(s), monograph",Akan,Africa,Western Africa,horticulturalists,,"426,686,696",https://ehrafworldcultures.yale.edu/sres/a55595d4-0f37-4367-86a3-32feaffbcc9a
b8b1f44f-a5c8-406d-8870-479013facb43,"Rattray, R. S. (Robert Sutherland),
         1881-1938",Ashanti law and constitution,1929,370,"Component part(s), monograph",Akan,Africa,Western Africa,horticulturalists,,"426,682,686,696",https://ehrafworldcultures.yale.edu/sres/b8b1f44f-a5c8-406d-8870-479013facb43
c2ab2682-6318-43bd-abc7-d06b87102732,"Warren, Dennis M.","The Akan of Ghana: an overview of the ethnographic
         literature",1986,53,"Component part(s), monograph",Akan,Africa,Western Africa,horticulturalists,,"681,696",https://ehrafworldcultures.yale.edu/sres/c2ab2682-6318-43bd-abc7-d06b87102732
de27d1b2-2db1-4a71-861d-3fb8105cabef,"Rattray, R. S. (Robert Sutherland),
         1881-1938",Religion and art in Ashanti,1927,208,"Component part(s), monograph",Akan,Africa,Western Africa,horticulturalists,,"688,695,696,782,784",https://ehrafworldcultures.yale.edu/sres/de27d1b2-2db1-4a71-861d-3fb8105cabef
d95fbc81-531d-4e65-9991-23790ae112ca,"Rattray, R. S. (Robert Sutherland),
         1881-1938",Religion and art in Ashanti,1927,209,"Component part(s), monograph",Akan,Africa,Western Africa,horticulturalists,,"688,695,696,784",https://ehrafworldcultures.yale.edu/sres/d95fbc81-531d-4e65-9991-23790ae112ca
9c148ffa-9ac8-4586-8940-8f501f616d6f,"Rattray, R. S. (Robert Sutherland),
         1881-1938",Religion and art in Ashanti,1927,209,"Component part(s), monograph",Akan,Africa,Western Africa,horticulturalists,,"688,695,696,784",https://ehrafworldcultures.yale.edu/sres/9c148ffa-9ac8-4586-8940-8f501f616d6f
f09b7a6b-f62c-4cb9-8d22-31ad784b1ca8,"Rattray, R. S. (Robert Sutherland),
         1881-1938",Religion and art in Ashanti,1927,209,"Component part(s), monograph",Akan,Africa,Western Africa,horticulturalists,,"688,695,696,784",https://ehrafworldcultures.yale.edu/sres/f09b7a6b-f62c-4cb9-8d22-31ad784b1ca8
9a590bee-aa0c-48c8-8ffb-ec49508ab7ae,"Rattray, R. S. (Robert Sutherland),
         1881-1938",Religion and art in Ashanti,1927,209,"Component part(s), monograph",Akan,Africa,Western Africa,horticulturalists,,"688,696,782",https://ehrafworldcultures.yale.edu/sres/9a590bee-aa0c-48c8-8ffb-ec49508ab7ae
26e4e673-4047-4f7b-b07d-ead16343db55,"Rattray, R. S. (Robert Sutherland),
         1881-1938",Religion and art in Ashanti,1927,209,"Component part(s), monograph",Akan,Africa,Western Africa,horticulturalists,,"688,696,782",https://ehrafworldcultures.yale.edu/sres/26e4e673-4047-4f7b-b07d-ead16343db55
9051d828-60c1-4246-9df1-53a99a6ae3d7,"Sarbah, John Mensah, 1864-1910","Fanti national constitution: a short treatise on the
         constitution and government of the Fanti, Asanti, and other Akan tribes of West Africa
         together with a brief account of the discovery of the Gold Coast by Portuguese navigators,
         a short narration of early English voyages, and a study of the rise of British Gold Coast
         jurisdiction, etc., etc.",1968,44,Monograph,Akan,Africa,Western Africa,horticulturalists,,"631,687,696",https://ehrafworldcultures.yale.edu/sres/9051d828-60c1-4246-9df1-53a99a6ae3d7
1dc5fae6-baa4-427b-b601-f683cc099c32,"Sarbah, John Mensah, 1864-1910","Fanti national constitution: a short treatise on the
         constitution and government of the Fanti, Asanti, and other Akan tribes of West Africa
         together with a brief account of the discovery of the Gold Coast by Portuguese navigators,
         a short narration of early English voyages, and a study of the rise of British Gold Coast
         jurisdiction, etc., etc.",1968,47,Monograph,Akan,Africa,Western Africa,horticulturalists,,"631,641,687,694,695,696",https://ehrafworldcultures.yale.edu/sres/1dc5fae6-baa4-427b-b601-f683cc099c32
3417eddc-1c25-4e4b-916e-1597dea8dafb,"Rattray, R. S. (Robert Sutherland),
         1881-1938",Ashanti,1923,233,"Component part(s), monograph",Akan,Africa,Western Africa,horticulturalists,,"426,538,686,696",https://ehrafworldcultures.yale.edu/sres/3417eddc-1c25-4e4b-916e-1597dea8dafb
475638de-ee33-4c18-b056-b40d467169ac,"Rattray, R. S. (Robert Sutherland),
         1881-1938",Ashanti,1923,130,"Component part(s), monograph",Akan,Africa,Western Africa,horticulturalists,,"681,696,778",https://ehrafworldcultures.yale.edu/sres/475638de-ee33-4c18-b056-b40d467169ac
d1514f20-0b68-44f8-82e3-ca2f75904635,"Rattray, R. S. (Robert Sutherland),
         1881-1938",Ashanti,1923,131,"Component part(s), monograph",Akan,Africa,Western Africa,horticulturalists,,"643,681,688,696,778,789",https://ehrafworldcultures.yale.edu/sres/d1514f20-0b68-44f8-82e3-ca2f75904635
46c6b347-6daf-4f3b-b804-625c62f124fd,"Rattray, R. S. (Robert Sutherland),
         1881-1938",Ashanti law and constitution,1929,4,"Component part(s), monograph",Akan,Africa,Western Africa,horticulturalists,,"578,592,596,626,627,769",https://ehrafworldcultures.yale.edu/sres/46c6b347-6daf-4f3b-b804-625c62f124fd
51bd2450-f221-4255-b254-cb2b5d636431,"Clark, Gracia","Onions are my husband: survival and accumulation by West
         African market women",1994,263,Monograph,Akan,Africa,Western Africa,horticulturalists,,"443,476,626,627",https://ehrafworldcultures.yale.edu/sres/51bd2450-f221-4255-b254-cb2b5d636431
5f994928-2896-47c2-ae8d-34a562686e88,"Rattray, R. S. (Robert Sutherland),
         1881-1938",Ashanti law and constitution,1929,38,"Component part(s), monograph",Akan,Africa,Western Africa,horticulturalists,,"567,582,626,684",https://ehrafworldcultures.yale.edu/sres/5f994928-2896-47c2-ae8d-34a562686e88
4233f1ab-7ccb-46ee-b838-d986dcfdba22,"Rattray, R. S. (Robert Sutherland),
         1881-1938",Ashanti law and constitution,1929,38,"Component part(s), monograph",Akan,Africa,Western Africa,horticulturalists,,"567,582,626,684",https://ehrafworldcultures.yale.edu/sres/4233f1ab-7ccb-46ee-b838-d986dcfdba22
55804b28-4b63-4cca-9eae-3c8b289e63de,"Rattray, R. S. (Robert Sutherland),
         1881-1938",Ashanti law and constitution,1929,39,"Component part(s), monograph",Akan,Africa,Western Africa,horticulturalists,,"567,582,626,684",https://ehrafworldcultures.yale.edu/sres/55804b28-4b63-4cca-9eae-3c8b289e63de
c35ab165-5bb3-4984-8417-25c71c00ebac,"Rattray, R. S. (Robert Sutherland),
         1881-1938",Ashanti law and constitution,1929,39,"Component part(s), monograph",Akan,Africa,Western Africa,horticulturalists,,"567,582,626,684",https://ehrafworldcultures.yale.edu/sres/c35ab165-5bb3-4984-8417-25c71c00ebac
80980e69-9846-4209-856d-75a23a0e07f9,"Rattray, R. S. (Robert Sutherland),
         1881-1938",Ashanti law and constitution,1929,29,"Component part(s), monograph",Akan,Africa,Western Africa,horticulturalists,,"587,626,684,768",https://ehrafworldcultures.yale.edu/sres/80980e69-9846-4209-856d-75a23a0e07f9
9be4e698-a06b-470b-b2ae-bf13b4a18d52,"Rattray, R. S. (Robert Sutherland),
         1881-1938",Ashanti law and constitution,1929,227,"Component part(s), monograph",Akan,Africa,Western Africa,horticulturalists,,"173,626,634,681,688,692,695",https://ehrafworldcultures.yale.edu/sres/9be4e698-a06b-470b-b2ae-bf13b4a18d52
f7787d02-de8a-4644-8a4c-23f0d07e5593,"Rattray, R. S. (Robert Sutherland),
         1881-1938",Ashanti law and constitution,1929,315,"Component part(s), monograph",Akan,Africa,Western Africa,horticulturalists,,"203,626,634,671,673,688,692,784",https://ehrafworldcultures.yale.edu/sres/f7787d02-de8a-4644-8a4c-23f0d07e5593
e20eb9d0-e897-436e-80fb-381b637329cc,"Rattray, R. S. (Robert Sutherland),
         1881-1938",Ashanti law and constitution,1929,319,"Component part(s), monograph",Akan,Africa,Western Africa,horticulturalists,,"626,684,837",https://ehrafworldcultures.yale.edu/sres/e20eb9d0-e897-436e-80fb-381b637329cc
92d9d51d-67ca-4d34-9352-2373b1e58577,"Rattray, R. S. (Robert Sutherland),
         1881-1938",Ashanti law and constitution,1929,319,"Component part(s), monograph",Akan,Africa,Western Africa,horticulturalists,,"626,684,837",https://ehrafworldcultures.yale.edu/sres/92d9d51d-67ca-4d34-9352-2373b1e58577
eae7311f-6b3b-4a34-b3cf-4aaf3840d6c2,"Rattray, R. S. (Robert Sutherland),
         1881-1938",Ashanti law and constitution,1929,319,"Component part(s), monograph",Akan,Africa,Western Africa,horticulturalists,,"626,684,837",https://ehrafworldcultures.yale.edu/sres/eae7311f-6b3b-4a34-b3cf-4aaf3840d6c2
ae14b26b-7901-45e7-bdf6-bd05b5d35403,"Rattray, R. S. (Robert Sutherland),
         1881-1938",Ashanti law and constitution,1929,319,"Component part(s), monograph",Akan,Africa,Western Africa,horticulturalists,,"626,684,837",https://ehrafworldcultures.yale.edu/sres/ae14b26b-7901-45e7-bdf6-bd05b5d35403
d3a93fd0-33e9-4fdb-bab8-07c44f53b4c6,"Rattray, R. S. (Robert Sutherland),
         1881-1938",Ashanti law and constitution,1929,319,"Component part(s), monograph",Akan,Africa,Western Africa,horticulturalists,,"626,684,837",https://ehrafworldcultures.yale.edu/sres/d3a93fd0-33e9-4fdb-bab8-07c44f53b4c6
a97b934d-a6e9-4ab2-8b1d-6e4b6e5628c9,"Rattray, R. S. (Robert Sutherland),
         1881-1938",Ashanti law and constitution,1929,324,"Component part(s), monograph",Akan,Africa,Western Africa,horticulturalists,,"626,685",https://ehrafworldcultures.yale.edu/sres/a97b934d-a6e9-4ab2-8b1d-6e4b6e5628c9
e116b493-60f2-426d-a6f8-ff794891847a,"Rattray, R. S. (Robert Sutherland),
         1881-1938",Ashanti law and constitution,1929,p. 326,"Component part(s), monograph",Akan,Africa,Western Africa,horticulturalists,,"181,626,683",https://ehrafworldcultures.yale.edu/sres/e116b493-60f2-426d-a6f8-ff794891847a
c719d88a-db76-4527-ad6a-66071fd8e387,"Rattray, R. S. (Robert Sutherland),
         1881-1938",Ashanti law and constitution,1929,327,"Component part(s), monograph",Akan,Africa,Western Africa,horticulturalists,,"577,626,683,689",https://ehrafworldcultures.yale.edu/sres/c719d88a-db76-4527-ad6a-66071fd8e387
25aab552-383e-4d45-bbb3-f236dfd32647,"Rattray, R. S. (Robert Sutherland),
         1881-1938",Ashanti law and constitution,1929,328,"Component part(s), monograph",Akan,Africa,Western Africa,horticulturalists,,"577,626,683,689",https://ehrafworldcultures.yale.edu/sres/25aab552-383e-4d45-bbb3-f236dfd32647
7725c2a7-318b-4e58-8bfd-60a67c24b16c,"Rattray, R. S. (Robert Sutherland),
         1881-1938",Ashanti law and constitution,1929,328,"Component part(s), monograph",Akan,Africa,Western Africa,horticulturalists,,"577,626,683,689",https://ehrafworldcultures.yale.edu/sres/7725c2a7-318b-4e58-8bfd-60a67c24b16c
f03279bb-c667-49ca-b060-08315ff29bee,"Rattray, R. S. (Robert Sutherland),
         1881-1938",Ashanti law and constitution,1929,328,"Component part(s), monograph",Akan,Africa,Western Africa,horticulturalists,,"577,626,683,689",https://ehrafworldcultures.yale.edu/sres/f03279bb-c667-49ca-b060-08315ff29bee
aca63954-27ae-4fad-ad80-61b7b1983ab2,"Rattray, R. S. (Robert Sutherland),
         1881-1938",Ashanti law and constitution,1929,328,"Component part(s), monograph",Akan,Africa,Western Africa,horticulturalists,,"577,626,683,689",https://ehrafworldcultures.yale.edu/sres/aca63954-27ae-4fad-ad80-61b7b1983ab2
c52a0b6d-e1ca-4414-9b35-43def3123441,"Rattray, R. S. (Robert Sutherland),
         1881-1938",Ashanti law and constitution,1929,328,"Component part(s), monograph",Akan,Africa,Western Africa,horticulturalists,,"577,626,683,689",https://ehrafworldcultures.yale.edu/sres/c52a0b6d-e1ca-4414-9b35-43def3123441
abd7ff2a-38d5-4cef-bd19-9cd0858595cf,"Rattray, R. S. (Robert Sutherland),
         1881-1938",Ashanti law and constitution,1929,386,"Component part(s), monograph",Akan,Africa,Western Africa,horticulturalists,,"626,688,695,766",https://ehrafworldcultures.yale.edu/sres/abd7ff2a-38d5-4cef-bd19-9cd0858595cf
a7b9453e-b5af-4a2d-ae5c-a68631aff308,"Rattray, R. S. (Robert Sutherland),
         1881-1938",Ashanti law and constitution,1929,386,"Component part(s), monograph",Akan,Africa,Western Africa,horticulturalists,,"626,688,695,766,782",https://ehrafworldcultures.yale.edu/sres/a7b9453e-b5af-4a2d-ae5c-a68631aff308
b130c077-33cd-468b-abd9-3a8b457d0842,"Busia, K. A. (Kofi Abrefa)","The position of the chief in the modern political system of
         the Ashanti: a study of the influence of contemporary social change on Ashanti political
         institutions",1951,77,"Component part(s), monograph",Akan,Africa,Western Africa,horticulturalists,,"626,687,695",https://ehrafworldcultures.yale.edu/sres/b130c077-33cd-468b-abd9-3a8b457d0842
6979c84a-a0a6-45a6-85d1-cd22afe7e9b4,"Sarbah, John Mensah, 1864-1910","Fanti national constitution: a short treatise on the
         constitution and government of the Fanti, Asanti, and other Akan tribes of West Africa
         together with a brief account of the discovery of the Gold Coast by Portuguese navigators,
         a short narration of early English voyages, and a study of the rise of British Gold Coast
         jurisdiction, etc., etc.",1968,34,Monograph,Akan,Africa,Western Africa,horticulturalists,,"626,685,784",https://ehrafworldcultures.yale.edu/sres/6979c84a-a0a6-45a6-85d1-cd22afe7e9b4
52e45b44-e5e4-435c-9f75-394289d6ac84,"Yankah, Kwesi","The proverb in the context of Akan rhetoric: a theory of
         proverb praxis",1989,75,Monograph,Akan,Africa,Western Africa,horticulturalists,,"113,5310,561,577,626,685,687,692,694,695,902",https://ehrafworldcultures.yale.edu/sres/52e45b44-e5e4-435c-9f75-394289d6ac84
9345c6ac-efe1-4a23-854d-00b8b9fd219e,"Danquah, J. B. (Joseph Boakye)",The Gold Coast Akan,1945,60,Monograph,Akan,Africa,Western Africa,horticulturalists,,"157,561,575,626,681",https://ehrafworldcultures.yale.edu/sres/9345c6ac-efe1-4a23-854d-00b8b9fd219e
1b1c3e4e-247f-4f2e-acd9-5a82ede8ff7c,"Gilbert, Michelle",Culture summary: Akan,2000,8,Manuscript,Akan,Africa,Western Africa,horticulturalists,,"626,628,673,681,692",https://ehrafworldcultures.yale.edu/sres/1b1c3e4e-247f-4f2e-acd9-5a82ede8ff7c
5b2f46e2-1f84-495c-8754-5461b5dc01ba,"Sarpong, Peter",Girls' nubility rites in Ashanti,1977,83,Monograph,Akan,Africa,Western Africa,horticulturalists,,"626,684",https://ehrafworldcultures.yale.edu/sres/5b2f46e2-1f84-495c-8754-5461b5dc01ba
8a7d774c-13a8-4c4e-a6a5-4c3a0ec28c85,"Clark, Gracia","Onions are my husband: survival and accumulation by West
         African market women",1994,223,Monograph,Akan,Africa,Western Africa,horticulturalists,,"452,476,626,686",https://ehrafworldcultures.yale.edu/sres/8a7d774c-13a8-4c4e-a6a5-4c3a0ec28c85
0ec08f7a-5438-4c21-ad47-75a9204ca708,"Mensa-Bonsu, Henrietta J.","Place of 'oaths' in the constitutional set-up of
         Asante",1989,[263],Journal Article,Akan,Africa,Western Africa,horticulturalists,,"567,626,687",https://ehrafworldcultures.yale.edu/sres/0ec08f7a-5438-4c21-ad47-75a9204ca708
9aa8fbf1-b79f-4fa4-9e21-b8bf2ca4e661,"Mensa-Bonsu, Henrietta J.","Place of 'oaths' in the constitutional set-up of
         Asante",1989,264,Journal Article,Akan,Africa,Western Africa,horticulturalists,,"626,631,687,782",https://ehrafworldcultures.yale.edu/sres/9aa8fbf1-b79f-4fa4-9e21-b8bf2ca4e661
b8bd4a05-85e8-41c9-bd75-38ab8000f912,"Mensa-Bonsu, Henrietta J.","Place of 'oaths' in the constitutional set-up of
         Asante",1989,264,Journal Article,Akan,Africa,Western Africa,horticulturalists,,"626,687",https://ehrafworldcultures.yale.edu/sres/b8bd4a05-85e8-41c9-bd75-38ab8000f912
bdea5ce2-4354-4aac-a55a-c55315f7e609,"Mensa-Bonsu, Henrietta J.","Place of 'oaths' in the constitutional set-up of
         Asante",1989,[269],Journal Article,Akan,Africa,Western Africa,horticulturalists,,"173,626,687,784",https://ehrafworldcultures.yale.edu/sres/bdea5ce2-4354-4aac-a55a-c55315f7e609
badb204a-0b6d-43c2-b014-75e2343a3bc3,"Mensa-Bonsu, Henrietta J.","Place of 'oaths' in the constitutional set-up of
         Asante",1989,[269],Journal Article,Akan,Africa,Western Africa,horticulturalists,,"113,554,626,631,687,784",https://ehrafworldcultures.yale.edu/sres/badb204a-0b6d-43c2-b014-75e2343a3bc3
cddceea9-c490-480e-bba1-5ced07dd713b,"Clark, Gracia","Onions are my husband: survival and accumulation by West
         African market women",1994,206,Monograph,Akan,Africa,Western Africa,horticulturalists,,"426,443,554,626,686",https://ehrafworldcultures.yale.edu/sres/cddceea9-c490-480e-bba1-5ced07dd713b
63c9aa4e-c011-44f4-aa1b-17beb8855c28,"Mensa-Bonsu, Henrietta J.","Place of 'oaths' in the constitutional set-up of
         Asante",1989,272,Journal Article,Akan,Africa,Western Africa,horticulturalists,,"113,626,631,683,687,694,784",https://ehrafworldcultures.yale.edu/sres/63c9aa4e-c011-44f4-aa1b-17beb8855c28
75c04b5d-f81e-4fcc-978f-043bf5c90ec6,"Mensa-Bonsu, Henrietta J.","Place of 'oaths' in the constitutional set-up of
         Asante",1989,272,Journal Article,Akan,Africa,Western Africa,horticulturalists,,"577,626,631,687,784",https://ehrafworldcultures.yale.edu/sres/75c04b5d-f81e-4fcc-978f-043bf5c90ec6
d24c6225-77e8-412a-a189-7b3d8930c3c6,"Mensa-Bonsu, Henrietta J.","Place of 'oaths' in the constitutional set-up of
         Asante",1989,[273],Journal Article,Akan,Africa,Western Africa,horticulturalists,,"113,114,173,626,643,687,784",https://ehrafworldcultures.yale.edu/sres/d24c6225-77e8-412a-a189-7b3d8930c3c6
d33c8a9b-414c-4255-bddf-923479adb906,"Rattray, R. S. (Robert Sutherland),
         1881-1938",Ashanti law and constitution,1929,323,"Component part(s), monograph",Akan,Africa,Western Africa,horticulturalists,,"613,627,672,685",https://ehrafworldcultures.yale.edu/sres/d33c8a9b-414c-4255-bddf-923479adb906
1b398457-9416-49fd-b65a-d8bf6774e25e,"Rattray, R. S. (Robert Sutherland),
         1881-1938",Ashanti law and constitution,1929,323,"Component part(s), monograph",Akan,Africa,Western Africa,horticulturalists,,"613,627,672,685",https://ehrafworldcultures.yale.edu/sres/1b398457-9416-49fd-b65a-d8bf6774e25e
61b23f45-1a30-40d6-8666-2e7a0dfbe058,"Rattray, R. S. (Robert Sutherland),
         1881-1938",Ashanti law and constitution,1929,324,"Component part(s), monograph",Akan,Africa,Western Africa,horticulturalists,,"613,627,672,685",https://ehrafworldcultures.yale.edu/sres/61b23f45-1a30-40d6-8666-2e7a0dfbe058
125ab619-95f4-4562-9c54-11c6b10240bb,"Rattray, R. S. (Robert Sutherland),
         1881-1938",Ashanti law and constitution,1929,325,"Component part(s), monograph",Akan,Africa,Western Africa,horticulturalists,,"613,627,672,685,688",https://ehrafworldcultures.yale.edu/sres/125ab619-95f4-4562-9c54-11c6b10240bb
86d8b548-2bdf-4914-9d79-8d5525c08484,"Rattray, R. S. (Robert Sutherland),
         1881-1938",Ashanti law and constitution,1929,p. 326,"Component part(s), monograph",Akan,Africa,Western Africa,horticulturalists,,"578,627,683",https://ehrafworldcultures.yale.edu/sres/86d8b548-2bdf-4914-9d79-8d5525c08484
000958d3-6e9d-4da8-9ddb-7424d2c2cee6,"Rattray, R. S. (Robert Sutherland),
         1881-1938",Ashanti law and constitution,1929,p. 326,"Component part(s), monograph",Akan,Africa,Western Africa,horticulturalists,,"578,627,683",https://ehrafworldcultures.yale.edu/sres/000958d3-6e9d-4da8-9ddb-7424d2c2cee6
716234ad-dfe9-45a4-930a-bfa7d1b06690,"Rattray, R. S. (Robert Sutherland),
         1881-1938",Ashanti law and constitution,1929,327,"Component part(s), monograph",Akan,Africa,Western Africa,horticulturalists,,"578,627,683",https://ehrafworldcultures.yale.edu/sres/716234ad-dfe9-45a4-930a-bfa7d1b06690
3f916bf9-42f6-4c58-abf5-bdf873017040,"Rattray, R. S. (Robert Sutherland),
         1881-1938",Ashanti law and constitution,1929,329,"Component part(s), monograph",Akan,Africa,Western Africa,horticulturalists,,"613,627,683",https://ehrafworldcultures.yale.edu/sres/3f916bf9-42f6-4c58-abf5-bdf873017040
db28dcd5-e1a0-457b-9bef-acfa0bfbaa78,"Yankah, Kwesi","The proverb in the context of Akan rhetoric: a theory of
         proverb praxis",1989,144,Monograph,Akan,Africa,Western Africa,horticulturalists,,"5310,627,684,686,902",https://ehrafworldcultures.yale.edu/sres/db28dcd5-e1a0-457b-9bef-acfa0bfbaa78
6623fd95-7ccd-4e4b-a089-de2adfe580a8,"Yankah, Kwesi","The proverb in the context of Akan rhetoric: a theory of
         proverb praxis",1989,235,Monograph,Akan,Africa,Western Africa,horticulturalists,,"428,5310,578,613,625,627,685,902",https://ehrafworldcultures.yale.edu/sres/6623fd95-7ccd-4e4b-a089-de2adfe580a8
697fcd9e-1c53-4a3f-9109-3c23e91f5ac0,"Yankah, Kwesi","The proverb in the context of Akan rhetoric: a theory of
         proverb praxis",1989,236,Monograph,Akan,Africa,Western Africa,horticulturalists,,"613,627,685",https://ehrafworldcultures.yale.edu/sres/697fcd9e-1c53-4a3f-9109-3c23e91f5ac0
5461705b-e366-422e-924a-e97f68d5886a,"Yankah, Kwesi","The proverb in the context of Akan rhetoric: a theory of
         proverb praxis",1989,236,Monograph,Akan,Africa,Western Africa,horticulturalists,,"5310,613,627,685,902",https://ehrafworldcultures.yale.edu/sres/5461705b-e366-422e-924a-e97f68d5886a
45a68074-e461-4bd6-804e-90990f715540,"Yankah, Kwesi","The proverb in the context of Akan rhetoric: a theory of
         proverb praxis",1989,237,Monograph,Akan,Africa,Western Africa,horticulturalists,,"5310,613,627,685",https://ehrafworldcultures.yale.edu/sres/45a68074-e461-4bd6-804e-90990f715540
61e110d0-e4b7-46ab-86d7-c43a5f7012b8,"Yankah, Kwesi","The proverb in the context of Akan rhetoric: a theory of
         proverb praxis",1989,238,Monograph,Akan,Africa,Western Africa,horticulturalists,,"5310,613,627,685",https://ehrafworldcultures.yale.edu/sres/61e110d0-e4b7-46ab-86d7-c43a5f7012b8
cb561dac-0632-4e64-8da8-c46f567fdef1,"Yankah, Kwesi","The proverb in the context of Akan rhetoric: a theory of
         proverb praxis",1989,238,Monograph,Akan,Africa,Western Africa,horticulturalists,,"5310,613,627,685",https://ehrafworldcultures.yale.edu/sres/cb561dac-0632-4e64-8da8-c46f567fdef1
b11cf836-db57-44d1-8664-88a7b04d3aad,"Yankah, Kwesi","The proverb in the context of Akan rhetoric: a theory of
         proverb praxis",1989,239,Monograph,Akan,Africa,Western Africa,horticulturalists,,"5310,613,627,685",https://ehrafworldcultures.yale.edu/sres/b11cf836-db57-44d1-8664-88a7b04d3aad
d4dec65c-0189-4ec9-8c70-a154d574796b,"Yankah, Kwesi","The proverb in the context of Akan rhetoric: a theory of
         proverb praxis",1989,239,Monograph,Akan,Africa,Western Africa,horticulturalists,,"5310,613,627,685",https://ehrafworldcultures.yale.edu/sres/d4dec65c-0189-4ec9-8c70-a154d574796b
0cb8a474-aa2d-4b5d-847a-962a8fa79fd0,"Yankah, Kwesi","The proverb in the context of Akan rhetoric: a theory of
         proverb praxis",1989,239,Monograph,Akan,Africa,Western Africa,horticulturalists,,"428,5310,627,685",https://ehrafworldcultures.yale.edu/sres/0cb8a474-aa2d-4b5d-847a-962a8fa79fd0
41e64c2d-4f53-451b-bb7a-f65a5e84aa3a,"Yankah, Kwesi","The proverb in the context of Akan rhetoric: a theory of
         proverb praxis",1989,240,Monograph,Akan,Africa,Western Africa,horticulturalists,,"5310,613,627,685",https://ehrafworldcultures.yale.edu/sres/41e64c2d-4f53-451b-bb7a-f65a5e84aa3a
508e9d69-aa1e-46f6-8d13-36acd89f6350,"Yankah, Kwesi","The proverb in the context of Akan rhetoric: a theory of
         proverb praxis",1989,240,Monograph,Akan,Africa,Western Africa,horticulturalists,,"5310,613,627,685",https://ehrafworldcultures.yale.edu/sres/508e9d69-aa1e-46f6-8d13-36acd89f6350
0499fbf9-d35e-4b46-8a72-fcb6864fbb82,"Yankah, Kwesi","The proverb in the context of Akan rhetoric: a theory of
         proverb praxis",1989,240,Monograph,Akan,Africa,Western Africa,horticulturalists,,"5310,613,627,685",https://ehrafworldcultures.yale.edu/sres/0499fbf9-d35e-4b46-8a72-fcb6864fbb82
e404fd29-f690-427c-a6d8-0b5479d91ab6,"Yankah, Kwesi","The proverb in the context of Akan rhetoric: a theory of
         proverb praxis",1989,240,Monograph,Akan,Africa,Western Africa,horticulturalists,,"5310,613,627,685",https://ehrafworldcultures.yale.edu/sres/e404fd29-f690-427c-a6d8-0b5479d91ab6
9ffeac29-bad9-4462-b561-17cdb6c72699,"Yankah, Kwesi","The proverb in the context of Akan rhetoric: a theory of
         proverb praxis",1989,241,Monograph,Akan,Africa,Western Africa,horticulturalists,,"5310,613,627,685",https://ehrafworldcultures.yale.edu/sres/9ffeac29-bad9-4462-b561-17cdb6c72699
fa60a05a-89d4-4906-a600-e1d3325da19a,"Yankah, Kwesi","The proverb in the context of Akan rhetoric: a theory of
         proverb praxis",1989,241,Monograph,Akan,Africa,Western Africa,horticulturalists,,"113,5310,613,627,685,902",https://ehrafworldcultures.yale.edu/sres/fa60a05a-89d4-4906-a600-e1d3325da19a
77785459-3005-4858-bf77-fdd8228b6ca1,"Yankah, Kwesi","The proverb in the context of Akan rhetoric: a theory of
         proverb praxis",1989,241,Monograph,Akan,Africa,Western Africa,horticulturalists,,"5310,613,627,685,902",https://ehrafworldcultures.yale.edu/sres/77785459-3005-4858-bf77-fdd8228b6ca1
38a2a9b0-9acc-44d9-87aa-5fb8819fa70f,"Yankah, Kwesi","The proverb in the context of Akan rhetoric: a theory of
         proverb praxis",1989,241,Monograph,Akan,Africa,Western Africa,horticulturalists,,"5310,613,627,685",https://ehrafworldcultures.yale.edu/sres/38a2a9b0-9acc-44d9-87aa-5fb8819fa70f
030dc16e-1468-4ce3-b7ea-80b146228888,"Yankah, Kwesi","The proverb in the context of Akan rhetoric: a theory of
         proverb praxis",1989,242,Monograph,Akan,Africa,Western Africa,horticulturalists,,"5310,613,627,685",https://ehrafworldcultures.yale.edu/sres/030dc16e-1468-4ce3-b7ea-80b146228888
125d6750-f15a-41fd-a3d1-5114543e8b02,"Yankah, Kwesi","The proverb in the context of Akan rhetoric: a theory of
         proverb praxis",1989,242,Monograph,Akan,Africa,Western Africa,horticulturalists,,"5310,613,627,685",https://ehrafworldcultures.yale.edu/sres/125d6750-f15a-41fd-a3d1-5114543e8b02
4adc16ac-3fd6-43c2-96ed-d3c6767fa49b,"Manoukian, Madeline",Akan and Ga-Adangme peoples of the Gold Coast,1950,40,"Component part(s), monograph",Akan,Africa,Western Africa,horticulturalists,,"195,203,613,627,634,673,688,692,694,701,784",https://ehrafworldcultures.yale.edu/sres/4adc16ac-3fd6-43c2-96ed-d3c6767fa49b
16cceb3e-c797-43c8-9cfe-b11ed8892866,"Clark, Gracia","Onions are my husband: survival and accumulation by West
         African market women",1994,263,Monograph,Akan,Africa,Western Africa,horticulturalists,,"426,443,476,627,686",https://ehrafworldcultures.yale.edu/sres/16cceb3e-c797-43c8-9cfe-b11ed8892866
05406764-ebbb-4a52-9718-8004145d7ce9,"Clark, Gracia","Onions are my husband: survival and accumulation by West
         African market women",1994,263,Monograph,Akan,Africa,Western Africa,horticulturalists,,"426,443,476,627,686",https://ehrafworldcultures.yale.edu/sres/05406764-ebbb-4a52-9718-8004145d7ce9
7b57d394-b313-436f-a6c7-aab06d6712f3,"Wilks, Ivor","Forests of gold: essays on the Akan and the Kingdom of
         Asante",1993,319,Monograph,Akan,Africa,Western Africa,horticulturalists,,"113,181,646,647,696",https://ehrafworldcultures.yale.edu/sres/7b57d394-b313-436f-a6c7-aab06d6712f3
cc153f28-0df4-4090-aa33-15979cd61274,"Wilks, Ivor","Forests of gold: essays on the Akan and the Kingdom of
         Asante",1993,158,Monograph,Akan,Africa,Western Africa,horticulturalists,,"113,428,641,643,648,651,669,696",https://ehrafworldcultures.yale.edu/sres/cc153f28-0df4-4090-aa33-15979cd61274
aa9010e5-9a85-4ff3-afc5-cb1cda6dcbcb,"Wilks, Ivor","Forests of gold: essays on the Akan and the Kingdom of
         Asante",1993,216,Monograph,Akan,Africa,Western Africa,horticulturalists,,"113,696,782",https://ehrafworldcultures.yale.edu/sres/aa9010e5-9a85-4ff3-afc5-cb1cda6dcbcb
9416ee0d-21bc-4a9c-b5b7-905ab751045b,"Wilks, Ivor","Forests of gold: essays on the Akan and the Kingdom of
         Asante",1993,217,Monograph,Akan,Africa,Western Africa,horticulturalists,,"113,114,696,782",https://ehrafworldcultures.yale.edu/sres/9416ee0d-21bc-4a9c-b5b7-905ab751045b
7098ce6d-a7e5-42a8-8067-262820d6099f,"Danquah, J. B. (Joseph Boakye)","Gold Coast: Akan laws and customs and the Akim Abuakwa
         constitution",1928,55,Monograph,Akan,Africa,Western Africa,horticulturalists,,"537,635,696",https://ehrafworldcultures.yale.edu/sres/7098ce6d-a7e5-42a8-8067-262820d6099f
100f335a-4b7d-43c7-ad5d-6376832aaf28,"Danquah, J. B. (Joseph Boakye)","Gold Coast: Akan laws and customs and the Akim Abuakwa
         constitution",1928,90,Monograph,Akan,Africa,Western Africa,horticulturalists,,696,https://ehrafworldcultures.yale.edu/sres/100f335a-4b7d-43c7-ad5d-6376832aaf28
02ead32e-c191-498f-83ce-831f3f823b1d,"Danquah, J. B. (Joseph Boakye)","Gold Coast: Akan laws and customs and the Akim Abuakwa
         constitution",1928,93,Monograph,Akan,Africa,Western Africa,horticulturalists,,696,https://ehrafworldcultures.yale.edu/sres/02ead32e-c191-498f-83ce-831f3f823b1d
70c83214-d505-4189-99fb-3f22453d0532,"Rattray, R. S. (Robert Sutherland),
         1881-1938",Ashanti law and constitution,1929,111,"Component part(s), monograph",Akan,Africa,Western Africa,horticulturalists,,"634,651,695,696",https://ehrafworldcultures.yale.edu/sres/70c83214-d505-4189-99fb-3f22453d0532
146a0724-bcf8-4ebf-b311-fe607233de1b,"Rattray, R. S. (Robert Sutherland),
         1881-1938",Ashanti law and constitution,1929,111,"Component part(s), monograph",Akan,Africa,Western Africa,horticulturalists,,"634,651,695,696",https://ehrafworldcultures.yale.edu/sres/146a0724-bcf8-4ebf-b311-fe607233de1b
e84eebea-7942-47a0-89fc-89d2fee649a6,"Rattray, R. S. (Robert Sutherland),
         1881-1938",Ashanti law and constitution,1929,395,"Component part(s), monograph",Akan,Africa,Western Africa,horticulturalists,,"695,696",https://ehrafworldcultures.yale.edu/sres/e84eebea-7942-47a0-89fc-89d2fee649a6
5c5d07d3-2b94-4026-a132-e8bb3377fdcd,"Hayford, J. E. Casely (Joseph Ephraim Casely),
         1866-1930","Gold Coast native institutions with thoughts upon a healthy
         imperial policy for the Gold Coast and Ashanti",1970,29,Monograph,Akan,Africa,Western Africa,horticulturalists,,"171,633,673,696,697",https://ehrafworldcultures.yale.edu/sres/5c5d07d3-2b94-4026-a132-e8bb3377fdcd
ce538dbe-9f79-4ffc-a1d6-4b24153462ce,"Hayford, J. E. Casely (Joseph Ephraim Casely),
         1866-1930","Gold Coast native institutions with thoughts upon a healthy
         imperial policy for the Gold Coast and Ashanti",1970,268,Monograph,Akan,Africa,Western Africa,horticulturalists,,"648,696,761",https://ehrafworldcultures.yale.edu/sres/ce538dbe-9f79-4ffc-a1d6-4b24153462ce
eff4d3af-7cd3-447d-b017-cc744972b01b,"Busia, K. A. (Kofi Abrefa)","The position of the chief in the modern political system of
         the Ashanti: a study of the influence of contemporary social change on Ashanti political
         institutions",1951,17,"Component part(s), monograph",Akan,Africa,Western Africa,horticulturalists,,"634,642,692,696",https://ehrafworldcultures.yale.edu/sres/eff4d3af-7cd3-447d-b017-cc744972b01b
d0dce751-1484-4cb7-a63b-0b899f906757,"Busia, K. A. (Kofi Abrefa)","The position of the chief in the modern political system of
         the Ashanti: a study of the influence of contemporary social change on Ashanti political
         institutions",1951,153,"Component part(s), monograph",Akan,Africa,Western Africa,horticulturalists,,"661,696",https://ehrafworldcultures.yale.edu/sres/d0dce751-1484-4cb7-a63b-0b899f906757
96608059-db9a-4396-a0e8-bb20d5079bdf,"Busia, K. A. (Kofi Abrefa)","The position of the chief in the modern political system of
         the Ashanti: a study of the influence of contemporary social change on Ashanti political
         institutions",1951,153,"Component part(s), monograph",Akan,Africa,Western Africa,horticulturalists,,"661,695,696",https://ehrafworldcultures.yale.edu/sres/96608059-db9a-4396-a0e8-bb20d5079bdf
cc0547f4-ac59-4ec4-b28f-56408dec70a2,"Busia, K. A. (Kofi Abrefa)","The position of the chief in the modern political system of
         the Ashanti: a study of the influence of contemporary social change on Ashanti political
         institutions",1951,187,"Component part(s), monograph",Akan,Africa,Western Africa,horticulturalists,,"565,634,696",https://ehrafworldcultures.yale.edu/sres/cc0547f4-ac59-4ec4-b28f-56408dec70a2
44baab33-00ca-4233-b13d-19b89900cdfb,"Busia, K. A. (Kofi Abrefa)","The position of the chief in the modern political system of
         the Ashanti: a study of the influence of contemporary social change on Ashanti political
         institutions",1951,188,"Component part(s), monograph",Akan,Africa,Western Africa,horticulturalists,,"565,634,696",https://ehrafworldcultures.yale.edu/sres/44baab33-00ca-4233-b13d-19b89900cdfb
ac7d91b7-b6d0-4320-9815-61bb99427d88,"Busia, K. A. (Kofi Abrefa)","The position of the chief in the modern political system of
         the Ashanti: a study of the influence of contemporary social change on Ashanti political
         institutions",1951,189,"Component part(s), monograph",Akan,Africa,Western Africa,horticulturalists,,"634,662,696",https://ehrafworldcultures.yale.edu/sres/ac7d91b7-b6d0-4320-9815-61bb99427d88
1282b765-b825-4cc3-81f8-8b4bcdfd4981,"Busia, K. A. (Kofi Abrefa)","The position of the chief in the modern political system of
         the Ashanti: a study of the influence of contemporary social change on Ashanti political
         institutions",1951,189,"Component part(s), monograph",Akan,Africa,Western Africa,horticulturalists,,"634,662,696",https://ehrafworldcultures.yale.edu/sres/1282b765-b825-4cc3-81f8-8b4bcdfd4981
4eca1b19-b5e4-4033-a43a-6e6dc5e281d3,"Busia, K. A. (Kofi Abrefa)","The position of the chief in the modern political system of
         the Ashanti: a study of the influence of contemporary social change on Ashanti political
         institutions",1951,189,"Component part(s), monograph",Akan,Africa,Western Africa,horticulturalists,,"634,662,696",https://ehrafworldcultures.yale.edu/sres/4eca1b19-b5e4-4033-a43a-6e6dc5e281d3
f9fbf165-f723-45f2-8a28-04aa60102e44,"Busia, K. A. (Kofi Abrefa)","The position of the chief in the modern political system of
         the Ashanti: a study of the influence of contemporary social change on Ashanti political
         institutions",1951,190,"Component part(s), monograph",Akan,Africa,Western Africa,horticulturalists,,"634,662,696",https://ehrafworldcultures.yale.edu/sres/f9fbf165-f723-45f2-8a28-04aa60102e44
656ceca6-886f-415b-9a5b-f4efbd594451,"Busia, K. A. (Kofi Abrefa)","The position of the chief in the modern political system of
         the Ashanti: a study of the influence of contemporary social change on Ashanti political
         institutions",1951,190,"Component part(s), monograph",Akan,Africa,Western Africa,horticulturalists,,"634,662,696",https://ehrafworldcultures.yale.edu/sres/656ceca6-886f-415b-9a5b-f4efbd594451
34915a9c-8e81-4c1f-911e-26b2371cf2eb,"Busia, K. A. (Kofi Abrefa)","The position of the chief in the modern political system of
         the Ashanti: a study of the influence of contemporary social change on Ashanti political
         institutions",1951,190,"Component part(s), monograph",Akan,Africa,Western Africa,horticulturalists,,"634,662,696",https://ehrafworldcultures.yale.edu/sres/34915a9c-8e81-4c1f-911e-26b2371cf2eb
5a4eca2d-8dc3-4255-8ace-c8d5a79e8147,"Busia, K. A. (Kofi Abrefa)","The position of the chief in the modern political system of
         the Ashanti: a study of the influence of contemporary social change on Ashanti political
         institutions",1951,190,"Component part(s), monograph",Akan,Africa,Western Africa,horticulturalists,,"634,662,696",https://ehrafworldcultures.yale.edu/sres/5a4eca2d-8dc3-4255-8ace-c8d5a79e8147
2fcc0f33-5e18-4ba8-b086-c599d48da5d2,"Sarbah, John Mensah, 1864-1910","Fanti national constitution: a short treatise on the
         constitution and government of the Fanti, Asanti, and other Akan tribes of West Africa
         together with a brief account of the discovery of the Gold Coast by Portuguese navigators,
         a short narration of early English voyages, and a study of the rise of British Gold Coast
         jurisdiction, etc., etc.",1968,38,Monograph,Akan,Africa,Western Africa,horticulturalists,,"695,696",https://ehrafworldcultures.yale.edu/sres/2fcc0f33-5e18-4ba8-b086-c599d48da5d2
20188d13-4b66-4a4a-9f7e-eb9e9013ef6f,"Sarbah, John Mensah, 1864-1910","Fanti national constitution: a short treatise on the
         constitution and government of the Fanti, Asanti, and other Akan tribes of West Africa
         together with a brief account of the discovery of the Gold Coast by Portuguese navigators,
         a short narration of early English voyages, and a study of the rise of British Gold Coast
         jurisdiction, etc., etc.",1968,41,Monograph,Akan,Africa,Western Africa,horticulturalists,,"631,692,695,696",https://ehrafworldcultures.yale.edu/sres/20188d13-4b66-4a4a-9f7e-eb9e9013ef6f
7fd3a7a4-810e-41f3-94d4-6b4fb2d6da24,"Sarbah, John Mensah, 1864-1910","Fanti national constitution: a short treatise on the
         constitution and government of the Fanti, Asanti, and other Akan tribes of West Africa
         together with a brief account of the discovery of the Gold Coast by Portuguese navigators,
         a short narration of early English voyages, and a study of the rise of British Gold Coast
         jurisdiction, etc., etc.",1968,41,Monograph,Akan,Africa,Western Africa,horticulturalists,,"631,692,695,696",https://ehrafworldcultures.yale.edu/sres/7fd3a7a4-810e-41f3-94d4-6b4fb2d6da24
c0d6e688-fcdb-480f-8d2d-0c93c9683802,"Sarbah, John Mensah, 1864-1910","Fanti national constitution: a short treatise on the
         constitution and government of the Fanti, Asanti, and other Akan tribes of West Africa
         together with a brief account of the discovery of the Gold Coast by Portuguese navigators,
         a short narration of early English voyages, and a study of the rise of British Gold Coast
         jurisdiction, etc., etc.",1968,46,Monograph,Akan,Africa,Western Africa,horticulturalists,,"631,694,695,696",https://ehrafworldcultures.yale.edu/sres/c0d6e688-fcdb-480f-8d2d-0c93c9683802
4f19167b-a4f1-4508-bee7-f7cc22740b84,"Sarbah, John Mensah, 1864-1910","Fanti customary laws: a brief introduction to the principles
         of the native laws and customs of the Fanti and Akan Districts of the Gold Coast, with a
         report of some cases thereon decided in the law courts",1904,239,Monograph,Akan,Africa,Western Africa,horticulturalists,,"672,696",https://ehrafworldcultures.yale.edu/sres/4f19167b-a4f1-4508-bee7-f7cc22740b84
11cdb62c-a21c-4335-ad4b-33f591febf6c,"Sarbah, John Mensah, 1864-1910","Fanti customary laws: a brief introduction to the principles
         of the native laws and customs of the Fanti and Akan Districts of the Gold Coast, with a
         report of some cases thereon decided in the law courts",1904,239,Monograph,Akan,Africa,Western Africa,horticulturalists,,"672,696",https://ehrafworldcultures.yale.edu/sres/11cdb62c-a21c-4335-ad4b-33f591febf6c
a112bf19-0990-41b9-92f6-7c08016d53a4,"Nketia, J. H. Kwabena",Funeral dirges of the Akan people,1969,107,Monograph,Akan,Africa,Western Africa,horticulturalists,,"533,643,696,902",https://ehrafworldcultures.yale.edu/sres/a112bf19-0990-41b9-92f6-7c08016d53a4
16946c8f-a603-4af4-b254-f307b1b50e43,"Nketia, J. H. Kwabena",Funeral dirges of the Akan people,1969,108,Monograph,Akan,Africa,Western Africa,horticulturalists,,"533,643,696,902",https://ehrafworldcultures.yale.edu/sres/16946c8f-a603-4af4-b254-f307b1b50e43
4a900baf-675f-4665-b263-3d98588aa9a5,"Nketia, J. H. Kwabena",Funeral dirges of the Akan people,1969,108,Monograph,Akan,Africa,Western Africa,horticulturalists,,"533,643,696,902",https://ehrafworldcultures.yale.edu/sres/4a900baf-675f-4665-b263-3d98588aa9a5
ac013661-cda5-42df-8580-6c1b62966e67,"Nketia, J. H. Kwabena",Funeral dirges of the Akan people,1969,140,Monograph,Akan,Africa,Western Africa,horticulturalists,,"533,534,535,696,764",https://ehrafworldcultures.yale.edu/sres/ac013661-cda5-42df-8580-6c1b62966e67
4f53c079-1dc4-4576-b3be-61784d5b462c,"Rattray, R. S. (Robert Sutherland),
         1881-1938",Ashanti,1923,131,"Component part(s), monograph",Akan,Africa,Western Africa,horticulturalists,,"696,778",https://ehrafworldcultures.yale.edu/sres/4f53c079-1dc4-4576-b3be-61784d5b462c
d00fbd1a-649c-44a8-8498-39a616374a3e,"McLeod, M. D. (Malcolm D.)",The Asante,1981,37,Monograph,Akan,Africa,Western Africa,horticulturalists,,"364,696,754,761,762,766,842,882",https://ehrafworldcultures.yale.edu/sres/d00fbd1a-649c-44a8-8498-39a616374a3e
7f3eff84-1922-4c5b-9694-56dd4e4cddaa,"McLeod, M. D. (Malcolm D.)",The Asante,1981,41,Monograph,Akan,Africa,Western Africa,horticulturalists,,"344,541,554,696,764",https://ehrafworldcultures.yale.edu/sres/7f3eff84-1922-4c5b-9694-56dd4e4cddaa
4b27a66e-27f6-4981-8bbc-fd5688ba2a83,"Rattray, R. S. (Robert Sutherland),
         1881-1938","Ashanti proverbs: (the primitive ethics of a savage
         people)",1916,148,Monograph,Akan,Africa,Western Africa,horticulturalists,,"538,696",https://ehrafworldcultures.yale.edu/sres/4b27a66e-27f6-4981-8bbc-fd5688ba2a83
e23f30c3-3867-42d5-a377-cb5d4513508f,"Rattray, R. S. (Robert Sutherland),
         1881-1938","Ashanti proverbs: (the primitive ethics of a savage
         people)",1916,156,Monograph,Akan,Africa,Western Africa,horticulturalists,,"538,696",https://ehrafworldcultures.yale.edu/sres/e23f30c3-3867-42d5-a377-cb5d4513508f
8cfd2151-501f-483b-badb-31c266e292a2,"Rattray, R. S. (Robert Sutherland),
         1881-1938","Ashanti proverbs: (the primitive ethics of a savage
         people)",1916,175,Monograph,Akan,Africa,Western Africa,horticulturalists,,"302,538,696",https://ehrafworldcultures.yale.edu/sres/8cfd2151-501f-483b-badb-31c266e292a2
9c1bbddc-1326-4a9c-9353-3a5e1c4b6007,"Rattray, R. S. (Robert Sutherland),
         1881-1938",Ashanti law and constitution,1929,41,"Component part(s), monograph",Akan,Africa,Western Africa,horticulturalists,,"567,626",https://ehrafworldcultures.yale.edu/sres/9c1bbddc-1326-4a9c-9353-3a5e1c4b6007
004341a7-2b4b-4e55-93c4-81079431bbc5,"Rattray, R. S. (Robert Sutherland),
         1881-1938",Ashanti law and constitution,1929,41,"Component part(s), monograph",Akan,Africa,Western Africa,horticulturalists,,"567,626",https://ehrafworldcultures.yale.edu/sres/004341a7-2b4b-4e55-93c4-81079431bbc5
769e5559-f5db-4b2f-8015-7d4a7549ce3e,"Rattray, R. S. (Robert Sutherland),
         1881-1938",Ashanti law and constitution,1929,53,"Component part(s), monograph",Akan,Africa,Western Africa,horticulturalists,,"426,432,567,593,613,626",https://ehrafworldcultures.yale.edu/sres/769e5559-f5db-4b2f-8015-7d4a7549ce3e
b02c3a9f-9a2c-4229-929c-489ad5957c10,"Warren, Dennis M.","The Techiman-Bono of Ghana: an ethnography of an Akan
         society",1975,[25],Monograph,Akan,Africa,Western Africa,horticulturalists,,"146,163,626,834,853",https://ehrafworldcultures.yale.edu/sres/b02c3a9f-9a2c-4229-929c-489ad5957c10
742334dd-2975-466a-86d7-2613dc449b3e,"Rattray, R. S. (Robert Sutherland),
         1881-1938",Ashanti law and constitution,1929,11,"Component part(s), monograph",Akan,Africa,Western Africa,horticulturalists,,"593,626,855,861",https://ehrafworldcultures.yale.edu/sres/742334dd-2975-466a-86d7-2613dc449b3e
5ca40f94-81b0-4ec1-8e44-efedfdef67d6,"Rattray, R. S. (Robert Sutherland),
         1881-1938",Ashanti law and constitution,1929,12,"Component part(s), monograph",Akan,Africa,Western Africa,horticulturalists,,"626,855,857,863",https://ehrafworldcultures.yale.edu/sres/5ca40f94-81b0-4ec1-8e44-efedfdef67d6
83b7f0e7-ae46-452a-bf06-ee186a75ff9a,"Rattray, R. S. (Robert Sutherland),
         1881-1938",Ashanti law and constitution,1929,12,"Component part(s), monograph",Akan,Africa,Western Africa,horticulturalists,,"626,855,857,863",https://ehrafworldcultures.yale.edu/sres/83b7f0e7-ae46-452a-bf06-ee186a75ff9a
12794e29-4f21-42af-88fe-7e1bf7f2a507,"Rattray, R. S. (Robert Sutherland),
         1881-1938",Ashanti law and constitution,1929,28,"Component part(s), monograph",Akan,Africa,Western Africa,horticulturalists,,"565,587,626,768",https://ehrafworldcultures.yale.edu/sres/12794e29-4f21-42af-88fe-7e1bf7f2a507
e785c355-0c6f-4066-bbcd-219dabccf4db,"Rattray, R. S. (Robert Sutherland),
         1881-1938",Ashanti law and constitution,1929,28,"Component part(s), monograph",Akan,Africa,Western Africa,horticulturalists,,"587,626,768,782",https://ehrafworldcultures.yale.edu/sres/e785c355-0c6f-4066-bbcd-219dabccf4db
9ce4c1f3-7c66-4995-b08d-4f42f8b61870,"Rattray, R. S. (Robert Sutherland),
         1881-1938",Ashanti law and constitution,1929,30,"Component part(s), monograph",Akan,Africa,Western Africa,horticulturalists,,"587,626,768",https://ehrafworldcultures.yale.edu/sres/9ce4c1f3-7c66-4995-b08d-4f42f8b61870
b40976b9-0d13-4a95-9b07-1899392476f5,"Rattray, R. S. (Robert Sutherland),
         1881-1938",Ashanti law and constitution,1929,159,"Component part(s), monograph",Akan,Africa,Western Africa,horticulturalists,,"173,626,634,692,784",https://ehrafworldcultures.yale.edu/sres/b40976b9-0d13-4a95-9b07-1899392476f5
a89c57c1-e17e-4737-916d-7f7240be8842,"Rattray, R. S. (Robert Sutherland),
         1881-1938",Ashanti law and constitution,1929,160,"Component part(s), monograph",Akan,Africa,Western Africa,horticulturalists,,"173,626,634,692,784",https://ehrafworldcultures.yale.edu/sres/a89c57c1-e17e-4737-916d-7f7240be8842
1689192c-072e-4ae6-bd25-f79a28d4b482,"Rattray, R. S. (Robert Sutherland),
         1881-1938",Ashanti law and constitution,1929,p. 326,"Component part(s), monograph",Akan,Africa,Western Africa,horticulturalists,,"578,626,769",https://ehrafworldcultures.yale.edu/sres/1689192c-072e-4ae6-bd25-f79a28d4b482
20a3a303-e18d-4e42-a048-23cea164ecbe,"Rattray, R. S. (Robert Sutherland),
         1881-1938",Ashanti law and constitution,1929,328,"Component part(s), monograph",Akan,Africa,Western Africa,horticulturalists,,"577,602,613,626",https://ehrafworldcultures.yale.edu/sres/20a3a303-e18d-4e42-a048-23cea164ecbe
bc2a48df-f3e7-4802-995f-58f5aaddae46,"Rattray, R. S. (Robert Sutherland),
         1881-1938",Ashanti law and constitution,1929,329,"Component part(s), monograph",Akan,Africa,Western Africa,horticulturalists,,"577,602,613,626",https://ehrafworldcultures.yale.edu/sres/bc2a48df-f3e7-4802-995f-58f5aaddae46
120bdce2-13b5-4b10-93c4-14d91480d2f8,"Rattray, R. S. (Robert Sutherland),
         1881-1938",Ashanti law and constitution,1929,p. 372,"Component part(s), monograph",Akan,Africa,Western Africa,horticulturalists,,626,https://ehrafworldcultures.yale.edu/sres/120bdce2-13b5-4b10-93c4-14d91480d2f8
7fe476fe-86a5-4361-979d-831c29751d52,"Rattray, R. S. (Robert Sutherland),
         1881-1938",Ashanti law and constitution,1929,p. 372,"Component part(s), monograph",Akan,Africa,Western Africa,horticulturalists,,626,https://ehrafworldcultures.yale.edu/sres/7fe476fe-86a5-4361-979d-831c29751d52
94d8dce0-6899-4438-a849-90b2333210d7,"Rattray, R. S. (Robert Sutherland),
         1881-1938",Ashanti law and constitution,1929,p. 372,"Component part(s), monograph",Akan,Africa,Western Africa,horticulturalists,,"626,762,827",https://ehrafworldcultures.yale.edu/sres/94d8dce0-6899-4438-a849-90b2333210d7
c865c8e8-810c-4ed9-99d8-9ebb8fd847e5,"Rattray, R. S. (Robert Sutherland),
         1881-1938",Ashanti law and constitution,1929,373,"Component part(s), monograph",Akan,Africa,Western Africa,horticulturalists,,"626,762",https://ehrafworldcultures.yale.edu/sres/c865c8e8-810c-4ed9-99d8-9ebb8fd847e5
a4549908-717c-42ba-b16c-dd85ead77cb1,"Rattray, R. S. (Robert Sutherland),
         1881-1938",Ashanti law and constitution,1929,373,"Component part(s), monograph",Akan,Africa,Western Africa,horticulturalists,,626,https://ehrafworldcultures.yale.edu/sres/a4549908-717c-42ba-b16c-dd85ead77cb1
54e12a47-fd2a-4c63-92fe-ac31fb409ff3,"Rattray, R. S. (Robert Sutherland),
         1881-1938",Ashanti law and constitution,1929,373,"Component part(s), monograph",Akan,Africa,Western Africa,horticulturalists,,626,https://ehrafworldcultures.yale.edu/sres/54e12a47-fd2a-4c63-92fe-ac31fb409ff3
3a678405-fc74-477d-8c28-3026a1b88df2,"Rattray, R. S. (Robert Sutherland),
         1881-1938",Ashanti law and constitution,1929,374,"Component part(s), monograph",Akan,Africa,Western Africa,horticulturalists,,626,https://ehrafworldcultures.yale.edu/sres/3a678405-fc74-477d-8c28-3026a1b88df2
3a86c3db-3bd5-4bb0-8ccb-cf8ec47900e1,"Rattray, R. S. (Robert Sutherland),
         1881-1938",Ashanti law and constitution,1929,374,"Component part(s), monograph",Akan,Africa,Western Africa,horticulturalists,,626,https://ehrafworldcultures.yale.edu/sres/3a86c3db-3bd5-4bb0-8ccb-cf8ec47900e1
1a159a5f-10ad-406d-bcb9-4b644b86db37,"Rattray, R. S. (Robert Sutherland),
         1881-1938",Ashanti law and constitution,1929,374,"Component part(s), monograph",Akan,Africa,Western Africa,horticulturalists,,"626,672",https://ehrafworldcultures.yale.edu/sres/1a159a5f-10ad-406d-bcb9-4b644b86db37
e966a197-e816-4548-899c-eb3ecad9c9ca,"Rattray, R. S. (Robert Sutherland),
         1881-1938",Religion and art in Ashanti,1927,57,"Component part(s), monograph",Akan,Africa,Western Africa,horticulturalists,,"626,845",https://ehrafworldcultures.yale.edu/sres/e966a197-e816-4548-899c-eb3ecad9c9ca
60b46334-7832-4c7d-bbac-98c76fe71b14,"Field, M. J. (Margaret Joyce)","Some new shrines of the Gold Coast and their
         significance",1940,145,Journal Article,Akan,Africa,Western Africa,horticulturalists,,"182,626,754,776,778,783",https://ehrafworldcultures.yale.edu/sres/60b46334-7832-4c7d-bbac-98c76fe71b14
f8e6641f-be33-4019-bd23-c106f3db6d96,"Busia, K. A. (Kofi Abrefa)","The position of the chief in the modern political system of
         the Ashanti: a study of the influence of contemporary social change on Ashanti political
         institutions",1951,25,"Component part(s), monograph",Akan,Africa,Western Africa,horticulturalists,,"626,769",https://ehrafworldcultures.yale.edu/sres/f8e6641f-be33-4019-bd23-c106f3db6d96
1b1b7df3-c9f6-41a0-8eca-3a909caff8c5,"Busia, K. A. (Kofi Abrefa)","The position of the chief in the modern political system of
         the Ashanti: a study of the influence of contemporary social change on Ashanti political
         institutions",1951,74,"Component part(s), monograph",Akan,Africa,Western Africa,horticulturalists,,"626,634,673",https://ehrafworldcultures.yale.edu/sres/1b1b7df3-c9f6-41a0-8eca-3a909caff8c5
7422f86e-ad03-404f-8dbc-5f7412a5c1f5,"Busia, K. A. (Kofi Abrefa)","The position of the chief in the modern political system of
         the Ashanti: a study of the influence of contemporary social change on Ashanti political
         institutions",1951,77,"Component part(s), monograph",Akan,Africa,Western Africa,horticulturalists,,"626,694,695",https://ehrafworldcultures.yale.edu/sres/7422f86e-ad03-404f-8dbc-5f7412a5c1f5
3a3c6009-b6bf-43ed-aa2c-757009a97bad,"Busia, K. A. (Kofi Abrefa)","The position of the chief in the modern political system of
         the Ashanti: a study of the influence of contemporary social change on Ashanti political
         institutions",1951,78,"Component part(s), monograph",Akan,Africa,Western Africa,horticulturalists,,"626,695",https://ehrafworldcultures.yale.edu/sres/3a3c6009-b6bf-43ed-aa2c-757009a97bad
ac1d5416-2bed-478e-be05-98a33aeb5ca1,"Sarbah, John Mensah, 1864-1910","Fanti national constitution: a short treatise on the
         constitution and government of the Fanti, Asanti, and other Akan tribes of West Africa
         together with a brief account of the discovery of the Gold Coast by Portuguese navigators,
         a short narration of early English voyages, and a study of the rise of British Gold Coast
         jurisdiction, etc., etc.",1968,33,Monograph,Akan,Africa,Western Africa,horticulturalists,,"344,368,626,641,695",https://ehrafworldcultures.yale.edu/sres/ac1d5416-2bed-478e-be05-98a33aeb5ca1
bafd5139-f0bb-48eb-ad8e-8d6779a8db08,"Sarbah, John Mensah, 1864-1910","Fanti national constitution: a short treatise on the
         constitution and government of the Fanti, Asanti, and other Akan tribes of West Africa
         together with a brief account of the discovery of the Gold Coast by Portuguese navigators,
         a short narration of early English voyages, and a study of the rise of British Gold Coast
         jurisdiction, etc., etc.",1968,34,Monograph,Akan,Africa,Western Africa,horticulturalists,,"626,784",https://ehrafworldcultures.yale.edu/sres/bafd5139-f0bb-48eb-ad8e-8d6779a8db08
3f76fb70-26e1-4f97-83f6-4acc37e40852,"Christensen, James Boyd",Double descent among the Fanti,1954,37,Monograph,Akan,Africa,Western Africa,horticulturalists,,"567,613,626",https://ehrafworldcultures.yale.edu/sres/3f76fb70-26e1-4f97-83f6-4acc37e40852
0e486ec1-d1a1-4451-95aa-89d2a48618ed,"Christensen, James Boyd",Double descent among the Fanti,1954,38,Monograph,Akan,Africa,Western Africa,horticulturalists,,"567,613,626",https://ehrafworldcultures.yale.edu/sres/0e486ec1-d1a1-4451-95aa-89d2a48618ed
660eb3b2-c1f5-407f-88e3-21dee1563220,"Christensen, James Boyd",Double descent among the Fanti,1954,38,Monograph,Akan,Africa,Western Africa,horticulturalists,,"567,613,626",https://ehrafworldcultures.yale.edu/sres/660eb3b2-c1f5-407f-88e3-21dee1563220
122f8328-af98-477e-bc80-a6b540a0c4cc,"Christensen, James Boyd",Double descent among the Fanti,1954,120,Monograph,Akan,Africa,Western Africa,horticulturalists,,"626,701,765,783",https://ehrafworldcultures.yale.edu/sres/122f8328-af98-477e-bc80-a6b540a0c4cc
c51f5eb3-2576-4442-a74f-de2e3fa2daac,"Christensen, James Boyd",Double descent among the Fanti,1954,120,Monograph,Akan,Africa,Western Africa,horticulturalists,,"626,701,765,783,787",https://ehrafworldcultures.yale.edu/sres/c51f5eb3-2576-4442-a74f-de2e3fa2daac
3b501578-ade3-4c51-8535-5a48c33a90fc,"Christensen, James Boyd",Double descent among the Fanti,1954,121,Monograph,Akan,Africa,Western Africa,horticulturalists,,"626,701,765,783",https://ehrafworldcultures.yale.edu/sres/3b501578-ade3-4c51-8535-5a48c33a90fc
19bc17d1-8daa-4944-9242-5fd83268713e,"Ffoulkes, Arthur",The Fanti family system,1908,400,Journal Article,Akan,Africa,Western Africa,horticulturalists,,"593,595,626,764,855",https://ehrafworldcultures.yale.edu/sres/19bc17d1-8daa-4944-9242-5fd83268713e
d6323e74-7bbc-4e7e-8a78-f9627e4d107f,"Ffoulkes, Arthur",The Fanti family system,1908,406,Journal Article,Akan,Africa,Western Africa,horticulturalists,,"171,482,596,626",https://ehrafworldcultures.yale.edu/sres/d6323e74-7bbc-4e7e-8a78-f9627e4d107f
6cf30edf-b7e0-4ce7-b0a5-c49d86f0eb17,"Manoukian, Madeline",Akan and Ga-Adangme peoples of the Gold Coast,1950,58,"Component part(s), monograph",Akan,Africa,Western Africa,horticulturalists,,"626,769,775",https://ehrafworldcultures.yale.edu/sres/6cf30edf-b7e0-4ce7-b0a5-c49d86f0eb17
937de362-a108-40d3-b9d9-f518c7bcb5ef,"Manoukian, Madeline",Akan and Ga-Adangme peoples of the Gold Coast,1950,59,"Component part(s), monograph",Akan,Africa,Western Africa,horticulturalists,,"626,769,775",https://ehrafworldcultures.yale.edu/sres/937de362-a108-40d3-b9d9-f518c7bcb5ef
effd190a-fc80-4c47-a503-0164902b356a,"Manoukian, Madeline",Akan and Ga-Adangme peoples of the Gold Coast,1950,54,"Component part(s), monograph",Akan,Africa,Western Africa,horticulturalists,,"587,589,626,775",https://ehrafworldcultures.yale.edu/sres/effd190a-fc80-4c47-a503-0164902b356a
893ae962-25e5-4ba4-887b-306753c2f1d5,"Field, M. J. (Margaret Joyce)","Search for security: an ethno-psychiatric study of rural
         Ghana",1970,103,Monograph,Akan,Africa,Western Africa,horticulturalists,,"626,778,787,793,796",https://ehrafworldcultures.yale.edu/sres/893ae962-25e5-4ba4-887b-306753c2f1d5
96068bfa-3547-40c8-bfc7-4f8c0a4235bb,"Field, M. J. (Margaret Joyce)","Search for security: an ethno-psychiatric study of rural
         Ghana",1970,104,Monograph,Akan,Africa,Western Africa,horticulturalists,,"626,778,787,793,796",https://ehrafworldcultures.yale.edu/sres/96068bfa-3547-40c8-bfc7-4f8c0a4235bb
732ba13e-0023-42e8-885d-14e361113e8f,"Clarke, Edith","The sociological significance of ancestor-worship in
         Ashanti",1930,446,Journal Article,Akan,Africa,Western Africa,horticulturalists,,"614,626,769",https://ehrafworldcultures.yale.edu/sres/732ba13e-0023-42e8-885d-14e361113e8f
0e7f8671-511d-4aab-b515-dc2847d331a8,"Clarke, Edith","The sociological significance of ancestor-worship in
         Ashanti",1930,446,Journal Article,Akan,Africa,Western Africa,horticulturalists,,"614,626,769",https://ehrafworldcultures.yale.edu/sres/0e7f8671-511d-4aab-b515-dc2847d331a8
14a4e38a-5558-49aa-a304-1d131fc53967,"Clarke, Edith","The sociological significance of ancestor-worship in
         Ashanti",1930,467,Journal Article,Akan,Africa,Western Africa,horticulturalists,,"626,771",https://ehrafworldcultures.yale.edu/sres/14a4e38a-5558-49aa-a304-1d131fc53967
0e2efb94-6c34-4e16-b6f4-671297147747,"Debrunner, Hans W.","Witchcraft in Ghana: a study on the belief in destructive
         witches and its effect on the Akan tribes",1961,128,Monograph,Akan,Africa,Western Africa,horticulturalists,,"152,204,577,626,794",https://ehrafworldcultures.yale.edu/sres/0e2efb94-6c34-4e16-b6f4-671297147747
3c9737cb-51a1-465e-a0f0-646c91a4e563,"Debrunner, Hans W.","Witchcraft in Ghana: a study on the belief in destructive
         witches and its effect on the Akan tribes",1961,89,Monograph,Akan,Africa,Western Africa,horticulturalists,,"171,262,5311,626,754",https://ehrafworldcultures.yale.edu/sres/3c9737cb-51a1-465e-a0f0-646c91a4e563
56c28750-7b0a-4017-8519-30600c1840fe,"Clark, Gracia","Onions are my husband: survival and accumulation by West
         African market women",1994,224,Monograph,Akan,Africa,Western Africa,horticulturalists,,"431,438,626",https://ehrafworldcultures.yale.edu/sres/56c28750-7b0a-4017-8519-30600c1840fe
e7c4b044-98ec-4c1e-8be4-b01862a9085f,"Clark, Gracia","Onions are my husband: survival and accumulation by West
         African market women",1994,262,Monograph,Akan,Africa,Western Africa,horticulturalists,,"443,476,626",https://ehrafworldcultures.yale.edu/sres/e7c4b044-98ec-4c1e-8be4-b01862a9085f
19200c4d-e8df-4ad5-8122-e1eb5b513a63,"Clark, Gracia","Onions are my husband: survival and accumulation by West
         African market women",1994,262,Monograph,Akan,Africa,Western Africa,horticulturalists,,"443,578,626",https://ehrafworldcultures.yale.edu/sres/19200c4d-e8df-4ad5-8122-e1eb5b513a63
0161132c-6138-4a65-823c-7f2ca59906ac,"Clark, Gracia","Onions are my husband: survival and accumulation by West
         African market women",1994,262,Monograph,Akan,Africa,Western Africa,horticulturalists,,"442,482,578,626",https://ehrafworldcultures.yale.edu/sres/0161132c-6138-4a65-823c-7f2ca59906ac
95dd32c4-1d7c-48eb-8d33-06871a6675c8,"Clark, Gracia","Onions are my husband: survival and accumulation by West
         African market women",1994,272,Monograph,Akan,Africa,Western Africa,horticulturalists,,"476,577,626",https://ehrafworldcultures.yale.edu/sres/95dd32c4-1d7c-48eb-8d33-06871a6675c8
b3915bd7-8f40-45af-beaf-9b304ebe0100,"Mensa-Bonsu, Henrietta J.","Place of 'oaths' in the constitutional set-up of
         Asante",1989,260,Journal Article,Akan,Africa,Western Africa,horticulturalists,,"626,642",https://ehrafworldcultures.yale.edu/sres/b3915bd7-8f40-45af-beaf-9b304ebe0100
002e8b05-7187-482b-b89f-e6b5f00b4403,"Mensa-Bonsu, Henrietta J.","Place of 'oaths' in the constitutional set-up of
         Asante",1989,[261],Journal Article,Akan,Africa,Western Africa,horticulturalists,,"113,121,626",https://ehrafworldcultures.yale.edu/sres/002e8b05-7187-482b-b89f-e6b5f00b4403
a34283a8-1c19-4f6e-b2a9-e0c2adafa055,"Mensa-Bonsu, Henrietta J.","Place of 'oaths' in the constitutional set-up of
         Asante",1989,[261],Journal Article,Akan,Africa,Western Africa,horticulturalists,,"113,626,782",https://ehrafworldcultures.yale.edu/sres/a34283a8-1c19-4f6e-b2a9-e0c2adafa055
bf0795a1-0875-42ef-aea5-798f0675e1a5,"Mensa-Bonsu, Henrietta J.","Place of 'oaths' in the constitutional set-up of
         Asante",1989,[261],Journal Article,Akan,Africa,Western Africa,horticulturalists,,"626,631,776,782",https://ehrafworldcultures.yale.edu/sres/bf0795a1-0875-42ef-aea5-798f0675e1a5
b6f6e053-eaa9-4d44-8a16-f26a10982b1e,"Mensa-Bonsu, Henrietta J.","Place of 'oaths' in the constitutional set-up of
         Asante",1989,[261],Journal Article,Akan,Africa,Western Africa,horticulturalists,,"626,643,782",https://ehrafworldcultures.yale.edu/sres/b6f6e053-eaa9-4d44-8a16-f26a10982b1e
0873920b-c65e-497d-8fff-eaa631a86c85,"Mensa-Bonsu, Henrietta J.","Place of 'oaths' in the constitutional set-up of
         Asante",1989,262,Journal Article,Akan,Africa,Western Africa,horticulturalists,,"113,121,626,782",https://ehrafworldcultures.yale.edu/sres/0873920b-c65e-497d-8fff-eaa631a86c85
49f27e96-8097-41a1-ba96-f4eb62feac23,"Mensa-Bonsu, Henrietta J.","Place of 'oaths' in the constitutional set-up of
         Asante",1989,262,Journal Article,Akan,Africa,Western Africa,horticulturalists,,"113,121,626,782",https://ehrafworldcultures.yale.edu/sres/49f27e96-8097-41a1-ba96-f4eb62feac23
093f3734-0437-4356-aa1e-f0fabfb529aa,"Mensa-Bonsu, Henrietta J.","Place of 'oaths' in the constitutional set-up of
         Asante",1989,262,Journal Article,Akan,Africa,Western Africa,horticulturalists,,"626,631,782",https://ehrafworldcultures.yale.edu/sres/093f3734-0437-4356-aa1e-f0fabfb529aa
4345f8de-b6bb-47f8-97a5-8b3e09ef3107,"Mensa-Bonsu, Henrietta J.","Place of 'oaths' in the constitutional set-up of
         Asante",1989,262,Journal Article,Akan,Africa,Western Africa,horticulturalists,,"626,782",https://ehrafworldcultures.yale.edu/sres/4345f8de-b6bb-47f8-97a5-8b3e09ef3107
1248db8a-b054-4c92-a25b-34be62164e12,"Mensa-Bonsu, Henrietta J.","Place of 'oaths' in the constitutional set-up of
         Asante",1989,[263],Journal Article,Akan,Africa,Western Africa,horticulturalists,,"113,626",https://ehrafworldcultures.yale.edu/sres/1248db8a-b054-4c92-a25b-34be62164e12
b98ab11d-4f84-427f-817a-2047fd2b0c14,"Mensa-Bonsu, Henrietta J.","Place of 'oaths' in the constitutional set-up of
         Asante",1989,[263],Journal Article,Akan,Africa,Western Africa,horticulturalists,,"113,626",https://ehrafworldcultures.yale.edu/sres/b98ab11d-4f84-427f-817a-2047fd2b0c14
22a8f9dc-8fa2-4636-8b68-d160a4e0c195,"Mensa-Bonsu, Henrietta J.","Place of 'oaths' in the constitutional set-up of
         Asante",1989,[263],Journal Article,Akan,Africa,Western Africa,horticulturalists,,"626,631,776",https://ehrafworldcultures.yale.edu/sres/22a8f9dc-8fa2-4636-8b68-d160a4e0c195
02163dd5-e415-4f26-9982-42cd4a9f0c40,"Mensa-Bonsu, Henrietta J.","Place of 'oaths' in the constitutional set-up of
         Asante",1989,264,Journal Article,Akan,Africa,Western Africa,horticulturalists,,"626,631",https://ehrafworldcultures.yale.edu/sres/02163dd5-e415-4f26-9982-42cd4a9f0c40
6f114175-0704-4ac4-b18e-af04c494ec75,"Mensa-Bonsu, Henrietta J.","Place of 'oaths' in the constitutional set-up of
         Asante",1989,264,Journal Article,Akan,Africa,Western Africa,horticulturalists,,"626,631",https://ehrafworldcultures.yale.edu/sres/6f114175-0704-4ac4-b18e-af04c494ec75
0f3feec4-7186-45e0-8f44-cdedaf5fba10,"Mensa-Bonsu, Henrietta J.","Place of 'oaths' in the constitutional set-up of
         Asante",1989,264,Journal Article,Akan,Africa,Western Africa,horticulturalists,,"626,643",https://ehrafworldcultures.yale.edu/sres/0f3feec4-7186-45e0-8f44-cdedaf5fba10
69c0ddbb-5ed7-4172-ad5e-d97297d59b04,"Mensa-Bonsu, Henrietta J.","Place of 'oaths' in the constitutional set-up of
         Asante",1989,264,Journal Article,Akan,Africa,Western Africa,horticulturalists,,"626,643",https://ehrafworldcultures.yale.edu/sres/69c0ddbb-5ed7-4172-ad5e-d97297d59b04
97d098be-7757-478b-86fd-bd0cef5501b5,"Mensa-Bonsu, Henrietta J.","Place of 'oaths' in the constitutional set-up of
         Asante",1989,264,Journal Article,Akan,Africa,Western Africa,horticulturalists,,"173,626,643,784",https://ehrafworldcultures.yale.edu/sres/97d098be-7757-478b-86fd-bd0cef5501b5
7b3448e0-5e5c-4939-9ef6-f7bef9d72ff3,"Mensa-Bonsu, Henrietta J.","Place of 'oaths' in the constitutional set-up of
         Asante",1989,[265],Journal Article,Akan,Africa,Western Africa,horticulturalists,,"113,173,626,643,784",https://ehrafworldcultures.yale.edu/sres/7b3448e0-5e5c-4939-9ef6-f7bef9d72ff3
d8b56b10-f8d1-49ac-978d-2e3ec6259b3d,"Mensa-Bonsu, Henrietta J.","Place of 'oaths' in the constitutional set-up of
         Asante",1989,[265],Journal Article,Akan,Africa,Western Africa,horticulturalists,,"113,173,626,643,784",https://ehrafworldcultures.yale.edu/sres/d8b56b10-f8d1-49ac-978d-2e3ec6259b3d
630aa9e7-bf34-4eb4-9f6e-e60ef35627eb,"Mensa-Bonsu, Henrietta J.","Place of 'oaths' in the constitutional set-up of
         Asante",1989,[265],Journal Article,Akan,Africa,Western Africa,horticulturalists,,"173,626,643,784",https://ehrafworldcultures.yale.edu/sres/630aa9e7-bf34-4eb4-9f6e-e60ef35627eb
ba6c0d40-350c-447a-a648-6786ea8ef9ce,"Mensa-Bonsu, Henrietta J.","Place of 'oaths' in the constitutional set-up of
         Asante",1989,[265],Journal Article,Akan,Africa,Western Africa,horticulturalists,,"113,173,626,643,784",https://ehrafworldcultures.yale.edu/sres/ba6c0d40-350c-447a-a648-6786ea8ef9ce
d5655e30-6d51-409b-bb4b-5c388eba57a0,"Mensa-Bonsu, Henrietta J.","Place of 'oaths' in the constitutional set-up of
         Asante",1989,[265],Journal Article,Akan,Africa,Western Africa,horticulturalists,,"113,173,626,643,784",https://ehrafworldcultures.yale.edu/sres/d5655e30-6d51-409b-bb4b-5c388eba57a0
5e7d8790-5ea8-41f0-87b1-0fd910d9f38e,"Mensa-Bonsu, Henrietta J.","Place of 'oaths' in the constitutional set-up of
         Asante",1989,[265],Journal Article,Akan,Africa,Western Africa,horticulturalists,,"113,173,626,643,784",https://ehrafworldcultures.yale.edu/sres/5e7d8790-5ea8-41f0-87b1-0fd910d9f38e
6b244345-9860-4a48-88be-b3ab11c1d7c7,"Mensa-Bonsu, Henrietta J.","Place of 'oaths' in the constitutional set-up of
         Asante",1989,[265],Journal Article,Akan,Africa,Western Africa,horticulturalists,,"173,626,643,784",https://ehrafworldcultures.yale.edu/sres/6b244345-9860-4a48-88be-b3ab11c1d7c7
3083a683-8850-45a0-98d2-b486fab875fd,"Mensa-Bonsu, Henrietta J.","Place of 'oaths' in the constitutional set-up of
         Asante",1989,266,Journal Article,Akan,Africa,Western Africa,horticulturalists,,"113,174,626,643,726,784",https://ehrafworldcultures.yale.edu/sres/3083a683-8850-45a0-98d2-b486fab875fd
07fc1c1f-285f-494f-9a39-5fb0bd4d70c5,"Mensa-Bonsu, Henrietta J.","Place of 'oaths' in the constitutional set-up of
         Asante",1989,266,Journal Article,Akan,Africa,Western Africa,horticulturalists,,"175,626,643,648,784",https://ehrafworldcultures.yale.edu/sres/07fc1c1f-285f-494f-9a39-5fb0bd4d70c5
440a067e-31d2-46f5-bdec-63aac8630cb7,"Mensa-Bonsu, Henrietta J.","Place of 'oaths' in the constitutional set-up of
         Asante",1989,266,Journal Article,Akan,Africa,Western Africa,horticulturalists,,"113,175,626,643,648,784",https://ehrafworldcultures.yale.edu/sres/440a067e-31d2-46f5-bdec-63aac8630cb7
60cb85f9-b2cf-47d1-a04a-208f8ed7f64b,"Mensa-Bonsu, Henrietta J.","Place of 'oaths' in the constitutional set-up of
         Asante",1989,266,Journal Article,Akan,Africa,Western Africa,horticulturalists,,"173,626,631,726,784",https://ehrafworldcultures.yale.edu/sres/60cb85f9-b2cf-47d1-a04a-208f8ed7f64b
cab3f862-f511-49fa-97f5-025409735682,"Mensa-Bonsu, Henrietta J.","Place of 'oaths' in the constitutional set-up of
         Asante",1989,266,Journal Article,Akan,Africa,Western Africa,horticulturalists,,"113,173,626,631,726,784",https://ehrafworldcultures.yale.edu/sres/cab3f862-f511-49fa-97f5-025409735682
8b292dcb-d702-4cca-950d-692bd7a454d3,"Mensa-Bonsu, Henrietta J.","Place of 'oaths' in the constitutional set-up of
         Asante",1989,266,Journal Article,Akan,Africa,Western Africa,horticulturalists,,"173,626,631,726,784",https://ehrafworldcultures.yale.edu/sres/8b292dcb-d702-4cca-950d-692bd7a454d3
e96b8ab7-4a5d-476b-95e4-23df5552ec0c,"Mensa-Bonsu, Henrietta J.","Place of 'oaths' in the constitutional set-up of
         Asante",1989,[267],Journal Article,Akan,Africa,Western Africa,horticulturalists,,"113,165,173,626,631,784",https://ehrafworldcultures.yale.edu/sres/e96b8ab7-4a5d-476b-95e4-23df5552ec0c
b334772c-8afa-41aa-b7af-d7eb9728484d,"Mensa-Bonsu, Henrietta J.","Place of 'oaths' in the constitutional set-up of
         Asante",1989,[267],Journal Article,Akan,Africa,Western Africa,horticulturalists,,"173,626,631,643,703,784",https://ehrafworldcultures.yale.edu/sres/b334772c-8afa-41aa-b7af-d7eb9728484d
72c17877-7be3-4ecd-ac88-f7166fa36ae1,"Mensa-Bonsu, Henrietta J.","Place of 'oaths' in the constitutional set-up of
         Asante",1989,[267],Journal Article,Akan,Africa,Western Africa,horticulturalists,,"626,631",https://ehrafworldcultures.yale.edu/sres/72c17877-7be3-4ecd-ac88-f7166fa36ae1
2536daef-210a-47a4-a084-2bab0e419676,"Mensa-Bonsu, Henrietta J.","Place of 'oaths' in the constitutional set-up of
         Asante",1989,[267],Journal Article,Akan,Africa,Western Africa,horticulturalists,,"626,631",https://ehrafworldcultures.yale.edu/sres/2536daef-210a-47a4-a084-2bab0e419676
a5f188fd-b2b3-4514-9fc5-923a5e0c83b8,"Mensa-Bonsu, Henrietta J.","Place of 'oaths' in the constitutional set-up of
         Asante",1989,[267],Journal Article,Akan,Africa,Western Africa,horticulturalists,,"113,173,626,631,643,703,784",https://ehrafworldcultures.yale.edu/sres/a5f188fd-b2b3-4514-9fc5-923a5e0c83b8
2c70da94-e78b-41a2-9194-c99ecc9aa96d,"Mensa-Bonsu, Henrietta J.","Place of 'oaths' in the constitutional set-up of
         Asante",1989,[267],Journal Article,Akan,Africa,Western Africa,horticulturalists,,"113,173,626,631,703,784",https://ehrafworldcultures.yale.edu/sres/2c70da94-e78b-41a2-9194-c99ecc9aa96d
797c06f3-8c9b-4e8c-a4ca-d21eccf37b5b,"Mensa-Bonsu, Henrietta J.","Place of 'oaths' in the constitutional set-up of
         Asante",1989,268,Journal Article,Akan,Africa,Western Africa,horticulturalists,,"113,173,626,631,703,784",https://ehrafworldcultures.yale.edu/sres/797c06f3-8c9b-4e8c-a4ca-d21eccf37b5b
f4ed6c77-3114-4787-9db0-24e7bc835caf,"Mensa-Bonsu, Henrietta J.","Place of 'oaths' in the constitutional set-up of
         Asante",1989,268,Journal Article,Akan,Africa,Western Africa,horticulturalists,,"173,558,626,631,648,784",https://ehrafworldcultures.yale.edu/sres/f4ed6c77-3114-4787-9db0-24e7bc835caf
b6b82d5a-0478-4e29-8355-e0da806edbf0,"Mensa-Bonsu, Henrietta J.","Place of 'oaths' in the constitutional set-up of
         Asante",1989,268,Journal Article,Akan,Africa,Western Africa,horticulturalists,,"113,167,173,626,631,784",https://ehrafworldcultures.yale.edu/sres/b6b82d5a-0478-4e29-8355-e0da806edbf0
5e2bdad2-a719-46ca-96fb-9e3db01d62e9,"Mensa-Bonsu, Henrietta J.","Place of 'oaths' in the constitutional set-up of
         Asante",1989,268,Journal Article,Akan,Africa,Western Africa,horticulturalists,,"113,173,626,631,784",https://ehrafworldcultures.yale.edu/sres/5e2bdad2-a719-46ca-96fb-9e3db01d62e9
0e1a497e-3c07-4f26-8106-2704a0ea5b8b,"Mensa-Bonsu, Henrietta J.","Place of 'oaths' in the constitutional set-up of
         Asante",1989,268,Journal Article,Akan,Africa,Western Africa,horticulturalists,,"113,173,626,631,784",https://ehrafworldcultures.yale.edu/sres/0e1a497e-3c07-4f26-8106-2704a0ea5b8b
d9fac80f-14e4-4a66-affb-dd2fe790dec4,"Mensa-Bonsu, Henrietta J.","Place of 'oaths' in the constitutional set-up of
         Asante",1989,268,Journal Article,Akan,Africa,Western Africa,horticulturalists,,"173,626,631,784",https://ehrafworldcultures.yale.edu/sres/d9fac80f-14e4-4a66-affb-dd2fe790dec4
5e2b89ca-0fff-497d-b2d9-ddff847d1b53,"Mensa-Bonsu, Henrietta J.","Place of 'oaths' in the constitutional set-up of
         Asante",1989,[269],Journal Article,Akan,Africa,Western Africa,horticulturalists,,"173,626,631,784",https://ehrafworldcultures.yale.edu/sres/5e2b89ca-0fff-497d-b2d9-ddff847d1b53
acf2185a-4082-4cc6-a02d-daaa7eee57fb,"Mensa-Bonsu, Henrietta J.","Place of 'oaths' in the constitutional set-up of
         Asante",1989,[269],Journal Article,Akan,Africa,Western Africa,horticulturalists,,"113,626,644",https://ehrafworldcultures.yale.edu/sres/acf2185a-4082-4cc6-a02d-daaa7eee57fb
d4c43187-e347-4ddc-abd7-31c433ebcb64,"Mensa-Bonsu, Henrietta J.","Place of 'oaths' in the constitutional set-up of
         Asante",1989,[269],Journal Article,Akan,Africa,Western Africa,horticulturalists,,"113,173,626,642,644,784",https://ehrafworldcultures.yale.edu/sres/d4c43187-e347-4ddc-abd7-31c433ebcb64
a3d7d39c-9b67-4950-aa97-2821c20a1c2d,"Mensa-Bonsu, Henrietta J.","Place of 'oaths' in the constitutional set-up of
         Asante",1989,270,Journal Article,Akan,Africa,Western Africa,horticulturalists,,"626,631,642",https://ehrafworldcultures.yale.edu/sres/a3d7d39c-9b67-4950-aa97-2821c20a1c2d
46bf20ae-5297-48a7-9f06-057fbce7c044,"Mensa-Bonsu, Henrietta J.","Place of 'oaths' in the constitutional set-up of
         Asante",1989,270,Journal Article,Akan,Africa,Western Africa,horticulturalists,,"626,631,642,784",https://ehrafworldcultures.yale.edu/sres/46bf20ae-5297-48a7-9f06-057fbce7c044
5b712567-41d7-462a-96c2-03f3bdd288cf,"Rattray, R. S. (Robert Sutherland),
         1881-1938","Ashanti proverbs: (the primitive ethics of a savage
         people)",1916,43,Monograph,Akan,Africa,Western Africa,horticulturalists,,"538,626",https://ehrafworldcultures.yale.edu/sres/5b712567-41d7-462a-96c2-03f3bdd288cf
15fbc380-ea79-45f3-b6a1-bcda770d24f3,"Mensa-Bonsu, Henrietta J.","Place of 'oaths' in the constitutional set-up of
         Asante",1989,270,Journal Article,Akan,Africa,Western Africa,horticulturalists,,"626,673,784",https://ehrafworldcultures.yale.edu/sres/15fbc380-ea79-45f3-b6a1-bcda770d24f3
034b98dd-32fc-462d-b08e-35beb9246a20,"Mensa-Bonsu, Henrietta J.","Place of 'oaths' in the constitutional set-up of
         Asante",1989,270,Journal Article,Akan,Africa,Western Africa,horticulturalists,,"626,631,694,784",https://ehrafworldcultures.yale.edu/sres/034b98dd-32fc-462d-b08e-35beb9246a20
f9019961-f66f-4f95-9c83-364852c02253,"Mensa-Bonsu, Henrietta J.","Place of 'oaths' in the constitutional set-up of
         Asante",1989,[271],Journal Article,Akan,Africa,Western Africa,horticulturalists,,"113,626,631,694,784",https://ehrafworldcultures.yale.edu/sres/f9019961-f66f-4f95-9c83-364852c02253
258e6b26-b9fa-40da-8d2f-5667ae5ce006,"Mensa-Bonsu, Henrietta J.","Place of 'oaths' in the constitutional set-up of
         Asante",1989,[271],Journal Article,Akan,Africa,Western Africa,horticulturalists,,"626,631,694,784",https://ehrafworldcultures.yale.edu/sres/258e6b26-b9fa-40da-8d2f-5667ae5ce006
68a1169c-a0ea-4412-be37-1b0bfd611842,"Mensa-Bonsu, Henrietta J.","Place of 'oaths' in the constitutional set-up of
         Asante",1989,[271],Journal Article,Akan,Africa,Western Africa,horticulturalists,,"113,626,695,784",https://ehrafworldcultures.yale.edu/sres/68a1169c-a0ea-4412-be37-1b0bfd611842
e2043fa6-7665-4274-b4d5-51a476ca8f36,"Mensa-Bonsu, Henrietta J.","Place of 'oaths' in the constitutional set-up of
         Asante",1989,[271],Journal Article,Akan,Africa,Western Africa,horticulturalists,,"626,631,643,692,784",https://ehrafworldcultures.yale.edu/sres/e2043fa6-7665-4274-b4d5-51a476ca8f36
d4424365-15b4-4e6f-b79c-ec1ba44ef27d,"Mensa-Bonsu, Henrietta J.","Place of 'oaths' in the constitutional set-up of
         Asante",1989,[271],Journal Article,Akan,Africa,Western Africa,horticulturalists,,"113,626,631,643,692,784",https://ehrafworldcultures.yale.edu/sres/d4424365-15b4-4e6f-b79c-ec1ba44ef27d
14b87ecf-ab42-46fc-9c1c-6db18a5e214e,"Mensa-Bonsu, Henrietta J.","Place of 'oaths' in the constitutional set-up of
         Asante",1989,[273],Journal Article,Akan,Africa,Western Africa,horticulturalists,,"113,626,631,703,784",https://ehrafworldcultures.yale.edu/sres/14b87ecf-ab42-46fc-9c1c-6db18a5e214e
8e9b296a-0872-40d5-aa29-4633d5435d36,"Mensa-Bonsu, Henrietta J.","Place of 'oaths' in the constitutional set-up of
         Asante",1989,[273],Journal Article,Akan,Africa,Western Africa,horticulturalists,,"626,631,703,784",https://ehrafworldcultures.yale.edu/sres/8e9b296a-0872-40d5-aa29-4633d5435d36
d911332d-4c91-4221-b36a-afae1a7f7163,"Mensa-Bonsu, Henrietta J.","Place of 'oaths' in the constitutional set-up of
         Asante",1989,[275],Journal Article,Akan,Africa,Western Africa,horticulturalists,,"626,631,643,784",https://ehrafworldcultures.yale.edu/sres/d911332d-4c91-4221-b36a-afae1a7f7163
a462ea6b-4edb-4eb4-8a36-5ab98be7a40d,"Mensa-Bonsu, Henrietta J.","Place of 'oaths' in the constitutional set-up of
         Asante",1989,276,Journal Article,Akan,Africa,Western Africa,horticulturalists,,"626,644,694,784",https://ehrafworldcultures.yale.edu/sres/a462ea6b-4edb-4eb4-8a36-5ab98be7a40d
8e1f9412-7d1c-45c7-842a-849e52acf06c,"Mensa-Bonsu, Henrietta J.","Place of 'oaths' in the constitutional set-up of
         Asante",1989,276,Journal Article,Akan,Africa,Western Africa,horticulturalists,,"626,631,784",https://ehrafworldcultures.yale.edu/sres/8e1f9412-7d1c-45c7-842a-849e52acf06c
151956f4-49b5-44d5-85b9-b832cc14a5d1,"Arhin, Kwame",Peasants in 19th-century Asante,1983,473,Journal Article,Akan,Africa,Western Africa,horticulturalists,,"312,491,613,614,621,622,623,627,631,744",https://ehrafworldcultures.yale.edu/sres/151956f4-49b5-44d5-85b9-b832cc14a5d1
802e8139-921d-435c-b228-cd1d7ea98f64,"Rattray, R. S. (Robert Sutherland),
         1881-1938",Ashanti law and constitution,1929,288,"Component part(s), monograph",Akan,Africa,Western Africa,horticulturalists,,"142,577,613,627,769",https://ehrafworldcultures.yale.edu/sres/802e8139-921d-435c-b228-cd1d7ea98f64
c8c1d34e-f168-4b29-9db5-662b1b80592f,"Rattray, R. S. (Robert Sutherland),
         1881-1938",Ashanti law and constitution,1929,388,"Component part(s), monograph",Akan,Africa,Western Africa,horticulturalists,,"627,692,695",https://ehrafworldcultures.yale.edu/sres/c8c1d34e-f168-4b29-9db5-662b1b80592f
dda13f6b-e929-4e92-8e6b-c9d599ebf2df,"Rattray, R. S. (Robert Sutherland),
         1881-1938",Ashanti law and constitution,1929,388,"Component part(s), monograph",Akan,Africa,Western Africa,horticulturalists,,"627,692,695",https://ehrafworldcultures.yale.edu/sres/dda13f6b-e929-4e92-8e6b-c9d599ebf2df
444fd09e-5e50-4bf3-a22d-f32ef61a5512,"Rattray, R. S. (Robert Sutherland),
         1881-1938",Ashanti law and constitution,1929,388,"Component part(s), monograph",Akan,Africa,Western Africa,horticulturalists,,"627,692,695",https://ehrafworldcultures.yale.edu/sres/444fd09e-5e50-4bf3-a22d-f32ef61a5512
ee09fbcc-3cb1-4b1e-934d-8e89b5698768,"Rattray, R. S. (Robert Sutherland),
         1881-1938",Ashanti law and constitution,1929,388,"Component part(s), monograph",Akan,Africa,Western Africa,horticulturalists,,"627,692,695",https://ehrafworldcultures.yale.edu/sres/ee09fbcc-3cb1-4b1e-934d-8e89b5698768
efe8750d-8e86-48ef-b13e-61ff463c11b9,"Rattray, R. S. (Robert Sutherland),
         1881-1938",Ashanti law and constitution,1929,388,"Component part(s), monograph",Akan,Africa,Western Africa,horticulturalists,,"627,692,695",https://ehrafworldcultures.yale.edu/sres/efe8750d-8e86-48ef-b13e-61ff463c11b9
d9ac84d5-d4ef-4f66-9de3-edaec6911165,"Rattray, R. S. (Robert Sutherland),
         1881-1938",Ashanti law and constitution,1929,389,"Component part(s), monograph",Akan,Africa,Western Africa,horticulturalists,,"627,691,694",https://ehrafworldcultures.yale.edu/sres/d9ac84d5-d4ef-4f66-9de3-edaec6911165
ab965c96-4f1f-4651-bf4c-2cdcc4700c6b,"Rattray, R. S. (Robert Sutherland),
         1881-1938",Ashanti law and constitution,1929,389,"Component part(s), monograph",Akan,Africa,Western Africa,horticulturalists,,627,https://ehrafworldcultures.yale.edu/sres/ab965c96-4f1f-4651-bf4c-2cdcc4700c6b
6c8f0ea6-ece9-4f49-a4c7-df22f762221c,"Rattray, R. S. (Robert Sutherland),
         1881-1938",Ashanti law and constitution,1929,390,"Component part(s), monograph",Akan,Africa,Western Africa,horticulturalists,,"627,693,694",https://ehrafworldcultures.yale.edu/sres/6c8f0ea6-ece9-4f49-a4c7-df22f762221c
cb15c625-038f-4c67-9117-e3f97009e5f9,"Hayford, J. E. Casely (Joseph Ephraim Casely),
         1866-1930","Gold Coast native institutions with thoughts upon a healthy
         imperial policy for the Gold Coast and Ashanti",1970,77,Monograph,Akan,Africa,Western Africa,horticulturalists,,"622,627,693",https://ehrafworldcultures.yale.edu/sres/cb15c625-038f-4c67-9117-e3f97009e5f9
86955033-d90c-4161-91b9-48ccb7e04d47,"Hayford, J. E. Casely (Joseph Ephraim Casely),
         1866-1930","Gold Coast native institutions with thoughts upon a healthy
         imperial policy for the Gold Coast and Ashanti",1970,94,Monograph,Akan,Africa,Western Africa,horticulturalists,,"627,695",https://ehrafworldcultures.yale.edu/sres/86955033-d90c-4161-91b9-48ccb7e04d47
6e14eb0c-176d-413c-aca2-c16cc59251b4,"Ffoulkes, Arthur",Fanti marriage customs,1909,46,Journal Article,Akan,Africa,Western Africa,horticulturalists,,"586,627",https://ehrafworldcultures.yale.edu/sres/6e14eb0c-176d-413c-aca2-c16cc59251b4
d079e8c5-b9b4-426e-9ed1-eed5b6da1342,"Warren, Dennis M.","The Akan of Ghana: an overview of the ethnographic
         literature",1986,50,"Component part(s), monograph",Akan,Africa,Western Africa,horticulturalists,,"614,627,692",https://ehrafworldcultures.yale.edu/sres/d079e8c5-b9b4-426e-9ed1-eed5b6da1342
87c95735-330f-4111-8231-f6cfe3ce739c,"Busia, K. A. (Kofi Abrefa)","The position of the chief in the modern political system of
         the Ashanti: a study of the influence of contemporary social change on Ashanti political
         institutions",1951,63,"Component part(s), monograph",Akan,Africa,Western Africa,horticulturalists,,"613,623,627",https://ehrafworldcultures.yale.edu/sres/87c95735-330f-4111-8231-f6cfe3ce739c
8216f5df-2ae3-4db1-b272-3dcbe8269e9b,"Busia, K. A. (Kofi Abrefa)","The position of the chief in the modern political system of
         the Ashanti: a study of the influence of contemporary social change on Ashanti political
         institutions",1951,67,"Component part(s), monograph",Akan,Africa,Western Africa,horticulturalists,,"613,627,673",https://ehrafworldcultures.yale.edu/sres/8216f5df-2ae3-4db1-b272-3dcbe8269e9b
3cab092f-069d-44cc-ad4d-1bbe79f9d445,"Busia, K. A. (Kofi Abrefa)","The position of the chief in the modern political system of
         the Ashanti: a study of the influence of contemporary social change on Ashanti political
         institutions",1951,67,"Component part(s), monograph",Akan,Africa,Western Africa,horticulturalists,,"613,627,673",https://ehrafworldcultures.yale.edu/sres/3cab092f-069d-44cc-ad4d-1bbe79f9d445
67da53fc-dd26-4f7d-a4c8-e931adc858d6,"Busia, K. A. (Kofi Abrefa)","The position of the chief in the modern political system of
         the Ashanti: a study of the influence of contemporary social change on Ashanti political
         institutions",1951,68,"Component part(s), monograph",Akan,Africa,Western Africa,horticulturalists,,"613,627,673",https://ehrafworldcultures.yale.edu/sres/67da53fc-dd26-4f7d-a4c8-e931adc858d6
7f40e0ab-e948-4d05-b871-6794ad6becff,"Busia, K. A. (Kofi Abrefa)","The position of the chief in the modern political system of
         the Ashanti: a study of the influence of contemporary social change on Ashanti political
         institutions",1951,68,"Component part(s), monograph",Akan,Africa,Western Africa,horticulturalists,,"613,627,673",https://ehrafworldcultures.yale.edu/sres/7f40e0ab-e948-4d05-b871-6794ad6becff
187836c7-474b-41d8-b60c-fccc9e64c9b0,"Busia, K. A. (Kofi Abrefa)","The position of the chief in the modern political system of
         the Ashanti: a study of the influence of contemporary social change on Ashanti political
         institutions",1951,69,"Component part(s), monograph",Akan,Africa,Western Africa,horticulturalists,,"623,627",https://ehrafworldcultures.yale.edu/sres/187836c7-474b-41d8-b60c-fccc9e64c9b0
2e997979-2095-473c-8091-c553d7d1c836,"Busia, K. A. (Kofi Abrefa)","The position of the chief in the modern political system of
         the Ashanti: a study of the influence of contemporary social change on Ashanti political
         institutions",1951,69,"Component part(s), monograph",Akan,Africa,Western Africa,horticulturalists,,"623,627",https://ehrafworldcultures.yale.edu/sres/2e997979-2095-473c-8091-c553d7d1c836
62016449-cb02-4a6c-9fbc-48d49bf066b7,"Sarbah, John Mensah, 1864-1910","Fanti national constitution: a short treatise on the
         constitution and government of the Fanti, Asanti, and other Akan tribes of West Africa
         together with a brief account of the discovery of the Gold Coast by Portuguese navigators,
         a short narration of early English voyages, and a study of the rise of British Gold Coast
         jurisdiction, etc., etc.",1968,32,Monograph,Akan,Africa,Western Africa,horticulturalists,,"592,627",https://ehrafworldcultures.yale.edu/sres/62016449-cb02-4a6c-9fbc-48d49bf066b7
1ed8c160-01bf-4cd8-8102-81ebafd85414,"Yankah, Kwesi","The proverb in the context of Akan rhetoric: a theory of
         proverb praxis",1989,145,Monograph,Akan,Africa,Western Africa,horticulturalists,,"5310,627",https://ehrafworldcultures.yale.edu/sres/1ed8c160-01bf-4cd8-8102-81ebafd85414
f21a5d30-e6d0-4a4c-a646-a679a0357d6f,"Yankah, Kwesi","The proverb in the context of Akan rhetoric: a theory of
         proverb praxis",1989,166,Monograph,Akan,Africa,Western Africa,horticulturalists,,"5310,561,627",https://ehrafworldcultures.yale.edu/sres/f21a5d30-e6d0-4a4c-a646-a679a0357d6f
ddded774-e16b-4a69-9c1b-c741fb2ef601,"Yankah, Kwesi","The proverb in the context of Akan rhetoric: a theory of
         proverb praxis",1989,167,Monograph,Akan,Africa,Western Africa,horticulturalists,,"5310,561,627",https://ehrafworldcultures.yale.edu/sres/ddded774-e16b-4a69-9c1b-c741fb2ef601
1b3a9f8b-3b62-4643-8798-952971bbe9cf,"Yankah, Kwesi","The proverb in the context of Akan rhetoric: a theory of
         proverb praxis",1989,222,Monograph,Akan,Africa,Western Africa,horticulturalists,,"613,627,671",https://ehrafworldcultures.yale.edu/sres/1b3a9f8b-3b62-4643-8798-952971bbe9cf
1fb33cc0-3bbd-4dc0-8745-249cda9626e3,"Yankah, Kwesi","The proverb in the context of Akan rhetoric: a theory of
         proverb praxis",1989,222,Monograph,Akan,Africa,Western Africa,horticulturalists,,"113,627,631,692",https://ehrafworldcultures.yale.edu/sres/1fb33cc0-3bbd-4dc0-8745-249cda9626e3
41030e94-545f-4072-a299-a00e438558de,"Yankah, Kwesi","The proverb in the context of Akan rhetoric: a theory of
         proverb praxis",1989,237,Monograph,Akan,Africa,Western Africa,horticulturalists,,"5310,613,627,902",https://ehrafworldcultures.yale.edu/sres/41030e94-545f-4072-a299-a00e438558de
fd87df89-e112-4180-b320-90dc2bc03aa6,"Yankah, Kwesi","The proverb in the context of Akan rhetoric: a theory of
         proverb praxis",1989,237,Monograph,Akan,Africa,Western Africa,horticulturalists,,"5310,613,627,902",https://ehrafworldcultures.yale.edu/sres/fd87df89-e112-4180-b320-90dc2bc03aa6
701ca434-93e8-4a07-b1f4-7d1b36052819,"Yankah, Kwesi","The proverb in the context of Akan rhetoric: a theory of
         proverb praxis",1989,238,Monograph,Akan,Africa,Western Africa,horticulturalists,,"5310,613,627,902",https://ehrafworldcultures.yale.edu/sres/701ca434-93e8-4a07-b1f4-7d1b36052819
5d20e622-b442-41dd-aeed-ef401109b0ef,"Yankah, Kwesi","The proverb in the context of Akan rhetoric: a theory of
         proverb praxis",1989,238,Monograph,Akan,Africa,Western Africa,horticulturalists,,"5310,613,627,902",https://ehrafworldcultures.yale.edu/sres/5d20e622-b442-41dd-aeed-ef401109b0ef
15000cac-4183-4458-b9b9-34cded53cb87,"Yankah, Kwesi","The proverb in the context of Akan rhetoric: a theory of
         proverb praxis",1989,238,Monograph,Akan,Africa,Western Africa,horticulturalists,,"5310,613,627,902",https://ehrafworldcultures.yale.edu/sres/15000cac-4183-4458-b9b9-34cded53cb87
a38a3937-12f2-4d32-b42a-6028c6662b7b,"Yankah, Kwesi","The proverb in the context of Akan rhetoric: a theory of
         proverb praxis",1989,238,Monograph,Akan,Africa,Western Africa,horticulturalists,,"5310,613,627,902",https://ehrafworldcultures.yale.edu/sres/a38a3937-12f2-4d32-b42a-6028c6662b7b
e7e0c54f-004f-4c64-8283-2cbf88adf0bb,"Yankah, Kwesi","The proverb in the context of Akan rhetoric: a theory of
         proverb praxis",1989,238,Monograph,Akan,Africa,Western Africa,horticulturalists,,"5310,613,627",https://ehrafworldcultures.yale.edu/sres/e7e0c54f-004f-4c64-8283-2cbf88adf0bb
7650ee86-7d24-4fcb-831d-1fbe27ace84f,"Yankah, Kwesi","The proverb in the context of Akan rhetoric: a theory of
         proverb praxis",1989,238,Monograph,Akan,Africa,Western Africa,horticulturalists,,"5310,578,613,627",https://ehrafworldcultures.yale.edu/sres/7650ee86-7d24-4fcb-831d-1fbe27ace84f
d2ac35f1-97ed-4e04-a3e9-9a8e4f807c1d,"Yankah, Kwesi","The proverb in the context of Akan rhetoric: a theory of
         proverb praxis",1989,238,Monograph,Akan,Africa,Western Africa,horticulturalists,,"5310,613,627,902",https://ehrafworldcultures.yale.edu/sres/d2ac35f1-97ed-4e04-a3e9-9a8e4f807c1d
6db1beab-9328-4706-adff-1ae717f0b100,"Yankah, Kwesi","The proverb in the context of Akan rhetoric: a theory of
         proverb praxis",1989,238,Monograph,Akan,Africa,Western Africa,horticulturalists,,"5310,613,627,902",https://ehrafworldcultures.yale.edu/sres/6db1beab-9328-4706-adff-1ae717f0b100
140a09ac-d10d-460f-8cd4-d5b7418104d8,"Yankah, Kwesi","The proverb in the context of Akan rhetoric: a theory of
         proverb praxis",1989,239,Monograph,Akan,Africa,Western Africa,horticulturalists,,"5310,613,627,902",https://ehrafworldcultures.yale.edu/sres/140a09ac-d10d-460f-8cd4-d5b7418104d8
93b9caca-6af2-4c15-9b2a-88f34129b990,"Yankah, Kwesi","The proverb in the context of Akan rhetoric: a theory of
         proverb praxis",1989,239,Monograph,Akan,Africa,Western Africa,horticulturalists,,"5310,613,627,902",https://ehrafworldcultures.yale.edu/sres/93b9caca-6af2-4c15-9b2a-88f34129b990
96b660e4-7423-445e-a338-2d9445287c67,"Yankah, Kwesi","The proverb in the context of Akan rhetoric: a theory of
         proverb praxis",1989,240,Monograph,Akan,Africa,Western Africa,horticulturalists,,"5310,613,627,902",https://ehrafworldcultures.yale.edu/sres/96b660e4-7423-445e-a338-2d9445287c67
0ad9c407-bd84-44d7-b18f-001cbdcdb37b,"Yankah, Kwesi","The proverb in the context of Akan rhetoric: a theory of
         proverb praxis",1989,241,Monograph,Akan,Africa,Western Africa,horticulturalists,,"5310,613,627,902",https://ehrafworldcultures.yale.edu/sres/0ad9c407-bd84-44d7-b18f-001cbdcdb37b
97a3781b-4323-453c-8176-63e65e1b1c98,"Yankah, Kwesi","The proverb in the context of Akan rhetoric: a theory of
         proverb praxis",1989,241,Monograph,Akan,Africa,Western Africa,horticulturalists,,"5310,613,627,902",https://ehrafworldcultures.yale.edu/sres/97a3781b-4323-453c-8176-63e65e1b1c98
07d8d70a-efb7-41c9-88ea-198a1a4203c7,"Yankah, Kwesi","The proverb in the context of Akan rhetoric: a theory of
         proverb praxis",1989,242,Monograph,Akan,Africa,Western Africa,horticulturalists,,"5310,613,627,902",https://ehrafworldcultures.yale.edu/sres/07d8d70a-efb7-41c9-88ea-198a1a4203c7
039aa562-f5a5-4dfb-9ccb-760d3666ee51,"Yankah, Kwesi","The proverb in the context of Akan rhetoric: a theory of
         proverb praxis",1989,242,Monograph,Akan,Africa,Western Africa,horticulturalists,,"5310,613,627,902",https://ehrafworldcultures.yale.edu/sres/039aa562-f5a5-4dfb-9ccb-760d3666ee51
761d3c35-f0cf-41fd-8f88-23c7c007195c,"Yankah, Kwesi","The proverb in the context of Akan rhetoric: a theory of
         proverb praxis",1989,242,Monograph,Akan,Africa,Western Africa,horticulturalists,,"5310,627,695",https://ehrafworldcultures.yale.edu/sres/761d3c35-f0cf-41fd-8f88-23c7c007195c
7d942824-cd42-4b66-bcf3-2eae0b4da6cf,"Yankah, Kwesi","The proverb in the context of Akan rhetoric: a theory of
         proverb praxis",1989,243,Monograph,Akan,Africa,Western Africa,horticulturalists,,"5310,627,695",https://ehrafworldcultures.yale.edu/sres/7d942824-cd42-4b66-bcf3-2eae0b4da6cf
a4e39886-b9c7-40b5-8b65-f245d0e7d1b3,"Yankah, Kwesi","The proverb in the context of Akan rhetoric: a theory of
         proverb praxis",1989,261,Monograph,Akan,Africa,Western Africa,horticulturalists,,"173,422,424,521,524,5310,533,537,554,602,613,627,695,764,782,796,867,901,902",https://ehrafworldcultures.yale.edu/sres/a4e39886-b9c7-40b5-8b65-f245d0e7d1b3
14343a66-667c-4370-9994-ab1696bb4381,"Yankah, Kwesi","The proverb in the context of Akan rhetoric: a theory of
         proverb praxis",1989,275,Monograph,Akan,Africa,Western Africa,horticulturalists,,627,https://ehrafworldcultures.yale.edu/sres/14343a66-667c-4370-9994-ab1696bb4381
5779ae07-fd27-4cde-abbf-4d0c7c8d8286,"Yankah, Kwesi","The proverb in the context of Akan rhetoric: a theory of
         proverb praxis",1989,276,Monograph,Akan,Africa,Western Africa,horticulturalists,,"5310,627,901",https://ehrafworldcultures.yale.edu/sres/5779ae07-fd27-4cde-abbf-4d0c7c8d8286
cc1f155a-2796-4418-b981-faa908356ea1,"Yankah, Kwesi","The proverb in the context of Akan rhetoric: a theory of
         proverb praxis",1989,276,Monograph,Akan,Africa,Western Africa,horticulturalists,,"5310,627,901",https://ehrafworldcultures.yale.edu/sres/cc1f155a-2796-4418-b981-faa908356ea1
98c70a06-7966-4ecd-8f0e-3e6c2d5ba121,"Yankah, Kwesi","The proverb in the context of Akan rhetoric: a theory of
         proverb praxis",1989,276,Monograph,Akan,Africa,Western Africa,horticulturalists,,"5310,627,901",https://ehrafworldcultures.yale.edu/sres/98c70a06-7966-4ecd-8f0e-3e6c2d5ba121
edf5c92e-d6c6-4822-ab49-0c8c9c9d3943,"Yankah, Kwesi","The proverb in the context of Akan rhetoric: a theory of
         proverb praxis",1989,276,Monograph,Akan,Africa,Western Africa,horticulturalists,,"5310,627,902",https://ehrafworldcultures.yale.edu/sres/edf5c92e-d6c6-4822-ab49-0c8c9c9d3943
13b04737-4b42-4e71-88d6-6a720bbe15b1,"Yankah, Kwesi","The proverb in the context of Akan rhetoric: a theory of
         proverb praxis",1989,276,Monograph,Akan,Africa,Western Africa,horticulturalists,,"5310,627,902",https://ehrafworldcultures.yale.edu/sres/13b04737-4b42-4e71-88d6-6a720bbe15b1
b3b71c76-9911-46d4-bd06-d7be9e928e01,"Yankah, Kwesi","The proverb in the context of Akan rhetoric: a theory of
         proverb praxis",1989,276,Monograph,Akan,Africa,Western Africa,horticulturalists,,"5310,627,902",https://ehrafworldcultures.yale.edu/sres/b3b71c76-9911-46d4-bd06-d7be9e928e01
d6376e30-e5ef-4c29-bfc4-58de743f01ca,"Yankah, Kwesi","The proverb in the context of Akan rhetoric: a theory of
         proverb praxis",1989,276,Monograph,Akan,Africa,Western Africa,horticulturalists,,627,https://ehrafworldcultures.yale.edu/sres/d6376e30-e5ef-4c29-bfc4-58de743f01ca
866def65-1550-4e62-ae62-cb0e5beca172,"Yankah, Kwesi","The proverb in the context of Akan rhetoric: a theory of
         proverb praxis",1989,276,Monograph,Akan,Africa,Western Africa,horticulturalists,,"5310,627,901",https://ehrafworldcultures.yale.edu/sres/866def65-1550-4e62-ae62-cb0e5beca172
0628e2f3-0912-44eb-8541-b9373dfbbc8f,"Yankah, Kwesi","The proverb in the context of Akan rhetoric: a theory of
         proverb praxis",1989,276,Monograph,Akan,Africa,Western Africa,horticulturalists,,"5310,627,902",https://ehrafworldcultures.yale.edu/sres/0628e2f3-0912-44eb-8541-b9373dfbbc8f
c33aa962-ce23-4d68-bf2c-9c9eda939198,"Yankah, Kwesi","The proverb in the context of Akan rhetoric: a theory of
         proverb praxis",1989,295,Monograph,Akan,Africa,Western Africa,horticulturalists,,627,https://ehrafworldcultures.yale.edu/sres/c33aa962-ce23-4d68-bf2c-9c9eda939198
6f9d8c71-f7ec-4787-bc86-52b160a387ee,"Yankah, Kwesi","The proverb in the context of Akan rhetoric: a theory of
         proverb praxis",1989,295,Monograph,Akan,Africa,Western Africa,horticulturalists,,627,https://ehrafworldcultures.yale.edu/sres/6f9d8c71-f7ec-4787-bc86-52b160a387ee
cb031153-5886-4a10-904b-372d72748a31,"Yankah, Kwesi","The proverb in the context of Akan rhetoric: a theory of
         proverb praxis",1989,296,Monograph,Akan,Africa,Western Africa,horticulturalists,,"627,901",https://ehrafworldcultures.yale.edu/sres/cb031153-5886-4a10-904b-372d72748a31
55228038-0719-4c82-9f27-cd13d05afdf6,"Yankah, Kwesi","The proverb in the context of Akan rhetoric: a theory of
         proverb praxis",1989,296,Monograph,Akan,Africa,Western Africa,horticulturalists,,"627,902",https://ehrafworldcultures.yale.edu/sres/55228038-0719-4c82-9f27-cd13d05afdf6
ab2064b8-470d-422c-8a95-c3c47f970c86,"Yankah, Kwesi","The proverb in the context of Akan rhetoric: a theory of
         proverb praxis",1989,296,Monograph,Akan,Africa,Western Africa,horticulturalists,,"627,902",https://ehrafworldcultures.yale.edu/sres/ab2064b8-470d-422c-8a95-c3c47f970c86
4d8d7195-a0bc-4d12-8d84-03c1bf3f5536,"Yankah, Kwesi","The proverb in the context of Akan rhetoric: a theory of
         proverb praxis",1989,296,Monograph,Akan,Africa,Western Africa,horticulturalists,,"627,901",https://ehrafworldcultures.yale.edu/sres/4d8d7195-a0bc-4d12-8d84-03c1bf3f5536
3a2affa9-e3f5-4ee8-9fe6-c4bfe2525bf1,"Yankah, Kwesi","The proverb in the context of Akan rhetoric: a theory of
         proverb praxis",1989,296,Monograph,Akan,Africa,Western Africa,horticulturalists,,"627,902",https://ehrafworldcultures.yale.edu/sres/3a2affa9-e3f5-4ee8-9fe6-c4bfe2525bf1
15ecc4f2-3de3-4d79-9cb8-171cb8f9eb51,"Yankah, Kwesi","The proverb in the context of Akan rhetoric: a theory of
         proverb praxis",1989,296,Monograph,Akan,Africa,Western Africa,horticulturalists,,"627,902",https://ehrafworldcultures.yale.edu/sres/15ecc4f2-3de3-4d79-9cb8-171cb8f9eb51
b210f534-10fc-4200-a5ed-2bfa933970b2,"Yankah, Kwesi","The proverb in the context of Akan rhetoric: a theory of
         proverb praxis",1989,296,Monograph,Akan,Africa,Western Africa,horticulturalists,,"627,901",https://ehrafworldcultures.yale.edu/sres/b210f534-10fc-4200-a5ed-2bfa933970b2
2d993c3f-f155-41ab-90e9-73a957c267e7,"Yankah, Kwesi","The proverb in the context of Akan rhetoric: a theory of
         proverb praxis",1989,296,Monograph,Akan,Africa,Western Africa,horticulturalists,,"627,902",https://ehrafworldcultures.yale.edu/sres/2d993c3f-f155-41ab-90e9-73a957c267e7
a8e19c27-6eb3-4169-bc48-5b32bad4e4cd,"Yankah, Kwesi","The proverb in the context of Akan rhetoric: a theory of
         proverb praxis",1989,297,Monograph,Akan,Africa,Western Africa,horticulturalists,,"627,901",https://ehrafworldcultures.yale.edu/sres/a8e19c27-6eb3-4169-bc48-5b32bad4e4cd
99769452-a091-4d00-8ec0-cc88d31c52ee,"Yankah, Kwesi","The proverb in the context of Akan rhetoric: a theory of
         proverb praxis",1989,297,Monograph,Akan,Africa,Western Africa,horticulturalists,,"627,902",https://ehrafworldcultures.yale.edu/sres/99769452-a091-4d00-8ec0-cc88d31c52ee
6ee75549-4626-4298-8fe7-f5f129093663,"Yankah, Kwesi","The proverb in the context of Akan rhetoric: a theory of
         proverb praxis",1989,297,Monograph,Akan,Africa,Western Africa,horticulturalists,,"627,902",https://ehrafworldcultures.yale.edu/sres/6ee75549-4626-4298-8fe7-f5f129093663
14d5625a-c8b6-4858-8869-8a40f0b62e77,"Yankah, Kwesi","The proverb in the context of Akan rhetoric: a theory of
         proverb praxis",1989,297,Monograph,Akan,Africa,Western Africa,horticulturalists,,"627,901",https://ehrafworldcultures.yale.edu/sres/14d5625a-c8b6-4858-8869-8a40f0b62e77
789aa258-9874-43c5-8ea9-2d9f24b493da,"Yankah, Kwesi","The proverb in the context of Akan rhetoric: a theory of
         proverb praxis",1989,297,Monograph,Akan,Africa,Western Africa,horticulturalists,,"627,902",https://ehrafworldcultures.yale.edu/sres/789aa258-9874-43c5-8ea9-2d9f24b493da
0469fb34-045f-4cd1-88f2-9bec20e2408c,"Yankah, Kwesi","The proverb in the context of Akan rhetoric: a theory of
         proverb praxis",1989,297,Monograph,Akan,Africa,Western Africa,horticulturalists,,"627,902",https://ehrafworldcultures.yale.edu/sres/0469fb34-045f-4cd1-88f2-9bec20e2408c
237ece80-bd8b-4d6f-a580-b41f11762a61,"Yankah, Kwesi","The proverb in the context of Akan rhetoric: a theory of
         proverb praxis",1989,297,Monograph,Akan,Africa,Western Africa,horticulturalists,,"627,901",https://ehrafworldcultures.yale.edu/sres/237ece80-bd8b-4d6f-a580-b41f11762a61
f1368df0-a264-4b72-a3e5-9ed87f15cf24,"Yankah, Kwesi","The proverb in the context of Akan rhetoric: a theory of
         proverb praxis",1989,298,Monograph,Akan,Africa,Western Africa,horticulturalists,,"627,901",https://ehrafworldcultures.yale.edu/sres/f1368df0-a264-4b72-a3e5-9ed87f15cf24
30d79953-fc0d-484e-8fcf-5410ebbcf2f6,"Yankah, Kwesi","The proverb in the context of Akan rhetoric: a theory of
         proverb praxis",1989,298,Monograph,Akan,Africa,Western Africa,horticulturalists,,"627,902",https://ehrafworldcultures.yale.edu/sres/30d79953-fc0d-484e-8fcf-5410ebbcf2f6
26498761-0006-4aae-bbec-012f669c6d87,"Yankah, Kwesi","The proverb in the context of Akan rhetoric: a theory of
         proverb praxis",1989,298,Monograph,Akan,Africa,Western Africa,horticulturalists,,"627,902",https://ehrafworldcultures.yale.edu/sres/26498761-0006-4aae-bbec-012f669c6d87
ef3d27e5-b312-4fbc-a56c-0bee8c26bb4c,"Yankah, Kwesi","The proverb in the context of Akan rhetoric: a theory of
         proverb praxis",1989,298,Monograph,Akan,Africa,Western Africa,horticulturalists,,"627,901",https://ehrafworldcultures.yale.edu/sres/ef3d27e5-b312-4fbc-a56c-0bee8c26bb4c
9e33598f-0e28-4cdd-a2e7-8708f84a3874,"Yankah, Kwesi","The proverb in the context of Akan rhetoric: a theory of
         proverb praxis",1989,298,Monograph,Akan,Africa,Western Africa,horticulturalists,,"627,902",https://ehrafworldcultures.yale.edu/sres/9e33598f-0e28-4cdd-a2e7-8708f84a3874
eaaed22e-3e14-4d45-bc4c-074952614a7e,"Yankah, Kwesi","The proverb in the context of Akan rhetoric: a theory of
         proverb praxis",1989,298,Monograph,Akan,Africa,Western Africa,horticulturalists,,"627,902",https://ehrafworldcultures.yale.edu/sres/eaaed22e-3e14-4d45-bc4c-074952614a7e
bfbe0e9c-e4c2-4ece-8e34-e43e3b7b9346,"Yankah, Kwesi","The proverb in the context of Akan rhetoric: a theory of
         proverb praxis",1989,298,Monograph,Akan,Africa,Western Africa,horticulturalists,,"627,901",https://ehrafworldcultures.yale.edu/sres/bfbe0e9c-e4c2-4ece-8e34-e43e3b7b9346
975c45ef-5c13-4d3e-9973-6d6514d4c3c5,"Yankah, Kwesi","The proverb in the context of Akan rhetoric: a theory of
         proverb praxis",1989,299,Monograph,Akan,Africa,Western Africa,horticulturalists,,"627,901",https://ehrafworldcultures.yale.edu/sres/975c45ef-5c13-4d3e-9973-6d6514d4c3c5
c6c66478-4e5b-47f1-96b8-3374dbf618c8,"Yankah, Kwesi","The proverb in the context of Akan rhetoric: a theory of
         proverb praxis",1989,299,Monograph,Akan,Africa,Western Africa,horticulturalists,,"627,902",https://ehrafworldcultures.yale.edu/sres/c6c66478-4e5b-47f1-96b8-3374dbf618c8
f7a965f1-05e0-451e-9561-3484ecf8d053,"Yankah, Kwesi","The proverb in the context of Akan rhetoric: a theory of
         proverb praxis",1989,299,Monograph,Akan,Africa,Western Africa,horticulturalists,,"627,902",https://ehrafworldcultures.yale.edu/sres/f7a965f1-05e0-451e-9561-3484ecf8d053
208d37c4-0cc2-458d-ba17-7bfa4170d300,"Yankah, Kwesi","The proverb in the context of Akan rhetoric: a theory of
         proverb praxis",1989,299,Monograph,Akan,Africa,Western Africa,horticulturalists,,"627,901",https://ehrafworldcultures.yale.edu/sres/208d37c4-0cc2-458d-ba17-7bfa4170d300
42707eea-8a21-4837-8d34-1f20e6f7f3ad,"Yankah, Kwesi","The proverb in the context of Akan rhetoric: a theory of
         proverb praxis",1989,299,Monograph,Akan,Africa,Western Africa,horticulturalists,,"627,902",https://ehrafworldcultures.yale.edu/sres/42707eea-8a21-4837-8d34-1f20e6f7f3ad
24586e02-7162-4247-be93-ab065985f53b,"Yankah, Kwesi","The proverb in the context of Akan rhetoric: a theory of
         proverb praxis",1989,299,Monograph,Akan,Africa,Western Africa,horticulturalists,,"627,902",https://ehrafworldcultures.yale.edu/sres/24586e02-7162-4247-be93-ab065985f53b
d6dbf17d-3c1d-4d91-9bff-a04a3c191aa5,"Yankah, Kwesi","The proverb in the context of Akan rhetoric: a theory of
         proverb praxis",1989,299,Monograph,Akan,Africa,Western Africa,horticulturalists,,"627,901",https://ehrafworldcultures.yale.edu/sres/d6dbf17d-3c1d-4d91-9bff-a04a3c191aa5
b2576756-56e8-4d3e-8130-27cbc0d18b29,"Yankah, Kwesi","The proverb in the context of Akan rhetoric: a theory of
         proverb praxis",1989,299,Monograph,Akan,Africa,Western Africa,horticulturalists,,"627,902",https://ehrafworldcultures.yale.edu/sres/b2576756-56e8-4d3e-8130-27cbc0d18b29
c0b5dac7-7618-40e3-b6a8-70bbea6f082c,"Yankah, Kwesi","The proverb in the context of Akan rhetoric: a theory of
         proverb praxis",1989,300,Monograph,Akan,Africa,Western Africa,horticulturalists,,"627,901",https://ehrafworldcultures.yale.edu/sres/c0b5dac7-7618-40e3-b6a8-70bbea6f082c
4e88c870-a8f5-4e13-b2b7-c96ac07e4512,"Yankah, Kwesi","The proverb in the context of Akan rhetoric: a theory of
         proverb praxis",1989,300,Monograph,Akan,Africa,Western Africa,horticulturalists,,"627,902",https://ehrafworldcultures.yale.edu/sres/4e88c870-a8f5-4e13-b2b7-c96ac07e4512
15d2ca6b-864e-4ee5-b147-8428f3886c14,"Danquah, J. B. (Joseph Boakye)",The Gold Coast Akan,1945,59,Monograph,Akan,Africa,Western Africa,horticulturalists,,"224,226,481,484,561,575,627,632,643,653",https://ehrafworldcultures.yale.edu/sres/15d2ca6b-864e-4ee5-b147-8428f3886c14
b0cc57ee-033d-423e-ac5b-66555bf21481,"Danquah, J. B. (Joseph Boakye)",The Gold Coast Akan,1945,61,Monograph,Akan,Africa,Western Africa,horticulturalists,,"344,627",https://ehrafworldcultures.yale.edu/sres/b0cc57ee-033d-423e-ac5b-66555bf21481
ce0d764f-5d94-4514-a750-24a26e52cf9f,"Danquah, J. B. (Joseph Boakye)",The Gold Coast Akan,1945,61,Monograph,Akan,Africa,Western Africa,horticulturalists,,"344,627,632,778,890",https://ehrafworldcultures.yale.edu/sres/ce0d764f-5d94-4514-a750-24a26e52cf9f
22c21655-3d06-48d7-9d9c-869c62becab9,"Rattray, R. S. (Robert Sutherland),
         1881-1938",Ashanti,1923,217,"Component part(s), monograph",Akan,Africa,Western Africa,horticulturalists,,"423,614,627,769",https://ehrafworldcultures.yale.edu/sres/22c21655-3d06-48d7-9d9c-869c62becab9
5ca80485-e2bf-4f0f-b739-7c9feca79846,"Rattray, R. S. (Robert Sutherland),
         1881-1938",Ashanti,1923,218,"Component part(s), monograph",Akan,Africa,Western Africa,horticulturalists,,"423,614,627,769,782",https://ehrafworldcultures.yale.edu/sres/5ca80485-e2bf-4f0f-b739-7c9feca79846
f163fb12-e07a-43cc-85da-3e3f0eafb9bf,"Rattray, R. S. (Robert Sutherland),
         1881-1938",Ashanti,1923,218,"Component part(s), monograph",Akan,Africa,Western Africa,horticulturalists,,"423,614,627,769,782",https://ehrafworldcultures.yale.edu/sres/f163fb12-e07a-43cc-85da-3e3f0eafb9bf
e97baf3b-d8e6-4726-9a34-832bf3485525,"Sarpong, Peter",Girls' nubility rites in Ashanti,1977,39,Monograph,Akan,Africa,Western Africa,horticulturalists,,"627,881",https://ehrafworldcultures.yale.edu/sres/e97baf3b-d8e6-4726-9a34-832bf3485525
8a98c886-6ab1-4dd1-902f-017c67af6a17,"Sarpong, Peter",Girls' nubility rites in Ashanti,1977,39,Monograph,Akan,Africa,Western Africa,horticulturalists,,"627,881",https://ehrafworldcultures.yale.edu/sres/8a98c886-6ab1-4dd1-902f-017c67af6a17
5c4c1b89-cc65-45e3-9430-b8e666b3d1d2,"Field, M. J. (Margaret Joyce)","Search for security: an ethno-psychiatric study of rural
         Ghana",1970,188,Monograph,Akan,Africa,Western Africa,horticulturalists,,"158,159,627,888",https://ehrafworldcultures.yale.edu/sres/5c4c1b89-cc65-45e3-9430-b8e666b3d1d2
29f0b93b-2147-4da0-8be0-c9024daa6996,"Debrunner, Hans W.","Witchcraft in Ghana: a study on the belief in destructive
         witches and its effect on the Akan tribes",1961,101,Monograph,Akan,Africa,Western Africa,horticulturalists,,"278,627,754,764,787",https://ehrafworldcultures.yale.edu/sres/29f0b93b-2147-4da0-8be0-c9024daa6996
70be6c7b-6e81-4d5b-9828-53dc0d40d237,"Debrunner, Hans W.","Witchcraft in Ghana: a study on the belief in destructive
         witches and its effect on the Akan tribes",1961,102,Monograph,Akan,Africa,Western Africa,horticulturalists,,"627,671",https://ehrafworldcultures.yale.edu/sres/70be6c7b-6e81-4d5b-9828-53dc0d40d237
af667456-2749-451a-8492-4249dbb3dd2c,"Debrunner, Hans W.","Witchcraft in Ghana: a study on the belief in destructive
         witches and its effect on the Akan tribes",1961,103,Monograph,Akan,Africa,Western Africa,horticulturalists,,"425,627,631,648,754,825",https://ehrafworldcultures.yale.edu/sres/af667456-2749-451a-8492-4249dbb3dd2c
0d324d77-7158-4d2a-bbed-35355871093e,"Debrunner, Hans W.","Witchcraft in Ghana: a study on the belief in destructive
         witches and its effect on the Akan tribes",1961,104,Monograph,Akan,Africa,Western Africa,horticulturalists,,"425,627,631,648,754,825",https://ehrafworldcultures.yale.edu/sres/0d324d77-7158-4d2a-bbed-35355871093e
7e8d6c5d-55a1-416e-be38-82810ca0e15f,"Debrunner, Hans W.","Witchcraft in Ghana: a study on the belief in destructive
         witches and its effect on the Akan tribes",1961,117,Monograph,Akan,Africa,Western Africa,horticulturalists,,"278,577,578,627,755,783",https://ehrafworldcultures.yale.edu/sres/7e8d6c5d-55a1-416e-be38-82810ca0e15f
48dedeaa-f3a6-4ac1-9e01-f486f98bce39,"Debrunner, Hans W.","Witchcraft in Ghana: a study on the belief in destructive
         witches and its effect on the Akan tribes",1961,130,Monograph,Akan,Africa,Western Africa,horticulturalists,,"164,291,292,293,302,346,627,631,692,755,792,794",https://ehrafworldcultures.yale.edu/sres/48dedeaa-f3a6-4ac1-9e01-f486f98bce39
6c946a2d-0752-4fa8-8780-7afde6f7441c,"Debrunner, Hans W.","Witchcraft in Ghana: a study on the belief in destructive
         witches and its effect on the Akan tribes",1961,147,Monograph,Akan,Africa,Western Africa,horticulturalists,,"123,586,627,754,795,842",https://ehrafworldcultures.yale.edu/sres/6c946a2d-0752-4fa8-8780-7afde6f7441c
fb9b0875-2403-46d3-b146-595649c531aa,"Debrunner, Hans W.","Witchcraft in Ghana: a study on the belief in destructive
         witches and its effect on the Akan tribes",1961,166,Monograph,Akan,Africa,Western Africa,horticulturalists,,"206,533,554,595,627,733,754,792,793,826",https://ehrafworldcultures.yale.edu/sres/fb9b0875-2403-46d3-b146-595649c531aa
eefcd2b5-71a8-493e-b664-80fd2408008f,"Debrunner, Hans W.","Witchcraft in Ghana: a study on the belief in destructive
         witches and its effect on the Akan tribes",1961,169,Monograph,Akan,Africa,Western Africa,horticulturalists,,"627,754",https://ehrafworldcultures.yale.edu/sres/eefcd2b5-71a8-493e-b664-80fd2408008f
8c926524-eccb-4f7d-83ba-4e2aafc6a6e6,"Debrunner, Hans W.","Witchcraft in Ghana: a study on the belief in destructive
         witches and its effect on the Akan tribes",1961,169,Monograph,Akan,Africa,Western Africa,horticulturalists,,"627,754,792",https://ehrafworldcultures.yale.edu/sres/8c926524-eccb-4f7d-83ba-4e2aafc6a6e6
dd6ec639-ef4e-45a2-9022-d5f2dde0c106,"Debrunner, Hans W.","Witchcraft in Ghana: a study on the belief in destructive
         witches and its effect on the Akan tribes",1961,169,Monograph,Akan,Africa,Western Africa,horticulturalists,,"627,754,792",https://ehrafworldcultures.yale.edu/sres/dd6ec639-ef4e-45a2-9022-d5f2dde0c106
4cfa1721-1d07-46c2-8bc4-fe2358eaca12,"Debrunner, Hans W.","Witchcraft in Ghana: a study on the belief in destructive
         witches and its effect on the Akan tribes",1961,169,Monograph,Akan,Africa,Western Africa,horticulturalists,,"614,627,754,792",https://ehrafworldcultures.yale.edu/sres/4cfa1721-1d07-46c2-8bc4-fe2358eaca12
37f4e6ef-2f03-40ce-8231-894db160f513,"Debrunner, Hans W.","Witchcraft in Ghana: a study on the belief in destructive
         witches and its effect on the Akan tribes",1961,170,Monograph,Akan,Africa,Western Africa,horticulturalists,,"627,754,792,795,835",https://ehrafworldcultures.yale.edu/sres/37f4e6ef-2f03-40ce-8231-894db160f513
bc1b57cd-cc24-441f-be34-fab7c6da4db5,"Debrunner, Hans W.","Witchcraft in Ghana: a study on the belief in destructive
         witches and its effect on the Akan tribes",1961,171,Monograph,Akan,Africa,Western Africa,horticulturalists,,"627,754,792",https://ehrafworldcultures.yale.edu/sres/bc1b57cd-cc24-441f-be34-fab7c6da4db5
4736de4f-addb-4a4e-a8a2-22fc43994e5e,"McLeod, M. D. (Malcolm D.)",The Asante,1981,26,Monograph,Akan,Africa,Western Africa,horticulturalists,,"352,561,562,622,627,651,692",https://ehrafworldcultures.yale.edu/sres/4736de4f-addb-4a4e-a8a2-22fc43994e5e
3b1342e5-53c5-43ca-bb89-c10b6f210828,"Debrunner, Hans W.","Witchcraft in Ghana: a study on the belief in destructive
         witches and its effect on the Akan tribes",1961,63,Monograph,Akan,Africa,Western Africa,horticulturalists,,"627,648",https://ehrafworldcultures.yale.edu/sres/3b1342e5-53c5-43ca-bb89-c10b6f210828
b4346dd3-44ee-4dd0-92d7-97ac386996ee,"Clark, Gracia","Onions are my husband: survival and accumulation by West
         African market women",1994,248,Monograph,Akan,Africa,Western Africa,horticulturalists,,"476,627",https://ehrafworldcultures.yale.edu/sres/b4346dd3-44ee-4dd0-92d7-97ac386996ee
bc7d9a32-c549-4d1b-bd91-ae8becd0739c,"Clark, Gracia","Onions are my husband: survival and accumulation by West
         African market women",1994,248,Monograph,Akan,Africa,Western Africa,horticulturalists,,"476,627",https://ehrafworldcultures.yale.edu/sres/bc7d9a32-c549-4d1b-bd91-ae8becd0739c
8d84ed01-a0a5-43b5-8260-400bb5451485,"Clark, Gracia","Onions are my husband: survival and accumulation by West
         African market women",1994,248,Monograph,Akan,Africa,Western Africa,horticulturalists,,"171,476,627",https://ehrafworldcultures.yale.edu/sres/8d84ed01-a0a5-43b5-8260-400bb5451485
ecb0a375-f773-445b-83bb-5b01dacffafb,"Clark, Gracia","Onions are my husband: survival and accumulation by West
         African market women",1994,249,Monograph,Akan,Africa,Western Africa,horticulturalists,,"476,627",https://ehrafworldcultures.yale.edu/sres/ecb0a375-f773-445b-83bb-5b01dacffafb
4b99af80-500e-49f2-b83d-690264c6cb81,"Clark, Gracia","Onions are my husband: survival and accumulation by West
         African market women",1994,249,Monograph,Akan,Africa,Western Africa,horticulturalists,,"171,435,476,627",https://ehrafworldcultures.yale.edu/sres/4b99af80-500e-49f2-b83d-690264c6cb81
02ca4de2-61ab-4ce3-8543-72443e6d3e31,"Clark, Gracia","Onions are my husband: survival and accumulation by West
         African market women",1994,257,Monograph,Akan,Africa,Western Africa,horticulturalists,,"438,476,561,627,890",https://ehrafworldcultures.yale.edu/sres/02ca4de2-61ab-4ce3-8543-72443e6d3e31
5f1ed2a3-723d-4578-9466-ef14ab0c1277,"Clark, Gracia","Onions are my husband: survival and accumulation by West
         African market women",1994,257,Monograph,Akan,Africa,Western Africa,horticulturalists,,"438,476,561,627,890",https://ehrafworldcultures.yale.edu/sres/5f1ed2a3-723d-4578-9466-ef14ab0c1277
bbe9b038-0cec-4915-a3bf-78d7cebc748e,"Clark, Gracia","Onions are my husband: survival and accumulation by West
         African market women",1994,259,Monograph,Akan,Africa,Western Africa,horticulturalists,,"438,476,627",https://ehrafworldcultures.yale.edu/sres/bbe9b038-0cec-4915-a3bf-78d7cebc748e
4c39e2fc-633a-4ecc-9566-a631d7bec91c,"Clark, Gracia","Onions are my husband: survival and accumulation by West
         African market women",1994,259,Monograph,Akan,Africa,Western Africa,horticulturalists,,"438,476,627",https://ehrafworldcultures.yale.edu/sres/4c39e2fc-633a-4ecc-9566-a631d7bec91c
fa34b1d8-c1cb-4e89-b09c-db17d7a03a2a,"Clark, Gracia","Onions are my husband: survival and accumulation by West
         African market women",1994,259,Monograph,Akan,Africa,Western Africa,horticulturalists,,"438,476,627",https://ehrafworldcultures.yale.edu/sres/fa34b1d8-c1cb-4e89-b09c-db17d7a03a2a
19a66864-19f8-4ee6-ab8c-ecf4bf51596f,"Clark, Gracia","Onions are my husband: survival and accumulation by West
         African market women",1994,260,Monograph,Akan,Africa,Western Africa,horticulturalists,,"432,438,442,443,476,627",https://ehrafworldcultures.yale.edu/sres/19a66864-19f8-4ee6-ab8c-ecf4bf51596f
320c9afa-45d6-4992-87bb-f2617633724c,"Clark, Gracia","Onions are my husband: survival and accumulation by West
         African market women",1994,260,Monograph,Akan,Africa,Western Africa,horticulturalists,,"432,438,442,443,476,627",https://ehrafworldcultures.yale.edu/sres/320c9afa-45d6-4992-87bb-f2617633724c
f1f12c07-2bf7-4482-82c1-f5a073258ad0,"Clark, Gracia","Onions are my husband: survival and accumulation by West
         African market women",1994,260,Monograph,Akan,Africa,Western Africa,horticulturalists,,"123,443,476,578,627",https://ehrafworldcultures.yale.edu/sres/f1f12c07-2bf7-4482-82c1-f5a073258ad0
f58784db-a671-459e-bdf5-f56392114c45,"Clark, Gracia","Onions are my husband: survival and accumulation by West
         African market women",1994,261,Monograph,Akan,Africa,Western Africa,horticulturalists,,"123,443,476,578,627",https://ehrafworldcultures.yale.edu/sres/f58784db-a671-459e-bdf5-f56392114c45
e0402eaa-1d6b-479b-8de4-3b50471e7b10,"Clark, Gracia","Onions are my husband: survival and accumulation by West
         African market women",1994,261,Monograph,Akan,Africa,Western Africa,horticulturalists,,"123,443,476,578,627",https://ehrafworldcultures.yale.edu/sres/e0402eaa-1d6b-479b-8de4-3b50471e7b10
844a7ccb-0a82-4412-906b-40bc28e19c10,"Clark, Gracia","Onions are my husband: survival and accumulation by West
         African market women",1994,261,Monograph,Akan,Africa,Western Africa,horticulturalists,,"123,443,476,578,627",https://ehrafworldcultures.yale.edu/sres/844a7ccb-0a82-4412-906b-40bc28e19c10
474d0e0d-5515-4f0a-8eca-936990d579cc,"Clark, Gracia","Onions are my husband: survival and accumulation by West
         African market women",1994,264,Monograph,Akan,Africa,Western Africa,horticulturalists,,"175,443,476,527,627",https://ehrafworldcultures.yale.edu/sres/474d0e0d-5515-4f0a-8eca-936990d579cc
d76918e0-8edf-4c2f-8693-c261e273da2f,"Clark, Gracia","Onions are my husband: survival and accumulation by West
         African market women",1994,265,Monograph,Akan,Africa,Western Africa,horticulturalists,,"435,443,466,476,482,578,627",https://ehrafworldcultures.yale.edu/sres/d76918e0-8edf-4c2f-8693-c261e273da2f
2dec7ffd-7180-456e-b13d-676fef0dd70c,"Clark, Gracia","Onions are my husband: survival and accumulation by West
         African market women",1994,265,Monograph,Akan,Africa,Western Africa,horticulturalists,,"435,443,466,476,482,578,627",https://ehrafworldcultures.yale.edu/sres/2dec7ffd-7180-456e-b13d-676fef0dd70c
8c9ef4d4-22af-45d9-842c-73e01365e521,"Clark, Gracia","Onions are my husband: survival and accumulation by West
         African market women",1994,265,Monograph,Akan,Africa,Western Africa,horticulturalists,,"435,443,466,476,482,578,627",https://ehrafworldcultures.yale.edu/sres/8c9ef4d4-22af-45d9-842c-73e01365e521
d876919c-8318-4cdf-a648-73bbe62321e9,"Clark, Gracia","Onions are my husband: survival and accumulation by West
         African market women",1994,266,Monograph,Akan,Africa,Western Africa,horticulturalists,,"435,443,476,494,578,627",https://ehrafworldcultures.yale.edu/sres/d876919c-8318-4cdf-a648-73bbe62321e9
1be6bff2-4e97-445d-9cc7-d1a7f1e957ce,"Clark, Gracia","Onions are my husband: survival and accumulation by West
         African market women",1994,266,Monograph,Akan,Africa,Western Africa,horticulturalists,,"435,443,476,494,578,627",https://ehrafworldcultures.yale.edu/sres/1be6bff2-4e97-445d-9cc7-d1a7f1e957ce
912461e0-8eed-4ca5-9f03-43c053b85b32,"Clark, Gracia","Onions are my husband: survival and accumulation by West
         African market women",1994,267,Monograph,Akan,Africa,Western Africa,horticulturalists,,"435,443,476,494,578,627",https://ehrafworldcultures.yale.edu/sres/912461e0-8eed-4ca5-9f03-43c053b85b32
cc63a128-0909-45cd-a813-46859f8532e4,"Clark, Gracia","Onions are my husband: survival and accumulation by West
         African market women",1994,267,Monograph,Akan,Africa,Western Africa,horticulturalists,,"435,443,578,627,656",https://ehrafworldcultures.yale.edu/sres/cc63a128-0909-45cd-a813-46859f8532e4
ecdda53c-77dc-4ad6-87e7-01c277b5fba1,"Clark, Gracia","Onions are my husband: survival and accumulation by West
         African market women",1994,268,Monograph,Akan,Africa,Western Africa,horticulturalists,,"241,443,474,476,578,627",https://ehrafworldcultures.yale.edu/sres/ecdda53c-77dc-4ad6-87e7-01c277b5fba1
b6740930-2069-4329-b042-249f70ad08b1,"Clark, Gracia","Onions are my husband: survival and accumulation by West
         African market women",1994,271,Monograph,Akan,Africa,Western Africa,horticulturalists,,"366,476,494,627",https://ehrafworldcultures.yale.edu/sres/b6740930-2069-4329-b042-249f70ad08b1
08a1ec1d-16d1-4975-9c3f-e55469e82660,"Clark, Gracia","Onions are my husband: survival and accumulation by West
         African market women",1994,271,Monograph,Akan,Africa,Western Africa,horticulturalists,,"476,561,627",https://ehrafworldcultures.yale.edu/sres/08a1ec1d-16d1-4975-9c3f-e55469e82660
447fabdb-e21a-49d0-83ca-b41f98aeb8da,"Clark, Gracia","Onions are my husband: survival and accumulation by West
         African market women",1994,272,Monograph,Akan,Africa,Western Africa,horticulturalists,,"252,278,285,291,342,351,352,366,415,435,436,443,476,493,627,857",https://ehrafworldcultures.yale.edu/sres/447fabdb-e21a-49d0-83ca-b41f98aeb8da
a7680456-9a93-4178-8201-3dcdd7229bc1,"Clark, Gracia","Onions are my husband: survival and accumulation by West
         African market women",1994,279,Monograph,Akan,Africa,Western Africa,horticulturalists,,"476,627",https://ehrafworldcultures.yale.edu/sres/a7680456-9a93-4178-8201-3dcdd7229bc1
41ac0784-4fbf-4f1d-9d72-4f1ecbb2ebbd,"Clark, Gracia","Onions are my husband: survival and accumulation by West
         African market women",1994,279,Monograph,Akan,Africa,Western Africa,horticulturalists,,"442,476,627",https://ehrafworldcultures.yale.edu/sres/41ac0784-4fbf-4f1d-9d72-4f1ecbb2ebbd
4ad5efe7-8208-4c29-a8f6-d138b43197f4,"Clark, Gracia","Onions are my husband: survival and accumulation by West
         African market women",1994,282,Monograph,Akan,Africa,Western Africa,horticulturalists,,"476,554,627,656,665",https://ehrafworldcultures.yale.edu/sres/4ad5efe7-8208-4c29-a8f6-d138b43197f4
843c7664-ffd2-4ccb-9dcb-ba91fa521eef,"Rattray, R. S. (Robert Sutherland),
         1881-1938",Ashanti law and constitution,1929,42,"Component part(s), monograph",Akan,Africa,Western Africa,horticulturalists,,"567,672,681,782",https://ehrafworldcultures.yale.edu/sres/843c7664-ffd2-4ccb-9dcb-ba91fa521eef
600d7a0d-1e9b-45b1-8fc7-9a3de5733d46,"Rattray, R. S. (Robert Sutherland),
         1881-1938",Ashanti law and constitution,1929,43,"Component part(s), monograph",Akan,Africa,Western Africa,horticulturalists,,"672,681,827",https://ehrafworldcultures.yale.edu/sres/600d7a0d-1e9b-45b1-8fc7-9a3de5733d46
913315dc-010d-415a-aac0-fef95bd2eb7e,"Arhin, Kwame",Peasants in 19th-century Asante,1983,472,Journal Article,Akan,Africa,Western Africa,horticulturalists,,"264,593,613,686",https://ehrafworldcultures.yale.edu/sres/913315dc-010d-415a-aac0-fef95bd2eb7e
4e3b3027-97a5-42da-b873-f42885bf11db,"Wilks, Ivor","Forests of gold: essays on the Akan and the Kingdom of
         Asante",1993,229,Monograph,Akan,Africa,Western Africa,horticulturalists,,"113,114,681,764,782",https://ehrafworldcultures.yale.edu/sres/4e3b3027-97a5-42da-b873-f42885bf11db
fe249fb1-9b07-4da3-9192-863da9cfb292,"Wilks, Ivor","Forests of gold: essays on the Akan and the Kingdom of
         Asante",1993,259,Monograph,Akan,Africa,Western Africa,horticulturalists,,"113,554,578,643,684,701,726",https://ehrafworldcultures.yale.edu/sres/fe249fb1-9b07-4da3-9192-863da9cfb292
bb2a1486-fab9-4546-996f-171a9c551447,"Wilks, Ivor","Forests of gold: essays on the Akan and the Kingdom of
         Asante",1993,260,Monograph,Akan,Africa,Western Africa,horticulturalists,,"113,554,578,643,684,692,701,726",https://ehrafworldcultures.yale.edu/sres/bb2a1486-fab9-4546-996f-171a9c551447
0b2e423e-fece-4a27-8fc5-b548dc210710,"Wilks, Ivor","Forests of gold: essays on the Akan and the Kingdom of
         Asante",1993,269,Monograph,Akan,Africa,Western Africa,horticulturalists,,"113,643,687",https://ehrafworldcultures.yale.edu/sres/0b2e423e-fece-4a27-8fc5-b548dc210710
6973ab0f-26b4-4fc5-98eb-7471bb39bba4,"Wilks, Ivor","Forests of gold: essays on the Akan and the Kingdom of
         Asante",1993,269,Monograph,Akan,Africa,Western Africa,horticulturalists,,"113,554,687",https://ehrafworldcultures.yale.edu/sres/6973ab0f-26b4-4fc5-98eb-7471bb39bba4
21d208de-8284-48cd-848f-80d59ad4dc73,"Wilks, Ivor","Forests of gold: essays on the Akan and the Kingdom of
         Asante",1993,269,Monograph,Akan,Africa,Western Africa,horticulturalists,,"554,687",https://ehrafworldcultures.yale.edu/sres/21d208de-8284-48cd-848f-80d59ad4dc73
86c12ecb-87f8-4b32-aca8-5e85b02d409a,"Wilks, Ivor","Forests of gold: essays on the Akan and the Kingdom of
         Asante",1993,271,Monograph,Akan,Africa,Western Africa,horticulturalists,,"113,643,687",https://ehrafworldcultures.yale.edu/sres/86c12ecb-87f8-4b32-aca8-5e85b02d409a
d475b568-33b0-4311-b89e-7750e250d21f,"Wilks, Ivor","Forests of gold: essays on the Akan and the Kingdom of
         Asante",1993,271,Monograph,Akan,Africa,Western Africa,horticulturalists,,"113,554,595,684",https://ehrafworldcultures.yale.edu/sres/d475b568-33b0-4311-b89e-7750e250d21f
16dcd2d7-f06f-4ff6-ad09-75f547f76711,"Wilks, Ivor","Forests of gold: essays on the Akan and the Kingdom of
         Asante",1993,271,Monograph,Akan,Africa,Western Africa,horticulturalists,,"113,554,643,684",https://ehrafworldcultures.yale.edu/sres/16dcd2d7-f06f-4ff6-ad09-75f547f76711
599c0a7e-9cf5-4c31-a591-852ae8b45bec,"Wilks, Ivor","Forests of gold: essays on the Akan and the Kingdom of
         Asante",1993,274,Monograph,Akan,Africa,Western Africa,horticulturalists,,"113,439,554,641,687,782,797",https://ehrafworldcultures.yale.edu/sres/599c0a7e-9cf5-4c31-a591-852ae8b45bec
daa8a854-4538-4372-8ece-22bc5f99fe68,"Wilks, Ivor","Forests of gold: essays on the Akan and the Kingdom of
         Asante",1993,275,Monograph,Akan,Africa,Western Africa,horticulturalists,,"113,554,578,643,648,684,687,701",https://ehrafworldcultures.yale.edu/sres/daa8a854-4538-4372-8ece-22bc5f99fe68
77d6a419-3a28-4245-9634-193ab84ea860,"Wilks, Ivor","Forests of gold: essays on the Akan and the Kingdom of
         Asante",1993,275,Monograph,Akan,Africa,Western Africa,horticulturalists,,"113,554,643,687",https://ehrafworldcultures.yale.edu/sres/77d6a419-3a28-4245-9634-193ab84ea860
2c0a7fc0-b0ee-4853-b73c-b62b0cd05153,"Wilks, Ivor","Forests of gold: essays on the Akan and the Kingdom of
         Asante",1993,287,Monograph,Akan,Africa,Western Africa,horticulturalists,,684,https://ehrafworldcultures.yale.edu/sres/2c0a7fc0-b0ee-4853-b73c-b62b0cd05153
a96f1eb4-31bc-466e-b6bb-3c0037eacd9c,"Wilks, Ivor","Forests of gold: essays on the Akan and the Kingdom of
         Asante",1993,295,Monograph,Akan,Africa,Western Africa,horticulturalists,,"113,465,565,647,681",https://ehrafworldcultures.yale.edu/sres/a96f1eb4-31bc-466e-b6bb-3c0037eacd9c
6810d6e8-9aef-4aa0-b6d4-1e7117f3c2c6,"Wilks, Ivor","Forests of gold: essays on the Akan and the Kingdom of
         Asante",1993,318,Monograph,Akan,Africa,Western Africa,horticulturalists,,"113,647,685",https://ehrafworldcultures.yale.edu/sres/6810d6e8-9aef-4aa0-b6d4-1e7117f3c2c6
4fe3dabc-ef56-477b-a686-81335edb8917,"Wilks, Ivor","Forests of gold: essays on the Akan and the Kingdom of
         Asante",1993,319,Monograph,Akan,Africa,Western Africa,horticulturalists,,"113,465,647,681,701",https://ehrafworldcultures.yale.edu/sres/4fe3dabc-ef56-477b-a686-81335edb8917
c0ae8786-6f6f-4cb7-8f4d-8bc8067136b8,"Wilks, Ivor","Forests of gold: essays on the Akan and the Kingdom of
         Asante",1993,320,Monograph,Akan,Africa,Western Africa,horticulturalists,,"465,647,673,681,685,687",https://ehrafworldcultures.yale.edu/sres/c0ae8786-6f6f-4cb7-8f4d-8bc8067136b8
b385d8da-fedc-4d58-8eb8-6e2a0be4de95,"Wilks, Ivor","Forests of gold: essays on the Akan and the Kingdom of
         Asante",1993,320,Monograph,Akan,Africa,Western Africa,horticulturalists,,"113,556,651,685",https://ehrafworldcultures.yale.edu/sres/b385d8da-fedc-4d58-8eb8-6e2a0be4de95
c469572a-7b74-4250-b0f3-12c07acf5da9,"Wilks, Ivor","Forests of gold: essays on the Akan and the Kingdom of
         Asante",1993,320,Monograph,Akan,Africa,Western Africa,horticulturalists,,"113,647,676,685",https://ehrafworldcultures.yale.edu/sres/c469572a-7b74-4250-b0f3-12c07acf5da9
7c158093-bc50-4c90-a065-344c23e80d2f,"Wilks, Ivor","Forests of gold: essays on the Akan and the Kingdom of
         Asante",1993,321,Monograph,Akan,Africa,Western Africa,horticulturalists,,"113,647,685,755",https://ehrafworldcultures.yale.edu/sres/7c158093-bc50-4c90-a065-344c23e80d2f
6dd38053-c220-4b09-a734-1f87d2c2e428,"Wilks, Ivor","Forests of gold: essays on the Akan and the Kingdom of
         Asante",1993,321,Monograph,Akan,Africa,Western Africa,horticulturalists,,"113,643,647,671,685",https://ehrafworldcultures.yale.edu/sres/6dd38053-c220-4b09-a734-1f87d2c2e428
0550ae6b-d4e6-4d0f-84a6-daefdf054b99,"Wilks, Ivor","Forests of gold: essays on the Akan and the Kingdom of
         Asante",1993,322,Monograph,Akan,Africa,Western Africa,horticulturalists,,"113,643,647,687",https://ehrafworldcultures.yale.edu/sres/0550ae6b-d4e6-4d0f-84a6-daefdf054b99
f1a66e94-328f-4028-8c10-994f23c4ac8e,"Wilks, Ivor","Forests of gold: essays on the Akan and the Kingdom of
         Asante",1993,129,Monograph,Akan,Africa,Western Africa,horticulturalists,,"113,436,439,671,687",https://ehrafworldcultures.yale.edu/sres/f1a66e94-328f-4028-8c10-994f23c4ac8e
727fe091-c0ce-4b72-9708-d17c011acbd0,"Wilks, Ivor","Forests of gold: essays on the Akan and the Kingdom of
         Asante",1993,143,Monograph,Akan,Africa,Western Africa,horticulturalists,,"113,293,357,554,556,578,687",https://ehrafworldcultures.yale.edu/sres/727fe091-c0ce-4b72-9708-d17c011acbd0
e9992a44-74fe-44f5-8fb5-68f7da88d73f,"Wilks, Ivor","Forests of gold: essays on the Akan and the Kingdom of
         Asante",1993,146,Monograph,Akan,Africa,Western Africa,horticulturalists,,"113,293,554,643,648,687,778",https://ehrafworldcultures.yale.edu/sres/e9992a44-74fe-44f5-8fb5-68f7da88d73f
13b6fe2a-0bce-47fb-aae9-884142fe73d2,"Wilks, Ivor","Forests of gold: essays on the Akan and the Kingdom of
         Asante",1993,150,Monograph,Akan,Africa,Western Africa,horticulturalists,,"113,428,651,682,694",https://ehrafworldcultures.yale.edu/sres/13b6fe2a-0bce-47fb-aae9-884142fe73d2
f0c5dcca-d328-49df-8f49-b9bb243f7a54,"Wilks, Ivor","Forests of gold: essays on the Akan and the Kingdom of
         Asante",1993,150,Monograph,Akan,Africa,Western Africa,horticulturalists,,"113,428,556,567,651,687,764",https://ehrafworldcultures.yale.edu/sres/f0c5dcca-d328-49df-8f49-b9bb243f7a54
e1743a3b-6aff-422e-96c2-cc12512bd555,"Wilks, Ivor","Forests of gold: essays on the Akan and the Kingdom of
         Asante",1993,154,Monograph,Akan,Africa,Western Africa,horticulturalists,,"113,430,491,499,554,652,681",https://ehrafworldcultures.yale.edu/sres/e1743a3b-6aff-422e-96c2-cc12512bd555
d884e134-4574-4ae5-8ca3-afa27740d43a,"Wilks, Ivor","Forests of gold: essays on the Akan and the Kingdom of
         Asante",1993,157,Monograph,Akan,Africa,Western Africa,horticulturalists,,"113,423,425,426,433,435,556,613,681",https://ehrafworldcultures.yale.edu/sres/d884e134-4574-4ae5-8ca3-afa27740d43a
93f6bf43-8cc9-4a7a-873d-bf588ffee30e,"Wilks, Ivor","Forests of gold: essays on the Akan and the Kingdom of
         Asante",1993,165,Monograph,Akan,Africa,Western Africa,horticulturalists,,"113,681",https://ehrafworldcultures.yale.edu/sres/93f6bf43-8cc9-4a7a-873d-bf588ffee30e
b48fcd0f-dfe7-4984-b9e1-18e9f16ad850,"Wilks, Ivor","Forests of gold: essays on the Akan and the Kingdom of
         Asante",1993,172,Monograph,Akan,Africa,Western Africa,horticulturalists,,"113,441,472,651,687",https://ehrafworldcultures.yale.edu/sres/b48fcd0f-dfe7-4984-b9e1-18e9f16ad850
1aea420f-932f-40f8-8906-7dc349e635f2,"Wilks, Ivor","Forests of gold: essays on the Akan and the Kingdom of
         Asante",1993,173,Monograph,Akan,Africa,Western Africa,horticulturalists,,"113,668,669,682",https://ehrafworldcultures.yale.edu/sres/1aea420f-932f-40f8-8906-7dc349e635f2
5267a830-5044-40cd-8f96-ff66749253fd,"Wilks, Ivor","Forests of gold: essays on the Akan and the Kingdom of
         Asante",1993,219,Monograph,Akan,Africa,Western Africa,horticulturalists,,"684,797",https://ehrafworldcultures.yale.edu/sres/5267a830-5044-40cd-8f96-ff66749253fd
5f04c815-ed4e-4637-b311-47410f8bf1d5,"Johnson, J. C. de Graft",The Fanti Asafu,1932,317,Journal Article,Akan,Africa,Western Africa,horticulturalists,,"684,695,701,796",https://ehrafworldcultures.yale.edu/sres/5f04c815-ed4e-4637-b311-47410f8bf1d5
75a18ac0-027b-4822-821f-b2a3fd4df058,"Johnson, J. C. de Graft",The Fanti Asafu,1932,319,Journal Article,Akan,Africa,Western Africa,horticulturalists,,"184,684,701,764",https://ehrafworldcultures.yale.edu/sres/75a18ac0-027b-4822-821f-b2a3fd4df058
939510fb-a5bc-46be-8494-38a9533a93ae,"Danquah, J. B. (Joseph Boakye)","Gold Coast: Akan laws and customs and the Akim Abuakwa
         constitution",1928,39,Monograph,Akan,Africa,Western Africa,horticulturalists,,"565,576,634,684",https://ehrafworldcultures.yale.edu/sres/939510fb-a5bc-46be-8494-38a9533a93ae
5772aa5c-801d-41e9-a45f-a6cc719b17d4,"Danquah, J. B. (Joseph Boakye)","Gold Coast: Akan laws and customs and the Akim Abuakwa
         constitution",1928,40,Monograph,Akan,Africa,Western Africa,horticulturalists,,"565,576,634,681",https://ehrafworldcultures.yale.edu/sres/5772aa5c-801d-41e9-a45f-a6cc719b17d4
d5e220c3-b9e0-408f-bbc1-9a32a2cbd7de,"Danquah, J. B. (Joseph Boakye)","Gold Coast: Akan laws and customs and the Akim Abuakwa
         constitution",1928,90,Monograph,Akan,Africa,Western Africa,horticulturalists,,"681,694",https://ehrafworldcultures.yale.edu/sres/d5e220c3-b9e0-408f-bbc1-9a32a2cbd7de
e0b1dac7-4f98-4770-8973-424b146c7ca9,"Danquah, J. B. (Joseph Boakye)","Gold Coast: Akan laws and customs and the Akim Abuakwa
         constitution",1928,147,Monograph,Akan,Africa,Western Africa,horticulturalists,,"584,684",https://ehrafworldcultures.yale.edu/sres/e0b1dac7-4f98-4770-8973-424b146c7ca9
c3300cb0-d31e-4fc2-85f1-a21aa473f359,"Danquah, J. B. (Joseph Boakye)","Gold Coast: Akan laws and customs and the Akim Abuakwa
         constitution",1928,155,Monograph,Akan,Africa,Western Africa,horticulturalists,,"593,684",https://ehrafworldcultures.yale.edu/sres/c3300cb0-d31e-4fc2-85f1-a21aa473f359
5fbcb8c6-7aac-413c-86f3-7fdccf2c8384,"Danquah, J. B. (Joseph Boakye)","Gold Coast: Akan laws and customs and the Akim Abuakwa
         constitution",1928,163,Monograph,Akan,Africa,Western Africa,horticulturalists,,"184,684",https://ehrafworldcultures.yale.edu/sres/5fbcb8c6-7aac-413c-86f3-7fdccf2c8384
8eaa58f0-8e9f-4782-ad71-9f741e70c96d,"Danquah, J. B. (Joseph Boakye)","Gold Coast: Akan laws and customs and the Akim Abuakwa
         constitution",1928,163,Monograph,Akan,Africa,Western Africa,horticulturalists,,"184,684",https://ehrafworldcultures.yale.edu/sres/8eaa58f0-8e9f-4782-ad71-9f741e70c96d
a6526f46-e285-47b5-968c-72e9f9003ddb,"Danquah, J. B. (Joseph Boakye)","Gold Coast: Akan laws and customs and the Akim Abuakwa
         constitution",1928,163,Monograph,Akan,Africa,Western Africa,horticulturalists,,"184,684",https://ehrafworldcultures.yale.edu/sres/a6526f46-e285-47b5-968c-72e9f9003ddb
edc3673a-2402-496b-bd7e-1b020b411728,"Danquah, J. B. (Joseph Boakye)","Gold Coast: Akan laws and customs and the Akim Abuakwa
         constitution",1928,164,Monograph,Akan,Africa,Western Africa,horticulturalists,,684,https://ehrafworldcultures.yale.edu/sres/edc3673a-2402-496b-bd7e-1b020b411728
fce255af-8da3-44f7-84ed-02462d7a998d,"Danquah, J. B. (Joseph Boakye)","Gold Coast: Akan laws and customs and the Akim Abuakwa
         constitution",1928,164,Monograph,Akan,Africa,Western Africa,horticulturalists,,684,https://ehrafworldcultures.yale.edu/sres/fce255af-8da3-44f7-84ed-02462d7a998d
50754143-ee97-4af5-998c-7cf5ca6e4dd9,"Danquah, J. B. (Joseph Boakye)","Gold Coast: Akan laws and customs and the Akim Abuakwa
         constitution",1928,165,Monograph,Akan,Africa,Western Africa,horticulturalists,,684,https://ehrafworldcultures.yale.edu/sres/50754143-ee97-4af5-998c-7cf5ca6e4dd9
7d686e7b-2a4b-40a2-8f5c-e0d82e2ab7fb,"Danquah, J. B. (Joseph Boakye)","Gold Coast: Akan laws and customs and the Akim Abuakwa
         constitution",1928,165,Monograph,Akan,Africa,Western Africa,horticulturalists,,684,https://ehrafworldcultures.yale.edu/sres/7d686e7b-2a4b-40a2-8f5c-e0d82e2ab7fb
22340618-78f7-4079-9d8e-6c96f23d9746,"Danquah, J. B. (Joseph Boakye)","Gold Coast: Akan laws and customs and the Akim Abuakwa
         constitution",1928,165,Monograph,Akan,Africa,Western Africa,horticulturalists,,684,https://ehrafworldcultures.yale.edu/sres/22340618-78f7-4079-9d8e-6c96f23d9746
206632fc-41c1-428d-a6fb-1a885127e862,"Danquah, J. B. (Joseph Boakye)","Gold Coast: Akan laws and customs and the Akim Abuakwa
         constitution",1928,166,Monograph,Akan,Africa,Western Africa,horticulturalists,,684,https://ehrafworldcultures.yale.edu/sres/206632fc-41c1-428d-a6fb-1a885127e862
c57205c1-3d47-464e-a4dd-c4d46684ad33,"Danquah, J. B. (Joseph Boakye)","Gold Coast: Akan laws and customs and the Akim Abuakwa
         constitution",1928,166,Monograph,Akan,Africa,Western Africa,horticulturalists,,684,https://ehrafworldcultures.yale.edu/sres/c57205c1-3d47-464e-a4dd-c4d46684ad33
9c907b09-35b4-4c97-b687-61aa633f56d0,"Danquah, J. B. (Joseph Boakye)","Gold Coast: Akan laws and customs and the Akim Abuakwa
         constitution",1928,166,Monograph,Akan,Africa,Western Africa,horticulturalists,,684,https://ehrafworldcultures.yale.edu/sres/9c907b09-35b4-4c97-b687-61aa633f56d0
d265f173-33e4-45fe-b20d-1dda79d6190a,"Danquah, J. B. (Joseph Boakye)","Gold Coast: Akan laws and customs and the Akim Abuakwa
         constitution",1928,167,Monograph,Akan,Africa,Western Africa,horticulturalists,,684,https://ehrafworldcultures.yale.edu/sres/d265f173-33e4-45fe-b20d-1dda79d6190a
7eae463d-94ad-4479-b115-c991e493ac08,"Danquah, J. B. (Joseph Boakye)","Gold Coast: Akan laws and customs and the Akim Abuakwa
         constitution",1928,167,Monograph,Akan,Africa,Western Africa,horticulturalists,,684,https://ehrafworldcultures.yale.edu/sres/7eae463d-94ad-4479-b115-c991e493ac08
85220fa5-17ab-400f-93d8-949ec890c5d2,"Danquah, J. B. (Joseph Boakye)","Gold Coast: Akan laws and customs and the Akim Abuakwa
         constitution",1928,168,Monograph,Akan,Africa,Western Africa,horticulturalists,,684,https://ehrafworldcultures.yale.edu/sres/85220fa5-17ab-400f-93d8-949ec890c5d2
fa7918e6-2913-4c2a-99f0-c87ae98b01af,"Danquah, J. B. (Joseph Boakye)","Gold Coast: Akan laws and customs and the Akim Abuakwa
         constitution",1928,168,Monograph,Akan,Africa,Western Africa,horticulturalists,,684,https://ehrafworldcultures.yale.edu/sres/fa7918e6-2913-4c2a-99f0-c87ae98b01af
23aec788-2ff9-4a35-b67b-8e1cae5157a9,"Danquah, J. B. (Joseph Boakye)","Gold Coast: Akan laws and customs and the Akim Abuakwa
         constitution",1928,168,Monograph,Akan,Africa,Western Africa,horticulturalists,,684,https://ehrafworldcultures.yale.edu/sres/23aec788-2ff9-4a35-b67b-8e1cae5157a9
6e8f1e5f-ebbf-4f6b-afa6-9a0a1915f332,"Danquah, J. B. (Joseph Boakye)","Gold Coast: Akan laws and customs and the Akim Abuakwa
         constitution",1928,168,Monograph,Akan,Africa,Western Africa,horticulturalists,,684,https://ehrafworldcultures.yale.edu/sres/6e8f1e5f-ebbf-4f6b-afa6-9a0a1915f332
fb73fa68-8205-4df4-a89f-5500ccd65569,"Danquah, J. B. (Joseph Boakye)","Gold Coast: Akan laws and customs and the Akim Abuakwa
         constitution",1928,169,Monograph,Akan,Africa,Western Africa,horticulturalists,,684,https://ehrafworldcultures.yale.edu/sres/fb73fa68-8205-4df4-a89f-5500ccd65569
37ac9fb1-86ae-4d02-a33d-6d7b844c8864,"Danquah, J. B. (Joseph Boakye)","Gold Coast: Akan laws and customs and the Akim Abuakwa
         constitution",1928,169,Monograph,Akan,Africa,Western Africa,horticulturalists,,684,https://ehrafworldcultures.yale.edu/sres/37ac9fb1-86ae-4d02-a33d-6d7b844c8864
389ad971-9bd0-44d9-8aa3-a542c910136c,"Danquah, J. B. (Joseph Boakye)","Gold Coast: Akan laws and customs and the Akim Abuakwa
         constitution",1928,169,Monograph,Akan,Africa,Western Africa,horticulturalists,,684,https://ehrafworldcultures.yale.edu/sres/389ad971-9bd0-44d9-8aa3-a542c910136c
12cb90d0-9144-4d18-a154-ec9c197ad412,"Danquah, J. B. (Joseph Boakye)","Gold Coast: Akan laws and customs and the Akim Abuakwa
         constitution",1928,169,Monograph,Akan,Africa,Western Africa,horticulturalists,,684,https://ehrafworldcultures.yale.edu/sres/12cb90d0-9144-4d18-a154-ec9c197ad412
9df625a3-f48b-40de-b450-95173a8ed4db,"Danquah, J. B. (Joseph Boakye)","Gold Coast: Akan laws and customs and the Akim Abuakwa
         constitution",1928,170,Monograph,Akan,Africa,Western Africa,horticulturalists,,684,https://ehrafworldcultures.yale.edu/sres/9df625a3-f48b-40de-b450-95173a8ed4db
19adcbd4-87f9-43a5-927f-f52396bcfc67,"Danquah, J. B. (Joseph Boakye)","Gold Coast: Akan laws and customs and the Akim Abuakwa
         constitution",1928,170,Monograph,Akan,Africa,Western Africa,horticulturalists,,684,https://ehrafworldcultures.yale.edu/sres/19adcbd4-87f9-43a5-927f-f52396bcfc67
1dbb7f4f-3da7-49d7-9349-5bfef49b5c2f,"Danquah, J. B. (Joseph Boakye)","Gold Coast: Akan laws and customs and the Akim Abuakwa
         constitution",1928,170,Monograph,Akan,Africa,Western Africa,horticulturalists,,684,https://ehrafworldcultures.yale.edu/sres/1dbb7f4f-3da7-49d7-9349-5bfef49b5c2f
9d1209e1-7f03-4766-836e-b5785789c14c,"Danquah, J. B. (Joseph Boakye)","Gold Coast: Akan laws and customs and the Akim Abuakwa
         constitution",1928,170,Monograph,Akan,Africa,Western Africa,horticulturalists,,684,https://ehrafworldcultures.yale.edu/sres/9d1209e1-7f03-4766-836e-b5785789c14c
f95a3abd-2db0-4e47-bb64-62ee3eba8567,"Danquah, J. B. (Joseph Boakye)","Gold Coast: Akan laws and customs and the Akim Abuakwa
         constitution",1928,171,Monograph,Akan,Africa,Western Africa,horticulturalists,,684,https://ehrafworldcultures.yale.edu/sres/f95a3abd-2db0-4e47-bb64-62ee3eba8567
9d8eadda-3feb-4dfd-b22e-81804b1b4a5b,"Danquah, J. B. (Joseph Boakye)","Gold Coast: Akan laws and customs and the Akim Abuakwa
         constitution",1928,171,Monograph,Akan,Africa,Western Africa,horticulturalists,,684,https://ehrafworldcultures.yale.edu/sres/9d8eadda-3feb-4dfd-b22e-81804b1b4a5b
7f58c749-dc5e-4bc2-85d6-7970402c3205,"Danquah, J. B. (Joseph Boakye)","Gold Coast: Akan laws and customs and the Akim Abuakwa
         constitution",1928,171,Monograph,Akan,Africa,Western Africa,horticulturalists,,684,https://ehrafworldcultures.yale.edu/sres/7f58c749-dc5e-4bc2-85d6-7970402c3205
855ea3d9-f1e3-4685-b365-093767c14a7d,"Danquah, J. B. (Joseph Boakye)","Gold Coast: Akan laws and customs and the Akim Abuakwa
         constitution",1928,171,Monograph,Akan,Africa,Western Africa,horticulturalists,,684,https://ehrafworldcultures.yale.edu/sres/855ea3d9-f1e3-4685-b365-093767c14a7d
24031713-de2d-4c82-8f61-4d3bb6c1193e,"Danquah, J. B. (Joseph Boakye)","Gold Coast: Akan laws and customs and the Akim Abuakwa
         constitution",1928,172,Monograph,Akan,Africa,Western Africa,horticulturalists,,684,https://ehrafworldcultures.yale.edu/sres/24031713-de2d-4c82-8f61-4d3bb6c1193e
be3ecd81-a2be-46dd-ada2-17309bc2b77c,"Danquah, J. B. (Joseph Boakye)","Gold Coast: Akan laws and customs and the Akim Abuakwa
         constitution",1928,172,Monograph,Akan,Africa,Western Africa,horticulturalists,,684,https://ehrafworldcultures.yale.edu/sres/be3ecd81-a2be-46dd-ada2-17309bc2b77c
a47c986e-a6ec-4a92-8334-a9f1ab422361,"Danquah, J. B. (Joseph Boakye)","Gold Coast: Akan laws and customs and the Akim Abuakwa
         constitution",1928,172,Monograph,Akan,Africa,Western Africa,horticulturalists,,684,https://ehrafworldcultures.yale.edu/sres/a47c986e-a6ec-4a92-8334-a9f1ab422361
41d61fc8-7f47-4918-872f-6c76d9ff1219,"Danquah, J. B. (Joseph Boakye)","Gold Coast: Akan laws and customs and the Akim Abuakwa
         constitution",1928,172,Monograph,Akan,Africa,Western Africa,horticulturalists,,684,https://ehrafworldcultures.yale.edu/sres/41d61fc8-7f47-4918-872f-6c76d9ff1219
2fdcd3ab-1ab4-49d1-a79c-bef7b60ee7c0,"Danquah, J. B. (Joseph Boakye)","Gold Coast: Akan laws and customs and the Akim Abuakwa
         constitution",1928,173,Monograph,Akan,Africa,Western Africa,horticulturalists,,684,https://ehrafworldcultures.yale.edu/sres/2fdcd3ab-1ab4-49d1-a79c-bef7b60ee7c0
7473a619-c5f5-44d7-9c38-656c6d2f775b,"Danquah, J. B. (Joseph Boakye)","Gold Coast: Akan laws and customs and the Akim Abuakwa
         constitution",1928,173,Monograph,Akan,Africa,Western Africa,horticulturalists,,684,https://ehrafworldcultures.yale.edu/sres/7473a619-c5f5-44d7-9c38-656c6d2f775b
52a17f80-ddcb-4f3e-ad7d-c802f1243209,"Danquah, J. B. (Joseph Boakye)","Gold Coast: Akan laws and customs and the Akim Abuakwa
         constitution",1928,173,Monograph,Akan,Africa,Western Africa,horticulturalists,,684,https://ehrafworldcultures.yale.edu/sres/52a17f80-ddcb-4f3e-ad7d-c802f1243209
23c0e00d-de68-4d18-a8f6-28a063ff4b1d,"Danquah, J. B. (Joseph Boakye)","Gold Coast: Akan laws and customs and the Akim Abuakwa
         constitution",1928,174,Monograph,Akan,Africa,Western Africa,horticulturalists,,684,https://ehrafworldcultures.yale.edu/sres/23c0e00d-de68-4d18-a8f6-28a063ff4b1d
7207997c-796b-4540-8a94-7a2018454e49,"Danquah, J. B. (Joseph Boakye)","Gold Coast: Akan laws and customs and the Akim Abuakwa
         constitution",1928,174,Monograph,Akan,Africa,Western Africa,horticulturalists,,684,https://ehrafworldcultures.yale.edu/sres/7207997c-796b-4540-8a94-7a2018454e49
028959d4-de39-4f00-8306-0147e41b0940,"Danquah, J. B. (Joseph Boakye)","Gold Coast: Akan laws and customs and the Akim Abuakwa
         constitution",1928,175,Monograph,Akan,Africa,Western Africa,horticulturalists,,684,https://ehrafworldcultures.yale.edu/sres/028959d4-de39-4f00-8306-0147e41b0940
d1210af7-95da-48b1-af9a-4ff5191fd2e2,"Danquah, J. B. (Joseph Boakye)","Gold Coast: Akan laws and customs and the Akim Abuakwa
         constitution",1928,175,Monograph,Akan,Africa,Western Africa,horticulturalists,,684,https://ehrafworldcultures.yale.edu/sres/d1210af7-95da-48b1-af9a-4ff5191fd2e2
53b2a3dc-5f98-4dab-adfb-330701831c87,"Danquah, J. B. (Joseph Boakye)","Gold Coast: Akan laws and customs and the Akim Abuakwa
         constitution",1928,175,Monograph,Akan,Africa,Western Africa,horticulturalists,,684,https://ehrafworldcultures.yale.edu/sres/53b2a3dc-5f98-4dab-adfb-330701831c87
8f94b982-085e-46bf-84ed-816479aee4fc,"Danquah, J. B. (Joseph Boakye)","Gold Coast: Akan laws and customs and the Akim Abuakwa
         constitution",1928,175,Monograph,Akan,Africa,Western Africa,horticulturalists,,684,https://ehrafworldcultures.yale.edu/sres/8f94b982-085e-46bf-84ed-816479aee4fc
18d83ef5-f2a6-4ba8-ad32-fc69028cd362,"Danquah, J. B. (Joseph Boakye)","Gold Coast: Akan laws and customs and the Akim Abuakwa
         constitution",1928,176,Monograph,Akan,Africa,Western Africa,horticulturalists,,684,https://ehrafworldcultures.yale.edu/sres/18d83ef5-f2a6-4ba8-ad32-fc69028cd362
eb06c889-4766-49c1-88f6-a906d25a1de4,"Danquah, J. B. (Joseph Boakye)","Gold Coast: Akan laws and customs and the Akim Abuakwa
         constitution",1928,176,Monograph,Akan,Africa,Western Africa,horticulturalists,,684,https://ehrafworldcultures.yale.edu/sres/eb06c889-4766-49c1-88f6-a906d25a1de4
e31825c5-2d54-4fc2-ac51-ced212681e26,"Danquah, J. B. (Joseph Boakye)","Gold Coast: Akan laws and customs and the Akim Abuakwa
         constitution",1928,176,Monograph,Akan,Africa,Western Africa,horticulturalists,,684,https://ehrafworldcultures.yale.edu/sres/e31825c5-2d54-4fc2-ac51-ced212681e26
f50c9113-e539-455b-99bc-8f7ebff7e564,"Danquah, J. B. (Joseph Boakye)","Gold Coast: Akan laws and customs and the Akim Abuakwa
         constitution",1928,176,Monograph,Akan,Africa,Western Africa,horticulturalists,,684,https://ehrafworldcultures.yale.edu/sres/f50c9113-e539-455b-99bc-8f7ebff7e564
8b5d0d2a-ee5a-4c42-b861-fbea9dded9e3,"Danquah, J. B. (Joseph Boakye)","Gold Coast: Akan laws and customs and the Akim Abuakwa
         constitution",1928,176,Monograph,Akan,Africa,Western Africa,horticulturalists,,684,https://ehrafworldcultures.yale.edu/sres/8b5d0d2a-ee5a-4c42-b861-fbea9dded9e3
73696055-dfef-44ef-ad27-a1f445f32b2f,"Danquah, J. B. (Joseph Boakye)","Gold Coast: Akan laws and customs and the Akim Abuakwa
         constitution",1928,177,Monograph,Akan,Africa,Western Africa,horticulturalists,,684,https://ehrafworldcultures.yale.edu/sres/73696055-dfef-44ef-ad27-a1f445f32b2f
b456adf6-1675-46e0-b2bb-5e176da414bf,"Danquah, J. B. (Joseph Boakye)","Gold Coast: Akan laws and customs and the Akim Abuakwa
         constitution",1928,177,Monograph,Akan,Africa,Western Africa,horticulturalists,,684,https://ehrafworldcultures.yale.edu/sres/b456adf6-1675-46e0-b2bb-5e176da414bf
e1598acc-d083-48e9-be3c-803201828a7f,"Danquah, J. B. (Joseph Boakye)","Gold Coast: Akan laws and customs and the Akim Abuakwa
         constitution",1928,177,Monograph,Akan,Africa,Western Africa,horticulturalists,,684,https://ehrafworldcultures.yale.edu/sres/e1598acc-d083-48e9-be3c-803201828a7f
355680f5-c303-4991-a180-2990c9c198eb,"Danquah, J. B. (Joseph Boakye)","Gold Coast: Akan laws and customs and the Akim Abuakwa
         constitution",1928,177,Monograph,Akan,Africa,Western Africa,horticulturalists,,684,https://ehrafworldcultures.yale.edu/sres/355680f5-c303-4991-a180-2990c9c198eb
127c980a-2ba5-4e42-b2f2-4333c123bae8,"Danquah, J. B. (Joseph Boakye)","Gold Coast: Akan laws and customs and the Akim Abuakwa
         constitution",1928,178,Monograph,Akan,Africa,Western Africa,horticulturalists,,684,https://ehrafworldcultures.yale.edu/sres/127c980a-2ba5-4e42-b2f2-4333c123bae8
98267f1a-10f9-4c5b-bfbe-6f4c0ec7fa17,"Danquah, J. B. (Joseph Boakye)","Gold Coast: Akan laws and customs and the Akim Abuakwa
         constitution",1928,179,Monograph,Akan,Africa,Western Africa,horticulturalists,,684,https://ehrafworldcultures.yale.edu/sres/98267f1a-10f9-4c5b-bfbe-6f4c0ec7fa17
2db4e0c9-5919-4174-881c-e939f6471032,"Danquah, J. B. (Joseph Boakye)","Gold Coast: Akan laws and customs and the Akim Abuakwa
         constitution",1928,179,Monograph,Akan,Africa,Western Africa,horticulturalists,,684,https://ehrafworldcultures.yale.edu/sres/2db4e0c9-5919-4174-881c-e939f6471032
53c18e1d-2b24-4b50-94b4-10176ee1d040,"Danquah, J. B. (Joseph Boakye)","Gold Coast: Akan laws and customs and the Akim Abuakwa
         constitution",1928,179,Monograph,Akan,Africa,Western Africa,horticulturalists,,684,https://ehrafworldcultures.yale.edu/sres/53c18e1d-2b24-4b50-94b4-10176ee1d040
950241c3-baf5-4bd1-ad32-8c1d8ea770a9,"Danquah, J. B. (Joseph Boakye)","Gold Coast: Akan laws and customs and the Akim Abuakwa
         constitution",1928,195,Monograph,Akan,Africa,Western Africa,horticulturalists,,"428,593,614,689",https://ehrafworldcultures.yale.edu/sres/950241c3-baf5-4bd1-ad32-8c1d8ea770a9
50889dd0-1908-4ffb-a845-5711edb55048,"Fortes, Meyer",Kinship and marriage among the Ashanti,1950,257,Essay,Akan,Africa,Western Africa,horticulturalists,,"582,613,684,835",https://ehrafworldcultures.yale.edu/sres/50889dd0-1908-4ffb-a845-5711edb55048
564e8a6e-33e9-46f3-bdd4-21e33ace658d,"Fortes, Meyer",Kinship and marriage among the Ashanti,1950,265,Essay,Akan,Africa,Western Africa,horticulturalists,,"553,684,842,846,848,851",https://ehrafworldcultures.yale.edu/sres/564e8a6e-33e9-46f3-bdd4-21e33ace658d
06e55c85-4265-41ba-8631-68c6cf654989,"Warren, Dennis M.","The Techiman-Bono of Ghana: an ethnography of an Akan
         society",1975,30,Monograph,Akan,Africa,Western Africa,horticulturalists,,"643,684,836,881",https://ehrafworldcultures.yale.edu/sres/06e55c85-4265-41ba-8631-68c6cf654989
899c0637-b356-4c7b-984e-2ab615d84833,"Warren, Dennis M.","The Techiman-Bono of Ghana: an ethnography of an Akan
         society",1975,35,Monograph,Akan,Africa,Western Africa,horticulturalists,,684,https://ehrafworldcultures.yale.edu/sres/899c0637-b356-4c7b-984e-2ab615d84833
5b871de9-2d21-4916-a0ac-76d0d2098fbe,"Warren, Dennis M.","The Techiman-Bono of Ghana: an ethnography of an Akan
         society",1975,52,Monograph,Akan,Africa,Western Africa,horticulturalists,,"688,776,787,793",https://ehrafworldcultures.yale.edu/sres/5b871de9-2d21-4916-a0ac-76d0d2098fbe
f7cfe793-5a6f-438f-ab8c-a8674d315718,"Rattray, R. S. (Robert Sutherland),
         1881-1938",Ashanti law and constitution,1929,16,"Component part(s), monograph",Akan,Africa,Western Africa,horticulturalists,,"593,683",https://ehrafworldcultures.yale.edu/sres/f7cfe793-5a6f-438f-ab8c-a8674d315718
c5c1d5f9-8b49-42ad-998f-9dd92bb9fa0f,"Rattray, R. S. (Robert Sutherland),
         1881-1938",Ashanti law and constitution,1929,16,"Component part(s), monograph",Akan,Africa,Western Africa,horticulturalists,,"683,855,861",https://ehrafworldcultures.yale.edu/sres/c5c1d5f9-8b49-42ad-998f-9dd92bb9fa0f
da7b9e96-a87c-4226-ac63-c41bcce8631c,"Rattray, R. S. (Robert Sutherland),
         1881-1938",Ashanti law and constitution,1929,114,"Component part(s), monograph",Akan,Africa,Western Africa,horticulturalists,,"634,651,681,693",https://ehrafworldcultures.yale.edu/sres/da7b9e96-a87c-4226-ac63-c41bcce8631c
722911cd-a363-48c9-afee-dff68b436300,"Rattray, R. S. (Robert Sutherland),
         1881-1938",Ashanti law and constitution,1929,125,"Component part(s), monograph",Akan,Africa,Western Africa,horticulturalists,,"000,173,687,708,723,727,778,834,837",https://ehrafworldcultures.yale.edu/sres/722911cd-a363-48c9-afee-dff68b436300
ea46c6a2-e844-42ab-8156-b1f17c425f9e,"Rattray, R. S. (Robert Sutherland),
         1881-1938",Ashanti law and constitution,1929,133,"Component part(s), monograph",Akan,Africa,Western Africa,horticulturalists,,"173,634,681",https://ehrafworldcultures.yale.edu/sres/ea46c6a2-e844-42ab-8156-b1f17c425f9e
35d536f8-7869-4be1-bd1d-325e51926341,"Rattray, R. S. (Robert Sutherland),
         1881-1938",Ashanti law and constitution,1929,138,"Component part(s), monograph",Akan,Africa,Western Africa,horticulturalists,,"173,634,681",https://ehrafworldcultures.yale.edu/sres/35d536f8-7869-4be1-bd1d-325e51926341
cc58928d-df24-4cd7-ade3-94ce4bb92f92,"Rattray, R. S. (Robert Sutherland),
         1881-1938",Ashanti law and constitution,1929,139,"Component part(s), monograph",Akan,Africa,Western Africa,horticulturalists,,"173,634,681",https://ehrafworldcultures.yale.edu/sres/cc58928d-df24-4cd7-ade3-94ce4bb92f92
6a528ef5-66b2-4583-a609-d97948b414d0,"Rattray, R. S. (Robert Sutherland),
         1881-1938",Ashanti law and constitution,1929,139,"Component part(s), monograph",Akan,Africa,Western Africa,horticulturalists,,"173,634,681",https://ehrafworldcultures.yale.edu/sres/6a528ef5-66b2-4583-a609-d97948b414d0
63be706c-5e65-4e18-a9ed-34133fc7d531,"Rattray, R. S. (Robert Sutherland),
         1881-1938",Ashanti law and constitution,1929,139,"Component part(s), monograph",Akan,Africa,Western Africa,horticulturalists,,"681,692",https://ehrafworldcultures.yale.edu/sres/63be706c-5e65-4e18-a9ed-34133fc7d531
6d3541f2-7152-441c-8179-5a1eae60d824,"Rattray, R. S. (Robert Sutherland),
         1881-1938",Ashanti law and constitution,1929,145,"Component part(s), monograph",Akan,Africa,Western Africa,horticulturalists,,"173,208,634,687",https://ehrafworldcultures.yale.edu/sres/6d3541f2-7152-441c-8179-5a1eae60d824
0b474d41-4c09-47a1-afc9-2dadaa1af43c,"Rattray, R. S. (Robert Sutherland),
         1881-1938",Ashanti law and constitution,1929,146,"Component part(s), monograph",Akan,Africa,Western Africa,horticulturalists,,"173,586,595,606,634,687,727",https://ehrafworldcultures.yale.edu/sres/0b474d41-4c09-47a1-afc9-2dadaa1af43c
58345f7b-8126-4c60-9604-7fb3ea399a00,"Rattray, R. S. (Robert Sutherland),
         1881-1938",Ashanti law and constitution,1929,160,"Component part(s), monograph",Akan,Africa,Western Africa,horticulturalists,,681,https://ehrafworldcultures.yale.edu/sres/58345f7b-8126-4c60-9604-7fb3ea399a00
fa719f15-7851-4a46-a863-39461a92056e,"Rattray, R. S. (Robert Sutherland),
         1881-1938",Ashanti law and constitution,1929,160,"Component part(s), monograph",Akan,Africa,Western Africa,horticulturalists,,681,https://ehrafworldcultures.yale.edu/sres/fa719f15-7851-4a46-a863-39461a92056e
d428e957-a24e-4334-862b-0f43f0d357ca,"Rattray, R. S. (Robert Sutherland),
         1881-1938",Ashanti law and constitution,1929,160,"Component part(s), monograph",Akan,Africa,Western Africa,horticulturalists,,"681,692,695",https://ehrafworldcultures.yale.edu/sres/d428e957-a24e-4334-862b-0f43f0d357ca
0b97cae4-e7b2-4b09-96cb-683bfe887d42,"Rattray, R. S. (Robert Sutherland),
         1881-1938",Ashanti law and constitution,1929,163,"Component part(s), monograph",Akan,Africa,Western Africa,horticulturalists,,"473,634,643,682,721,766",https://ehrafworldcultures.yale.edu/sres/0b97cae4-e7b2-4b09-96cb-683bfe887d42
c67fddef-f80b-48fa-89ae-b019a0ef99fc,"Rattray, R. S. (Robert Sutherland),
         1881-1938",Ashanti law and constitution,1929,183,"Component part(s), monograph",Akan,Africa,Western Africa,horticulturalists,,"173,634,651,681",https://ehrafworldcultures.yale.edu/sres/c67fddef-f80b-48fa-89ae-b019a0ef99fc
b448cd08-86b3-4536-9ae9-95ac0ad12a05,"Rattray, R. S. (Robert Sutherland),
         1881-1938",Ashanti law and constitution,1929,184,"Component part(s), monograph",Akan,Africa,Western Africa,horticulturalists,,"173,634,651,681",https://ehrafworldcultures.yale.edu/sres/b448cd08-86b3-4536-9ae9-95ac0ad12a05
345e587c-d6fc-4b20-9ef1-54721bf6a7e0,"Rattray, R. S. (Robert Sutherland),
         1881-1938",Ashanti law and constitution,1929,184,"Component part(s), monograph",Akan,Africa,Western Africa,horticulturalists,,"681,692,695",https://ehrafworldcultures.yale.edu/sres/345e587c-d6fc-4b20-9ef1-54721bf6a7e0
e4d330cd-941b-49dc-8768-eee7f213872d,"Rattray, R. S. (Robert Sutherland),
         1881-1938",Ashanti law and constitution,1929,186,"Component part(s), monograph",Akan,Africa,Western Africa,horticulturalists,,"173,634,651,687",https://ehrafworldcultures.yale.edu/sres/e4d330cd-941b-49dc-8768-eee7f213872d
cb778dcf-439a-4975-9a90-a197fc4ca9d3,"Rattray, R. S. (Robert Sutherland),
         1881-1938",Ashanti law and constitution,1929,208,"Component part(s), monograph",Akan,Africa,Western Africa,horticulturalists,,"681,692,777,784",https://ehrafworldcultures.yale.edu/sres/cb778dcf-439a-4975-9a90-a197fc4ca9d3
29cc2662-1cd2-4e71-b64b-3587532468b7,"Rattray, R. S. (Robert Sutherland),
         1881-1938",Ashanti law and constitution,1929,209,"Component part(s), monograph",Akan,Africa,Western Africa,horticulturalists,,"173,634,681",https://ehrafworldcultures.yale.edu/sres/29cc2662-1cd2-4e71-b64b-3587532468b7
e091d777-c019-4e90-86b3-c1b609fe6f4b,"Rattray, R. S. (Robert Sutherland),
         1881-1938",Ashanti law and constitution,1929,210,"Component part(s), monograph",Akan,Africa,Western Africa,horticulturalists,,"173,634,681",https://ehrafworldcultures.yale.edu/sres/e091d777-c019-4e90-86b3-c1b609fe6f4b
a2c4e0ea-3009-46fd-9b20-f7a11a39b380,"Rattray, R. S. (Robert Sutherland),
         1881-1938",Ashanti law and constitution,1929,210,"Component part(s), monograph",Akan,Africa,Western Africa,horticulturalists,,"681,692,695",https://ehrafworldcultures.yale.edu/sres/a2c4e0ea-3009-46fd-9b20-f7a11a39b380
b298774f-bc98-4f6d-bee2-d08cc81333f9,"Rattray, R. S. (Robert Sutherland),
         1881-1938",Ashanti law and constitution,1929,215,"Component part(s), monograph",Akan,Africa,Western Africa,horticulturalists,,"173,634,687",https://ehrafworldcultures.yale.edu/sres/b298774f-bc98-4f6d-bee2-d08cc81333f9
9798e678-4217-418a-843b-67643a491d2e,"Rattray, R. S. (Robert Sutherland),
         1881-1938",Ashanti law and constitution,1929,216,"Component part(s), monograph",Akan,Africa,Western Africa,horticulturalists,,"173,634,687",https://ehrafworldcultures.yale.edu/sres/9798e678-4217-418a-843b-67643a491d2e
09ef8fa3-6c90-4200-b705-d9f310f0c442,"Rattray, R. S. (Robert Sutherland),
         1881-1938",Ashanti law and constitution,1929,216,"Component part(s), monograph",Akan,Africa,Western Africa,horticulturalists,,"687,778,782",https://ehrafworldcultures.yale.edu/sres/09ef8fa3-6c90-4200-b705-d9f310f0c442
73ae0e6b-6aff-4793-884a-cef0bb056de4,"Rattray, R. S. (Robert Sutherland),
         1881-1938",Ashanti law and constitution,1929,227,"Component part(s), monograph",Akan,Africa,Western Africa,horticulturalists,,681,https://ehrafworldcultures.yale.edu/sres/73ae0e6b-6aff-4793-884a-cef0bb056de4
d057b1b0-3014-4c8a-8040-16c8d75bafbb,"Rattray, R. S. (Robert Sutherland),
         1881-1938",Ashanti law and constitution,1929,227,"Component part(s), monograph",Akan,Africa,Western Africa,horticulturalists,,681,https://ehrafworldcultures.yale.edu/sres/d057b1b0-3014-4c8a-8040-16c8d75bafbb
f9f3d9b5-d814-483b-8d17-72b9757a1200,"Rattray, R. S. (Robert Sutherland),
         1881-1938",Ashanti law and constitution,1929,230,"Component part(s), monograph",Akan,Africa,Western Africa,horticulturalists,,"142,173,431,465,634,651,681",https://ehrafworldcultures.yale.edu/sres/f9f3d9b5-d814-483b-8d17-72b9757a1200
4708401e-8ef3-4de6-95df-4dd5009d9a1e,"Rattray, R. S. (Robert Sutherland),
         1881-1938",Ashanti law and constitution,1929,247,"Component part(s), monograph",Akan,Africa,Western Africa,horticulturalists,,"173,634,681",https://ehrafworldcultures.yale.edu/sres/4708401e-8ef3-4de6-95df-4dd5009d9a1e
7f964661-7851-4519-bd5e-0619e15bcadf,"Rattray, R. S. (Robert Sutherland),
         1881-1938",Ashanti law and constitution,1929,249,"Component part(s), monograph",Akan,Africa,Western Africa,horticulturalists,,"651,685",https://ehrafworldcultures.yale.edu/sres/7f964661-7851-4519-bd5e-0619e15bcadf
df88f6d3-eb15-45e7-b3f4-edfec061a985,"Rattray, R. S. (Robert Sutherland),
         1881-1938",Ashanti law and constitution,1929,255,"Component part(s), monograph",Akan,Africa,Western Africa,horticulturalists,,"173,634,687",https://ehrafworldcultures.yale.edu/sres/df88f6d3-eb15-45e7-b3f4-edfec061a985
ab9936fd-e8a9-404a-8094-fa881847847b,"Rattray, R. S. (Robert Sutherland),
         1881-1938",Ashanti law and constitution,1929,268,"Component part(s), monograph",Akan,Africa,Western Africa,horticulturalists,,681,https://ehrafworldcultures.yale.edu/sres/ab9936fd-e8a9-404a-8094-fa881847847b
0b79128b-9ce5-4d50-8023-f40b7c3221db,"Rattray, R. S. (Robert Sutherland),
         1881-1938",Ashanti law and constitution,1929,268,"Component part(s), monograph",Akan,Africa,Western Africa,horticulturalists,,"173,634,681,730",https://ehrafworldcultures.yale.edu/sres/0b79128b-9ce5-4d50-8023-f40b7c3221db
f755acad-6577-4ef6-bba9-90a8367cf069,"Rattray, R. S. (Robert Sutherland),
         1881-1938",Ashanti law and constitution,1929,289,"Component part(s), monograph",Akan,Africa,Western Africa,horticulturalists,,"672,682,777",https://ehrafworldcultures.yale.edu/sres/f755acad-6577-4ef6-bba9-90a8367cf069
bad93e18-222c-4abd-8762-a0d8d580caea,"Rattray, R. S. (Robert Sutherland),
         1881-1938",Ashanti law and constitution,1929,297,"Component part(s), monograph",Akan,Africa,Western Africa,horticulturalists,,"671,682",https://ehrafworldcultures.yale.edu/sres/bad93e18-222c-4abd-8762-a0d8d580caea
5a6ce8bb-e5e4-4019-9ef0-516616cc16ba,"Rattray, R. S. (Robert Sutherland),
         1881-1938",Ashanti law and constitution,1929,297,"Component part(s), monograph",Akan,Africa,Western Africa,horticulturalists,,"302,634,673,682",https://ehrafworldcultures.yale.edu/sres/5a6ce8bb-e5e4-4019-9ef0-516616cc16ba
43e3ee0f-c1a1-457a-8581-cc06a1e9d393,"Rattray, R. S. (Robert Sutherland),
         1881-1938",Ashanti law and constitution,1929,297,"Component part(s), monograph",Akan,Africa,Western Africa,horticulturalists,,"672,673,682",https://ehrafworldcultures.yale.edu/sres/43e3ee0f-c1a1-457a-8581-cc06a1e9d393
6aecbf6f-c728-4407-8a2b-50b6779dcf38,"Rattray, R. S. (Robert Sutherland),
         1881-1938",Ashanti law and constitution,1929,298,"Component part(s), monograph",Akan,Africa,Western Africa,horticulturalists,,"673,684,756,834",https://ehrafworldcultures.yale.edu/sres/6aecbf6f-c728-4407-8a2b-50b6779dcf38
08bdf433-ec72-4d02-ac72-9b324c5ec03c,"Rattray, R. S. (Robert Sutherland),
         1881-1938",Ashanti law and constitution,1929,298,"Component part(s), monograph",Akan,Africa,Western Africa,horticulturalists,,"673,684,756,834",https://ehrafworldcultures.yale.edu/sres/08bdf433-ec72-4d02-ac72-9b324c5ec03c
8dab97b6-8b6e-4552-b315-098b51b6eec4,"Rattray, R. S. (Robert Sutherland),
         1881-1938",Ashanti law and constitution,1929,298,"Component part(s), monograph",Akan,Africa,Western Africa,horticulturalists,,"671,673,682",https://ehrafworldcultures.yale.edu/sres/8dab97b6-8b6e-4552-b315-098b51b6eec4
986806ec-b3bc-49d5-ab5b-328fe1aa74a3,"Rattray, R. S. (Robert Sutherland),
         1881-1938",Ashanti law and constitution,1929,299,"Component part(s), monograph",Akan,Africa,Western Africa,horticulturalists,,"142,673,675,682,692,695,762,775",https://ehrafworldcultures.yale.edu/sres/986806ec-b3bc-49d5-ab5b-328fe1aa74a3
8df3b82a-b2c7-47c9-af04-4be85b55c509,"Rattray, R. S. (Robert Sutherland),
         1881-1938",Ashanti law and constitution,1929,300,"Component part(s), monograph",Akan,Africa,Western Africa,horticulturalists,,"672,682,695,762,766",https://ehrafworldcultures.yale.edu/sres/8df3b82a-b2c7-47c9-af04-4be85b55c509
22321d54-8c42-4dbb-8118-2ed6fdd3c4a6,"Rattray, R. S. (Robert Sutherland),
         1881-1938",Ashanti law and constitution,1929,300,"Component part(s), monograph",Akan,Africa,Western Africa,horticulturalists,,"142,421,422,672,682,695,762,766",https://ehrafworldcultures.yale.edu/sres/22321d54-8c42-4dbb-8118-2ed6fdd3c4a6
d19c4007-7ed7-4d80-bfb3-a89c86bb2f21,"Rattray, R. S. (Robert Sutherland),
         1881-1938",Ashanti law and constitution,1929,302,"Component part(s), monograph",Akan,Africa,Western Africa,horticulturalists,,"562,682,843",https://ehrafworldcultures.yale.edu/sres/d19c4007-7ed7-4d80-bfb3-a89c86bb2f21
67af6985-39f9-4e6f-a489-78f09e02e6e1,"Rattray, R. S. (Robert Sutherland),
         1881-1938",Ashanti law and constitution,1929,302,"Component part(s), monograph",Akan,Africa,Western Africa,horticulturalists,,"672,681,858",https://ehrafworldcultures.yale.edu/sres/67af6985-39f9-4e6f-a489-78f09e02e6e1
9825ed6f-e0eb-475b-b1b0-ae35fcd3bb63,"Rattray, R. S. (Robert Sutherland),
         1881-1938",Ashanti law and constitution,1929,302,"Component part(s), monograph",Akan,Africa,Western Africa,horticulturalists,,"273,672,682,732",https://ehrafworldcultures.yale.edu/sres/9825ed6f-e0eb-475b-b1b0-ae35fcd3bb63
4304718a-d40d-4e28-8e44-3319b87f3149,"Rattray, R. S. (Robert Sutherland),
         1881-1938",Ashanti law and constitution,1929,303,"Component part(s), monograph",Akan,Africa,Western Africa,horticulturalists,,"273,672,682,732",https://ehrafworldcultures.yale.edu/sres/4304718a-d40d-4e28-8e44-3319b87f3149
d382c2f3-4d37-4b23-9fff-304edcd31341,"Rattray, R. S. (Robert Sutherland),
         1881-1938",Ashanti law and constitution,1929,303,"Component part(s), monograph",Akan,Africa,Western Africa,horticulturalists,,"634,682,692",https://ehrafworldcultures.yale.edu/sres/d382c2f3-4d37-4b23-9fff-304edcd31341
1e4e241d-a988-4c97-99d0-fdba7e35d065,"Rattray, R. S. (Robert Sutherland),
         1881-1938",Ashanti law and constitution,1929,p. 304,"Component part(s), monograph",Akan,Africa,Western Africa,horticulturalists,,"673,684,834",https://ehrafworldcultures.yale.edu/sres/1e4e241d-a988-4c97-99d0-fdba7e35d065
87802315-ed03-4d48-b4a0-cad6c3293243,"Rattray, R. S. (Robert Sutherland),
         1881-1938",Ashanti law and constitution,1929,p. 304,"Component part(s), monograph",Akan,Africa,Western Africa,horticulturalists,,"614,672,673,684,835",https://ehrafworldcultures.yale.edu/sres/87802315-ed03-4d48-b4a0-cad6c3293243
206eef64-06d7-4c37-9813-7373f6d65382,"Rattray, R. S. (Robert Sutherland),
         1881-1938",Ashanti law and constitution,1929,p. 304,"Component part(s), monograph",Akan,Africa,Western Africa,horticulturalists,,"000,142,582,684,835",https://ehrafworldcultures.yale.edu/sres/206eef64-06d7-4c37-9813-7373f6d65382
d5592d7b-9bd0-4af8-ac1e-d58cf3a9e156,"Rattray, R. S. (Robert Sutherland),
         1881-1938",Ashanti law and constitution,1929,p305,"Component part(s), monograph",Akan,Africa,Western Africa,horticulturalists,,"673,684,835",https://ehrafworldcultures.yale.edu/sres/d5592d7b-9bd0-4af8-ac1e-d58cf3a9e156
b859c279-8efe-4574-9a5c-d08b73356897,"Rattray, R. S. (Robert Sutherland),
         1881-1938",Ashanti law and constitution,1929,306,"Component part(s), monograph",Akan,Africa,Western Africa,horticulturalists,,"672,673,684,835",https://ehrafworldcultures.yale.edu/sres/b859c279-8efe-4574-9a5c-d08b73356897
41c5deb7-1b9c-43fc-8dd5-0a4276733b2d,"Rattray, R. S. (Robert Sutherland),
         1881-1938",Ashanti law and constitution,1929,306,"Component part(s), monograph",Akan,Africa,Western Africa,horticulturalists,,"684,834,841",https://ehrafworldcultures.yale.edu/sres/41c5deb7-1b9c-43fc-8dd5-0a4276733b2d
dce8f62e-c6e3-4547-94e2-2a43c72b9b1f,"Rattray, R. S. (Robert Sutherland),
         1881-1938",Ashanti law and constitution,1929,306,"Component part(s), monograph",Akan,Africa,Western Africa,horticulturalists,,"634,643,673,684,837",https://ehrafworldcultures.yale.edu/sres/dce8f62e-c6e3-4547-94e2-2a43c72b9b1f
4f75cf1b-4d4c-49e5-88d7-94c2e061c5ff,"Rattray, R. S. (Robert Sutherland),
         1881-1938",Ashanti law and constitution,1929,306,"Component part(s), monograph",Akan,Africa,Western Africa,horticulturalists,,"634,643,673,684,837",https://ehrafworldcultures.yale.edu/sres/4f75cf1b-4d4c-49e5-88d7-94c2e061c5ff
3a51c738-abe0-4819-a611-4da1265a77c7,"Rattray, R. S. (Robert Sutherland),
         1881-1938",Ashanti law and constitution,1929,307,"Component part(s), monograph",Akan,Africa,Western Africa,horticulturalists,,"634,643,673,684,837",https://ehrafworldcultures.yale.edu/sres/3a51c738-abe0-4819-a611-4da1265a77c7
aa3a9393-0870-470a-8954-d864258fd4a0,"Rattray, R. S. (Robert Sutherland),
         1881-1938",Ashanti law and constitution,1929,308,"Component part(s), monograph",Akan,Africa,Western Africa,horticulturalists,,"684,782,837",https://ehrafworldcultures.yale.edu/sres/aa3a9393-0870-470a-8954-d864258fd4a0
febec8a9-003d-43c3-b58b-dc672c726232,"Rattray, R. S. (Robert Sutherland),
         1881-1938",Ashanti law and constitution,1929,308,"Component part(s), monograph",Akan,Africa,Western Africa,horticulturalists,,"684,782,837",https://ehrafworldcultures.yale.edu/sres/febec8a9-003d-43c3-b58b-dc672c726232
f8a73914-e7d7-447a-b6f1-a52155567797,"Rattray, R. S. (Robert Sutherland),
         1881-1938",Ashanti law and constitution,1929,p. 309,"Component part(s), monograph",Akan,Africa,Western Africa,horticulturalists,,"578,673,683,769",https://ehrafworldcultures.yale.edu/sres/f8a73914-e7d7-447a-b6f1-a52155567797
f5c1cba4-091e-4722-b5f7-8f9042257b20,"Rattray, R. S. (Robert Sutherland),
         1881-1938",Ashanti law and constitution,1929,p. 309,"Component part(s), monograph",Akan,Africa,Western Africa,horticulturalists,,"578,673,683,769",https://ehrafworldcultures.yale.edu/sres/f5c1cba4-091e-4722-b5f7-8f9042257b20
97d21d4f-5a24-417e-8f7d-589150352562,"Rattray, R. S. (Robert Sutherland),
         1881-1938",Ashanti law and constitution,1929,p. 309,"Component part(s), monograph",Akan,Africa,Western Africa,horticulturalists,,"673,683,687,769",https://ehrafworldcultures.yale.edu/sres/97d21d4f-5a24-417e-8f7d-589150352562
5ddf6ca1-f3b2-41d1-8adb-05c17028c8a2,"Rattray, R. S. (Robert Sutherland),
         1881-1938",Ashanti law and constitution,1929,310,"Component part(s), monograph",Akan,Africa,Western Africa,horticulturalists,,"673,683,687,769",https://ehrafworldcultures.yale.edu/sres/5ddf6ca1-f3b2-41d1-8adb-05c17028c8a2
68b77b9c-7a03-4733-89a7-c22634865f2b,"Rattray, R. S. (Robert Sutherland),
         1881-1938",Ashanti law and constitution,1929,310,"Component part(s), monograph",Akan,Africa,Western Africa,horticulturalists,,"201,562,673,683",https://ehrafworldcultures.yale.edu/sres/68b77b9c-7a03-4733-89a7-c22634865f2b
ee8f4477-6a19-48b8-8419-09df30713070,"Rattray, R. S. (Robert Sutherland),
         1881-1938",Ashanti law and constitution,1929,310,"Component part(s), monograph",Akan,Africa,Western Africa,horticulturalists,,"634,673,683,688",https://ehrafworldcultures.yale.edu/sres/ee8f4477-6a19-48b8-8419-09df30713070
ec7649aa-9d78-4dfe-84cb-01a5f48ebb95,"Rattray, R. S. (Robert Sutherland),
         1881-1938",Ashanti law and constitution,1929,311,"Component part(s), monograph",Akan,Africa,Western Africa,horticulturalists,,"673,685,688",https://ehrafworldcultures.yale.edu/sres/ec7649aa-9d78-4dfe-84cb-01a5f48ebb95
32ee9c14-92bf-4119-ad17-4d846f90c1e4,"Rattray, R. S. (Robert Sutherland),
         1881-1938",Ashanti law and constitution,1929,311,"Component part(s), monograph",Akan,Africa,Western Africa,horticulturalists,,"195,673,683,687",https://ehrafworldcultures.yale.edu/sres/32ee9c14-92bf-4119-ad17-4d846f90c1e4
12394628-aae4-4f62-bc5c-dd56aeab65d8,"Rattray, R. S. (Robert Sutherland),
         1881-1938",Ashanti law and constitution,1929,p. 313,"Component part(s), monograph",Akan,Africa,Western Africa,horticulturalists,,"673,683,754",https://ehrafworldcultures.yale.edu/sres/12394628-aae4-4f62-bc5c-dd56aeab65d8
a3c1134a-2c5b-4afa-bd48-111143b97bf5,"Rattray, R. S. (Robert Sutherland),
         1881-1938",Ashanti law and constitution,1929,p. 313,"Component part(s), monograph",Akan,Africa,Western Africa,horticulturalists,,"682,754",https://ehrafworldcultures.yale.edu/sres/a3c1134a-2c5b-4afa-bd48-111143b97bf5
6d931238-72ab-4214-8bcc-0c8cba3cb8f2,"Rattray, R. S. (Robert Sutherland),
         1881-1938",Ashanti law and constitution,1929,314,"Component part(s), monograph",Akan,Africa,Western Africa,horticulturalists,,"609,634,673,688,784",https://ehrafworldcultures.yale.edu/sres/6d931238-72ab-4214-8bcc-0c8cba3cb8f2
f12cb13c-0013-4b15-a1e6-f7bd8b63dc6d,"Rattray, R. S. (Robert Sutherland),
         1881-1938",Ashanti law and constitution,1929,314,"Component part(s), monograph",Akan,Africa,Western Africa,horticulturalists,,"198,231,527,582,634,673,688,784,841",https://ehrafworldcultures.yale.edu/sres/f12cb13c-0013-4b15-a1e6-f7bd8b63dc6d
ac55ca5b-3cdb-439d-b69c-a1e0d06b3a82,"Rattray, R. S. (Robert Sutherland),
         1881-1938",Ashanti law and constitution,1929,315,"Component part(s), monograph",Akan,Africa,Western Africa,horticulturalists,,"634,673,688,784",https://ehrafworldcultures.yale.edu/sres/ac55ca5b-3cdb-439d-b69c-a1e0d06b3a82
1122678b-6ff4-4238-a3fd-de88180b1ac5,"Rattray, R. S. (Robert Sutherland),
         1881-1938",Ashanti law and constitution,1929,315,"Component part(s), monograph",Akan,Africa,Western Africa,horticulturalists,,"634,673,688,784",https://ehrafworldcultures.yale.edu/sres/1122678b-6ff4-4238-a3fd-de88180b1ac5
cbd96c70-bd0d-4bb7-b120-ec915d90272a,"Rattray, R. S. (Robert Sutherland),
         1881-1938",Ashanti law and constitution,1929,315,"Component part(s), monograph",Akan,Africa,Western Africa,horticulturalists,,"634,673,687,688,784",https://ehrafworldcultures.yale.edu/sres/cbd96c70-bd0d-4bb7-b120-ec915d90272a
d32fa865-95a7-4660-ad40-f1036f8e5ece,"Rattray, R. S. (Robert Sutherland),
         1881-1938",Ashanti law and constitution,1929,315,"Component part(s), monograph",Akan,Africa,Western Africa,horticulturalists,,"634,673,688,784",https://ehrafworldcultures.yale.edu/sres/d32fa865-95a7-4660-ad40-f1036f8e5ece
051beed0-b89b-4f9f-9acf-daca5c4e2ae9,"Rattray, R. S. (Robert Sutherland),
         1881-1938",Ashanti law and constitution,1929,p. 317,"Component part(s), monograph",Akan,Africa,Western Africa,horticulturalists,,"684,685,837",https://ehrafworldcultures.yale.edu/sres/051beed0-b89b-4f9f-9acf-daca5c4e2ae9
8b704140-94ae-4d00-85f2-4638c822c00d,"Rattray, R. S. (Robert Sutherland),
         1881-1938",Ashanti law and constitution,1929,p. 317,"Component part(s), monograph",Akan,Africa,Western Africa,horticulturalists,,"583,684,837",https://ehrafworldcultures.yale.edu/sres/8b704140-94ae-4d00-85f2-4638c822c00d
617fbc4d-b5a6-46c8-b1ae-36559332651f,"Rattray, R. S. (Robert Sutherland),
         1881-1938",Ashanti law and constitution,1929,p. 317,"Component part(s), monograph",Akan,Africa,Western Africa,horticulturalists,,"538,583,684,837",https://ehrafworldcultures.yale.edu/sres/617fbc4d-b5a6-46c8-b1ae-36559332651f
1194afdb-51af-42ce-890b-e2532596926f,"Rattray, R. S. (Robert Sutherland),
         1881-1938",Ashanti law and constitution,1929,318,"Component part(s), monograph",Akan,Africa,Western Africa,horticulturalists,,684,https://ehrafworldcultures.yale.edu/sres/1194afdb-51af-42ce-890b-e2532596926f
d6594a93-efdb-47f9-910a-8ac218bf109b,"Rattray, R. S. (Robert Sutherland),
         1881-1938",Ashanti law and constitution,1929,318,"Component part(s), monograph",Akan,Africa,Western Africa,horticulturalists,,684,https://ehrafworldcultures.yale.edu/sres/d6594a93-efdb-47f9-910a-8ac218bf109b
1d47c857-ece2-4e7e-9c0c-0379ef2d2624,"Rattray, R. S. (Robert Sutherland),
         1881-1938",Ashanti law and constitution,1929,319,"Component part(s), monograph",Akan,Africa,Western Africa,horticulturalists,,"684,833,837",https://ehrafworldcultures.yale.edu/sres/1d47c857-ece2-4e7e-9c0c-0379ef2d2624
673e372d-476c-47b3-9d27-bd0ad13b3305,"Rattray, R. S. (Robert Sutherland),
         1881-1938",Ashanti law and constitution,1929,319,"Component part(s), monograph",Akan,Africa,Western Africa,horticulturalists,,"142,565,586,634,684,837",https://ehrafworldcultures.yale.edu/sres/673e372d-476c-47b3-9d27-bd0ad13b3305
11855264-723f-40ab-a146-a3d68ecdeb51,"Rattray, R. S. (Robert Sutherland),
         1881-1938",Ashanti law and constitution,1929,320,"Component part(s), monograph",Akan,Africa,Western Africa,horticulturalists,,684,https://ehrafworldcultures.yale.edu/sres/11855264-723f-40ab-a146-a3d68ecdeb51
10a84d59-0fa1-404a-9855-56023dc0e06d,"Rattray, R. S. (Robert Sutherland),
         1881-1938",Ashanti law and constitution,1929,320,"Component part(s), monograph",Akan,Africa,Western Africa,horticulturalists,,"142,538,606,684,783,835,837",https://ehrafworldcultures.yale.edu/sres/10a84d59-0fa1-404a-9855-56023dc0e06d
35bd1cbb-9ce3-496c-95c5-f6ed18dfbbd8,"Rattray, R. S. (Robert Sutherland),
         1881-1938",Ashanti law and constitution,1929,322,"Component part(s), monograph",Akan,Africa,Western Africa,horticulturalists,,"684,835,837",https://ehrafworldcultures.yale.edu/sres/35bd1cbb-9ce3-496c-95c5-f6ed18dfbbd8
28b4e072-dee1-4da9-92b5-3d632f9bbc7f,"Rattray, R. S. (Robert Sutherland),
         1881-1938",Ashanti law and constitution,1929,322,"Component part(s), monograph",Akan,Africa,Western Africa,horticulturalists,,"577,684,837",https://ehrafworldcultures.yale.edu/sres/28b4e072-dee1-4da9-92b5-3d632f9bbc7f
87669bd4-516d-4ebc-b213-1c82ad093775,"Rattray, R. S. (Robert Sutherland),
         1881-1938",Ashanti law and constitution,1929,323,"Component part(s), monograph",Akan,Africa,Western Africa,horticulturalists,,"577,684,837",https://ehrafworldcultures.yale.edu/sres/87669bd4-516d-4ebc-b213-1c82ad093775
fd7c8274-8ed0-4547-9469-97a33d799bb6,"Rattray, R. S. (Robert Sutherland),
         1881-1938",Ashanti law and constitution,1929,325,"Component part(s), monograph",Akan,Africa,Western Africa,horticulturalists,,"465,634,685",https://ehrafworldcultures.yale.edu/sres/fd7c8274-8ed0-4547-9469-97a33d799bb6
f182c4de-8724-47c1-9f29-b65428507bb3,"Rattray, R. S. (Robert Sutherland),
         1881-1938",Ashanti law and constitution,1929,329,"Component part(s), monograph",Akan,Africa,Western Africa,horticulturalists,,"578,683,782",https://ehrafworldcultures.yale.edu/sres/f182c4de-8724-47c1-9f29-b65428507bb3
95ed23af-5e5e-4f86-91cd-94b2c1732ef6,"Rattray, R. S. (Robert Sutherland),
         1881-1938",Ashanti law and constitution,1929,374,"Component part(s), monograph",Akan,Africa,Western Africa,horticulturalists,,681,https://ehrafworldcultures.yale.edu/sres/95ed23af-5e5e-4f86-91cd-94b2c1732ef6
c0565ef3-9bd3-4fef-a051-6b48d88db246,"Rattray, R. S. (Robert Sutherland),
         1881-1938",Ashanti law and constitution,1929,375,"Component part(s), monograph",Akan,Africa,Western Africa,horticulturalists,,681,https://ehrafworldcultures.yale.edu/sres/c0565ef3-9bd3-4fef-a051-6b48d88db246
1a9712ef-0141-44f8-85a8-0a906077bff5,"Rattray, R. S. (Robert Sutherland),
         1881-1938",Ashanti law and constitution,1929,375,"Component part(s), monograph",Akan,Africa,Western Africa,horticulturalists,,681,https://ehrafworldcultures.yale.edu/sres/1a9712ef-0141-44f8-85a8-0a906077bff5
a087573d-3946-4aaa-b7bd-a4b9141e6922,"Rattray, R. S. (Robert Sutherland),
         1881-1938",Ashanti law and constitution,1929,375,"Component part(s), monograph",Akan,Africa,Western Africa,horticulturalists,,"634,681,682,692",https://ehrafworldcultures.yale.edu/sres/a087573d-3946-4aaa-b7bd-a4b9141e6922
11379468-f164-4cba-9311-570962d9e40a,"Rattray, R. S. (Robert Sutherland),
         1881-1938",Ashanti law and constitution,1929,376,"Component part(s), monograph",Akan,Africa,Western Africa,horticulturalists,,"634,681,683,692,754",https://ehrafworldcultures.yale.edu/sres/11379468-f164-4cba-9311-570962d9e40a
330bf265-968d-45f2-a5c9-366bac24d077,"Rattray, R. S. (Robert Sutherland),
         1881-1938",Ashanti law and constitution,1929,376,"Component part(s), monograph",Akan,Africa,Western Africa,horticulturalists,,"634,681,692",https://ehrafworldcultures.yale.edu/sres/330bf265-968d-45f2-a5c9-366bac24d077
0cd7b168-40a9-4ae5-bb2d-4305e30f822e,"Rattray, R. S. (Robert Sutherland),
         1881-1938",Ashanti law and constitution,1929,376,"Component part(s), monograph",Akan,Africa,Western Africa,horticulturalists,,"634,681,692",https://ehrafworldcultures.yale.edu/sres/0cd7b168-40a9-4ae5-bb2d-4305e30f822e
471dac51-f658-4ec7-b8c4-2607658e452c,"Rattray, R. S. (Robert Sutherland),
         1881-1938",Ashanti law and constitution,1929,376,"Component part(s), monograph",Akan,Africa,Western Africa,horticulturalists,,"634,681,692",https://ehrafworldcultures.yale.edu/sres/471dac51-f658-4ec7-b8c4-2607658e452c
c9fe6612-66de-452b-9296-dace75ec032d,"Rattray, R. S. (Robert Sutherland),
         1881-1938",Ashanti law and constitution,1929,376,"Component part(s), monograph",Akan,Africa,Western Africa,horticulturalists,,"604,634,681,692",https://ehrafworldcultures.yale.edu/sres/c9fe6612-66de-452b-9296-dace75ec032d
a8c67e33-2fc0-4d77-88eb-7a19ee30bf53,"Rattray, R. S. (Robert Sutherland),
         1881-1938",Ashanti law and constitution,1929,376,"Component part(s), monograph",Akan,Africa,Western Africa,horticulturalists,,"634,681,692",https://ehrafworldcultures.yale.edu/sres/a8c67e33-2fc0-4d77-88eb-7a19ee30bf53
79b2d6d2-3ba8-4480-b2ed-3b4e4653a8e9,"Rattray, R. S. (Robert Sutherland),
         1881-1938",Ashanti law and constitution,1929,376,"Component part(s), monograph",Akan,Africa,Western Africa,horticulturalists,,"681,689,692",https://ehrafworldcultures.yale.edu/sres/79b2d6d2-3ba8-4480-b2ed-3b4e4653a8e9
57350e7e-034e-4e4d-8e81-3504acbf5c92,"Rattray, R. S. (Robert Sutherland),
         1881-1938",Ashanti law and constitution,1929,377,"Component part(s), monograph",Akan,Africa,Western Africa,horticulturalists,,"681,689,692",https://ehrafworldcultures.yale.edu/sres/57350e7e-034e-4e4d-8e81-3504acbf5c92
2d0b982f-1418-4e92-98b8-b5406f3a3d7c,"Rattray, R. S. (Robert Sutherland),
         1881-1938",Ashanti law and constitution,1929,377,"Component part(s), monograph",Akan,Africa,Western Africa,horticulturalists,,"304,681,683,839",https://ehrafworldcultures.yale.edu/sres/2d0b982f-1418-4e92-98b8-b5406f3a3d7c
9c41c379-9164-42ff-847a-34321c61cfb1,"Rattray, R. S. (Robert Sutherland),
         1881-1938",Ashanti law and constitution,1929,377,"Component part(s), monograph",Akan,Africa,Western Africa,horticulturalists,,"304,681,683,839",https://ehrafworldcultures.yale.edu/sres/9c41c379-9164-42ff-847a-34321c61cfb1
c7e9e092-7037-4a4c-b6ae-5159e9bb2001,"Rattray, R. S. (Robert Sutherland),
         1881-1938",Ashanti law and constitution,1929,377,"Component part(s), monograph",Akan,Africa,Western Africa,horticulturalists,,"681,687",https://ehrafworldcultures.yale.edu/sres/c7e9e092-7037-4a4c-b6ae-5159e9bb2001
eb59d9fa-d4ae-48e8-9882-20e00fd0f65e,"Rattray, R. S. (Robert Sutherland),
         1881-1938",Ashanti law and constitution,1929,377,"Component part(s), monograph",Akan,Africa,Western Africa,horticulturalists,,681,https://ehrafworldcultures.yale.edu/sres/eb59d9fa-d4ae-48e8-9882-20e00fd0f65e
3e7cbf2a-3a9f-4db9-bb38-4246798aaf9c,"Rattray, R. S. (Robert Sutherland),
         1881-1938",Ashanti law and constitution,1929,378,"Component part(s), monograph",Akan,Africa,Western Africa,horticulturalists,,"681,692",https://ehrafworldcultures.yale.edu/sres/3e7cbf2a-3a9f-4db9-bb38-4246798aaf9c
b05d3cdd-1340-4b84-837b-d0e08e8d1686,"Rattray, R. S. (Robert Sutherland),
         1881-1938",Ashanti law and constitution,1929,p. 392,"Component part(s), monograph",Akan,Africa,Western Africa,horticulturalists,,"684,695",https://ehrafworldcultures.yale.edu/sres/b05d3cdd-1340-4b84-837b-d0e08e8d1686
1f508d3c-a23e-4c5f-b494-bbde7a1b6f25,"Rattray, R. S. (Robert Sutherland),
         1881-1938",Ashanti law and constitution,1929,p. 392,"Component part(s), monograph",Akan,Africa,Western Africa,horticulturalists,,"684,693,695,834",https://ehrafworldcultures.yale.edu/sres/1f508d3c-a23e-4c5f-b494-bbde7a1b6f25
2b2aad9f-b10a-4418-b42c-ce77d4cbbcc4,"Rattray, R. S. (Robert Sutherland),
         1881-1938",Ashanti law and constitution,1929,393,"Component part(s), monograph",Akan,Africa,Western Africa,horticulturalists,,"684,695",https://ehrafworldcultures.yale.edu/sres/2b2aad9f-b10a-4418-b42c-ce77d4cbbcc4
beb0506f-f536-49cb-9593-54447508ee09,"Rattray, R. S. (Robert Sutherland),
         1881-1938",Ashanti law and constitution,1929,393,"Component part(s), monograph",Akan,Africa,Western Africa,horticulturalists,,"684,695",https://ehrafworldcultures.yale.edu/sres/beb0506f-f536-49cb-9593-54447508ee09
d1376348-22ea-4dcb-8191-4f71f7cbc252,"Rattray, R. S. (Robert Sutherland),
         1881-1938",Ashanti law and constitution,1929,394,"Component part(s), monograph",Akan,Africa,Western Africa,horticulturalists,,"684,695",https://ehrafworldcultures.yale.edu/sres/d1376348-22ea-4dcb-8191-4f71f7cbc252
97984068-a35c-4f8b-89cf-5705d1563e4f,"Rattray, R. S. (Robert Sutherland),
         1881-1938",Ashanti law and constitution,1929,394,"Component part(s), monograph",Akan,Africa,Western Africa,horticulturalists,,"684,695",https://ehrafworldcultures.yale.edu/sres/97984068-a35c-4f8b-89cf-5705d1563e4f
727830cb-30a2-4517-8271-667c05c613a5,"Rattray, R. S. (Robert Sutherland),
         1881-1938",Ashanti law and constitution,1929,394,"Component part(s), monograph",Akan,Africa,Western Africa,horticulturalists,,"684,695",https://ehrafworldcultures.yale.edu/sres/727830cb-30a2-4517-8271-667c05c613a5
5eb44b93-1fba-4034-acf0-fd46a47ac46c,"Rattray, R. S. (Robert Sutherland),
         1881-1938",Ashanti law and constitution,1929,394,"Component part(s), monograph",Akan,Africa,Western Africa,horticulturalists,,"684,695",https://ehrafworldcultures.yale.edu/sres/5eb44b93-1fba-4034-acf0-fd46a47ac46c
06c817db-90e4-45f1-9dee-cb9e75f5746a,"Rattray, R. S. (Robert Sutherland),
         1881-1938",Ashanti law and constitution,1929,394,"Component part(s), monograph",Akan,Africa,Western Africa,horticulturalists,,"684,695",https://ehrafworldcultures.yale.edu/sres/06c817db-90e4-45f1-9dee-cb9e75f5746a
64323973-e56f-4aca-92b8-2f1d1d441903,"Rattray, R. S. (Robert Sutherland),
         1881-1938",Ashanti law and constitution,1929,394,"Component part(s), monograph",Akan,Africa,Western Africa,horticulturalists,,"684,695",https://ehrafworldcultures.yale.edu/sres/64323973-e56f-4aca-92b8-2f1d1d441903
87535c1d-4099-4d87-a341-c644871bee80,"Rattray, R. S. (Robert Sutherland),
         1881-1938",Ashanti law and constitution,1929,395,"Component part(s), monograph",Akan,Africa,Western Africa,horticulturalists,,"684,695",https://ehrafworldcultures.yale.edu/sres/87535c1d-4099-4d87-a341-c644871bee80
1cde317c-82a0-49d9-a62e-8841db014097,"Rattray, R. S. (Robert Sutherland),
         1881-1938",Religion and art in Ashanti,1927,54,"Component part(s), monograph",Akan,Africa,Western Africa,horticulturalists,,"684,843",https://ehrafworldcultures.yale.edu/sres/1cde317c-82a0-49d9-a62e-8841db014097
4fc08c40-6df2-4e71-a61b-8dce2961dda7,"Rattray, R. S. (Robert Sutherland),
         1881-1938",Religion and art in Ashanti,1927,54,"Component part(s), monograph",Akan,Africa,Western Africa,horticulturalists,,684,https://ehrafworldcultures.yale.edu/sres/4fc08c40-6df2-4e71-a61b-8dce2961dda7
ade1be33-779c-418f-8548-0ae6f47a4f9e,"Rattray, R. S. (Robert Sutherland),
         1881-1938",Religion and art in Ashanti,1927,54,"Component part(s), monograph",Akan,Africa,Western Africa,horticulturalists,,"684,837,843",https://ehrafworldcultures.yale.edu/sres/ade1be33-779c-418f-8548-0ae6f47a4f9e
92c11024-dedc-4abc-979c-cde5b0434618,"Rattray, R. S. (Robert Sutherland),
         1881-1938",Religion and art in Ashanti,1927,58,"Component part(s), monograph",Akan,Africa,Western Africa,horticulturalists,,"681,782,843",https://ehrafworldcultures.yale.edu/sres/92c11024-dedc-4abc-979c-cde5b0434618
1dc38f94-eadd-4809-8395-1487c3d79b2a,"Rattray, R. S. (Robert Sutherland),
         1881-1938",Religion and art in Ashanti,1927,74,"Component part(s), monograph",Akan,Africa,Western Africa,horticulturalists,,"584,684,834",https://ehrafworldcultures.yale.edu/sres/1dc38f94-eadd-4809-8395-1487c3d79b2a
11d666e1-42d1-4248-a062-9f820af9873a,"Rattray, R. S. (Robert Sutherland),
         1881-1938",Religion and art in Ashanti,1927,79,"Component part(s), monograph",Akan,Africa,Western Africa,horticulturalists,,"684,835",https://ehrafworldcultures.yale.edu/sres/11d666e1-42d1-4248-a062-9f820af9873a
d238bdf2-a755-4d33-ba64-0b89f84ef966,"Rattray, R. S. (Robert Sutherland),
         1881-1938",Religion and art in Ashanti,1927,80,"Component part(s), monograph",Akan,Africa,Western Africa,horticulturalists,,"177,684",https://ehrafworldcultures.yale.edu/sres/d238bdf2-a755-4d33-ba64-0b89f84ef966
3723f443-5c2b-48dd-b1d8-0bbb58d1ede0,"Rattray, R. S. (Robert Sutherland),
         1881-1938",Religion and art in Ashanti,1927,80,"Component part(s), monograph",Akan,Africa,Western Africa,horticulturalists,,"177,684",https://ehrafworldcultures.yale.edu/sres/3723f443-5c2b-48dd-b1d8-0bbb58d1ede0
9bde6732-3ceb-4fc1-b2b2-994471f66492,"Rattray, R. S. (Robert Sutherland),
         1881-1938",Religion and art in Ashanti,1927,85,"Component part(s), monograph",Akan,Africa,Western Africa,horticulturalists,,"585,684,782,836,837",https://ehrafworldcultures.yale.edu/sres/9bde6732-3ceb-4fc1-b2b2-994471f66492
885a310c-f20c-43bc-a0a9-6adcb283ced2,"Rattray, R. S. (Robert Sutherland),
         1881-1938",Religion and art in Ashanti,1927,86,"Component part(s), monograph",Akan,Africa,Western Africa,horticulturalists,,"585,684,782,836,837",https://ehrafworldcultures.yale.edu/sres/885a310c-f20c-43bc-a0a9-6adcb283ced2
a5a30f20-001f-4cb0-9aa2-2c1c839071f3,"Rattray, R. S. (Robert Sutherland),
         1881-1938",Religion and art in Ashanti,1927,86,"Component part(s), monograph",Akan,Africa,Western Africa,horticulturalists,,"643,684",https://ehrafworldcultures.yale.edu/sres/a5a30f20-001f-4cb0-9aa2-2c1c839071f3
7b39ca92-dcc1-4806-b219-40efd56bed9d,"Rattray, R. S. (Robert Sutherland),
         1881-1938",Religion and art in Ashanti,1927,87,"Component part(s), monograph",Akan,Africa,Western Africa,horticulturalists,,684,https://ehrafworldcultures.yale.edu/sres/7b39ca92-dcc1-4806-b219-40efd56bed9d
7be42b79-d681-4814-b88f-42864ab8241e,"Rattray, R. S. (Robert Sutherland),
         1881-1938",Religion and art in Ashanti,1927,facing p. 88,"Component part(s), monograph",Akan,Africa,Western Africa,horticulturalists,,"532,684",https://ehrafworldcultures.yale.edu/sres/7be42b79-d681-4814-b88f-42864ab8241e
7b8806e6-cf88-41fe-af8c-739586acbae8,"Rattray, R. S. (Robert Sutherland),
         1881-1938",Religion and art in Ashanti,1927,facing p. 88,"Component part(s), monograph",Akan,Africa,Western Africa,horticulturalists,,"532,684",https://ehrafworldcultures.yale.edu/sres/7b8806e6-cf88-41fe-af8c-739586acbae8
34da5b48-fde8-430d-9213-f2100b8cb7a7,"Rattray, R. S. (Robert Sutherland),
         1881-1938",Religion and art in Ashanti,1927,88,"Component part(s), monograph",Akan,Africa,Western Africa,horticulturalists,,684,https://ehrafworldcultures.yale.edu/sres/34da5b48-fde8-430d-9213-f2100b8cb7a7
bb75c9bf-c392-4fdf-8548-2f5c306cf353,"Rattray, R. S. (Robert Sutherland),
         1881-1938",Religion and art in Ashanti,1927,89,"Component part(s), monograph",Akan,Africa,Western Africa,horticulturalists,,684,https://ehrafworldcultures.yale.edu/sres/bb75c9bf-c392-4fdf-8548-2f5c306cf353
6c804dd6-b42c-490a-98bf-5834f6cb3bd8,"Rattray, R. S. (Robert Sutherland),
         1881-1938",Religion and art in Ashanti,1927,89,"Component part(s), monograph",Akan,Africa,Western Africa,horticulturalists,,684,https://ehrafworldcultures.yale.edu/sres/6c804dd6-b42c-490a-98bf-5834f6cb3bd8
2726b44d-9fee-47b7-ad2c-0c5633798682,"Rattray, R. S. (Robert Sutherland),
         1881-1938",Religion and art in Ashanti,1927,89,"Component part(s), monograph",Akan,Africa,Western Africa,horticulturalists,,684,https://ehrafworldcultures.yale.edu/sres/2726b44d-9fee-47b7-ad2c-0c5633798682
20de9f3c-8b2b-467c-a023-5aaceb36ac80,"Rattray, R. S. (Robert Sutherland),
         1881-1938",Religion and art in Ashanti,1927,89,"Component part(s), monograph",Akan,Africa,Western Africa,horticulturalists,,684,https://ehrafworldcultures.yale.edu/sres/20de9f3c-8b2b-467c-a023-5aaceb36ac80
31e27513-a64c-45ff-bf1b-bd724cf8286c,"Rattray, R. S. (Robert Sutherland),
         1881-1938",Religion and art in Ashanti,1927,90,"Component part(s), monograph",Akan,Africa,Western Africa,horticulturalists,,"681,843,847",https://ehrafworldcultures.yale.edu/sres/31e27513-a64c-45ff-bf1b-bd724cf8286c
fbea2e36-eebe-4e4d-aa92-2a2d54d52d84,"Rattray, R. S. (Robert Sutherland),
         1881-1938",Religion and art in Ashanti,1927,90,"Component part(s), monograph",Akan,Africa,Western Africa,horticulturalists,,"681,843,847",https://ehrafworldcultures.yale.edu/sres/fbea2e36-eebe-4e4d-aa92-2a2d54d52d84
81031334-556c-4ce0-80ea-fe84840d6dcc,"Rattray, R. S. (Robert Sutherland),
         1881-1938",Religion and art in Ashanti,1927,90,"Component part(s), monograph",Akan,Africa,Western Africa,horticulturalists,,"681,782",https://ehrafworldcultures.yale.edu/sres/81031334-556c-4ce0-80ea-fe84840d6dcc
9c563f36-b56e-496d-80fd-58229c53c195,"Rattray, R. S. (Robert Sutherland),
         1881-1938",Religion and art in Ashanti,1927,90,"Component part(s), monograph",Akan,Africa,Western Africa,horticulturalists,,"681,782",https://ehrafworldcultures.yale.edu/sres/9c563f36-b56e-496d-80fd-58229c53c195
e69f0e3c-a8ab-40cb-9159-bbcd0b60b43e,"Rattray, R. S. (Robert Sutherland),
         1881-1938",Religion and art in Ashanti,1927,90,"Component part(s), monograph",Akan,Africa,Western Africa,horticulturalists,,"645,684",https://ehrafworldcultures.yale.edu/sres/e69f0e3c-a8ab-40cb-9159-bbcd0b60b43e
1505a85e-8dfb-4826-b3a4-b1b3ea471a1d,"Rattray, R. S. (Robert Sutherland),
         1881-1938",Religion and art in Ashanti,1927,90,"Component part(s), monograph",Akan,Africa,Western Africa,horticulturalists,,"645,684",https://ehrafworldcultures.yale.edu/sres/1505a85e-8dfb-4826-b3a4-b1b3ea471a1d
ae2aa7b4-03d9-45d8-a48f-91c2b9a74dee,"Rattray, R. S. (Robert Sutherland),
         1881-1938",Religion and art in Ashanti,1927,91,"Component part(s), monograph",Akan,Africa,Western Africa,horticulturalists,,"634,643,684,692",https://ehrafworldcultures.yale.edu/sres/ae2aa7b4-03d9-45d8-a48f-91c2b9a74dee
feaca423-d73c-4a3e-a431-206b052fbaf2,"Rattray, R. S. (Robert Sutherland),
         1881-1938",Religion and art in Ashanti,1927,92,"Component part(s), monograph",Akan,Africa,Western Africa,horticulturalists,,"644,684",https://ehrafworldcultures.yale.edu/sres/feaca423-d73c-4a3e-a431-206b052fbaf2
66a627c7-7364-4c48-982d-7c8ec1c2b86c,"Rattray, R. S. (Robert Sutherland),
         1881-1938",Religion and art in Ashanti,1927,92,"Component part(s), monograph",Akan,Africa,Western Africa,horticulturalists,,"644,684",https://ehrafworldcultures.yale.edu/sres/66a627c7-7364-4c48-982d-7c8ec1c2b86c
aec18147-6d84-4f85-83b2-f4a7703a9036,"Rattray, R. S. (Robert Sutherland),
         1881-1938",Religion and art in Ashanti,1927,92,"Component part(s), monograph",Akan,Africa,Western Africa,horticulturalists,,"644,684,782",https://ehrafworldcultures.yale.edu/sres/aec18147-6d84-4f85-83b2-f4a7703a9036
2288d291-e3af-4e1c-8759-96b1f0f4ab91,"Rattray, R. S. (Robert Sutherland),
         1881-1938",Religion and art in Ashanti,1927,92,"Component part(s), monograph",Akan,Africa,Western Africa,horticulturalists,,"644,684",https://ehrafworldcultures.yale.edu/sres/2288d291-e3af-4e1c-8759-96b1f0f4ab91
5b7d40e6-a798-4c43-b9d0-8cd891962bde,"Rattray, R. S. (Robert Sutherland),
         1881-1938",Religion and art in Ashanti,1927,92,"Component part(s), monograph",Akan,Africa,Western Africa,horticulturalists,,"622,684",https://ehrafworldcultures.yale.edu/sres/5b7d40e6-a798-4c43-b9d0-8cd891962bde
13911450-717e-455a-85f8-1a9205843ea3,"Rattray, R. S. (Robert Sutherland),
         1881-1938",Religion and art in Ashanti,1927,93,"Component part(s), monograph",Akan,Africa,Western Africa,horticulturalists,,"684,774,787,837",https://ehrafworldcultures.yale.edu/sres/13911450-717e-455a-85f8-1a9205843ea3
3dcdb29f-2f7c-454c-a461-876e15a9d6fc,"Hayford, J. E. Casely (Joseph Ephraim Casely),
         1866-1930","Gold Coast native institutions with thoughts upon a healthy
         imperial policy for the Gold Coast and Ashanti",1970,76,Monograph,Akan,Africa,Western Africa,horticulturalists,,"622,672,687,689",https://ehrafworldcultures.yale.edu/sres/3dcdb29f-2f7c-454c-a461-876e15a9d6fc
40a5af49-7c6f-46f0-9bf4-d76f1575356c,"Hayford, J. E. Casely (Joseph Ephraim Casely),
         1866-1930","Gold Coast native institutions with thoughts upon a healthy
         imperial policy for the Gold Coast and Ashanti",1970,146,Monograph,Akan,Africa,Western Africa,horticulturalists,,"648,682,692",https://ehrafworldcultures.yale.edu/sres/40a5af49-7c6f-46f0-9bf4-d76f1575356c
3c9fa1e1-beda-45d5-9e14-0771c0d5e4ad,"Hayford, J. E. Casely (Joseph Ephraim Casely),
         1866-1930","Gold Coast native institutions with thoughts upon a healthy
         imperial policy for the Gold Coast and Ashanti",1970,154,Monograph,Akan,Africa,Western Africa,horticulturalists,,"423,684,721",https://ehrafworldcultures.yale.edu/sres/3c9fa1e1-beda-45d5-9e14-0771c0d5e4ad
ca2b12ab-97e7-4e29-a867-6ad9a198ec94,"Hayford, J. E. Casely (Joseph Ephraim Casely),
         1866-1930","Gold Coast native institutions with thoughts upon a healthy
         imperial policy for the Gold Coast and Ashanti",1970,154,Monograph,Akan,Africa,Western Africa,horticulturalists,,"423,684,721",https://ehrafworldcultures.yale.edu/sres/ca2b12ab-97e7-4e29-a867-6ad9a198ec94
2d2606d5-af8a-4d0a-84e8-8f21971a4f2d,"Hayford, J. E. Casely (Joseph Ephraim Casely),
         1866-1930","Gold Coast native institutions with thoughts upon a healthy
         imperial policy for the Gold Coast and Ashanti",1970,172,Monograph,Akan,Africa,Western Africa,horticulturalists,,"631,642,648,668,687",https://ehrafworldcultures.yale.edu/sres/2d2606d5-af8a-4d0a-84e8-8f21971a4f2d
d6856b8d-5d42-4fa8-8d5e-f53925005215,"Hayford, J. E. Casely (Joseph Ephraim Casely),
         1866-1930","Gold Coast native institutions with thoughts upon a healthy
         imperial policy for the Gold Coast and Ashanti",1970,173,Monograph,Akan,Africa,Western Africa,horticulturalists,,"648,668,687",https://ehrafworldcultures.yale.edu/sres/d6856b8d-5d42-4fa8-8d5e-f53925005215
e02a29e5-386e-40ac-a2dd-f15adc3c3111,"Hayford, J. E. Casely (Joseph Ephraim Casely),
         1866-1930","Gold Coast native institutions with thoughts upon a healthy
         imperial policy for the Gold Coast and Ashanti",1970,208,Monograph,Akan,Africa,Western Africa,horticulturalists,,"631,687,695",https://ehrafworldcultures.yale.edu/sres/e02a29e5-386e-40ac-a2dd-f15adc3c3111
0681f702-eb2d-4891-8315-8ae7b4dee55e,"Hayford, J. E. Casely (Joseph Ephraim Casely),
         1866-1930","Gold Coast native institutions with thoughts upon a healthy
         imperial policy for the Gold Coast and Ashanti",1970,208,Monograph,Akan,Africa,Western Africa,horticulturalists,,"631,648,687,692,695",https://ehrafworldcultures.yale.edu/sres/0681f702-eb2d-4891-8315-8ae7b4dee55e
dde5c661-438e-4111-856a-98b3f548722f,"Hayford, J. E. Casely (Joseph Ephraim Casely),
         1866-1930","Gold Coast native institutions with thoughts upon a healthy
         imperial policy for the Gold Coast and Ashanti",1970,209,Monograph,Akan,Africa,Western Africa,horticulturalists,,"631,648,687,692,695",https://ehrafworldcultures.yale.edu/sres/dde5c661-438e-4111-856a-98b3f548722f
e92086aa-a9dd-4c02-a32d-61c96f128e7b,"Sarbah, John Mensah, 1864-1910","Fanti national constitution: a short treatise on the
         constitution and government of the Fanti, Asanti, and other Akan tribes of West Africa
         together with a brief account of the discovery of the Gold Coast by Portuguese navigators,
         a short narration of early English voyages, and a study of the rise of British Gold Coast
         jurisdiction, etc., etc.",1968,142,Monograph,Akan,Africa,Western Africa,horticulturalists,,"592,651,687",https://ehrafworldcultures.yale.edu/sres/e92086aa-a9dd-4c02-a32d-61c96f128e7b
5334ddd9-5628-4d93-a327-608ee6d075c3,"Sarbah, John Mensah, 1864-1910","Fanti national constitution: a short treatise on the
         constitution and government of the Fanti, Asanti, and other Akan tribes of West Africa
         together with a brief account of the discovery of the Gold Coast by Portuguese navigators,
         a short narration of early English voyages, and a study of the rise of British Gold Coast
         jurisdiction, etc., etc.",1968,146,Monograph,Akan,Africa,Western Africa,horticulturalists,,"632,648,651,664,671,687",https://ehrafworldcultures.yale.edu/sres/5334ddd9-5628-4d93-a327-608ee6d075c3
917a2d62-5576-4083-ba78-c7a7fc0d5bd5,"Ffoulkes, Arthur",Fanti marriage customs,1909,41,Journal Article,Akan,Africa,Western Africa,horticulturalists,,"581,595,684",https://ehrafworldcultures.yale.edu/sres/917a2d62-5576-4083-ba78-c7a7fc0d5bd5
e92bb9f5-f4db-46c4-8866-2b0e765c4b71,"Ffoulkes, Arthur",Fanti marriage customs,1909,44,Journal Article,Akan,Africa,Western Africa,horticulturalists,,"672,684,834,848,851",https://ehrafworldcultures.yale.edu/sres/e92bb9f5-f4db-46c4-8866-2b0e765c4b71
e353a7fe-1d94-448e-9a5c-34b3ebfa95e6,"Ffoulkes, Arthur",Fanti marriage customs,1909,46,Journal Article,Akan,Africa,Western Africa,horticulturalists,,"586,684,837",https://ehrafworldcultures.yale.edu/sres/e353a7fe-1d94-448e-9a5c-34b3ebfa95e6
b5539ffc-3367-498a-a767-b28adf0b55a6,"Ffoulkes, Arthur",Fanti marriage customs,1909,47,Journal Article,Akan,Africa,Western Africa,horticulturalists,,"586,684,837",https://ehrafworldcultures.yale.edu/sres/b5539ffc-3367-498a-a767-b28adf0b55a6
adac4a44-8104-4d64-b8a2-ca0ca0c6e546,"Ffoulkes, Arthur",Fanti marriage customs,1909,47,Journal Article,Akan,Africa,Western Africa,horticulturalists,,"586,684,837",https://ehrafworldcultures.yale.edu/sres/adac4a44-8104-4d64-b8a2-ca0ca0c6e546
67af3a9b-1d73-46ff-8c21-e4da615ac4df,"Ffoulkes, Arthur",Fanti marriage customs,1909,47,Journal Article,Akan,Africa,Western Africa,horticulturalists,,"586,684,837",https://ehrafworldcultures.yale.edu/sres/67af3a9b-1d73-46ff-8c21-e4da615ac4df
f577950d-0d20-43fd-99ac-f56bf435cac8,"Ffoulkes, Arthur",Fanti marriage customs,1909,47,Journal Article,Akan,Africa,Western Africa,horticulturalists,,"586,684,837",https://ehrafworldcultures.yale.edu/sres/f577950d-0d20-43fd-99ac-f56bf435cac8
cf699a7f-f862-4bff-a626-7a9764cf6555,"Warren, Dennis M.","The Akan of Ghana: an overview of the ethnographic
         literature",1986,48,"Component part(s), monograph",Akan,Africa,Western Africa,horticulturalists,,"651,681",https://ehrafworldcultures.yale.edu/sres/cf699a7f-f862-4bff-a626-7a9764cf6555
250e9239-5db5-4b6d-a27f-470f28ee8349,"Warren, Dennis M.","The Akan of Ghana: an overview of the ethnographic
         literature",1986,49,"Component part(s), monograph",Akan,Africa,Western Africa,horticulturalists,,"181,186,556,634,635,642,651,687,701,705,726,727,778",https://ehrafworldcultures.yale.edu/sres/250e9239-5db5-4b6d-a27f-470f28ee8349
8708f84a-fd6d-4939-9ab6-ea8a49edb916,"Warren, Dennis M.","The Akan of Ghana: an overview of the ethnographic
         literature",1986,50,"Component part(s), monograph",Akan,Africa,Western Africa,horticulturalists,,"688,692",https://ehrafworldcultures.yale.edu/sres/8708f84a-fd6d-4939-9ab6-ea8a49edb916
d6e86936-a35e-44e4-9cce-0b002cf9af0b,"Warren, Dennis M.","The Akan of Ghana: an overview of the ethnographic
         literature",1986,51,"Component part(s), monograph",Akan,Africa,Western Africa,horticulturalists,,"142,291,293,302,688,692",https://ehrafworldcultures.yale.edu/sres/d6e86936-a35e-44e4-9cce-0b002cf9af0b
37580062-3a17-4744-9dfd-86f1e818487b,"Warren, Dennis M.","The Akan of Ghana: an overview of the ethnographic
         literature",1986,52,"Component part(s), monograph",Akan,Africa,Western Africa,horticulturalists,,"682,695",https://ehrafworldcultures.yale.edu/sres/37580062-3a17-4744-9dfd-86f1e818487b
d937018c-9e20-405e-a9cb-0c4ce89eef4c,"Warren, Dennis M.","The Akan of Ghana: an overview of the ethnographic
         literature",1986,52,"Component part(s), monograph",Akan,Africa,Western Africa,horticulturalists,,"682,695,762,768,775",https://ehrafworldcultures.yale.edu/sres/d937018c-9e20-405e-a9cb-0c4ce89eef4c
3571dfa7-561c-410d-a611-10299526ba65,"Warren, Dennis M.","The Akan of Ghana: an overview of the ethnographic
         literature",1986,52,"Component part(s), monograph",Akan,Africa,Western Africa,horticulturalists,,"178,684",https://ehrafworldcultures.yale.edu/sres/3571dfa7-561c-410d-a611-10299526ba65
1e3fa0cc-3a5f-48e0-97a9-fe1f5fce4708,"Warren, Dennis M.","The Akan of Ghana: an overview of the ethnographic
         literature",1986,52,"Component part(s), monograph",Akan,Africa,Western Africa,horticulturalists,,"178,684",https://ehrafworldcultures.yale.edu/sres/1e3fa0cc-3a5f-48e0-97a9-fe1f5fce4708
1c6cb0f5-d675-44da-a3ff-9034bfc4a084,"Warren, Dennis M.","The Akan of Ghana: an overview of the ethnographic
         literature",1986,52,"Component part(s), monograph",Akan,Africa,Western Africa,horticulturalists,,"683,685,687",https://ehrafworldcultures.yale.edu/sres/1c6cb0f5-d675-44da-a3ff-9034bfc4a084
ea0e382e-a29a-4017-8f54-5f7913a160fe,"Warren, Dennis M.","The Akan of Ghana: an overview of the ethnographic
         literature",1986,53,"Component part(s), monograph",Akan,Africa,Western Africa,horticulturalists,,"683,695",https://ehrafworldcultures.yale.edu/sres/ea0e382e-a29a-4017-8f54-5f7913a160fe
a7324693-6744-4082-baf6-819c779b0fba,"Warren, Dennis M.","The Akan of Ghana: an overview of the ethnographic
         literature",1986,53,"Component part(s), monograph",Akan,Africa,Western Africa,horticulturalists,,"685,689",https://ehrafworldcultures.yale.edu/sres/a7324693-6744-4082-baf6-819c779b0fba
523bb4c6-6433-4db8-95be-29bfecfc4174,"Busia, K. A. (Kofi Abrefa)","The position of the chief in the modern political system of
         the Ashanti: a study of the influence of contemporary social change on Ashanti political
         institutions",1951,36,"Component part(s), monograph",Akan,Africa,Western Africa,horticulturalists,,"634,643,688,769,778",https://ehrafworldcultures.yale.edu/sres/523bb4c6-6433-4db8-95be-29bfecfc4174
9ad69d2e-371f-4873-b07d-c20ceb0f421c,"Busia, K. A. (Kofi Abrefa)","The position of the chief in the modern political system of
         the Ashanti: a study of the influence of contemporary social change on Ashanti political
         institutions",1951,55,"Component part(s), monograph",Akan,Africa,Western Africa,horticulturalists,,"634,642,687,688",https://ehrafworldcultures.yale.edu/sres/9ad69d2e-371f-4873-b07d-c20ceb0f421c
5d978eef-3a31-4c32-a160-0d203d808698,"Busia, K. A. (Kofi Abrefa)","The position of the chief in the modern political system of
         the Ashanti: a study of the influence of contemporary social change on Ashanti political
         institutions",1951,55,"Component part(s), monograph",Akan,Africa,Western Africa,horticulturalists,,"634,642,646,687",https://ehrafworldcultures.yale.edu/sres/5d978eef-3a31-4c32-a160-0d203d808698
48b39ed5-4f3d-4646-a524-6006332687c6,"Busia, K. A. (Kofi Abrefa)","The position of the chief in the modern political system of
         the Ashanti: a study of the influence of contemporary social change on Ashanti political
         institutions",1951,56,"Component part(s), monograph",Akan,Africa,Western Africa,horticulturalists,,"634,642,646,687",https://ehrafworldcultures.yale.edu/sres/48b39ed5-4f3d-4646-a524-6006332687c6
c35a7f7d-96f3-4fc9-a13e-24e7d066799a,"Busia, K. A. (Kofi Abrefa)","The position of the chief in the modern political system of
         the Ashanti: a study of the influence of contemporary social change on Ashanti political
         institutions",1951,57,"Component part(s), monograph",Akan,Africa,Western Africa,horticulturalists,,"186,631,642,688",https://ehrafworldcultures.yale.edu/sres/c35a7f7d-96f3-4fc9-a13e-24e7d066799a
a11c7657-70a0-4b90-8ef7-253bb71b0e5c,"Busia, K. A. (Kofi Abrefa)","The position of the chief in the modern political system of
         the Ashanti: a study of the influence of contemporary social change on Ashanti political
         institutions",1951,57,"Component part(s), monograph",Akan,Africa,Western Africa,horticulturalists,,"186,631,642,688",https://ehrafworldcultures.yale.edu/sres/a11c7657-70a0-4b90-8ef7-253bb71b0e5c
9807ea99-20c2-4a02-ba99-7c1accc81903,"Busia, K. A. (Kofi Abrefa)","The position of the chief in the modern political system of
         the Ashanti: a study of the influence of contemporary social change on Ashanti political
         institutions",1951,59,"Component part(s), monograph",Akan,Africa,Western Africa,horticulturalists,,"423,634,641,688",https://ehrafworldcultures.yale.edu/sres/9807ea99-20c2-4a02-ba99-7c1accc81903
513715e7-52de-4afb-ad70-312aa790ff2c,"Busia, K. A. (Kofi Abrefa)","The position of the chief in the modern political system of
         the Ashanti: a study of the influence of contemporary social change on Ashanti political
         institutions",1951,65,"Component part(s), monograph",Akan,Africa,Western Africa,horticulturalists,,"673,681",https://ehrafworldcultures.yale.edu/sres/513715e7-52de-4afb-ad70-312aa790ff2c
1f52f161-b899-40ad-b2bf-6b1f4e03fa09,"Busia, K. A. (Kofi Abrefa)","The position of the chief in the modern political system of
         the Ashanti: a study of the influence of contemporary social change on Ashanti political
         institutions",1951,65,"Component part(s), monograph",Akan,Africa,Western Africa,horticulturalists,,"673,681",https://ehrafworldcultures.yale.edu/sres/1f52f161-b899-40ad-b2bf-6b1f4e03fa09
bd86ac90-4926-4d1a-a790-8f77e2e0e7d8,"Busia, K. A. (Kofi Abrefa)","The position of the chief in the modern political system of
         the Ashanti: a study of the influence of contemporary social change on Ashanti political
         institutions",1951,65,"Component part(s), monograph",Akan,Africa,Western Africa,horticulturalists,,"673,681",https://ehrafworldcultures.yale.edu/sres/bd86ac90-4926-4d1a-a790-8f77e2e0e7d8
d8176d12-e2de-48e1-8a06-0b0882c31fbe,"Busia, K. A. (Kofi Abrefa)","The position of the chief in the modern political system of
         the Ashanti: a study of the influence of contemporary social change on Ashanti political
         institutions",1951,66,"Component part(s), monograph",Akan,Africa,Western Africa,horticulturalists,,"673,681",https://ehrafworldcultures.yale.edu/sres/d8176d12-e2de-48e1-8a06-0b0882c31fbe
b48f2f24-6005-4249-a177-6052b3cef1f0,"Busia, K. A. (Kofi Abrefa)","The position of the chief in the modern political system of
         the Ashanti: a study of the influence of contemporary social change on Ashanti political
         institutions",1951,66,"Component part(s), monograph",Akan,Africa,Western Africa,horticulturalists,,"673,681",https://ehrafworldcultures.yale.edu/sres/b48f2f24-6005-4249-a177-6052b3cef1f0
183bf90c-873d-4c00-9fe1-39614d0bbcab,"Busia, K. A. (Kofi Abrefa)","The position of the chief in the modern political system of
         the Ashanti: a study of the influence of contemporary social change on Ashanti political
         institutions",1951,66,"Component part(s), monograph",Akan,Africa,Western Africa,horticulturalists,,"673,681",https://ehrafworldcultures.yale.edu/sres/183bf90c-873d-4c00-9fe1-39614d0bbcab
16bf7568-360a-45f2-a6a5-e1a0087c10fe,"Busia, K. A. (Kofi Abrefa)","The position of the chief in the modern political system of
         the Ashanti: a study of the influence of contemporary social change on Ashanti political
         institutions",1951,67,"Component part(s), monograph",Akan,Africa,Western Africa,horticulturalists,,"673,688",https://ehrafworldcultures.yale.edu/sres/16bf7568-360a-45f2-a6a5-e1a0087c10fe
9503f630-c573-4af1-9959-c6a667ecc960,"Busia, K. A. (Kofi Abrefa)","The position of the chief in the modern political system of
         the Ashanti: a study of the influence of contemporary social change on Ashanti political
         institutions",1951,69,"Component part(s), monograph",Akan,Africa,Western Africa,horticulturalists,,"673,688,692",https://ehrafworldcultures.yale.edu/sres/9503f630-c573-4af1-9959-c6a667ecc960
28c1c4bb-5b7a-4951-8d75-04a459996712,"Busia, K. A. (Kofi Abrefa)","The position of the chief in the modern political system of
         the Ashanti: a study of the influence of contemporary social change on Ashanti political
         institutions",1951,69,"Component part(s), monograph",Akan,Africa,Western Africa,horticulturalists,,"673,688,692",https://ehrafworldcultures.yale.edu/sres/28c1c4bb-5b7a-4951-8d75-04a459996712
65341e73-250f-4697-9ff2-e205d5eca78a,"Busia, K. A. (Kofi Abrefa)","The position of the chief in the modern political system of
         the Ashanti: a study of the influence of contemporary social change on Ashanti political
         institutions",1951,70,"Component part(s), monograph",Akan,Africa,Western Africa,horticulturalists,,"673,682,692,775",https://ehrafworldcultures.yale.edu/sres/65341e73-250f-4697-9ff2-e205d5eca78a
cfaeb228-1b0b-4e9d-85fc-b146ff3e47f2,"Busia, K. A. (Kofi Abrefa)","The position of the chief in the modern political system of
         the Ashanti: a study of the influence of contemporary social change on Ashanti political
         institutions",1951,71,"Component part(s), monograph",Akan,Africa,Western Africa,horticulturalists,,"682,695,782",https://ehrafworldcultures.yale.edu/sres/cfaeb228-1b0b-4e9d-85fc-b146ff3e47f2
7d5dfd4b-6ce6-4fdd-baf8-f673123f349e,"Busia, K. A. (Kofi Abrefa)","The position of the chief in the modern political system of
         the Ashanti: a study of the influence of contemporary social change on Ashanti political
         institutions",1951,71,"Component part(s), monograph",Akan,Africa,Western Africa,horticulturalists,,"682,695,762",https://ehrafworldcultures.yale.edu/sres/7d5dfd4b-6ce6-4fdd-baf8-f673123f349e
d5601a5c-9ebe-4f14-938c-05b6dbe83cf3,"Busia, K. A. (Kofi Abrefa)","The position of the chief in the modern political system of
         the Ashanti: a study of the influence of contemporary social change on Ashanti political
         institutions",1951,71,"Component part(s), monograph",Akan,Africa,Western Africa,horticulturalists,,"673,684,783",https://ehrafworldcultures.yale.edu/sres/d5601a5c-9ebe-4f14-938c-05b6dbe83cf3
ec6e74b4-64e2-4a92-b3a8-46eb87643fe3,"Busia, K. A. (Kofi Abrefa)","The position of the chief in the modern political system of
         the Ashanti: a study of the influence of contemporary social change on Ashanti political
         institutions",1951,72,"Component part(s), monograph",Akan,Africa,Western Africa,horticulturalists,,"684,695,782,834",https://ehrafworldcultures.yale.edu/sres/ec6e74b4-64e2-4a92-b3a8-46eb87643fe3
6fec4879-dd4a-4412-9b1e-7ac0e4e84077,"Busia, K. A. (Kofi Abrefa)","The position of the chief in the modern political system of
         the Ashanti: a study of the influence of contemporary social change on Ashanti political
         institutions",1951,72,"Component part(s), monograph",Akan,Africa,Western Africa,horticulturalists,,"684,782,834",https://ehrafworldcultures.yale.edu/sres/6fec4879-dd4a-4412-9b1e-7ac0e4e84077
c7e9c95f-8b9a-4833-8206-37878a8dda8f,"Busia, K. A. (Kofi Abrefa)","The position of the chief in the modern political system of
         the Ashanti: a study of the influence of contemporary social change on Ashanti political
         institutions",1951,72,"Component part(s), monograph",Akan,Africa,Western Africa,horticulturalists,,"684,782,834",https://ehrafworldcultures.yale.edu/sres/c7e9c95f-8b9a-4833-8206-37878a8dda8f
4d9f47d6-0856-4691-916d-327a3944fe3b,"Busia, K. A. (Kofi Abrefa)","The position of the chief in the modern political system of
         the Ashanti: a study of the influence of contemporary social change on Ashanti political
         institutions",1951,72,"Component part(s), monograph",Akan,Africa,Western Africa,horticulturalists,,"634,688,695,769,782",https://ehrafworldcultures.yale.edu/sres/4d9f47d6-0856-4691-916d-327a3944fe3b
1ee9b91e-e37c-4ee1-a351-81d99946ac32,"Busia, K. A. (Kofi Abrefa)","The position of the chief in the modern political system of
         the Ashanti: a study of the influence of contemporary social change on Ashanti political
         institutions",1951,73,"Component part(s), monograph",Akan,Africa,Western Africa,horticulturalists,,"634,673,687,688",https://ehrafworldcultures.yale.edu/sres/1ee9b91e-e37c-4ee1-a351-81d99946ac32
107f9392-6828-4667-ba46-ec15ca17ca78,"Busia, K. A. (Kofi Abrefa)","The position of the chief in the modern political system of
         the Ashanti: a study of the influence of contemporary social change on Ashanti political
         institutions",1951,73,"Component part(s), monograph",Akan,Africa,Western Africa,horticulturalists,,"634,687,695",https://ehrafworldcultures.yale.edu/sres/107f9392-6828-4667-ba46-ec15ca17ca78
a2fe1690-00a3-4c38-9565-2c0d5257c092,"Busia, K. A. (Kofi Abrefa)","The position of the chief in the modern political system of
         the Ashanti: a study of the influence of contemporary social change on Ashanti political
         institutions",1951,73,"Component part(s), monograph",Akan,Africa,Western Africa,horticulturalists,,"634,687,695",https://ehrafworldcultures.yale.edu/sres/a2fe1690-00a3-4c38-9565-2c0d5257c092
f9e6adca-828d-4d6d-81c3-d62de4fdddfc,"Busia, K. A. (Kofi Abrefa)","The position of the chief in the modern political system of
         the Ashanti: a study of the influence of contemporary social change on Ashanti political
         institutions",1951,74,"Component part(s), monograph",Akan,Africa,Western Africa,horticulturalists,,"634,685,688,695",https://ehrafworldcultures.yale.edu/sres/f9e6adca-828d-4d6d-81c3-d62de4fdddfc
8a0c805a-b417-4bfc-9afa-2e13985e813a,"Busia, K. A. (Kofi Abrefa)","The position of the chief in the modern political system of
         the Ashanti: a study of the influence of contemporary social change on Ashanti political
         institutions",1951,74,"Component part(s), monograph",Akan,Africa,Western Africa,horticulturalists,,"634,685,688,695",https://ehrafworldcultures.yale.edu/sres/8a0c805a-b417-4bfc-9afa-2e13985e813a
5bbd33d2-2a00-4c88-a76d-79ccebc1c69e,"Busia, K. A. (Kofi Abrefa)","The position of the chief in the modern political system of
         the Ashanti: a study of the influence of contemporary social change on Ashanti political
         institutions",1951,74,"Component part(s), monograph",Akan,Africa,Western Africa,horticulturalists,,"688,754,775",https://ehrafworldcultures.yale.edu/sres/5bbd33d2-2a00-4c88-a76d-79ccebc1c69e
2c57e682-d353-4e30-8c99-2bcbb1e93d73,"Busia, K. A. (Kofi Abrefa)","The position of the chief in the modern political system of
         the Ashanti: a study of the influence of contemporary social change on Ashanti political
         institutions",1951,74,"Component part(s), monograph",Akan,Africa,Western Africa,horticulturalists,,"673,681",https://ehrafworldcultures.yale.edu/sres/2c57e682-d353-4e30-8c99-2bcbb1e93d73
1e9278f6-a518-449c-bb0a-2b5ee27e0576,"Busia, K. A. (Kofi Abrefa)","The position of the chief in the modern political system of
         the Ashanti: a study of the influence of contemporary social change on Ashanti political
         institutions",1951,75,"Component part(s), monograph",Akan,Africa,Western Africa,horticulturalists,,"688,695,784",https://ehrafworldcultures.yale.edu/sres/1e9278f6-a518-449c-bb0a-2b5ee27e0576
365ac7de-2507-4627-9b50-981b76441f2d,"Busia, K. A. (Kofi Abrefa)","The position of the chief in the modern political system of
         the Ashanti: a study of the influence of contemporary social change on Ashanti political
         institutions",1951,75,"Component part(s), monograph",Akan,Africa,Western Africa,horticulturalists,,"688,695,784",https://ehrafworldcultures.yale.edu/sres/365ac7de-2507-4627-9b50-981b76441f2d
c3a0bed7-ad68-429c-8313-a63a84a569e2,"Busia, K. A. (Kofi Abrefa)","The position of the chief in the modern political system of
         the Ashanti: a study of the influence of contemporary social change on Ashanti political
         institutions",1951,75,"Component part(s), monograph",Akan,Africa,Western Africa,horticulturalists,,"688,695,784",https://ehrafworldcultures.yale.edu/sres/c3a0bed7-ad68-429c-8313-a63a84a569e2
db782848-b27c-4871-af4b-72b4b77d90a1,"Busia, K. A. (Kofi Abrefa)","The position of the chief in the modern political system of
         the Ashanti: a study of the influence of contemporary social change on Ashanti political
         institutions",1951,76,"Component part(s), monograph",Akan,Africa,Western Africa,horticulturalists,,"488,688,695",https://ehrafworldcultures.yale.edu/sres/db782848-b27c-4871-af4b-72b4b77d90a1
86d6f571-d22f-469f-83b8-eb63154b1b7a,"Busia, K. A. (Kofi Abrefa)","The position of the chief in the modern political system of
         the Ashanti: a study of the influence of contemporary social change on Ashanti political
         institutions",1951,81,"Component part(s), monograph",Akan,Africa,Western Africa,horticulturalists,,"634,651,681",https://ehrafworldcultures.yale.edu/sres/86d6f571-d22f-469f-83b8-eb63154b1b7a
225fa290-26f9-429a-95d9-c523b8168d29,"Busia, K. A. (Kofi Abrefa)","The position of the chief in the modern political system of
         the Ashanti: a study of the influence of contemporary social change on Ashanti political
         institutions",1951,81,"Component part(s), monograph",Akan,Africa,Western Africa,horticulturalists,,"634,651,681",https://ehrafworldcultures.yale.edu/sres/225fa290-26f9-429a-95d9-c523b8168d29
fe5f8fb3-2d0e-4214-bb9f-7b385ec442d3,"Busia, K. A. (Kofi Abrefa)","The position of the chief in the modern political system of
         the Ashanti: a study of the influence of contemporary social change on Ashanti political
         institutions",1951,114,"Component part(s), monograph",Akan,Africa,Western Africa,horticulturalists,,"175,186,673,688,778",https://ehrafworldcultures.yale.edu/sres/fe5f8fb3-2d0e-4214-bb9f-7b385ec442d3
dd34f4dc-dfd8-47d6-b243-9b91f0a128a2,"Busia, K. A. (Kofi Abrefa)","The position of the chief in the modern political system of
         the Ashanti: a study of the influence of contemporary social change on Ashanti political
         institutions",1951,115,"Component part(s), monograph",Akan,Africa,Western Africa,horticulturalists,,"175,186,673,688,778",https://ehrafworldcultures.yale.edu/sres/dd34f4dc-dfd8-47d6-b243-9b91f0a128a2
e65bd651-d00e-4e1c-8357-0376aab71f65,"Busia, K. A. (Kofi Abrefa)","The position of the chief in the modern political system of
         the Ashanti: a study of the influence of contemporary social change on Ashanti political
         institutions",1951,116,"Component part(s), monograph",Akan,Africa,Western Africa,horticulturalists,,"175,177,186,688,695",https://ehrafworldcultures.yale.edu/sres/e65bd651-d00e-4e1c-8357-0376aab71f65
14901300-297e-491a-a4cb-2a593c0ce398,"Busia, K. A. (Kofi Abrefa)","The position of the chief in the modern political system of
         the Ashanti: a study of the influence of contemporary social change on Ashanti political
         institutions",1951,116,"Component part(s), monograph",Akan,Africa,Western Africa,horticulturalists,,"175,177,186,688,695",https://ehrafworldcultures.yale.edu/sres/14901300-297e-491a-a4cb-2a593c0ce398
10841a95-6f12-4829-a0c1-8baa4f96ad46,"Busia, K. A. (Kofi Abrefa)","The position of the chief in the modern political system of
         the Ashanti: a study of the influence of contemporary social change on Ashanti political
         institutions",1951,116,"Component part(s), monograph",Akan,Africa,Western Africa,horticulturalists,,"175,186,688",https://ehrafworldcultures.yale.edu/sres/10841a95-6f12-4829-a0c1-8baa4f96ad46
5b42ba45-5c2c-4b35-9a1a-7840d4d88236,"Busia, K. A. (Kofi Abrefa)","The position of the chief in the modern political system of
         the Ashanti: a study of the influence of contemporary social change on Ashanti political
         institutions",1951,144,"Component part(s), monograph",Akan,Africa,Western Africa,horticulturalists,,"687,692",https://ehrafworldcultures.yale.edu/sres/5b42ba45-5c2c-4b35-9a1a-7840d4d88236
8cbce6f3-488c-42d1-8ee1-0f59f22ca803,"Busia, K. A. (Kofi Abrefa)","The position of the chief in the modern political system of
         the Ashanti: a study of the influence of contemporary social change on Ashanti political
         institutions",1951,149,"Component part(s), monograph",Akan,Africa,Western Africa,horticulturalists,,"684,687,688",https://ehrafworldcultures.yale.edu/sres/8cbce6f3-488c-42d1-8ee1-0f59f22ca803
7b1223d7-b4fe-4a2d-948c-6a9a4d838ade,"Busia, K. A. (Kofi Abrefa)","The position of the chief in the modern political system of
         the Ashanti: a study of the influence of contemporary social change on Ashanti political
         institutions",1951,176,"Component part(s), monograph",Akan,Africa,Western Africa,horticulturalists,,"646,684",https://ehrafworldcultures.yale.edu/sres/7b1223d7-b4fe-4a2d-948c-6a9a4d838ade
05dd31b5-29d5-44a9-834c-7a7ec4360f09,"Busia, K. A. (Kofi Abrefa)","The position of the chief in the modern political system of
         the Ashanti: a study of the influence of contemporary social change on Ashanti political
         institutions",1951,177,"Component part(s), monograph",Akan,Africa,Western Africa,horticulturalists,,"646,671,681",https://ehrafworldcultures.yale.edu/sres/05dd31b5-29d5-44a9-834c-7a7ec4360f09
924f0e08-afe8-4ea2-a717-a14f65d3b244,"Busia, K. A. (Kofi Abrefa)","The position of the chief in the modern political system of
         the Ashanti: a study of the influence of contemporary social change on Ashanti political
         institutions",1951,204,"Component part(s), monograph",Akan,Africa,Western Africa,horticulturalists,,"634,684,688",https://ehrafworldcultures.yale.edu/sres/924f0e08-afe8-4ea2-a717-a14f65d3b244
60417c8a-6dd7-4a93-acbf-1f612dde5034,"Busia, K. A. (Kofi Abrefa)","The position of the chief in the modern political system of
         the Ashanti: a study of the influence of contemporary social change on Ashanti political
         institutions",1951,214,"Component part(s), monograph",Akan,Africa,Western Africa,horticulturalists,,"634,652,661,687",https://ehrafworldcultures.yale.edu/sres/60417c8a-6dd7-4a93-acbf-1f612dde5034
d3c34e87-af3e-4e34-8b98-df26cd453df0,"Busia, K. A. (Kofi Abrefa)","The position of the chief in the modern political system of
         the Ashanti: a study of the influence of contemporary social change on Ashanti political
         institutions",1951,214,"Component part(s), monograph",Akan,Africa,Western Africa,horticulturalists,,"634,652,661,687",https://ehrafworldcultures.yale.edu/sres/d3c34e87-af3e-4e34-8b98-df26cd453df0
9243fa53-8f41-42cc-aaae-82f3c7e5c2dd,"Busia, K. A. (Kofi Abrefa)","The position of the chief in the modern political system of
         the Ashanti: a study of the influence of contemporary social change on Ashanti political
         institutions",1951,214,"Component part(s), monograph",Akan,Africa,Western Africa,horticulturalists,,"634,652,661,687",https://ehrafworldcultures.yale.edu/sres/9243fa53-8f41-42cc-aaae-82f3c7e5c2dd
92614561-2f97-4856-b7e5-820cdb7e96a7,"Busia, K. A. (Kofi Abrefa)","The position of the chief in the modern political system of
         the Ashanti: a study of the influence of contemporary social change on Ashanti political
         institutions",1951,214,"Component part(s), monograph",Akan,Africa,Western Africa,horticulturalists,,"634,652,661,687",https://ehrafworldcultures.yale.edu/sres/92614561-2f97-4856-b7e5-820cdb7e96a7
3cb3d259-520e-4fd8-8f69-f0b17b06b968,"Busia, K. A. (Kofi Abrefa)","The position of the chief in the modern political system of
         the Ashanti: a study of the influence of contemporary social change on Ashanti political
         institutions",1951,215,"Component part(s), monograph",Akan,Africa,Western Africa,horticulturalists,,"634,646,662,687",https://ehrafworldcultures.yale.edu/sres/3cb3d259-520e-4fd8-8f69-f0b17b06b968
a838fb14-2ebb-4366-87e4-1f13de126f96,"Busia, K. A. (Kofi Abrefa)","The position of the chief in the modern political system of
         the Ashanti: a study of the influence of contemporary social change on Ashanti political
         institutions",1951,215,"Component part(s), monograph",Akan,Africa,Western Africa,horticulturalists,,"634,646,662,687",https://ehrafworldcultures.yale.edu/sres/a838fb14-2ebb-4366-87e4-1f13de126f96
9a5114ef-cb9a-4eed-8f56-21cb0f81ca94,"Busia, K. A. (Kofi Abrefa)","The position of the chief in the modern political system of
         the Ashanti: a study of the influence of contemporary social change on Ashanti political
         institutions",1951,223,"Component part(s), monograph",Akan,Africa,Western Africa,horticulturalists,,"634,641,642,652,656,671,687,694",https://ehrafworldcultures.yale.edu/sres/9a5114ef-cb9a-4eed-8f56-21cb0f81ca94
75b8c6c2-8217-4c6c-86ac-4f30b477837e,"Rattray, R. S. (Robert Sutherland),
         1881-1938",Religion and art in Ashanti,1927,99,"Component part(s), monograph",Akan,Africa,Western Africa,horticulturalists,,"606,684",https://ehrafworldcultures.yale.edu/sres/75b8c6c2-8217-4c6c-86ac-4f30b477837e
1f8e5032-e805-491a-9b80-c86416799a81,"Rattray, R. S. (Robert Sutherland),
         1881-1938",Religion and art in Ashanti,1927,106,"Component part(s), monograph",Akan,Africa,Western Africa,horticulturalists,,"681,761",https://ehrafworldcultures.yale.edu/sres/1f8e5032-e805-491a-9b80-c86416799a81
7d4259b9-d13c-4e18-9f73-b6c8ec772026,"Rattray, R. S. (Robert Sutherland),
         1881-1938",Religion and art in Ashanti,1927,106,"Component part(s), monograph",Akan,Africa,Western Africa,horticulturalists,,"681,761",https://ehrafworldcultures.yale.edu/sres/7d4259b9-d13c-4e18-9f73-b6c8ec772026
0720f525-b20e-42fb-93a1-f491ae9f5a12,"Rattray, R. S. (Robert Sutherland),
         1881-1938",Religion and art in Ashanti,1927,108,"Component part(s), monograph",Akan,Africa,Western Africa,horticulturalists,,"644,681,766,782",https://ehrafworldcultures.yale.edu/sres/0720f525-b20e-42fb-93a1-f491ae9f5a12
fd6f24c5-20bb-46c1-884f-03ca69131da4,"Rattray, R. S. (Robert Sutherland),
         1881-1938",Religion and art in Ashanti,1927,149,"Component part(s), monograph",Akan,Africa,Western Africa,horticulturalists,,"689,764,766,767,775",https://ehrafworldcultures.yale.edu/sres/fd6f24c5-20bb-46c1-884f-03ca69131da4
846a6248-7f38-4981-af04-30c219c89d29,"Rattray, R. S. (Robert Sutherland),
         1881-1938",Religion and art in Ashanti,1927,207,"Component part(s), monograph",Akan,Africa,Western Africa,horticulturalists,,"688,784",https://ehrafworldcultures.yale.edu/sres/846a6248-7f38-4981-af04-30c219c89d29
50ff6070-2828-401a-afa6-9c37c1ef4159,"Rattray, R. S. (Robert Sutherland),
         1881-1938",Religion and art in Ashanti,1927,207,"Component part(s), monograph",Akan,Africa,Western Africa,horticulturalists,,"688,784",https://ehrafworldcultures.yale.edu/sres/50ff6070-2828-401a-afa6-9c37c1ef4159
34754f81-9f9d-4466-a97d-f3afbb348c10,"Rattray, R. S. (Robert Sutherland),
         1881-1938",Religion and art in Ashanti,1927,207,"Component part(s), monograph",Akan,Africa,Western Africa,horticulturalists,,"688,784",https://ehrafworldcultures.yale.edu/sres/34754f81-9f9d-4466-a97d-f3afbb348c10
33952e16-1888-4132-b00b-ef92bb361b6e,"Rattray, R. S. (Robert Sutherland),
         1881-1938",Religion and art in Ashanti,1927,207,"Component part(s), monograph",Akan,Africa,Western Africa,horticulturalists,,"688,784",https://ehrafworldcultures.yale.edu/sres/33952e16-1888-4132-b00b-ef92bb361b6e
b1ad766d-b4e3-4bf0-bd43-86d370e53d84,"Rattray, R. S. (Robert Sutherland),
         1881-1938",Religion and art in Ashanti,1927,209,"Component part(s), monograph",Akan,Africa,Western Africa,horticulturalists,,"177,688,695",https://ehrafworldcultures.yale.edu/sres/b1ad766d-b4e3-4bf0-bd43-86d370e53d84
c7bbb38e-7829-4321-8c5b-91628ac7068f,"Rattray, R. S. (Robert Sutherland),
         1881-1938",Religion and art in Ashanti,1927,209,"Component part(s), monograph",Akan,Africa,Western Africa,horticulturalists,,"177,688,695",https://ehrafworldcultures.yale.edu/sres/c7bbb38e-7829-4321-8c5b-91628ac7068f
69784011-af29-44bf-bc7a-8f1cb2e9d884,"Rattray, R. S. (Robert Sutherland),
         1881-1938",Religion and art in Ashanti,1927,210,"Component part(s), monograph",Akan,Africa,Western Africa,horticulturalists,,"177,688,695",https://ehrafworldcultures.yale.edu/sres/69784011-af29-44bf-bc7a-8f1cb2e9d884
7d0c1336-ced3-4d7c-8a6b-e990ace8682e,"Rattray, R. S. (Robert Sutherland),
         1881-1938",Religion and art in Ashanti,1927,210,"Component part(s), monograph",Akan,Africa,Western Africa,horticulturalists,,"177,688,695",https://ehrafworldcultures.yale.edu/sres/7d0c1336-ced3-4d7c-8a6b-e990ace8682e
e7a7f839-1e0c-423d-a1b2-f4c60fcee114,"Rattray, R. S. (Robert Sutherland),
         1881-1938",Religion and art in Ashanti,1927,210,"Component part(s), monograph",Akan,Africa,Western Africa,horticulturalists,,"177,688,695",https://ehrafworldcultures.yale.edu/sres/e7a7f839-1e0c-423d-a1b2-f4c60fcee114
03dfc5d6-ffb4-483b-9de8-bca786c87403,"Rattray, R. S. (Robert Sutherland),
         1881-1938",Religion and art in Ashanti,1927,210,"Component part(s), monograph",Akan,Africa,Western Africa,horticulturalists,,"688,692,784",https://ehrafworldcultures.yale.edu/sres/03dfc5d6-ffb4-483b-9de8-bca786c87403
9b70a669-6162-4bd5-b12b-017593d8dfdd,"Rattray, R. S. (Robert Sutherland),
         1881-1938",Religion and art in Ashanti,1927,211,"Component part(s), monograph",Akan,Africa,Western Africa,horticulturalists,,"688,692,784,841",https://ehrafworldcultures.yale.edu/sres/9b70a669-6162-4bd5-b12b-017593d8dfdd
e5b5da6e-4b49-4ed2-b082-8eee867079f0,"Rattray, R. S. (Robert Sutherland),
         1881-1938",Religion and art in Ashanti,1927,211,"Component part(s), monograph",Akan,Africa,Western Africa,horticulturalists,,"672,688,692,784,858",https://ehrafworldcultures.yale.edu/sres/e5b5da6e-4b49-4ed2-b082-8eee867079f0
6f70e23e-a935-40da-beda-2d052e82ef7e,"Rattray, R. S. (Robert Sutherland),
         1881-1938",Religion and art in Ashanti,1927,211,"Component part(s), monograph",Akan,Africa,Western Africa,horticulturalists,,"681,684,695,784",https://ehrafworldcultures.yale.edu/sres/6f70e23e-a935-40da-beda-2d052e82ef7e
00390c26-7cd5-414a-8561-4255d5bd13fd,"Rattray, R. S. (Robert Sutherland),
         1881-1938",Religion and art in Ashanti,1927,212,"Component part(s), monograph",Akan,Africa,Western Africa,horticulturalists,,"643,672,688,695,784",https://ehrafworldcultures.yale.edu/sres/00390c26-7cd5-414a-8561-4255d5bd13fd
753e5fe8-7cf0-4513-b87f-a0561a533e81,"Rattray, R. S. (Robert Sutherland),
         1881-1938",Religion and art in Ashanti,1927,213,"Component part(s), monograph",Akan,Africa,Western Africa,horticulturalists,,"688,695,784",https://ehrafworldcultures.yale.edu/sres/753e5fe8-7cf0-4513-b87f-a0561a533e81
3d1e6846-2260-4d6c-a525-65fc3a0036a0,"Rattray, R. S. (Robert Sutherland),
         1881-1938",Religion and art in Ashanti,1927,214,"Component part(s), monograph",Akan,Africa,Western Africa,horticulturalists,,688,https://ehrafworldcultures.yale.edu/sres/3d1e6846-2260-4d6c-a525-65fc3a0036a0
79443f8f-84d4-4e7f-80d8-eb9f0c65b357,"Rattray, R. S. (Robert Sutherland),
         1881-1938",Religion and art in Ashanti,1927,214,"Component part(s), monograph",Akan,Africa,Western Africa,horticulturalists,,"688,695,784",https://ehrafworldcultures.yale.edu/sres/79443f8f-84d4-4e7f-80d8-eb9f0c65b357
0f618baf-f32f-4afc-a187-d27d50800483,"Rattray, R. S. (Robert Sutherland),
         1881-1938",Religion and art in Ashanti,1927,234,"Component part(s), monograph",Akan,Africa,Western Africa,horticulturalists,,"286,684,782",https://ehrafworldcultures.yale.edu/sres/0f618baf-f32f-4afc-a187-d27d50800483
0679fb45-4bee-440f-a9a9-f6e0447182e2,"Rattray, R. S. (Robert Sutherland),
         1881-1938",Religion and art in Ashanti,1927,234,"Component part(s), monograph",Akan,Africa,Western Africa,horticulturalists,,"286,684,782",https://ehrafworldcultures.yale.edu/sres/0679fb45-4bee-440f-a9a9-f6e0447182e2
cfbc5856-c46e-4e46-9bc7-9c7e41fc03e4,"Rattray, R. S. (Robert Sutherland),
         1881-1938",Religion and art in Ashanti,1927,271,"Component part(s), monograph",Akan,Africa,Western Africa,horticulturalists,,"322,531,554,643,688,784,841,868",https://ehrafworldcultures.yale.edu/sres/cfbc5856-c46e-4e46-9bc7-9c7e41fc03e4
7ad88452-428b-4a18-8d19-80cb29a89a60,"Rattray, R. S. (Robert Sutherland),
         1881-1938",Religion and art in Ashanti,1927,276,"Component part(s), monograph",Akan,Africa,Western Africa,horticulturalists,,"532,538,634,643,645,684,693,695,784",https://ehrafworldcultures.yale.edu/sres/7ad88452-428b-4a18-8d19-80cb29a89a60
97532780-fc60-43e0-8376-0eca18e09ef1,"Rattray, R. S. (Robert Sutherland),
         1881-1938",Religion and art in Ashanti,1927,280,"Component part(s), monograph",Akan,Africa,Western Africa,horticulturalists,,"292,302,413,532,644,681,773",https://ehrafworldcultures.yale.edu/sres/97532780-fc60-43e0-8376-0eca18e09ef1
f84e2cc9-dea3-4420-a793-49ff8c959cf5,"Rattray, R. S. (Robert Sutherland),
         1881-1938",Religion and art in Ashanti,1927,305,"Component part(s), monograph",Akan,Africa,Western Africa,horticulturalists,,"323,688,761,784",https://ehrafworldcultures.yale.edu/sres/f84e2cc9-dea3-4420-a793-49ff8c959cf5
8f33d7d1-d39a-4589-b184-5f73f88b8347,"Rattray, R. S. (Robert Sutherland),
         1881-1938",Religion and art in Ashanti,1927,332,"Component part(s), monograph",Akan,Africa,Western Africa,horticulturalists,,"124,582,689",https://ehrafworldcultures.yale.edu/sres/8f33d7d1-d39a-4589-b184-5f73f88b8347
31bde0d7-eb2f-44f7-bc3c-6e973446b978,"Sarbah, John Mensah, 1864-1910","Fanti national constitution: a short treatise on the
         constitution and government of the Fanti, Asanti, and other Akan tribes of West Africa
         together with a brief account of the discovery of the Gold Coast by Portuguese navigators,
         a short narration of early English voyages, and a study of the rise of British Gold Coast
         jurisdiction, etc., etc.",1968,26,Monograph,Akan,Africa,Western Africa,horticulturalists,,"592,621,623,632,687,692",https://ehrafworldcultures.yale.edu/sres/31bde0d7-eb2f-44f7-bc3c-6e973446b978
627c32e3-ee7d-4999-81c1-7eb04df1166a,"Sarbah, John Mensah, 1864-1910","Fanti national constitution: a short treatise on the
         constitution and government of the Fanti, Asanti, and other Akan tribes of West Africa
         together with a brief account of the discovery of the Gold Coast by Portuguese navigators,
         a short narration of early English voyages, and a study of the rise of British Gold Coast
         jurisdiction, etc., etc.",1968,29,Monograph,Akan,Africa,Western Africa,horticulturalists,,"682,684,685,687",https://ehrafworldcultures.yale.edu/sres/627c32e3-ee7d-4999-81c1-7eb04df1166a
373dc477-7368-433a-9165-611411576e5a,"Sarbah, John Mensah, 1864-1910","Fanti national constitution: a short treatise on the
         constitution and government of the Fanti, Asanti, and other Akan tribes of West Africa
         together with a brief account of the discovery of the Gold Coast by Portuguese navigators,
         a short narration of early English voyages, and a study of the rise of British Gold Coast
         jurisdiction, etc., etc.",1968,35,Monograph,Akan,Africa,Western Africa,horticulturalists,,"423,687,694",https://ehrafworldcultures.yale.edu/sres/373dc477-7368-433a-9165-611411576e5a
948b9155-9fc5-4f7f-a36f-968138bf670c,"Sarbah, John Mensah, 1864-1910","Fanti national constitution: a short treatise on the
         constitution and government of the Fanti, Asanti, and other Akan tribes of West Africa
         together with a brief account of the discovery of the Gold Coast by Portuguese navigators,
         a short narration of early English voyages, and a study of the rise of British Gold Coast
         jurisdiction, etc., etc.",1968,39,Monograph,Akan,Africa,Western Africa,horticulturalists,,"422,423,687,692,694,695,784",https://ehrafworldcultures.yale.edu/sres/948b9155-9fc5-4f7f-a36f-968138bf670c
6b0458ca-5dd8-4595-9dc2-0e117703a02c,"Sarbah, John Mensah, 1864-1910","Fanti national constitution: a short treatise on the
         constitution and government of the Fanti, Asanti, and other Akan tribes of West Africa
         together with a brief account of the discovery of the Gold Coast by Portuguese navigators,
         a short narration of early English voyages, and a study of the rise of British Gold Coast
         jurisdiction, etc., etc.",1968,41,Monograph,Akan,Africa,Western Africa,horticulturalists,,"672,686,695",https://ehrafworldcultures.yale.edu/sres/6b0458ca-5dd8-4595-9dc2-0e117703a02c
b2d315d6-dea6-4841-8b8d-ced3caf40f75,"Sarbah, John Mensah, 1864-1910","Fanti national constitution: a short treatise on the
         constitution and government of the Fanti, Asanti, and other Akan tribes of West Africa
         together with a brief account of the discovery of the Gold Coast by Portuguese navigators,
         a short narration of early English voyages, and a study of the rise of British Gold Coast
         jurisdiction, etc., etc.",1968,42,Monograph,Akan,Africa,Western Africa,horticulturalists,,"631,681",https://ehrafworldcultures.yale.edu/sres/b2d315d6-dea6-4841-8b8d-ced3caf40f75
196e0b2c-a845-4fb0-b001-1b4a11e3dcc5,"Sarbah, John Mensah, 1864-1910","Fanti national constitution: a short treatise on the
         constitution and government of the Fanti, Asanti, and other Akan tribes of West Africa
         together with a brief account of the discovery of the Gold Coast by Portuguese navigators,
         a short narration of early English voyages, and a study of the rise of British Gold Coast
         jurisdiction, etc., etc.",1968,44,Monograph,Akan,Africa,Western Africa,horticulturalists,,"631,687,694",https://ehrafworldcultures.yale.edu/sres/196e0b2c-a845-4fb0-b001-1b4a11e3dcc5
9559dad0-066e-4041-bc18-485691a36fe3,"Sarbah, John Mensah, 1864-1910","Fanti national constitution: a short treatise on the
         constitution and government of the Fanti, Asanti, and other Akan tribes of West Africa
         together with a brief account of the discovery of the Gold Coast by Portuguese navigators,
         a short narration of early English voyages, and a study of the rise of British Gold Coast
         jurisdiction, etc., etc.",1968,45,Monograph,Akan,Africa,Western Africa,horticulturalists,,"686,694,695",https://ehrafworldcultures.yale.edu/sres/9559dad0-066e-4041-bc18-485691a36fe3
73b2b5c4-69e5-4ae9-a5d4-c580c21fc896,"Sarbah, John Mensah, 1864-1910","Fanti national constitution: a short treatise on the
         constitution and government of the Fanti, Asanti, and other Akan tribes of West Africa
         together with a brief account of the discovery of the Gold Coast by Portuguese navigators,
         a short narration of early English voyages, and a study of the rise of British Gold Coast
         jurisdiction, etc., etc.",1968,46,Monograph,Akan,Africa,Western Africa,horticulturalists,,"631,641,689",https://ehrafworldcultures.yale.edu/sres/73b2b5c4-69e5-4ae9-a5d4-c580c21fc896
68d5d59f-3ec1-45fd-9267-b7bf8d4672b1,"Sarbah, John Mensah, 1864-1910","Fanti national constitution: a short treatise on the
         constitution and government of the Fanti, Asanti, and other Akan tribes of West Africa
         together with a brief account of the discovery of the Gold Coast by Portuguese navigators,
         a short narration of early English voyages, and a study of the rise of British Gold Coast
         jurisdiction, etc., etc.",1968,73,Monograph,Akan,Africa,Western Africa,horticulturalists,,"175,439,648,686",https://ehrafworldcultures.yale.edu/sres/68d5d59f-3ec1-45fd-9267-b7bf8d4672b1
8bce8a3f-af29-493b-8aba-fe4bf7742d33,"Sarbah, John Mensah, 1864-1910","Fanti national constitution: a short treatise on the
         constitution and government of the Fanti, Asanti, and other Akan tribes of West Africa
         together with a brief account of the discovery of the Gold Coast by Portuguese navigators,
         a short narration of early English voyages, and a study of the rise of British Gold Coast
         jurisdiction, etc., etc.",1968,77,Monograph,Akan,Africa,Western Africa,horticulturalists,,"175,439,648,686,692",https://ehrafworldcultures.yale.edu/sres/8bce8a3f-af29-493b-8aba-fe4bf7742d33
384be5df-a075-4eca-bd5e-d5200de8a87c,"Sarbah, John Mensah, 1864-1910","Fanti national constitution: a short treatise on the
         constitution and government of the Fanti, Asanti, and other Akan tribes of West Africa
         together with a brief account of the discovery of the Gold Coast by Portuguese navigators,
         a short narration of early English voyages, and a study of the rise of British Gold Coast
         jurisdiction, etc., etc.",1968,85,Monograph,Akan,Africa,Western Africa,horticulturalists,,"175,631,651,684,685",https://ehrafworldcultures.yale.edu/sres/384be5df-a075-4eca-bd5e-d5200de8a87c
681ebf87-9064-4bd3-b089-a1a89603aff1,"Sarbah, John Mensah, 1864-1910","Fanti customary laws: a brief introduction to the principles
         of the native laws and customs of the Fanti and Akan Districts of the Gold Coast, with a
         report of some cases thereon decided in the law courts",1904,232,Monograph,Akan,Africa,Western Africa,horticulturalists,,"643,648,687,692",https://ehrafworldcultures.yale.edu/sres/681ebf87-9064-4bd3-b089-a1a89603aff1
19d83d0d-34dc-4242-8459-7cb523113ddd,"Sarbah, John Mensah, 1864-1910","Fanti customary laws: a brief introduction to the principles
         of the native laws and customs of the Fanti and Akan Districts of the Gold Coast, with a
         report of some cases thereon decided in the law courts",1904,232,Monograph,Akan,Africa,Western Africa,horticulturalists,,"643,648,687,692",https://ehrafworldcultures.yale.edu/sres/19d83d0d-34dc-4242-8459-7cb523113ddd
975d5686-2d55-4585-a087-c67ac8fc30e0,"Sarbah, John Mensah, 1864-1910","Fanti customary laws: a brief introduction to the principles
         of the native laws and customs of the Fanti and Akan Districts of the Gold Coast, with a
         report of some cases thereon decided in the law courts",1904,232,Monograph,Akan,Africa,Western Africa,horticulturalists,,"643,648,687,692",https://ehrafworldcultures.yale.edu/sres/975d5686-2d55-4585-a087-c67ac8fc30e0
45a8612b-4d29-455f-883a-4abf98412307,"Sarbah, John Mensah, 1864-1910","Fanti customary laws: a brief introduction to the principles
         of the native laws and customs of the Fanti and Akan Districts of the Gold Coast, with a
         report of some cases thereon decided in the law courts",1904,232,Monograph,Akan,Africa,Western Africa,horticulturalists,,"643,648,687,692",https://ehrafworldcultures.yale.edu/sres/45a8612b-4d29-455f-883a-4abf98412307
80f76aae-1cb3-4676-aa0d-ee71f2bb47c2,"Sarbah, John Mensah, 1864-1910","Fanti customary laws: a brief introduction to the principles
         of the native laws and customs of the Fanti and Akan Districts of the Gold Coast, with a
         report of some cases thereon decided in the law courts",1904,232,Monograph,Akan,Africa,Western Africa,horticulturalists,,"643,648,687,692",https://ehrafworldcultures.yale.edu/sres/80f76aae-1cb3-4676-aa0d-ee71f2bb47c2
d29985f2-99e4-4a6d-81f7-b16bc2283da7,"Sarbah, John Mensah, 1864-1910","Fanti customary laws: a brief introduction to the principles
         of the native laws and customs of the Fanti and Akan Districts of the Gold Coast, with a
         report of some cases thereon decided in the law courts",1904,232,Monograph,Akan,Africa,Western Africa,horticulturalists,,"643,648,687,692",https://ehrafworldcultures.yale.edu/sres/d29985f2-99e4-4a6d-81f7-b16bc2283da7
cd4f43e7-279d-4c4c-974d-b8892d768f5f,"Sarbah, John Mensah, 1864-1910","Fanti customary laws: a brief introduction to the principles
         of the native laws and customs of the Fanti and Akan Districts of the Gold Coast, with a
         report of some cases thereon decided in the law courts",1904,233,Monograph,Akan,Africa,Western Africa,horticulturalists,,"643,648,687,692",https://ehrafworldcultures.yale.edu/sres/cd4f43e7-279d-4c4c-974d-b8892d768f5f
b40ffe33-26c3-40fb-b084-e8b560b5d1d2,"Sarbah, John Mensah, 1864-1910","Fanti customary laws: a brief introduction to the principles
         of the native laws and customs of the Fanti and Akan Districts of the Gold Coast, with a
         report of some cases thereon decided in the law courts",1904,233,Monograph,Akan,Africa,Western Africa,horticulturalists,,"643,648,687,692",https://ehrafworldcultures.yale.edu/sres/b40ffe33-26c3-40fb-b084-e8b560b5d1d2
e5820681-fc06-4f28-be8e-be685faa679c,"Sarbah, John Mensah, 1864-1910","Fanti customary laws: a brief introduction to the principles
         of the native laws and customs of the Fanti and Akan Districts of the Gold Coast, with a
         report of some cases thereon decided in the law courts",1904,233,Monograph,Akan,Africa,Western Africa,horticulturalists,,"643,648,687,692",https://ehrafworldcultures.yale.edu/sres/e5820681-fc06-4f28-be8e-be685faa679c
3407cd75-5e9f-4767-b7f8-5bad9c3e25f3,"Sarbah, John Mensah, 1864-1910","Fanti customary laws: a brief introduction to the principles
         of the native laws and customs of the Fanti and Akan Districts of the Gold Coast, with a
         report of some cases thereon decided in the law courts",1904,233,Monograph,Akan,Africa,Western Africa,horticulturalists,,"643,648,687,692",https://ehrafworldcultures.yale.edu/sres/3407cd75-5e9f-4767-b7f8-5bad9c3e25f3
1dae0667-484a-4603-b695-978b311f6ad0,"Sarbah, John Mensah, 1864-1910","Fanti customary laws: a brief introduction to the principles
         of the native laws and customs of the Fanti and Akan Districts of the Gold Coast, with a
         report of some cases thereon decided in the law courts",1904,233,Monograph,Akan,Africa,Western Africa,horticulturalists,,"643,648,687,692",https://ehrafworldcultures.yale.edu/sres/1dae0667-484a-4603-b695-978b311f6ad0
e91aa1e7-909c-4cc4-8a5d-7e7f6bbbfbd1,"Sarbah, John Mensah, 1864-1910","Fanti customary laws: a brief introduction to the principles
         of the native laws and customs of the Fanti and Akan Districts of the Gold Coast, with a
         report of some cases thereon decided in the law courts",1904,238,Monograph,Akan,Africa,Western Africa,horticulturalists,,683,https://ehrafworldcultures.yale.edu/sres/e91aa1e7-909c-4cc4-8a5d-7e7f6bbbfbd1
69772271-bdd2-4cc4-bfa5-5680713149d5,"Sarbah, John Mensah, 1864-1910","Fanti customary laws: a brief introduction to the principles
         of the native laws and customs of the Fanti and Akan Districts of the Gold Coast, with a
         report of some cases thereon decided in the law courts",1904,239,Monograph,Akan,Africa,Western Africa,horticulturalists,,686,https://ehrafworldcultures.yale.edu/sres/69772271-bdd2-4cc4-bfa5-5680713149d5
f8d6d753-347e-4199-9d8c-b90c00c307a8,"Sarbah, John Mensah, 1864-1910","Fanti customary laws: a brief introduction to the principles
         of the native laws and customs of the Fanti and Akan Districts of the Gold Coast, with a
         report of some cases thereon decided in the law courts",1904,239,Monograph,Akan,Africa,Western Africa,horticulturalists,,686,https://ehrafworldcultures.yale.edu/sres/f8d6d753-347e-4199-9d8c-b90c00c307a8
7e008df7-67f9-4a31-9512-ea56a17719ce,"Sarbah, John Mensah, 1864-1910","Fanti customary laws: a brief introduction to the principles
         of the native laws and customs of the Fanti and Akan Districts of the Gold Coast, with a
         report of some cases thereon decided in the law courts",1904,240,Monograph,Akan,Africa,Western Africa,horticulturalists,,"451,686",https://ehrafworldcultures.yale.edu/sres/7e008df7-67f9-4a31-9512-ea56a17719ce
47761086-2816-4675-a435-b6e0fe612d0e,"Sarbah, John Mensah, 1864-1910","Fanti customary laws: a brief introduction to the principles
         of the native laws and customs of the Fanti and Akan Districts of the Gold Coast, with a
         report of some cases thereon decided in the law courts",1904,240,Monograph,Akan,Africa,Western Africa,horticulturalists,,"451,686",https://ehrafworldcultures.yale.edu/sres/47761086-2816-4675-a435-b6e0fe612d0e
9c9e523f-30ba-421b-be7a-7b292c9dd3c3,"Sarbah, John Mensah, 1864-1910","Fanti customary laws: a brief introduction to the principles
         of the native laws and customs of the Fanti and Akan Districts of the Gold Coast, with a
         report of some cases thereon decided in the law courts",1904,241,Monograph,Akan,Africa,Western Africa,horticulturalists,,"451,686",https://ehrafworldcultures.yale.edu/sres/9c9e523f-30ba-421b-be7a-7b292c9dd3c3
61ae4457-5bd8-4823-9e43-789ca2c5c790,"Sarbah, John Mensah, 1864-1910","Fanti customary laws: a brief introduction to the principles
         of the native laws and customs of the Fanti and Akan Districts of the Gold Coast, with a
         report of some cases thereon decided in the law courts",1904,241,Monograph,Akan,Africa,Western Africa,horticulturalists,,"451,686",https://ehrafworldcultures.yale.edu/sres/61ae4457-5bd8-4823-9e43-789ca2c5c790
56041b87-854c-4c51-b5a9-51f53ca4daf8,"Sarbah, John Mensah, 1864-1910","Fanti customary laws: a brief introduction to the principles
         of the native laws and customs of the Fanti and Akan Districts of the Gold Coast, with a
         report of some cases thereon decided in the law courts",1904,241,Monograph,Akan,Africa,Western Africa,horticulturalists,,"451,686",https://ehrafworldcultures.yale.edu/sres/56041b87-854c-4c51-b5a9-51f53ca4daf8
4ab61ee3-3bfb-47ea-a56d-0d1d500242a9,"Sarbah, John Mensah, 1864-1910","Fanti customary laws: a brief introduction to the principles
         of the native laws and customs of the Fanti and Akan Districts of the Gold Coast, with a
         report of some cases thereon decided in the law courts",1904,242,Monograph,Akan,Africa,Western Africa,horticulturalists,,"451,686",https://ehrafworldcultures.yale.edu/sres/4ab61ee3-3bfb-47ea-a56d-0d1d500242a9
d30d8a83-a3c5-4bb6-a0a8-8b3ae1eab853,"Sarbah, John Mensah, 1864-1910","Fanti customary laws: a brief introduction to the principles
         of the native laws and customs of the Fanti and Akan Districts of the Gold Coast, with a
         report of some cases thereon decided in the law courts",1904,242,Monograph,Akan,Africa,Western Africa,horticulturalists,,"451,686",https://ehrafworldcultures.yale.edu/sres/d30d8a83-a3c5-4bb6-a0a8-8b3ae1eab853
ed5509c8-20d4-4e28-88c8-491b2b5507ff,"Sarbah, John Mensah, 1864-1910","Fanti customary laws: a brief introduction to the principles
         of the native laws and customs of the Fanti and Akan Districts of the Gold Coast, with a
         report of some cases thereon decided in the law courts",1904,243,Monograph,Akan,Africa,Western Africa,horticulturalists,,"451,686",https://ehrafworldcultures.yale.edu/sres/ed5509c8-20d4-4e28-88c8-491b2b5507ff
e0147226-9aa5-4aec-8fbe-c0bab89147e2,"Sarbah, John Mensah, 1864-1910","Fanti customary laws: a brief introduction to the principles
         of the native laws and customs of the Fanti and Akan Districts of the Gold Coast, with a
         report of some cases thereon decided in the law courts",1904,243,Monograph,Akan,Africa,Western Africa,horticulturalists,,"466,686",https://ehrafworldcultures.yale.edu/sres/e0147226-9aa5-4aec-8fbe-c0bab89147e2
48dddbf2-2065-434c-9e27-628e6a1bc4c8,"Sarbah, John Mensah, 1864-1910","Fanti customary laws: a brief introduction to the principles
         of the native laws and customs of the Fanti and Akan Districts of the Gold Coast, with a
         report of some cases thereon decided in the law courts",1904,244,Monograph,Akan,Africa,Western Africa,horticulturalists,,"466,686",https://ehrafworldcultures.yale.edu/sres/48dddbf2-2065-434c-9e27-628e6a1bc4c8
af8b341e-8a6d-48bd-96d4-ea774e62e36d,"Sarbah, John Mensah, 1864-1910","Fanti customary laws: a brief introduction to the principles
         of the native laws and customs of the Fanti and Akan Districts of the Gold Coast, with a
         report of some cases thereon decided in the law courts",1904,244,Monograph,Akan,Africa,Western Africa,horticulturalists,,686,https://ehrafworldcultures.yale.edu/sres/af8b341e-8a6d-48bd-96d4-ea774e62e36d
7b20f4ae-cc34-46c4-8f85-0a241a534e61,"Sarbah, John Mensah, 1864-1910","Fanti customary laws: a brief introduction to the principles
         of the native laws and customs of the Fanti and Akan Districts of the Gold Coast, with a
         report of some cases thereon decided in the law courts",1904,245,Monograph,Akan,Africa,Western Africa,horticulturalists,,685,https://ehrafworldcultures.yale.edu/sres/7b20f4ae-cc34-46c4-8f85-0a241a534e61
7043a4a1-df30-4f44-9da9-28a4208d59eb,"Sarbah, John Mensah, 1864-1910","Fanti customary laws: a brief introduction to the principles
         of the native laws and customs of the Fanti and Akan Districts of the Gold Coast, with a
         report of some cases thereon decided in the law courts",1904,245,Monograph,Akan,Africa,Western Africa,horticulturalists,,"685,686",https://ehrafworldcultures.yale.edu/sres/7043a4a1-df30-4f44-9da9-28a4208d59eb
2945b43a-d207-47b1-86d6-db4deee62c80,"Sarbah, John Mensah, 1864-1910","Fanti customary laws: a brief introduction to the principles
         of the native laws and customs of the Fanti and Akan Districts of the Gold Coast, with a
         report of some cases thereon decided in the law courts",1904,245,Monograph,Akan,Africa,Western Africa,horticulturalists,,"685,686",https://ehrafworldcultures.yale.edu/sres/2945b43a-d207-47b1-86d6-db4deee62c80
756179b7-bc58-45f6-af24-99c556c14190,"Sarbah, John Mensah, 1864-1910","Fanti customary laws: a brief introduction to the principles
         of the native laws and customs of the Fanti and Akan Districts of the Gold Coast, with a
         report of some cases thereon decided in the law courts",1904,246,Monograph,Akan,Africa,Western Africa,horticulturalists,,687,https://ehrafworldcultures.yale.edu/sres/756179b7-bc58-45f6-af24-99c556c14190
3c0db6d3-338c-4198-91af-6db863736c53,"Sarbah, John Mensah, 1864-1910","Fanti customary laws: a brief introduction to the principles
         of the native laws and customs of the Fanti and Akan Districts of the Gold Coast, with a
         report of some cases thereon decided in the law courts",1904,246,Monograph,Akan,Africa,Western Africa,horticulturalists,,687,https://ehrafworldcultures.yale.edu/sres/3c0db6d3-338c-4198-91af-6db863736c53
aafb7e48-be4e-43be-9a71-5e688a61f356,"Sarbah, John Mensah, 1864-1910","Fanti customary laws: a brief introduction to the principles
         of the native laws and customs of the Fanti and Akan Districts of the Gold Coast, with a
         report of some cases thereon decided in the law courts",1904,246,Monograph,Akan,Africa,Western Africa,horticulturalists,,687,https://ehrafworldcultures.yale.edu/sres/aafb7e48-be4e-43be-9a71-5e688a61f356
7724f755-9abc-48c8-96d5-7c1d0346f3f8,"Sarbah, John Mensah, 1864-1910","Fanti customary laws: a brief introduction to the principles
         of the native laws and customs of the Fanti and Akan Districts of the Gold Coast, with a
         report of some cases thereon decided in the law courts",1904,247,Monograph,Akan,Africa,Western Africa,horticulturalists,,687,https://ehrafworldcultures.yale.edu/sres/7724f755-9abc-48c8-96d5-7c1d0346f3f8
c878c30e-cdcc-4dd8-b06b-b386ff94089f,"Sarbah, John Mensah, 1864-1910","Fanti customary laws: a brief introduction to the principles
         of the native laws and customs of the Fanti and Akan Districts of the Gold Coast, with a
         report of some cases thereon decided in the law courts",1904,247,Monograph,Akan,Africa,Western Africa,horticulturalists,,687,https://ehrafworldcultures.yale.edu/sres/c878c30e-cdcc-4dd8-b06b-b386ff94089f
7171343b-15e5-4a75-b3d6-b048b8062d02,"Sarbah, John Mensah, 1864-1910","Fanti customary laws: a brief introduction to the principles
         of the native laws and customs of the Fanti and Akan Districts of the Gold Coast, with a
         report of some cases thereon decided in the law courts",1904,247,Monograph,Akan,Africa,Western Africa,horticulturalists,,687,https://ehrafworldcultures.yale.edu/sres/7171343b-15e5-4a75-b3d6-b048b8062d02
0d15d469-8c7c-4567-8f41-86f68092cabe,"Sarbah, John Mensah, 1864-1910","Fanti customary laws: a brief introduction to the principles
         of the native laws and customs of the Fanti and Akan Districts of the Gold Coast, with a
         report of some cases thereon decided in the law courts",1904,247,Monograph,Akan,Africa,Western Africa,horticulturalists,,683,https://ehrafworldcultures.yale.edu/sres/0d15d469-8c7c-4567-8f41-86f68092cabe
42927e1c-b44b-4136-b443-fccc5706b5e8,"Sarbah, John Mensah, 1864-1910","Fanti customary laws: a brief introduction to the principles
         of the native laws and customs of the Fanti and Akan Districts of the Gold Coast, with a
         report of some cases thereon decided in the law courts",1904,247,Monograph,Akan,Africa,Western Africa,horticulturalists,,683,https://ehrafworldcultures.yale.edu/sres/42927e1c-b44b-4136-b443-fccc5706b5e8
4ce6d2eb-72d1-45c2-8468-bf3661397c42,"Sarbah, John Mensah, 1864-1910","Fanti customary laws: a brief introduction to the principles
         of the native laws and customs of the Fanti and Akan Districts of the Gold Coast, with a
         report of some cases thereon decided in the law courts",1904,247,Monograph,Akan,Africa,Western Africa,horticulturalists,,683,https://ehrafworldcultures.yale.edu/sres/4ce6d2eb-72d1-45c2-8468-bf3661397c42
6c03c4d4-fffc-436a-8ad3-e7d9d3947aa2,"Sarbah, John Mensah, 1864-1910","Fanti customary laws: a brief introduction to the principles
         of the native laws and customs of the Fanti and Akan Districts of the Gold Coast, with a
         report of some cases thereon decided in the law courts",1904,247,Monograph,Akan,Africa,Western Africa,horticulturalists,,683,https://ehrafworldcultures.yale.edu/sres/6c03c4d4-fffc-436a-8ad3-e7d9d3947aa2
9c30c71a-48bb-48d8-9d42-010c22a9619a,"Sarbah, John Mensah, 1864-1910","Fanti customary laws: a brief introduction to the principles
         of the native laws and customs of the Fanti and Akan Districts of the Gold Coast, with a
         report of some cases thereon decided in the law courts",1904,247,Monograph,Akan,Africa,Western Africa,horticulturalists,,683,https://ehrafworldcultures.yale.edu/sres/9c30c71a-48bb-48d8-9d42-010c22a9619a
20a366a8-c050-4be2-a24f-cbd8fa2755bb,"Sarbah, John Mensah, 1864-1910","Fanti customary laws: a brief introduction to the principles
         of the native laws and customs of the Fanti and Akan Districts of the Gold Coast, with a
         report of some cases thereon decided in the law courts",1904,247,Monograph,Akan,Africa,Western Africa,horticulturalists,,"648,661,687",https://ehrafworldcultures.yale.edu/sres/20a366a8-c050-4be2-a24f-cbd8fa2755bb
2ba9c287-a7f5-4648-834e-ec4011ef66af,"Sarbah, John Mensah, 1864-1910","Fanti customary laws: a brief introduction to the principles
         of the native laws and customs of the Fanti and Akan Districts of the Gold Coast, with a
         report of some cases thereon decided in the law courts",1904,247,Monograph,Akan,Africa,Western Africa,horticulturalists,,"648,661,687",https://ehrafworldcultures.yale.edu/sres/2ba9c287-a7f5-4648-834e-ec4011ef66af
9079625e-42f4-4a70-b0d1-710810cc85ab,"Sarbah, John Mensah, 1864-1910","Fanti customary laws: a brief introduction to the principles
         of the native laws and customs of the Fanti and Akan Districts of the Gold Coast, with a
         report of some cases thereon decided in the law courts",1904,248,Monograph,Akan,Africa,Western Africa,horticulturalists,,"648,661,681,687",https://ehrafworldcultures.yale.edu/sres/9079625e-42f4-4a70-b0d1-710810cc85ab
a218a429-9aef-4e04-bf1c-4beaddaba707,"Sarbah, John Mensah, 1864-1910","Fanti customary laws: a brief introduction to the principles
         of the native laws and customs of the Fanti and Akan Districts of the Gold Coast, with a
         report of some cases thereon decided in the law courts",1904,248,Monograph,Akan,Africa,Western Africa,horticulturalists,,"648,661,687",https://ehrafworldcultures.yale.edu/sres/a218a429-9aef-4e04-bf1c-4beaddaba707
c0dd2299-28d4-4cf8-abad-2302e218400d,"Sarbah, John Mensah, 1864-1910","Fanti customary laws: a brief introduction to the principles
         of the native laws and customs of the Fanti and Akan Districts of the Gold Coast, with a
         report of some cases thereon decided in the law courts",1904,248,Monograph,Akan,Africa,Western Africa,horticulturalists,,"648,661,687",https://ehrafworldcultures.yale.edu/sres/c0dd2299-28d4-4cf8-abad-2302e218400d
374bca9f-a2b8-48f4-b2b6-220295858d55,"Sarbah, John Mensah, 1864-1910","Fanti customary laws: a brief introduction to the principles
         of the native laws and customs of the Fanti and Akan Districts of the Gold Coast, with a
         report of some cases thereon decided in the law courts",1904,249,Monograph,Akan,Africa,Western Africa,horticulturalists,,"648,661,687",https://ehrafworldcultures.yale.edu/sres/374bca9f-a2b8-48f4-b2b6-220295858d55
8c36bb3f-66d1-402a-85f0-710f65131dd6,"Sarbah, John Mensah, 1864-1910","Fanti customary laws: a brief introduction to the principles
         of the native laws and customs of the Fanti and Akan Districts of the Gold Coast, with a
         report of some cases thereon decided in the law courts",1904,249,Monograph,Akan,Africa,Western Africa,horticulturalists,,"648,661,687",https://ehrafworldcultures.yale.edu/sres/8c36bb3f-66d1-402a-85f0-710f65131dd6
48d46ce4-1921-4147-a29f-073146c171df,"Sarbah, John Mensah, 1864-1910","Fanti customary laws: a brief introduction to the principles
         of the native laws and customs of the Fanti and Akan Districts of the Gold Coast, with a
         report of some cases thereon decided in the law courts",1904,249,Monograph,Akan,Africa,Western Africa,horticulturalists,,"648,661,687",https://ehrafworldcultures.yale.edu/sres/48d46ce4-1921-4147-a29f-073146c171df
7715abf0-4b1d-4ecf-9d67-b2fe76fe5b1f,"Sarbah, John Mensah, 1864-1910","Fanti customary laws: a brief introduction to the principles
         of the native laws and customs of the Fanti and Akan Districts of the Gold Coast, with a
         report of some cases thereon decided in the law courts",1904,258,Monograph,Akan,Africa,Western Africa,horticulturalists,,686,https://ehrafworldcultures.yale.edu/sres/7715abf0-4b1d-4ecf-9d67-b2fe76fe5b1f
4245e1b2-dcb9-484e-acf9-8b33da15675e,"Sarbah, John Mensah, 1864-1910","Fanti customary laws: a brief introduction to the principles
         of the native laws and customs of the Fanti and Akan Districts of the Gold Coast, with a
         report of some cases thereon decided in the law courts",1904,258,Monograph,Akan,Africa,Western Africa,horticulturalists,,686,https://ehrafworldcultures.yale.edu/sres/4245e1b2-dcb9-484e-acf9-8b33da15675e
a6da6272-fde7-4575-9f98-40d172752b06,"Sarbah, John Mensah, 1864-1910","Fanti customary laws: a brief introduction to the principles
         of the native laws and customs of the Fanti and Akan Districts of the Gold Coast, with a
         report of some cases thereon decided in the law courts",1904,259,Monograph,Akan,Africa,Western Africa,horticulturalists,,686,https://ehrafworldcultures.yale.edu/sres/a6da6272-fde7-4575-9f98-40d172752b06
c1edfbf2-7cac-49ca-9e1c-9fd55b79da66,"Sarbah, John Mensah, 1864-1910","Fanti customary laws: a brief introduction to the principles
         of the native laws and customs of the Fanti and Akan Districts of the Gold Coast, with a
         report of some cases thereon decided in the law courts",1904,259,Monograph,Akan,Africa,Western Africa,horticulturalists,,686,https://ehrafworldcultures.yale.edu/sres/c1edfbf2-7cac-49ca-9e1c-9fd55b79da66
97bc0db0-424b-4841-84d5-ac73b3afebb5,"Sarbah, John Mensah, 1864-1910","Fanti customary laws: a brief introduction to the principles
         of the native laws and customs of the Fanti and Akan Districts of the Gold Coast, with a
         report of some cases thereon decided in the law courts",1904,259,Monograph,Akan,Africa,Western Africa,horticulturalists,,686,https://ehrafworldcultures.yale.edu/sres/97bc0db0-424b-4841-84d5-ac73b3afebb5
00a207ce-72f1-4d54-88b0-87dd9817f53d,"Sarbah, John Mensah, 1864-1910","Fanti customary laws: a brief introduction to the principles
         of the native laws and customs of the Fanti and Akan Districts of the Gold Coast, with a
         report of some cases thereon decided in the law courts",1904,260,Monograph,Akan,Africa,Western Africa,horticulturalists,,686,https://ehrafworldcultures.yale.edu/sres/00a207ce-72f1-4d54-88b0-87dd9817f53d
2b9f0560-f0ca-4cc1-9534-82f1f5fd9353,"Sarbah, John Mensah, 1864-1910","Fanti customary laws: a brief introduction to the principles
         of the native laws and customs of the Fanti and Akan Districts of the Gold Coast, with a
         report of some cases thereon decided in the law courts",1904,260,Monograph,Akan,Africa,Western Africa,horticulturalists,,686,https://ehrafworldcultures.yale.edu/sres/2b9f0560-f0ca-4cc1-9534-82f1f5fd9353
0a136279-504c-460e-8ca4-611e3eba230d,"Sarbah, John Mensah, 1864-1910","Fanti customary laws: a brief introduction to the principles
         of the native laws and customs of the Fanti and Akan Districts of the Gold Coast, with a
         report of some cases thereon decided in the law courts",1904,260,Monograph,Akan,Africa,Western Africa,horticulturalists,,686,https://ehrafworldcultures.yale.edu/sres/0a136279-504c-460e-8ca4-611e3eba230d
156f92a0-ea3a-40c5-970f-606a64da7ad6,"Sarbah, John Mensah, 1864-1910","Fanti customary laws: a brief introduction to the principles
         of the native laws and customs of the Fanti and Akan Districts of the Gold Coast, with a
         report of some cases thereon decided in the law courts",1904,261,Monograph,Akan,Africa,Western Africa,horticulturalists,,686,https://ehrafworldcultures.yale.edu/sres/156f92a0-ea3a-40c5-970f-606a64da7ad6
7abb7d50-9019-4a44-a6f1-09ec5632d248,"Sarbah, John Mensah, 1864-1910","Fanti customary laws: a brief introduction to the principles
         of the native laws and customs of the Fanti and Akan Districts of the Gold Coast, with a
         report of some cases thereon decided in the law courts",1904,261,Monograph,Akan,Africa,Western Africa,horticulturalists,,686,https://ehrafworldcultures.yale.edu/sres/7abb7d50-9019-4a44-a6f1-09ec5632d248
dbcbb93e-a8da-4ddb-901a-c410eb4b9611,"Sarbah, John Mensah, 1864-1910","Fanti customary laws: a brief introduction to the principles
         of the native laws and customs of the Fanti and Akan Districts of the Gold Coast, with a
         report of some cases thereon decided in the law courts",1904,261,Monograph,Akan,Africa,Western Africa,horticulturalists,,686,https://ehrafworldcultures.yale.edu/sres/dbcbb93e-a8da-4ddb-901a-c410eb4b9611
7812066d-7b0d-4134-83da-3c3b539d8670,"Sarbah, John Mensah, 1864-1910","Fanti customary laws: a brief introduction to the principles
         of the native laws and customs of the Fanti and Akan Districts of the Gold Coast, with a
         report of some cases thereon decided in the law courts",1904,261,Monograph,Akan,Africa,Western Africa,horticulturalists,,686,https://ehrafworldcultures.yale.edu/sres/7812066d-7b0d-4134-83da-3c3b539d8670
e225c9f3-46e0-43d2-b448-cb75eebe05f5,"Sarbah, John Mensah, 1864-1910","Fanti customary laws: a brief introduction to the principles
         of the native laws and customs of the Fanti and Akan Districts of the Gold Coast, with a
         report of some cases thereon decided in the law courts",1904,261,Monograph,Akan,Africa,Western Africa,horticulturalists,,686,https://ehrafworldcultures.yale.edu/sres/e225c9f3-46e0-43d2-b448-cb75eebe05f5
9ea8531c-21e6-4f3d-8916-566da96a89c3,"Sarbah, John Mensah, 1864-1910","Fanti customary laws: a brief introduction to the principles
         of the native laws and customs of the Fanti and Akan Districts of the Gold Coast, with a
         report of some cases thereon decided in the law courts",1904,261,Monograph,Akan,Africa,Western Africa,horticulturalists,,686,https://ehrafworldcultures.yale.edu/sres/9ea8531c-21e6-4f3d-8916-566da96a89c3
8a7cf065-3d45-4888-9dab-d10947329aea,"Sarbah, John Mensah, 1864-1910","Fanti customary laws: a brief introduction to the principles
         of the native laws and customs of the Fanti and Akan Districts of the Gold Coast, with a
         report of some cases thereon decided in the law courts",1904,261,Monograph,Akan,Africa,Western Africa,horticulturalists,,686,https://ehrafworldcultures.yale.edu/sres/8a7cf065-3d45-4888-9dab-d10947329aea
370b1368-bdd0-4ed4-861b-625b36b9e3d7,"Sarbah, John Mensah, 1864-1910","Fanti customary laws: a brief introduction to the principles
         of the native laws and customs of the Fanti and Akan Districts of the Gold Coast, with a
         report of some cases thereon decided in the law courts",1904,264,Monograph,Akan,Africa,Western Africa,horticulturalists,,"432,686",https://ehrafworldcultures.yale.edu/sres/370b1368-bdd0-4ed4-861b-625b36b9e3d7
87ee9927-af15-48b7-8b4a-fa9b73d0ee40,"Sarbah, John Mensah, 1864-1910","Fanti customary laws: a brief introduction to the principles
         of the native laws and customs of the Fanti and Akan Districts of the Gold Coast, with a
         report of some cases thereon decided in the law courts",1904,264,Monograph,Akan,Africa,Western Africa,horticulturalists,,"432,686",https://ehrafworldcultures.yale.edu/sres/87ee9927-af15-48b7-8b4a-fa9b73d0ee40
adbeeea7-6696-4562-b703-709043ec0a3a,"Sarbah, John Mensah, 1864-1910","Fanti customary laws: a brief introduction to the principles
         of the native laws and customs of the Fanti and Akan Districts of the Gold Coast, with a
         report of some cases thereon decided in the law courts",1904,265,Monograph,Akan,Africa,Western Africa,horticulturalists,,683,https://ehrafworldcultures.yale.edu/sres/adbeeea7-6696-4562-b703-709043ec0a3a
cf70b44c-2f41-4968-937c-e42f1ed89309,"Sarbah, John Mensah, 1864-1910","Fanti customary laws: a brief introduction to the principles
         of the native laws and customs of the Fanti and Akan Districts of the Gold Coast, with a
         report of some cases thereon decided in the law courts",1904,265,Monograph,Akan,Africa,Western Africa,horticulturalists,,683,https://ehrafworldcultures.yale.edu/sres/cf70b44c-2f41-4968-937c-e42f1ed89309
734510cf-80a3-42af-9a34-23be50223d0d,"Sarbah, John Mensah, 1864-1910","Fanti customary laws: a brief introduction to the principles
         of the native laws and customs of the Fanti and Akan Districts of the Gold Coast, with a
         report of some cases thereon decided in the law courts",1904,265,Monograph,Akan,Africa,Western Africa,horticulturalists,,683,https://ehrafworldcultures.yale.edu/sres/734510cf-80a3-42af-9a34-23be50223d0d
cdfc9ce5-f0b1-4159-b75e-7c32864e4bff,"Sarbah, John Mensah, 1864-1910","Fanti customary laws: a brief introduction to the principles
         of the native laws and customs of the Fanti and Akan Districts of the Gold Coast, with a
         report of some cases thereon decided in the law courts",1904,265,Monograph,Akan,Africa,Western Africa,horticulturalists,,683,https://ehrafworldcultures.yale.edu/sres/cdfc9ce5-f0b1-4159-b75e-7c32864e4bff
5d99ddb3-d128-41af-acc6-fb1d354ee1ef,"Sarbah, John Mensah, 1864-1910","Fanti customary laws: a brief introduction to the principles
         of the native laws and customs of the Fanti and Akan Districts of the Gold Coast, with a
         report of some cases thereon decided in the law courts",1904,265,Monograph,Akan,Africa,Western Africa,horticulturalists,,685,https://ehrafworldcultures.yale.edu/sres/5d99ddb3-d128-41af-acc6-fb1d354ee1ef
bc71e18c-9244-4323-87bc-795f3faf3693,"Sarbah, John Mensah, 1864-1910","Fanti customary laws: a brief introduction to the principles
         of the native laws and customs of the Fanti and Akan Districts of the Gold Coast, with a
         report of some cases thereon decided in the law courts",1904,265,Monograph,Akan,Africa,Western Africa,horticulturalists,,685,https://ehrafworldcultures.yale.edu/sres/bc71e18c-9244-4323-87bc-795f3faf3693
c14a76ea-bafd-4393-ac07-90fbc2e5e2bc,"Sarbah, John Mensah, 1864-1910","Fanti customary laws: a brief introduction to the principles
         of the native laws and customs of the Fanti and Akan Districts of the Gold Coast, with a
         report of some cases thereon decided in the law courts",1904,265,Monograph,Akan,Africa,Western Africa,horticulturalists,,685,https://ehrafworldcultures.yale.edu/sres/c14a76ea-bafd-4393-ac07-90fbc2e5e2bc
9e2d0e63-1e2e-4358-861a-9a72503547b3,"Sarbah, John Mensah, 1864-1910","Fanti customary laws: a brief introduction to the principles
         of the native laws and customs of the Fanti and Akan Districts of the Gold Coast, with a
         report of some cases thereon decided in the law courts",1904,265,Monograph,Akan,Africa,Western Africa,horticulturalists,,685,https://ehrafworldcultures.yale.edu/sres/9e2d0e63-1e2e-4358-861a-9a72503547b3
6a819293-9860-4917-b80e-1eb0836a3eba,"Sarbah, John Mensah, 1864-1910","Fanti customary laws: a brief introduction to the principles
         of the native laws and customs of the Fanti and Akan Districts of the Gold Coast, with a
         report of some cases thereon decided in the law courts",1904,266,Monograph,Akan,Africa,Western Africa,horticulturalists,,685,https://ehrafworldcultures.yale.edu/sres/6a819293-9860-4917-b80e-1eb0836a3eba
7e9aec81-e572-409f-8bb2-dcb115e04c46,"Sarbah, John Mensah, 1864-1910","Fanti customary laws: a brief introduction to the principles
         of the native laws and customs of the Fanti and Akan Districts of the Gold Coast, with a
         report of some cases thereon decided in the law courts",1904,266,Monograph,Akan,Africa,Western Africa,horticulturalists,,685,https://ehrafworldcultures.yale.edu/sres/7e9aec81-e572-409f-8bb2-dcb115e04c46
d8892e80-6d10-4d11-91ed-74e14af29a1f,"Sarbah, John Mensah, 1864-1910","Fanti customary laws: a brief introduction to the principles
         of the native laws and customs of the Fanti and Akan Districts of the Gold Coast, with a
         report of some cases thereon decided in the law courts",1904,266,Monograph,Akan,Africa,Western Africa,horticulturalists,,685,https://ehrafworldcultures.yale.edu/sres/d8892e80-6d10-4d11-91ed-74e14af29a1f
1abbedaf-331f-4f94-bade-646f40ee8c6d,"Sarbah, John Mensah, 1864-1910","Fanti customary laws: a brief introduction to the principles
         of the native laws and customs of the Fanti and Akan Districts of the Gold Coast, with a
         report of some cases thereon decided in the law courts",1904,266,Monograph,Akan,Africa,Western Africa,horticulturalists,,685,https://ehrafworldcultures.yale.edu/sres/1abbedaf-331f-4f94-bade-646f40ee8c6d
8868c20d-5202-40d9-b3c4-a86109524097,"Sarbah, John Mensah, 1864-1910","Fanti customary laws: a brief introduction to the principles
         of the native laws and customs of the Fanti and Akan Districts of the Gold Coast, with a
         report of some cases thereon decided in the law courts",1904,266,Monograph,Akan,Africa,Western Africa,horticulturalists,,685,https://ehrafworldcultures.yale.edu/sres/8868c20d-5202-40d9-b3c4-a86109524097
8bef3086-9d8e-4632-93aa-b703dff7678e,"Sarbah, John Mensah, 1864-1910","Fanti customary laws: a brief introduction to the principles
         of the native laws and customs of the Fanti and Akan Districts of the Gold Coast, with a
         report of some cases thereon decided in the law courts",1904,266,Monograph,Akan,Africa,Western Africa,horticulturalists,,685,https://ehrafworldcultures.yale.edu/sres/8bef3086-9d8e-4632-93aa-b703dff7678e
d29c6c9b-0542-467b-8993-fc506ec80d4d,"Sarbah, John Mensah, 1864-1910","Fanti customary laws: a brief introduction to the principles
         of the native laws and customs of the Fanti and Akan Districts of the Gold Coast, with a
         report of some cases thereon decided in the law courts",1904,45,Monograph,Akan,Africa,Western Africa,horticulturalists,,"584,593,609,672,684",https://ehrafworldcultures.yale.edu/sres/d29c6c9b-0542-467b-8993-fc506ec80d4d
26bfaddf-68bc-4f84-9cc0-9b977e7ce9a1,"Sarbah, John Mensah, 1864-1910","Fanti customary laws: a brief introduction to the principles
         of the native laws and customs of the Fanti and Akan Districts of the Gold Coast, with a
         report of some cases thereon decided in the law courts",1904,48,Monograph,Akan,Africa,Western Africa,horticulturalists,,684,https://ehrafworldcultures.yale.edu/sres/26bfaddf-68bc-4f84-9cc0-9b977e7ce9a1
533784b9-0e48-4232-856c-8d6a97e6f542,"Sarbah, John Mensah, 1864-1910","Fanti customary laws: a brief introduction to the principles
         of the native laws and customs of the Fanti and Akan Districts of the Gold Coast, with a
         report of some cases thereon decided in the law courts",1904,76,Monograph,Akan,Africa,Western Africa,horticulturalists,,"426,686",https://ehrafworldcultures.yale.edu/sres/533784b9-0e48-4232-856c-8d6a97e6f542
ee15a547-5e46-4d13-9c76-270644512967,"Sarbah, John Mensah, 1864-1910","Fanti customary laws: a brief introduction to the principles
         of the native laws and customs of the Fanti and Akan Districts of the Gold Coast, with a
         report of some cases thereon decided in the law courts",1904,113,Monograph,Akan,Africa,Western Africa,horticulturalists,,683,https://ehrafworldcultures.yale.edu/sres/ee15a547-5e46-4d13-9c76-270644512967
9ebfb3cd-53ab-4537-bc67-be79db5f6e70,"Sarbah, John Mensah, 1864-1910","Fanti customary laws: a brief introduction to the principles
         of the native laws and customs of the Fanti and Akan Districts of the Gold Coast, with a
         report of some cases thereon decided in the law courts",1904,113,Monograph,Akan,Africa,Western Africa,horticulturalists,,683,https://ehrafworldcultures.yale.edu/sres/9ebfb3cd-53ab-4537-bc67-be79db5f6e70
50e708ff-93a0-48be-ba12-9c156e01541f,"Sarbah, John Mensah, 1864-1910","Fanti customary laws: a brief introduction to the principles
         of the native laws and customs of the Fanti and Akan Districts of the Gold Coast, with a
         report of some cases thereon decided in the law courts",1904,114,Monograph,Akan,Africa,Western Africa,horticulturalists,,683,https://ehrafworldcultures.yale.edu/sres/50e708ff-93a0-48be-ba12-9c156e01541f
0d2568ec-a1dd-4c79-b3f7-b5cc910eb9bd,"Sarbah, John Mensah, 1864-1910","Fanti customary laws: a brief introduction to the principles
         of the native laws and customs of the Fanti and Akan Districts of the Gold Coast, with a
         report of some cases thereon decided in the law courts",1904,114,Monograph,Akan,Africa,Western Africa,horticulturalists,,683,https://ehrafworldcultures.yale.edu/sres/0d2568ec-a1dd-4c79-b3f7-b5cc910eb9bd
44ddbc00-43c7-4105-ab57-1f50f70f2937,"Sarbah, John Mensah, 1864-1910","Fanti customary laws: a brief introduction to the principles
         of the native laws and customs of the Fanti and Akan Districts of the Gold Coast, with a
         report of some cases thereon decided in the law courts",1904,114,Monograph,Akan,Africa,Western Africa,horticulturalists,,683,https://ehrafworldcultures.yale.edu/sres/44ddbc00-43c7-4105-ab57-1f50f70f2937
ee06e979-469f-423c-a33b-b76d8c0ce8bf,"Sarbah, John Mensah, 1864-1910","Fanti customary laws: a brief introduction to the principles
         of the native laws and customs of the Fanti and Akan Districts of the Gold Coast, with a
         report of some cases thereon decided in the law courts",1904,114,Monograph,Akan,Africa,Western Africa,horticulturalists,,"171,426,686",https://ehrafworldcultures.yale.edu/sres/ee06e979-469f-423c-a33b-b76d8c0ce8bf
f5d19674-2998-4d3a-8b37-985bcf112a4b,"Sarbah, John Mensah, 1864-1910","Fanti customary laws: a brief introduction to the principles
         of the native laws and customs of the Fanti and Akan Districts of the Gold Coast, with a
         report of some cases thereon decided in the law courts",1904,115,Monograph,Akan,Africa,Western Africa,horticulturalists,,"171,426,686",https://ehrafworldcultures.yale.edu/sres/f5d19674-2998-4d3a-8b37-985bcf112a4b
14c76392-abe0-4048-9fc4-2caac9753afd,"Sarbah, John Mensah, 1864-1910","Fanti customary laws: a brief introduction to the principles
         of the native laws and customs of the Fanti and Akan Districts of the Gold Coast, with a
         report of some cases thereon decided in the law courts",1904,115,Monograph,Akan,Africa,Western Africa,horticulturalists,,"426,686",https://ehrafworldcultures.yale.edu/sres/14c76392-abe0-4048-9fc4-2caac9753afd
e1391512-8e83-4b2f-bc5d-7c524ba78e1b,"Sarbah, John Mensah, 1864-1910","Fanti customary laws: a brief introduction to the principles
         of the native laws and customs of the Fanti and Akan Districts of the Gold Coast, with a
         report of some cases thereon decided in the law courts",1904,115,Monograph,Akan,Africa,Western Africa,horticulturalists,,"426,686",https://ehrafworldcultures.yale.edu/sres/e1391512-8e83-4b2f-bc5d-7c524ba78e1b
cc254724-bef1-4bd9-b135-7ad9b3c7a567,"Sarbah, John Mensah, 1864-1910","Fanti customary laws: a brief introduction to the principles
         of the native laws and customs of the Fanti and Akan Districts of the Gold Coast, with a
         report of some cases thereon decided in the law courts",1904,116,Monograph,Akan,Africa,Western Africa,horticulturalists,,"426,686",https://ehrafworldcultures.yale.edu/sres/cc254724-bef1-4bd9-b135-7ad9b3c7a567
b357f83e-2456-4770-a713-5f5b7b1b2450,"Sarbah, John Mensah, 1864-1910","Fanti customary laws: a brief introduction to the principles
         of the native laws and customs of the Fanti and Akan Districts of the Gold Coast, with a
         report of some cases thereon decided in the law courts",1904,116,Monograph,Akan,Africa,Western Africa,horticulturalists,,"426,686",https://ehrafworldcultures.yale.edu/sres/b357f83e-2456-4770-a713-5f5b7b1b2450
43bf886c-530e-4f74-8a7e-a8f5d250a52d,"Sarbah, John Mensah, 1864-1910","Fanti customary laws: a brief introduction to the principles
         of the native laws and customs of the Fanti and Akan Districts of the Gold Coast, with a
         report of some cases thereon decided in the law courts",1904,[p. 117],Monograph,Akan,Africa,Western Africa,horticulturalists,,684,https://ehrafworldcultures.yale.edu/sres/43bf886c-530e-4f74-8a7e-a8f5d250a52d
9edcde09-09f0-49c4-b822-f623f010f9e8,"Sarbah, John Mensah, 1864-1910","Fanti customary laws: a brief introduction to the principles
         of the native laws and customs of the Fanti and Akan Districts of the Gold Coast, with a
         report of some cases thereon decided in the law courts",1904,[p. 117],Monograph,Akan,Africa,Western Africa,horticulturalists,,684,https://ehrafworldcultures.yale.edu/sres/9edcde09-09f0-49c4-b822-f623f010f9e8
06711216-3e74-43ac-9e90-eb336d0c72f0,"Sarbah, John Mensah, 1864-1910","Fanti customary laws: a brief introduction to the principles
         of the native laws and customs of the Fanti and Akan Districts of the Gold Coast, with a
         report of some cases thereon decided in the law courts",1904,118,Monograph,Akan,Africa,Western Africa,horticulturalists,,"586,684",https://ehrafworldcultures.yale.edu/sres/06711216-3e74-43ac-9e90-eb336d0c72f0
7845d2a2-0c8f-4c26-8b94-aa7eb4e7c23b,"Sarbah, John Mensah, 1864-1910","Fanti customary laws: a brief introduction to the principles
         of the native laws and customs of the Fanti and Akan Districts of the Gold Coast, with a
         report of some cases thereon decided in the law courts",1904,118,Monograph,Akan,Africa,Western Africa,horticulturalists,,"586,684",https://ehrafworldcultures.yale.edu/sres/7845d2a2-0c8f-4c26-8b94-aa7eb4e7c23b
376fcc2d-0e6d-487f-a429-3e73ffe39de2,"Sarbah, John Mensah, 1864-1910","Fanti customary laws: a brief introduction to the principles
         of the native laws and customs of the Fanti and Akan Districts of the Gold Coast, with a
         report of some cases thereon decided in the law courts",1904,118,Monograph,Akan,Africa,Western Africa,horticulturalists,,"586,684",https://ehrafworldcultures.yale.edu/sres/376fcc2d-0e6d-487f-a429-3e73ffe39de2
655a2594-bb90-4a10-ade8-e4e9e19d8cbc,"Sarbah, John Mensah, 1864-1910","Fanti customary laws: a brief introduction to the principles
         of the native laws and customs of the Fanti and Akan Districts of the Gold Coast, with a
         report of some cases thereon decided in the law courts",1904,118,Monograph,Akan,Africa,Western Africa,horticulturalists,,684,https://ehrafworldcultures.yale.edu/sres/655a2594-bb90-4a10-ade8-e4e9e19d8cbc
56c5e323-6e3a-40f2-aa60-a2c329fbe3ab,"Sarbah, John Mensah, 1864-1910","Fanti customary laws: a brief introduction to the principles
         of the native laws and customs of the Fanti and Akan Districts of the Gold Coast, with a
         report of some cases thereon decided in the law courts",1904,118,Monograph,Akan,Africa,Western Africa,horticulturalists,,684,https://ehrafworldcultures.yale.edu/sres/56c5e323-6e3a-40f2-aa60-a2c329fbe3ab
73ea35fe-19b9-4f3f-bd74-684dcbd8b9a0,"Sarbah, John Mensah, 1864-1910","Fanti customary laws: a brief introduction to the principles
         of the native laws and customs of the Fanti and Akan Districts of the Gold Coast, with a
         report of some cases thereon decided in the law courts",1904,118,Monograph,Akan,Africa,Western Africa,horticulturalists,,684,https://ehrafworldcultures.yale.edu/sres/73ea35fe-19b9-4f3f-bd74-684dcbd8b9a0
eecd90e6-f541-4c9d-90e4-786a91da2d83,"Sarbah, John Mensah, 1864-1910","Fanti customary laws: a brief introduction to the principles
         of the native laws and customs of the Fanti and Akan Districts of the Gold Coast, with a
         report of some cases thereon decided in the law courts",1904,118,Monograph,Akan,Africa,Western Africa,horticulturalists,,684,https://ehrafworldcultures.yale.edu/sres/eecd90e6-f541-4c9d-90e4-786a91da2d83
b49dd059-fce3-42d1-b969-c56ee08bde3e,"Sarbah, John Mensah, 1864-1910","Fanti customary laws: a brief introduction to the principles
         of the native laws and customs of the Fanti and Akan Districts of the Gold Coast, with a
         report of some cases thereon decided in the law courts",1904,118,Monograph,Akan,Africa,Western Africa,horticulturalists,,"583,684",https://ehrafworldcultures.yale.edu/sres/b49dd059-fce3-42d1-b969-c56ee08bde3e
d9592ebb-1cc2-4b75-866b-e207abeb11bf,"Sarbah, John Mensah, 1864-1910","Fanti customary laws: a brief introduction to the principles
         of the native laws and customs of the Fanti and Akan Districts of the Gold Coast, with a
         report of some cases thereon decided in the law courts",1904,118,Monograph,Akan,Africa,Western Africa,horticulturalists,,"583,684",https://ehrafworldcultures.yale.edu/sres/d9592ebb-1cc2-4b75-866b-e207abeb11bf
da8bb9b5-b87e-40a6-97f9-9fbec490cbb2,"Sarbah, John Mensah, 1864-1910","Fanti customary laws: a brief introduction to the principles
         of the native laws and customs of the Fanti and Akan Districts of the Gold Coast, with a
         report of some cases thereon decided in the law courts",1904,118,Monograph,Akan,Africa,Western Africa,horticulturalists,,"583,684",https://ehrafworldcultures.yale.edu/sres/da8bb9b5-b87e-40a6-97f9-9fbec490cbb2
aa25a258-f704-4e69-ab4e-37b323748ce5,"Sarbah, John Mensah, 1864-1910","Fanti customary laws: a brief introduction to the principles
         of the native laws and customs of the Fanti and Akan Districts of the Gold Coast, with a
         report of some cases thereon decided in the law courts",1904,118,Monograph,Akan,Africa,Western Africa,horticulturalists,,"583,684",https://ehrafworldcultures.yale.edu/sres/aa25a258-f704-4e69-ab4e-37b323748ce5
04c278af-148e-431e-98cb-262f13ce75df,"Sarbah, John Mensah, 1864-1910","Fanti customary laws: a brief introduction to the principles
         of the native laws and customs of the Fanti and Akan Districts of the Gold Coast, with a
         report of some cases thereon decided in the law courts",1904,119,Monograph,Akan,Africa,Western Africa,horticulturalists,,"583,684",https://ehrafworldcultures.yale.edu/sres/04c278af-148e-431e-98cb-262f13ce75df
7212257f-8b12-4ca4-aac3-746787adc12b,"Sarbah, John Mensah, 1864-1910","Fanti customary laws: a brief introduction to the principles
         of the native laws and customs of the Fanti and Akan Districts of the Gold Coast, with a
         report of some cases thereon decided in the law courts",1904,119,Monograph,Akan,Africa,Western Africa,horticulturalists,,"583,684",https://ehrafworldcultures.yale.edu/sres/7212257f-8b12-4ca4-aac3-746787adc12b
317d2722-1304-4a48-9af0-682dc0136891,"Sarbah, John Mensah, 1864-1910","Fanti customary laws: a brief introduction to the principles
         of the native laws and customs of the Fanti and Akan Districts of the Gold Coast, with a
         report of some cases thereon decided in the law courts",1904,119,Monograph,Akan,Africa,Western Africa,horticulturalists,,"583,684",https://ehrafworldcultures.yale.edu/sres/317d2722-1304-4a48-9af0-682dc0136891
9f1b3363-296a-4f1e-be55-ffcb7b0fd580,"Sarbah, John Mensah, 1864-1910","Fanti customary laws: a brief introduction to the principles
         of the native laws and customs of the Fanti and Akan Districts of the Gold Coast, with a
         report of some cases thereon decided in the law courts",1904,119,Monograph,Akan,Africa,Western Africa,horticulturalists,,"583,684",https://ehrafworldcultures.yale.edu/sres/9f1b3363-296a-4f1e-be55-ffcb7b0fd580
3476d8fa-1cbc-41de-b6c6-9bae40e687d6,"Sarbah, John Mensah, 1864-1910","Fanti customary laws: a brief introduction to the principles
         of the native laws and customs of the Fanti and Akan Districts of the Gold Coast, with a
         report of some cases thereon decided in the law courts",1904,119,Monograph,Akan,Africa,Western Africa,horticulturalists,,"583,684",https://ehrafworldcultures.yale.edu/sres/3476d8fa-1cbc-41de-b6c6-9bae40e687d6
eeecb7f8-bda4-499f-9215-c54a84ac495f,"Sarbah, John Mensah, 1864-1910","Fanti customary laws: a brief introduction to the principles
         of the native laws and customs of the Fanti and Akan Districts of the Gold Coast, with a
         report of some cases thereon decided in the law courts",1904,119,Monograph,Akan,Africa,Western Africa,horticulturalists,,"583,684",https://ehrafworldcultures.yale.edu/sres/eeecb7f8-bda4-499f-9215-c54a84ac495f
7ebec15f-e073-4d50-a754-9bcb02220b53,"Sarbah, John Mensah, 1864-1910","Fanti customary laws: a brief introduction to the principles
         of the native laws and customs of the Fanti and Akan Districts of the Gold Coast, with a
         report of some cases thereon decided in the law courts",1904,119,Monograph,Akan,Africa,Western Africa,horticulturalists,,"583,684",https://ehrafworldcultures.yale.edu/sres/7ebec15f-e073-4d50-a754-9bcb02220b53
48524f53-52d1-43fb-b94f-b16d224ed09d,"Sarbah, John Mensah, 1864-1910","Fanti customary laws: a brief introduction to the principles
         of the native laws and customs of the Fanti and Akan Districts of the Gold Coast, with a
         report of some cases thereon decided in the law courts",1904,119,Monograph,Akan,Africa,Western Africa,horticulturalists,,"586,684",https://ehrafworldcultures.yale.edu/sres/48524f53-52d1-43fb-b94f-b16d224ed09d
adb58ca3-e0e8-4659-bf08-a1e6501cf65c,"Sarbah, John Mensah, 1864-1910","Fanti customary laws: a brief introduction to the principles
         of the native laws and customs of the Fanti and Akan Districts of the Gold Coast, with a
         report of some cases thereon decided in the law courts",1904,119,Monograph,Akan,Africa,Western Africa,horticulturalists,,"586,684",https://ehrafworldcultures.yale.edu/sres/adb58ca3-e0e8-4659-bf08-a1e6501cf65c
8580743b-3072-4b2c-80d1-db546f645f17,"Sarbah, John Mensah, 1864-1910","Fanti customary laws: a brief introduction to the principles
         of the native laws and customs of the Fanti and Akan Districts of the Gold Coast, with a
         report of some cases thereon decided in the law courts",1904,119,Monograph,Akan,Africa,Western Africa,horticulturalists,,"586,684",https://ehrafworldcultures.yale.edu/sres/8580743b-3072-4b2c-80d1-db546f645f17
f229d2a0-dd6b-41a1-bf9f-546925b31b1f,"Sarbah, John Mensah, 1864-1910","Fanti customary laws: a brief introduction to the principles
         of the native laws and customs of the Fanti and Akan Districts of the Gold Coast, with a
         report of some cases thereon decided in the law courts",1904,119,Monograph,Akan,Africa,Western Africa,horticulturalists,,"586,684",https://ehrafworldcultures.yale.edu/sres/f229d2a0-dd6b-41a1-bf9f-546925b31b1f
5916424f-1dd7-416d-aaa0-4e86b27a70f3,"Sarbah, John Mensah, 1864-1910","Fanti customary laws: a brief introduction to the principles
         of the native laws and customs of the Fanti and Akan Districts of the Gold Coast, with a
         report of some cases thereon decided in the law courts",1904,119,Monograph,Akan,Africa,Western Africa,horticulturalists,,"586,684",https://ehrafworldcultures.yale.edu/sres/5916424f-1dd7-416d-aaa0-4e86b27a70f3
30e04cb6-dc43-4808-9f1c-fc44b1936ed7,"Sarbah, John Mensah, 1864-1910","Fanti customary laws: a brief introduction to the principles
         of the native laws and customs of the Fanti and Akan Districts of the Gold Coast, with a
         report of some cases thereon decided in the law courts",1904,119,Monograph,Akan,Africa,Western Africa,horticulturalists,,"586,684",https://ehrafworldcultures.yale.edu/sres/30e04cb6-dc43-4808-9f1c-fc44b1936ed7
82d70bec-828f-4f26-b2b1-68aadc2090b9,"Sarbah, John Mensah, 1864-1910","Fanti customary laws: a brief introduction to the principles
         of the native laws and customs of the Fanti and Akan Districts of the Gold Coast, with a
         report of some cases thereon decided in the law courts",1904,120,Monograph,Akan,Africa,Western Africa,horticulturalists,,"586,684",https://ehrafworldcultures.yale.edu/sres/82d70bec-828f-4f26-b2b1-68aadc2090b9
0f5dee22-b9c0-4502-b625-a86edaf21ce5,"Sarbah, John Mensah, 1864-1910","Fanti customary laws: a brief introduction to the principles
         of the native laws and customs of the Fanti and Akan Districts of the Gold Coast, with a
         report of some cases thereon decided in the law courts",1904,120,Monograph,Akan,Africa,Western Africa,horticulturalists,,"586,684",https://ehrafworldcultures.yale.edu/sres/0f5dee22-b9c0-4502-b625-a86edaf21ce5
63b8f16d-f6cf-4fd9-ad37-ed2f58b73b72,"Sarbah, John Mensah, 1864-1910","Fanti customary laws: a brief introduction to the principles
         of the native laws and customs of the Fanti and Akan Districts of the Gold Coast, with a
         report of some cases thereon decided in the law courts",1904,120,Monograph,Akan,Africa,Western Africa,horticulturalists,,"586,684",https://ehrafworldcultures.yale.edu/sres/63b8f16d-f6cf-4fd9-ad37-ed2f58b73b72
aa8ce60a-98d0-4d60-9699-c17d5f81f291,"Sarbah, John Mensah, 1864-1910","Fanti customary laws: a brief introduction to the principles
         of the native laws and customs of the Fanti and Akan Districts of the Gold Coast, with a
         report of some cases thereon decided in the law courts",1904,120,Monograph,Akan,Africa,Western Africa,horticulturalists,,"586,684",https://ehrafworldcultures.yale.edu/sres/aa8ce60a-98d0-4d60-9699-c17d5f81f291
9d67d2d5-8d30-497a-94b3-024e78e57293,"Sarbah, John Mensah, 1864-1910","Fanti customary laws: a brief introduction to the principles
         of the native laws and customs of the Fanti and Akan Districts of the Gold Coast, with a
         report of some cases thereon decided in the law courts",1904,120,Monograph,Akan,Africa,Western Africa,horticulturalists,,"586,684",https://ehrafworldcultures.yale.edu/sres/9d67d2d5-8d30-497a-94b3-024e78e57293
94222dca-ab7b-4f03-b0b0-1d797d32dfd9,"Sarbah, John Mensah, 1864-1910","Fanti customary laws: a brief introduction to the principles
         of the native laws and customs of the Fanti and Akan Districts of the Gold Coast, with a
         report of some cases thereon decided in the law courts",1904,120,Monograph,Akan,Africa,Western Africa,horticulturalists,,"586,684",https://ehrafworldcultures.yale.edu/sres/94222dca-ab7b-4f03-b0b0-1d797d32dfd9
4a97c2ec-bc4a-4d8e-8053-d81e6fda45ef,"Sarbah, John Mensah, 1864-1910","Fanti customary laws: a brief introduction to the principles
         of the native laws and customs of the Fanti and Akan Districts of the Gold Coast, with a
         report of some cases thereon decided in the law courts",1904,120,Monograph,Akan,Africa,Western Africa,horticulturalists,,684,https://ehrafworldcultures.yale.edu/sres/4a97c2ec-bc4a-4d8e-8053-d81e6fda45ef
3d28c42d-6cf4-46fe-ba6c-afd7c129e7c5,"Sarbah, John Mensah, 1864-1910","Fanti customary laws: a brief introduction to the principles
         of the native laws and customs of the Fanti and Akan Districts of the Gold Coast, with a
         report of some cases thereon decided in the law courts",1904,120,Monograph,Akan,Africa,Western Africa,horticulturalists,,684,https://ehrafworldcultures.yale.edu/sres/3d28c42d-6cf4-46fe-ba6c-afd7c129e7c5
34e8036e-b855-4275-ac8f-83b0aebffd6d,"Sarbah, John Mensah, 1864-1910","Fanti customary laws: a brief introduction to the principles
         of the native laws and customs of the Fanti and Akan Districts of the Gold Coast, with a
         report of some cases thereon decided in the law courts",1904,120,Monograph,Akan,Africa,Western Africa,horticulturalists,,684,https://ehrafworldcultures.yale.edu/sres/34e8036e-b855-4275-ac8f-83b0aebffd6d
c6bcf432-67b5-4708-a8d6-245751bdadec,"Sarbah, John Mensah, 1864-1910","Fanti customary laws: a brief introduction to the principles
         of the native laws and customs of the Fanti and Akan Districts of the Gold Coast, with a
         report of some cases thereon decided in the law courts",1904,120,Monograph,Akan,Africa,Western Africa,horticulturalists,,684,https://ehrafworldcultures.yale.edu/sres/c6bcf432-67b5-4708-a8d6-245751bdadec
4f9257b2-56bb-4333-b1f8-a7a04e7ac194,"Sarbah, John Mensah, 1864-1910","Fanti customary laws: a brief introduction to the principles
         of the native laws and customs of the Fanti and Akan Districts of the Gold Coast, with a
         report of some cases thereon decided in the law courts",1904,120,Monograph,Akan,Africa,Western Africa,horticulturalists,,684,https://ehrafworldcultures.yale.edu/sres/4f9257b2-56bb-4333-b1f8-a7a04e7ac194
ced835d2-6cde-4729-aa78-35412fc83666,"Sarbah, John Mensah, 1864-1910","Fanti customary laws: a brief introduction to the principles
         of the native laws and customs of the Fanti and Akan Districts of the Gold Coast, with a
         report of some cases thereon decided in the law courts",1904,121,Monograph,Akan,Africa,Western Africa,horticulturalists,,684,https://ehrafworldcultures.yale.edu/sres/ced835d2-6cde-4729-aa78-35412fc83666
7013a130-74bf-4562-b7ff-eca5627cf9a5,"Sarbah, John Mensah, 1864-1910","Fanti customary laws: a brief introduction to the principles
         of the native laws and customs of the Fanti and Akan Districts of the Gold Coast, with a
         report of some cases thereon decided in the law courts",1904,121,Monograph,Akan,Africa,Western Africa,horticulturalists,,684,https://ehrafworldcultures.yale.edu/sres/7013a130-74bf-4562-b7ff-eca5627cf9a5
6d7f0faf-1964-44de-b08d-097cb2b10271,"Sarbah, John Mensah, 1864-1910","Fanti customary laws: a brief introduction to the principles
         of the native laws and customs of the Fanti and Akan Districts of the Gold Coast, with a
         report of some cases thereon decided in the law courts",1904,121,Monograph,Akan,Africa,Western Africa,horticulturalists,,"587,684",https://ehrafworldcultures.yale.edu/sres/6d7f0faf-1964-44de-b08d-097cb2b10271
7cfd35c5-a6e3-482f-a0e5-fa5f01713296,"Sarbah, John Mensah, 1864-1910","Fanti customary laws: a brief introduction to the principles
         of the native laws and customs of the Fanti and Akan Districts of the Gold Coast, with a
         report of some cases thereon decided in the law courts",1904,121,Monograph,Akan,Africa,Western Africa,horticulturalists,,"587,684",https://ehrafworldcultures.yale.edu/sres/7cfd35c5-a6e3-482f-a0e5-fa5f01713296
3073b496-09fb-46a7-bebe-e30d99d44843,"Sarbah, John Mensah, 1864-1910","Fanti customary laws: a brief introduction to the principles
         of the native laws and customs of the Fanti and Akan Districts of the Gold Coast, with a
         report of some cases thereon decided in the law courts",1904,121,Monograph,Akan,Africa,Western Africa,horticulturalists,,"583,684",https://ehrafworldcultures.yale.edu/sres/3073b496-09fb-46a7-bebe-e30d99d44843
1eaff034-d994-4144-b085-3c098e063a55,"Sarbah, John Mensah, 1864-1910","Fanti customary laws: a brief introduction to the principles
         of the native laws and customs of the Fanti and Akan Districts of the Gold Coast, with a
         report of some cases thereon decided in the law courts",1904,121,Monograph,Akan,Africa,Western Africa,horticulturalists,,"583,684",https://ehrafworldcultures.yale.edu/sres/1eaff034-d994-4144-b085-3c098e063a55
5a8d43ce-b61c-4d8a-9422-e5e1abd73714,"Sarbah, John Mensah, 1864-1910","Fanti customary laws: a brief introduction to the principles
         of the native laws and customs of the Fanti and Akan Districts of the Gold Coast, with a
         report of some cases thereon decided in the law courts",1904,122,Monograph,Akan,Africa,Western Africa,horticulturalists,,"586,685",https://ehrafworldcultures.yale.edu/sres/5a8d43ce-b61c-4d8a-9422-e5e1abd73714
7f49f697-a5b8-4bea-be64-686405618b92,"Sarbah, John Mensah, 1864-1910","Fanti customary laws: a brief introduction to the principles
         of the native laws and customs of the Fanti and Akan Districts of the Gold Coast, with a
         report of some cases thereon decided in the law courts",1904,122,Monograph,Akan,Africa,Western Africa,horticulturalists,,"586,685",https://ehrafworldcultures.yale.edu/sres/7f49f697-a5b8-4bea-be64-686405618b92
e3697b1c-d4ca-48f3-81ec-a40b4ae3f020,"Sarbah, John Mensah, 1864-1910","Fanti customary laws: a brief introduction to the principles
         of the native laws and customs of the Fanti and Akan Districts of the Gold Coast, with a
         report of some cases thereon decided in the law courts",1904,122,Monograph,Akan,Africa,Western Africa,horticulturalists,,"586,685",https://ehrafworldcultures.yale.edu/sres/e3697b1c-d4ca-48f3-81ec-a40b4ae3f020
65db0dc6-8978-4f53-9c14-f25bca9f4a55,"Sarbah, John Mensah, 1864-1910","Fanti customary laws: a brief introduction to the principles
         of the native laws and customs of the Fanti and Akan Districts of the Gold Coast, with a
         report of some cases thereon decided in the law courts",1904,122,Monograph,Akan,Africa,Western Africa,horticulturalists,,"586,685",https://ehrafworldcultures.yale.edu/sres/65db0dc6-8978-4f53-9c14-f25bca9f4a55
b0daf9f0-4f24-48dd-8d94-674e5ebb648f,"Sarbah, John Mensah, 1864-1910","Fanti customary laws: a brief introduction to the principles
         of the native laws and customs of the Fanti and Akan Districts of the Gold Coast, with a
         report of some cases thereon decided in the law courts",1904,127,Monograph,Akan,Africa,Western Africa,horticulturalists,,"686,764",https://ehrafworldcultures.yale.edu/sres/b0daf9f0-4f24-48dd-8d94-674e5ebb648f
f6d6b912-6901-4597-9ecb-9cb4915ecea7,"Sarbah, John Mensah, 1864-1910","Fanti customary laws: a brief introduction to the principles
         of the native laws and customs of the Fanti and Akan Districts of the Gold Coast, with a
         report of some cases thereon decided in the law courts",1904,127,Monograph,Akan,Africa,Western Africa,horticulturalists,,"583,686",https://ehrafworldcultures.yale.edu/sres/f6d6b912-6901-4597-9ecb-9cb4915ecea7
cc8663a7-3751-483f-9288-accdde45ed07,"Sarbah, John Mensah, 1864-1910","Fanti customary laws: a brief introduction to the principles
         of the native laws and customs of the Fanti and Akan Districts of the Gold Coast, with a
         report of some cases thereon decided in the law courts",1904,127,Monograph,Akan,Africa,Western Africa,horticulturalists,,686,https://ehrafworldcultures.yale.edu/sres/cc8663a7-3751-483f-9288-accdde45ed07
b9c1ac22-3942-4079-8a68-e528d8424bd6,"Sarbah, John Mensah, 1864-1910","Fanti customary laws: a brief introduction to the principles
         of the native laws and customs of the Fanti and Akan Districts of the Gold Coast, with a
         report of some cases thereon decided in the law courts",1904,127,Monograph,Akan,Africa,Western Africa,horticulturalists,,686,https://ehrafworldcultures.yale.edu/sres/b9c1ac22-3942-4079-8a68-e528d8424bd6
e4f641b5-9b7f-4260-ab54-8dc8a9aea9ea,"Sarbah, John Mensah, 1864-1910","Fanti customary laws: a brief introduction to the principles
         of the native laws and customs of the Fanti and Akan Districts of the Gold Coast, with a
         report of some cases thereon decided in the law courts",1904,127,Monograph,Akan,Africa,Western Africa,horticulturalists,,686,https://ehrafworldcultures.yale.edu/sres/e4f641b5-9b7f-4260-ab54-8dc8a9aea9ea
13085e9c-c8c8-4067-95c7-4094585b409f,"Sarbah, John Mensah, 1864-1910","Fanti customary laws: a brief introduction to the principles
         of the native laws and customs of the Fanti and Akan Districts of the Gold Coast, with a
         report of some cases thereon decided in the law courts",1904,128,Monograph,Akan,Africa,Western Africa,horticulturalists,,"567,683",https://ehrafworldcultures.yale.edu/sres/13085e9c-c8c8-4067-95c7-4094585b409f
623172a0-391a-4422-a0fd-fbe8d3f229c7,"Sarbah, John Mensah, 1864-1910","Fanti customary laws: a brief introduction to the principles
         of the native laws and customs of the Fanti and Akan Districts of the Gold Coast, with a
         report of some cases thereon decided in the law courts",1904,128,Monograph,Akan,Africa,Western Africa,horticulturalists,,686,https://ehrafworldcultures.yale.edu/sres/623172a0-391a-4422-a0fd-fbe8d3f229c7
4f1f329a-6596-48c2-9414-40df622e839d,"Sarbah, John Mensah, 1864-1910","Fanti customary laws: a brief introduction to the principles
         of the native laws and customs of the Fanti and Akan Districts of the Gold Coast, with a
         report of some cases thereon decided in the law courts",1904,128,Monograph,Akan,Africa,Western Africa,horticulturalists,,686,https://ehrafworldcultures.yale.edu/sres/4f1f329a-6596-48c2-9414-40df622e839d
5055fc3f-4e6f-454c-b294-dd53104e2c55,"Sarbah, John Mensah, 1864-1910","Fanti customary laws: a brief introduction to the principles
         of the native laws and customs of the Fanti and Akan Districts of the Gold Coast, with a
         report of some cases thereon decided in the law courts",1904,128,Monograph,Akan,Africa,Western Africa,horticulturalists,,686,https://ehrafworldcultures.yale.edu/sres/5055fc3f-4e6f-454c-b294-dd53104e2c55
a18018b5-9f03-4f43-94a5-561e0ebe09c7,"Sarbah, John Mensah, 1864-1910","Fanti customary laws: a brief introduction to the principles
         of the native laws and customs of the Fanti and Akan Districts of the Gold Coast, with a
         report of some cases thereon decided in the law courts",1904,128,Monograph,Akan,Africa,Western Africa,horticulturalists,,686,https://ehrafworldcultures.yale.edu/sres/a18018b5-9f03-4f43-94a5-561e0ebe09c7
1ef231f0-33bd-4fe9-b851-48a6c6703834,"Sarbah, John Mensah, 1864-1910","Fanti customary laws: a brief introduction to the principles
         of the native laws and customs of the Fanti and Akan Districts of the Gold Coast, with a
         report of some cases thereon decided in the law courts",1904,129,Monograph,Akan,Africa,Western Africa,horticulturalists,,686,https://ehrafworldcultures.yale.edu/sres/1ef231f0-33bd-4fe9-b851-48a6c6703834
106e4a5d-d994-4ce1-b84f-53d764e3a750,"Sarbah, John Mensah, 1864-1910","Fanti customary laws: a brief introduction to the principles
         of the native laws and customs of the Fanti and Akan Districts of the Gold Coast, with a
         report of some cases thereon decided in the law courts",1904,129,Monograph,Akan,Africa,Western Africa,horticulturalists,,686,https://ehrafworldcultures.yale.edu/sres/106e4a5d-d994-4ce1-b84f-53d764e3a750
69f40a3c-9326-4233-af42-43a4153f9ac6,"Sarbah, John Mensah, 1864-1910","Fanti customary laws: a brief introduction to the principles
         of the native laws and customs of the Fanti and Akan Districts of the Gold Coast, with a
         report of some cases thereon decided in the law courts",1904,129,Monograph,Akan,Africa,Western Africa,horticulturalists,,686,https://ehrafworldcultures.yale.edu/sres/69f40a3c-9326-4233-af42-43a4153f9ac6
130c5afd-8032-4aaa-aa20-f554def8c1ca,"Sarbah, John Mensah, 1864-1910","Fanti customary laws: a brief introduction to the principles
         of the native laws and customs of the Fanti and Akan Districts of the Gold Coast, with a
         report of some cases thereon decided in the law courts",1904,129,Monograph,Akan,Africa,Western Africa,horticulturalists,,686,https://ehrafworldcultures.yale.edu/sres/130c5afd-8032-4aaa-aa20-f554def8c1ca
c83f37a5-63f1-4e4f-aebe-a6869a132f21,"Sarbah, John Mensah, 1864-1910","Fanti customary laws: a brief introduction to the principles
         of the native laws and customs of the Fanti and Akan Districts of the Gold Coast, with a
         report of some cases thereon decided in the law courts",1904,129,Monograph,Akan,Africa,Western Africa,horticulturalists,,686,https://ehrafworldcultures.yale.edu/sres/c83f37a5-63f1-4e4f-aebe-a6869a132f21
bb0d1851-97f6-469c-b6a5-0406225549d7,"Sarbah, John Mensah, 1864-1910","Fanti customary laws: a brief introduction to the principles
         of the native laws and customs of the Fanti and Akan Districts of the Gold Coast, with a
         report of some cases thereon decided in the law courts",1904,129,Monograph,Akan,Africa,Western Africa,horticulturalists,,"583,584,684,686",https://ehrafworldcultures.yale.edu/sres/bb0d1851-97f6-469c-b6a5-0406225549d7
dadbc3ce-4b83-4a39-ab53-6db23d21fb29,"Sarbah, John Mensah, 1864-1910","Fanti customary laws: a brief introduction to the principles
         of the native laws and customs of the Fanti and Akan Districts of the Gold Coast, with a
         report of some cases thereon decided in the law courts",1904,129,Monograph,Akan,Africa,Western Africa,horticulturalists,,"684,686",https://ehrafworldcultures.yale.edu/sres/dadbc3ce-4b83-4a39-ab53-6db23d21fb29
e9127bb8-ee5a-49e3-ada1-790c27afbdbe,"Sarbah, John Mensah, 1864-1910","Fanti customary laws: a brief introduction to the principles
         of the native laws and customs of the Fanti and Akan Districts of the Gold Coast, with a
         report of some cases thereon decided in the law courts",1904,130,Monograph,Akan,Africa,Western Africa,horticulturalists,,"684,686",https://ehrafworldcultures.yale.edu/sres/e9127bb8-ee5a-49e3-ada1-790c27afbdbe
9d2b1be2-37e2-4ea2-b721-18fed508b2f7,"Sarbah, John Mensah, 1864-1910","Fanti customary laws: a brief introduction to the principles
         of the native laws and customs of the Fanti and Akan Districts of the Gold Coast, with a
         report of some cases thereon decided in the law courts",1904,130,Monograph,Akan,Africa,Western Africa,horticulturalists,,"684,686",https://ehrafworldcultures.yale.edu/sres/9d2b1be2-37e2-4ea2-b721-18fed508b2f7
679352eb-b37c-468e-bba5-cb107953e4e3,"Sarbah, John Mensah, 1864-1910","Fanti customary laws: a brief introduction to the principles
         of the native laws and customs of the Fanti and Akan Districts of the Gold Coast, with a
         report of some cases thereon decided in the law courts",1904,130,Monograph,Akan,Africa,Western Africa,horticulturalists,,"684,686",https://ehrafworldcultures.yale.edu/sres/679352eb-b37c-468e-bba5-cb107953e4e3
9178d698-f537-4808-973f-9ae234822867,"Sarbah, John Mensah, 1864-1910","Fanti customary laws: a brief introduction to the principles
         of the native laws and customs of the Fanti and Akan Districts of the Gold Coast, with a
         report of some cases thereon decided in the law courts",1904,130,Monograph,Akan,Africa,Western Africa,horticulturalists,,"684,686",https://ehrafworldcultures.yale.edu/sres/9178d698-f537-4808-973f-9ae234822867
e2976b84-0662-483f-ba8d-1624125ebc73,"Sarbah, John Mensah, 1864-1910","Fanti customary laws: a brief introduction to the principles
         of the native laws and customs of the Fanti and Akan Districts of the Gold Coast, with a
         report of some cases thereon decided in the law courts",1904,130,Monograph,Akan,Africa,Western Africa,horticulturalists,,"684,686",https://ehrafworldcultures.yale.edu/sres/e2976b84-0662-483f-ba8d-1624125ebc73
38346fe7-9da6-4b6a-9db0-fc16a6f4ff24,"Sarbah, John Mensah, 1864-1910","Fanti customary laws: a brief introduction to the principles
         of the native laws and customs of the Fanti and Akan Districts of the Gold Coast, with a
         report of some cases thereon decided in the law courts",1904,130,Monograph,Akan,Africa,Western Africa,horticulturalists,,"684,686",https://ehrafworldcultures.yale.edu/sres/38346fe7-9da6-4b6a-9db0-fc16a6f4ff24
14daf9cc-7ae5-4521-ac5a-06b00dccf10a,"Sarbah, John Mensah, 1864-1910","Fanti customary laws: a brief introduction to the principles
         of the native laws and customs of the Fanti and Akan Districts of the Gold Coast, with a
         report of some cases thereon decided in the law courts",1904,131,Monograph,Akan,Africa,Western Africa,horticulturalists,,"684,848",https://ehrafworldcultures.yale.edu/sres/14daf9cc-7ae5-4521-ac5a-06b00dccf10a
4cfa053c-1b33-4f56-b175-c2ce668ace22,"Sarbah, John Mensah, 1864-1910","Fanti customary laws: a brief introduction to the principles
         of the native laws and customs of the Fanti and Akan Districts of the Gold Coast, with a
         report of some cases thereon decided in the law courts",1904,131,Monograph,Akan,Africa,Western Africa,horticulturalists,,"684,848",https://ehrafworldcultures.yale.edu/sres/4cfa053c-1b33-4f56-b175-c2ce668ace22
03773df9-eb67-4eaf-a774-8164d2d89643,"Sarbah, John Mensah, 1864-1910","Fanti customary laws: a brief introduction to the principles
         of the native laws and customs of the Fanti and Akan Districts of the Gold Coast, with a
         report of some cases thereon decided in the law courts",1904,131,Monograph,Akan,Africa,Western Africa,horticulturalists,,"684,848",https://ehrafworldcultures.yale.edu/sres/03773df9-eb67-4eaf-a774-8164d2d89643
ff4694c6-c784-4706-8847-47163c5be17e,"Sarbah, John Mensah, 1864-1910","Fanti customary laws: a brief introduction to the principles
         of the native laws and customs of the Fanti and Akan Districts of the Gold Coast, with a
         report of some cases thereon decided in the law courts",1904,131,Monograph,Akan,Africa,Western Africa,horticulturalists,,"684,848",https://ehrafworldcultures.yale.edu/sres/ff4694c6-c784-4706-8847-47163c5be17e
5ffc9446-6cf7-49fd-9614-3a1b31f3983e,"Sarbah, John Mensah, 1864-1910","Fanti customary laws: a brief introduction to the principles
         of the native laws and customs of the Fanti and Akan Districts of the Gold Coast, with a
         report of some cases thereon decided in the law courts",1904,131,Monograph,Akan,Africa,Western Africa,horticulturalists,,"684,848",https://ehrafworldcultures.yale.edu/sres/5ffc9446-6cf7-49fd-9614-3a1b31f3983e
8662cbd4-23d4-4e9c-a558-12671ceee0ea,"Sarbah, John Mensah, 1864-1910","Fanti customary laws: a brief introduction to the principles
         of the native laws and customs of the Fanti and Akan Districts of the Gold Coast, with a
         report of some cases thereon decided in the law courts",1904,131,Monograph,Akan,Africa,Western Africa,horticulturalists,,"684,848",https://ehrafworldcultures.yale.edu/sres/8662cbd4-23d4-4e9c-a558-12671ceee0ea
8c8a1a6b-3d85-4720-bc35-a3065363a0d2,"Sarbah, John Mensah, 1864-1910","Fanti customary laws: a brief introduction to the principles
         of the native laws and customs of the Fanti and Akan Districts of the Gold Coast, with a
         report of some cases thereon decided in the law courts",1904,131,Monograph,Akan,Africa,Western Africa,horticulturalists,,"684,848",https://ehrafworldcultures.yale.edu/sres/8c8a1a6b-3d85-4720-bc35-a3065363a0d2
70845b6a-4103-47f6-b850-09d2ae897454,"Sarbah, John Mensah, 1864-1910","Fanti customary laws: a brief introduction to the principles
         of the native laws and customs of the Fanti and Akan Districts of the Gold Coast, with a
         report of some cases thereon decided in the law courts",1904,131,Monograph,Akan,Africa,Western Africa,horticulturalists,,"684,848",https://ehrafworldcultures.yale.edu/sres/70845b6a-4103-47f6-b850-09d2ae897454
6974fad2-0e8b-441c-8230-c469112803f8,"Sarbah, John Mensah, 1864-1910","Fanti customary laws: a brief introduction to the principles
         of the native laws and customs of the Fanti and Akan Districts of the Gold Coast, with a
         report of some cases thereon decided in the law courts",1904,132,Monograph,Akan,Africa,Western Africa,horticulturalists,,"672,686",https://ehrafworldcultures.yale.edu/sres/6974fad2-0e8b-441c-8230-c469112803f8
eb1393cb-ac8b-46c6-b530-f91c1bc37b16,"Sarbah, John Mensah, 1864-1910","Fanti customary laws: a brief introduction to the principles
         of the native laws and customs of the Fanti and Akan Districts of the Gold Coast, with a
         report of some cases thereon decided in the law courts",1904,132,Monograph,Akan,Africa,Western Africa,horticulturalists,,"672,686",https://ehrafworldcultures.yale.edu/sres/eb1393cb-ac8b-46c6-b530-f91c1bc37b16
ebb63446-75a6-4fdb-8df3-01afd06835f8,"Sarbah, John Mensah, 1864-1910","Fanti customary laws: a brief introduction to the principles
         of the native laws and customs of the Fanti and Akan Districts of the Gold Coast, with a
         report of some cases thereon decided in the law courts",1904,132,Monograph,Akan,Africa,Western Africa,horticulturalists,,"672,686",https://ehrafworldcultures.yale.edu/sres/ebb63446-75a6-4fdb-8df3-01afd06835f8
89459b80-7364-4dfc-87ab-8a3511eb9b8e,"Sarbah, John Mensah, 1864-1910","Fanti customary laws: a brief introduction to the principles
         of the native laws and customs of the Fanti and Akan Districts of the Gold Coast, with a
         report of some cases thereon decided in the law courts",1904,132,Monograph,Akan,Africa,Western Africa,horticulturalists,,"672,686",https://ehrafworldcultures.yale.edu/sres/89459b80-7364-4dfc-87ab-8a3511eb9b8e
b4438abd-ba62-41c1-a7b6-d54c8abac17b,"Sarbah, John Mensah, 1864-1910","Fanti customary laws: a brief introduction to the principles
         of the native laws and customs of the Fanti and Akan Districts of the Gold Coast, with a
         report of some cases thereon decided in the law courts",1904,132,Monograph,Akan,Africa,Western Africa,horticulturalists,,"672,686",https://ehrafworldcultures.yale.edu/sres/b4438abd-ba62-41c1-a7b6-d54c8abac17b
47e9c750-d914-44eb-a943-826f1b3e5917,"Sarbah, John Mensah, 1864-1910","Fanti customary laws: a brief introduction to the principles
         of the native laws and customs of the Fanti and Akan Districts of the Gold Coast, with a
         report of some cases thereon decided in the law courts",1904,132,Monograph,Akan,Africa,Western Africa,horticulturalists,,"672,686",https://ehrafworldcultures.yale.edu/sres/47e9c750-d914-44eb-a943-826f1b3e5917
3de856e4-d668-4ab8-9f32-74ccfe3161c9,"Sarbah, John Mensah, 1864-1910","Fanti customary laws: a brief introduction to the principles
         of the native laws and customs of the Fanti and Akan Districts of the Gold Coast, with a
         report of some cases thereon decided in the law courts",1904,132,Monograph,Akan,Africa,Western Africa,horticulturalists,,684,https://ehrafworldcultures.yale.edu/sres/3de856e4-d668-4ab8-9f32-74ccfe3161c9
06b96675-4883-4ea4-b817-e09ef98531bf,"Sarbah, John Mensah, 1864-1910","Fanti customary laws: a brief introduction to the principles
         of the native laws and customs of the Fanti and Akan Districts of the Gold Coast, with a
         report of some cases thereon decided in the law courts",1904,133,Monograph,Akan,Africa,Western Africa,horticulturalists,,684,https://ehrafworldcultures.yale.edu/sres/06b96675-4883-4ea4-b817-e09ef98531bf
8c408235-0341-4787-be01-66630ddb6517,"Sarbah, John Mensah, 1864-1910","Fanti customary laws: a brief introduction to the principles
         of the native laws and customs of the Fanti and Akan Districts of the Gold Coast, with a
         report of some cases thereon decided in the law courts",1904,133,Monograph,Akan,Africa,Western Africa,horticulturalists,,684,https://ehrafworldcultures.yale.edu/sres/8c408235-0341-4787-be01-66630ddb6517
b32e6ff1-9785-4d10-b2de-1067f6a04b87,"Sarbah, John Mensah, 1864-1910","Fanti customary laws: a brief introduction to the principles
         of the native laws and customs of the Fanti and Akan Districts of the Gold Coast, with a
         report of some cases thereon decided in the law courts",1904,133,Monograph,Akan,Africa,Western Africa,horticulturalists,,684,https://ehrafworldcultures.yale.edu/sres/b32e6ff1-9785-4d10-b2de-1067f6a04b87
cff229dc-8871-4603-bfd3-9e2f95b6caa0,"Sarbah, John Mensah, 1864-1910","Fanti customary laws: a brief introduction to the principles
         of the native laws and customs of the Fanti and Akan Districts of the Gold Coast, with a
         report of some cases thereon decided in the law courts",1904,133,Monograph,Akan,Africa,Western Africa,horticulturalists,,684,https://ehrafworldcultures.yale.edu/sres/cff229dc-8871-4603-bfd3-9e2f95b6caa0
0ba74404-614b-426c-bbee-b1e30dbec6c8,"Sarbah, John Mensah, 1864-1910","Fanti customary laws: a brief introduction to the principles
         of the native laws and customs of the Fanti and Akan Districts of the Gold Coast, with a
         report of some cases thereon decided in the law courts",1904,134,Monograph,Akan,Africa,Western Africa,horticulturalists,,"684,848",https://ehrafworldcultures.yale.edu/sres/0ba74404-614b-426c-bbee-b1e30dbec6c8
40c4bfda-1ad9-499a-b2b1-0af2dbd6f0a7,"Sarbah, John Mensah, 1864-1910","Fanti customary laws: a brief introduction to the principles
         of the native laws and customs of the Fanti and Akan Districts of the Gold Coast, with a
         report of some cases thereon decided in the law courts",1904,134,Monograph,Akan,Africa,Western Africa,horticulturalists,,"684,848",https://ehrafworldcultures.yale.edu/sres/40c4bfda-1ad9-499a-b2b1-0af2dbd6f0a7
4b3db3eb-0456-4fec-9422-ccfd2bb385b7,"Sarbah, John Mensah, 1864-1910","Fanti customary laws: a brief introduction to the principles
         of the native laws and customs of the Fanti and Akan Districts of the Gold Coast, with a
         report of some cases thereon decided in the law courts",1904,134,Monograph,Akan,Africa,Western Africa,horticulturalists,,"684,848",https://ehrafworldcultures.yale.edu/sres/4b3db3eb-0456-4fec-9422-ccfd2bb385b7
fa21dd43-139e-4a64-bd83-07c9aa6f9156,"Sarbah, John Mensah, 1864-1910","Fanti customary laws: a brief introduction to the principles
         of the native laws and customs of the Fanti and Akan Districts of the Gold Coast, with a
         report of some cases thereon decided in the law courts",1904,134,Monograph,Akan,Africa,Western Africa,horticulturalists,,"684,848",https://ehrafworldcultures.yale.edu/sres/fa21dd43-139e-4a64-bd83-07c9aa6f9156
81d838c2-5efc-431b-a92e-2f7790779144,"Sarbah, John Mensah, 1864-1910","Fanti customary laws: a brief introduction to the principles
         of the native laws and customs of the Fanti and Akan Districts of the Gold Coast, with a
         report of some cases thereon decided in the law courts",1904,134,Monograph,Akan,Africa,Western Africa,horticulturalists,,"684,848",https://ehrafworldcultures.yale.edu/sres/81d838c2-5efc-431b-a92e-2f7790779144
77abb3f3-83af-40a3-b45e-820dc9ab623f,"Sarbah, John Mensah, 1864-1910","Fanti customary laws: a brief introduction to the principles
         of the native laws and customs of the Fanti and Akan Districts of the Gold Coast, with a
         report of some cases thereon decided in the law courts",1904,134,Monograph,Akan,Africa,Western Africa,horticulturalists,,"684,848",https://ehrafworldcultures.yale.edu/sres/77abb3f3-83af-40a3-b45e-820dc9ab623f
578fc864-1743-4e5a-8c81-db6650b17dfc,"Sarbah, John Mensah, 1864-1910","Fanti customary laws: a brief introduction to the principles
         of the native laws and customs of the Fanti and Akan Districts of the Gold Coast, with a
         report of some cases thereon decided in the law courts",1904,135,Monograph,Akan,Africa,Western Africa,horticulturalists,,"684,848",https://ehrafworldcultures.yale.edu/sres/578fc864-1743-4e5a-8c81-db6650b17dfc
c048272c-1193-489d-b44b-856b9aa7c118,"Sarbah, John Mensah, 1864-1910","Fanti customary laws: a brief introduction to the principles
         of the native laws and customs of the Fanti and Akan Districts of the Gold Coast, with a
         report of some cases thereon decided in the law courts",1904,135,Monograph,Akan,Africa,Western Africa,horticulturalists,,"684,848",https://ehrafworldcultures.yale.edu/sres/c048272c-1193-489d-b44b-856b9aa7c118
4128f117-24f1-46d0-acb0-3ad3c823c01c,"Sarbah, John Mensah, 1864-1910","Fanti customary laws: a brief introduction to the principles
         of the native laws and customs of the Fanti and Akan Districts of the Gold Coast, with a
         report of some cases thereon decided in the law courts",1904,135,Monograph,Akan,Africa,Western Africa,horticulturalists,,"684,848",https://ehrafworldcultures.yale.edu/sres/4128f117-24f1-46d0-acb0-3ad3c823c01c
8c684ae5-21d1-46cf-a9f1-5c422f3c2d33,"Sarbah, John Mensah, 1864-1910","Fanti customary laws: a brief introduction to the principles
         of the native laws and customs of the Fanti and Akan Districts of the Gold Coast, with a
         report of some cases thereon decided in the law courts",1904,135,Monograph,Akan,Africa,Western Africa,horticulturalists,,"684,848",https://ehrafworldcultures.yale.edu/sres/8c684ae5-21d1-46cf-a9f1-5c422f3c2d33
23f0f3f3-b020-457f-9293-f25b5bdda73f,"Sarbah, John Mensah, 1864-1910","Fanti customary laws: a brief introduction to the principles
         of the native laws and customs of the Fanti and Akan Districts of the Gold Coast, with a
         report of some cases thereon decided in the law courts",1904,135,Monograph,Akan,Africa,Western Africa,horticulturalists,,"684,848",https://ehrafworldcultures.yale.edu/sres/23f0f3f3-b020-457f-9293-f25b5bdda73f
52788b80-78dc-4d5b-9ee7-145b23e39d57,"Sarbah, John Mensah, 1864-1910","Fanti customary laws: a brief introduction to the principles
         of the native laws and customs of the Fanti and Akan Districts of the Gold Coast, with a
         report of some cases thereon decided in the law courts",1904,135,Monograph,Akan,Africa,Western Africa,horticulturalists,,"684,848",https://ehrafworldcultures.yale.edu/sres/52788b80-78dc-4d5b-9ee7-145b23e39d57
4bcedda8-ddaf-4e59-894c-a26718647197,"Sarbah, John Mensah, 1864-1910","Fanti customary laws: a brief introduction to the principles
         of the native laws and customs of the Fanti and Akan Districts of the Gold Coast, with a
         report of some cases thereon decided in the law courts",1904,136,Monograph,Akan,Africa,Western Africa,horticulturalists,,"426,686",https://ehrafworldcultures.yale.edu/sres/4bcedda8-ddaf-4e59-894c-a26718647197
4eba49c6-848e-48b9-a7ef-4cc0e290b998,"Sarbah, John Mensah, 1864-1910","Fanti customary laws: a brief introduction to the principles
         of the native laws and customs of the Fanti and Akan Districts of the Gold Coast, with a
         report of some cases thereon decided in the law courts",1904,136,Monograph,Akan,Africa,Western Africa,horticulturalists,,"426,686",https://ehrafworldcultures.yale.edu/sres/4eba49c6-848e-48b9-a7ef-4cc0e290b998
79083648-82c4-4093-a396-2bdf351c352d,"Sarbah, John Mensah, 1864-1910","Fanti customary laws: a brief introduction to the principles
         of the native laws and customs of the Fanti and Akan Districts of the Gold Coast, with a
         report of some cases thereon decided in the law courts",1904,136,Monograph,Akan,Africa,Western Africa,horticulturalists,,"426,686",https://ehrafworldcultures.yale.edu/sres/79083648-82c4-4093-a396-2bdf351c352d
b4e26eb9-e03a-4957-8129-5f662d3e4311,"Sarbah, John Mensah, 1864-1910","Fanti customary laws: a brief introduction to the principles
         of the native laws and customs of the Fanti and Akan Districts of the Gold Coast, with a
         report of some cases thereon decided in the law courts",1904,136,Monograph,Akan,Africa,Western Africa,horticulturalists,,"426,686",https://ehrafworldcultures.yale.edu/sres/b4e26eb9-e03a-4957-8129-5f662d3e4311
ed500a25-4031-4875-9042-be37ec34b304,"Sarbah, John Mensah, 1864-1910","Fanti customary laws: a brief introduction to the principles
         of the native laws and customs of the Fanti and Akan Districts of the Gold Coast, with a
         report of some cases thereon decided in the law courts",1904,136,Monograph,Akan,Africa,Western Africa,horticulturalists,,"426,686",https://ehrafworldcultures.yale.edu/sres/ed500a25-4031-4875-9042-be37ec34b304
22ad358a-fd26-4bc9-ab3d-1b67c0f30000,"Sarbah, John Mensah, 1864-1910","Fanti customary laws: a brief introduction to the principles
         of the native laws and customs of the Fanti and Akan Districts of the Gold Coast, with a
         report of some cases thereon decided in the law courts",1904,136,Monograph,Akan,Africa,Western Africa,horticulturalists,,"426,686",https://ehrafworldcultures.yale.edu/sres/22ad358a-fd26-4bc9-ab3d-1b67c0f30000
3eace7e9-4605-49fb-97e6-d5e22bc954be,"Sarbah, John Mensah, 1864-1910","Fanti customary laws: a brief introduction to the principles
         of the native laws and customs of the Fanti and Akan Districts of the Gold Coast, with a
         report of some cases thereon decided in the law courts",1904,136,Monograph,Akan,Africa,Western Africa,horticulturalists,,"426,686",https://ehrafworldcultures.yale.edu/sres/3eace7e9-4605-49fb-97e6-d5e22bc954be
3b3414a3-2a55-43e1-a921-99ee0af05577,"Sarbah, John Mensah, 1864-1910","Fanti customary laws: a brief introduction to the principles
         of the native laws and customs of the Fanti and Akan Districts of the Gold Coast, with a
         report of some cases thereon decided in the law courts",1904,136,Monograph,Akan,Africa,Western Africa,horticulturalists,,"426,686",https://ehrafworldcultures.yale.edu/sres/3b3414a3-2a55-43e1-a921-99ee0af05577
afaf4e50-5051-44c3-8b5f-cc9c989b9172,"Sarbah, John Mensah, 1864-1910","Fanti customary laws: a brief introduction to the principles
         of the native laws and customs of the Fanti and Akan Districts of the Gold Coast, with a
         report of some cases thereon decided in the law courts",1904,142,Monograph,Akan,Africa,Western Africa,horticulturalists,,"567,689",https://ehrafworldcultures.yale.edu/sres/afaf4e50-5051-44c3-8b5f-cc9c989b9172
c5e66291-c393-4673-b7e3-d404f4e09086,"Sarbah, John Mensah, 1864-1910","Fanti customary laws: a brief introduction to the principles
         of the native laws and customs of the Fanti and Akan Districts of the Gold Coast, with a
         report of some cases thereon decided in the law courts",1904,142,Monograph,Akan,Africa,Western Africa,horticulturalists,,"567,689",https://ehrafworldcultures.yale.edu/sres/c5e66291-c393-4673-b7e3-d404f4e09086
dba67a82-baa2-472f-8aea-cb6ee84dccab,"Sarbah, John Mensah, 1864-1910","Fanti customary laws: a brief introduction to the principles
         of the native laws and customs of the Fanti and Akan Districts of the Gold Coast, with a
         report of some cases thereon decided in the law courts",1904,142,Monograph,Akan,Africa,Western Africa,horticulturalists,,"567,689",https://ehrafworldcultures.yale.edu/sres/dba67a82-baa2-472f-8aea-cb6ee84dccab
fd6dde78-7597-4fcb-9b9e-da1a0416c47d,"Sarbah, John Mensah, 1864-1910","Fanti customary laws: a brief introduction to the principles
         of the native laws and customs of the Fanti and Akan Districts of the Gold Coast, with a
         report of some cases thereon decided in the law courts",1904,142,Monograph,Akan,Africa,Western Africa,horticulturalists,,"567,689",https://ehrafworldcultures.yale.edu/sres/fd6dde78-7597-4fcb-9b9e-da1a0416c47d
82967b60-f041-40e7-86fd-eac707ceb89f,"Sarbah, John Mensah, 1864-1910","Fanti customary laws: a brief introduction to the principles
         of the native laws and customs of the Fanti and Akan Districts of the Gold Coast, with a
         report of some cases thereon decided in the law courts",1904,148,Monograph,Akan,Africa,Western Africa,horticulturalists,,"426,567,686",https://ehrafworldcultures.yale.edu/sres/82967b60-f041-40e7-86fd-eac707ceb89f
6572af5c-e935-43c0-98b5-6c00349eaa1e,"Sarbah, John Mensah, 1864-1910","Fanti customary laws: a brief introduction to the principles
         of the native laws and customs of the Fanti and Akan Districts of the Gold Coast, with a
         report of some cases thereon decided in the law courts",1904,148,Monograph,Akan,Africa,Western Africa,horticulturalists,,"426,567,686",https://ehrafworldcultures.yale.edu/sres/6572af5c-e935-43c0-98b5-6c00349eaa1e
d278e840-2ebd-44e1-9da5-4cfe2ecf690b,"Sarbah, John Mensah, 1864-1910","Fanti customary laws: a brief introduction to the principles
         of the native laws and customs of the Fanti and Akan Districts of the Gold Coast, with a
         report of some cases thereon decided in the law courts",1904,149,Monograph,Akan,Africa,Western Africa,horticulturalists,,"426,567,686",https://ehrafworldcultures.yale.edu/sres/d278e840-2ebd-44e1-9da5-4cfe2ecf690b
c49bbbea-3991-454c-9449-196a20644157,"Sarbah, John Mensah, 1864-1910","Fanti customary laws: a brief introduction to the principles
         of the native laws and customs of the Fanti and Akan Districts of the Gold Coast, with a
         report of some cases thereon decided in the law courts",1904,149,Monograph,Akan,Africa,Western Africa,horticulturalists,,"426,567,686",https://ehrafworldcultures.yale.edu/sres/c49bbbea-3991-454c-9449-196a20644157
43a2a51a-fe98-4b85-8a2b-d85edda48967,"Sarbah, John Mensah, 1864-1910","Fanti customary laws: a brief introduction to the principles
         of the native laws and customs of the Fanti and Akan Districts of the Gold Coast, with a
         report of some cases thereon decided in the law courts",1904,149,Monograph,Akan,Africa,Western Africa,horticulturalists,,"426,567,686",https://ehrafworldcultures.yale.edu/sres/43a2a51a-fe98-4b85-8a2b-d85edda48967
d69a1fec-e1da-4b0c-899c-8a6f5f737552,"Sarbah, John Mensah, 1864-1910","Fanti customary laws: a brief introduction to the principles
         of the native laws and customs of the Fanti and Akan Districts of the Gold Coast, with a
         report of some cases thereon decided in the law courts",1904,149,Monograph,Akan,Africa,Western Africa,horticulturalists,,"423,426,686",https://ehrafworldcultures.yale.edu/sres/d69a1fec-e1da-4b0c-899c-8a6f5f737552
8c0f0f15-77a2-43ac-b3fe-cdd39339959a,"Sarbah, John Mensah, 1864-1910","Fanti customary laws: a brief introduction to the principles
         of the native laws and customs of the Fanti and Akan Districts of the Gold Coast, with a
         report of some cases thereon decided in the law courts",1904,149,Monograph,Akan,Africa,Western Africa,horticulturalists,,"423,426,686",https://ehrafworldcultures.yale.edu/sres/8c0f0f15-77a2-43ac-b3fe-cdd39339959a
7289ecd8-4cdf-4c28-a1e1-c64e592a12ef,"Sarbah, John Mensah, 1864-1910","Fanti customary laws: a brief introduction to the principles
         of the native laws and customs of the Fanti and Akan Districts of the Gold Coast, with a
         report of some cases thereon decided in the law courts",1904,149,Monograph,Akan,Africa,Western Africa,horticulturalists,,"423,426,686",https://ehrafworldcultures.yale.edu/sres/7289ecd8-4cdf-4c28-a1e1-c64e592a12ef
3b3a401a-9487-4421-b11b-a72140ed4cc6,"Sarbah, John Mensah, 1864-1910","Fanti customary laws: a brief introduction to the principles
         of the native laws and customs of the Fanti and Akan Districts of the Gold Coast, with a
         report of some cases thereon decided in the law courts",1904,150,Monograph,Akan,Africa,Western Africa,horticulturalists,,"423,426,686",https://ehrafworldcultures.yale.edu/sres/3b3a401a-9487-4421-b11b-a72140ed4cc6
3355bc34-443a-4abf-a855-5549895079d2,"Sarbah, John Mensah, 1864-1910","Fanti customary laws: a brief introduction to the principles
         of the native laws and customs of the Fanti and Akan Districts of the Gold Coast, with a
         report of some cases thereon decided in the law courts",1904,150,Monograph,Akan,Africa,Western Africa,horticulturalists,,"423,426,686",https://ehrafworldcultures.yale.edu/sres/3355bc34-443a-4abf-a855-5549895079d2
03300e22-555b-4815-bd48-bbd2550d60d3,"Sarbah, John Mensah, 1864-1910","Fanti customary laws: a brief introduction to the principles
         of the native laws and customs of the Fanti and Akan Districts of the Gold Coast, with a
         report of some cases thereon decided in the law courts",1904,150,Monograph,Akan,Africa,Western Africa,horticulturalists,,"423,426,686",https://ehrafworldcultures.yale.edu/sres/03300e22-555b-4815-bd48-bbd2550d60d3
96065afd-133d-42a1-b4d7-40f950c4233d,"Sarbah, John Mensah, 1864-1910","Fanti customary laws: a brief introduction to the principles
         of the native laws and customs of the Fanti and Akan Districts of the Gold Coast, with a
         report of some cases thereon decided in the law courts",1904,150,Monograph,Akan,Africa,Western Africa,horticulturalists,,"423,426,686",https://ehrafworldcultures.yale.edu/sres/96065afd-133d-42a1-b4d7-40f950c4233d
12a574e1-7d8c-424b-b335-9d79e9ddbcab,"Sarbah, John Mensah, 1864-1910","Fanti customary laws: a brief introduction to the principles
         of the native laws and customs of the Fanti and Akan Districts of the Gold Coast, with a
         report of some cases thereon decided in the law courts",1904,150,Monograph,Akan,Africa,Western Africa,horticulturalists,,"423,426,686",https://ehrafworldcultures.yale.edu/sres/12a574e1-7d8c-424b-b335-9d79e9ddbcab
02e7b93c-7a25-473e-8888-4ca1e1224976,"Sarbah, John Mensah, 1864-1910","Fanti customary laws: a brief introduction to the principles
         of the native laws and customs of the Fanti and Akan Districts of the Gold Coast, with a
         report of some cases thereon decided in the law courts",1904,157,Monograph,Akan,Africa,Western Africa,horticulturalists,,"426,686",https://ehrafworldcultures.yale.edu/sres/02e7b93c-7a25-473e-8888-4ca1e1224976
e89276ea-af65-475e-aae7-4332ae9fcea0,"Sarbah, John Mensah, 1864-1910","Fanti customary laws: a brief introduction to the principles
         of the native laws and customs of the Fanti and Akan Districts of the Gold Coast, with a
         report of some cases thereon decided in the law courts",1904,157,Monograph,Akan,Africa,Western Africa,horticulturalists,,"426,686",https://ehrafworldcultures.yale.edu/sres/e89276ea-af65-475e-aae7-4332ae9fcea0
00b75950-e23c-477f-9be4-d5279f3bca24,"Sarbah, John Mensah, 1864-1910","Fanti customary laws: a brief introduction to the principles
         of the native laws and customs of the Fanti and Akan Districts of the Gold Coast, with a
         report of some cases thereon decided in the law courts",1904,157,Monograph,Akan,Africa,Western Africa,horticulturalists,,"426,686",https://ehrafworldcultures.yale.edu/sres/00b75950-e23c-477f-9be4-d5279f3bca24
88025c8f-5ca6-477b-80e8-63a2d2207fb3,"Sarbah, John Mensah, 1864-1910","Fanti customary laws: a brief introduction to the principles
         of the native laws and customs of the Fanti and Akan Districts of the Gold Coast, with a
         report of some cases thereon decided in the law courts",1904,158,Monograph,Akan,Africa,Western Africa,horticulturalists,,"426,686",https://ehrafworldcultures.yale.edu/sres/88025c8f-5ca6-477b-80e8-63a2d2207fb3
b0517f85-c95b-4621-b161-14ec836ecc04,"Sarbah, John Mensah, 1864-1910","Fanti customary laws: a brief introduction to the principles
         of the native laws and customs of the Fanti and Akan Districts of the Gold Coast, with a
         report of some cases thereon decided in the law courts",1904,159,Monograph,Akan,Africa,Western Africa,horticulturalists,,"426,686",https://ehrafworldcultures.yale.edu/sres/b0517f85-c95b-4621-b161-14ec836ecc04
45554a63-4693-4d58-b667-ed16bd801ac1,"Sarbah, John Mensah, 1864-1910","Fanti customary laws: a brief introduction to the principles
         of the native laws and customs of the Fanti and Akan Districts of the Gold Coast, with a
         report of some cases thereon decided in the law courts",1904,159,Monograph,Akan,Africa,Western Africa,horticulturalists,,"426,686",https://ehrafworldcultures.yale.edu/sres/45554a63-4693-4d58-b667-ed16bd801ac1
39bc77c9-2bea-45ce-8fba-745bc92f73ba,"Sarbah, John Mensah, 1864-1910","Fanti customary laws: a brief introduction to the principles
         of the native laws and customs of the Fanti and Akan Districts of the Gold Coast, with a
         report of some cases thereon decided in the law courts",1904,197,Monograph,Akan,Africa,Western Africa,horticulturalists,,"428,685",https://ehrafworldcultures.yale.edu/sres/39bc77c9-2bea-45ce-8fba-745bc92f73ba
a0bda14b-6ef2-412b-a61c-c491de164eb0,"Yankah, Kwesi","The proverb in the context of Akan rhetoric: a theory of
         proverb praxis",1989,129,Monograph,Akan,Africa,Western Africa,horticulturalists,,"113,5310,687,695",https://ehrafworldcultures.yale.edu/sres/a0bda14b-6ef2-412b-a61c-c491de164eb0
71c1a94a-3914-4c0b-815b-21bbb670e2a3,"Yankah, Kwesi","The proverb in the context of Akan rhetoric: a theory of
         proverb praxis",1989,146,Monograph,Akan,Africa,Western Africa,horticulturalists,,"5310,685,692,694,695,902",https://ehrafworldcultures.yale.edu/sres/71c1a94a-3914-4c0b-815b-21bbb670e2a3
5d7ee1eb-ff98-49de-815c-2add791bf337,"Yankah, Kwesi","The proverb in the context of Akan rhetoric: a theory of
         proverb praxis",1989,148,Monograph,Akan,Africa,Western Africa,horticulturalists,,"124,5310,687,695,902",https://ehrafworldcultures.yale.edu/sres/5d7ee1eb-ff98-49de-815c-2add791bf337
3e710311-755e-41aa-8789-4889d59a2a6c,"Yankah, Kwesi","The proverb in the context of Akan rhetoric: a theory of
         proverb praxis",1989,226,Monograph,Akan,Africa,Western Africa,horticulturalists,,"113,195,292,5310,537,685,695",https://ehrafworldcultures.yale.edu/sres/3e710311-755e-41aa-8789-4889d59a2a6c
4e6324cd-49ad-4238-bd38-bce90dbc2d75,"Yankah, Kwesi","The proverb in the context of Akan rhetoric: a theory of
         proverb praxis",1989,230,Monograph,Akan,Africa,Western Africa,horticulturalists,,"5310,685,687,695,902",https://ehrafworldcultures.yale.edu/sres/4e6324cd-49ad-4238-bd38-bce90dbc2d75
5c80dbd5-8589-4c95-8633-3d984f9dd026,"Yankah, Kwesi","The proverb in the context of Akan rhetoric: a theory of
         proverb praxis",1989,231,Monograph,Akan,Africa,Western Africa,horticulturalists,,"5310,687,695,902",https://ehrafworldcultures.yale.edu/sres/5c80dbd5-8589-4c95-8633-3d984f9dd026
1141d144-2f51-46cb-82fe-210bbf8b9f35,"Yankah, Kwesi","The proverb in the context of Akan rhetoric: a theory of
         proverb praxis",1989,232,Monograph,Akan,Africa,Western Africa,horticulturalists,,"5310,533,684,695,824,902",https://ehrafworldcultures.yale.edu/sres/1141d144-2f51-46cb-82fe-210bbf8b9f35
8bf5280e-24eb-4e22-ab75-196788c1077c,"Yankah, Kwesi","The proverb in the context of Akan rhetoric: a theory of
         proverb praxis",1989,233,Monograph,Akan,Africa,Western Africa,horticulturalists,,"5310,685,695,902",https://ehrafworldcultures.yale.edu/sres/8bf5280e-24eb-4e22-ab75-196788c1077c
fd2ef851-0674-437f-bbee-60e888785469,"Yankah, Kwesi","The proverb in the context of Akan rhetoric: a theory of
         proverb praxis",1989,234,Monograph,Akan,Africa,Western Africa,horticulturalists,,"5310,685,695,902",https://ehrafworldcultures.yale.edu/sres/fd2ef851-0674-437f-bbee-60e888785469
4470059f-ee09-405c-aad1-86a21f61219f,"Yankah, Kwesi","The proverb in the context of Akan rhetoric: a theory of
         proverb praxis",1989,234,Monograph,Akan,Africa,Western Africa,horticulturalists,,"5310,685,695,902",https://ehrafworldcultures.yale.edu/sres/4470059f-ee09-405c-aad1-86a21f61219f
39c39706-8427-4cd3-87ca-6b73a42cc625,"Yankah, Kwesi","The proverb in the context of Akan rhetoric: a theory of
         proverb praxis",1989,234,Monograph,Akan,Africa,Western Africa,horticulturalists,,"5310,685,695,902",https://ehrafworldcultures.yale.edu/sres/39c39706-8427-4cd3-87ca-6b73a42cc625
f0cd926f-7f44-4c95-bdec-fde098385d61,"Yankah, Kwesi","The proverb in the context of Akan rhetoric: a theory of
         proverb praxis",1989,234,Monograph,Akan,Africa,Western Africa,horticulturalists,,"5310,685,695",https://ehrafworldcultures.yale.edu/sres/f0cd926f-7f44-4c95-bdec-fde098385d61
043d87c0-80a2-4d3e-8501-06d0c7e9380b,"Yankah, Kwesi","The proverb in the context of Akan rhetoric: a theory of
         proverb praxis",1989,234,Monograph,Akan,Africa,Western Africa,horticulturalists,,"5310,685,695",https://ehrafworldcultures.yale.edu/sres/043d87c0-80a2-4d3e-8501-06d0c7e9380b
0064e6e3-ecce-4168-bacd-e45139c480ed,"Yankah, Kwesi","The proverb in the context of Akan rhetoric: a theory of
         proverb praxis",1989,237,Monograph,Akan,Africa,Western Africa,horticulturalists,,"5310,613,685,902",https://ehrafworldcultures.yale.edu/sres/0064e6e3-ecce-4168-bacd-e45139c480ed
b2ab77d9-ba1d-404a-a5f6-009f7348e40c,"Yankah, Kwesi","The proverb in the context of Akan rhetoric: a theory of
         proverb praxis",1989,237,Monograph,Akan,Africa,Western Africa,horticulturalists,,"5310,613,685,902",https://ehrafworldcultures.yale.edu/sres/b2ab77d9-ba1d-404a-a5f6-009f7348e40c
fcb0eedf-8d1c-496a-b79c-e5eda7cda292,"Yankah, Kwesi","The proverb in the context of Akan rhetoric: a theory of
         proverb praxis",1989,240,Monograph,Akan,Africa,Western Africa,horticulturalists,,"5310,613,685,902",https://ehrafworldcultures.yale.edu/sres/fcb0eedf-8d1c-496a-b79c-e5eda7cda292
3667b3a7-4cb0-46bd-afdb-ad440e8972f5,"Yankah, Kwesi","The proverb in the context of Akan rhetoric: a theory of
         proverb praxis",1989,240,Monograph,Akan,Africa,Western Africa,horticulturalists,,"5310,613,685,902",https://ehrafworldcultures.yale.edu/sres/3667b3a7-4cb0-46bd-afdb-ad440e8972f5
17e47f66-83ec-419f-9337-49d25653cb11,"Christensen, James Boyd",Double descent among the Fanti,1954,26,Monograph,Akan,Africa,Western Africa,horticulturalists,,"173,177,567,577,683,869",https://ehrafworldcultures.yale.edu/sres/17e47f66-83ec-419f-9337-49d25653cb11
eebefd0f-151e-448a-bf34-89638d236788,"Christensen, James Boyd",Double descent among the Fanti,1954,39,Monograph,Akan,Africa,Western Africa,horticulturalists,,"426,558,567,613,683",https://ehrafworldcultures.yale.edu/sres/eebefd0f-151e-448a-bf34-89638d236788
44d4cb9b-4e52-4a68-a3de-8a371392f442,"Christensen, James Boyd",Double descent among the Fanti,1954,51,Monograph,Akan,Africa,Western Africa,horticulturalists,,"582,587,604,684,835",https://ehrafworldcultures.yale.edu/sres/44d4cb9b-4e52-4a68-a3de-8a371392f442
34924336-73bb-4855-9196-97026f210da7,"Christensen, James Boyd",Double descent among the Fanti,1954,67,Monograph,Akan,Africa,Western Africa,horticulturalists,,"538,554,613,684,694",https://ehrafworldcultures.yale.edu/sres/34924336-73bb-4855-9196-97026f210da7
f0204616-1582-4cf2-b899-4fb8e7c100f9,"Christensen, James Boyd",Double descent among the Fanti,1954,98,Monograph,Akan,Africa,Western Africa,horticulturalists,,"683,867,868",https://ehrafworldcultures.yale.edu/sres/f0204616-1582-4cf2-b899-4fb8e7c100f9
55ea2053-188d-47fd-93bc-8025ba028c2a,"Christensen, James Boyd",Double descent among the Fanti,1954,99,Monograph,Akan,Africa,Western Africa,horticulturalists,,"593,613,672,684,836,837,864",https://ehrafworldcultures.yale.edu/sres/55ea2053-188d-47fd-93bc-8025ba028c2a
91a6e101-49fe-4d75-b35b-9d8e3f71084e,"Christensen, James Boyd",Double descent among the Fanti,1954,103,Monograph,Akan,Africa,Western Africa,horticulturalists,,"593,686,858",https://ehrafworldcultures.yale.edu/sres/91a6e101-49fe-4d75-b35b-9d8e3f71084e
ea5215df-3647-458a-9a18-3b4e6f532764,"Christensen, James Boyd",Double descent among the Fanti,1954,121,Monograph,Akan,Africa,Western Africa,horticulturalists,,"684,701,765,782",https://ehrafworldcultures.yale.edu/sres/ea5215df-3647-458a-9a18-3b4e6f532764
69974ef0-1645-46e4-99e6-49cc701e6c23,"Christensen, James Boyd",Double descent among the Fanti,1954,121,Monograph,Akan,Africa,Western Africa,horticulturalists,,"431,684,701,764,837",https://ehrafworldcultures.yale.edu/sres/69974ef0-1645-46e4-99e6-49cc701e6c23
c760aadc-e86c-47d0-a6e6-0b2dab3212e0,"Christensen, James Boyd",Double descent among the Fanti,1954,122,Monograph,Akan,Africa,Western Africa,horticulturalists,,"586,687,703,837",https://ehrafworldcultures.yale.edu/sres/c760aadc-e86c-47d0-a6e6-0b2dab3212e0
5c5de023-4ca6-4ffe-9588-3fffa7fb6195,"Christensen, James Boyd",Double descent among the Fanti,1954,122,Monograph,Akan,Africa,Western Africa,horticulturalists,,"687,701",https://ehrafworldcultures.yale.edu/sres/5c5de023-4ca6-4ffe-9588-3fffa7fb6195
79348497-04c9-4b77-b406-dc98334f0e8d,"Yankah, Kwesi","The proverb in the context of Akan rhetoric: a theory of
         proverb praxis",1989,86,Monograph,Akan,Africa,Western Africa,horticulturalists,,"113,5310,683",https://ehrafworldcultures.yale.edu/sres/79348497-04c9-4b77-b406-dc98334f0e8d
9d747ae2-8434-4666-8021-56b1b7a92979,"Yankah, Kwesi","The proverb in the context of Akan rhetoric: a theory of
         proverb praxis",1989,86,Monograph,Akan,Africa,Western Africa,horticulturalists,,"113,195,527,533,561,576,578,631,683",https://ehrafworldcultures.yale.edu/sres/9d747ae2-8434-4666-8021-56b1b7a92979
a21461a9-5a91-4ebf-ab11-0d95b29b9fab,"Hayford, J. E. Casely (Joseph Ephraim Casely),
         1866-1930","Gold Coast native institutions with thoughts upon a healthy
         imperial policy for the Gold Coast and Ashanti",1970,279,Monograph,Akan,Africa,Western Africa,horticulturalists,,"631,648,684,687,692,695",https://ehrafworldcultures.yale.edu/sres/a21461a9-5a91-4ebf-ab11-0d95b29b9fab
7096b1cf-ae03-4cc8-b5a9-3abbed6ce70b,"Hayford, J. E. Casely (Joseph Ephraim Casely),
         1866-1930","Gold Coast native institutions with thoughts upon a healthy
         imperial policy for the Gold Coast and Ashanti",1970,279,Monograph,Akan,Africa,Western Africa,horticulturalists,,"631,648,684,687,692,695",https://ehrafworldcultures.yale.edu/sres/7096b1cf-ae03-4cc8-b5a9-3abbed6ce70b
31e2f9e4-e106-4564-8175-83a63b6943dc,"Hayford, J. E. Casely (Joseph Ephraim Casely),
         1866-1930","Gold Coast native institutions with thoughts upon a healthy
         imperial policy for the Gold Coast and Ashanti",1970,279,Monograph,Akan,Africa,Western Africa,horticulturalists,,"631,648,684,687,692,695",https://ehrafworldcultures.yale.edu/sres/31e2f9e4-e106-4564-8175-83a63b6943dc
a01e6eb3-59da-4777-bb91-4b3dba10dbe3,"Hayford, J. E. Casely (Joseph Ephraim Casely),
         1866-1930","Gold Coast native institutions with thoughts upon a healthy
         imperial policy for the Gold Coast and Ashanti",1970,289,Monograph,Akan,Africa,Western Africa,horticulturalists,,"631,648,671,686,692,693,694,695",https://ehrafworldcultures.yale.edu/sres/a01e6eb3-59da-4777-bb91-4b3dba10dbe3
2b97d77b-2afb-4811-bb1e-ff47ede0f1ab,"Hayford, J. E. Casely (Joseph Ephraim Casely),
         1866-1930","Gold Coast native institutions with thoughts upon a healthy
         imperial policy for the Gold Coast and Ashanti",1970,290,Monograph,Akan,Africa,Western Africa,horticulturalists,,"423,427,631,648,686,694",https://ehrafworldcultures.yale.edu/sres/2b97d77b-2afb-4811-bb1e-ff47ede0f1ab
47f4fc2f-1299-4f22-9479-cc32b29be249,"Hayford, J. E. Casely (Joseph Ephraim Casely),
         1866-1930","Gold Coast native institutions with thoughts upon a healthy
         imperial policy for the Gold Coast and Ashanti",1970,292,Monograph,Akan,Africa,Western Africa,horticulturalists,,"423,427,631,648,686,694",https://ehrafworldcultures.yale.edu/sres/47f4fc2f-1299-4f22-9479-cc32b29be249
277f43b3-3b65-48fb-b09e-333f165a973b,"Hayford, J. E. Casely (Joseph Ephraim Casely),
         1866-1930","Gold Coast native institutions with thoughts upon a healthy
         imperial policy for the Gold Coast and Ashanti",1970,293,Monograph,Akan,Africa,Western Africa,horticulturalists,,"427,686,694",https://ehrafworldcultures.yale.edu/sres/277f43b3-3b65-48fb-b09e-333f165a973b
5bc910ae-36c7-4515-99e6-75ea24e2d7fd,"Hayford, J. E. Casely (Joseph Ephraim Casely),
         1866-1930","Gold Coast native institutions with thoughts upon a healthy
         imperial policy for the Gold Coast and Ashanti",1970,293,Monograph,Akan,Africa,Western Africa,horticulturalists,,"427,686,694",https://ehrafworldcultures.yale.edu/sres/5bc910ae-36c7-4515-99e6-75ea24e2d7fd
4f87e5b7-aeae-4f71-917c-d1a5815613b0,"Hayford, J. E. Casely (Joseph Ephraim Casely),
         1866-1930","Gold Coast native institutions with thoughts upon a healthy
         imperial policy for the Gold Coast and Ashanti",1970,293,Monograph,Akan,Africa,Western Africa,horticulturalists,,"427,686,694",https://ehrafworldcultures.yale.edu/sres/4f87e5b7-aeae-4f71-917c-d1a5815613b0
1a016b77-fe42-4744-9ae4-154168f27efd,"Hayford, J. E. Casely (Joseph Ephraim Casely),
         1866-1930","Gold Coast native institutions with thoughts upon a healthy
         imperial policy for the Gold Coast and Ashanti",1970,298,Monograph,Akan,Africa,Western Africa,horticulturalists,,"423,426,631,648,686,695",https://ehrafworldcultures.yale.edu/sres/1a016b77-fe42-4744-9ae4-154168f27efd
4b701528-895f-4b09-943a-c7a1b7e5e5ef,"Hayford, J. E. Casely (Joseph Ephraim Casely),
         1866-1930","Gold Coast native institutions with thoughts upon a healthy
         imperial policy for the Gold Coast and Ashanti",1970,299,Monograph,Akan,Africa,Western Africa,horticulturalists,,"423,426,631,648,686,695",https://ehrafworldcultures.yale.edu/sres/4b701528-895f-4b09-943a-c7a1b7e5e5ef
d2719381-5e93-42b7-a610-6e4b1085d748,"Hayford, J. E. Casely (Joseph Ephraim Casely),
         1866-1930","Gold Coast native institutions with thoughts upon a healthy
         imperial policy for the Gold Coast and Ashanti",1970,299,Monograph,Akan,Africa,Western Africa,horticulturalists,,"423,426,427,631,648,686,695",https://ehrafworldcultures.yale.edu/sres/d2719381-5e93-42b7-a610-6e4b1085d748
b1e6af19-1a56-43fc-b78b-f7d30327fbbe,"Hayford, J. E. Casely (Joseph Ephraim Casely),
         1866-1930","Gold Coast native institutions with thoughts upon a healthy
         imperial policy for the Gold Coast and Ashanti",1970,299,Monograph,Akan,Africa,Western Africa,horticulturalists,,"423,427,631,648,686,695",https://ehrafworldcultures.yale.edu/sres/b1e6af19-1a56-43fc-b78b-f7d30327fbbe
1069d3bd-ec2b-4e21-aa9b-24cfb11e8f27,"Hayford, J. E. Casely (Joseph Ephraim Casely),
         1866-1930","Gold Coast native institutions with thoughts upon a healthy
         imperial policy for the Gold Coast and Ashanti",1970,299,Monograph,Akan,Africa,Western Africa,horticulturalists,,"423,427,631,648,686,695",https://ehrafworldcultures.yale.edu/sres/1069d3bd-ec2b-4e21-aa9b-24cfb11e8f27
da8bf64c-7a96-41e7-b72b-135d855d0147,"Hayford, J. E. Casely (Joseph Ephraim Casely),
         1866-1930","Gold Coast native institutions with thoughts upon a healthy
         imperial policy for the Gold Coast and Ashanti",1970,299,Monograph,Akan,Africa,Western Africa,horticulturalists,,"423,427,631,648,686,695",https://ehrafworldcultures.yale.edu/sres/da8bf64c-7a96-41e7-b72b-135d855d0147
12f79364-f53b-4d08-b1e9-19d7a01aad5f,"Hayford, J. E. Casely (Joseph Ephraim Casely),
         1866-1930","Gold Coast native institutions with thoughts upon a healthy
         imperial policy for the Gold Coast and Ashanti",1970,299,Monograph,Akan,Africa,Western Africa,horticulturalists,,"423,427,631,648,686,695",https://ehrafworldcultures.yale.edu/sres/12f79364-f53b-4d08-b1e9-19d7a01aad5f
f900aa42-4cfd-4ccb-bb61-e64bc891381e,"Warren, Dennis M.","The Akan of Ghana: an overview of the ethnographic
         literature",1986,62,"Component part(s), monograph",Akan,Africa,Western Africa,horticulturalists,,"173,534,688",https://ehrafworldcultures.yale.edu/sres/f900aa42-4cfd-4ccb-bb61-e64bc891381e
33a83610-5a49-4ee2-9916-c9bbb5d1b15b,"Warren, Dennis M.","The Akan of Ghana: an overview of the ethnographic
         literature",1986,73,"Component part(s), monograph",Akan,Africa,Western Africa,horticulturalists,,"325,681,804",https://ehrafworldcultures.yale.edu/sres/33a83610-5a49-4ee2-9916-c9bbb5d1b15b
d9b2633e-6e09-4736-877a-020fe0393063,"Arhin, Kwame",Political and military roles of Akan women,1983,93,Essay,Akan,Africa,Western Africa,horticulturalists,,"643,684,692,783,890",https://ehrafworldcultures.yale.edu/sres/d9b2633e-6e09-4736-877a-020fe0393063
cfa8872e-83ac-4763-abec-a2e0da21e437,"Austin, Gareth","‘No elders present’: commoners and private ownership in
         Asante, 1807-96",1996,15,Journal Article,Akan,Africa,Western Africa,horticulturalists,,"439,452,686",https://ehrafworldcultures.yale.edu/sres/cfa8872e-83ac-4763-abec-a2e0da21e437
8cac0a29-88f0-4c0e-bcd7-27a0659070d0,"Danquah, J. B. (Joseph Boakye)",The Gold Coast Akan,1945,43,Monograph,Akan,Africa,Western Africa,horticulturalists,,"262,688,783",https://ehrafworldcultures.yale.edu/sres/8cac0a29-88f0-4c0e-bcd7-27a0659070d0
85361c0e-59d9-419a-a7fa-8f6444ab1af7,"Ffoulkes, Arthur",The Fanti family system,1908,404,Journal Article,Akan,Africa,Western Africa,horticulturalists,,"426,567,684",https://ehrafworldcultures.yale.edu/sres/85361c0e-59d9-419a-a7fa-8f6444ab1af7
3111652c-3f52-4404-98a2-b9ddffde67b4,"McCaskie, T. C.","Accumulation, wealth and belief in Asante history: I. to the
         close of the ninteenth century",1983,30,Journal Article,Akan,Africa,Western Africa,horticulturalists,,"113,352,643,687",https://ehrafworldcultures.yale.edu/sres/3111652c-3f52-4404-98a2-b9ddffde67b4
af49b678-72fe-4b4a-83d5-5df7d4b13cd4,"Abu, Katharine","Separateness of spouses: conjugal resources in an Ashanti
         town",1983,158,Essay,Akan,Africa,Western Africa,horticulturalists,,"166,593,684",https://ehrafworldcultures.yale.edu/sres/af49b678-72fe-4b4a-83d5-5df7d4b13cd4
ff71c10b-70fa-4f33-b205-028b6c45c67d,"Allman, Jean Marie","The youngmen and the porcupine: class, nationalism and
         Asante';s struggle for self-determination, 1954-1957",1990,275,Journal Article,Akan,Africa,Western Africa,horticulturalists,,"113,186,292,561,668,669,682",https://ehrafworldcultures.yale.edu/sres/ff71c10b-70fa-4f33-b205-028b6c45c67d
781a660e-4e63-44ab-bee4-21c909df9a05,"Connolly, R. M.",Social life in Fanti-land,1897,130,Journal Article,Akan,Africa,Western Africa,horticulturalists,,"361,367,681,769",https://ehrafworldcultures.yale.edu/sres/781a660e-4e63-44ab-bee4-21c909df9a05
841e568d-4cd4-4f4d-9197-fd86477052ed,"Connolly, R. M.",Social life in Fanti-land,1897,130,Journal Article,Akan,Africa,Western Africa,horticulturalists,,"682,762,789,792",https://ehrafworldcultures.yale.edu/sres/841e568d-4cd4-4f4d-9197-fd86477052ed
79056016-411c-43b5-bf51-b91c75f8a9f7,"Rattray, R. S. (Robert Sutherland),
         1881-1938",Ashanti,1923,50,"Component part(s), monograph",Akan,Africa,Western Africa,horticulturalists,,"614,684,782,837,843",https://ehrafworldcultures.yale.edu/sres/79056016-411c-43b5-bf51-b91c75f8a9f7
d85b6f63-7248-4129-9785-329a544078ec,"Rattray, R. S. (Robert Sutherland),
         1881-1938",Ashanti,1923,50,"Component part(s), monograph",Akan,Africa,Western Africa,horticulturalists,,"614,684,782,837,843",https://ehrafworldcultures.yale.edu/sres/d85b6f63-7248-4129-9785-329a544078ec
2a76fded-9d54-497f-86ea-fd8b68e0acc0,"Rattray, R. S. (Robert Sutherland),
         1881-1938",Ashanti,1923,227,"Component part(s), monograph",Akan,Africa,Western Africa,horticulturalists,,"421,423,672,681",https://ehrafworldcultures.yale.edu/sres/2a76fded-9d54-497f-86ea-fd8b68e0acc0
fee9fcec-b39e-42c1-a29f-b7d6533fe219,"Rattray, R. S. (Robert Sutherland),
         1881-1938",Ashanti,1923,265,"Component part(s), monograph",Akan,Africa,Western Africa,horticulturalists,,"172,533,688",https://ehrafworldcultures.yale.edu/sres/fee9fcec-b39e-42c1-a29f-b7d6533fe219
ee03ea4a-88cb-4fd4-a21d-05a0c3af2a31,"Rattray, R. S. (Robert Sutherland),
         1881-1938",Ashanti,1923,301,"Component part(s), monograph",Akan,Africa,Western Africa,horticulturalists,,"326,684",https://ehrafworldcultures.yale.edu/sres/ee03ea4a-88cb-4fd4-a21d-05a0c3af2a31
c4a42329-25bf-433e-b10f-78c7d41d2abb,"Rattray, R. S. (Robert Sutherland),
         1881-1938",Ashanti,1923,306,"Component part(s), monograph",Akan,Africa,Western Africa,horticulturalists,,"405,425,681",https://ehrafworldcultures.yale.edu/sres/c4a42329-25bf-433e-b10f-78c7d41d2abb
e1890bca-a607-457b-9789-07fc41f45569,"Rattray, R. S. (Robert Sutherland),
         1881-1938",Ashanti,1923,306,"Component part(s), monograph",Akan,Africa,Western Africa,horticulturalists,,"405,425,681",https://ehrafworldcultures.yale.edu/sres/e1890bca-a607-457b-9789-07fc41f45569
234dd897-b7a0-477d-84f6-e5882b89100f,"Rattray, R. S. (Robert Sutherland),
         1881-1938",Ashanti,1923,320,"Component part(s), monograph",Akan,Africa,Western Africa,horticulturalists,,"405,413,634,681",https://ehrafworldcultures.yale.edu/sres/234dd897-b7a0-477d-84f6-e5882b89100f
c2b91f1e-c7d2-4e07-ad30-42ad9fbc2a62,"Manoukian, Madeline",Akan and Ga-Adangme peoples of the Gold Coast,1950,51,"Component part(s), monograph",Akan,Africa,Western Africa,horticulturalists,,"553,684,766,837,842,843,844",https://ehrafworldcultures.yale.edu/sres/c2b91f1e-c7d2-4e07-ad30-42ad9fbc2a62
b12c484e-6f3d-4c77-a382-f366a7f3e9b3,"Manoukian, Madeline",Akan and Ga-Adangme peoples of the Gold Coast,1950,52,"Component part(s), monograph",Akan,Africa,Western Africa,horticulturalists,,"553,684,836,881",https://ehrafworldcultures.yale.edu/sres/b12c484e-6f3d-4c77-a382-f366a7f3e9b3
6f8d4c6c-8803-4e0d-ae9f-c68ecf83b099,"Manoukian, Madeline",Akan and Ga-Adangme peoples of the Gold Coast,1950,52,"Component part(s), monograph",Akan,Africa,Western Africa,horticulturalists,,"553,684,836,881",https://ehrafworldcultures.yale.edu/sres/6f8d4c6c-8803-4e0d-ae9f-c68ecf83b099
6a8742bd-45da-40d4-9437-f308261011ca,"Sarpong, Peter",Girls' nubility rites in Ashanti,1977,7,Monograph,Akan,Africa,Western Africa,horticulturalists,,"614,683,842",https://ehrafworldcultures.yale.edu/sres/6a8742bd-45da-40d4-9437-f308261011ca
3b4df2c0-f127-420f-bffe-4f3aa560b283,"Sarpong, Peter",Girls' nubility rites in Ashanti,1977,9,Monograph,Akan,Africa,Western Africa,horticulturalists,,"562,593,681,901,902",https://ehrafworldcultures.yale.edu/sres/3b4df2c0-f127-420f-bffe-4f3aa560b283
2634fb7b-8519-4b31-9bac-0a9641f0414f,"Sarpong, Peter",Girls' nubility rites in Ashanti,1977,38,Monograph,Akan,Africa,Western Africa,horticulturalists,,"683,881",https://ehrafworldcultures.yale.edu/sres/2634fb7b-8519-4b31-9bac-0a9641f0414f
91347e0a-d40c-47ef-bfb7-d66de2a6b08a,"Sarpong, Peter",Girls' nubility rites in Ashanti,1977,47,Monograph,Akan,Africa,Western Africa,horticulturalists,,"684,826,834,841,881",https://ehrafworldcultures.yale.edu/sres/91347e0a-d40c-47ef-bfb7-d66de2a6b08a
91cd6030-e3d8-4fc2-a626-5dd2b979a667,"Sarpong, Peter",Girls' nubility rites in Ashanti,1977,47,Monograph,Akan,Africa,Western Africa,horticulturalists,,"684,826,834,841,881",https://ehrafworldcultures.yale.edu/sres/91cd6030-e3d8-4fc2-a626-5dd2b979a667
9156a3b3-c7e9-4fa8-b04b-cb44a35350aa,"Sarpong, Peter",Girls' nubility rites in Ashanti,1977,47,Monograph,Akan,Africa,Western Africa,horticulturalists,,"684,826,834,841,881",https://ehrafworldcultures.yale.edu/sres/9156a3b3-c7e9-4fa8-b04b-cb44a35350aa
ce52d4ff-9433-4f07-bf1d-226bc1be7af1,"Sarpong, Peter",Girls' nubility rites in Ashanti,1977,47,Monograph,Akan,Africa,Western Africa,horticulturalists,,"684,782,881",https://ehrafworldcultures.yale.edu/sres/ce52d4ff-9433-4f07-bf1d-226bc1be7af1
6f31d7c3-c08a-4a4c-8eed-70d220540efe,"Sarpong, Peter",Girls' nubility rites in Ashanti,1977,48,Monograph,Akan,Africa,Western Africa,horticulturalists,,"684,782,881",https://ehrafworldcultures.yale.edu/sres/6f31d7c3-c08a-4a4c-8eed-70d220540efe
721c4eea-d243-4c96-ae3d-da9b80eb27c7,"Sarpong, Peter",Girls' nubility rites in Ashanti,1977,48,Monograph,Akan,Africa,Western Africa,horticulturalists,,"684,782,881",https://ehrafworldcultures.yale.edu/sres/721c4eea-d243-4c96-ae3d-da9b80eb27c7
1a32c2e0-1a51-40c6-85f6-a6b0cc93f94e,"Sarpong, Peter",Girls' nubility rites in Ashanti,1977,48,Monograph,Akan,Africa,Western Africa,horticulturalists,,"577,614,684,776,881",https://ehrafworldcultures.yale.edu/sres/1a32c2e0-1a51-40c6-85f6-a6b0cc93f94e
9c69988e-bbe2-43ab-8cc4-a55ed063347c,"Sarpong, Peter",Girls' nubility rites in Ashanti,1977,48,Monograph,Akan,Africa,Western Africa,horticulturalists,,"684,827,881",https://ehrafworldcultures.yale.edu/sres/9c69988e-bbe2-43ab-8cc4-a55ed063347c
105a0017-a406-4897-be12-0109418745bf,"Sarpong, Peter",Girls' nubility rites in Ashanti,1977,48,Monograph,Akan,Africa,Western Africa,horticulturalists,,"684,783",https://ehrafworldcultures.yale.edu/sres/105a0017-a406-4897-be12-0109418745bf
ef80893e-e2c9-435b-bb75-32c80b21e778,"Sarpong, Peter",Girls' nubility rites in Ashanti,1977,49,Monograph,Akan,Africa,Western Africa,horticulturalists,,"684,847,881",https://ehrafworldcultures.yale.edu/sres/ef80893e-e2c9-435b-bb75-32c80b21e778
012f3fd0-45ec-4dd1-9d53-8495cfd92ff9,"Sarpong, Peter",Girls' nubility rites in Ashanti,1977,49,Monograph,Akan,Africa,Western Africa,horticulturalists,,"631,684,881",https://ehrafworldcultures.yale.edu/sres/012f3fd0-45ec-4dd1-9d53-8495cfd92ff9
b262e790-fdfe-4020-8a2e-4aed1177b59f,"Sarpong, Peter",Girls' nubility rites in Ashanti,1977,49,Monograph,Akan,Africa,Western Africa,horticulturalists,,"684,881",https://ehrafworldcultures.yale.edu/sres/b262e790-fdfe-4020-8a2e-4aed1177b59f
902f62d1-f04a-443c-9175-12902196c059,"Sarpong, Peter",Girls' nubility rites in Ashanti,1977,49,Monograph,Akan,Africa,Western Africa,horticulturalists,,"684,881",https://ehrafworldcultures.yale.edu/sres/902f62d1-f04a-443c-9175-12902196c059
071e942b-50eb-49a3-8e58-e80c7c57fee0,"Sarpong, Peter",Girls' nubility rites in Ashanti,1977,49,Monograph,Akan,Africa,Western Africa,horticulturalists,,"631,684,783,881",https://ehrafworldcultures.yale.edu/sres/071e942b-50eb-49a3-8e58-e80c7c57fee0
76186a81-ed59-4055-ab01-87acb5376bfe,"Sarpong, Peter",Girls' nubility rites in Ashanti,1977,50,Monograph,Akan,Africa,Western Africa,horticulturalists,,"684,783,822,824",https://ehrafworldcultures.yale.edu/sres/76186a81-ed59-4055-ab01-87acb5376bfe
6784e8e2-7ddf-4dfe-b754-0ff637f82256,"Sarpong, Peter",Girls' nubility rites in Ashanti,1977,50,Monograph,Akan,Africa,Western Africa,horticulturalists,,"684,782,783,824,826,831",https://ehrafworldcultures.yale.edu/sres/6784e8e2-7ddf-4dfe-b754-0ff637f82256
b9911dbc-f6f8-4021-8000-3188ed25738e,"Sarpong, Peter",Girls' nubility rites in Ashanti,1977,51,Monograph,Akan,Africa,Western Africa,horticulturalists,,"684,783,825",https://ehrafworldcultures.yale.edu/sres/b9911dbc-f6f8-4021-8000-3188ed25738e
c343857c-c37b-4fbf-825c-50ff4f842b8a,"Sarpong, Peter",Girls' nubility rites in Ashanti,1977,51,Monograph,Akan,Africa,Western Africa,horticulturalists,,"684,783",https://ehrafworldcultures.yale.edu/sres/c343857c-c37b-4fbf-825c-50ff4f842b8a
72003fea-9067-4650-aea3-d417c7a18812,"Sarpong, Peter",Girls' nubility rites in Ashanti,1977,51,Monograph,Akan,Africa,Western Africa,horticulturalists,,"684,782",https://ehrafworldcultures.yale.edu/sres/72003fea-9067-4650-aea3-d417c7a18812
fdb7bdbc-5dc4-408d-a038-6362e0fd5484,"Sarpong, Peter",Girls' nubility rites in Ashanti,1977,51,Monograph,Akan,Africa,Western Africa,horticulturalists,,"684,782,783",https://ehrafworldcultures.yale.edu/sres/fdb7bdbc-5dc4-408d-a038-6362e0fd5484
3663e9df-b3a1-4d81-ad53-c5baa77f8ce9,"Sarpong, Peter",Girls' nubility rites in Ashanti,1977,52,Monograph,Akan,Africa,Western Africa,horticulturalists,,"684,783",https://ehrafworldcultures.yale.edu/sres/3663e9df-b3a1-4d81-ad53-c5baa77f8ce9
6bb9e624-85f2-4c86-9b63-fb9ef0a54107,"Sarpong, Peter",Girls' nubility rites in Ashanti,1977,52,Monograph,Akan,Africa,Western Africa,horticulturalists,,"684,783",https://ehrafworldcultures.yale.edu/sres/6bb9e624-85f2-4c86-9b63-fb9ef0a54107
91887cb4-d69d-4df4-aed2-20ef905833d4,"Sarpong, Peter",Girls' nubility rites in Ashanti,1977,52,Monograph,Akan,Africa,Western Africa,horticulturalists,,"684,762",https://ehrafworldcultures.yale.edu/sres/91887cb4-d69d-4df4-aed2-20ef905833d4
e65425fe-5a61-4d74-abe3-b72c5b63dd5d,"Sarpong, Peter",Girls' nubility rites in Ashanti,1977,52,Monograph,Akan,Africa,Western Africa,horticulturalists,,"684,762",https://ehrafworldcultures.yale.edu/sres/e65425fe-5a61-4d74-abe3-b72c5b63dd5d
5ea8df1f-a63a-4747-91b4-85fbaaf34ca8,"Sarpong, Peter",Girls' nubility rites in Ashanti,1977,52,Monograph,Akan,Africa,Western Africa,horticulturalists,,"184,684,828",https://ehrafworldcultures.yale.edu/sres/5ea8df1f-a63a-4747-91b4-85fbaaf34ca8
ca5faa9f-cf3f-4484-aac5-73a68cf7327e,"Sarpong, Peter",Girls' nubility rites in Ashanti,1977,52,Monograph,Akan,Africa,Western Africa,horticulturalists,,"684,828",https://ehrafworldcultures.yale.edu/sres/ca5faa9f-cf3f-4484-aac5-73a68cf7327e
f07b1ff3-ecba-4b01-8a00-09823194bbad,"Sarpong, Peter",Girls' nubility rites in Ashanti,1977,53,Monograph,Akan,Africa,Western Africa,horticulturalists,,"562,684,688,783,881",https://ehrafworldcultures.yale.edu/sres/f07b1ff3-ecba-4b01-8a00-09823194bbad
40d847cd-5339-4bd3-93e3-d392241315d2,"Sarpong, Peter",Girls' nubility rites in Ashanti,1977,54,Monograph,Akan,Africa,Western Africa,horticulturalists,,"121,684,783,881",https://ehrafworldcultures.yale.edu/sres/40d847cd-5339-4bd3-93e3-d392241315d2
31392da2-e8a6-40b0-9e05-7b429589612d,"Sarpong, Peter",Girls' nubility rites in Ashanti,1977,55,Monograph,Akan,Africa,Western Africa,horticulturalists,,"121,684,783,881",https://ehrafworldcultures.yale.edu/sres/31392da2-e8a6-40b0-9e05-7b429589612d
e6925a50-da9c-4c04-a2ef-68700ce5661c,"Sarpong, Peter",Girls' nubility rites in Ashanti,1977,62,Monograph,Akan,Africa,Western Africa,horticulturalists,,"262,684,783,826",https://ehrafworldcultures.yale.edu/sres/e6925a50-da9c-4c04-a2ef-68700ce5661c
ba46e008-72ba-4a66-88e7-f76df6a7296c,"Sarpong, Peter",Girls' nubility rites in Ashanti,1977,68,Monograph,Akan,Africa,Western Africa,horticulturalists,,"682,684,782,789",https://ehrafworldcultures.yale.edu/sres/ba46e008-72ba-4a66-88e7-f76df6a7296c
8febd2d2-13c0-4c16-8903-4efe52c558e7,"Sarpong, Peter",Girls' nubility rites in Ashanti,1977,70,Monograph,Akan,Africa,Western Africa,horticulturalists,,"684,783,822,881",https://ehrafworldcultures.yale.edu/sres/8febd2d2-13c0-4c16-8903-4efe52c558e7
718023c9-c801-42bb-8b3c-347febe99874,"Sarpong, Peter",Girls' nubility rites in Ashanti,1977,70,Monograph,Akan,Africa,Western Africa,horticulturalists,,"291,302,586,684,695,764,783,793,822",https://ehrafworldcultures.yale.edu/sres/718023c9-c801-42bb-8b3c-347febe99874
3c3d0340-53c5-447c-87fa-4e26b352fc20,"Sarpong, Peter",Girls' nubility rites in Ashanti,1977,76,Monograph,Akan,Africa,Western Africa,horticulturalists,,"684,884",https://ehrafworldcultures.yale.edu/sres/3c3d0340-53c5-447c-87fa-4e26b352fc20
1d27ad85-5dec-4dc7-abe1-6624407b2378,"Sarpong, Peter",Girls' nubility rites in Ashanti,1977,77,Monograph,Akan,Africa,Western Africa,horticulturalists,,"682,684,764,783,825,843",https://ehrafworldcultures.yale.edu/sres/1d27ad85-5dec-4dc7-abe1-6624407b2378
51deeba2-662c-4faa-829f-df4bb4f78be6,"Sarpong, Peter",Girls' nubility rites in Ashanti,1977,77,Monograph,Akan,Africa,Western Africa,horticulturalists,,684,https://ehrafworldcultures.yale.edu/sres/51deeba2-662c-4faa-829f-df4bb4f78be6
e5d36844-db4b-4c51-bb98-41ed2c65f821,"Sarpong, Peter",Girls' nubility rites in Ashanti,1977,78,Monograph,Akan,Africa,Western Africa,horticulturalists,,"535,689,831,832,833,834,881,901,902",https://ehrafworldcultures.yale.edu/sres/e5d36844-db4b-4c51-bb98-41ed2c65f821
c068574d-e379-4aa6-8398-da72f8daf7d0,"Sarpong, Peter",Girls' nubility rites in Ashanti,1977,79,Monograph,Akan,Africa,Western Africa,horticulturalists,,"535,689,831,832,833,834,881",https://ehrafworldcultures.yale.edu/sres/c068574d-e379-4aa6-8398-da72f8daf7d0
e3172a66-e45e-499e-b688-f0cfa2201c54,"Sarpong, Peter",Girls' nubility rites in Ashanti,1977,97,Monograph,Akan,Africa,Western Africa,horticulturalists,,"177,684,842",https://ehrafworldcultures.yale.edu/sres/e3172a66-e45e-499e-b688-f0cfa2201c54
404c864d-7e3d-4101-81fc-f7c15d167db6,"Rattray, R. S. (Robert Sutherland),
         1881-1938",Ashanti,1923,108,"Component part(s), monograph",Akan,Africa,Western Africa,horticulturalists,,"688,784,796",https://ehrafworldcultures.yale.edu/sres/404c864d-7e3d-4101-81fc-f7c15d167db6
3e41e407-938e-46c7-8562-8db79e144adf,"Rattray, R. S. (Robert Sutherland),
         1881-1938",Ashanti,1923,125,"Component part(s), monograph",Akan,Africa,Western Africa,horticulturalists,,"486,688",https://ehrafworldcultures.yale.edu/sres/3e41e407-938e-46c7-8562-8db79e144adf
bc69e1e3-c76a-4cf6-a319-f4f932cebfe4,"Rattray, R. S. (Robert Sutherland),
         1881-1938",Ashanti,1923,138,"Component part(s), monograph",Akan,Africa,Western Africa,horticulturalists,,"684,769,782",https://ehrafworldcultures.yale.edu/sres/bc69e1e3-c76a-4cf6-a319-f4f932cebfe4
71f11978-69bd-4a34-9383-334d7e372c96,"Rattray, R. S. (Robert Sutherland),
         1881-1938",Ashanti,1923,138,"Component part(s), monograph",Akan,Africa,Western Africa,horticulturalists,,"684,769,782",https://ehrafworldcultures.yale.edu/sres/71f11978-69bd-4a34-9383-334d7e372c96
712121f4-7599-4ad9-9733-a75310d51e57,"Rattray, R. S. (Robert Sutherland),
         1881-1938",Ashanti,1923,154,"Component part(s), monograph",Akan,Africa,Western Africa,horticulturalists,,"684,786,796",https://ehrafworldcultures.yale.edu/sres/712121f4-7599-4ad9-9733-a75310d51e57
e3582fdb-462b-41b9-8ed0-fda4596ddf84,"Rattray, R. S. (Robert Sutherland),
         1881-1938",Ashanti,1923,154,"Component part(s), monograph",Akan,Africa,Western Africa,horticulturalists,,"684,786,796",https://ehrafworldcultures.yale.edu/sres/e3582fdb-462b-41b9-8ed0-fda4596ddf84
66e46582-ec42-4b88-8101-de31652b9a16,"Field, M. J. (Margaret Joyce)","Search for security: an ethno-psychiatric study of rural
         Ghana",1970,440,Monograph,Akan,Africa,Western Africa,horticulturalists,,"159,682,784",https://ehrafworldcultures.yale.edu/sres/66e46582-ec42-4b88-8101-de31652b9a16
a0673b1e-9355-4e67-8d2c-4e61b68a7246,"Field, M. J. (Margaret Joyce)","Search for security: an ethno-psychiatric study of rural
         Ghana",1970,443,Monograph,Akan,Africa,Western Africa,horticulturalists,,"159,688,753",https://ehrafworldcultures.yale.edu/sres/a0673b1e-9355-4e67-8d2c-4e61b68a7246
56e8cdd3-bf9b-4e72-b6a3-372de7c1c45e,"Field, M. J. (Margaret Joyce)","Search for security: an ethno-psychiatric study of rural
         Ghana",1970,461,Monograph,Akan,Africa,Western Africa,horticulturalists,,"158,159,681,692",https://ehrafworldcultures.yale.edu/sres/56e8cdd3-bf9b-4e72-b6a3-372de7c1c45e
d5bd369e-4c99-458b-b3c3-ed4b12d1737f,"Field, M. J. (Margaret Joyce)","Search for security: an ethno-psychiatric study of rural
         Ghana",1970,73,Monograph,Akan,Africa,Western Africa,horticulturalists,,"159,688,787,793",https://ehrafworldcultures.yale.edu/sres/d5bd369e-4c99-458b-b3c3-ed4b12d1737f
77f4c32a-82fa-4a3b-b684-047b85f2c72f,"Field, M. J. (Margaret Joyce)","Search for security: an ethno-psychiatric study of rural
         Ghana",1970,107,Monograph,Akan,Africa,Western Africa,horticulturalists,,"152,212,369,435,464,511,683,778",https://ehrafworldcultures.yale.edu/sres/77f4c32a-82fa-4a3b-b684-047b85f2c72f
2ccb95db-8a19-4d7a-8b19-669897e26da4,"Field, M. J. (Margaret Joyce)","Search for security: an ethno-psychiatric study of rural
         Ghana",1970,110,Monograph,Akan,Africa,Western Africa,horticulturalists,,"154,159,426,625,682,754,778,787",https://ehrafworldcultures.yale.edu/sres/2ccb95db-8a19-4d7a-8b19-669897e26da4
8773aa11-da19-4235-96f9-5fa556bf2cb6,"Field, M. J. (Margaret Joyce)","Search for security: an ethno-psychiatric study of rural
         Ghana",1970,113,Monograph,Akan,Africa,Western Africa,horticulturalists,,"158,684,753,755,778",https://ehrafworldcultures.yale.edu/sres/8773aa11-da19-4235-96f9-5fa556bf2cb6
56ea27b5-4614-47d0-b651-45f844796506,"Field, M. J. (Margaret Joyce)","Search for security: an ethno-psychiatric study of rural
         Ghana",1970,113,Monograph,Akan,Africa,Western Africa,horticulturalists,,"683,753,778",https://ehrafworldcultures.yale.edu/sres/56ea27b5-4614-47d0-b651-45f844796506
8d5347c5-f1ca-4840-9bce-9e4329de3257,"Field, M. J. (Margaret Joyce)","Search for security: an ethno-psychiatric study of rural
         Ghana",1970,125,Monograph,Akan,Africa,Western Africa,horticulturalists,,"685,778",https://ehrafworldcultures.yale.edu/sres/8d5347c5-f1ca-4840-9bce-9e4329de3257
8559db42-eedf-48eb-b12f-d7d7de4890e6,"Field, M. J. (Margaret Joyce)","Search for security: an ethno-psychiatric study of rural
         Ghana",1970,125,Monograph,Akan,Africa,Western Africa,horticulturalists,,"454,685,778",https://ehrafworldcultures.yale.edu/sres/8559db42-eedf-48eb-b12f-d7d7de4890e6
e14b0da1-7e15-497c-8331-a93b2725f26a,"Field, M. J. (Margaret Joyce)","Search for security: an ethno-psychiatric study of rural
         Ghana",1970,165,Monograph,Akan,Africa,Western Africa,horticulturalists,,"158,159,685,733,754,886",https://ehrafworldcultures.yale.edu/sres/e14b0da1-7e15-497c-8331-a93b2725f26a
e692f9f1-8104-4cb8-82ef-24281aacbf25,"Field, M. J. (Margaret Joyce)","Search for security: an ethno-psychiatric study of rural
         Ghana",1970,232,Monograph,Akan,Africa,Western Africa,horticulturalists,,"158,159,164,685",https://ehrafworldcultures.yale.edu/sres/e692f9f1-8104-4cb8-82ef-24281aacbf25
a0778537-3cc1-4046-b240-b875231c4cd4,"Field, M. J. (Margaret Joyce)","Search for security: an ethno-psychiatric study of rural
         Ghana",1970,233,Monograph,Akan,Africa,Western Africa,horticulturalists,,"158,159,685,783",https://ehrafworldcultures.yale.edu/sres/a0778537-3cc1-4046-b240-b875231c4cd4
5f2f5cc6-e572-47c5-bd2c-65af9de687fa,"Field, M. J. (Margaret Joyce)","Search for security: an ethno-psychiatric study of rural
         Ghana",1970,233,Monograph,Akan,Africa,Western Africa,horticulturalists,,"158,159,164,685",https://ehrafworldcultures.yale.edu/sres/5f2f5cc6-e572-47c5-bd2c-65af9de687fa
f0d6c488-2f77-4894-8311-fe73b5a60f18,"Field, M. J. (Margaret Joyce)","Search for security: an ethno-psychiatric study of rural
         Ghana",1970,266,Monograph,Akan,Africa,Western Africa,horticulturalists,,"152,159,685,784",https://ehrafworldcultures.yale.edu/sres/f0d6c488-2f77-4894-8311-fe73b5a60f18
3c958a25-46ca-4a10-b6bc-1ae5fe1e4b69,"Field, M. J. (Margaret Joyce)","Search for security: an ethno-psychiatric study of rural
         Ghana",1970,266,Monograph,Akan,Africa,Western Africa,horticulturalists,,"152,159,685,784",https://ehrafworldcultures.yale.edu/sres/3c958a25-46ca-4a10-b6bc-1ae5fe1e4b69
034b866c-e4b8-456b-87b3-a7f7167732c9,"Field, M. J. (Margaret Joyce)","Search for security: an ethno-psychiatric study of rural
         Ghana",1970,266,Monograph,Akan,Africa,Western Africa,horticulturalists,,"152,159,685,784",https://ehrafworldcultures.yale.edu/sres/034b866c-e4b8-456b-87b3-a7f7167732c9
a97decde-1c3a-4888-b8ad-767f9d26f814,"Field, M. J. (Margaret Joyce)","Search for security: an ethno-psychiatric study of rural
         Ghana",1970,266,Monograph,Akan,Africa,Western Africa,horticulturalists,,"152,159,685",https://ehrafworldcultures.yale.edu/sres/a97decde-1c3a-4888-b8ad-767f9d26f814
18205acb-68d5-4772-a22f-d8acd89762bd,"Field, M. J. (Margaret Joyce)","Search for security: an ethno-psychiatric study of rural
         Ghana",1970,267,Monograph,Akan,Africa,Western Africa,horticulturalists,,"152,159,685",https://ehrafworldcultures.yale.edu/sres/18205acb-68d5-4772-a22f-d8acd89762bd
745bf001-6306-44c8-badb-f2cc2158ade4,"Field, M. J. (Margaret Joyce)","Search for security: an ethno-psychiatric study of rural
         Ghana",1970,267,Monograph,Akan,Africa,Western Africa,horticulturalists,,"152,159,685",https://ehrafworldcultures.yale.edu/sres/745bf001-6306-44c8-badb-f2cc2158ade4
f76f0351-1d26-4169-bfac-251b0e8b5e9c,"Field, M. J. (Margaret Joyce)","Search for security: an ethno-psychiatric study of rural
         Ghana",1970,267,Monograph,Akan,Africa,Western Africa,horticulturalists,,"152,159,685,782",https://ehrafworldcultures.yale.edu/sres/f76f0351-1d26-4169-bfac-251b0e8b5e9c
b2ccd9b6-502d-422d-9edf-e4a51249f914,"Field, M. J. (Margaret Joyce)","Search for security: an ethno-psychiatric study of rural
         Ghana",1970,267,Monograph,Akan,Africa,Western Africa,horticulturalists,,"152,159,685",https://ehrafworldcultures.yale.edu/sres/b2ccd9b6-502d-422d-9edf-e4a51249f914
59243cd7-0e1b-4b69-a052-1eaf9d94ebfd,"Field, M. J. (Margaret Joyce)","Search for security: an ethno-psychiatric study of rural
         Ghana",1970,267,Monograph,Akan,Africa,Western Africa,horticulturalists,,"152,159,685",https://ehrafworldcultures.yale.edu/sres/59243cd7-0e1b-4b69-a052-1eaf9d94ebfd
3ebe5827-270e-4e99-97d4-f10dcdd0d2ac,"Field, M. J. (Margaret Joyce)","Search for security: an ethno-psychiatric study of rural
         Ghana",1970,267,Monograph,Akan,Africa,Western Africa,horticulturalists,,"152,159,575,685,784",https://ehrafworldcultures.yale.edu/sres/3ebe5827-270e-4e99-97d4-f10dcdd0d2ac
f64d9439-9ce4-4a48-b117-8dce608b15b4,"Field, M. J. (Margaret Joyce)","Search for security: an ethno-psychiatric study of rural
         Ghana",1970,391,Monograph,Akan,Africa,Western Africa,horticulturalists,,"158,159,164,684",https://ehrafworldcultures.yale.edu/sres/f64d9439-9ce4-4a48-b117-8dce608b15b4
1cd4dab2-ecde-4500-a2b4-fe2784b18425,"Field, M. J. (Margaret Joyce)","Search for security: an ethno-psychiatric study of rural
         Ghana",1970,418,Monograph,Akan,Africa,Western Africa,horticulturalists,,"158,159,685,754,778",https://ehrafworldcultures.yale.edu/sres/1cd4dab2-ecde-4500-a2b4-fe2784b18425
ccd1de23-8bdd-41a1-abd9-59a907cbf24d,"Ross, Doran, H.",Fighting with art: appliquéd flags of the Fante Asafo,1979,3,Monograph,Akan,Africa,Western Africa,horticulturalists,,"178,578,682,701",https://ehrafworldcultures.yale.edu/sres/ccd1de23-8bdd-41a1-abd9-59a907cbf24d
6dcf095d-bd20-4a76-925d-e882623dc293,"Ross, Doran, H.",Fighting with art: appliquéd flags of the Fante Asafo,1979,14,Monograph,Akan,Africa,Western Africa,horticulturalists,,"212,5311,578,682,701,703,714",https://ehrafworldcultures.yale.edu/sres/6dcf095d-bd20-4a76-925d-e882623dc293
4f5ce7d3-57c0-41aa-90e6-7cc2ba719a63,"Debrunner, Hans W.","Witchcraft in Ghana: a study on the belief in destructive
         witches and its effect on the Akan tribes",1961,103,Monograph,Akan,Africa,Western Africa,horticulturalists,,"000,683,754,762",https://ehrafworldcultures.yale.edu/sres/4f5ce7d3-57c0-41aa-90e6-7cc2ba719a63
f45f0df8-d6c0-47f0-9fda-cfc2ab1e22a9,"Debrunner, Hans W.","Witchcraft in Ghana: a study on the belief in destructive
         witches and its effect on the Akan tribes",1961,112,Monograph,Akan,Africa,Western Africa,horticulturalists,,"577,673,688,754,776,793,794",https://ehrafworldcultures.yale.edu/sres/f45f0df8-d6c0-47f0-9fda-cfc2ab1e22a9
347dca75-cda2-4371-8e57-81e67ae4cb22,"Debrunner, Hans W.","Witchcraft in Ghana: a study on the belief in destructive
         witches and its effect on the Akan tribes",1961,117,Monograph,Akan,Africa,Western Africa,horticulturalists,,"314,688,776,793,794,795",https://ehrafworldcultures.yale.edu/sres/347dca75-cda2-4371-8e57-81e67ae4cb22
47824f0f-9627-4da1-8a77-1962c8a44d66,"Debrunner, Hans W.","Witchcraft in Ghana: a study on the belief in destructive
         witches and its effect on the Akan tribes",1961,118,Monograph,Akan,Africa,Western Africa,horticulturalists,,"368,688,776,778,787",https://ehrafworldcultures.yale.edu/sres/47824f0f-9627-4da1-8a77-1962c8a44d66
4c02825e-b545-4721-992f-69c3643af316,"Debrunner, Hans W.","Witchcraft in Ghana: a study on the belief in destructive
         witches and its effect on the Akan tribes",1961,126,Monograph,Akan,Africa,Western Africa,horticulturalists,,"685,793,826",https://ehrafworldcultures.yale.edu/sres/4c02825e-b545-4721-992f-69c3643af316
c8e64a05-42ce-45aa-80ee-3eb9f242e236,"Debrunner, Hans W.","Witchcraft in Ghana: a study on the belief in destructive
         witches and its effect on the Akan tribes",1961,131,Monograph,Akan,Africa,Western Africa,horticulturalists,,"425,659,687,794",https://ehrafworldcultures.yale.edu/sres/c8e64a05-42ce-45aa-80ee-3eb9f242e236
7d65ffb0-e803-4e45-a791-c40d0e30b5fa,"Debrunner, Hans W.","Witchcraft in Ghana: a study on the belief in destructive
         witches and its effect on the Akan tribes",1961,163,Monograph,Akan,Africa,Western Africa,horticulturalists,,"684,792",https://ehrafworldcultures.yale.edu/sres/7d65ffb0-e803-4e45-a791-c40d0e30b5fa
e15ddea4-01d9-4bb0-8a6f-88b62b9cdf97,"McLeod, M. D. (Malcolm D.)",The Asante,1981,79,Monograph,Akan,Africa,Western Africa,horticulturalists,,"436,687",https://ehrafworldcultures.yale.edu/sres/e15ddea4-01d9-4bb0-8a6f-88b62b9cdf97
7f052822-63a7-4ddd-94f2-911ee950746a,"McLeod, M. D. (Malcolm D.)",The Asante,1981,79,Monograph,Akan,Africa,Western Africa,horticulturalists,,"436,687",https://ehrafworldcultures.yale.edu/sres/7f052822-63a7-4ddd-94f2-911ee950746a
f790fd64-c668-4e05-8cf5-59e16df9aa39,"McLeod, M. D. (Malcolm D.)",The Asante,1981,143,Monograph,Akan,Africa,Western Africa,horticulturalists,,"291,301,684,834,851,855,881",https://ehrafworldcultures.yale.edu/sres/f790fd64-c668-4e05-8cf5-59e16df9aa39
446f48ff-731a-4a21-a087-43d508eee6e0,"McLeod, M. D. (Malcolm D.)",The Asante,1981,144,Monograph,Akan,Africa,Western Africa,horticulturalists,,"291,301,684,788,834,851,855,881",https://ehrafworldcultures.yale.edu/sres/446f48ff-731a-4a21-a087-43d508eee6e0
f5cdc762-9e08-43c5-97dc-c1c083b6455a,"McLeod, M. D. (Malcolm D.)",The Asante,1981,29,Monograph,Akan,Africa,Western Africa,horticulturalists,,"631,684,783,824",https://ehrafworldcultures.yale.edu/sres/f5cdc762-9e08-43c5-97dc-c1c083b6455a
6212a4a9-fb71-4774-8b9e-46c6149bfe23,"McLeod, M. D. (Malcolm D.)",The Asante,1981,30,Monograph,Akan,Africa,Western Africa,horticulturalists,,"491,631,643,687,764,824",https://ehrafworldcultures.yale.edu/sres/6212a4a9-fb71-4774-8b9e-46c6149bfe23
b81b3493-a7a8-47a9-9af5-6af85fc5076d,"McLeod, M. D. (Malcolm D.)",The Asante,1981,39,Monograph,Akan,Africa,Western Africa,horticulturalists,,"684,761,772",https://ehrafworldcultures.yale.edu/sres/b81b3493-a7a8-47a9-9af5-6af85fc5076d
edba36a8-ab5c-47a8-9ca2-0afe32322043,"McLeod, M. D. (Malcolm D.)",The Asante,1981,54,Monograph,Akan,Africa,Western Africa,horticulturalists,,"688,784",https://ehrafworldcultures.yale.edu/sres/edba36a8-ab5c-47a8-9ca2-0afe32322043
a8e2add6-2e72-419b-8170-d39b538f6d62,"McLeod, M. D. (Malcolm D.)",The Asante,1981,54,Monograph,Akan,Africa,Western Africa,horticulturalists,,"651,687,784",https://ehrafworldcultures.yale.edu/sres/a8e2add6-2e72-419b-8170-d39b538f6d62
05ad04c9-bc05-463b-b08f-c54ccf06a4c1,"McLeod, M. D. (Malcolm D.)",The Asante,1981,55,Monograph,Akan,Africa,Western Africa,horticulturalists,,"687,688,784",https://ehrafworldcultures.yale.edu/sres/05ad04c9-bc05-463b-b08f-c54ccf06a4c1
a16b21d5-dab6-422c-aa65-a21458007d9f,"McLeod, M. D. (Malcolm D.)",The Asante,1981,56,Monograph,Akan,Africa,Western Africa,horticulturalists,,"687,688",https://ehrafworldcultures.yale.edu/sres/a16b21d5-dab6-422c-aa65-a21458007d9f
1a385ecf-2926-460a-a7f8-6df7debcd9cc,"Debrunner, Hans W.","Witchcraft in Ghana: a study on the belief in destructive
         witches and its effect on the Akan tribes",1961,63,Monograph,Akan,Africa,Western Africa,horticulturalists,,"177,567,631,648,682,688",https://ehrafworldcultures.yale.edu/sres/1a385ecf-2926-460a-a7f8-6df7debcd9cc
88564386-6af3-4c9a-9297-030380e8cbd7,"Debrunner, Hans W.","Witchcraft in Ghana: a study on the belief in destructive
         witches and its effect on the Akan tribes",1961,75,Monograph,Akan,Africa,Western Africa,horticulturalists,,"245,685",https://ehrafworldcultures.yale.edu/sres/88564386-6af3-4c9a-9297-030380e8cbd7
63ee9036-93a6-4a90-ac33-e92b47831ce5,"Clark, Gracia","Onions are my husband: survival and accumulation by West
         African market women",1994,240,Monograph,Akan,Africa,Western Africa,horticulturalists,,"442,443,452,686",https://ehrafworldcultures.yale.edu/sres/63ee9036-93a6-4a90-ac33-e92b47831ce5
eba59919-3260-4834-9d54-ce5caa38c1dc,"Mensa-Bonsu, Henrietta J.","Place of 'oaths' in the constitutional set-up of
         Asante",1989,270,Journal Article,Akan,Africa,Western Africa,horticulturalists,,"641,642,687,691,694,784",https://ehrafworldcultures.yale.edu/sres/eba59919-3260-4834-9d54-ce5caa38c1dc
e086f61b-d6c4-4443-a4c5-4331042266e2,"Mensa-Bonsu, Henrietta J.","Place of 'oaths' in the constitutional set-up of
         Asante",1989,270,Journal Article,Akan,Africa,Western Africa,horticulturalists,,"113,641,642,687,691,694,784",https://ehrafworldcultures.yale.edu/sres/e086f61b-d6c4-4443-a4c5-4331042266e2
aa0bf2c0-71eb-4cc7-84e3-5313cf4e70ad,"Rattray, R. S. (Robert Sutherland),
         1881-1938","Ashanti proverbs: (the primitive ethics of a savage
         people)",1916,97,Monograph,Akan,Africa,Western Africa,horticulturalists,,"538,681",https://ehrafworldcultures.yale.edu/sres/aa0bf2c0-71eb-4cc7-84e3-5313cf4e70ad
260a7b44-ae55-4c6e-afab-7a5fac4c87db,"Rattray, R. S. (Robert Sutherland),
         1881-1938","Ashanti proverbs: (the primitive ethics of a savage
         people)",1916,131,Monograph,Akan,Africa,Western Africa,horticulturalists,,"538,687,786,789",https://ehrafworldcultures.yale.edu/sres/260a7b44-ae55-4c6e-afab-7a5fac4c87db
be083c30-29db-440d-9e69-39f7e2eae904,"Rattray, R. S. (Robert Sutherland),
         1881-1938","Ashanti proverbs: (the primitive ethics of a savage
         people)",1916,131,Monograph,Akan,Africa,Western Africa,horticulturalists,,"124,538,687,786,789",https://ehrafworldcultures.yale.edu/sres/be083c30-29db-440d-9e69-39f7e2eae904
09bdf888-8197-49b6-a8de-0817a5caff96,"Rattray, R. S. (Robert Sutherland),
         1881-1938","Ashanti proverbs: (the primitive ethics of a savage
         people)",1916,131,Monograph,Akan,Africa,Western Africa,horticulturalists,,"538,643,687,786,789",https://ehrafworldcultures.yale.edu/sres/09bdf888-8197-49b6-a8de-0817a5caff96
e4fdbea8-0adb-46da-a997-4246e25bd4b5,"Rattray, R. S. (Robert Sutherland),
         1881-1938","Ashanti proverbs: (the primitive ethics of a savage
         people)",1916,131,Monograph,Akan,Africa,Western Africa,horticulturalists,,"538,687,786,789",https://ehrafworldcultures.yale.edu/sres/e4fdbea8-0adb-46da-a997-4246e25bd4b5
2fe9614b-968b-479a-86f7-0123f3ea10cf,"Rattray, R. S. (Robert Sutherland),
         1881-1938","Ashanti proverbs: (the primitive ethics of a savage
         people)",1916,136,Monograph,Akan,Africa,Western Africa,horticulturalists,,"202,538,689",https://ehrafworldcultures.yale.edu/sres/2fe9614b-968b-479a-86f7-0123f3ea10cf
ffb579e9-2ddd-4d66-807c-401ddd58401e,"Clark, Gracia","Onions are my husband: survival and accumulation by West
         African market women",1994,342,Monograph,Akan,Africa,Western Africa,horticulturalists,,"586,686",https://ehrafworldcultures.yale.edu/sres/ffb579e9-2ddd-4d66-807c-401ddd58401e
7af32d1f-2924-43d6-823a-e4c79236ed6b,"Clark, Gracia","Onions are my husband: survival and accumulation by West
         African market women",1994,347,Monograph,Akan,Africa,Western Africa,horticulturalists,,"171,252,578,586,593,684,831",https://ehrafworldcultures.yale.edu/sres/7af32d1f-2924-43d6-823a-e4c79236ed6b
05c3ae97-4e50-4de4-bd9a-6d18746137fc,"Clark, Gracia","Onions are my husband: survival and accumulation by West
         African market women",1994,354,Monograph,Akan,Africa,Western Africa,horticulturalists,,"357,426,686",https://ehrafworldcultures.yale.edu/sres/05c3ae97-4e50-4de4-bd9a-6d18746137fc
c6a7b057-aa4d-455c-89a5-48b919a64434,"Clark, Gracia","Onions are my husband: survival and accumulation by West
         African market women",1994,377,Monograph,Akan,Africa,Western Africa,horticulturalists,,"439,443,656,687",https://ehrafworldcultures.yale.edu/sres/c6a7b057-aa4d-455c-89a5-48b919a64434
e8eb2aca-c511-416d-b57e-9f089e0dec10,"Clark, Gracia","Onions are my husband: survival and accumulation by West
         African market women",1994,379,Monograph,Akan,Africa,Western Africa,horticulturalists,,"669,687",https://ehrafworldcultures.yale.edu/sres/e8eb2aca-c511-416d-b57e-9f089e0dec10
4f5b5e3f-2095-4c32-a3dd-cead1b2de717,"Clark, Gracia","Onions are my husband: survival and accumulation by West
         African market women",1994,385,Monograph,Akan,Africa,Western Africa,horticulturalists,,"435,443,668,685",https://ehrafworldcultures.yale.edu/sres/4f5b5e3f-2095-4c32-a3dd-cead1b2de717
eaaa8d87-167b-42fe-9a05-6f0e37bd2606,"Clark, Gracia","Onions are my husband: survival and accumulation by West
         African market women",1994,387,Monograph,Akan,Africa,Western Africa,horticulturalists,,"425,435,438,668,685",https://ehrafworldcultures.yale.edu/sres/eaaa8d87-167b-42fe-9a05-6f0e37bd2606
69dda20b-ef4e-46af-9f3f-3b664fd44573,"Clark, Gracia","Onions are my husband: survival and accumulation by West
         African market women",1994,158,Monograph,Akan,Africa,Western Africa,horticulturalists,,"488,685",https://ehrafworldcultures.yale.edu/sres/69dda20b-ef4e-46af-9f3f-3b664fd44573
fbe37019-5472-4951-868b-11384986cd3d,"Clark, Gracia","Onions are my husband: survival and accumulation by West
         African market women",1994,204,Monograph,Akan,Africa,Western Africa,horticulturalists,,"203,443,687",https://ehrafworldcultures.yale.edu/sres/fbe37019-5472-4951-868b-11384986cd3d
a7f96186-562a-4f46-b681-38c1be82e978,"Mensa-Bonsu, Henrietta J.","Place of 'oaths' in the constitutional set-up of
         Asante",1989,272,Journal Article,Akan,Africa,Western Africa,horticulturalists,,"631,687,692",https://ehrafworldcultures.yale.edu/sres/a7f96186-562a-4f46-b681-38c1be82e978
5b4cc17a-e937-474b-8d02-a4562951936f,"Mensa-Bonsu, Henrietta J.","Place of 'oaths' in the constitutional set-up of
         Asante",1989,272,Journal Article,Akan,Africa,Western Africa,horticulturalists,,"631,687",https://ehrafworldcultures.yale.edu/sres/5b4cc17a-e937-474b-8d02-a4562951936f
f307a073-1042-4126-a1e5-c365fbf239bf,"Mensa-Bonsu, Henrietta J.","Place of 'oaths' in the constitutional set-up of
         Asante",1989,[273],Journal Article,Akan,Africa,Western Africa,horticulturalists,,"113,631,687",https://ehrafworldcultures.yale.edu/sres/f307a073-1042-4126-a1e5-c365fbf239bf
d38b38f9-3110-4cbe-ae4e-9a8558743431,"Mensa-Bonsu, Henrietta J.","Place of 'oaths' in the constitutional set-up of
         Asante",1989,274,Journal Article,Akan,Africa,Western Africa,horticulturalists,,"631,687,784",https://ehrafworldcultures.yale.edu/sres/d38b38f9-3110-4cbe-ae4e-9a8558743431
da75e0d3-9f68-47a1-a17e-925193ce15b3,"Vellenga, Dorothy Dee","Who is a wife?: legal expressions of heterosexual conflicts in
         Ghana",1983,146,Essay,Akan,Africa,Western Africa,horticulturalists,,"561,578,593,595,614,684,837",https://ehrafworldcultures.yale.edu/sres/da75e0d3-9f68-47a1-a17e-925193ce15b3
c7c38529-05b9-434c-832d-36183ce207f9,"Vellenga, Dorothy Dee","Who is a wife?: legal expressions of heterosexual conflicts in
         Ghana",1983,146,Essay,Akan,Africa,Western Africa,horticulturalists,,"684,692,695",https://ehrafworldcultures.yale.edu/sres/c7c38529-05b9-434c-832d-36183ce207f9
52eefedd-e989-48b2-9f59-d9f9720a8842,"Vellenga, Dorothy Dee","Who is a wife?: legal expressions of heterosexual conflicts in
         Ghana",1983,147,Essay,Akan,Africa,Western Africa,horticulturalists,,"451,592,595,684,691,692",https://ehrafworldcultures.yale.edu/sres/52eefedd-e989-48b2-9f59-d9f9720a8842
8395d4b3-890b-497c-bd73-cbcb8fec9c37,"Vellenga, Dorothy Dee","Who is a wife?: legal expressions of heterosexual conflicts in
         Ghana",1983,150,Essay,Akan,Africa,Western Africa,horticulturalists,,"113,631,684,692",https://ehrafworldcultures.yale.edu/sres/8395d4b3-890b-497c-bd73-cbcb8fec9c37
6c9b3253-7b97-4473-87c0-7e21b4449dde,"Vellenga, Dorothy Dee","Who is a wife?: legal expressions of heterosexual conflicts in
         Ghana",1983,153,Essay,Akan,Africa,Western Africa,horticulturalists,,"684,695",https://ehrafworldcultures.yale.edu/sres/6c9b3253-7b97-4473-87c0-7e21b4449dde
b8734ac4-1d45-445e-ac4a-31126946de0a,"Meyerowitz, Eva L. R. (Eva Lewin Richter),
         1899-1994",The early history of the Akan states of Ghana,1974,124,Monograph,Akan,Africa,Western Africa,horticulturalists,,"173,631,684",https://ehrafworldcultures.yale.edu/sres/b8734ac4-1d45-445e-ac4a-31126946de0a
d64e8deb-8bc2-43e3-b115-24afe3d4a27e,"Meyerowitz, Eva L. R. (Eva Lewin Richter),
         1899-1994",The early history of the Akan states of Ghana,1974,125,Monograph,Akan,Africa,Western Africa,horticulturalists,,"173,631,687,726,727,778,793",https://ehrafworldcultures.yale.edu/sres/d64e8deb-8bc2-43e3-b115-24afe3d4a27e
2aafa89e-0a06-464a-b142-19d3df5abbff,"Meyerowitz, Eva L. R. (Eva Lewin Richter),
         1899-1994",The early history of the Akan states of Ghana,1974,48,Monograph,Akan,Africa,Western Africa,horticulturalists,,"113,643,682,764",https://ehrafworldcultures.yale.edu/sres/2aafa89e-0a06-464a-b142-19d3df5abbff
609bc94f-7def-4341-a615-f75232892e15,"Meyerowitz, Eva L. R. (Eva Lewin Richter),
         1899-1994",The early history of the Akan states of Ghana,1974,66,Monograph,Akan,Africa,Western Africa,horticulturalists,,"115,164,167,173,184,202,241,243,293,344,482,535,567,643,652,681,727,747,782,788",https://ehrafworldcultures.yale.edu/sres/609bc94f-7def-4341-a615-f75232892e15
67018ef7-eb50-4f71-b1df-f10512ef6846,"Meyerowitz, Eva L. R. (Eva Lewin Richter),
         1899-1994",The early history of the Akan states of Ghana,1974,69,Monograph,Akan,Africa,Western Africa,horticulturalists,,681,https://ehrafworldcultures.yale.edu/sres/67018ef7-eb50-4f71-b1df-f10512ef6846
b2b88c0a-5b4b-4e2a-abd1-fa48cac0f1ed,"Meyerowitz, Eva L. R. (Eva Lewin Richter),
         1899-1994",The early history of the Akan states of Ghana,1974,165,Monograph,Akan,Africa,Western Africa,horticulturalists,,"173,366,443,578,680,721,726",https://ehrafworldcultures.yale.edu/sres/b2b88c0a-5b4b-4e2a-abd1-fa48cac0f1ed
efa823cf-55e3-4c0f-9c0a-f1d5f4285206,"Meyerowitz, Eva L. R. (Eva Lewin Richter),
         1899-1994",The early history of the Akan states of Ghana,1974,171,Monograph,Akan,Africa,Western Africa,horticulturalists,,"115,173,614,631,682,735,793",https://ehrafworldcultures.yale.edu/sres/efa823cf-55e3-4c0f-9c0a-f1d5f4285206
8a73b7a5-8e5d-42c1-8817-2e565a48b656,"Meyerowitz, Eva L. R. (Eva Lewin Richter),
         1899-1994",The early history of the Akan states of Ghana,1974,201,Monograph,Akan,Africa,Western Africa,horticulturalists,,"173,631,648,683",https://ehrafworldcultures.yale.edu/sres/8a73b7a5-8e5d-42c1-8817-2e565a48b656
