uuid,Primary_Author,Title,Published,Page,DocType,Culture,Region,Subregion,Subsistence,OCM,IDs,Permalink
c6afe8cc-de52-49f8-a4ce-991b4200ba87,"Adriani, Nicolaus, 1865-1926","The Bare'e-speaking Toradja of central Celebes (the East
         Toradja): first volume",1950,328,Monograph,Eastern Toraja,Asia,Southeast Asia,horticulturalists,,"567,684,696,826",https://ehrafworldcultures.yale.edu/sres/c6afe8cc-de52-49f8-a4ce-991b4200ba87
0c058f92-7a90-4a06-a83e-6816dd838336,"Adriani, Nicolaus, 1865-1926","The Bare'e-speaking Toradja of central Celebes (the East
         Toradja): first volume",1950,661,Monograph,Eastern Toraja,Asia,Southeast Asia,horticulturalists,,"628,683,696,766",https://ehrafworldcultures.yale.edu/sres/0c058f92-7a90-4a06-a83e-6816dd838336
13e43ca5-ff6f-422a-bf74-daf4aff425e9,"Adriani, Nicolaus, 1865-1926","The Bare'e-speaking Toradja of central Celebes (the East
         Toradja): first volume",1950,661,Monograph,Eastern Toraja,Asia,Southeast Asia,horticulturalists,,"683,696",https://ehrafworldcultures.yale.edu/sres/13e43ca5-ff6f-422a-bf74-daf4aff425e9
a2eeb492-9fe2-4290-bb3c-5cc3a177c061,"Downs, Richard Erskine","The religion of the Bare-'e-speaking Toradja of central
         Celebes",1956,41,Monograph,Eastern Toraja,Asia,Southeast Asia,horticulturalists,,"628,683,695,696,766,782",https://ehrafworldcultures.yale.edu/sres/a2eeb492-9fe2-4290-bb3c-5cc3a177c061
b1e9193b-7523-4714-ae92-d8ab8b13f016,"Adriani, Nicolaus, 1865-1926","The Bare'e-speaking Toradja of central Celebes (the East
         Toradja): first volume",1950,289,Monograph,Eastern Toraja,Asia,Southeast Asia,horticulturalists,,"578,626,627",https://ehrafworldcultures.yale.edu/sres/b1e9193b-7523-4714-ae92-d8ab8b13f016
0f5337bc-2f45-4f7b-a3a6-2a7f6b545b2a,"Adriani, Nicolaus, 1865-1926","The Bare'e-speaking Toradja of central Celebes (the East
         Toradja): third volume",1951,340,Monograph,Eastern Toraja,Asia,Southeast Asia,horticulturalists,,"222,273,626,685,824",https://ehrafworldcultures.yale.edu/sres/0f5337bc-2f45-4f7b-a3a6-2a7f6b545b2a
2ec4f134-caa5-4170-9cf1-fa4185451b8d,"Adriani, Nicolaus, 1865-1926","The Bare'e-speaking Toradja of central Celebes (the East
         Toradja): second volume",1951,246,Monograph,Eastern Toraja,Asia,Southeast Asia,horticulturalists,,"183,431,435,554,571,626,681,756,757,789",https://ehrafworldcultures.yale.edu/sres/2ec4f134-caa5-4170-9cf1-fa4185451b8d
8f9404f7-736b-47ad-b5f7-26ff03c21573,"Adriani, Nicolaus, 1865-1926","The Bare'e-speaking Toradja of central Celebes (the East
         Toradja): first volume",1950,302,Monograph,Eastern Toraja,Asia,Southeast Asia,horticulturalists,,"626,681,695",https://ehrafworldcultures.yale.edu/sres/8f9404f7-736b-47ad-b5f7-26ff03c21573
dcf3469a-1342-404d-bcc6-f1223e60bf2b,"Adriani, Nicolaus, 1865-1926","The Bare'e-speaking Toradja of central Celebes (the East
         Toradja): first volume",1950,337,Monograph,Eastern Toraja,Asia,Southeast Asia,horticulturalists,,"602,621,626,686",https://ehrafworldcultures.yale.edu/sres/dcf3469a-1342-404d-bcc6-f1223e60bf2b
b667b2f0-db0e-4b6c-ae0e-af0b3bf98171,"Adriani, Nicolaus, 1865-1926","The Bare'e-speaking Toradja of central Celebes (the East
         Toradja): first volume",1950,338,Monograph,Eastern Toraja,Asia,Southeast Asia,horticulturalists,,"178,602,626,686",https://ehrafworldcultures.yale.edu/sres/b667b2f0-db0e-4b6c-ae0e-af0b3bf98171
443d3a07-a5f2-4e1c-9e6b-18f31a269f8c,"Adriani, Nicolaus, 1865-1926","The Bare'e-speaking Toradja of central Celebes (the East
         Toradja): first volume",1950,343,Monograph,Eastern Toraja,Asia,Southeast Asia,horticulturalists,,"626,648,686",https://ehrafworldcultures.yale.edu/sres/443d3a07-a5f2-4e1c-9e6b-18f31a269f8c
d94e8b17-d6f4-47b5-a908-2ec3b60d32f4,"Adriani, Nicolaus, 1865-1926","The Bare'e-speaking Toradja of central Celebes (the East
         Toradja): first volume",1950,156,Monograph,Eastern Toraja,Asia,Southeast Asia,horticulturalists,,"621,626,671,681",https://ehrafworldcultures.yale.edu/sres/d94e8b17-d6f4-47b5-a908-2ec3b60d32f4
3eabce90-30e9-41d2-bd3e-812931a15325,"Adriani, Nicolaus, 1865-1926","The Bare'e-speaking Toradja of central Celebes (the East
         Toradja): second volume",1951,334,Monograph,Eastern Toraja,Asia,Southeast Asia,horticulturalists,,"175,428,586,627,643,671,688,779,793",https://ehrafworldcultures.yale.edu/sres/3eabce90-30e9-41d2-bd3e-812931a15325
b0e475fa-7a9b-4c85-b943-e804b40f7817,"Adriani, Nicolaus, 1865-1926","The Bare'e-speaking Toradja of central Celebes (the East
         Toradja): second volume",1951,397,Monograph,Eastern Toraja,Asia,Southeast Asia,horticulturalists,,"177,178,627,684",https://ehrafworldcultures.yale.edu/sres/b0e475fa-7a9b-4c85-b943-e804b40f7817
38393330-9a8a-49c4-af96-cfbf5279c800,"Adriani, Nicolaus, 1865-1926","The Bare'e-speaking Toradja of central Celebes (the East
         Toradja): second volume",1951,477,Monograph,Eastern Toraja,Asia,Southeast Asia,horticulturalists,,"583,586,623,627,684",https://ehrafworldcultures.yale.edu/sres/38393330-9a8a-49c4-af96-cfbf5279c800
6ef8b391-96f1-40a0-950f-cfa982b39b6c,"Adriani, Nicolaus, 1865-1926","The Bare'e-speaking Toradja of central Celebes (the East
         Toradja): first volume",1950,296,Monograph,Eastern Toraja,Asia,Southeast Asia,horticulturalists,,"574,627,681,694",https://ehrafworldcultures.yale.edu/sres/6ef8b391-96f1-40a0-950f-cfa982b39b6c
fc3a8154-cb26-4f80-bdbf-dd316b7b29d6,"Adriani, Nicolaus, 1865-1926","The Bare'e-speaking Toradja of central Celebes (the East
         Toradja): first volume",1950,289,Monograph,Eastern Toraja,Asia,Southeast Asia,horticulturalists,,"123,578,609,610,627,641,671,681,769,784",https://ehrafworldcultures.yale.edu/sres/fc3a8154-cb26-4f80-bdbf-dd316b7b29d6
d0aac5c7-7726-4bba-8547-49c0b2f2c430,"Adriani, Nicolaus, 1865-1926","The Bare'e-speaking Toradja of central Celebes (the East
         Toradja): first volume",1950,292,Monograph,Eastern Toraja,Asia,Southeast Asia,horticulturalists,,"622,627,681",https://ehrafworldcultures.yale.edu/sres/d0aac5c7-7726-4bba-8547-49c0b2f2c430
4307200c-5fae-4012-87e2-74d219d22a78,"Adriani, Nicolaus, 1865-1926","The Bare'e-speaking Toradja of central Celebes (the East
         Toradja): first volume",1950,294,Monograph,Eastern Toraja,Asia,Southeast Asia,horticulturalists,,"627,681",https://ehrafworldcultures.yale.edu/sres/4307200c-5fae-4012-87e2-74d219d22a78
f33829d4-9e1a-41b6-b407-c2174a0d74b2,"Downs, Richard Erskine","The religion of the Bare-'e-speaking Toradja of central
         Celebes",1956,7,Monograph,Eastern Toraja,Asia,Southeast Asia,horticulturalists,,"105,567,627,682,721,728",https://ehrafworldcultures.yale.edu/sres/f33829d4-9e1a-41b6-b407-c2174a0d74b2
7e24e74f-c872-484d-a262-2774b9c55c53,"Adriani, Nicolaus, 1865-1926","The Bare'e-speaking Toradja of central Celebes (the East
         Toradja): first volume",1950,328,Monograph,Eastern Toraja,Asia,Southeast Asia,horticulturalists,,"623,695,696",https://ehrafworldcultures.yale.edu/sres/7e24e74f-c872-484d-a262-2774b9c55c53
40e9cb85-07cf-447b-95d1-91bfcfeb8938,"Adriani, Nicolaus, 1865-1926","The Bare'e-speaking Toradja of central Celebes (the East
         Toradja): first volume",1950,328,Monograph,Eastern Toraja,Asia,Southeast Asia,horticulturalists,,"696,824",https://ehrafworldcultures.yale.edu/sres/40e9cb85-07cf-447b-95d1-91bfcfeb8938
517a9bb7-d0e3-4b01-b54f-cdc70e128756,"Adriani, Nicolaus, 1865-1926","The Bare'e-speaking Toradja of central Celebes (the East
         Toradja): first volume",1950,328,Monograph,Eastern Toraja,Asia,Southeast Asia,horticulturalists,,"696,865",https://ehrafworldcultures.yale.edu/sres/517a9bb7-d0e3-4b01-b54f-cdc70e128756
c97b9dba-c61c-43f7-9f12-6e86b3d38487,"Adriani, Nicolaus, 1865-1926","The Bare'e-speaking Toradja of central Celebes (the East
         Toradja): first volume",1950,329,Monograph,Eastern Toraja,Asia,Southeast Asia,horticulturalists,,"579,695,696",https://ehrafworldcultures.yale.edu/sres/c97b9dba-c61c-43f7-9f12-6e86b3d38487
d17fa420-2679-40ee-8a9d-7e9eafa2670a,"Adriani, Nicolaus, 1865-1926","The Bare'e-speaking Toradja of central Celebes (the East
         Toradja): first volume",1950,477,Monograph,Eastern Toraja,Asia,Southeast Asia,horticulturalists,,"157,262,562,696,725,867",https://ehrafworldcultures.yale.edu/sres/d17fa420-2679-40ee-8a9d-7e9eafa2670a
25e02872-139f-46da-ade8-24419bbef1af,"Adriani, Nicolaus, 1865-1926","The Bare'e-speaking Toradja of central Celebes (the East
         Toradja): third volume",1951,586,Monograph,Eastern Toraja,Asia,Southeast Asia,horticulturalists,,"533,535,626",https://ehrafworldcultures.yale.edu/sres/25e02872-139f-46da-ade8-24419bbef1af
2e1f18aa-15b3-45cb-8a3a-f72fc693a2cc,"Adriani, Nicolaus, 1865-1926","The Bare'e-speaking Toradja of central Celebes (the East
         Toradja): third volume",1951,52,Monograph,Eastern Toraja,Asia,Southeast Asia,horticulturalists,,"156,243,476,554,626",https://ehrafworldcultures.yale.edu/sres/2e1f18aa-15b3-45cb-8a3a-f72fc693a2cc
d5a8ddbb-4de5-4ebc-b9ff-bf51f4985bc7,"Adriani, Nicolaus, 1865-1926","The Bare'e-speaking Toradja of central Celebes (the East
         Toradja): third volume",1951,95,Monograph,Eastern Toraja,Asia,Southeast Asia,horticulturalists,,"243,461,462,626,774,887",https://ehrafworldcultures.yale.edu/sres/d5a8ddbb-4de5-4ebc-b9ff-bf51f4985bc7
bdf36513-8327-4200-bb72-2b4cd5a5762a,"Adriani, Nicolaus, 1865-1926","The Bare'e-speaking Toradja of central Celebes (the East
         Toradja): second volume",1951,243,Monograph,Eastern Toraja,Asia,Southeast Asia,horticulturalists,,"152,156,626,758,775",https://ehrafworldcultures.yale.edu/sres/bdf36513-8327-4200-bb72-2b4cd5a5762a
78a6edf4-fa91-4a48-8f5a-025bd9b5cf6b,"Adriani, Nicolaus, 1865-1926","The Bare'e-speaking Toradja of central Celebes (the East
         Toradja): second volume",1951,350,Monograph,Eastern Toraja,Asia,Southeast Asia,horticulturalists,,"184,264,626,779,785,796,827",https://ehrafworldcultures.yale.edu/sres/78a6edf4-fa91-4a48-8f5a-025bd9b5cf6b
209aa786-9522-4c05-b688-cf336083b49c,"Adriani, Nicolaus, 1865-1926","The Bare'e-speaking Toradja of central Celebes (the East
         Toradja): second volume",1951,441,Monograph,Eastern Toraja,Asia,Southeast Asia,horticulturalists,,"539,556,585,602,626",https://ehrafworldcultures.yale.edu/sres/209aa786-9522-4c05-b688-cf336083b49c
10ca8745-de3e-4031-abce-4e908cf9d245,"Adriani, Nicolaus, 1865-1926","The Bare'e-speaking Toradja of central Celebes (the East
         Toradja): second volume",1951,441,Monograph,Eastern Toraja,Asia,Southeast Asia,horticulturalists,,"539,585,626",https://ehrafworldcultures.yale.edu/sres/10ca8745-de3e-4031-abce-4e908cf9d245
01df7d68-8ee1-4042-9880-399938b1dffb,"Adriani, Nicolaus, 1865-1926","The Bare'e-speaking Toradja of central Celebes (the East
         Toradja): second volume",1951,471,Monograph,Eastern Toraja,Asia,Southeast Asia,horticulturalists,,"178,567,595,622,626,764",https://ehrafworldcultures.yale.edu/sres/01df7d68-8ee1-4042-9880-399938b1dffb
88ac824a-c5e4-4cd6-bb57-83b091f3aa4c,"Adriani, Nicolaus, 1865-1926","The Bare'e-speaking Toradja of central Celebes (the East
         Toradja): second volume",1951,475,Monograph,Eastern Toraja,Asia,Southeast Asia,horticulturalists,,"177,178,264,586,602,626",https://ehrafworldcultures.yale.edu/sres/88ac824a-c5e4-4cd6-bb57-83b091f3aa4c
fe5e8c05-566e-43f2-885d-3096144a2cd4,"Adriani, Nicolaus, 1865-1926","The Bare'e-speaking Toradja of central Celebes (the East
         Toradja): second volume",1951,476,Monograph,Eastern Toraja,Asia,Southeast Asia,horticulturalists,,"178,586,602,626",https://ehrafworldcultures.yale.edu/sres/fe5e8c05-566e-43f2-885d-3096144a2cd4
d48066e7-07e5-4485-8cac-ab7499963bff,"Adriani, Nicolaus, 1865-1926","The Bare'e-speaking Toradja of central Celebes (the East
         Toradja): second volume",1951,490,Monograph,Eastern Toraja,Asia,Southeast Asia,horticulturalists,,"626,836,848",https://ehrafworldcultures.yale.edu/sres/d48066e7-07e5-4485-8cac-ab7499963bff
313f86fb-80f8-48bf-9725-7a3bfeead5c8,"Adriani, Nicolaus, 1865-1926","The Bare'e-speaking Toradja of central Celebes (the East
         Toradja): second volume",1951,616,Monograph,Eastern Toraja,Asia,Southeast Asia,horticulturalists,,"538,597,626,736,826,855",https://ehrafworldcultures.yale.edu/sres/313f86fb-80f8-48bf-9725-7a3bfeead5c8
2de7d9d5-39ed-445c-b3e6-e6caa1473eb6,"Adriani, Nicolaus, 1865-1926","The Bare'e-speaking Toradja of central Celebes (the East
         Toradja): second volume",1951,630,Monograph,Eastern Toraja,Asia,Southeast Asia,horticulturalists,,"156,304,626",https://ehrafworldcultures.yale.edu/sres/2de7d9d5-39ed-445c-b3e6-e6caa1473eb6
9e8e3b69-6ed8-41c8-ad52-eadf59e60786,"Adriani, Nicolaus, 1865-1926","The Bare'e-speaking Toradja of central Celebes (the East
         Toradja): second volume",1951,630,Monograph,Eastern Toraja,Asia,Southeast Asia,horticulturalists,,"156,304,539,626",https://ehrafworldcultures.yale.edu/sres/9e8e3b69-6ed8-41c8-ad52-eadf59e60786
9e9f62b1-6afb-4567-8d60-bdcd353dd805,"Adriani, Nicolaus, 1865-1926","The Bare'e-speaking Toradja of central Celebes (the East
         Toradja): second volume",1951,630,Monograph,Eastern Toraja,Asia,Southeast Asia,horticulturalists,,"156,304,626",https://ehrafworldcultures.yale.edu/sres/9e9f62b1-6afb-4567-8d60-bdcd353dd805
11aae649-5898-4025-839b-6cbbd4a8d905,"Adriani, Nicolaus, 1865-1926","The Bare'e-speaking Toradja of central Celebes (the East
         Toradja): second volume",1951,631,Monograph,Eastern Toraja,Asia,Southeast Asia,horticulturalists,,"156,304,578,626",https://ehrafworldcultures.yale.edu/sres/11aae649-5898-4025-839b-6cbbd4a8d905
cabb642f-4a65-4c8e-ae76-109128256c3d,"Adriani, Nicolaus, 1865-1926","The Bare'e-speaking Toradja of central Celebes (the East
         Toradja): second volume",1951,631,Monograph,Eastern Toraja,Asia,Southeast Asia,horticulturalists,,"156,304,626",https://ehrafworldcultures.yale.edu/sres/cabb642f-4a65-4c8e-ae76-109128256c3d
4e2a22dc-01e7-4bff-919d-dd757022a7f4,"Adriani, Nicolaus, 1865-1926","The Bare'e-speaking Toradja of central Celebes (the East
         Toradja): second volume",1951,688,Monograph,Eastern Toraja,Asia,Southeast Asia,horticulturalists,,"428,524,533,593,626,763,764,766,774,784",https://ehrafworldcultures.yale.edu/sres/4e2a22dc-01e7-4bff-919d-dd757022a7f4
136ee3cb-c2ae-4928-9537-732ab4fe2068,"Adriani, Nicolaus, 1865-1926","The Bare'e-speaking Toradja of central Celebes (the East
         Toradja): second volume",1951,734,Monograph,Eastern Toraja,Asia,Southeast Asia,horticulturalists,,"156,626,766,769,775,787",https://ehrafworldcultures.yale.edu/sres/136ee3cb-c2ae-4928-9537-732ab4fe2068
bbe397e6-4457-4be2-b88d-1dda6f7ca465,"Adriani, Nicolaus, 1865-1926","The Bare'e-speaking Toradja of central Celebes (the East
         Toradja): second volume",1951,796,Monograph,Eastern Toraja,Asia,Southeast Asia,horticulturalists,,"533,539,626,769",https://ehrafworldcultures.yale.edu/sres/bbe397e6-4457-4be2-b88d-1dda6f7ca465
8061835a-2516-4d73-8076-d6ed8d5490b9,"Adriani, Nicolaus, 1865-1926","The Bare'e-speaking Toradja of central Celebes (the East
         Toradja): second volume",1951,803,Monograph,Eastern Toraja,Asia,Southeast Asia,horticulturalists,,"574,626,769",https://ehrafworldcultures.yale.edu/sres/8061835a-2516-4d73-8076-d6ed8d5490b9
99f132e5-ddcf-467b-9257-00f1afbd7a2b,"Adriani, Nicolaus, 1865-1926","The Bare'e-speaking Toradja of central Celebes (the East
         Toradja): second volume",1951,804,Monograph,Eastern Toraja,Asia,Southeast Asia,horticulturalists,,"535,574,626,769,789",https://ehrafworldcultures.yale.edu/sres/99f132e5-ddcf-467b-9257-00f1afbd7a2b
b8b4624a-8d50-472d-b796-ba5af3aa7c2e,"Adriani, Nicolaus, 1865-1926","The Bare'e-speaking Toradja of central Celebes (the East
         Toradja): first volume",1950,359,Monograph,Eastern Toraja,Asia,Southeast Asia,horticulturalists,,"533,626,701,721",https://ehrafworldcultures.yale.edu/sres/b8b4624a-8d50-472d-b796-ba5af3aa7c2e
e2790f62-036a-46cc-a9d5-bab6a4db2857,"Adriani, Nicolaus, 1865-1926","The Bare'e-speaking Toradja of central Celebes (the East
         Toradja): first volume",1950,359,Monograph,Eastern Toraja,Asia,Southeast Asia,horticulturalists,,"626,701,721",https://ehrafworldcultures.yale.edu/sres/e2790f62-036a-46cc-a9d5-bab6a4db2857
3cf3dfaa-9f98-49b0-89d9-8d579630ecdd,"Adriani, Nicolaus, 1865-1926","The Bare'e-speaking Toradja of central Celebes (the East
         Toradja): first volume",1950,360,Monograph,Eastern Toraja,Asia,Southeast Asia,horticulturalists,,"243,462,522,626,721,727,836",https://ehrafworldcultures.yale.edu/sres/3cf3dfaa-9f98-49b0-89d9-8d579630ecdd
9b593ca8-d224-4c2d-9a52-ffb8e7884997,"Adriani, Nicolaus, 1865-1926","The Bare'e-speaking Toradja of central Celebes (the East
         Toradja): first volume",1950,360,Monograph,Eastern Toraja,Asia,Southeast Asia,horticulturalists,,"581,626,721",https://ehrafworldcultures.yale.edu/sres/9b593ca8-d224-4c2d-9a52-ffb8e7884997
bc93790a-0837-4715-a571-72932b49ed85,"Adriani, Nicolaus, 1865-1926","The Bare'e-speaking Toradja of central Celebes (the East
         Toradja): first volume",1950,131,Monograph,Eastern Toraja,Asia,Southeast Asia,horticulturalists,,"156,183,626,671",https://ehrafworldcultures.yale.edu/sres/bc93790a-0837-4715-a571-72932b49ed85
ade7fc95-a16d-4f26-8a79-8f3bc66d5f80,"Adriani, Nicolaus, 1865-1926","The Bare'e-speaking Toradja of central Celebes (the East
         Toradja): first volume",1950,134,Monograph,Eastern Toraja,Asia,Southeast Asia,horticulturalists,,"150,626,858",https://ehrafworldcultures.yale.edu/sres/ade7fc95-a16d-4f26-8a79-8f3bc66d5f80
554f8cff-3492-40b3-93c5-f188ed0c2ddf,"Adriani, Nicolaus, 1865-1926","The Bare'e-speaking Toradja of central Celebes (the East
         Toradja): first volume",1950,150,Monograph,Eastern Toraja,Asia,Southeast Asia,horticulturalists,,"152,461,626",https://ehrafworldcultures.yale.edu/sres/554f8cff-3492-40b3-93c5-f188ed0c2ddf
cc3942e7-a74b-4e59-9727-eef80426a9cf,"Adriani, Nicolaus, 1865-1926","The Bare'e-speaking Toradja of central Celebes (the East
         Toradja): first volume",1950,151,Monograph,Eastern Toraja,Asia,Southeast Asia,horticulturalists,,"152,578,626",https://ehrafworldcultures.yale.edu/sres/cc3942e7-a74b-4e59-9727-eef80426a9cf
7a34b0e9-8051-4b33-b331-9dc479b250f5,"Adriani, Nicolaus, 1865-1926","The Bare'e-speaking Toradja of central Celebes (the East
         Toradja): first volume",1950,153,Monograph,Eastern Toraja,Asia,Southeast Asia,horticulturalists,,"114,156,361,596,602,621,626",https://ehrafworldcultures.yale.edu/sres/7a34b0e9-8051-4b33-b331-9dc479b250f5
195e03d4-08ca-449c-9661-c1afb8eb1ee1,"Adriani, Nicolaus, 1865-1926","The Bare'e-speaking Toradja of central Celebes (the East
         Toradja): first volume",1950,172,Monograph,Eastern Toraja,Asia,Southeast Asia,horticulturalists,,"156,622,626",https://ehrafworldcultures.yale.edu/sres/195e03d4-08ca-449c-9661-c1afb8eb1ee1
65cc0ad8-54cd-4857-8f83-b255cabf043b,"Adriani, Nicolaus, 1865-1926","The Bare'e-speaking Toradja of central Celebes (the East
         Toradja): first volume",1950,236,Monograph,Eastern Toraja,Asia,Southeast Asia,horticulturalists,,"622,626,648",https://ehrafworldcultures.yale.edu/sres/65cc0ad8-54cd-4857-8f83-b255cabf043b
7f14375f-34f5-4120-b9eb-d9fe49423fdd,"Adriani, Nicolaus, 1865-1926","The Bare'e-speaking Toradja of central Celebes (the East
         Toradja): first volume",1950,373,Monograph,Eastern Toraja,Asia,Southeast Asia,horticulturalists,,"619,626,721",https://ehrafworldcultures.yale.edu/sres/7f14375f-34f5-4120-b9eb-d9fe49423fdd
79d2fd1f-a5fc-458f-a749-8519b475aed9,"Adriani, Nicolaus, 1865-1926","The Bare'e-speaking Toradja of central Celebes (the East
         Toradja): first volume",1950,676,Monograph,Eastern Toraja,Asia,Southeast Asia,horticulturalists,,"626,775",https://ehrafworldcultures.yale.edu/sres/79d2fd1f-a5fc-458f-a749-8519b475aed9
dd6e7fa6-72d6-467c-9262-35b851187483,"Downs, Richard Erskine","The religion of the Bare-'e-speaking Toradja of central
         Celebes",1956,76,Monograph,Eastern Toraja,Asia,Southeast Asia,horticulturalists,,"304,626,852,881",https://ehrafworldcultures.yale.edu/sres/dd6e7fa6-72d6-467c-9262-35b851187483
718cbba8-a70e-4f89-bcfb-09f8bf7fed19,"Beierle, John",Culture summary: Eastern Toraja,1997,5,Manuscript,Eastern Toraja,Asia,Southeast Asia,horticulturalists,,626,https://ehrafworldcultures.yale.edu/sres/718cbba8-a70e-4f89-bcfb-09f8bf7fed19
87f83d4b-9fd7-484d-83a8-45e5e48f2b47,"Adriani, Nicolaus, 1865-1926","The Bare'e-speaking Toradja of central Celebes (the East
         Toradja): third volume",1951,390,Monograph,Eastern Toraja,Asia,Southeast Asia,horticulturalists,,"231,422,578,627",https://ehrafworldcultures.yale.edu/sres/87f83d4b-9fd7-484d-83a8-45e5e48f2b47
865d3fe2-7e57-41ca-aeb7-b3b768688af3,"Adriani, Nicolaus, 1865-1926","The Bare'e-speaking Toradja of central Celebes (the East
         Toradja): third volume",1951,612,Monograph,Eastern Toraja,Asia,Southeast Asia,horticulturalists,,"524,627",https://ehrafworldcultures.yale.edu/sres/865d3fe2-7e57-41ca-aeb7-b3b768688af3
a9bf42f2-ef87-4e1e-9ac1-c46e5a4f449d,"Adriani, Nicolaus, 1865-1926","The Bare'e-speaking Toradja of central Celebes (the East
         Toradja): third volume",1951,39,Monograph,Eastern Toraja,Asia,Southeast Asia,horticulturalists,,"224,243,326,423,554,577,622,627,732",https://ehrafworldcultures.yale.edu/sres/a9bf42f2-ef87-4e1e-9ac1-c46e5a4f449d
f3a23371-0c3c-466a-ab99-19c5a3c21412,"Adriani, Nicolaus, 1865-1926","The Bare'e-speaking Toradja of central Celebes (the East
         Toradja): second volume",1951,235,Monograph,Eastern Toraja,Asia,Southeast Asia,horticulturalists,,"578,627,787,793",https://ehrafworldcultures.yale.edu/sres/f3a23371-0c3c-466a-ab99-19c5a3c21412
db111ecd-7907-49ac-90f7-1ff396e89c15,"Adriani, Nicolaus, 1865-1926","The Bare'e-speaking Toradja of central Celebes (the East
         Toradja): second volume",1951,397,Monograph,Eastern Toraja,Asia,Southeast Asia,horticulturalists,,"627,835",https://ehrafworldcultures.yale.edu/sres/db111ecd-7907-49ac-90f7-1ff396e89c15
d684d3c9-6634-4999-9ebc-efa7a6e4b6f2,"Adriani, Nicolaus, 1865-1926","The Bare'e-speaking Toradja of central Celebes (the East
         Toradja): second volume",1951,477,Monograph,Eastern Toraja,Asia,Southeast Asia,horticulturalists,,"431,586,623,627,672",https://ehrafworldcultures.yale.edu/sres/d684d3c9-6634-4999-9ebc-efa7a6e4b6f2
9a49eea0-8cb1-47fc-8cd4-3cc93545b9c9,"Adriani, Nicolaus, 1865-1926","The Bare'e-speaking Toradja of central Celebes (the East
         Toradja): second volume",1951,478,Monograph,Eastern Toraja,Asia,Southeast Asia,horticulturalists,,"586,602,622,627",https://ehrafworldcultures.yale.edu/sres/9a49eea0-8cb1-47fc-8cd4-3cc93545b9c9
89db877e-97c6-4e5e-95aa-743f94144c5f,"Adriani, Nicolaus, 1865-1926","The Bare'e-speaking Toradja of central Celebes (the East
         Toradja): second volume",1951,479,Monograph,Eastern Toraja,Asia,Southeast Asia,horticulturalists,,"586,622,627",https://ehrafworldcultures.yale.edu/sres/89db877e-97c6-4e5e-95aa-743f94144c5f
2460b328-77ee-4105-aa21-94edda3f8adb,"Adriani, Nicolaus, 1865-1926","The Bare'e-speaking Toradja of central Celebes (the East
         Toradja): second volume",1951,521,Monograph,Eastern Toraja,Asia,Southeast Asia,horticulturalists,,"431,578,627,769,783,824,845",https://ehrafworldcultures.yale.edu/sres/2460b328-77ee-4105-aa21-94edda3f8adb
eea99f1f-aa16-4447-be46-8011174b5219,"Adriani, Nicolaus, 1865-1926","The Bare'e-speaking Toradja of central Celebes (the East
         Toradja): second volume",1951,576,Monograph,Eastern Toraja,Asia,Southeast Asia,horticulturalists,,"426,533,539,627",https://ehrafworldcultures.yale.edu/sres/eea99f1f-aa16-4447-be46-8011174b5219
288c50b1-0848-44b9-beb4-b209e3b300f3,"Adriani, Nicolaus, 1865-1926","The Bare'e-speaking Toradja of central Celebes (the East
         Toradja): second volume",1951,576,Monograph,Eastern Toraja,Asia,Southeast Asia,horticulturalists,,"426,533,539,627",https://ehrafworldcultures.yale.edu/sres/288c50b1-0848-44b9-beb4-b209e3b300f3
59c92473-d964-48dd-8b67-e90cc8d3af5f,"Adriani, Nicolaus, 1865-1926","The Bare'e-speaking Toradja of central Celebes (the East
         Toradja): second volume",1951,805,Monograph,Eastern Toraja,Asia,Southeast Asia,horticulturalists,,"437,627,769",https://ehrafworldcultures.yale.edu/sres/59c92473-d964-48dd-8b67-e90cc8d3af5f
82100999-d3e5-4bf7-b5f4-72e3d6912b58,"Adriani, Nicolaus, 1865-1926","The Bare'e-speaking Toradja of central Celebes (the East
         Toradja): second volume",1951,45,Monograph,Eastern Toraja,Asia,Southeast Asia,horticulturalists,,"539,627,783",https://ehrafworldcultures.yale.edu/sres/82100999-d3e5-4bf7-b5f4-72e3d6912b58
c038d976-0d49-4eaa-aa05-3a6fa961c6ea,"Adriani, Nicolaus, 1865-1926","The Bare'e-speaking Toradja of central Celebes (the East
         Toradja): first volume",1950,295,Monograph,Eastern Toraja,Asia,Southeast Asia,horticulturalists,,"627,694",https://ehrafworldcultures.yale.edu/sres/c038d976-0d49-4eaa-aa05-3a6fa961c6ea
5cc38478-d846-405a-9567-0f84d802fcac,"Adriani, Nicolaus, 1865-1926","The Bare'e-speaking Toradja of central Celebes (the East
         Toradja): first volume",1950,306,Monograph,Eastern Toraja,Asia,Southeast Asia,horticulturalists,,"431,578,602,627",https://ehrafworldcultures.yale.edu/sres/5cc38478-d846-405a-9567-0f84d802fcac
a9a8fa70-f504-466c-9c62-46f51c9605b8,"Adriani, Nicolaus, 1865-1926","The Bare'e-speaking Toradja of central Celebes (the East
         Toradja): first volume",1950,306,Monograph,Eastern Toraja,Asia,Southeast Asia,horticulturalists,,"578,602,627,782",https://ehrafworldcultures.yale.edu/sres/a9a8fa70-f504-466c-9c62-46f51c9605b8
6d8cc67b-91b5-4bdd-86ca-a9e9cbbfd097,"Adriani, Nicolaus, 1865-1926","The Bare'e-speaking Toradja of central Celebes (the East
         Toradja): first volume",1950,306,Monograph,Eastern Toraja,Asia,Southeast Asia,horticulturalists,,"578,602,627,824",https://ehrafworldcultures.yale.edu/sres/6d8cc67b-91b5-4bdd-86ca-a9e9cbbfd097
492c1142-aa8c-4587-9e29-b00d2eb2e37b,"Adriani, Nicolaus, 1865-1926","The Bare'e-speaking Toradja of central Celebes (the East
         Toradja): first volume",1950,307,Monograph,Eastern Toraja,Asia,Southeast Asia,horticulturalists,,"578,627,782,789,822,887",https://ehrafworldcultures.yale.edu/sres/492c1142-aa8c-4587-9e29-b00d2eb2e37b
1886d043-f955-4672-84ee-e6b6b88968f1,"Adriani, Nicolaus, 1865-1926","The Bare'e-speaking Toradja of central Celebes (the East
         Toradja): first volume",1950,307,Monograph,Eastern Toraja,Asia,Southeast Asia,horticulturalists,,"578,627,789,824",https://ehrafworldcultures.yale.edu/sres/1886d043-f955-4672-84ee-e6b6b88968f1
9c9a4868-4104-4ea5-9a1c-5a2e693ea0b5,"Adriani, Nicolaus, 1865-1926","The Bare'e-speaking Toradja of central Celebes (the East
         Toradja): first volume",1950,307,Monograph,Eastern Toraja,Asia,Southeast Asia,horticulturalists,,"574,578,627",https://ehrafworldcultures.yale.edu/sres/9c9a4868-4104-4ea5-9a1c-5a2e693ea0b5
f0f76832-ed58-4b91-8e79-abe838a992c6,"Adriani, Nicolaus, 1865-1926","The Bare'e-speaking Toradja of central Celebes (the East
         Toradja): first volume",1950,218,Monograph,Eastern Toraja,Asia,Southeast Asia,horticulturalists,,"182,184,567,622,623,627",https://ehrafworldcultures.yale.edu/sres/f0f76832-ed58-4b91-8e79-abe838a992c6
cb2033eb-4745-4af2-8950-11878a4c8f42,"Adriani, Nicolaus, 1865-1926","The Bare'e-speaking Toradja of central Celebes (the East
         Toradja): first volume",1950,219,Monograph,Eastern Toraja,Asia,Southeast Asia,horticulturalists,,"182,184,567,571,622,627",https://ehrafworldcultures.yale.edu/sres/cb2033eb-4745-4af2-8950-11878a4c8f42
ac203934-b0e2-41ab-aa5f-190e0b7afa01,"Adriani, Nicolaus, 1865-1926","The Bare'e-speaking Toradja of central Celebes (the East
         Toradja): first volume",1950,288,Monograph,Eastern Toraja,Asia,Southeast Asia,horticulturalists,,"577,578,627",https://ehrafworldcultures.yale.edu/sres/ac203934-b0e2-41ab-aa5f-190e0b7afa01
4a89f376-4991-43f7-b02c-8f44f35d3d56,"Adriani, Nicolaus, 1865-1926","The Bare'e-speaking Toradja of central Celebes (the East
         Toradja): first volume",1950,288,Monograph,Eastern Toraja,Asia,Southeast Asia,horticulturalists,,"578,610,627",https://ehrafworldcultures.yale.edu/sres/4a89f376-4991-43f7-b02c-8f44f35d3d56
cc101c3c-59a4-4bb7-932a-809693ebc735,"Adriani, Nicolaus, 1865-1926","The Bare'e-speaking Toradja of central Celebes (the East
         Toradja): first volume",1950,290,Monograph,Eastern Toraja,Asia,Southeast Asia,horticulturalists,,627,https://ehrafworldcultures.yale.edu/sres/cc101c3c-59a4-4bb7-932a-809693ebc735
93d9b2f7-9fee-4c9d-ae1c-5fc1f93dcc2a,"Adriani, Nicolaus, 1865-1926","The Bare'e-speaking Toradja of central Celebes (the East
         Toradja): first volume",1950,290,Monograph,Eastern Toraja,Asia,Southeast Asia,horticulturalists,,"591,622,627,692",https://ehrafworldcultures.yale.edu/sres/93d9b2f7-9fee-4c9d-ae1c-5fc1f93dcc2a
6a5124c9-a07b-4661-bc99-e27924fe2dd8,"Adriani, Nicolaus, 1865-1926","The Bare'e-speaking Toradja of central Celebes (the East
         Toradja): first volume",1950,292,Monograph,Eastern Toraja,Asia,Southeast Asia,horticulturalists,,"190,201,627",https://ehrafworldcultures.yale.edu/sres/6a5124c9-a07b-4661-bc99-e27924fe2dd8
7ae3792e-ba50-4075-b4e7-17dde0bfc393,"Adriani, Nicolaus, 1865-1926","The Bare'e-speaking Toradja of central Celebes (the East
         Toradja): first volume",1950,293,Monograph,Eastern Toraja,Asia,Southeast Asia,horticulturalists,,627,https://ehrafworldcultures.yale.edu/sres/7ae3792e-ba50-4075-b4e7-17dde0bfc393
5ec933e6-65df-4619-9334-4f72e94a89af,"Adriani, Nicolaus, 1865-1926","The Bare'e-speaking Toradja of central Celebes (the East
         Toradja): first volume",1950,293,Monograph,Eastern Toraja,Asia,Southeast Asia,horticulturalists,,"627,796",https://ehrafworldcultures.yale.edu/sres/5ec933e6-65df-4619-9334-4f72e94a89af
4058217d-1f4f-4824-83c2-bb41fe0d3fb4,"Adriani, Nicolaus, 1865-1926","The Bare'e-speaking Toradja of central Celebes (the East
         Toradja): first volume",1950,294,Monograph,Eastern Toraja,Asia,Southeast Asia,horticulturalists,,"627,693",https://ehrafworldcultures.yale.edu/sres/4058217d-1f4f-4824-83c2-bb41fe0d3fb4
0bf37992-a936-4b7e-bf62-cee17283956b,"Adriani, Nicolaus, 1865-1926","The Bare'e-speaking Toradja of central Celebes (the East
         Toradja): first volume",1950,294,Monograph,Eastern Toraja,Asia,Southeast Asia,horticulturalists,,627,https://ehrafworldcultures.yale.edu/sres/0bf37992-a936-4b7e-bf62-cee17283956b
939182a3-965a-42ee-9d7f-e970e6ae0041,"Adriani, Nicolaus, 1865-1926","The Bare'e-speaking Toradja of central Celebes (the East
         Toradja): first volume",1950,295,Monograph,Eastern Toraja,Asia,Southeast Asia,horticulturalists,,"627,692",https://ehrafworldcultures.yale.edu/sres/939182a3-965a-42ee-9d7f-e970e6ae0041
631f2e8d-bc36-4687-aec2-d457064984be,"Adriani, Nicolaus, 1865-1926","The Bare'e-speaking Toradja of central Celebes (the East
         Toradja): first volume",1950,295,Monograph,Eastern Toraja,Asia,Southeast Asia,horticulturalists,,"627,694",https://ehrafworldcultures.yale.edu/sres/631f2e8d-bc36-4687-aec2-d457064984be
9749894c-49b9-4abf-be41-08a6db29e51e,"Adriani, Nicolaus, 1865-1926","The Bare'e-speaking Toradja of central Celebes (the East
         Toradja): first volume",1950,295,Monograph,Eastern Toraja,Asia,Southeast Asia,horticulturalists,,"627,694",https://ehrafworldcultures.yale.edu/sres/9749894c-49b9-4abf-be41-08a6db29e51e
26a1905a-262a-43d3-82e8-6f2aaff2dec9,"Adriani, Nicolaus, 1865-1926","The Bare'e-speaking Toradja of central Celebes (the East
         Toradja): third volume",1951,307,Monograph,Eastern Toraja,Asia,Southeast Asia,horticulturalists,,"177,245,648,685",https://ehrafworldcultures.yale.edu/sres/26a1905a-262a-43d3-82e8-6f2aaff2dec9
1f19805d-656b-4b50-897a-a7eb86e2f1f8,"Adriani, Nicolaus, 1865-1926","The Bare'e-speaking Toradja of central Celebes (the East
         Toradja): third volume",1951,353,Monograph,Eastern Toraja,Asia,Southeast Asia,horticulturalists,,"249,276,685,789",https://ehrafworldcultures.yale.edu/sres/1f19805d-656b-4b50-897a-a7eb86e2f1f8
83bfdee7-7b6b-4807-8fa5-2a9750a11d34,"Adriani, Nicolaus, 1865-1926","The Bare'e-speaking Toradja of central Celebes (the East
         Toradja): third volume",1951,382,Monograph,Eastern Toraja,Asia,Southeast Asia,horticulturalists,,"231,684,755,782,789",https://ehrafworldcultures.yale.edu/sres/83bfdee7-7b6b-4807-8fa5-2a9750a11d34
fa4eca16-8a69-442b-bb0b-05589cd93bb4,"Adriani, Nicolaus, 1865-1926","The Bare'e-speaking Toradja of central Celebes (the East
         Toradja): third volume",1951,397,Monograph,Eastern Toraja,Asia,Southeast Asia,horticulturalists,,"231,684,839",https://ehrafworldcultures.yale.edu/sres/fa4eca16-8a69-442b-bb0b-05589cd93bb4
13142804-411b-4212-9310-0ffc563032b9,"Adriani, Nicolaus, 1865-1926","The Bare'e-speaking Toradja of central Celebes (the East
         Toradja): third volume",1951,400,Monograph,Eastern Toraja,Asia,Southeast Asia,horticulturalists,,"178,231,252,262,281,439,684,778,782",https://ehrafworldcultures.yale.edu/sres/13142804-411b-4212-9310-0ffc563032b9
9a75a281-39ac-4558-863c-b7053f8c0d04,"Adriani, Nicolaus, 1865-1926","The Bare'e-speaking Toradja of central Celebes (the East
         Toradja): third volume",1951,403,Monograph,Eastern Toraja,Asia,Southeast Asia,horticulturalists,,"171,231,684,776,782,825",https://ehrafworldcultures.yale.edu/sres/9a75a281-39ac-4558-863c-b7053f8c0d04
f9bb6ccb-b23e-4776-9d71-69038e4b069f,"Adriani, Nicolaus, 1865-1926","The Bare'e-speaking Toradja of central Celebes (the East
         Toradja): third volume",1951,404,Monograph,Eastern Toraja,Asia,Southeast Asia,horticulturalists,,"231,681,773,782,804",https://ehrafworldcultures.yale.edu/sres/f9bb6ccb-b23e-4776-9d71-69038e4b069f
8dce03a9-6be1-42a0-a4ab-003f37e56329,"Adriani, Nicolaus, 1865-1926","The Bare'e-speaking Toradja of central Celebes (the East
         Toradja): third volume",1951,447,Monograph,Eastern Toraja,Asia,Southeast Asia,horticulturalists,,"301,681,823",https://ehrafworldcultures.yale.edu/sres/8dce03a9-6be1-42a0-a4ab-003f37e56329
016874e1-9f2c-44cc-8e00-8184b49f32ac,"Adriani, Nicolaus, 1865-1926","The Bare'e-speaking Toradja of central Celebes (the East
         Toradja): third volume",1951,484,Monograph,Eastern Toraja,Asia,Southeast Asia,horticulturalists,,"317,463,465,554,578,621,651,686",https://ehrafworldcultures.yale.edu/sres/016874e1-9f2c-44cc-8e00-8184b49f32ac
6cf0c695-5c01-4dc1-bd2e-51640405d487,"Adriani, Nicolaus, 1865-1926","The Bare'e-speaking Toradja of central Celebes (the East
         Toradja): third volume",1951,533,Monograph,Eastern Toraja,Asia,Southeast Asia,horticulturalists,,"224,688,783",https://ehrafworldcultures.yale.edu/sres/6cf0c695-5c01-4dc1-bd2e-51640405d487
e727c038-ad19-4ce4-87fc-8ea1e7ca1b2b,"Adriani, Nicolaus, 1865-1926","The Bare'e-speaking Toradja of central Celebes (the East
         Toradja): third volume",1951,534,Monograph,Eastern Toraja,Asia,Southeast Asia,horticulturalists,,"224,231,689",https://ehrafworldcultures.yale.edu/sres/e727c038-ad19-4ce4-87fc-8ea1e7ca1b2b
025cb98c-b8c4-4057-a0a1-cbd45f913265,"Adriani, Nicolaus, 1865-1926","The Bare'e-speaking Toradja of central Celebes (the East
         Toradja): third volume",1951,571,Monograph,Eastern Toraja,Asia,Southeast Asia,horticulturalists,,"226,685,789",https://ehrafworldcultures.yale.edu/sres/025cb98c-b8c4-4057-a0a1-cbd45f913265
85272431-b6b9-44c1-88a8-cd5b98df318e,"Adriani, Nicolaus, 1865-1926","The Bare'e-speaking Toradja of central Celebes (the East
         Toradja): third volume",1951,15,Monograph,Eastern Toraja,Asia,Southeast Asia,horticulturalists,,"425,609,619,681",https://ehrafworldcultures.yale.edu/sres/85272431-b6b9-44c1-88a8-cd5b98df318e
2bdb6159-fdc9-4d78-b932-1013f98945ca,"Adriani, Nicolaus, 1865-1926","The Bare'e-speaking Toradja of central Celebes (the East
         Toradja): third volume",1951,60,Monograph,Eastern Toraja,Asia,Southeast Asia,horticulturalists,,"184,243,372,476,533,539,688,769,789,791,821,823,825",https://ehrafworldcultures.yale.edu/sres/2bdb6159-fdc9-4d78-b932-1013f98945ca
7600d7f8-8b11-429d-9103-087dfc96501c,"Adriani, Nicolaus, 1865-1926","The Bare'e-speaking Toradja of central Celebes (the East
         Toradja): third volume",1951,94,Monograph,Eastern Toraja,Asia,Southeast Asia,horticulturalists,,"243,461,462,554,689,782,784,789,821",https://ehrafworldcultures.yale.edu/sres/7600d7f8-8b11-429d-9103-087dfc96501c
9edc281a-5542-448c-8433-a3c86d5ff253,"Adriani, Nicolaus, 1865-1926","The Bare'e-speaking Toradja of central Celebes (the East
         Toradja): third volume",1951,104,Monograph,Eastern Toraja,Asia,Southeast Asia,horticulturalists,,"243,578,685",https://ehrafworldcultures.yale.edu/sres/9edc281a-5542-448c-8433-a3c86d5ff253
bcc1c80d-3ab4-4a2a-91ec-799f1a89fd16,"Adriani, Nicolaus, 1865-1926","The Bare'e-speaking Toradja of central Celebes (the East
         Toradja): third volume",1951,156,Monograph,Eastern Toraja,Asia,Southeast Asia,horticulturalists,,"243,609,688,784",https://ehrafworldcultures.yale.edu/sres/bcc1c80d-3ab4-4a2a-91ec-799f1a89fd16
6c0c8fb9-b636-43b1-b208-6f49c3f1e488,"Adriani, Nicolaus, 1865-1926","The Bare'e-speaking Toradja of central Celebes (the East
         Toradja): third volume",1951,178,Monograph,Eastern Toraja,Asia,Southeast Asia,horticulturalists,,"243,464,686",https://ehrafworldcultures.yale.edu/sres/6c0c8fb9-b636-43b1-b208-6f49c3f1e488
abaf97ef-711d-4e8c-977c-4b27aba7af5a,"Adriani, Nicolaus, 1865-1926","The Bare'e-speaking Toradja of central Celebes (the East
         Toradja): third volume",1951,183,Monograph,Eastern Toraja,Asia,Southeast Asia,horticulturalists,,"243,685",https://ehrafworldcultures.yale.edu/sres/abaf97ef-711d-4e8c-977c-4b27aba7af5a
5021c18e-3615-4c56-b353-76f0d8cb8696,"Adriani, Nicolaus, 1865-1926","The Bare'e-speaking Toradja of central Celebes (the East
         Toradja): second volume",1951,158,Monograph,Eastern Toraja,Asia,Southeast Asia,horticulturalists,,"425,574,681,753,793",https://ehrafworldcultures.yale.edu/sres/5021c18e-3615-4c56-b353-76f0d8cb8696
0f911f64-c7aa-4e13-a727-b7b61207f8a8,"Adriani, Nicolaus, 1865-1926","The Bare'e-speaking Toradja of central Celebes (the East
         Toradja): second volume",1951,167,Monograph,Eastern Toraja,Asia,Southeast Asia,horticulturalists,,"558,681,793",https://ehrafworldcultures.yale.edu/sres/0f911f64-c7aa-4e13-a727-b7b61207f8a8
8d3886e3-5621-4a85-a6fe-84ca5e3d6b50,"Adriani, Nicolaus, 1865-1926","The Bare'e-speaking Toradja of central Celebes (the East
         Toradja): second volume",1951,173,Monograph,Eastern Toraja,Asia,Southeast Asia,horticulturalists,,"681,755,761,793",https://ehrafworldcultures.yale.edu/sres/8d3886e3-5621-4a85-a6fe-84ca5e3d6b50
39403ba2-ce23-4d5e-808c-b64c6180ad4e,"Adriani, Nicolaus, 1865-1926","The Bare'e-speaking Toradja of central Celebes (the East
         Toradja): second volume",1951,190,Monograph,Eastern Toraja,Asia,Southeast Asia,horticulturalists,,"681,755,776,793",https://ehrafworldcultures.yale.edu/sres/39403ba2-ce23-4d5e-808c-b64c6180ad4e
6500d022-eab9-4429-8ae1-9ead3fd8cdd1,"Adriani, Nicolaus, 1865-1926","The Bare'e-speaking Toradja of central Celebes (the East
         Toradja): second volume",1951,250,Monograph,Eastern Toraja,Asia,Southeast Asia,horticulturalists,,"609,671,681,753,761,784",https://ehrafworldcultures.yale.edu/sres/6500d022-eab9-4429-8ae1-9ead3fd8cdd1
615abccb-9498-4279-b295-0c62b7f65f69,"Adriani, Nicolaus, 1865-1926","The Bare'e-speaking Toradja of central Celebes (the East
         Toradja): second volume",1951,256,Monograph,Eastern Toraja,Asia,Southeast Asia,horticulturalists,,"123,593,602,683,695,754,855",https://ehrafworldcultures.yale.edu/sres/615abccb-9498-4279-b295-0c62b7f65f69
d0e2cca9-a579-4b04-b9ba-730002cb2e73,"Adriani, Nicolaus, 1865-1926","The Bare'e-speaking Toradja of central Celebes (the East
         Toradja): second volume",1951,261,Monograph,Eastern Toraja,Asia,Southeast Asia,horticulturalists,,"593,684,726,753,761,784",https://ehrafworldcultures.yale.edu/sres/d0e2cca9-a579-4b04-b9ba-730002cb2e73
a361aa6b-f5fb-4e77-9be1-ec03d78f7290,"Adriani, Nicolaus, 1865-1926","The Bare'e-speaking Toradja of central Celebes (the East
         Toradja): second volume",1951,292,Monograph,Eastern Toraja,Asia,Southeast Asia,horticulturalists,,"125,685,732,754,789",https://ehrafworldcultures.yale.edu/sres/a361aa6b-f5fb-4e77-9be1-ec03d78f7290
2782048f-ff58-4bcb-badb-c58621e7e343,"Adriani, Nicolaus, 1865-1926","The Bare'e-speaking Toradja of central Celebes (the East
         Toradja): second volume",1951,292,Monograph,Eastern Toraja,Asia,Southeast Asia,horticulturalists,,"184,685,754",https://ehrafworldcultures.yale.edu/sres/2782048f-ff58-4bcb-badb-c58621e7e343
ca8c9128-0c37-436c-8598-708ec2138145,"Adriani, Nicolaus, 1865-1926","The Bare'e-speaking Toradja of central Celebes (the East
         Toradja): second volume",1951,312,Monograph,Eastern Toraja,Asia,Southeast Asia,horticulturalists,,"171,177,683,721,727,779,797",https://ehrafworldcultures.yale.edu/sres/ca8c9128-0c37-436c-8598-708ec2138145
dae43d2e-05be-4dfc-a188-09f5b7257cb6,"Adriani, Nicolaus, 1865-1926","The Bare'e-speaking Toradja of central Celebes (the East
         Toradja): second volume",1951,313,Monograph,Eastern Toraja,Asia,Southeast Asia,horticulturalists,,"181,184,541,682,685,779",https://ehrafworldcultures.yale.edu/sres/dae43d2e-05be-4dfc-a188-09f5b7257cb6
b842eebb-18db-40d2-8cb4-1506d2207f2f,"Adriani, Nicolaus, 1865-1926","The Bare'e-speaking Toradja of central Celebes (the East
         Toradja): second volume",1951,344,Monograph,Eastern Toraja,Asia,Southeast Asia,horticulturalists,,"175,688,779,794,797",https://ehrafworldcultures.yale.edu/sres/b842eebb-18db-40d2-8cb4-1506d2207f2f
ebf0b2d7-41e7-44ae-87eb-083dfad9149b,"Adriani, Nicolaus, 1865-1926","The Bare'e-speaking Toradja of central Celebes (the East
         Toradja): second volume",1951,361,Monograph,Eastern Toraja,Asia,Southeast Asia,horticulturalists,,"171,177,415,556,583,584,686,779",https://ehrafworldcultures.yale.edu/sres/ebf0b2d7-41e7-44ae-87eb-083dfad9149b
e7c5b943-18f7-420e-af63-624b2a06665c,"Adriani, Nicolaus, 1865-1926","The Bare'e-speaking Toradja of central Celebes (the East
         Toradja): second volume",1951,380,Monograph,Eastern Toraja,Asia,Southeast Asia,horticulturalists,,"688,765,766,779,784",https://ehrafworldcultures.yale.edu/sres/e7c5b943-18f7-420e-af63-624b2a06665c
92d3fc61-2913-4cbe-9e6d-1bcc65517811,"Adriani, Nicolaus, 1865-1926","The Bare'e-speaking Toradja of central Celebes (the East
         Toradja): second volume",1951,384,Monograph,Eastern Toraja,Asia,Southeast Asia,horticulturalists,,"156,157,589,684,732",https://ehrafworldcultures.yale.edu/sres/92d3fc61-2913-4cbe-9e6d-1bcc65517811
647937ec-abdf-4da2-a6ca-f52b53ab0ebf,"Adriani, Nicolaus, 1865-1926","The Bare'e-speaking Toradja of central Celebes (the East
         Toradja): second volume",1951,390,Monograph,Eastern Toraja,Asia,Southeast Asia,horticulturalists,,"684,836,848",https://ehrafworldcultures.yale.edu/sres/647937ec-abdf-4da2-a6ca-f52b53ab0ebf
182e8eed-a379-4b11-9c37-aa7c25b4e6b4,"Adriani, Nicolaus, 1865-1926","The Bare'e-speaking Toradja of central Celebes (the East
         Toradja): second volume",1951,391,Monograph,Eastern Toraja,Asia,Southeast Asia,horticulturalists,,"178,184,431,593,671,684,837",https://ehrafworldcultures.yale.edu/sres/182e8eed-a379-4b11-9c37-aa7c25b4e6b4
e3a47244-b77b-4c92-bbe5-2837b9fdffe1,"Adriani, Nicolaus, 1865-1926","The Bare'e-speaking Toradja of central Celebes (the East
         Toradja): second volume",1951,393,Monograph,Eastern Toraja,Asia,Southeast Asia,horticulturalists,,"243,684,761,833,834,841",https://ehrafworldcultures.yale.edu/sres/e3a47244-b77b-4c92-bbe5-2837b9fdffe1
fd6a7255-ab75-4ca3-919c-7e069a94dc69,"Adriani, Nicolaus, 1865-1926","The Bare'e-speaking Toradja of central Celebes (the East
         Toradja): second volume",1951,396,Monograph,Eastern Toraja,Asia,Southeast Asia,horticulturalists,,"582,684",https://ehrafworldcultures.yale.edu/sres/fd6a7255-ab75-4ca3-919c-7e069a94dc69
30804470-7b77-4967-ab32-da96110d9b21,"Adriani, Nicolaus, 1865-1926","The Bare'e-speaking Toradja of central Celebes (the East
         Toradja): second volume",1951,398,Monograph,Eastern Toraja,Asia,Southeast Asia,horticulturalists,,"184,684,782",https://ehrafworldcultures.yale.edu/sres/30804470-7b77-4967-ab32-da96110d9b21
0e59688e-9240-4652-aa8b-b478a359332c,"Adriani, Nicolaus, 1865-1926","The Bare'e-speaking Toradja of central Celebes (the East
         Toradja): second volume",1951,398,Monograph,Eastern Toraja,Asia,Southeast Asia,horticulturalists,,"588,684,784,848",https://ehrafworldcultures.yale.edu/sres/0e59688e-9240-4652-aa8b-b478a359332c
a86b5709-fff5-45a2-a48e-158448d2e4de,"Adriani, Nicolaus, 1865-1926","The Bare'e-speaking Toradja of central Celebes (the East
         Toradja): second volume",1951,398,Monograph,Eastern Toraja,Asia,Southeast Asia,horticulturalists,,"582,684,782",https://ehrafworldcultures.yale.edu/sres/a86b5709-fff5-45a2-a48e-158448d2e4de
20cd11ef-42af-410b-91bb-e8151c6295ca,"Adriani, Nicolaus, 1865-1926","The Bare'e-speaking Toradja of central Celebes (the East
         Toradja): second volume",1951,399,Monograph,Eastern Toraja,Asia,Southeast Asia,horticulturalists,,"582,684,782",https://ehrafworldcultures.yale.edu/sres/20cd11ef-42af-410b-91bb-e8151c6295ca
090679bb-126f-4bd6-98f5-7270909f78e2,"Adriani, Nicolaus, 1865-1926","The Bare'e-speaking Toradja of central Celebes (the East
         Toradja): second volume",1951,401,Monograph,Eastern Toraja,Asia,Southeast Asia,horticulturalists,,"177,178,582,684,782,797",https://ehrafworldcultures.yale.edu/sres/090679bb-126f-4bd6-98f5-7270909f78e2
e761e77f-1044-4253-a665-f683d2c1e406,"Adriani, Nicolaus, 1865-1926","The Bare'e-speaking Toradja of central Celebes (the East
         Toradja): second volume",1951,402,Monograph,Eastern Toraja,Asia,Southeast Asia,horticulturalists,,"582,684,783",https://ehrafworldcultures.yale.edu/sres/e761e77f-1044-4253-a665-f683d2c1e406
9c9d7113-a36d-4ed3-b934-4e4b1a563f47,"Adriani, Nicolaus, 1865-1926","The Bare'e-speaking Toradja of central Celebes (the East
         Toradja): second volume",1951,403,Monograph,Eastern Toraja,Asia,Southeast Asia,horticulturalists,,"684,783,825",https://ehrafworldcultures.yale.edu/sres/9c9d7113-a36d-4ed3-b934-4e4b1a563f47
fe4eab22-050f-483c-8510-6ad352bec888,"Adriani, Nicolaus, 1865-1926","The Bare'e-speaking Toradja of central Celebes (the East
         Toradja): second volume",1951,403,Monograph,Eastern Toraja,Asia,Southeast Asia,horticulturalists,,"671,684,773,783",https://ehrafworldcultures.yale.edu/sres/fe4eab22-050f-483c-8510-6ad352bec888
b7f77955-478a-49f6-8a26-cfc32f74d3a8,"Adriani, Nicolaus, 1865-1926","The Bare'e-speaking Toradja of central Celebes (the East
         Toradja): second volume",1951,403,Monograph,Eastern Toraja,Asia,Southeast Asia,horticulturalists,,"684,773,783",https://ehrafworldcultures.yale.edu/sres/b7f77955-478a-49f6-8a26-cfc32f74d3a8
8682bff3-caa9-4b1a-a4da-c0733b3c11ec,"Adriani, Nicolaus, 1865-1926","The Bare'e-speaking Toradja of central Celebes (the East
         Toradja): second volume",1951,403,Monograph,Eastern Toraja,Asia,Southeast Asia,horticulturalists,,"671,684,773,783",https://ehrafworldcultures.yale.edu/sres/8682bff3-caa9-4b1a-a4da-c0733b3c11ec
ccc7d724-b3c6-4787-96c3-fe78cefac7ad,"Adriani, Nicolaus, 1865-1926","The Bare'e-speaking Toradja of central Celebes (the East
         Toradja): second volume",1951,404,Monograph,Eastern Toraja,Asia,Southeast Asia,horticulturalists,,"684,773,783",https://ehrafworldcultures.yale.edu/sres/ccc7d724-b3c6-4787-96c3-fe78cefac7ad
b69a7c1c-6f75-4099-81ca-9f4b2586fd2e,"Adriani, Nicolaus, 1865-1926","The Bare'e-speaking Toradja of central Celebes (the East
         Toradja): second volume",1951,404,Monograph,Eastern Toraja,Asia,Southeast Asia,horticulturalists,,"539,684,783",https://ehrafworldcultures.yale.edu/sres/b69a7c1c-6f75-4099-81ca-9f4b2586fd2e
e80600d5-f5c2-4921-bb9a-aaf05edd06e2,"Adriani, Nicolaus, 1865-1926","The Bare'e-speaking Toradja of central Celebes (the East
         Toradja): second volume",1951,405,Monograph,Eastern Toraja,Asia,Southeast Asia,horticulturalists,,"264,684,782,783",https://ehrafworldcultures.yale.edu/sres/e80600d5-f5c2-4921-bb9a-aaf05edd06e2
81bcbe08-723f-4028-a4b3-8913968f090b,"Adriani, Nicolaus, 1865-1926","The Bare'e-speaking Toradja of central Celebes (the East
         Toradja): second volume",1951,405,Monograph,Eastern Toraja,Asia,Southeast Asia,horticulturalists,,"184,684,783",https://ehrafworldcultures.yale.edu/sres/81bcbe08-723f-4028-a4b3-8913968f090b
5a98445b-e826-49a7-823b-afb985bb478e,"Adriani, Nicolaus, 1865-1926","The Bare'e-speaking Toradja of central Celebes (the East
         Toradja): second volume",1951,406,Monograph,Eastern Toraja,Asia,Southeast Asia,horticulturalists,,"184,684,783",https://ehrafworldcultures.yale.edu/sres/5a98445b-e826-49a7-823b-afb985bb478e
d9377f4f-c272-4c04-9817-ccd78ec7417b,"Adriani, Nicolaus, 1865-1926","The Bare'e-speaking Toradja of central Celebes (the East
         Toradja): second volume",1951,406,Monograph,Eastern Toraja,Asia,Southeast Asia,horticulturalists,,"301,684,782,783",https://ehrafworldcultures.yale.edu/sres/d9377f4f-c272-4c04-9817-ccd78ec7417b
b296b4ca-0da9-4da1-b8b5-740d2f59953c,"Adriani, Nicolaus, 1865-1926","The Bare'e-speaking Toradja of central Celebes (the East
         Toradja): second volume",1951,407,Monograph,Eastern Toraja,Asia,Southeast Asia,horticulturalists,,"684,783,823",https://ehrafworldcultures.yale.edu/sres/b296b4ca-0da9-4da1-b8b5-740d2f59953c
53129345-016a-4a5a-b263-577921f9afc8,"Adriani, Nicolaus, 1865-1926","The Bare'e-speaking Toradja of central Celebes (the East
         Toradja): second volume",1951,407,Monograph,Eastern Toraja,Asia,Southeast Asia,horticulturalists,,"426,539,684,783",https://ehrafworldcultures.yale.edu/sres/53129345-016a-4a5a-b263-577921f9afc8
02facf49-2972-4c74-b941-fd859865d66f,"Adriani, Nicolaus, 1865-1926","The Bare'e-speaking Toradja of central Celebes (the East
         Toradja): second volume",1951,408,Monograph,Eastern Toraja,Asia,Southeast Asia,horticulturalists,,"684,782,783",https://ehrafworldcultures.yale.edu/sres/02facf49-2972-4c74-b941-fd859865d66f
4ed308f6-f0d9-4b28-a69a-31401b751871,"Adriani, Nicolaus, 1865-1926","The Bare'e-speaking Toradja of central Celebes (the East
         Toradja): second volume",1951,408,Monograph,Eastern Toraja,Asia,Southeast Asia,horticulturalists,,"184,539,684,782,783",https://ehrafworldcultures.yale.edu/sres/4ed308f6-f0d9-4b28-a69a-31401b751871
52937e1d-786e-4b6e-b1f3-d10d39beb706,"Adriani, Nicolaus, 1865-1926","The Bare'e-speaking Toradja of central Celebes (the East
         Toradja): second volume",1951,409,Monograph,Eastern Toraja,Asia,Southeast Asia,horticulturalists,,"184,241,252,684,783,824",https://ehrafworldcultures.yale.edu/sres/52937e1d-786e-4b6e-b1f3-d10d39beb706
ca346569-711a-49e3-bd09-0582a4a55544,"Adriani, Nicolaus, 1865-1926","The Bare'e-speaking Toradja of central Celebes (the East
         Toradja): second volume",1951,409,Monograph,Eastern Toraja,Asia,Southeast Asia,horticulturalists,,"184,539,684,776,783,823",https://ehrafworldcultures.yale.edu/sres/ca346569-711a-49e3-bd09-0582a4a55544
1b801288-8950-48be-be66-0285bbba1283,"Adriani, Nicolaus, 1865-1926","The Bare'e-speaking Toradja of central Celebes (the East
         Toradja): second volume",1951,411,Monograph,Eastern Toraja,Asia,Southeast Asia,horticulturalists,,"184,684,783",https://ehrafworldcultures.yale.edu/sres/1b801288-8950-48be-be66-0285bbba1283
36a7bdd3-8d93-44eb-b75b-3d91876f9eae,"Adriani, Nicolaus, 1865-1926","The Bare'e-speaking Toradja of central Celebes (the East
         Toradja): second volume",1951,411,Monograph,Eastern Toraja,Asia,Southeast Asia,horticulturalists,,"461,527,684,783,788",https://ehrafworldcultures.yale.edu/sres/36a7bdd3-8d93-44eb-b75b-3d91876f9eae
74d9ed86-2bf5-415a-8553-92602362a48f,"Adriani, Nicolaus, 1865-1926","The Bare'e-speaking Toradja of central Celebes (the East
         Toradja): second volume",1951,416,Monograph,Eastern Toraja,Asia,Southeast Asia,horticulturalists,,"583,584,686",https://ehrafworldcultures.yale.edu/sres/74d9ed86-2bf5-415a-8553-92602362a48f
d0cdcce6-d3a4-402b-a470-eeaf5ad8ec91,"Adriani, Nicolaus, 1865-1926","The Bare'e-speaking Toradja of central Celebes (the East
         Toradja): second volume",1951,421,Monograph,Eastern Toraja,Asia,Southeast Asia,horticulturalists,,"578,581,584,593,602,684",https://ehrafworldcultures.yale.edu/sres/d0cdcce6-d3a4-402b-a470-eeaf5ad8ec91
79460281-7f9c-4f45-bc2b-a91246b462e2,"Adriani, Nicolaus, 1865-1926","The Bare'e-speaking Toradja of central Celebes (the East
         Toradja): second volume",1951,430,Monograph,Eastern Toraja,Asia,Southeast Asia,horticulturalists,,"431,539,584,586,593,602,684",https://ehrafworldcultures.yale.edu/sres/79460281-7f9c-4f45-bc2b-a91246b462e2
db8a0f15-c20f-4140-828a-ac85ab94c182,"Adriani, Nicolaus, 1865-1926","The Bare'e-speaking Toradja of central Celebes (the East
         Toradja): second volume",1951,433,Monograph,Eastern Toraja,Asia,Southeast Asia,horticulturalists,,"584,686",https://ehrafworldcultures.yale.edu/sres/db8a0f15-c20f-4140-828a-ac85ab94c182
74c6d4cc-0682-4e3d-be86-7ca5d6bd8f64,"Adriani, Nicolaus, 1865-1926","The Bare'e-speaking Toradja of central Celebes (the East
         Toradja): second volume",1951,434,Monograph,Eastern Toraja,Asia,Southeast Asia,horticulturalists,,"184,583,584,585,684,836",https://ehrafworldcultures.yale.edu/sres/74c6d4cc-0682-4e3d-be86-7ca5d6bd8f64
5ab3a412-24b2-4171-91c1-014cead6357a,"Adriani, Nicolaus, 1865-1926","The Bare'e-speaking Toradja of central Celebes (the East
         Toradja): second volume",1951,435,Monograph,Eastern Toraja,Asia,Southeast Asia,horticulturalists,,"584,686,834",https://ehrafworldcultures.yale.edu/sres/5ab3a412-24b2-4171-91c1-014cead6357a
3d1781fc-184f-4fcd-bc01-b7659105b726,"Adriani, Nicolaus, 1865-1926","The Bare'e-speaking Toradja of central Celebes (the East
         Toradja): second volume",1951,435,Monograph,Eastern Toraja,Asia,Southeast Asia,horticulturalists,,"584,686,834",https://ehrafworldcultures.yale.edu/sres/3d1781fc-184f-4fcd-bc01-b7659105b726
ee1fe1e6-b41a-4a95-9dfd-a5f2bdcbe2a1,"Adriani, Nicolaus, 1865-1926","The Bare'e-speaking Toradja of central Celebes (the East
         Toradja): second volume",1951,437,Monograph,Eastern Toraja,Asia,Southeast Asia,horticulturalists,,"211,585,686",https://ehrafworldcultures.yale.edu/sres/ee1fe1e6-b41a-4a95-9dfd-a5f2bdcbe2a1
2d88be74-71d0-4468-aab6-f7d6498a580e,"Adriani, Nicolaus, 1865-1926","The Bare'e-speaking Toradja of central Celebes (the East
         Toradja): second volume",1951,440,Monograph,Eastern Toraja,Asia,Southeast Asia,horticulturalists,,"184,574,585,681",https://ehrafworldcultures.yale.edu/sres/2d88be74-71d0-4468-aab6-f7d6498a580e
3d5f4a44-a94d-47b5-b5fa-d2ce4e716647,"Adriani, Nicolaus, 1865-1926","The Bare'e-speaking Toradja of central Celebes (the East
         Toradja): second volume",1951,463,Monograph,Eastern Toraja,Asia,Southeast Asia,horticulturalists,,"578,583,591,681",https://ehrafworldcultures.yale.edu/sres/3d5f4a44-a94d-47b5-b5fa-d2ce4e716647
37b90753-0b88-468a-9937-591c53d286dd,"Adriani, Nicolaus, 1865-1926","The Bare'e-speaking Toradja of central Celebes (the East
         Toradja): second volume",1951,473,Monograph,Eastern Toraja,Asia,Southeast Asia,horticulturalists,,"152,593,595,682",https://ehrafworldcultures.yale.edu/sres/37b90753-0b88-468a-9937-591c53d286dd
0f65cb0a-8102-462c-bc83-632beb2f407a,"Adriani, Nicolaus, 1865-1926","The Bare'e-speaking Toradja of central Celebes (the East
         Toradja): second volume",1951,474,Monograph,Eastern Toraja,Asia,Southeast Asia,horticulturalists,,"184,595,684",https://ehrafworldcultures.yale.edu/sres/0f65cb0a-8102-462c-bc83-632beb2f407a
081a4406-ee48-4fba-a779-01574bc53b44,"Adriani, Nicolaus, 1865-1926","The Bare'e-speaking Toradja of central Celebes (the East
         Toradja): second volume",1951,475,Monograph,Eastern Toraja,Asia,Southeast Asia,horticulturalists,,684,https://ehrafworldcultures.yale.edu/sres/081a4406-ee48-4fba-a779-01574bc53b44
0dc1912d-a922-4c9d-8117-c01e064f677f,"Adriani, Nicolaus, 1865-1926","The Bare'e-speaking Toradja of central Celebes (the East
         Toradja): second volume",1951,475,Monograph,Eastern Toraja,Asia,Southeast Asia,horticulturalists,,684,https://ehrafworldcultures.yale.edu/sres/0dc1912d-a922-4c9d-8117-c01e064f677f
d2ffd623-01af-4d81-b61b-a5d814f19dd7,"Adriani, Nicolaus, 1865-1926","The Bare'e-speaking Toradja of central Celebes (the East
         Toradja): second volume",1951,477,Monograph,Eastern Toraja,Asia,Southeast Asia,horticulturalists,,"586,684",https://ehrafworldcultures.yale.edu/sres/d2ffd623-01af-4d81-b61b-a5d814f19dd7
06f58172-bdcc-4463-9657-d445d7e0515e,"Adriani, Nicolaus, 1865-1926","The Bare'e-speaking Toradja of central Celebes (the East
         Toradja): second volume",1951,480,Monograph,Eastern Toraja,Asia,Southeast Asia,horticulturalists,,"586,684",https://ehrafworldcultures.yale.edu/sres/06f58172-bdcc-4463-9657-d445d7e0515e
a7d35cb5-216d-424b-affd-b44a2bfd4ebb,"Adriani, Nicolaus, 1865-1926","The Bare'e-speaking Toradja of central Celebes (the East
         Toradja): second volume",1951,480,Monograph,Eastern Toraja,Asia,Southeast Asia,horticulturalists,,"587,602,681,753",https://ehrafworldcultures.yale.edu/sres/a7d35cb5-216d-424b-affd-b44a2bfd4ebb
77963ea9-0325-41b8-8984-5f83c55ba719,"Adriani, Nicolaus, 1865-1926","The Bare'e-speaking Toradja of central Celebes (the East
         Toradja): second volume",1951,480,Monograph,Eastern Toraja,Asia,Southeast Asia,horticulturalists,,"587,602,681",https://ehrafworldcultures.yale.edu/sres/77963ea9-0325-41b8-8984-5f83c55ba719
1ea56496-c661-4080-bcb9-9738b72edbea,"Adriani, Nicolaus, 1865-1926","The Bare'e-speaking Toradja of central Celebes (the East
         Toradja): second volume",1951,481,Monograph,Eastern Toraja,Asia,Southeast Asia,horticulturalists,,"587,602,622,681",https://ehrafworldcultures.yale.edu/sres/1ea56496-c661-4080-bcb9-9738b72edbea
d40e3d78-da15-4315-aee4-5820b02a0121,"Adriani, Nicolaus, 1865-1926","The Bare'e-speaking Toradja of central Celebes (the East
         Toradja): second volume",1951,481,Monograph,Eastern Toraja,Asia,Southeast Asia,horticulturalists,,"175,177,595,622,648,671,684,851",https://ehrafworldcultures.yale.edu/sres/d40e3d78-da15-4315-aee4-5820b02a0121
3f5e36a9-fb7b-4f0a-9329-bf32ea2c534f,"Adriani, Nicolaus, 1865-1926","The Bare'e-speaking Toradja of central Celebes (the East
         Toradja): second volume",1951,493,Monograph,Eastern Toraja,Asia,Southeast Asia,horticulturalists,,"567,684,847,848",https://ehrafworldcultures.yale.edu/sres/3f5e36a9-fb7b-4f0a-9329-bf32ea2c534f
94e3aa08-bc64-4c5a-bd0d-d9debc69579e,"Adriani, Nicolaus, 1865-1926","The Bare'e-speaking Toradja of central Celebes (the East
         Toradja): second volume",1951,495,Monograph,Eastern Toraja,Asia,Southeast Asia,horticulturalists,,"602,682,782",https://ehrafworldcultures.yale.edu/sres/94e3aa08-bc64-4c5a-bd0d-d9debc69579e
e4d87acc-d439-47a1-bc9c-a16f40cff5ec,"Adriani, Nicolaus, 1865-1926","The Bare'e-speaking Toradja of central Celebes (the East
         Toradja): second volume",1951,520,Monograph,Eastern Toraja,Asia,Southeast Asia,horticulturalists,,"465,574,686,759",https://ehrafworldcultures.yale.edu/sres/e4d87acc-d439-47a1-bc9c-a16f40cff5ec
c0b8cd99-8229-4e6c-bdcd-5d714b3f1ccf,"Adriani, Nicolaus, 1865-1926","The Bare'e-speaking Toradja of central Celebes (the East
         Toradja): second volume",1951,559,Monograph,Eastern Toraja,Asia,Southeast Asia,horticulturalists,,"582,684,853",https://ehrafworldcultures.yale.edu/sres/c0b8cd99-8229-4e6c-bdcd-5d714b3f1ccf
bb69e8ab-51e4-4350-862f-a07f10f010fd,"Adriani, Nicolaus, 1865-1926","The Bare'e-speaking Toradja of central Celebes (the East
         Toradja): second volume",1951,566,Monograph,Eastern Toraja,Asia,Southeast Asia,horticulturalists,,"322,681,774,782,784,825",https://ehrafworldcultures.yale.edu/sres/bb69e8ab-51e4-4350-862f-a07f10f010fd
7df32f81-373d-4a68-bdbd-6b18803175e2,"Adriani, Nicolaus, 1865-1926","The Bare'e-speaking Toradja of central Celebes (the East
         Toradja): second volume",1951,624,Monograph,Eastern Toraja,Asia,Southeast Asia,horticulturalists,,"683,721,866,867",https://ehrafworldcultures.yale.edu/sres/7df32f81-373d-4a68-bdbd-6b18803175e2
a12e6896-3186-42e8-ad54-c3016b9ef5fd,"Adriani, Nicolaus, 1865-1926","The Bare'e-speaking Toradja of central Celebes (the East
         Toradja): second volume",1951,660,Monograph,Eastern Toraja,Asia,Southeast Asia,horticulturalists,,"602,681,763",https://ehrafworldcultures.yale.edu/sres/a12e6896-3186-42e8-ad54-c3016b9ef5fd
6731392f-d4e9-4f7e-88d1-83ba7ecd1dad,"Adriani, Nicolaus, 1865-1926","The Bare'e-speaking Toradja of central Celebes (the East
         Toradja): second volume",1951,660,Monograph,Eastern Toraja,Asia,Southeast Asia,horticulturalists,,"681,764,769",https://ehrafworldcultures.yale.edu/sres/6731392f-d4e9-4f7e-88d1-83ba7ecd1dad
0a536ff4-51fa-456c-a0b5-ecb6aca3bfcc,"Adriani, Nicolaus, 1865-1926","The Bare'e-speaking Toradja of central Celebes (the East
         Toradja): second volume",1951,660,Monograph,Eastern Toraja,Asia,Southeast Asia,horticulturalists,,"578,628,648,681,763",https://ehrafworldcultures.yale.edu/sres/0a536ff4-51fa-456c-a0b5-ecb6aca3bfcc
a6158ca5-0616-4748-9ab3-d2252fde3d04,"Adriani, Nicolaus, 1865-1926","The Bare'e-speaking Toradja of central Celebes (the East
         Toradja): second volume",1951,677,Monograph,Eastern Toraja,Asia,Southeast Asia,horticulturalists,,"688,721,765",https://ehrafworldcultures.yale.edu/sres/a6158ca5-0616-4748-9ab3-d2252fde3d04
543c0808-d719-43c2-ab78-2e0ba5dc9a2f,"Adriani, Nicolaus, 1865-1926","The Bare'e-speaking Toradja of central Celebes (the East
         Toradja): second volume",1951,708,Monograph,Eastern Toraja,Asia,Southeast Asia,horticulturalists,,"684,766",https://ehrafworldcultures.yale.edu/sres/543c0808-d719-43c2-ab78-2e0ba5dc9a2f
8e10ede6-9666-400f-a33b-07c64835c42e,"Adriani, Nicolaus, 1865-1926","The Bare'e-speaking Toradja of central Celebes (the East
         Toradja): second volume",1951,718,Monograph,Eastern Toraja,Asia,Southeast Asia,horticulturalists,,"681,764",https://ehrafworldcultures.yale.edu/sres/8e10ede6-9666-400f-a33b-07c64835c42e
b7ec8ec4-28c6-4b43-a335-07a8c95f8183,"Adriani, Nicolaus, 1865-1926","The Bare'e-speaking Toradja of central Celebes (the East
         Toradja): second volume",1951,728,Monograph,Eastern Toraja,Asia,Southeast Asia,horticulturalists,,"184,211,567,688,764,782,787",https://ehrafworldcultures.yale.edu/sres/b7ec8ec4-28c6-4b43-a335-07a8c95f8183
8f4b7410-ec60-419b-9b89-b2f7c1f53d29,"Adriani, Nicolaus, 1865-1926","The Bare'e-speaking Toradja of central Celebes (the East
         Toradja): second volume",1951,750,Monograph,Eastern Toraja,Asia,Southeast Asia,horticulturalists,,"609,688,765",https://ehrafworldcultures.yale.edu/sres/8f4b7410-ec60-419b-9b89-b2f7c1f53d29
f2740f9c-202d-4c45-b5f4-286e13db077a,"Adriani, Nicolaus, 1865-1926","The Bare'e-speaking Toradja of central Celebes (the East
         Toradja): second volume",1951,752,Monograph,Eastern Toraja,Asia,Southeast Asia,horticulturalists,,"686,688",https://ehrafworldcultures.yale.edu/sres/f2740f9c-202d-4c45-b5f4-286e13db077a
c59cb68b-053e-4f79-a00c-d0c49284df99,"Adriani, Nicolaus, 1865-1926","The Bare'e-speaking Toradja of central Celebes (the East
         Toradja): second volume",1951,752,Monograph,Eastern Toraja,Asia,Southeast Asia,horticulturalists,,"688,769",https://ehrafworldcultures.yale.edu/sres/c59cb68b-053e-4f79-a00c-d0c49284df99
61c48f5f-ce05-40ca-a13b-d5f51634f427,"Adriani, Nicolaus, 1865-1926","The Bare'e-speaking Toradja of central Celebes (the East
         Toradja): second volume",1951,754,Monograph,Eastern Toraja,Asia,Southeast Asia,horticulturalists,,"587,684,688,765,769",https://ehrafworldcultures.yale.edu/sres/61c48f5f-ce05-40ca-a13b-d5f51634f427
e53e6d35-bd53-43c9-a4e3-af68a87b8712,"Adriani, Nicolaus, 1865-1926","The Bare'e-speaking Toradja of central Celebes (the East
         Toradja): second volume",1951,755,Monograph,Eastern Toraja,Asia,Southeast Asia,horticulturalists,,"184,535,587,688,765,788",https://ehrafworldcultures.yale.edu/sres/e53e6d35-bd53-43c9-a4e3-af68a87b8712
bdbee4ae-2a72-4ae4-95c0-f99dd79ac34c,"Adriani, Nicolaus, 1865-1926","The Bare'e-speaking Toradja of central Celebes (the East
         Toradja): second volume",1951,798,Monograph,Eastern Toraja,Asia,Southeast Asia,horticulturalists,,"184,533,535,584,681,769",https://ehrafworldcultures.yale.edu/sres/bdbee4ae-2a72-4ae4-95c0-f99dd79ac34c
21e308bd-4730-4f0d-99a2-829451fc65af,"Adriani, Nicolaus, 1865-1926","The Bare'e-speaking Toradja of central Celebes (the East
         Toradja): second volume",1951,9,Monograph,Eastern Toraja,Asia,Southeast Asia,horticulturalists,,"681,776,784",https://ehrafworldcultures.yale.edu/sres/21e308bd-4730-4f0d-99a2-829451fc65af
6ef8c0b7-bd93-46d9-9319-c49702c4698c,"Adriani, Nicolaus, 1865-1926","The Bare'e-speaking Toradja of central Celebes (the East
         Toradja): second volume",1951,14,Monograph,Eastern Toraja,Asia,Southeast Asia,horticulturalists,,"539,684",https://ehrafworldcultures.yale.edu/sres/6ef8c0b7-bd93-46d9-9319-c49702c4698c
2bbbde86-de2c-4613-87a7-2b9c4e907444,"Adriani, Nicolaus, 1865-1926","The Bare'e-speaking Toradja of central Celebes (the East
         Toradja): second volume",1951,36,Monograph,Eastern Toraja,Asia,Southeast Asia,horticulturalists,,"685,787,801",https://ehrafworldcultures.yale.edu/sres/2bbbde86-de2c-4613-87a7-2b9c4e907444
1c3ca537-6d48-40e5-b494-c9b18354ed19,"Adriani, Nicolaus, 1865-1926","The Bare'e-speaking Toradja of central Celebes (the East
         Toradja): second volume",1951,39,Monograph,Eastern Toraja,Asia,Southeast Asia,horticulturalists,,"673,688,776,783",https://ehrafworldcultures.yale.edu/sres/1c3ca537-6d48-40e5-b494-c9b18354ed19
ca9b5044-dfc9-46eb-a88f-7430ffc3646b,"Adriani, Nicolaus, 1865-1926","The Bare'e-speaking Toradja of central Celebes (the East
         Toradja): first volume",1950,297,Monograph,Eastern Toraja,Asia,Southeast Asia,horticulturalists,,681,https://ehrafworldcultures.yale.edu/sres/ca9b5044-dfc9-46eb-a88f-7430ffc3646b
bfe51e08-01c0-4545-bc72-768f87b5c3a2,"Adriani, Nicolaus, 1865-1926","The Bare'e-speaking Toradja of central Celebes (the East
         Toradja): first volume",1950,297,Monograph,Eastern Toraja,Asia,Southeast Asia,horticulturalists,,681,https://ehrafworldcultures.yale.edu/sres/bfe51e08-01c0-4545-bc72-768f87b5c3a2
5aa5840a-e970-4aab-a2ba-7edf799ae3d8,"Adriani, Nicolaus, 1865-1926","The Bare'e-speaking Toradja of central Celebes (the East
         Toradja): first volume",1950,297,Monograph,Eastern Toraja,Asia,Southeast Asia,horticulturalists,,681,https://ehrafworldcultures.yale.edu/sres/5aa5840a-e970-4aab-a2ba-7edf799ae3d8
106233c6-936c-485f-876b-9c0b1d74b934,"Adriani, Nicolaus, 1865-1926","The Bare'e-speaking Toradja of central Celebes (the East
         Toradja): first volume",1950,298,Monograph,Eastern Toraja,Asia,Southeast Asia,horticulturalists,,"436,681",https://ehrafworldcultures.yale.edu/sres/106233c6-936c-485f-876b-9c0b1d74b934
7c730320-eeb4-49e6-8e44-765ca47a5437,"Adriani, Nicolaus, 1865-1926","The Bare'e-speaking Toradja of central Celebes (the East
         Toradja): first volume",1950,298,Monograph,Eastern Toraja,Asia,Southeast Asia,horticulturalists,,"436,681",https://ehrafworldcultures.yale.edu/sres/7c730320-eeb4-49e6-8e44-765ca47a5437
c59f9d68-0251-4817-a106-58cc0a2a9677,"Adriani, Nicolaus, 1865-1926","The Bare'e-speaking Toradja of central Celebes (the East
         Toradja): first volume",1950,298,Monograph,Eastern Toraja,Asia,Southeast Asia,horticulturalists,,"436,567,681",https://ehrafworldcultures.yale.edu/sres/c59f9d68-0251-4817-a106-58cc0a2a9677
07c96a04-7256-49d5-892a-671dd0895bc7,"Adriani, Nicolaus, 1865-1926","The Bare'e-speaking Toradja of central Celebes (the East
         Toradja): first volume",1950,298,Monograph,Eastern Toraja,Asia,Southeast Asia,horticulturalists,,"671,681",https://ehrafworldcultures.yale.edu/sres/07c96a04-7256-49d5-892a-671dd0895bc7
60d3fcf4-8528-4695-bea2-a3a622047751,"Adriani, Nicolaus, 1865-1926","The Bare'e-speaking Toradja of central Celebes (the East
         Toradja): first volume",1950,299,Monograph,Eastern Toraja,Asia,Southeast Asia,horticulturalists,,"465,476,602,621,622,681",https://ehrafworldcultures.yale.edu/sres/60d3fcf4-8528-4695-bea2-a3a622047751
8c33e25f-7225-46fa-95a5-80c2d486d058,"Adriani, Nicolaus, 1865-1926","The Bare'e-speaking Toradja of central Celebes (the East
         Toradja): first volume",1950,299,Monograph,Eastern Toraja,Asia,Southeast Asia,horticulturalists,,"426,681",https://ehrafworldcultures.yale.edu/sres/8c33e25f-7225-46fa-95a5-80c2d486d058
548a476b-49eb-4e4f-90e4-1c2715fc81aa,"Adriani, Nicolaus, 1865-1926","The Bare'e-speaking Toradja of central Celebes (the East
         Toradja): first volume",1950,299,Monograph,Eastern Toraja,Asia,Southeast Asia,horticulturalists,,"619,671,672,681",https://ehrafworldcultures.yale.edu/sres/548a476b-49eb-4e4f-90e4-1c2715fc81aa
57fd68b5-813a-4b89-ae46-3e684c63de55,"Adriani, Nicolaus, 1865-1926","The Bare'e-speaking Toradja of central Celebes (the East
         Toradja): first volume",1950,300,Monograph,Eastern Toraja,Asia,Southeast Asia,horticulturalists,,"622,661,671,681",https://ehrafworldcultures.yale.edu/sres/57fd68b5-813a-4b89-ae46-3e684c63de55
ec62e69b-3a61-478d-b179-a04b2d240da2,"Adriani, Nicolaus, 1865-1926","The Bare'e-speaking Toradja of central Celebes (the East
         Toradja): first volume",1950,300,Monograph,Eastern Toraja,Asia,Southeast Asia,horticulturalists,,"622,661,681",https://ehrafworldcultures.yale.edu/sres/ec62e69b-3a61-478d-b179-a04b2d240da2
a26cc137-539b-4dea-a9b3-86e3a308f606,"Adriani, Nicolaus, 1865-1926","The Bare'e-speaking Toradja of central Celebes (the East
         Toradja): first volume",1950,301,Monograph,Eastern Toraja,Asia,Southeast Asia,horticulturalists,,"554,578,622,661,681",https://ehrafworldcultures.yale.edu/sres/a26cc137-539b-4dea-a9b3-86e3a308f606
a6b278da-b68c-4a68-8f37-f729a6aeb7e7,"Adriani, Nicolaus, 1865-1926","The Bare'e-speaking Toradja of central Celebes (the East
         Toradja): first volume",1950,301,Monograph,Eastern Toraja,Asia,Southeast Asia,horticulturalists,,"681,695",https://ehrafworldcultures.yale.edu/sres/a6b278da-b68c-4a68-8f37-f729a6aeb7e7
4eb985f3-adaa-4c84-b236-72b4651bbdaa,"Adriani, Nicolaus, 1865-1926","The Bare'e-speaking Toradja of central Celebes (the East
         Toradja): first volume",1950,301,Monograph,Eastern Toraja,Asia,Southeast Asia,horticulturalists,,"681,695",https://ehrafworldcultures.yale.edu/sres/4eb985f3-adaa-4c84-b236-72b4651bbdaa
464a41af-1deb-4908-b4b5-184f71eccd51,"Adriani, Nicolaus, 1865-1926","The Bare'e-speaking Toradja of central Celebes (the East
         Toradja): first volume",1950,302,Monograph,Eastern Toraja,Asia,Southeast Asia,horticulturalists,,"192,681",https://ehrafworldcultures.yale.edu/sres/464a41af-1deb-4908-b4b5-184f71eccd51
984d0174-cc0a-4a43-9595-dc559996b42b,"Adriani, Nicolaus, 1865-1926","The Bare'e-speaking Toradja of central Celebes (the East
         Toradja): first volume",1950,304,Monograph,Eastern Toraja,Asia,Southeast Asia,horticulturalists,,"192,681,695,753,754",https://ehrafworldcultures.yale.edu/sres/984d0174-cc0a-4a43-9595-dc559996b42b
4ad4fbdd-05f4-4a0c-804b-b6e50566ead5,"Adriani, Nicolaus, 1865-1926","The Bare'e-speaking Toradja of central Celebes (the East
         Toradja): first volume",1950,314,Monograph,Eastern Toraja,Asia,Southeast Asia,horticulturalists,,"578,684,695",https://ehrafworldcultures.yale.edu/sres/4ad4fbdd-05f4-4a0c-804b-b6e50566ead5
8f0fd07a-99cb-4da4-aa6e-25ffa96bd306,"Adriani, Nicolaus, 1865-1926","The Bare'e-speaking Toradja of central Celebes (the East
         Toradja): first volume",1950,315,Monograph,Eastern Toraja,Asia,Southeast Asia,horticulturalists,,"184,684,695,823",https://ehrafworldcultures.yale.edu/sres/8f0fd07a-99cb-4da4-aa6e-25ffa96bd306
28abd72e-0e82-441c-a91e-f53cd4755cdf,"Adriani, Nicolaus, 1865-1926","The Bare'e-speaking Toradja of central Celebes (the East
         Toradja): first volume",1950,317,Monograph,Eastern Toraja,Asia,Southeast Asia,horticulturalists,,"567,681",https://ehrafworldcultures.yale.edu/sres/28abd72e-0e82-441c-a91e-f53cd4755cdf
77b8cef1-afb0-4802-a7e8-90481df24ad6,"Adriani, Nicolaus, 1865-1926","The Bare'e-speaking Toradja of central Celebes (the East
         Toradja): first volume",1950,317,Monograph,Eastern Toraja,Asia,Southeast Asia,horticulturalists,,"567,681",https://ehrafworldcultures.yale.edu/sres/77b8cef1-afb0-4802-a7e8-90481df24ad6
007e46d7-773d-4b22-b280-4ae5172be84e,"Adriani, Nicolaus, 1865-1926","The Bare'e-speaking Toradja of central Celebes (the East
         Toradja): first volume",1950,317,Monograph,Eastern Toraja,Asia,Southeast Asia,horticulturalists,,"567,681",https://ehrafworldcultures.yale.edu/sres/007e46d7-773d-4b22-b280-4ae5172be84e
fcc45e34-b8c0-4b91-a2e1-20fcfda9d8f8,"Adriani, Nicolaus, 1865-1926","The Bare'e-speaking Toradja of central Celebes (the East
         Toradja): first volume",1950,318,Monograph,Eastern Toraja,Asia,Southeast Asia,horticulturalists,,"619,681,682,721,728",https://ehrafworldcultures.yale.edu/sres/fcc45e34-b8c0-4b91-a2e1-20fcfda9d8f8
f8ea8765-4744-424a-a2e8-96f961d8b172,"Adriani, Nicolaus, 1865-1926","The Bare'e-speaking Toradja of central Celebes (the East
         Toradja): first volume",1950,318,Monograph,Eastern Toraja,Asia,Southeast Asia,horticulturalists,,"567,648,682",https://ehrafworldcultures.yale.edu/sres/f8ea8765-4744-424a-a2e8-96f961d8b172
f4b308ca-d8a2-45be-ae95-3cffe02a8c25,"Adriani, Nicolaus, 1865-1926","The Bare'e-speaking Toradja of central Celebes (the East
         Toradja): first volume",1950,318,Monograph,Eastern Toraja,Asia,Southeast Asia,horticulturalists,,"619,631,682",https://ehrafworldcultures.yale.edu/sres/f4b308ca-d8a2-45be-ae95-3cffe02a8c25
bd82cbd5-424a-4d36-98a3-ffb6cccb8a25,"Adriani, Nicolaus, 1865-1926","The Bare'e-speaking Toradja of central Celebes (the East
         Toradja): first volume",1950,319,Monograph,Eastern Toraja,Asia,Southeast Asia,horticulturalists,,"567,682",https://ehrafworldcultures.yale.edu/sres/bd82cbd5-424a-4d36-98a3-ffb6cccb8a25
e91102c8-75da-486b-a0b8-944b4743a659,"Adriani, Nicolaus, 1865-1926","The Bare'e-speaking Toradja of central Celebes (the East
         Toradja): first volume",1950,319,Monograph,Eastern Toraja,Asia,Southeast Asia,horticulturalists,,682,https://ehrafworldcultures.yale.edu/sres/e91102c8-75da-486b-a0b8-944b4743a659
84170b0f-5e3a-447f-b57e-c7659e7102d2,"Adriani, Nicolaus, 1865-1926","The Bare'e-speaking Toradja of central Celebes (the East
         Toradja): first volume",1950,319,Monograph,Eastern Toraja,Asia,Southeast Asia,horticulturalists,,682,https://ehrafworldcultures.yale.edu/sres/84170b0f-5e3a-447f-b57e-c7659e7102d2
150b9e31-f8df-4f9a-ae5f-e16c605cb7a5,"Adriani, Nicolaus, 1865-1926","The Bare'e-speaking Toradja of central Celebes (the East
         Toradja): first volume",1950,319,Monograph,Eastern Toraja,Asia,Southeast Asia,horticulturalists,,"586,593,602,610,682",https://ehrafworldcultures.yale.edu/sres/150b9e31-f8df-4f9a-ae5f-e16c605cb7a5
836d5626-f3b8-48e1-8f41-c4cd1e2fa700,"Adriani, Nicolaus, 1865-1926","The Bare'e-speaking Toradja of central Celebes (the East
         Toradja): first volume",1950,320,Monograph,Eastern Toraja,Asia,Southeast Asia,horticulturalists,,"586,593,682",https://ehrafworldcultures.yale.edu/sres/836d5626-f3b8-48e1-8f41-c4cd1e2fa700
c5c2c61e-3ab2-4cc6-af11-1709531b6e63,"Adriani, Nicolaus, 1865-1926","The Bare'e-speaking Toradja of central Celebes (the East
         Toradja): first volume",1950,320,Monograph,Eastern Toraja,Asia,Southeast Asia,horticulturalists,,"593,682",https://ehrafworldcultures.yale.edu/sres/c5c2c61e-3ab2-4cc6-af11-1709531b6e63
d305209f-e42d-4204-819e-e330b36cee5e,"Adriani, Nicolaus, 1865-1926","The Bare'e-speaking Toradja of central Celebes (the East
         Toradja): first volume",1950,320,Monograph,Eastern Toraja,Asia,Southeast Asia,horticulturalists,,"593,602,682",https://ehrafworldcultures.yale.edu/sres/d305209f-e42d-4204-819e-e330b36cee5e
82674f6a-b734-40e4-9ef0-96575d62802e,"Adriani, Nicolaus, 1865-1926","The Bare'e-speaking Toradja of central Celebes (the East
         Toradja): first volume",1950,320,Monograph,Eastern Toraja,Asia,Southeast Asia,horticulturalists,,"682,683,695",https://ehrafworldcultures.yale.edu/sres/82674f6a-b734-40e4-9ef0-96575d62802e
9a18acfe-97f8-463f-a596-6f0e13ca6dd9,"Adriani, Nicolaus, 1865-1926","The Bare'e-speaking Toradja of central Celebes (the East
         Toradja): first volume",1950,321,Monograph,Eastern Toraja,Asia,Southeast Asia,horticulturalists,,"648,682,778",https://ehrafworldcultures.yale.edu/sres/9a18acfe-97f8-463f-a596-6f0e13ca6dd9
4f750198-9fac-4137-8cbd-2dab35037ba1,"Adriani, Nicolaus, 1865-1926","The Bare'e-speaking Toradja of central Celebes (the East
         Toradja): first volume",1950,321,Monograph,Eastern Toraja,Asia,Southeast Asia,horticulturalists,,"177,184,567,631,643,682,778",https://ehrafworldcultures.yale.edu/sres/4f750198-9fac-4137-8cbd-2dab35037ba1
b9202440-5de8-4870-acdf-e4131445fe7c,"Adriani, Nicolaus, 1865-1926","The Bare'e-speaking Toradja of central Celebes (the East
         Toradja): first volume",1950,321,Monograph,Eastern Toraja,Asia,Southeast Asia,horticulturalists,,"114,152,619,648,682",https://ehrafworldcultures.yale.edu/sres/b9202440-5de8-4870-acdf-e4131445fe7c
021e41eb-3cea-45ad-9e65-b9bd2ed2c958,"Adriani, Nicolaus, 1865-1926","The Bare'e-speaking Toradja of central Celebes (the East
         Toradja): first volume",1950,322,Monograph,Eastern Toraja,Asia,Southeast Asia,horticulturalists,,"672,683",https://ehrafworldcultures.yale.edu/sres/021e41eb-3cea-45ad-9e65-b9bd2ed2c958
f6529d03-cc1c-4426-860b-17d96b688804,"Adriani, Nicolaus, 1865-1926","The Bare'e-speaking Toradja of central Celebes (the East
         Toradja): first volume",1950,322,Monograph,Eastern Toraja,Asia,Southeast Asia,horticulturalists,,"672,683",https://ehrafworldcultures.yale.edu/sres/f6529d03-cc1c-4426-860b-17d96b688804
1e7322e8-4dfd-421d-91da-466acf3466e7,"Adriani, Nicolaus, 1865-1926","The Bare'e-speaking Toradja of central Celebes (the East
         Toradja): first volume",1950,322,Monograph,Eastern Toraja,Asia,Southeast Asia,horticulturalists,,"241,476,672,683",https://ehrafworldcultures.yale.edu/sres/1e7322e8-4dfd-421d-91da-466acf3466e7
0ffaee4e-304b-4576-9fe4-40c0f4a2d6ad,"Adriani, Nicolaus, 1865-1926","The Bare'e-speaking Toradja of central Celebes (the East
         Toradja): first volume",1950,323,Monograph,Eastern Toraja,Asia,Southeast Asia,horticulturalists,,"672,683",https://ehrafworldcultures.yale.edu/sres/0ffaee4e-304b-4576-9fe4-40c0f4a2d6ad
bc84a759-ee83-4d9b-9b36-0c8641b9ee32,"Adriani, Nicolaus, 1865-1926","The Bare'e-speaking Toradja of central Celebes (the East
         Toradja): first volume",1950,323,Monograph,Eastern Toraja,Asia,Southeast Asia,horticulturalists,,"672,682,683",https://ehrafworldcultures.yale.edu/sres/bc84a759-ee83-4d9b-9b36-0c8641b9ee32
5054ca47-d071-49ba-ab15-a7776594924e,"Adriani, Nicolaus, 1865-1926","The Bare'e-speaking Toradja of central Celebes (the East
         Toradja): first volume",1950,323,Monograph,Eastern Toraja,Asia,Southeast Asia,horticulturalists,,"226,672,682,683",https://ehrafworldcultures.yale.edu/sres/5054ca47-d071-49ba-ab15-a7776594924e
c107bb4d-2972-4562-a46b-60623a046869,"Adriani, Nicolaus, 1865-1926","The Bare'e-speaking Toradja of central Celebes (the East
         Toradja): first volume",1950,324,Monograph,Eastern Toraja,Asia,Southeast Asia,horticulturalists,,"672,683",https://ehrafworldcultures.yale.edu/sres/c107bb4d-2972-4562-a46b-60623a046869
5fdcfb1e-3bca-4721-b5b6-6471040fddb7,"Adriani, Nicolaus, 1865-1926","The Bare'e-speaking Toradja of central Celebes (the East
         Toradja): first volume",1950,324,Monograph,Eastern Toraja,Asia,Southeast Asia,horticulturalists,,"672,682,683,762",https://ehrafworldcultures.yale.edu/sres/5fdcfb1e-3bca-4721-b5b6-6471040fddb7
f803a544-63c8-43f3-a70b-e4c1eb559f4a,"Adriani, Nicolaus, 1865-1926","The Bare'e-speaking Toradja of central Celebes (the East
         Toradja): first volume",1950,324,Monograph,Eastern Toraja,Asia,Southeast Asia,horticulturalists,,"672,682,683,784",https://ehrafworldcultures.yale.edu/sres/f803a544-63c8-43f3-a70b-e4c1eb559f4a
83f5921e-0901-4ffa-b8ef-13ec0cceb79e,"Adriani, Nicolaus, 1865-1926","The Bare'e-speaking Toradja of central Celebes (the East
         Toradja): first volume",1950,325,Monograph,Eastern Toraja,Asia,Southeast Asia,horticulturalists,,"681,683",https://ehrafworldcultures.yale.edu/sres/83f5921e-0901-4ffa-b8ef-13ec0cceb79e
8e1f52b3-96b6-46c8-a128-2120cf56a6f3,"Adriani, Nicolaus, 1865-1926","The Bare'e-speaking Toradja of central Celebes (the East
         Toradja): first volume",1950,325,Monograph,Eastern Toraja,Asia,Southeast Asia,horticulturalists,,"684,821",https://ehrafworldcultures.yale.edu/sres/8e1f52b3-96b6-46c8-a128-2120cf56a6f3
b4221884-59b4-4193-a023-6e15ac61d42a,"Adriani, Nicolaus, 1865-1926","The Bare'e-speaking Toradja of central Celebes (the East
         Toradja): first volume",1950,325,Monograph,Eastern Toraja,Asia,Southeast Asia,horticulturalists,,684,https://ehrafworldcultures.yale.edu/sres/b4221884-59b4-4193-a023-6e15ac61d42a
3c8cda5f-76bd-4c65-bc1e-b93782a3434d,"Adriani, Nicolaus, 1865-1926","The Bare'e-speaking Toradja of central Celebes (the East
         Toradja): first volume",1950,326,Monograph,Eastern Toraja,Asia,Southeast Asia,horticulturalists,,684,https://ehrafworldcultures.yale.edu/sres/3c8cda5f-76bd-4c65-bc1e-b93782a3434d
394b46ea-0fcf-4ec6-a1e2-04f0a52dce44,"Adriani, Nicolaus, 1865-1926","The Bare'e-speaking Toradja of central Celebes (the East
         Toradja): first volume",1950,326,Monograph,Eastern Toraja,Asia,Southeast Asia,horticulturalists,,684,https://ehrafworldcultures.yale.edu/sres/394b46ea-0fcf-4ec6-a1e2-04f0a52dce44
d05e1572-40f8-4a20-8166-0ce994ff9efd,"Adriani, Nicolaus, 1865-1926","The Bare'e-speaking Toradja of central Celebes (the East
         Toradja): first volume",1950,326,Monograph,Eastern Toraja,Asia,Southeast Asia,horticulturalists,,"567,684",https://ehrafworldcultures.yale.edu/sres/d05e1572-40f8-4a20-8166-0ce994ff9efd
1e1dcab0-e5bc-442d-9e0e-a9a32d4d70f6,"Adriani, Nicolaus, 1865-1926","The Bare'e-speaking Toradja of central Celebes (the East
         Toradja): first volume",1950,326,Monograph,Eastern Toraja,Asia,Southeast Asia,horticulturalists,,"171,684,692,825",https://ehrafworldcultures.yale.edu/sres/1e1dcab0-e5bc-442d-9e0e-a9a32d4d70f6
a2f13cc3-9dc8-4f5e-a8bc-e32201b06108,"Adriani, Nicolaus, 1865-1926","The Bare'e-speaking Toradja of central Celebes (the East
         Toradja): first volume",1950,327,Monograph,Eastern Toraja,Asia,Southeast Asia,horticulturalists,,"602,687,692",https://ehrafworldcultures.yale.edu/sres/a2f13cc3-9dc8-4f5e-a8bc-e32201b06108
b7be553a-706d-438d-b603-8b2dbbe5dba8,"Adriani, Nicolaus, 1865-1926","The Bare'e-speaking Toradja of central Celebes (the East
         Toradja): first volume",1950,329,Monograph,Eastern Toraja,Asia,Southeast Asia,horticulturalists,,"602,681",https://ehrafworldcultures.yale.edu/sres/b7be553a-706d-438d-b603-8b2dbbe5dba8
a5430d72-b2af-4b43-b403-72591370aa18,"Adriani, Nicolaus, 1865-1926","The Bare'e-speaking Toradja of central Celebes (the East
         Toradja): first volume",1950,330,Monograph,Eastern Toraja,Asia,Southeast Asia,horticulturalists,,"577,623,685,692",https://ehrafworldcultures.yale.edu/sres/a5430d72-b2af-4b43-b403-72591370aa18
6ddc0cfb-8c80-48cb-91ea-658d2df17086,"Adriani, Nicolaus, 1865-1926","The Bare'e-speaking Toradja of central Celebes (the East
         Toradja): first volume",1950,330,Monograph,Eastern Toraja,Asia,Southeast Asia,horticulturalists,,"567,685",https://ehrafworldcultures.yale.edu/sres/6ddc0cfb-8c80-48cb-91ea-658d2df17086
1895f161-bc10-47e1-8b8b-2279cea74f77,"Adriani, Nicolaus, 1865-1926","The Bare'e-speaking Toradja of central Celebes (the East
         Toradja): first volume",1950,330,Monograph,Eastern Toraja,Asia,Southeast Asia,horticulturalists,,"466,685",https://ehrafworldcultures.yale.edu/sres/1895f161-bc10-47e1-8b8b-2279cea74f77
bfa93977-5060-4110-bdbc-d503f934fd52,"Adriani, Nicolaus, 1865-1926","The Bare'e-speaking Toradja of central Celebes (the East
         Toradja): first volume",1950,330,Monograph,Eastern Toraja,Asia,Southeast Asia,horticulturalists,,"423,671,685,789",https://ehrafworldcultures.yale.edu/sres/bfa93977-5060-4110-bdbc-d503f934fd52
eddacb2f-9e32-4c33-b732-0b0c3f26ed75,"Adriani, Nicolaus, 1865-1926","The Bare'e-speaking Toradja of central Celebes (the East
         Toradja): first volume",1950,331,Monograph,Eastern Toraja,Asia,Southeast Asia,horticulturalists,,"685,753,789,820",https://ehrafworldcultures.yale.edu/sres/eddacb2f-9e32-4c33-b732-0b0c3f26ed75
87ab3c13-9434-4c70-aa2f-731f462a3588,"Adriani, Nicolaus, 1865-1926","The Bare'e-speaking Toradja of central Celebes (the East
         Toradja): first volume",1950,332,Monograph,Eastern Toraja,Asia,Southeast Asia,horticulturalists,,"685,789",https://ehrafworldcultures.yale.edu/sres/87ab3c13-9434-4c70-aa2f-731f462a3588
a88dc224-a1eb-4171-bc80-8a216abe3f15,"Adriani, Nicolaus, 1865-1926","The Bare'e-speaking Toradja of central Celebes (the East
         Toradja): first volume",1950,332,Monograph,Eastern Toraja,Asia,Southeast Asia,horticulturalists,,"685,789",https://ehrafworldcultures.yale.edu/sres/a88dc224-a1eb-4171-bc80-8a216abe3f15
9d124e84-ab4b-421e-a48b-ee7a7a47e6da,"Adriani, Nicolaus, 1865-1926","The Bare'e-speaking Toradja of central Celebes (the East
         Toradja): first volume",1950,332,Monograph,Eastern Toraja,Asia,Southeast Asia,horticulturalists,,"685,789",https://ehrafworldcultures.yale.edu/sres/9d124e84-ab4b-421e-a48b-ee7a7a47e6da
ea5f0a38-0ad5-4c16-bce0-c864983ed079,"Adriani, Nicolaus, 1865-1926","The Bare'e-speaking Toradja of central Celebes (the East
         Toradja): first volume",1950,333,Monograph,Eastern Toraja,Asia,Southeast Asia,horticulturalists,,"683,721",https://ehrafworldcultures.yale.edu/sres/ea5f0a38-0ad5-4c16-bce0-c864983ed079
4c72b14d-6d49-4b9d-8656-9b1453b3ff30,"Adriani, Nicolaus, 1865-1926","The Bare'e-speaking Toradja of central Celebes (the East
         Toradja): first volume",1950,333,Monograph,Eastern Toraja,Asia,Southeast Asia,horticulturalists,,"622,683",https://ehrafworldcultures.yale.edu/sres/4c72b14d-6d49-4b9d-8656-9b1453b3ff30
b4614236-2349-4c39-bd7c-216b135ae5ef,"Adriani, Nicolaus, 1865-1926","The Bare'e-speaking Toradja of central Celebes (the East
         Toradja): first volume",1950,333,Monograph,Eastern Toraja,Asia,Southeast Asia,horticulturalists,,"622,671,683",https://ehrafworldcultures.yale.edu/sres/b4614236-2349-4c39-bd7c-216b135ae5ef
cc42ec3c-5f76-410f-83fe-ddfac933718e,"Adriani, Nicolaus, 1865-1926","The Bare'e-speaking Toradja of central Celebes (the East
         Toradja): first volume",1950,333,Monograph,Eastern Toraja,Asia,Southeast Asia,horticulturalists,,683,https://ehrafworldcultures.yale.edu/sres/cc42ec3c-5f76-410f-83fe-ddfac933718e
7f3030a8-7fc9-4db4-8f76-1ee4d169c53c,"Adriani, Nicolaus, 1865-1926","The Bare'e-speaking Toradja of central Celebes (the East
         Toradja): first volume",1950,334,Monograph,Eastern Toraja,Asia,Southeast Asia,horticulturalists,,"431,683",https://ehrafworldcultures.yale.edu/sres/7f3030a8-7fc9-4db4-8f76-1ee4d169c53c
414163f3-b5e3-4425-9e37-7b5b78af1269,"Adriani, Nicolaus, 1865-1926","The Bare'e-speaking Toradja of central Celebes (the East
         Toradja): first volume",1950,334,Monograph,Eastern Toraja,Asia,Southeast Asia,horticulturalists,,685,https://ehrafworldcultures.yale.edu/sres/414163f3-b5e3-4425-9e37-7b5b78af1269
9015e283-a206-4d32-b113-b542e319275f,"Adriani, Nicolaus, 1865-1926","The Bare'e-speaking Toradja of central Celebes (the East
         Toradja): first volume",1950,335,Monograph,Eastern Toraja,Asia,Southeast Asia,horticulturalists,,"685,784",https://ehrafworldcultures.yale.edu/sres/9015e283-a206-4d32-b113-b542e319275f
22746e5a-d7a8-4f16-8f51-cd88dd1edea8,"Adriani, Nicolaus, 1865-1926","The Bare'e-speaking Toradja of central Celebes (the East
         Toradja): first volume",1950,335,Monograph,Eastern Toraja,Asia,Southeast Asia,horticulturalists,,686,https://ehrafworldcultures.yale.edu/sres/22746e5a-d7a8-4f16-8f51-cd88dd1edea8
fa25b6a6-0c81-4fa8-a552-8bbbb51ba9da,"Adriani, Nicolaus, 1865-1926","The Bare'e-speaking Toradja of central Celebes (the East
         Toradja): first volume",1950,335,Monograph,Eastern Toraja,Asia,Southeast Asia,horticulturalists,,"672,686,695,763,787",https://ehrafworldcultures.yale.edu/sres/fa25b6a6-0c81-4fa8-a552-8bbbb51ba9da
ac32b60f-bd04-4f09-8dda-f042961a7ac7,"Adriani, Nicolaus, 1865-1926","The Bare'e-speaking Toradja of central Celebes (the East
         Toradja): first volume",1950,336,Monograph,Eastern Toraja,Asia,Southeast Asia,horticulturalists,,"171,177,686",https://ehrafworldcultures.yale.edu/sres/ac32b60f-bd04-4f09-8dda-f042961a7ac7
a1ab4256-0a87-4e3c-a82b-dfa4183fe41b,"Adriani, Nicolaus, 1865-1926","The Bare'e-speaking Toradja of central Celebes (the East
         Toradja): first volume",1950,337,Monograph,Eastern Toraja,Asia,Southeast Asia,horticulturalists,,"581,610,672,686,775",https://ehrafworldcultures.yale.edu/sres/a1ab4256-0a87-4e3c-a82b-dfa4183fe41b
196e21b4-66ec-41a4-8ca7-2bf1c7a9aff7,"Adriani, Nicolaus, 1865-1926","The Bare'e-speaking Toradja of central Celebes (the East
         Toradja): first volume",1950,338,Monograph,Eastern Toraja,Asia,Southeast Asia,horticulturalists,,"439,466,567,602,672,686",https://ehrafworldcultures.yale.edu/sres/196e21b4-66ec-41a4-8ca7-2bf1c7a9aff7
b5024496-6f57-4cd4-b8cf-153886c84f35,"Adriani, Nicolaus, 1865-1926","The Bare'e-speaking Toradja of central Celebes (the East
         Toradja): first volume",1950,338,Monograph,Eastern Toraja,Asia,Southeast Asia,horticulturalists,,"466,686",https://ehrafworldcultures.yale.edu/sres/b5024496-6f57-4cd4-b8cf-153886c84f35
2a180a6f-0b5d-4ebb-86ca-d1bd6b64ea88,"Adriani, Nicolaus, 1865-1926","The Bare'e-speaking Toradja of central Celebes (the East
         Toradja): first volume",1950,339,Monograph,Eastern Toraja,Asia,Southeast Asia,horticulturalists,,"671,686",https://ehrafworldcultures.yale.edu/sres/2a180a6f-0b5d-4ebb-86ca-d1bd6b64ea88
76bed600-4b56-40c5-9368-c64bd06071f2,"Adriani, Nicolaus, 1865-1926","The Bare'e-speaking Toradja of central Celebes (the East
         Toradja): first volume",1950,339,Monograph,Eastern Toraja,Asia,Southeast Asia,horticulturalists,,"476,621,686,787,887",https://ehrafworldcultures.yale.edu/sres/76bed600-4b56-40c5-9368-c64bd06071f2
5f1ce160-025b-4625-a10e-5a67fee42ca5,"Adriani, Nicolaus, 1865-1926","The Bare'e-speaking Toradja of central Celebes (the East
         Toradja): first volume",1950,339,Monograph,Eastern Toraja,Asia,Southeast Asia,horticulturalists,,686,https://ehrafworldcultures.yale.edu/sres/5f1ce160-025b-4625-a10e-5a67fee42ca5
df1752a3-0fff-4741-8643-65d6be297648,"Adriani, Nicolaus, 1865-1926","The Bare'e-speaking Toradja of central Celebes (the East
         Toradja): first volume",1950,339,Monograph,Eastern Toraja,Asia,Southeast Asia,horticulturalists,,686,https://ehrafworldcultures.yale.edu/sres/df1752a3-0fff-4741-8643-65d6be297648
aaf85332-c8ca-42ec-a253-511beb75a94a,"Adriani, Nicolaus, 1865-1926","The Bare'e-speaking Toradja of central Celebes (the East
         Toradja): first volume",1950,340,Monograph,Eastern Toraja,Asia,Southeast Asia,horticulturalists,,686,https://ehrafworldcultures.yale.edu/sres/aaf85332-c8ca-42ec-a253-511beb75a94a
27f72c35-4e96-4982-a798-16aa98579b0f,"Adriani, Nicolaus, 1865-1926","The Bare'e-speaking Toradja of central Celebes (the East
         Toradja): first volume",1950,340,Monograph,Eastern Toraja,Asia,Southeast Asia,horticulturalists,,"681,686",https://ehrafworldcultures.yale.edu/sres/27f72c35-4e96-4982-a798-16aa98579b0f
5579df48-3d59-4517-ad10-eb788d982b4a,"Adriani, Nicolaus, 1865-1926","The Bare'e-speaking Toradja of central Celebes (the East
         Toradja): first volume",1950,340,Monograph,Eastern Toraja,Asia,Southeast Asia,horticulturalists,,"466,681,686",https://ehrafworldcultures.yale.edu/sres/5579df48-3d59-4517-ad10-eb788d982b4a
a548f8f2-f9ce-41b4-8827-58f01a62aa87,"Adriani, Nicolaus, 1865-1926","The Bare'e-speaking Toradja of central Celebes (the East
         Toradja): first volume",1950,340,Monograph,Eastern Toraja,Asia,Southeast Asia,horticulturalists,,686,https://ehrafworldcultures.yale.edu/sres/a548f8f2-f9ce-41b4-8827-58f01a62aa87
356f3fac-36c6-4876-b96e-6084f9803f98,"Adriani, Nicolaus, 1865-1926","The Bare'e-speaking Toradja of central Celebes (the East
         Toradja): first volume",1950,341,Monograph,Eastern Toraja,Asia,Southeast Asia,horticulturalists,,686,https://ehrafworldcultures.yale.edu/sres/356f3fac-36c6-4876-b96e-6084f9803f98
1635e86a-ac49-49a7-93f2-020ecadf60d3,"Adriani, Nicolaus, 1865-1926","The Bare'e-speaking Toradja of central Celebes (the East
         Toradja): first volume",1950,341,Monograph,Eastern Toraja,Asia,Southeast Asia,horticulturalists,,686,https://ehrafworldcultures.yale.edu/sres/1635e86a-ac49-49a7-93f2-020ecadf60d3
d02584ba-95ae-41fb-af38-345f022b1b00,"Adriani, Nicolaus, 1865-1926","The Bare'e-speaking Toradja of central Celebes (the East
         Toradja): first volume",1950,341,Monograph,Eastern Toraja,Asia,Southeast Asia,horticulturalists,,"579,686",https://ehrafworldcultures.yale.edu/sres/d02584ba-95ae-41fb-af38-345f022b1b00
764fdeb5-fa61-463e-9374-129358a8d93c,"Adriani, Nicolaus, 1865-1926","The Bare'e-speaking Toradja of central Celebes (the East
         Toradja): first volume",1950,341,Monograph,Eastern Toraja,Asia,Southeast Asia,horticulturalists,,"522,539,686",https://ehrafworldcultures.yale.edu/sres/764fdeb5-fa61-463e-9374-129358a8d93c
6baccc6d-30ca-428f-bd8f-a5c5aea6d6a4,"Adriani, Nicolaus, 1865-1926","The Bare'e-speaking Toradja of central Celebes (the East
         Toradja): first volume",1950,342,Monograph,Eastern Toraja,Asia,Southeast Asia,horticulturalists,,"522,539,686",https://ehrafworldcultures.yale.edu/sres/6baccc6d-30ca-428f-bd8f-a5c5aea6d6a4
666d8c7c-0e27-41a2-b92e-5276d97c91fd,"Adriani, Nicolaus, 1865-1926","The Bare'e-speaking Toradja of central Celebes (the East
         Toradja): first volume",1950,342,Monograph,Eastern Toraja,Asia,Southeast Asia,horticulturalists,,"522,539,554,686",https://ehrafworldcultures.yale.edu/sres/666d8c7c-0e27-41a2-b92e-5276d97c91fd
586b017a-e886-4451-9e07-0153281cb2a5,"Adriani, Nicolaus, 1865-1926","The Bare'e-speaking Toradja of central Celebes (the East
         Toradja): first volume",1950,342,Monograph,Eastern Toraja,Asia,Southeast Asia,horticulturalists,,"431,522,539,681,686",https://ehrafworldcultures.yale.edu/sres/586b017a-e886-4451-9e07-0153281cb2a5
00434b51-710b-4379-8c54-1a6681a6bc50,"Adriani, Nicolaus, 1865-1926","The Bare'e-speaking Toradja of central Celebes (the East
         Toradja): first volume",1950,342,Monograph,Eastern Toraja,Asia,Southeast Asia,horticulturalists,,"522,539,686",https://ehrafworldcultures.yale.edu/sres/00434b51-710b-4379-8c54-1a6681a6bc50
7f78ea04-662e-48f6-869c-478dce26b7d8,"Adriani, Nicolaus, 1865-1926","The Bare'e-speaking Toradja of central Celebes (the East
         Toradja): first volume",1950,343,Monograph,Eastern Toraja,Asia,Southeast Asia,horticulturalists,,"622,686",https://ehrafworldcultures.yale.edu/sres/7f78ea04-662e-48f6-869c-478dce26b7d8
e3ad9faa-7804-43d7-a60c-a16ec86709de,"Adriani, Nicolaus, 1865-1926","The Bare'e-speaking Toradja of central Celebes (the East
         Toradja): first volume",1950,343,Monograph,Eastern Toraja,Asia,Southeast Asia,horticulturalists,,"622,686",https://ehrafworldcultures.yale.edu/sres/e3ad9faa-7804-43d7-a60c-a16ec86709de
6d2357d4-c1a4-4af0-baae-3aa732bdef56,"Adriani, Nicolaus, 1865-1926","The Bare'e-speaking Toradja of central Celebes (the East
         Toradja): first volume",1950,343,Monograph,Eastern Toraja,Asia,Southeast Asia,horticulturalists,,"602,648,681,686",https://ehrafworldcultures.yale.edu/sres/6d2357d4-c1a4-4af0-baae-3aa732bdef56
47b72275-818a-48ac-bd84-1f92883013a6,"Adriani, Nicolaus, 1865-1926","The Bare'e-speaking Toradja of central Celebes (the East
         Toradja): first volume",1950,344,Monograph,Eastern Toraja,Asia,Southeast Asia,horticulturalists,,686,https://ehrafworldcultures.yale.edu/sres/47b72275-818a-48ac-bd84-1f92883013a6
c63cf6ed-b729-4532-8c12-bfea4e171bc6,"Adriani, Nicolaus, 1865-1926","The Bare'e-speaking Toradja of central Celebes (the East
         Toradja): first volume",1950,344,Monograph,Eastern Toraja,Asia,Southeast Asia,horticulturalists,,"114,686,721",https://ehrafworldcultures.yale.edu/sres/c63cf6ed-b729-4532-8c12-bfea4e171bc6
9467930a-6a44-4538-9083-f0aeb0d9d1c8,"Adriani, Nicolaus, 1865-1926","The Bare'e-speaking Toradja of central Celebes (the East
         Toradja): first volume",1950,344,Monograph,Eastern Toraja,Asia,Southeast Asia,horticulturalists,,686,https://ehrafworldcultures.yale.edu/sres/9467930a-6a44-4538-9083-f0aeb0d9d1c8
be5e4fbf-e0c5-47c1-97e2-f642d23c35b7,"Adriani, Nicolaus, 1865-1926","The Bare'e-speaking Toradja of central Celebes (the East
         Toradja): first volume",1950,344,Monograph,Eastern Toraja,Asia,Southeast Asia,horticulturalists,,"567,681,682,782",https://ehrafworldcultures.yale.edu/sres/be5e4fbf-e0c5-47c1-97e2-f642d23c35b7
8f41f218-beac-45d6-84c4-298a5d2862af,"Adriani, Nicolaus, 1865-1926","The Bare'e-speaking Toradja of central Celebes (the East
         Toradja): first volume",1950,345,Monograph,Eastern Toraja,Asia,Southeast Asia,horticulturalists,,"567,681",https://ehrafworldcultures.yale.edu/sres/8f41f218-beac-45d6-84c4-298a5d2862af
95af9f39-9d07-4a47-be46-a7565c64a321,"Adriani, Nicolaus, 1865-1926","The Bare'e-speaking Toradja of central Celebes (the East
         Toradja): first volume",1950,345,Monograph,Eastern Toraja,Asia,Southeast Asia,horticulturalists,,"567,681,782",https://ehrafworldcultures.yale.edu/sres/95af9f39-9d07-4a47-be46-a7565c64a321
aee22b7f-caba-4ecd-8a83-d085bc897d62,"Adriani, Nicolaus, 1865-1926","The Bare'e-speaking Toradja of central Celebes (the East
         Toradja): first volume",1950,346,Monograph,Eastern Toraja,Asia,Southeast Asia,horticulturalists,,"567,681",https://ehrafworldcultures.yale.edu/sres/aee22b7f-caba-4ecd-8a83-d085bc897d62
f0a7d171-8d72-4197-a0fc-ec9153e9d422,"Adriani, Nicolaus, 1865-1926","The Bare'e-speaking Toradja of central Celebes (the East
         Toradja): first volume",1950,346,Monograph,Eastern Toraja,Asia,Southeast Asia,horticulturalists,,"567,578,681",https://ehrafworldcultures.yale.edu/sres/f0a7d171-8d72-4197-a0fc-ec9153e9d422
01e73a4c-1dfd-4fba-a9ed-b2484cc2bd49,"Adriani, Nicolaus, 1865-1926","The Bare'e-speaking Toradja of central Celebes (the East
         Toradja): first volume",1950,347,Monograph,Eastern Toraja,Asia,Southeast Asia,horticulturalists,,"567,681",https://ehrafworldcultures.yale.edu/sres/01e73a4c-1dfd-4fba-a9ed-b2484cc2bd49
5e707e70-2ab9-4805-a5e9-c7131d2414f0,"Adriani, Nicolaus, 1865-1926","The Bare'e-speaking Toradja of central Celebes (the East
         Toradja): first volume",1950,347,Monograph,Eastern Toraja,Asia,Southeast Asia,horticulturalists,,"114,567,681,789",https://ehrafworldcultures.yale.edu/sres/5e707e70-2ab9-4805-a5e9-c7131d2414f0
e9a16899-ac7a-413d-a84d-9500278b6f15,"Adriani, Nicolaus, 1865-1926","The Bare'e-speaking Toradja of central Celebes (the East
         Toradja): first volume",1950,347,Monograph,Eastern Toraja,Asia,Southeast Asia,horticulturalists,,"567,578,681,826",https://ehrafworldcultures.yale.edu/sres/e9a16899-ac7a-413d-a84d-9500278b6f15
9099aea4-eae7-4894-909d-195c7cf60982,"Adriani, Nicolaus, 1865-1926","The Bare'e-speaking Toradja of central Celebes (the East
         Toradja): first volume",1950,351,Monograph,Eastern Toraja,Asia,Southeast Asia,horticulturalists,,"681,721",https://ehrafworldcultures.yale.edu/sres/9099aea4-eae7-4894-909d-195c7cf60982
2643b7f6-563b-4039-9513-f4222836c085,"Adriani, Nicolaus, 1865-1926","The Bare'e-speaking Toradja of central Celebes (the East
         Toradja): first volume",1950,368,Monograph,Eastern Toraja,Asia,Southeast Asia,horticulturalists,,"487,619,628,681,721,726,787,789",https://ehrafworldcultures.yale.edu/sres/2643b7f6-563b-4039-9513-f4222836c085
7447c304-4663-45c6-aa87-c8097c85aaae,"Adriani, Nicolaus, 1865-1926","The Bare'e-speaking Toradja of central Celebes (the East
         Toradja): first volume",1950,116,Monograph,Eastern Toraja,Asia,Southeast Asia,horticulturalists,,"165,683",https://ehrafworldcultures.yale.edu/sres/7447c304-4663-45c6-aa87-c8097c85aaae
d29fc69a-c580-4054-a0e5-a66f97d260eb,"Adriani, Nicolaus, 1865-1926","The Bare'e-speaking Toradja of central Celebes (the East
         Toradja): first volume",1950,129,Monograph,Eastern Toraja,Asia,Southeast Asia,horticulturalists,,"158,682",https://ehrafworldcultures.yale.edu/sres/d29fc69a-c580-4054-a0e5-a66f97d260eb
4d1d421f-23d0-447f-957b-e13e07384b57,"Adriani, Nicolaus, 1865-1926","The Bare'e-speaking Toradja of central Celebes (the East
         Toradja): first volume",1950,139,Monograph,Eastern Toraja,Asia,Southeast Asia,horticulturalists,,"153,681,695,802,803",https://ehrafworldcultures.yale.edu/sres/4d1d421f-23d0-447f-957b-e13e07384b57
4ac8e316-5cd0-4055-8368-92be62112dbd,"Adriani, Nicolaus, 1865-1926","The Bare'e-speaking Toradja of central Celebes (the East
         Toradja): first volume",1950,157,Monograph,Eastern Toraja,Asia,Southeast Asia,horticulturalists,,"431,484,609,681",https://ehrafworldcultures.yale.edu/sres/4ac8e316-5cd0-4055-8368-92be62112dbd
8ff9aece-69d6-4ddd-a741-084fc517ba95,"Adriani, Nicolaus, 1865-1926","The Bare'e-speaking Toradja of central Celebes (the East
         Toradja): first volume",1950,209,Monograph,Eastern Toraja,Asia,Southeast Asia,horticulturalists,,"567,602,684",https://ehrafworldcultures.yale.edu/sres/8ff9aece-69d6-4ddd-a741-084fc517ba95
195f47a7-60e6-4e1d-810d-0a595ae8c801,"Adriani, Nicolaus, 1865-1926","The Bare'e-speaking Toradja of central Celebes (the East
         Toradja): first volume",1950,210,Monograph,Eastern Toraja,Asia,Southeast Asia,horticulturalists,,"175,567,648,684",https://ehrafworldcultures.yale.edu/sres/195f47a7-60e6-4e1d-810d-0a595ae8c801
8c4e4142-b254-4c25-bce6-f6a9c5876d65,"Adriani, Nicolaus, 1865-1926","The Bare'e-speaking Toradja of central Celebes (the East
         Toradja): first volume",1950,210,Monograph,Eastern Toraja,Asia,Southeast Asia,horticulturalists,,"567,578,602,610,628,684",https://ehrafworldcultures.yale.edu/sres/8c4e4142-b254-4c25-bce6-f6a9c5876d65
6e69062d-70b1-4331-8a84-d8f2cc7aeea6,"Adriani, Nicolaus, 1865-1926","The Bare'e-speaking Toradja of central Celebes (the East
         Toradja): first volume",1950,210,Monograph,Eastern Toraja,Asia,Southeast Asia,horticulturalists,,"567,681",https://ehrafworldcultures.yale.edu/sres/6e69062d-70b1-4331-8a84-d8f2cc7aeea6
6648d4bb-b7a6-47b5-87de-0b9bf6f0d7f7,"Adriani, Nicolaus, 1865-1926","The Bare'e-speaking Toradja of central Celebes (the East
         Toradja): first volume",1950,214,Monograph,Eastern Toraja,Asia,Southeast Asia,horticulturalists,,"567,571,681,728",https://ehrafworldcultures.yale.edu/sres/6648d4bb-b7a6-47b5-87de-0b9bf6f0d7f7
ba3afa1e-996d-4ad5-a4ea-3eea5ed8e899,"Adriani, Nicolaus, 1865-1926","The Bare'e-speaking Toradja of central Celebes (the East
         Toradja): first volume",1950,290,Monograph,Eastern Toraja,Asia,Southeast Asia,horticulturalists,,"554,602,622,681,692",https://ehrafworldcultures.yale.edu/sres/ba3afa1e-996d-4ad5-a4ea-3eea5ed8e899
aedb10c1-4171-4f70-914e-640b625eece6,"Adriani, Nicolaus, 1865-1926","The Bare'e-speaking Toradja of central Celebes (the East
         Toradja): first volume",1950,291,Monograph,Eastern Toraja,Asia,Southeast Asia,horticulturalists,,"622,681,692,721",https://ehrafworldcultures.yale.edu/sres/aedb10c1-4171-4f70-914e-640b625eece6
e4276adf-ecf7-43c2-835d-a8bbe665782b,"Adriani, Nicolaus, 1865-1926","The Bare'e-speaking Toradja of central Celebes (the East
         Toradja): first volume",1950,291,Monograph,Eastern Toraja,Asia,Southeast Asia,horticulturalists,,"431,465,622,681,692",https://ehrafworldcultures.yale.edu/sres/e4276adf-ecf7-43c2-835d-a8bbe665782b
1f508040-6a24-493b-a906-59488ef969ea,"Adriani, Nicolaus, 1865-1926","The Bare'e-speaking Toradja of central Celebes (the East
         Toradja): first volume",1950,291,Monograph,Eastern Toraja,Asia,Southeast Asia,horticulturalists,,"465,602,622,681,692",https://ehrafworldcultures.yale.edu/sres/1f508040-6a24-493b-a906-59488ef969ea
a7e8e78a-73d3-4d5f-a335-c34eaddcb122,"Adriani, Nicolaus, 1865-1926","The Bare'e-speaking Toradja of central Celebes (the East
         Toradja): first volume",1950,293,Monograph,Eastern Toraja,Asia,Southeast Asia,horticulturalists,,"619,628,681",https://ehrafworldcultures.yale.edu/sres/a7e8e78a-73d3-4d5f-a335-c34eaddcb122
4646eda8-729e-4977-97e6-1010bb48e346,"Adriani, Nicolaus, 1865-1926","The Bare'e-speaking Toradja of central Celebes (the East
         Toradja): first volume",1950,376,Monograph,Eastern Toraja,Asia,Southeast Asia,horticulturalists,,"619,681",https://ehrafworldcultures.yale.edu/sres/4646eda8-729e-4977-97e6-1010bb48e346
c16fe301-f436-472b-b019-1a0b06b5542d,"Adriani, Nicolaus, 1865-1926","The Bare'e-speaking Toradja of central Celebes (the East
         Toradja): first volume",1950,387,Monograph,Eastern Toraja,Asia,Southeast Asia,horticulturalists,,"554,687,701,750,761",https://ehrafworldcultures.yale.edu/sres/c16fe301-f436-472b-b019-1a0b06b5542d
3b37094a-8380-45e5-92af-c5bff708f73a,"Adriani, Nicolaus, 1865-1926","The Bare'e-speaking Toradja of central Celebes (the East
         Toradja): first volume",1950,411,Monograph,Eastern Toraja,Asia,Southeast Asia,horticulturalists,,"681,691,789",https://ehrafworldcultures.yale.edu/sres/3b37094a-8380-45e5-92af-c5bff708f73a
0b90e7af-c027-4533-a4d7-12c6b1aa3b92,"Adriani, Nicolaus, 1865-1926","The Bare'e-speaking Toradja of central Celebes (the East
         Toradja): first volume",1950,422,Monograph,Eastern Toraja,Asia,Southeast Asia,horticulturalists,,"685,726,787",https://ehrafworldcultures.yale.edu/sres/0b90e7af-c027-4533-a4d7-12c6b1aa3b92
25d28579-aebf-4306-b962-e72e9ce15330,"Adriani, Nicolaus, 1865-1926","The Bare'e-speaking Toradja of central Celebes (the East
         Toradja): first volume",1950,463,Monograph,Eastern Toraja,Asia,Southeast Asia,horticulturalists,,"571,681,701,726",https://ehrafworldcultures.yale.edu/sres/25d28579-aebf-4306-b962-e72e9ce15330
90c1d64a-1db3-48e1-93dc-734dd9ddd58e,"Adriani, Nicolaus, 1865-1926","The Bare'e-speaking Toradja of central Celebes (the East
         Toradja): first volume",1950,471,Monograph,Eastern Toraja,Asia,Southeast Asia,horticulturalists,,"224,648,681,712,721,726,787",https://ehrafworldcultures.yale.edu/sres/90c1d64a-1db3-48e1-93dc-734dd9ddd58e
3831fbac-2597-4bbf-8aee-cfc1911698cc,"Adriani, Nicolaus, 1865-1926","The Bare'e-speaking Toradja of central Celebes (the East
         Toradja): first volume",1950,486,Monograph,Eastern Toraja,Asia,Southeast Asia,horticulturalists,,"178,431,684,728",https://ehrafworldcultures.yale.edu/sres/3831fbac-2597-4bbf-8aee-cfc1911698cc
a6a90153-e29b-4453-8ea6-580542906e01,"Adriani, Nicolaus, 1865-1926","The Bare'e-speaking Toradja of central Celebes (the East
         Toradja): first volume",1950,490,Monograph,Eastern Toraja,Asia,Southeast Asia,horticulturalists,,"682,728",https://ehrafworldcultures.yale.edu/sres/a6a90153-e29b-4453-8ea6-580542906e01
4e205715-fd8f-4ee0-839c-737b74374ec6,"Adriani, Nicolaus, 1865-1926","The Bare'e-speaking Toradja of central Celebes (the East
         Toradja): first volume",1950,496,Monograph,Eastern Toraja,Asia,Southeast Asia,horticulturalists,,"684,726,783,834",https://ehrafworldcultures.yale.edu/sres/4e205715-fd8f-4ee0-839c-737b74374ec6
1acfc848-e0f7-43c1-bbfb-3617923d66aa,"Adriani, Nicolaus, 1865-1926","The Bare'e-speaking Toradja of central Celebes (the East
         Toradja): first volume",1950,497,Monograph,Eastern Toraja,Asia,Southeast Asia,horticulturalists,,"688,727,783",https://ehrafworldcultures.yale.edu/sres/1acfc848-e0f7-43c1-bbfb-3617923d66aa
8d5d0d16-4492-4b5f-98f3-95f1110fb0fd,"Adriani, Nicolaus, 1865-1926","The Bare'e-speaking Toradja of central Celebes (the East
         Toradja): first volume",1950,616,Monograph,Eastern Toraja,Asia,Southeast Asia,horticulturalists,,"576,578,681,774,776",https://ehrafworldcultures.yale.edu/sres/8d5d0d16-4492-4b5f-98f3-95f1110fb0fd
5af9e809-6331-40c3-8808-428fd51d2b2a,"Adriani, Nicolaus, 1865-1926","The Bare'e-speaking Toradja of central Celebes (the East
         Toradja): first volume",1950,630,Monograph,Eastern Toraja,Asia,Southeast Asia,horticulturalists,,"567,683,765,789,826",https://ehrafworldcultures.yale.edu/sres/5af9e809-6331-40c3-8808-428fd51d2b2a
c82c65e7-472f-4e78-992f-fc7fa2ebf8e2,"Adriani, Nicolaus, 1865-1926","The Bare'e-speaking Toradja of central Celebes (the East
         Toradja): first volume",1950,658,Monograph,Eastern Toraja,Asia,Southeast Asia,horticulturalists,,"152,571,683",https://ehrafworldcultures.yale.edu/sres/c82c65e7-472f-4e78-992f-fc7fa2ebf8e2
b2098601-6d28-4003-a279-2733dd6d03d1,"Adriani, Nicolaus, 1865-1926","The Bare'e-speaking Toradja of central Celebes (the East
         Toradja): first volume",1950,659,Monograph,Eastern Toraja,Asia,Southeast Asia,horticulturalists,,"152,619,631,683,721",https://ehrafworldcultures.yale.edu/sres/b2098601-6d28-4003-a279-2733dd6d03d1
50799f32-829b-48eb-82c0-02b47c68136a,"Adriani, Nicolaus, 1865-1926","The Bare'e-speaking Toradja of central Celebes (the East
         Toradja): first volume",1950,659,Monograph,Eastern Toraja,Asia,Southeast Asia,horticulturalists,,"683,695,754",https://ehrafworldcultures.yale.edu/sres/50799f32-829b-48eb-82c0-02b47c68136a
b19711ed-957d-4a0f-bef1-e6fdc4e05169,"Adriani, Nicolaus, 1865-1926","The Bare'e-speaking Toradja of central Celebes (the East
         Toradja): first volume",1950,661,Monograph,Eastern Toraja,Asia,Southeast Asia,horticulturalists,,"681,694,695,754",https://ehrafworldcultures.yale.edu/sres/b19711ed-957d-4a0f-bef1-e6fdc4e05169
04e45e46-1751-4ad3-9f26-42bfbbc4f035,"Adriani, Nicolaus, 1865-1926","The Bare'e-speaking Toradja of central Celebes (the East
         Toradja): first volume",1950,662,Monograph,Eastern Toraja,Asia,Southeast Asia,horticulturalists,,"683,695",https://ehrafworldcultures.yale.edu/sres/04e45e46-1751-4ad3-9f26-42bfbbc4f035
e30f3be8-648d-45ce-bf0d-73682708f5eb,"Adriani, Nicolaus, 1865-1926","The Bare'e-speaking Toradja of central Celebes (the East
         Toradja): first volume",1950,667,Monograph,Eastern Toraja,Asia,Southeast Asia,horticulturalists,,"578,648,683,690",https://ehrafworldcultures.yale.edu/sres/e30f3be8-648d-45ce-bf0d-73682708f5eb
9d747ee3-f05d-4b65-b881-9cd07189ebb7,"Adriani, Nicolaus, 1865-1926","The Bare'e-speaking Toradja of central Celebes (the East
         Toradja): first volume",1950,667,Monograph,Eastern Toraja,Asia,Southeast Asia,horticulturalists,,"178,648,683,829",https://ehrafworldcultures.yale.edu/sres/9d747ee3-f05d-4b65-b881-9cd07189ebb7
6fc4f776-0835-4080-ade0-7b8d3f98d632,"Adriani, Nicolaus, 1865-1926","The Bare'e-speaking Toradja of central Celebes (the East
         Toradja): first volume",1950,667,Monograph,Eastern Toraja,Asia,Southeast Asia,horticulturalists,,"648,683",https://ehrafworldcultures.yale.edu/sres/6fc4f776-0835-4080-ade0-7b8d3f98d632
6b12c810-64b4-4703-a2f7-5906db206efa,"Adriani, Nicolaus, 1865-1926","The Bare'e-speaking Toradja of central Celebes (the East
         Toradja): first volume",1950,668,Monograph,Eastern Toraja,Asia,Southeast Asia,horticulturalists,,"683,690",https://ehrafworldcultures.yale.edu/sres/6b12c810-64b4-4703-a2f7-5906db206efa
b9dcebf5-a8a5-4da1-8950-73c25563e5d6,"Downs, Richard Erskine","The religion of the Bare-'e-speaking Toradja of central
         Celebes",1956,49,Monograph,Eastern Toraja,Asia,Southeast Asia,horticulturalists,,"190,533,683,755,763,793",https://ehrafworldcultures.yale.edu/sres/b9dcebf5-a8a5-4da1-8950-73c25563e5d6
16edc39d-d9dc-4f39-9069-b6cba86f38b9,"Downs, Richard Erskine","The religion of the Bare-'e-speaking Toradja of central
         Celebes",1956,61,Monograph,Eastern Toraja,Asia,Southeast Asia,horticulturalists,,"681,701,726",https://ehrafworldcultures.yale.edu/sres/16edc39d-d9dc-4f39-9069-b6cba86f38b9
39a57e13-eeee-477f-81f4-a289bd5a8738,"Downs, Richard Erskine","The religion of the Bare-'e-speaking Toradja of central
         Celebes",1956,85,Monograph,Eastern Toraja,Asia,Southeast Asia,horticulturalists,,"567,602,683,721,765,782",https://ehrafworldcultures.yale.edu/sres/39a57e13-eeee-477f-81f4-a289bd5a8738
0bc74c43-c8de-44a5-8d22-3afa8902278e,"Downs, Richard Erskine","The religion of the Bare-'e-speaking Toradja of central
         Celebes",1956,7,Monograph,Eastern Toraja,Asia,Southeast Asia,horticulturalists,,"105,567,680",https://ehrafworldcultures.yale.edu/sres/0bc74c43-c8de-44a5-8d22-3afa8902278e
bcc1e380-d473-43ad-a633-808d59740291,"Downs, Richard Erskine","The religion of the Bare-'e-speaking Toradja of central
         Celebes",1956,7,Monograph,Eastern Toraja,Asia,Southeast Asia,horticulturalists,,"105,681",https://ehrafworldcultures.yale.edu/sres/bcc1e380-d473-43ad-a633-808d59740291
e4ead219-c73d-41fa-bdc6-581d59123f8e,"Downs, Richard Erskine","The religion of the Bare-'e-speaking Toradja of central
         Celebes",1956,7,Monograph,Eastern Toraja,Asia,Southeast Asia,horticulturalists,,"105,681,695",https://ehrafworldcultures.yale.edu/sres/e4ead219-c73d-41fa-bdc6-581d59123f8e
5839b41b-a9cb-44a0-b2e5-5304a846f1c1,"Downs, Richard Erskine","The religion of the Bare-'e-speaking Toradja of central
         Celebes",1956,13,Monograph,Eastern Toraja,Asia,Southeast Asia,horticulturalists,,"681,776",https://ehrafworldcultures.yale.edu/sres/5839b41b-a9cb-44a0-b2e5-5304a846f1c1
5203a589-c490-4b90-90ff-2adbbf2c930d,"Downs, Richard Erskine","The religion of the Bare-'e-speaking Toradja of central
         Celebes",1956,38,Monograph,Eastern Toraja,Asia,Southeast Asia,horticulturalists,,"186,462,648,683,695,754",https://ehrafworldcultures.yale.edu/sres/5203a589-c490-4b90-90ff-2adbbf2c930d
3da061fd-f54c-48a7-aa09-6e5a7770c6dd,"Downs, Richard Erskine","The religion of the Bare-'e-speaking Toradja of central
         Celebes",1956,42,Monograph,Eastern Toraja,Asia,Southeast Asia,horticulturalists,,"177,648,683",https://ehrafworldcultures.yale.edu/sres/3da061fd-f54c-48a7-aa09-6e5a7770c6dd
