uuid,Primary_Author,Title,Published,Page,DocType,Culture,Region,Subregion,Subsistence,OCM,IDs,Permalink
d37db238-2148-48e5-a0e7-4dba2cdf47f7,"Obermeyer, Gerald Joseph, 1935-","Structure and authority in a Bedouin tribe: the 'Aishabit of
         the Western Desert of Egypt",1969,215,Monograph,Libyan Bedouin,Africa,Northern Africa,pastoralists,,"114,121,613,626,627,642,648,681,692",https://ehrafworldcultures.yale.edu/sres/d37db238-2148-48e5-a0e7-4dba2cdf47f7
d7ec6a78-338d-416f-a315-3c6189fd1b38,"Mohsen, Safia K., 1936-","The quest for order among Awlad Ali of the Western Desert of
         Egypt",1971,168,Monograph,Libyan Bedouin,Africa,Northern Africa,pastoralists,,"626,627,672,673,682,683",https://ehrafworldcultures.yale.edu/sres/d7ec6a78-338d-416f-a315-3c6189fd1b38
3353930f-8902-4026-b4f6-a6c6fc97dba2,"Cole, Donald P.",Culture summary: Libyan Bedouin,1999,11,Manuscript,Libyan Bedouin,Africa,Northern Africa,pastoralists,,"626,627,671",https://ehrafworldcultures.yale.edu/sres/3353930f-8902-4026-b4f6-a6c6fc97dba2
365b7675-aa18-4c9e-8328-d6efbfb65e8c,"Mohsen, Safia K., 1936-","The quest for order among Awlad Ali of the Western Desert of
         Egypt",1971,8,Monograph,Libyan Bedouin,Africa,Northern Africa,pastoralists,,"114,121,626,627,671,692",https://ehrafworldcultures.yale.edu/sres/365b7675-aa18-4c9e-8328-d6efbfb65e8c
99ee4619-6bf9-4f4d-ba23-f3a03a464fab,"Mohsen, Safia K., 1936-","The quest for order among Awlad Ali of the Western Desert of
         Egypt",1971,9,Monograph,Libyan Bedouin,Africa,Northern Africa,pastoralists,,"114,121,127,182,626,627,671,692",https://ehrafworldcultures.yale.edu/sres/99ee4619-6bf9-4f4d-ba23-f3a03a464fab
fd05d303-8aa4-458b-b87e-7118042b3c9c,"Mohsen, Safia K., 1936-","The quest for order among Awlad Ali of the Western Desert of
         Egypt",1971,92,Monograph,Libyan Bedouin,Africa,Northern Africa,pastoralists,,"175,361,625,626,627,631,634,778,793,794,795",https://ehrafworldcultures.yale.edu/sres/fd05d303-8aa4-458b-b87e-7118042b3c9c
8a0443c3-5dee-4954-ba03-32524369f808,"Abu-Lughod, Lila","Veiled sentiments: honor and poetry in a Bedouin
         society",1986,103,Monograph,Libyan Bedouin,Africa,Northern Africa,pastoralists,,"554,626,681",https://ehrafworldcultures.yale.edu/sres/8a0443c3-5dee-4954-ba03-32524369f808
99ba6c4a-58b3-4a3f-bdee-eb872b0be9b8,"Kennett, Austin",Bloodmoney: Western Desert,1925,61,"Component part(s), monograph",Libyan Bedouin,Africa,Northern Africa,pastoralists,,"171,181,626,671,674,682",https://ehrafworldcultures.yale.edu/sres/99ba6c4a-58b3-4a3f-bdee-eb872b0be9b8
294b8aa3-6164-4ea7-a1a2-a8472bdc1028,"Kennett, Austin",Bloodmoney: Western Desert,1925,62,"Component part(s), monograph",Libyan Bedouin,Africa,Northern Africa,pastoralists,,"203,626,674,682",https://ehrafworldcultures.yale.edu/sres/294b8aa3-6164-4ea7-a1a2-a8472bdc1028
5bd1fbe2-ba3c-4702-98a5-2026cc6d0586,"Kennett, Austin",Bloodmoney: Western Desert,1925,62,"Component part(s), monograph",Libyan Bedouin,Africa,Northern Africa,pastoralists,,"626,672,674,682,686,691",https://ehrafworldcultures.yale.edu/sres/5bd1fbe2-ba3c-4702-98a5-2026cc6d0586
56bdf7bb-54a1-4623-8ca9-caabfdd7af8a,"Kennett, Austin",Bloodmoney: Western Desert,1925,62,"Component part(s), monograph",Libyan Bedouin,Africa,Northern Africa,pastoralists,,"626,674,682,686,691",https://ehrafworldcultures.yale.edu/sres/56bdf7bb-54a1-4623-8ca9-caabfdd7af8a
ff4695b5-f724-4418-9e96-39c151e16c7a,"Obermeyer, Gerald Joseph, 1935-","Structure and authority in a Bedouin tribe: the 'Aishabit of
         the Western Desert of Egypt",1969,157,Monograph,Libyan Bedouin,Africa,Northern Africa,pastoralists,,"178,554,571,578,613,619,626,682,692,721,829",https://ehrafworldcultures.yale.edu/sres/ff4695b5-f724-4418-9e96-39c151e16c7a
7941c682-ef63-4687-9437-a5f025c27efd,"Obermeyer, Gerald Joseph, 1935-","Structure and authority in a Bedouin tribe: the 'Aishabit of
         the Western Desert of Egypt",1969,191,Monograph,Libyan Bedouin,Africa,Northern Africa,pastoralists,,"571,613,626,628,671,681",https://ehrafworldcultures.yale.edu/sres/7941c682-ef63-4687-9437-a5f025c27efd
77ca3287-3b1e-43b4-8683-a4f5df72ab59,"Obermeyer, Gerald Joseph, 1935-","Structure and authority in a Bedouin tribe: the 'Aishabit of
         the Western Desert of Egypt",1969,200,Monograph,Libyan Bedouin,Africa,Northern Africa,pastoralists,,"124,128,626,671,682",https://ehrafworldcultures.yale.edu/sres/77ca3287-3b1e-43b4-8683-a4f5df72ab59
f828c6be-2039-4c38-8882-95c0d109076c,"Obermeyer, Gerald Joseph, 1935-","Structure and authority in a Bedouin tribe: the 'Aishabit of
         the Western Desert of Egypt",1969,213,Monograph,Libyan Bedouin,Africa,Northern Africa,pastoralists,,"264,272,626,681,682,784,788",https://ehrafworldcultures.yale.edu/sres/f828c6be-2039-4c38-8882-95c0d109076c
f844e419-850a-42e5-b0ce-7a1b5de9bfbb,"Obermeyer, Gerald Joseph, 1935-","Structure and authority in a Bedouin tribe: the 'Aishabit of
         the Western Desert of Egypt",1969,218,Monograph,Libyan Bedouin,Africa,Northern Africa,pastoralists,,"114,124,128,182,613,626,671,673,681,682,692,695,776",https://ehrafworldcultures.yale.edu/sres/f844e419-850a-42e5-b0ce-7a1b5de9bfbb
304bcee8-4de9-4c94-bfcd-dcafba8dfe46,"Peters, Emrys L. -1987","The Bedouin of Cyrenaica: studies in personal and corporate
         power",1990,248,Monograph,Libyan Bedouin,Africa,Northern Africa,pastoralists,,"145,562,577,585,626,684,834,836,842",https://ehrafworldcultures.yale.edu/sres/304bcee8-4de9-4c94-bfcd-dcafba8dfe46
8015bc9c-9116-4e7e-a8a5-4aff922b90f0,"Mohsen, Safia K., 1936-","The quest for order among Awlad Ali of the Western Desert of
         Egypt",1971,81,Monograph,Libyan Bedouin,Africa,Northern Africa,pastoralists,,"192,593,613,626,672,675,681",https://ehrafworldcultures.yale.edu/sres/8015bc9c-9116-4e7e-a8a5-4aff922b90f0
ba272962-88d8-4f23-8c41-ec061ed2fa9f,"Murray, George William, 1885-",Western Desert law,1935,316,"Component part(s), monograph",Libyan Bedouin,Africa,Northern Africa,pastoralists,,"613,627,682",https://ehrafworldcultures.yale.edu/sres/ba272962-88d8-4f23-8c41-ec061ed2fa9f
fc72a4c9-ae81-433a-b3bf-3c563ffbfc3f,"Murray, George William, 1885-",Western Desert law,1935,316,"Component part(s), monograph",Libyan Bedouin,Africa,Northern Africa,pastoralists,,"613,627,682",https://ehrafworldcultures.yale.edu/sres/fc72a4c9-ae81-433a-b3bf-3c563ffbfc3f
7217f9ab-6ee8-48f3-bd1c-256c9679a717,"Davis, J. (John), 1938-","Libyan politics: tribe and revolution : an account of the
         Zuwaya and their government",1988,224,Monograph,Libyan Bedouin,Africa,Northern Africa,pastoralists,,"456,613,627,683",https://ehrafworldcultures.yale.edu/sres/7217f9ab-6ee8-48f3-bd1c-256c9679a717
9e948f4c-d60c-48b3-884f-c2949eb1047b,"Davis, J. (John), 1938-","Libyan politics: tribe and revolution : an account of the
         Zuwaya and their government",1988,224,Monograph,Libyan Bedouin,Africa,Northern Africa,pastoralists,,"578,613,627,683",https://ehrafworldcultures.yale.edu/sres/9e948f4c-d60c-48b3-884f-c2949eb1047b
acda7981-452e-4e0a-a3f6-a1c1718cf096,"Davis, J. (John), 1938-","Libyan politics: tribe and revolution : an account of the
         Zuwaya and their government",1988,226,Monograph,Libyan Bedouin,Africa,Northern Africa,pastoralists,,"627,683",https://ehrafworldcultures.yale.edu/sres/acda7981-452e-4e0a-a3f6-a1c1718cf096
d574fb49-b058-417b-97dd-143c52f16d09,"Davis, J. (John), 1938-","Libyan politics: tribe and revolution : an account of the
         Zuwaya and their government",1988,226,Monograph,Libyan Bedouin,Africa,Northern Africa,pastoralists,,"627,683",https://ehrafworldcultures.yale.edu/sres/d574fb49-b058-417b-97dd-143c52f16d09
d1190ece-4325-46d6-affe-27e0ff7442b9,"Davis, J. (John), 1938-","Libyan politics: tribe and revolution : an account of the
         Zuwaya and their government",1988,226,Monograph,Libyan Bedouin,Africa,Northern Africa,pastoralists,,"613,627,628,683",https://ehrafworldcultures.yale.edu/sres/d1190ece-4325-46d6-affe-27e0ff7442b9
47a1a75a-7c39-4460-a84c-2f0ecf6addbc,"Abu-Lughod, Lila","Veiled sentiments: honor and poetry in a Bedouin
         society",1986,65,Monograph,Libyan Bedouin,Africa,Northern Africa,pastoralists,,"421,602,627,682,826",https://ehrafworldcultures.yale.edu/sres/47a1a75a-7c39-4460-a84c-2f0ecf6addbc
7bac4b71-7cfc-4c44-98ef-003184618d13,"Obermeyer, Gerald Joseph, 1935-","Structure and authority in a Bedouin tribe: the 'Aishabit of
         the Western Desert of Egypt",1969,163,Monograph,Libyan Bedouin,Africa,Northern Africa,pastoralists,,"554,613,627,682,692,695",https://ehrafworldcultures.yale.edu/sres/7bac4b71-7cfc-4c44-98ef-003184618d13
be5dd2ab-7c92-4768-8597-f3eef7cd9631,"Obermeyer, Gerald Joseph, 1935-","Structure and authority in a Bedouin tribe: the 'Aishabit of
         the Western Desert of Egypt",1969,171,Monograph,Libyan Bedouin,Africa,Northern Africa,pastoralists,,"554,596,613,627,685",https://ehrafworldcultures.yale.edu/sres/be5dd2ab-7c92-4768-8597-f3eef7cd9631
0770f640-02b7-4c1a-9401-a15641e2d938,"Obermeyer, Gerald Joseph, 1935-","Structure and authority in a Bedouin tribe: the 'Aishabit of
         the Western Desert of Egypt",1969,204,Monograph,Libyan Bedouin,Africa,Northern Africa,pastoralists,,"124,627,671,682,683",https://ehrafworldcultures.yale.edu/sres/0770f640-02b7-4c1a-9401-a15641e2d938
ebae692f-3e84-408b-9e1d-eefe4058ae58,"Obermeyer, Gerald Joseph, 1935-","Structure and authority in a Bedouin tribe: the 'Aishabit of
         the Western Desert of Egypt",1969,263,Monograph,Libyan Bedouin,Africa,Northern Africa,pastoralists,,"554,613,627,682,829",https://ehrafworldcultures.yale.edu/sres/ebae692f-3e84-408b-9e1d-eefe4058ae58
159c2ff0-7bd2-4579-b7e8-8bfa21e4b395,"Obermeyer, Gerald Joseph, 1935-","Structure and authority in a Bedouin tribe: the 'Aishabit of
         the Western Desert of Egypt",1969,263,Monograph,Libyan Bedouin,Africa,Northern Africa,pastoralists,,"178,554,613,627,682,829",https://ehrafworldcultures.yale.edu/sres/159c2ff0-7bd2-4579-b7e8-8bfa21e4b395
2d20affd-be8b-4a29-8e46-8217e0167c08,"Obermeyer, Gerald Joseph, 1935-","Structure and authority in a Bedouin tribe: the 'Aishabit of
         the Western Desert of Egypt",1969,265,Monograph,Libyan Bedouin,Africa,Northern Africa,pastoralists,,"554,571,627,681",https://ehrafworldcultures.yale.edu/sres/2d20affd-be8b-4a29-8e46-8217e0167c08
65681af5-a1af-450a-925f-698091a6c552,"Obermeyer, Gerald Joseph, 1935-","Structure and authority in a Bedouin tribe: the 'Aishabit of
         the Western Desert of Egypt",1969,,Monograph,Libyan Bedouin,Africa,Northern Africa,pastoralists,,"627,628,681",https://ehrafworldcultures.yale.edu/sres/65681af5-a1af-450a-925f-698091a6c552
d1e63eda-786f-4ac8-810a-e053b0e6ccd1,"Peters, Emrys L. -1987","The Bedouin of Cyrenaica: studies in personal and corporate
         power",1990,53,Monograph,Libyan Bedouin,Africa,Northern Africa,pastoralists,,"423,433,554,565,601,627,628,672,682",https://ehrafworldcultures.yale.edu/sres/d1e63eda-786f-4ac8-810a-e053b0e6ccd1
a09dc08f-bdc8-4518-a526-4106bf50949c,"Peters, Emrys L. -1987","The Bedouin of Cyrenaica: studies in personal and corporate
         power",1990,61,Monograph,Libyan Bedouin,Africa,Northern Africa,pastoralists,,"613,627,672,682",https://ehrafworldcultures.yale.edu/sres/a09dc08f-bdc8-4518-a526-4106bf50949c
f2e80a6c-66f6-445b-be6f-721f1dc68a44,"Peters, Emrys L. -1987","The Bedouin of Cyrenaica: studies in personal and corporate
         power",1990,61,Monograph,Libyan Bedouin,Africa,Northern Africa,pastoralists,,"613,627,682",https://ehrafworldcultures.yale.edu/sres/f2e80a6c-66f6-445b-be6f-721f1dc68a44
907e3b0b-abf1-4188-ba4b-aefd47cb038a,"Peters, Emrys L. -1987","The Bedouin of Cyrenaica: studies in personal and corporate
         power",1990,61,Monograph,Libyan Bedouin,Africa,Northern Africa,pastoralists,,"613,627,682",https://ehrafworldcultures.yale.edu/sres/907e3b0b-abf1-4188-ba4b-aefd47cb038a
4548f9fc-3bb0-4be1-9a61-41ea32111768,"Peters, Emrys L. -1987","The Bedouin of Cyrenaica: studies in personal and corporate
         power",1990,63,Monograph,Libyan Bedouin,Africa,Northern Africa,pastoralists,,"613,619,627,682",https://ehrafworldcultures.yale.edu/sres/4548f9fc-3bb0-4be1-9a61-41ea32111768
edc86fee-0371-4a69-9c15-e97078421aae,"Peters, Emrys L. -1987","The Bedouin of Cyrenaica: studies in personal and corporate
         power",1990,64,Monograph,Libyan Bedouin,Africa,Northern Africa,pastoralists,,"613,619,627,682,793",https://ehrafworldcultures.yale.edu/sres/edc86fee-0371-4a69-9c15-e97078421aae
7495c7e2-8b90-40f5-bb2f-a53ef27d31db,"Peters, Emrys L. -1987","The Bedouin of Cyrenaica: studies in personal and corporate
         power",1990,64,Monograph,Libyan Bedouin,Africa,Northern Africa,pastoralists,,"583,613,627,682",https://ehrafworldcultures.yale.edu/sres/7495c7e2-8b90-40f5-bb2f-a53ef27d31db
6caa96a6-a00e-42d9-85f1-a76436a7a0af,"Peters, Emrys L. -1987","The Bedouin of Cyrenaica: studies in personal and corporate
         power",1990,65,Monograph,Libyan Bedouin,Africa,Northern Africa,pastoralists,,"613,627,682",https://ehrafworldcultures.yale.edu/sres/6caa96a6-a00e-42d9-85f1-a76436a7a0af
d83e0b58-d261-4aa3-9f3c-3137df6b4c49,"Peters, Emrys L. -1987","The Bedouin of Cyrenaica: studies in personal and corporate
         power",1990,67,Monograph,Libyan Bedouin,Africa,Northern Africa,pastoralists,,"554,613,619,627,682",https://ehrafworldcultures.yale.edu/sres/d83e0b58-d261-4aa3-9f3c-3137df6b4c49
fefd3c2a-29a2-4db4-b13a-8df6b7355162,"Peters, Emrys L. -1987","The Bedouin of Cyrenaica: studies in personal and corporate
         power",1990,68,Monograph,Libyan Bedouin,Africa,Northern Africa,pastoralists,,"627,682",https://ehrafworldcultures.yale.edu/sres/fefd3c2a-29a2-4db4-b13a-8df6b7355162
68310cbd-9a06-465e-abb8-b4a0ae784e29,"Peters, Emrys L. -1987","The Bedouin of Cyrenaica: studies in personal and corporate
         power",1990,69,Monograph,Libyan Bedouin,Africa,Northern Africa,pastoralists,,"591,627,682,890",https://ehrafworldcultures.yale.edu/sres/68310cbd-9a06-465e-abb8-b4a0ae784e29
6fc9b430-ab99-460f-9dfe-7c2ce1823f75,"Peters, Emrys L. -1987","The Bedouin of Cyrenaica: studies in personal and corporate
         power",1990,72,Monograph,Libyan Bedouin,Africa,Northern Africa,pastoralists,,"422,429,602,627,682,768",https://ehrafworldcultures.yale.edu/sres/6fc9b430-ab99-460f-9dfe-7c2ce1823f75
7d01cfef-2ed3-410d-832e-9880f64ff9a2,"Peters, Emrys L. -1987","The Bedouin of Cyrenaica: studies in personal and corporate
         power",1990,76,Monograph,Libyan Bedouin,Africa,Northern Africa,pastoralists,,"558,581,613,619,627,682,829",https://ehrafworldcultures.yale.edu/sres/7d01cfef-2ed3-410d-832e-9880f64ff9a2
8e203e58-1a39-4dde-bc8d-48bb4906e5b0,"Peters, Emrys L. -1987","The Bedouin of Cyrenaica: studies in personal and corporate
         power",1990,78,Monograph,Libyan Bedouin,Africa,Northern Africa,pastoralists,,"558,602,613,619,627,628,682",https://ehrafworldcultures.yale.edu/sres/8e203e58-1a39-4dde-bc8d-48bb4906e5b0
26259c45-0adc-4b7d-964e-14556796dac6,"Peters, Emrys L. -1987","The Bedouin of Cyrenaica: studies in personal and corporate
         power",1990,87,Monograph,Libyan Bedouin,Africa,Northern Africa,pastoralists,,"361,423,601,613,619,627,628,682",https://ehrafworldcultures.yale.edu/sres/26259c45-0adc-4b7d-964e-14556796dac6
5c9ce22a-c2f8-4a5d-b6be-4128ea0021bd,"Peters, Emrys L. -1987","The Bedouin of Cyrenaica: studies in personal and corporate
         power",1990,101,Monograph,Libyan Bedouin,Africa,Northern Africa,pastoralists,,"312,565,613,627,672,682",https://ehrafworldcultures.yale.edu/sres/5c9ce22a-c2f8-4a5d-b6be-4128ea0021bd
a49091a6-9a46-4762-a69a-48c9e6ff11d5,"Peters, Emrys L. -1987","The Bedouin of Cyrenaica: studies in personal and corporate
         power",1990,152,Monograph,Libyan Bedouin,Africa,Northern Africa,pastoralists,,"431,487,571,613,627,628,631,682,685",https://ehrafworldcultures.yale.edu/sres/a49091a6-9a46-4762-a69a-48c9e6ff11d5
d7188460-e28b-43f3-9d7e-fc473f0d26aa,"Peters, Emrys L. -1987","The Bedouin of Cyrenaica: studies in personal and corporate
         power",1990,169,Monograph,Libyan Bedouin,Africa,Northern Africa,pastoralists,,"581,627,628,682",https://ehrafworldcultures.yale.edu/sres/d7188460-e28b-43f3-9d7e-fc473f0d26aa
b99961d3-4ef6-4808-a49a-a2b1f09019d1,"Peters, Emrys L. -1987","The Bedouin of Cyrenaica: studies in personal and corporate
         power",1990,169,Monograph,Libyan Bedouin,Africa,Northern Africa,pastoralists,,"231,426,578,581,583,627,682",https://ehrafworldcultures.yale.edu/sres/b99961d3-4ef6-4808-a49a-a2b1f09019d1
dcd77137-a3b8-48a1-a2b3-45b94a75af87,"Peters, Emrys L. -1987","The Bedouin of Cyrenaica: studies in personal and corporate
         power",1990,170,Monograph,Libyan Bedouin,Africa,Northern Africa,pastoralists,,"426,571,582,602,627,628,682",https://ehrafworldcultures.yale.edu/sres/dcd77137-a3b8-48a1-a2b3-45b94a75af87
191c2dec-f7d7-428f-82ec-e0c32425c253,"Peters, Emrys L. -1987","The Bedouin of Cyrenaica: studies in personal and corporate
         power",1990,171,Monograph,Libyan Bedouin,Africa,Northern Africa,pastoralists,,"627,682",https://ehrafworldcultures.yale.edu/sres/191c2dec-f7d7-428f-82ec-e0c32425c253
44933efd-04de-4a7b-aec6-0ff7a093d1ca,"Peters, Emrys L. -1987","The Bedouin of Cyrenaica: studies in personal and corporate
         power",1990,171,Monograph,Libyan Bedouin,Africa,Northern Africa,pastoralists,,"423,613,627,628,682",https://ehrafworldcultures.yale.edu/sres/44933efd-04de-4a7b-aec6-0ff7a093d1ca
24207e00-d972-4053-911d-20b32219792f,"Peters, Emrys L. -1987","The Bedouin of Cyrenaica: studies in personal and corporate
         power",1990,194,Monograph,Libyan Bedouin,Africa,Northern Africa,pastoralists,,"593,613,627,628,681,682",https://ehrafworldcultures.yale.edu/sres/24207e00-d972-4053-911d-20b32219792f
016d6acd-0cdc-403d-aaaf-034c2f13f523,"Mohsen, Safia K., 1936-","The quest for order among Awlad Ali of the Western Desert of
         Egypt",1971,121,Monograph,Libyan Bedouin,Africa,Northern Africa,pastoralists,,"558,574,578,586,593,606,627,681,779,792,888",https://ehrafworldcultures.yale.edu/sres/016d6acd-0cdc-403d-aaaf-034c2f13f523
6fb52f47-7105-4361-8039-2ee1167d14af,"Mohsen, Safia K., 1936-","The quest for order among Awlad Ali of the Western Desert of
         Egypt",1971,126,Monograph,Libyan Bedouin,Africa,Northern Africa,pastoralists,,"574,576,578,584,586,606,627,686",https://ehrafworldcultures.yale.edu/sres/6fb52f47-7105-4361-8039-2ee1167d14af
ddc718bc-6594-4375-8935-61dd367db9d3,"Mohsen, Safia K., 1936-","The quest for order among Awlad Ali of the Western Desert of
         Egypt",1971,134,Monograph,Libyan Bedouin,Africa,Northern Africa,pastoralists,,"114,178,558,562,581,583,585,586,593,627,671,681",https://ehrafworldcultures.yale.edu/sres/ddc718bc-6594-4375-8935-61dd367db9d3
291c67a2-5c2c-4daa-b6c1-a5c7f4103243,"Mohsen, Safia K., 1936-","The quest for order among Awlad Ali of the Western Desert of
         Egypt",1971,138,Monograph,Libyan Bedouin,Africa,Northern Africa,pastoralists,,"554,556,562,574,586,627,681,778",https://ehrafworldcultures.yale.edu/sres/291c67a2-5c2c-4daa-b6c1-a5c7f4103243
8fab6529-8c09-4881-ad72-4c5a571cdee6,"Mohsen, Safia K., 1936-","The quest for order among Awlad Ali of the Western Desert of
         Egypt",1971,148,Monograph,Libyan Bedouin,Africa,Northern Africa,pastoralists,,"182,619,627,628,673,681,682,692",https://ehrafworldcultures.yale.edu/sres/8fab6529-8c09-4881-ad72-4c5a571cdee6
29eb537f-345e-4b05-af64-b68ef699d2ad,"Mohsen, Safia K., 1936-","The quest for order among Awlad Ali of the Western Desert of
         Egypt",1971,152,Monograph,Libyan Bedouin,Africa,Northern Africa,pastoralists,,"613,625,627,672,682,695",https://ehrafworldcultures.yale.edu/sres/29eb537f-345e-4b05-af64-b68ef699d2ad
b50d941b-ac2c-4af7-bfd7-bd7a6fc6aa6d,"Mohsen, Safia K., 1936-","The quest for order among Awlad Ali of the Western Desert of
         Egypt",1971,154,Monograph,Libyan Bedouin,Africa,Northern Africa,pastoralists,,"627,672,682,695",https://ehrafworldcultures.yale.edu/sres/b50d941b-ac2c-4af7-bfd7-bd7a6fc6aa6d
f6548009-94b2-4a3c-9667-f430f9c3f96c,"Mohsen, Safia K., 1936-","The quest for order among Awlad Ali of the Western Desert of
         Egypt",1971,156,Monograph,Libyan Bedouin,Africa,Northern Africa,pastoralists,,"627,672,682,683,845",https://ehrafworldcultures.yale.edu/sres/f6548009-94b2-4a3c-9667-f430f9c3f96c
5b9ce082-f2e0-47bc-b926-83b5cdfd8d7e,"Mohsen, Safia K., 1936-","The quest for order among Awlad Ali of the Western Desert of
         Egypt",1971,157,Monograph,Libyan Bedouin,Africa,Northern Africa,pastoralists,,"627,672,682",https://ehrafworldcultures.yale.edu/sres/5b9ce082-f2e0-47bc-b926-83b5cdfd8d7e
93e2548c-e841-4feb-9b80-556445312b5f,"Mohsen, Safia K., 1936-","The quest for order among Awlad Ali of the Western Desert of
         Egypt",1971,159,Monograph,Libyan Bedouin,Africa,Northern Africa,pastoralists,,"627,672,673,682",https://ehrafworldcultures.yale.edu/sres/93e2548c-e841-4feb-9b80-556445312b5f
6d1be659-ad46-42ce-ba7b-533bcfc857c8,"Mohsen, Safia K., 1936-","The quest for order among Awlad Ali of the Western Desert of
         Egypt",1971,159,Monograph,Libyan Bedouin,Africa,Northern Africa,pastoralists,,"124,165,233,312,443,464,517,554,571,576,613,619,627,672,673,682,689,695,776,792,829",https://ehrafworldcultures.yale.edu/sres/6d1be659-ad46-42ce-ba7b-533bcfc857c8
ee632ee1-ceef-4782-956e-77e7d33b40c1,"Mohsen, Safia K., 1936-","The quest for order among Awlad Ali of the Western Desert of
         Egypt",1971,162,Monograph,Libyan Bedouin,Africa,Northern Africa,pastoralists,,"554,576,613,627,672,682,689,695,792",https://ehrafworldcultures.yale.edu/sres/ee632ee1-ceef-4782-956e-77e7d33b40c1
34b912bd-90d6-4453-8312-a518608c1b82,"Mohsen, Safia K., 1936-","The quest for order among Awlad Ali of the Western Desert of
         Egypt",1971,163,Monograph,Libyan Bedouin,Africa,Northern Africa,pastoralists,,"627,672,682",https://ehrafworldcultures.yale.edu/sres/34b912bd-90d6-4453-8312-a518608c1b82
1b0daea6-a811-480d-a503-fb28d7d017f0,"Mohsen, Safia K., 1936-","The quest for order among Awlad Ali of the Western Desert of
         Egypt",1971,170,Monograph,Libyan Bedouin,Africa,Northern Africa,pastoralists,,"627,672,682",https://ehrafworldcultures.yale.edu/sres/1b0daea6-a811-480d-a503-fb28d7d017f0
85ff1922-2330-4ed5-ae25-77aad205eb38,"Mohsen, Safia K., 1936-","The quest for order among Awlad Ali of the Western Desert of
         Egypt",1971,172,Monograph,Libyan Bedouin,Africa,Northern Africa,pastoralists,,"627,672,682",https://ehrafworldcultures.yale.edu/sres/85ff1922-2330-4ed5-ae25-77aad205eb38
a60653ea-069f-49e5-aa56-5394d910a5cc,"Mohsen, Safia K., 1936-","The quest for order among Awlad Ali of the Western Desert of
         Egypt",1971,176,Monograph,Libyan Bedouin,Africa,Northern Africa,pastoralists,,"463,465,619,627,672,673,683",https://ehrafworldcultures.yale.edu/sres/a60653ea-069f-49e5-aa56-5394d910a5cc
06bbbf3b-1bc0-4ddc-b442-263f93c060dc,"Mohsen, Safia K., 1936-","The quest for order among Awlad Ali of the Western Desert of
         Egypt",1971,178,Monograph,Libyan Bedouin,Africa,Northern Africa,pastoralists,,"105,182,233,554,564,571,574,576,578,619,627,681,689",https://ehrafworldcultures.yale.edu/sres/06bbbf3b-1bc0-4ddc-b442-263f93c060dc
3645cf9e-6963-457e-be38-0a24da6001cc,"Mohsen, Safia K., 1936-","The quest for order among Awlad Ali of the Western Desert of
         Egypt",1971,180,Monograph,Libyan Bedouin,Africa,Northern Africa,pastoralists,,"105,182,233,554,571,574,576,578,619,627,681",https://ehrafworldcultures.yale.edu/sres/3645cf9e-6963-457e-be38-0a24da6001cc
083e8f1f-2718-47ac-8de6-9edda93e0a56,"Mohsen, Safia K., 1936-","The quest for order among Awlad Ali of the Western Desert of
         Egypt",1971,196,Monograph,Libyan Bedouin,Africa,Northern Africa,pastoralists,,"627,628,681",https://ehrafworldcultures.yale.edu/sres/083e8f1f-2718-47ac-8de6-9edda93e0a56
b1a86aca-0230-4f21-b8d5-425f1a509603,"Mohsen, Safia K., 1936-","The quest for order among Awlad Ali of the Western Desert of
         Egypt",1971,30,Monograph,Libyan Bedouin,Africa,Northern Africa,pastoralists,,"177,521,627,681,690",https://ehrafworldcultures.yale.edu/sres/b1a86aca-0230-4f21-b8d5-425f1a509603
cc7f7843-d76e-4e82-84f1-d1a05c66ad5b,"Mohsen, Safia K., 1936-","The quest for order among Awlad Ali of the Western Desert of
         Egypt",1971,41,Monograph,Libyan Bedouin,Africa,Northern Africa,pastoralists,,"173,184,619,627,628,682,778",https://ehrafworldcultures.yale.edu/sres/cc7f7843-d76e-4e82-84f1-d1a05c66ad5b
7ee6b106-98eb-412d-87df-a0b7017bb63e,"Mohsen, Safia K., 1936-","The quest for order among Awlad Ali of the Western Desert of
         Egypt",1971,53,Monograph,Libyan Bedouin,Africa,Northern Africa,pastoralists,,"182,554,556,571,578,613,627,675,682",https://ehrafworldcultures.yale.edu/sres/7ee6b106-98eb-412d-87df-a0b7017bb63e
10081527-99fe-456b-bf06-91108e95128d,"Mohsen, Safia K., 1936-","The quest for order among Awlad Ali of the Western Desert of
         Egypt",1971,63,Monograph,Libyan Bedouin,Africa,Northern Africa,pastoralists,,"123,182,627,628,681",https://ehrafworldcultures.yale.edu/sres/10081527-99fe-456b-bf06-91108e95128d
ada99274-8c18-48f3-9bb1-19d411092e9a,"Mohsen, Safia K., 1936-","The quest for order among Awlad Ali of the Western Desert of
         Egypt",1971,73,Monograph,Libyan Bedouin,Africa,Northern Africa,pastoralists,,"578,627,671,685,695",https://ehrafworldcultures.yale.edu/sres/ada99274-8c18-48f3-9bb1-19d411092e9a
bd506544-883f-4490-8a3a-70f0cc2cdda2,"Mohsen, Safia K., 1936-","The quest for order among Awlad Ali of the Western Desert of
         Egypt",1971,75,Monograph,Libyan Bedouin,Africa,Northern Africa,pastoralists,,"613,627,671,685,695,732,776,778,784,803",https://ehrafworldcultures.yale.edu/sres/bd506544-883f-4490-8a3a-70f0cc2cdda2
1de94050-8ad8-4f8d-814b-9132f03b8f2a,"Mohsen, Safia K., 1936-","The quest for order among Awlad Ali of the Western Desert of
         Egypt",1971,75,Monograph,Libyan Bedouin,Africa,Northern Africa,pastoralists,,"212,492,494,497,578,613,627,671,685,695,747,776,778,787",https://ehrafworldcultures.yale.edu/sres/1de94050-8ad8-4f8d-814b-9132f03b8f2a
cae5febf-8a23-4281-805f-a9baacbc8be9,"Mohsen, Safia K., 1936-","The quest for order among Awlad Ali of the Western Desert of
         Egypt",1971,77,Monograph,Libyan Bedouin,Africa,Northern Africa,pastoralists,,"156,521,554,578,613,627,685",https://ehrafworldcultures.yale.edu/sres/cae5febf-8a23-4281-805f-a9baacbc8be9
27a0cf93-6fb8-4cdb-ad3f-a2c5aa9802c4,"Mohsen, Safia K., 1936-","The quest for order among Awlad Ali of the Western Desert of
         Egypt",1971,79,Monograph,Libyan Bedouin,Africa,Northern Africa,pastoralists,,"124,156,554,578,613,627,685,695",https://ehrafworldcultures.yale.edu/sres/27a0cf93-6fb8-4cdb-ad3f-a2c5aa9802c4
1fa3e7f5-02cb-4d29-803d-ebe645f2104e,"Mohsen, Safia K., 1936-","The quest for order among Awlad Ali of the Western Desert of
         Egypt",1971,79,Monograph,Libyan Bedouin,Africa,Northern Africa,pastoralists,,"124,156,578,627,685,695",https://ehrafworldcultures.yale.edu/sres/1fa3e7f5-02cb-4d29-803d-ebe645f2104e
b894ebc5-40e1-4a05-91ab-f70ae99889fb,"Mohsen, Safia K., 1936-","The quest for order among Awlad Ali of the Western Desert of
         Egypt",1971,106,Monograph,Libyan Bedouin,Africa,Northern Africa,pastoralists,,"584,627,686",https://ehrafworldcultures.yale.edu/sres/b894ebc5-40e1-4a05-91ab-f70ae99889fb
79612b7e-89df-4a12-8cef-33f0d4049c6c,"Mohsen, Safia K., 1936-","The quest for order among Awlad Ali of the Western Desert of
         Egypt",1971,113,Monograph,Libyan Bedouin,Africa,Northern Africa,pastoralists,,"178,557,558,582,613,627,675,681,683",https://ehrafworldcultures.yale.edu/sres/79612b7e-89df-4a12-8cef-33f0d4049c6c
afc7fb85-2632-43c7-a73f-f5a236726370,"Obermeyer, Gerald Joseph, 1935-","Structure and authority in a Bedouin tribe: the 'Aishabit of
         the Western Desert of Egypt",1969,165,Monograph,Libyan Bedouin,Africa,Northern Africa,pastoralists,,"648,695,696",https://ehrafworldcultures.yale.edu/sres/afc7fb85-2632-43c7-a73f-f5a236726370
096ae61f-2986-4ca3-8825-b66102dc997c,"Abu-Lughod, Lila","Veiled sentiments: honor and poetry in a Bedouin
         society",1986,54,Monograph,Libyan Bedouin,Africa,Northern Africa,pastoralists,,"602,614,626,890",https://ehrafworldcultures.yale.edu/sres/096ae61f-2986-4ca3-8825-b66102dc997c
b4ff4c41-53b3-4148-b659-38c25210f703,"Abu-Lughod, Lila","Veiled sentiments: honor and poetry in a Bedouin
         society",1986,93,Monograph,Libyan Bedouin,Africa,Northern Africa,pastoralists,,"577,578,595,626,834",https://ehrafworldcultures.yale.edu/sres/b4ff4c41-53b3-4148-b659-38c25210f703
b007c3c0-9802-4427-a9fe-3057f6b7f11b,"Abu-Lughod, Lila","Veiled sentiments: honor and poetry in a Bedouin
         society",1986,94,Monograph,Libyan Bedouin,Africa,Northern Africa,pastoralists,,"558,577,578,593,626,834",https://ehrafworldcultures.yale.edu/sres/b007c3c0-9802-4427-a9fe-3057f6b7f11b
96dafeae-28e9-4cb4-948f-fe97ab012020,"Abu-Lughod, Lila","Veiled sentiments: honor and poetry in a Bedouin
         society",1986,94,Monograph,Libyan Bedouin,Africa,Northern Africa,pastoralists,,"558,577,578,593,626,834",https://ehrafworldcultures.yale.edu/sres/96dafeae-28e9-4cb4-948f-fe97ab012020
488ce013-cc03-4783-9cba-559514a10e86,"Abu-Lughod, Lila","Veiled sentiments: honor and poetry in a Bedouin
         society",1986,94,Monograph,Libyan Bedouin,Africa,Northern Africa,pastoralists,,"558,577,578,593,626,834",https://ehrafworldcultures.yale.edu/sres/488ce013-cc03-4783-9cba-559514a10e86
69a704de-3276-407e-99ff-e89dc4597b4c,"Abu-Lughod, Lila","Veiled sentiments: honor and poetry in a Bedouin
         society",1986,94,Monograph,Libyan Bedouin,Africa,Northern Africa,pastoralists,,"595,626,834",https://ehrafworldcultures.yale.edu/sres/69a704de-3276-407e-99ff-e89dc4597b4c
de7cf2c0-953c-4aa3-8e1e-248873710290,"Abu-Lughod, Lila","Veiled sentiments: honor and poetry in a Bedouin
         society",1986,97,Monograph,Libyan Bedouin,Africa,Northern Africa,pastoralists,,"558,577,626",https://ehrafworldcultures.yale.edu/sres/de7cf2c0-953c-4aa3-8e1e-248873710290
80c5ff38-40b9-4f8f-a93a-3e48f1386345,"Abu-Lughod, Lila","Veiled sentiments: honor and poetry in a Bedouin
         society",1986,100,Monograph,Libyan Bedouin,Africa,Northern Africa,pastoralists,,"554,626",https://ehrafworldcultures.yale.edu/sres/80c5ff38-40b9-4f8f-a93a-3e48f1386345
76613a47-b60e-4d4a-8f60-e689693fd65e,"Abu-Lughod, Lila","Veiled sentiments: honor and poetry in a Bedouin
         society",1986,100,Monograph,Libyan Bedouin,Africa,Northern Africa,pastoralists,,"596,626",https://ehrafworldcultures.yale.edu/sres/76613a47-b60e-4d4a-8f60-e689693fd65e
3b56fe27-450a-482d-a758-5ff765ebd2d3,"Abu-Lughod, Lila","Veiled sentiments: honor and poetry in a Bedouin
         society",1986,100,Monograph,Libyan Bedouin,Africa,Northern Africa,pastoralists,,"578,592,595,596,626",https://ehrafworldcultures.yale.edu/sres/3b56fe27-450a-482d-a758-5ff765ebd2d3
61f49381-35cb-4923-816b-1e5008a25594,"Abu-Lughod, Lila","Veiled sentiments: honor and poetry in a Bedouin
         society",1986,101,Monograph,Libyan Bedouin,Africa,Northern Africa,pastoralists,,"578,592,595,596,626",https://ehrafworldcultures.yale.edu/sres/61f49381-35cb-4923-816b-1e5008a25594
4d8b0ed4-6eac-472d-aa0e-fd5091ac939e,"Abu-Lughod, Lila","Veiled sentiments: honor and poetry in a Bedouin
         society",1986,101,Monograph,Libyan Bedouin,Africa,Northern Africa,pastoralists,,"562,593,626,762",https://ehrafworldcultures.yale.edu/sres/4d8b0ed4-6eac-472d-aa0e-fd5091ac939e
4e92754a-5d0a-4538-b221-7fbd497428a1,"Abu-Lughod, Lila","Veiled sentiments: honor and poetry in a Bedouin
         society",1986,102,Monograph,Libyan Bedouin,Africa,Northern Africa,pastoralists,,626,https://ehrafworldcultures.yale.edu/sres/4e92754a-5d0a-4538-b221-7fbd497428a1
b03f529c-2874-46d7-921d-c158a58be38e,"Abu-Lughod, Lila","Veiled sentiments: honor and poetry in a Bedouin
         society",1986,104,Monograph,Libyan Bedouin,Africa,Northern Africa,pastoralists,,"186,626,876",https://ehrafworldcultures.yale.edu/sres/b03f529c-2874-46d7-921d-c158a58be38e
f8406fb3-1388-4220-880f-2a16731760cf,"Abu-Lughod, Lila","Veiled sentiments: honor and poetry in a Bedouin
         society",1986,104,Monograph,Libyan Bedouin,Africa,Northern Africa,pastoralists,,"186,626,876",https://ehrafworldcultures.yale.edu/sres/f8406fb3-1388-4220-880f-2a16731760cf
1521adba-a9d0-43d8-a4a5-31420b10602f,"Abu-Lughod, Lila","Veiled sentiments: honor and poetry in a Bedouin
         society",1986,111,Monograph,Libyan Bedouin,Africa,Northern Africa,pastoralists,,"156,554,557,577,626,890",https://ehrafworldcultures.yale.edu/sres/1521adba-a9d0-43d8-a4a5-31420b10602f
570f9406-3e26-4181-b4d4-e8db82dee5dd,"Abu-Lughod, Lila","Veiled sentiments: honor and poetry in a Bedouin
         society",1986,112,Monograph,Libyan Bedouin,Africa,Northern Africa,pastoralists,,"156,554,557,577,626,890",https://ehrafworldcultures.yale.edu/sres/570f9406-3e26-4181-b4d4-e8db82dee5dd
e19efe54-9d44-49e4-be78-0edcea406cc2,"Abu-Lughod, Lila","Veiled sentiments: honor and poetry in a Bedouin
         society",1986,112,Monograph,Libyan Bedouin,Africa,Northern Africa,pastoralists,,"156,291,554,626",https://ehrafworldcultures.yale.edu/sres/e19efe54-9d44-49e4-be78-0edcea406cc2
d9478753-c9e5-4a85-842c-84f4d3c8243d,"Abu-Lughod, Lila","Veiled sentiments: honor and poetry in a Bedouin
         society",1986,227,Monograph,Libyan Bedouin,Africa,Northern Africa,pastoralists,,"191,5310,587,626",https://ehrafworldcultures.yale.edu/sres/d9478753-c9e5-4a85-842c-84f4d3c8243d
4605c874-c4d3-475a-a401-eced2f5710b6,"Abu-Lughod, Lila",Shifting politics in Bedouin love poetry,1990,31,Essay,Libyan Bedouin,Africa,Northern Africa,pastoralists,,"114,184,522,595,626",https://ehrafworldcultures.yale.edu/sres/4605c874-c4d3-475a-a401-eced2f5710b6
c8fa8a44-5323-4e4b-9dde-76d127d9a4aa,"Abu-Lughod, Lila",Writing women's worlds: Bedouin stories,1993,220,Monograph,Libyan Bedouin,Africa,Northern Africa,pastoralists,,"562,626,877",https://ehrafworldcultures.yale.edu/sres/c8fa8a44-5323-4e4b-9dde-76d127d9a4aa
bb58075d-1963-49cc-8ce0-12e7731e9ee7,"Abu-Lughod, Lila",Writing women's worlds: Bedouin stories,1993,221,Monograph,Libyan Bedouin,Africa,Northern Africa,pastoralists,,"291,562,576,609,626,873",https://ehrafworldcultures.yale.edu/sres/bb58075d-1963-49cc-8ce0-12e7731e9ee7
2606aec2-e4ad-48c4-b4f4-d27679e741b5,"Cole, Donald P.",Culture summary: Libyan Bedouin,1999,10,Manuscript,Libyan Bedouin,Africa,Northern Africa,pastoralists,,"577,626,834",https://ehrafworldcultures.yale.edu/sres/2606aec2-e4ad-48c4-b4f4-d27679e741b5
a4e0610f-4d39-4eb8-b0a6-95a254e4e411,"Cole, Donald P.",Culture summary: Libyan Bedouin,1999,10,Manuscript,Libyan Bedouin,Africa,Northern Africa,pastoralists,,"626,834,882",https://ehrafworldcultures.yale.edu/sres/a4e0610f-4d39-4eb8-b0a6-95a254e4e411
d4f1a647-a82a-4236-8a62-0aca5b1f441b,"Obermeyer, Gerald Joseph, 1935-","Structure and authority in a Bedouin tribe: the 'Aishabit of
         the Western Desert of Egypt",1969,87,Monograph,Libyan Bedouin,Africa,Northern Africa,pastoralists,,"578,582,613,619,626,666,675",https://ehrafworldcultures.yale.edu/sres/d4f1a647-a82a-4236-8a62-0aca5b1f441b
a1355072-65e1-4271-9579-12aa97e01ab1,"Obermeyer, Gerald Joseph, 1935-","Structure and authority in a Bedouin tribe: the 'Aishabit of
         the Western Desert of Egypt",1969,88,Monograph,Libyan Bedouin,Africa,Northern Africa,pastoralists,,"578,582,613,619,626,675",https://ehrafworldcultures.yale.edu/sres/a1355072-65e1-4271-9579-12aa97e01ab1
0f6af3cf-c14e-413f-88bb-54deb4e21371,"Obermeyer, Gerald Joseph, 1935-","Structure and authority in a Bedouin tribe: the 'Aishabit of
         the Western Desert of Egypt",1969,101,Monograph,Libyan Bedouin,Africa,Northern Africa,pastoralists,,"177,178,431,583,584,593,626,852,867,872",https://ehrafworldcultures.yale.edu/sres/0f6af3cf-c14e-413f-88bb-54deb4e21371
2d777763-21a9-46ba-ac9e-9fa49d2040b2,"Obermeyer, Gerald Joseph, 1935-","Structure and authority in a Bedouin tribe: the 'Aishabit of
         the Western Desert of Egypt",1969,105,Monograph,Libyan Bedouin,Africa,Northern Africa,pastoralists,,"584,593,613,626",https://ehrafworldcultures.yale.edu/sres/2d777763-21a9-46ba-ac9e-9fa49d2040b2
06880aff-a3c3-4842-bea4-e34cd7ef1b7e,"Obermeyer, Gerald Joseph, 1935-","Structure and authority in a Bedouin tribe: the 'Aishabit of
         the Western Desert of Egypt",1969,141,Monograph,Libyan Bedouin,Africa,Northern Africa,pastoralists,,"121,182,183,571,621,626",https://ehrafworldcultures.yale.edu/sres/06880aff-a3c3-4842-bea4-e34cd7ef1b7e
a056aa2a-e3bb-4387-8f07-3806d80b4fe4,"Obermeyer, Gerald Joseph, 1935-","Structure and authority in a Bedouin tribe: the 'Aishabit of
         the Western Desert of Egypt",1969,142,Monograph,Libyan Bedouin,Africa,Northern Africa,pastoralists,,"121,571,621,626",https://ehrafworldcultures.yale.edu/sres/a056aa2a-e3bb-4387-8f07-3806d80b4fe4
fbca5f77-8631-4f72-ab27-a3cb290ae48b,"Obermeyer, Gerald Joseph, 1935-","Structure and authority in a Bedouin tribe: the 'Aishabit of
         the Western Desert of Egypt",1969,149,Monograph,Libyan Bedouin,Africa,Northern Africa,pastoralists,,"181,554,571,577,578,613,626,784",https://ehrafworldcultures.yale.edu/sres/fbca5f77-8631-4f72-ab27-a3cb290ae48b
9f63ff02-0f4d-453a-8d16-daa44fda6eff,"Obermeyer, Gerald Joseph, 1935-","Structure and authority in a Bedouin tribe: the 'Aishabit of
         the Western Desert of Egypt",1969,213,Monograph,Libyan Bedouin,Africa,Northern Africa,pastoralists,,"182,577,626,671,771,776",https://ehrafworldcultures.yale.edu/sres/9f63ff02-0f4d-453a-8d16-daa44fda6eff
a83050a7-0c74-4e62-8832-6dcac72ef659,"Obermeyer, Gerald Joseph, 1935-","Structure and authority in a Bedouin tribe: the 'Aishabit of
         the Western Desert of Egypt",1969,214,Monograph,Libyan Bedouin,Africa,Northern Africa,pastoralists,,"182,577,626,671,771,776",https://ehrafworldcultures.yale.edu/sres/a83050a7-0c74-4e62-8832-6dcac72ef659
0ea9e8d7-611f-4ce1-886f-1e9be55209cf,"Mohsen, Safia K., 1936-","The quest for order among Awlad Ali of the Western Desert of
         Egypt",1971,136,Monograph,Libyan Bedouin,Africa,Northern Africa,pastoralists,,"183,562,581,585,586,593,626,779",https://ehrafworldcultures.yale.edu/sres/0ea9e8d7-611f-4ce1-886f-1e9be55209cf
d6314e21-a07c-4de1-b127-df9b67fb9284,"Mohsen, Safia K., 1936-","The quest for order among Awlad Ali of the Western Desert of
         Egypt",1971,141,Monograph,Libyan Bedouin,Africa,Northern Africa,pastoralists,,"554,562,574,586,626,792",https://ehrafworldcultures.yale.edu/sres/d6314e21-a07c-4de1-b127-df9b67fb9284
e8a6b498-a4d4-4bff-b99f-06c833591515,"Mohsen, Safia K., 1936-","The quest for order among Awlad Ali of the Western Desert of
         Egypt",1971,142,Monograph,Libyan Bedouin,Africa,Northern Africa,pastoralists,,"429,562,574,583,586,587,626",https://ehrafworldcultures.yale.edu/sres/e8a6b498-a4d4-4bff-b99f-06c833591515
7a2fbc63-4f30-4dad-9985-dd88cbf83a53,"Mohsen, Safia K., 1936-","The quest for order among Awlad Ali of the Western Desert of
         Egypt",1971,7,Monograph,Libyan Bedouin,Africa,Northern Africa,pastoralists,,"114,121,625,626,671,692",https://ehrafworldcultures.yale.edu/sres/7a2fbc63-4f30-4dad-9985-dd88cbf83a53
3a21d1f0-cffb-42f9-af6f-10407b10d765,"Mohsen, Safia K., 1936-","The quest for order among Awlad Ali of the Western Desert of
         Egypt",1971,8,Monograph,Libyan Bedouin,Africa,Northern Africa,pastoralists,,"114,121,171,626,671,692",https://ehrafworldcultures.yale.edu/sres/3a21d1f0-cffb-42f9-af6f-10407b10d765
e6625bcf-4b45-48a9-b471-733137fe25cd,"Behnke, Roy H., 1947-","The herders of Cyrenaica: ecology, economy and kinship among
         the Bedouin of Eastern Libya",1980,118,Monograph,Libyan Bedouin,Africa,Northern Africa,pastoralists,,"423,613,627",https://ehrafworldcultures.yale.edu/sres/e6625bcf-4b45-48a9-b471-733137fe25cd
6236a7a3-5dd5-44f7-b932-ccdfeb02dac1,"Behnke, Roy H., 1947-","The herders of Cyrenaica: ecology, economy and kinship among
         the Bedouin of Eastern Libya",1980,118,Monograph,Libyan Bedouin,Africa,Northern Africa,pastoralists,,"423,613,627",https://ehrafworldcultures.yale.edu/sres/6236a7a3-5dd5-44f7-b932-ccdfeb02dac1
63e79160-2e06-49ca-8ae6-02906cc8dd6b,"Behnke, Roy H., 1947-","The herders of Cyrenaica: ecology, economy and kinship among
         the Bedouin of Eastern Libya",1980,124,Monograph,Libyan Bedouin,Africa,Northern Africa,pastoralists,,"423,425,627",https://ehrafworldcultures.yale.edu/sres/63e79160-2e06-49ca-8ae6-02906cc8dd6b
6c8f8228-f968-4aa2-ac9d-8b6979a085cc,"Behnke, Roy H., 1947-","The herders of Cyrenaica: ecology, economy and kinship among
         the Bedouin of Eastern Libya",1980,170,Monograph,Libyan Bedouin,Africa,Northern Africa,pastoralists,,"423,627,656",https://ehrafworldcultures.yale.edu/sres/6c8f8228-f968-4aa2-ac9d-8b6979a085cc
73c5026a-3e24-48a8-aa3d-2a37e3899a19,"Davis, J. (John), 1938-","Libyan politics: tribe and revolution : an account of the
         Zuwaya and their government",1988,191,Monograph,Libyan Bedouin,Africa,Northern Africa,pastoralists,,"613,619,627",https://ehrafworldcultures.yale.edu/sres/73c5026a-3e24-48a8-aa3d-2a37e3899a19
bc3bb4c8-f8f9-483c-8ea4-81c623b34938,"Davis, J. (John), 1938-","Libyan politics: tribe and revolution : an account of the
         Zuwaya and their government",1988,197,Monograph,Libyan Bedouin,Africa,Northern Africa,pastoralists,,"121,173,613,619,627,628,728",https://ehrafworldcultures.yale.edu/sres/bc3bb4c8-f8f9-483c-8ea4-81c623b34938
8ca6aace-212c-4654-8337-6317c5552206,"Davis, J. (John), 1938-","Libyan politics: tribe and revolution : an account of the
         Zuwaya and their government",1988,203,Monograph,Libyan Bedouin,Africa,Northern Africa,pastoralists,,"554,613,627",https://ehrafworldcultures.yale.edu/sres/8ca6aace-212c-4654-8337-6317c5552206
e501c951-02c4-43f7-8935-2c2ecd953b70,"Davis, J. (John), 1938-","Libyan politics: tribe and revolution : an account of the
         Zuwaya and their government",1988,222,Monograph,Libyan Bedouin,Africa,Northern Africa,pastoralists,,627,https://ehrafworldcultures.yale.edu/sres/e501c951-02c4-43f7-8935-2c2ecd953b70
f715bc2e-5c52-4dc9-a5d5-3138aa8e8b91,"Davis, J. (John), 1938-","Libyan politics: tribe and revolution : an account of the
         Zuwaya and their government",1988,223,Monograph,Libyan Bedouin,Africa,Northern Africa,pastoralists,,627,https://ehrafworldcultures.yale.edu/sres/f715bc2e-5c52-4dc9-a5d5-3138aa8e8b91
10ebbde9-aea2-40e8-b670-7751d2507883,"Davis, J. (John), 1938-","Libyan politics: tribe and revolution : an account of the
         Zuwaya and their government",1988,224,Monograph,Libyan Bedouin,Africa,Northern Africa,pastoralists,,"613,627",https://ehrafworldcultures.yale.edu/sres/10ebbde9-aea2-40e8-b670-7751d2507883
3078919d-1619-468c-bbce-d7d9343b9f04,"Davis, J. (John), 1938-","Libyan politics: tribe and revolution : an account of the
         Zuwaya and their government",1988,227,Monograph,Libyan Bedouin,Africa,Northern Africa,pastoralists,,"613,619,627",https://ehrafworldcultures.yale.edu/sres/3078919d-1619-468c-bbce-d7d9343b9f04
cd3d6461-ec40-438b-b85b-9c64d9d00caf,"Davis, J. (John), 1938-","Libyan politics: tribe and revolution : an account of the
         Zuwaya and their government",1988,227,Monograph,Libyan Bedouin,Africa,Northern Africa,pastoralists,,627,https://ehrafworldcultures.yale.edu/sres/cd3d6461-ec40-438b-b85b-9c64d9d00caf
4ac959c7-f6e9-4f2a-9a5b-7d5527eb7a1e,"Davis, J. (John), 1938-","Libyan politics: tribe and revolution : an account of the
         Zuwaya and their government",1988,239,Monograph,Libyan Bedouin,Africa,Northern Africa,pastoralists,,"177,613,625,627",https://ehrafworldcultures.yale.edu/sres/4ac959c7-f6e9-4f2a-9a5b-7d5527eb7a1e
d7276961-f2e9-4313-a519-f526d5e6f118,"Davis, J. (John), 1938-","Libyan politics: tribe and revolution : an account of the
         Zuwaya and their government",1988,240,Monograph,Libyan Bedouin,Africa,Northern Africa,pastoralists,,"627,664",https://ehrafworldcultures.yale.edu/sres/d7276961-f2e9-4313-a519-f526d5e6f118
ceeaa64d-cce4-4d08-b3ae-12edbb770e76,"Abu-Lughod, Lila","Veiled sentiments: honor and poetry in a Bedouin
         society",1986,29,Monograph,Libyan Bedouin,Africa,Northern Africa,pastoralists,,"114,171,5310,627",https://ehrafworldcultures.yale.edu/sres/ceeaa64d-cce4-4d08-b3ae-12edbb770e76
6c6947dc-772c-4019-95c8-b4f1b2381910,"Abu-Lughod, Lila","Veiled sentiments: honor and poetry in a Bedouin
         society",1986,53,Monograph,Libyan Bedouin,Africa,Northern Africa,pastoralists,,"593,602,614,627",https://ehrafworldcultures.yale.edu/sres/6c6947dc-772c-4019-95c8-b4f1b2381910
5e6fecf5-b509-4957-942f-ce9078b75423,"Abu-Lughod, Lila","Veiled sentiments: honor and poetry in a Bedouin
         society",1986,91,Monograph,Libyan Bedouin,Africa,Northern Africa,pastoralists,,"152,577,627",https://ehrafworldcultures.yale.edu/sres/5e6fecf5-b509-4957-942f-ce9078b75423
d79ff85c-cbde-41b4-8de9-72ea8377ce38,"Abu-Lughod, Lila","Veiled sentiments: honor and poetry in a Bedouin
         society",1986,199,Monograph,Libyan Bedouin,Africa,Northern Africa,pastoralists,,"578,613,627",https://ehrafworldcultures.yale.edu/sres/d79ff85c-cbde-41b4-8de9-72ea8377ce38
768308bc-259a-41e2-9219-7d8f13e3a0a2,"Abu-Lughod, Lila","Veiled sentiments: honor and poetry in a Bedouin
         society",1986,211,Monograph,Libyan Bedouin,Africa,Northern Africa,pastoralists,,"584,605,627,883",https://ehrafworldcultures.yale.edu/sres/768308bc-259a-41e2-9219-7d8f13e3a0a2
e4376c7e-e2a7-4550-8d56-27f891ba7399,"Davis, J. (John), 1938-","Libyan politics: tribe and revolution : an account of the
         Zuwaya and their government",1988,190,Monograph,Libyan Bedouin,Africa,Northern Africa,pastoralists,,"613,619,627",https://ehrafworldcultures.yale.edu/sres/e4376c7e-e2a7-4550-8d56-27f891ba7399
82716966-358d-48b2-95cb-f1c084be13d0,"Davis, J. (John), 1938-","Libyan politics: tribe and revolution : an account of the
         Zuwaya and their government",1988,190,Monograph,Libyan Bedouin,Africa,Northern Africa,pastoralists,,"613,619,627",https://ehrafworldcultures.yale.edu/sres/82716966-358d-48b2-95cb-f1c084be13d0
c450d769-d488-40af-96cd-5ebca7a77563,"Abu-Lughod, Lila",Writing women's worlds: Bedouin stories,1993,124,Monograph,Libyan Bedouin,Africa,Northern Africa,pastoralists,,"585,593,595,627,758",https://ehrafworldcultures.yale.edu/sres/c450d769-d488-40af-96cd-5ebca7a77563
f8388919-3eeb-4f6f-9a10-0cd1cf54def9,"Obermeyer, Gerald Joseph, 1935-","Structure and authority in a Bedouin tribe: the 'Aishabit of
         the Western Desert of Egypt",1969,163,Monograph,Libyan Bedouin,Africa,Northern Africa,pastoralists,,"554,577,613,627,691,692",https://ehrafworldcultures.yale.edu/sres/f8388919-3eeb-4f6f-9a10-0cd1cf54def9
cbf4f1b8-5a00-4406-86a4-d91a54067ba3,"Obermeyer, Gerald Joseph, 1935-","Structure and authority in a Bedouin tribe: the 'Aishabit of
         the Western Desert of Egypt",1969,164,Monograph,Libyan Bedouin,Africa,Northern Africa,pastoralists,,"124,554,613,627,691,692",https://ehrafworldcultures.yale.edu/sres/cbf4f1b8-5a00-4406-86a4-d91a54067ba3
c1253510-5123-4c0d-97e6-5a837468470c,"Obermeyer, Gerald Joseph, 1935-","Structure and authority in a Bedouin tribe: the 'Aishabit of
         the Western Desert of Egypt",1969,164,Monograph,Libyan Bedouin,Africa,Northern Africa,pastoralists,,"554,613,627,691,692",https://ehrafworldcultures.yale.edu/sres/c1253510-5123-4c0d-97e6-5a837468470c
52af41a2-6db9-4e94-8d3d-f63609ebe69e,"Obermeyer, Gerald Joseph, 1935-","Structure and authority in a Bedouin tribe: the 'Aishabit of
         the Western Desert of Egypt",1969,249,Monograph,Libyan Bedouin,Africa,Northern Africa,pastoralists,,"554,571,613,627,778",https://ehrafworldcultures.yale.edu/sres/52af41a2-6db9-4e94-8d3d-f63609ebe69e
8c444d25-a700-4e63-8a1a-aaf5788d1416,"Obermeyer, Gerald Joseph, 1935-","Structure and authority in a Bedouin tribe: the 'Aishabit of
         the Western Desert of Egypt",1969,250,Monograph,Libyan Bedouin,Africa,Northern Africa,pastoralists,,"554,571,613,627,792",https://ehrafworldcultures.yale.edu/sres/8c444d25-a700-4e63-8a1a-aaf5788d1416
985f7123-19fb-4911-86ec-baccdc9e4549,"Obermeyer, Gerald Joseph, 1935-","Structure and authority in a Bedouin tribe: the 'Aishabit of
         the Western Desert of Egypt",1969,250,Monograph,Libyan Bedouin,Africa,Northern Africa,pastoralists,,"182,554,571,613,627",https://ehrafworldcultures.yale.edu/sres/985f7123-19fb-4911-86ec-baccdc9e4549
85f6207a-208e-4045-bfb6-c566ae1f86f0,"Obermeyer, Gerald Joseph, 1935-","Structure and authority in a Bedouin tribe: the 'Aishabit of
         the Western Desert of Egypt",1969,251,Monograph,Libyan Bedouin,Africa,Northern Africa,pastoralists,,"554,571,613,627,792",https://ehrafworldcultures.yale.edu/sres/85f6207a-208e-4045-bfb6-c566ae1f86f0
bc070235-ad6d-43c7-b181-f5ed4aa25d1d,"Obermeyer, Gerald Joseph, 1935-","Structure and authority in a Bedouin tribe: the 'Aishabit of
         the Western Desert of Egypt",1969,252,Monograph,Libyan Bedouin,Africa,Northern Africa,pastoralists,,"182,554,571,613,627",https://ehrafworldcultures.yale.edu/sres/bc070235-ad6d-43c7-b181-f5ed4aa25d1d
030d0622-a1ac-4c90-bdfd-092102f45aac,"Obermeyer, Gerald Joseph, 1935-","Structure and authority in a Bedouin tribe: the 'Aishabit of
         the Western Desert of Egypt",1969,252,Monograph,Libyan Bedouin,Africa,Northern Africa,pastoralists,,"128,182,554,571,613,627",https://ehrafworldcultures.yale.edu/sres/030d0622-a1ac-4c90-bdfd-092102f45aac
94f13328-bca9-407c-8b76-c85f4cbaae83,"Obermeyer, Gerald Joseph, 1935-","Structure and authority in a Bedouin tribe: the 'Aishabit of
         the Western Desert of Egypt",1969,253,Monograph,Libyan Bedouin,Africa,Northern Africa,pastoralists,,"554,571,613,627",https://ehrafworldcultures.yale.edu/sres/94f13328-bca9-407c-8b76-c85f4cbaae83
93a69e25-6115-4aab-aff4-bdb8daf003fb,"Obermeyer, Gerald Joseph, 1935-","Structure and authority in a Bedouin tribe: the 'Aishabit of
         the Western Desert of Egypt",1969,254,Monograph,Libyan Bedouin,Africa,Northern Africa,pastoralists,,"554,571,627",https://ehrafworldcultures.yale.edu/sres/93a69e25-6115-4aab-aff4-bdb8daf003fb
520e5aa1-aa74-4ef1-a7dc-107225654224,"Obermeyer, Gerald Joseph, 1935-","Structure and authority in a Bedouin tribe: the 'Aishabit of
         the Western Desert of Egypt",1969,255,Monograph,Libyan Bedouin,Africa,Northern Africa,pastoralists,,"171,554,571,627",https://ehrafworldcultures.yale.edu/sres/520e5aa1-aa74-4ef1-a7dc-107225654224
498332e4-b238-463d-bc7e-76043586531d,"Obermeyer, Gerald Joseph, 1935-","Structure and authority in a Bedouin tribe: the 'Aishabit of
         the Western Desert of Egypt",1969,255,Monograph,Libyan Bedouin,Africa,Northern Africa,pastoralists,,"554,571,627",https://ehrafworldcultures.yale.edu/sres/498332e4-b238-463d-bc7e-76043586531d
ccbfea37-2a8c-4364-8eb6-4444bed92586,"Obermeyer, Gerald Joseph, 1935-","Structure and authority in a Bedouin tribe: the 'Aishabit of
         the Western Desert of Egypt",1969,256,Monograph,Libyan Bedouin,Africa,Northern Africa,pastoralists,,"177,554,571,613,627",https://ehrafworldcultures.yale.edu/sres/ccbfea37-2a8c-4364-8eb6-4444bed92586
2eab7a04-04bb-41a0-953a-58e085015a99,"Obermeyer, Gerald Joseph, 1935-","Structure and authority in a Bedouin tribe: the 'Aishabit of
         the Western Desert of Egypt",1969,257,Monograph,Libyan Bedouin,Africa,Northern Africa,pastoralists,,"177,554,571,613,627",https://ehrafworldcultures.yale.edu/sres/2eab7a04-04bb-41a0-953a-58e085015a99
2d5ce318-1e7c-4cbf-870a-d3a419023ed4,"Obermeyer, Gerald Joseph, 1935-","Structure and authority in a Bedouin tribe: the 'Aishabit of
         the Western Desert of Egypt",1969,258,Monograph,Libyan Bedouin,Africa,Northern Africa,pastoralists,,"554,571,627",https://ehrafworldcultures.yale.edu/sres/2d5ce318-1e7c-4cbf-870a-d3a419023ed4
f400fe56-d3d1-4ce7-baec-9a9e9427b2eb,"Obermeyer, Gerald Joseph, 1935-","Structure and authority in a Bedouin tribe: the 'Aishabit of
         the Western Desert of Egypt",1969,258,Monograph,Libyan Bedouin,Africa,Northern Africa,pastoralists,,"554,571,613,627",https://ehrafworldcultures.yale.edu/sres/f400fe56-d3d1-4ce7-baec-9a9e9427b2eb
d26622dd-ce6d-42a1-85e4-2c38347a1c05,"Obermeyer, Gerald Joseph, 1935-","Structure and authority in a Bedouin tribe: the 'Aishabit of
         the Western Desert of Egypt",1969,259,Monograph,Libyan Bedouin,Africa,Northern Africa,pastoralists,,"554,571,613,627",https://ehrafworldcultures.yale.edu/sres/d26622dd-ce6d-42a1-85e4-2c38347a1c05
4b36f876-1ced-4694-8c33-2b2785d8e7ea,"Obermeyer, Gerald Joseph, 1935-","Structure and authority in a Bedouin tribe: the 'Aishabit of
         the Western Desert of Egypt",1969,259,Monograph,Libyan Bedouin,Africa,Northern Africa,pastoralists,,"554,571,627",https://ehrafworldcultures.yale.edu/sres/4b36f876-1ced-4694-8c33-2b2785d8e7ea
7d8fd6c2-9fe5-4319-a5e9-92c6a879705b,"Obermeyer, Gerald Joseph, 1935-","Structure and authority in a Bedouin tribe: the 'Aishabit of
         the Western Desert of Egypt",1969,260,Monograph,Libyan Bedouin,Africa,Northern Africa,pastoralists,,"554,571,577,613,627,691,829",https://ehrafworldcultures.yale.edu/sres/7d8fd6c2-9fe5-4319-a5e9-92c6a879705b
8e3c4685-c151-45a7-aa95-303e72d22f77,"Obermeyer, Gerald Joseph, 1935-","Structure and authority in a Bedouin tribe: the 'Aishabit of
         the Western Desert of Egypt",1969,261,Monograph,Libyan Bedouin,Africa,Northern Africa,pastoralists,,"539,554,571,627,829",https://ehrafworldcultures.yale.edu/sres/8e3c4685-c151-45a7-aa95-303e72d22f77
7aa0cbb6-406d-4e9a-8e70-3209c9d8a7c6,"Obermeyer, Gerald Joseph, 1935-","Structure and authority in a Bedouin tribe: the 'Aishabit of
         the Western Desert of Egypt",1969,261,Monograph,Libyan Bedouin,Africa,Northern Africa,pastoralists,,"124,539,554,571,577,627",https://ehrafworldcultures.yale.edu/sres/7aa0cbb6-406d-4e9a-8e70-3209c9d8a7c6
f844ca94-13bc-4bb7-861f-c4ce57377186,"Obermeyer, Gerald Joseph, 1935-","Structure and authority in a Bedouin tribe: the 'Aishabit of
         the Western Desert of Egypt",1969,261,Monograph,Libyan Bedouin,Africa,Northern Africa,pastoralists,,"124,554,571,577,627",https://ehrafworldcultures.yale.edu/sres/f844ca94-13bc-4bb7-861f-c4ce57377186
3bf153dd-bddb-48af-a15b-3374733ae122,"Obermeyer, Gerald Joseph, 1935-","Structure and authority in a Bedouin tribe: the 'Aishabit of
         the Western Desert of Egypt",1969,262,Monograph,Libyan Bedouin,Africa,Northern Africa,pastoralists,,"539,554,571,613,627",https://ehrafworldcultures.yale.edu/sres/3bf153dd-bddb-48af-a15b-3374733ae122
c048aaad-c28b-4db4-a027-a2f726df0333,"Obermeyer, Gerald Joseph, 1935-","Structure and authority in a Bedouin tribe: the 'Aishabit of
         the Western Desert of Egypt",1969,262,Monograph,Libyan Bedouin,Africa,Northern Africa,pastoralists,,"554,571,613,627",https://ehrafworldcultures.yale.edu/sres/c048aaad-c28b-4db4-a027-a2f726df0333
eb07fc96-3c59-409d-ba51-50abf1ed5f53,"Obermeyer, Gerald Joseph, 1935-","Structure and authority in a Bedouin tribe: the 'Aishabit of
         the Western Desert of Egypt",1969,262,Monograph,Libyan Bedouin,Africa,Northern Africa,pastoralists,,"554,571,613,627,829",https://ehrafworldcultures.yale.edu/sres/eb07fc96-3c59-409d-ba51-50abf1ed5f53
647cabb9-deb9-453b-a772-84e1dfc99b25,"Obermeyer, Gerald Joseph, 1935-","Structure and authority in a Bedouin tribe: the 'Aishabit of
         the Western Desert of Egypt",1969,262,Monograph,Libyan Bedouin,Africa,Northern Africa,pastoralists,,"539,554,571,613,627,829",https://ehrafworldcultures.yale.edu/sres/647cabb9-deb9-453b-a772-84e1dfc99b25
af9cae8a-662e-4b36-9880-1fd7e98cd777,"Obermeyer, Gerald Joseph, 1935-","Structure and authority in a Bedouin tribe: the 'Aishabit of
         the Western Desert of Egypt",1969,262,Monograph,Libyan Bedouin,Africa,Northern Africa,pastoralists,,"181,182,554,556,571,627",https://ehrafworldcultures.yale.edu/sres/af9cae8a-662e-4b36-9880-1fd7e98cd777
f84a419b-8f96-48d1-b124-6d11fb8ba887,"Obermeyer, Gerald Joseph, 1935-","Structure and authority in a Bedouin tribe: the 'Aishabit of
         the Western Desert of Egypt",1969,264,Monograph,Libyan Bedouin,Africa,Northern Africa,pastoralists,,"554,578,613,627,779,784",https://ehrafworldcultures.yale.edu/sres/f84a419b-8f96-48d1-b124-6d11fb8ba887
8081a6d0-3d1b-4c31-97ff-04fa258350bf,"Obermeyer, Gerald Joseph, 1935-","Structure and authority in a Bedouin tribe: the 'Aishabit of
         the Western Desert of Egypt",1969,264,Monograph,Libyan Bedouin,Africa,Northern Africa,pastoralists,,"182,554,578,613,627,628",https://ehrafworldcultures.yale.edu/sres/8081a6d0-3d1b-4c31-97ff-04fa258350bf
3ddc19af-862e-482b-b5d4-0f8fc1082a8f,"Obermeyer, Gerald Joseph, 1935-","Structure and authority in a Bedouin tribe: the 'Aishabit of
         the Western Desert of Egypt",1969,265,Monograph,Libyan Bedouin,Africa,Northern Africa,pastoralists,,"184,554,619,627,771,778,792",https://ehrafworldcultures.yale.edu/sres/3ddc19af-862e-482b-b5d4-0f8fc1082a8f
522b34fe-3879-47c0-90e2-d901cf2e5d20,"Obermeyer, Gerald Joseph, 1935-","Structure and authority in a Bedouin tribe: the 'Aishabit of
         the Western Desert of Egypt",1969,268,Monograph,Libyan Bedouin,Africa,Northern Africa,pastoralists,,"554,613,627,691,695,792,829",https://ehrafworldcultures.yale.edu/sres/522b34fe-3879-47c0-90e2-d901cf2e5d20
e2c51b93-a711-423b-bdc4-5009aad424b2,"Obermeyer, Gerald Joseph, 1935-","Structure and authority in a Bedouin tribe: the 'Aishabit of
         the Western Desert of Egypt",1969,268,Monograph,Libyan Bedouin,Africa,Northern Africa,pastoralists,,"554,627,792",https://ehrafworldcultures.yale.edu/sres/e2c51b93-a711-423b-bdc4-5009aad424b2
81115e3b-4bd5-443a-975a-d4c05eac75d3,"Obermeyer, Gerald Joseph, 1935-","Structure and authority in a Bedouin tribe: the 'Aishabit of
         the Western Desert of Egypt",1969,269,Monograph,Libyan Bedouin,Africa,Northern Africa,pastoralists,,"124,554,627,792",https://ehrafworldcultures.yale.edu/sres/81115e3b-4bd5-443a-975a-d4c05eac75d3
c12a04e6-998a-4f00-88d6-4ba7c3e23b35,"Obermeyer, Gerald Joseph, 1935-","Structure and authority in a Bedouin tribe: the 'Aishabit of
         the Western Desert of Egypt",1969,269,Monograph,Libyan Bedouin,Africa,Northern Africa,pastoralists,,"554,571,613,627,792",https://ehrafworldcultures.yale.edu/sres/c12a04e6-998a-4f00-88d6-4ba7c3e23b35
07256e84-4b3d-450d-9b2d-e44234e2f72e,"Obermeyer, Gerald Joseph, 1935-","Structure and authority in a Bedouin tribe: the 'Aishabit of
         the Western Desert of Egypt",1969,269,Monograph,Libyan Bedouin,Africa,Northern Africa,pastoralists,,"114,554,627,792",https://ehrafworldcultures.yale.edu/sres/07256e84-4b3d-450d-9b2d-e44234e2f72e
87510e6c-52f1-452a-98f1-af0a4b734ab0,"Obermeyer, Gerald Joseph, 1935-","Structure and authority in a Bedouin tribe: the 'Aishabit of
         the Western Desert of Egypt",1969,270,Monograph,Libyan Bedouin,Africa,Northern Africa,pastoralists,,"554,627,779,792",https://ehrafworldcultures.yale.edu/sres/87510e6c-52f1-452a-98f1-af0a4b734ab0
05f5e5b6-a613-4b20-b730-93e52ac125b6,"Obermeyer, Gerald Joseph, 1935-","Structure and authority in a Bedouin tribe: the 'Aishabit of
         the Western Desert of Egypt",1969,270,Monograph,Libyan Bedouin,Africa,Northern Africa,pastoralists,,"554,613,627,784,792",https://ehrafworldcultures.yale.edu/sres/05f5e5b6-a613-4b20-b730-93e52ac125b6
53b0564d-41f3-42b1-a9ae-3d95d69cede9,"Obermeyer, Gerald Joseph, 1935-","Structure and authority in a Bedouin tribe: the 'Aishabit of
         the Western Desert of Egypt",1969,270,Monograph,Libyan Bedouin,Africa,Northern Africa,pastoralists,,"554,577,627,671,779,784,792",https://ehrafworldcultures.yale.edu/sres/53b0564d-41f3-42b1-a9ae-3d95d69cede9
dd8b9f66-3e8e-42cd-bf6f-14458aba7477,"Obermeyer, Gerald Joseph, 1935-","Structure and authority in a Bedouin tribe: the 'Aishabit of
         the Western Desert of Egypt",1969,271,Monograph,Libyan Bedouin,Africa,Northern Africa,pastoralists,,"554,577,627,792",https://ehrafworldcultures.yale.edu/sres/dd8b9f66-3e8e-42cd-bf6f-14458aba7477
6482a55e-6236-4ee2-86c6-1cc1e1ca8373,"Obermeyer, Gerald Joseph, 1935-","Structure and authority in a Bedouin tribe: the 'Aishabit of
         the Western Desert of Egypt",1969,271,Monograph,Libyan Bedouin,Africa,Northern Africa,pastoralists,,"114,554,627,792",https://ehrafworldcultures.yale.edu/sres/6482a55e-6236-4ee2-86c6-1cc1e1ca8373
b4b95826-6581-4b83-9e44-155243ad3c4c,"Obermeyer, Gerald Joseph, 1935-","Structure and authority in a Bedouin tribe: the 'Aishabit of
         the Western Desert of Egypt",1969,271,Monograph,Libyan Bedouin,Africa,Northern Africa,pastoralists,,"554,613,627,779,792",https://ehrafworldcultures.yale.edu/sres/b4b95826-6581-4b83-9e44-155243ad3c4c
fede5717-5230-46b8-bf42-ce7c4dbd3308,"Obermeyer, Gerald Joseph, 1935-","Structure and authority in a Bedouin tribe: the 'Aishabit of
         the Western Desert of Egypt",1969,272,Monograph,Libyan Bedouin,Africa,Northern Africa,pastoralists,,"121,184,554,613,627,792",https://ehrafworldcultures.yale.edu/sres/fede5717-5230-46b8-bf42-ce7c4dbd3308
4dcbe641-0f3d-4f76-b968-5facf215c790,"Obermeyer, Gerald Joseph, 1935-","Structure and authority in a Bedouin tribe: the 'Aishabit of
         the Western Desert of Egypt",1969,273,Monograph,Libyan Bedouin,Africa,Northern Africa,pastoralists,,"121,184,554,613,627,792",https://ehrafworldcultures.yale.edu/sres/4dcbe641-0f3d-4f76-b968-5facf215c790
26404586-7113-4999-af2a-bbda7d282264,"Obermeyer, Gerald Joseph, 1935-","Structure and authority in a Bedouin tribe: the 'Aishabit of
         the Western Desert of Egypt",1969,278,Monograph,Libyan Bedouin,Africa,Northern Africa,pastoralists,,"178,428,571,613,627,634,666",https://ehrafworldcultures.yale.edu/sres/26404586-7113-4999-af2a-bbda7d282264
d337ec29-fc3a-406a-8544-5277f5692573,"Obermeyer, Gerald Joseph, 1935-","Structure and authority in a Bedouin tribe: the 'Aishabit of
         the Western Desert of Egypt",1969,284,Monograph,Libyan Bedouin,Africa,Northern Africa,pastoralists,,"178,554,627,648",https://ehrafworldcultures.yale.edu/sres/d337ec29-fc3a-406a-8544-5277f5692573
eda75c57-4ed8-4c39-b461-e26542305a80,"Obermeyer, Gerald Joseph, 1935-","Structure and authority in a Bedouin tribe: the 'Aishabit of
         the Western Desert of Egypt",1969,284,Monograph,Libyan Bedouin,Africa,Northern Africa,pastoralists,,"178,554,627",https://ehrafworldcultures.yale.edu/sres/eda75c57-4ed8-4c39-b461-e26542305a80
7ffe21bd-7473-4eaf-b5f8-1b39f0dc5ac5,"Obermeyer, Gerald Joseph, 1935-","Structure and authority in a Bedouin tribe: the 'Aishabit of
         the Western Desert of Egypt",1969,285,Monograph,Libyan Bedouin,Africa,Northern Africa,pastoralists,,"178,554,613,627,634",https://ehrafworldcultures.yale.edu/sres/7ffe21bd-7473-4eaf-b5f8-1b39f0dc5ac5
2de89484-bcbd-435e-8306-83bbf8025b27,"Obermeyer, Gerald Joseph, 1935-","Structure and authority in a Bedouin tribe: the 'Aishabit of
         the Western Desert of Egypt",1969,287,Monograph,Libyan Bedouin,Africa,Northern Africa,pastoralists,,"121,554,557,627",https://ehrafworldcultures.yale.edu/sres/2de89484-bcbd-435e-8306-83bbf8025b27
710d4764-e233-4cf6-8221-aa4421374632,"Obermeyer, Gerald Joseph, 1935-","Structure and authority in a Bedouin tribe: the 'Aishabit of
         the Western Desert of Egypt",1969,291,Monograph,Libyan Bedouin,Africa,Northern Africa,pastoralists,,"121,177,554,571,627",https://ehrafworldcultures.yale.edu/sres/710d4764-e233-4cf6-8221-aa4421374632
50d66044-5786-4690-998f-b5d03c9b2c0d,"Obermeyer, Gerald Joseph, 1935-","Structure and authority in a Bedouin tribe: the 'Aishabit of
         the Western Desert of Egypt",1969,294,Monograph,Libyan Bedouin,Africa,Northern Africa,pastoralists,,"121,178,554,571,613,627,634",https://ehrafworldcultures.yale.edu/sres/50d66044-5786-4690-998f-b5d03c9b2c0d
9f7cfab0-2461-4805-a3e4-b4c50b67bdb2,"Obermeyer, Gerald Joseph, 1935-","Structure and authority in a Bedouin tribe: the 'Aishabit of
         the Western Desert of Egypt",1969,300,Monograph,Libyan Bedouin,Africa,Northern Africa,pastoralists,,"124,156,159,245,312,316,342,427,439,472,554,595,627",https://ehrafworldcultures.yale.edu/sres/9f7cfab0-2461-4805-a3e4-b4c50b67bdb2
aeb4f88f-cfeb-4052-9111-5a69f5222587,"Obermeyer, Gerald Joseph, 1935-","Structure and authority in a Bedouin tribe: the 'Aishabit of
         the Western Desert of Egypt",1969,301,Monograph,Libyan Bedouin,Africa,Northern Africa,pastoralists,,"114,156,159,554,627,675",https://ehrafworldcultures.yale.edu/sres/aeb4f88f-cfeb-4052-9111-5a69f5222587
fcfb19da-8c88-4f77-a08d-9696aacd0e77,"Peters, Emrys L. -1987","The Bedouin of Cyrenaica: studies in personal and corporate
         power",1990,46,Monograph,Libyan Bedouin,Africa,Northern Africa,pastoralists,,"425,554,565,619,627",https://ehrafworldcultures.yale.edu/sres/fcfb19da-8c88-4f77-a08d-9696aacd0e77
d8ad3347-8594-4cfe-8eb2-816cb72e177d,"Peters, Emrys L. -1987","The Bedouin of Cyrenaica: studies in personal and corporate
         power",1990,52,Monograph,Libyan Bedouin,Africa,Northern Africa,pastoralists,,"231,422,431,565,585,627,764",https://ehrafworldcultures.yale.edu/sres/d8ad3347-8594-4cfe-8eb2-816cb72e177d
f5d7cc40-7a40-4162-9642-8f948c7d043f,"Peters, Emrys L. -1987","The Bedouin of Cyrenaica: studies in personal and corporate
         power",1990,104,Monograph,Libyan Bedouin,Africa,Northern Africa,pastoralists,,"361,423,578,582,602,613,627",https://ehrafworldcultures.yale.edu/sres/f5d7cc40-7a40-4162-9642-8f948c7d043f
031ecd85-8ad1-4b8a-8020-397a9ca59492,"Peters, Emrys L. -1987","The Bedouin of Cyrenaica: studies in personal and corporate
         power",1990,107,Monograph,Libyan Bedouin,Africa,Northern Africa,pastoralists,,"613,627",https://ehrafworldcultures.yale.edu/sres/031ecd85-8ad1-4b8a-8020-397a9ca59492
e1ee5089-6cb6-4ffc-8915-70f49d3265d4,"Peters, Emrys L. -1987","The Bedouin of Cyrenaica: studies in personal and corporate
         power",1990,121,Monograph,Libyan Bedouin,Africa,Northern Africa,pastoralists,,"231,423,431,484,492,554,574,627",https://ehrafworldcultures.yale.edu/sres/e1ee5089-6cb6-4ffc-8915-70f49d3265d4
36507ac2-7b84-42bf-b80a-04a6dc996ab6,"Peters, Emrys L. -1987","The Bedouin of Cyrenaica: studies in personal and corporate
         power",1990,[150--g],Monograph,Libyan Bedouin,Africa,Northern Africa,pastoralists,,"137,627,695",https://ehrafworldcultures.yale.edu/sres/36507ac2-7b84-42bf-b80a-04a6dc996ab6
ccdbf3f4-0474-4475-a554-5791e72824cd,"Peters, Emrys L. -1987","The Bedouin of Cyrenaica: studies in personal and corporate
         power",1990,164,Monograph,Libyan Bedouin,Africa,Northern Africa,pastoralists,,"167,231,431,554,574,585,627,768",https://ehrafworldcultures.yale.edu/sres/ccdbf3f4-0474-4475-a554-5791e72824cd
20d48b28-60da-417e-9fbf-42882581b0d6,"Peters, Emrys L. -1987","The Bedouin of Cyrenaica: studies in personal and corporate
         power",1990,190,Monograph,Libyan Bedouin,Africa,Northern Africa,pastoralists,,"264,574,591,593,627",https://ehrafworldcultures.yale.edu/sres/20d48b28-60da-417e-9fbf-42882581b0d6
272cbe81-114c-47d3-b0a8-6d2c734e6c30,"Peters, Emrys L. -1987","The Bedouin of Cyrenaica: studies in personal and corporate
         power",1990,257,Monograph,Libyan Bedouin,Africa,Northern Africa,pastoralists,,"422,423,562,583,602,604,627",https://ehrafworldcultures.yale.edu/sres/272cbe81-114c-47d3-b0a8-6d2c734e6c30
a966d1a8-8beb-4b11-9315-33a550387b08,"Mohsen, Safia K., 1936-","The quest for order among Awlad Ali of the Western Desert of
         Egypt",1971,120,Monograph,Libyan Bedouin,Africa,Northern Africa,pastoralists,,"574,586,593,606,627,792",https://ehrafworldcultures.yale.edu/sres/a966d1a8-8beb-4b11-9315-33a550387b08
58db3d9e-921a-4a51-93d4-74057b4406de,"Mohsen, Safia K., 1936-","The quest for order among Awlad Ali of the Western Desert of
         Egypt",1971,120,Monograph,Libyan Bedouin,Africa,Northern Africa,pastoralists,,"554,556,586,619,627,792",https://ehrafworldcultures.yale.edu/sres/58db3d9e-921a-4a51-93d4-74057b4406de
5cbe7c4c-3c6a-4aef-b9d9-08099929b095,"Mohsen, Safia K., 1936-","The quest for order among Awlad Ali of the Western Desert of
         Egypt",1971,144,Monograph,Libyan Bedouin,Africa,Northern Africa,pastoralists,,"159,233,422,423,428,454,562,593,627,755",https://ehrafworldcultures.yale.edu/sres/5cbe7c4c-3c6a-4aef-b9d9-08099929b095
9e7d4ce7-c36f-4594-a7ad-5098f69b6763,"Mohsen, Safia K., 1936-","The quest for order among Awlad Ali of the Western Desert of
         Egypt",1971,146,Monograph,Libyan Bedouin,Africa,Northern Africa,pastoralists,,"159,164,233,444,521,562,574,586,593,595,627",https://ehrafworldcultures.yale.edu/sres/9e7d4ce7-c36f-4594-a7ad-5098f69b6763
87cd1238-4eef-48df-acfc-d2abfe4b4575,"Mohsen, Safia K., 1936-","The quest for order among Awlad Ali of the Western Desert of
         Egypt",1971,178,Monograph,Libyan Bedouin,Africa,Northern Africa,pastoralists,,"105,613,627,692",https://ehrafworldcultures.yale.edu/sres/87cd1238-4eef-48df-acfc-d2abfe4b4575
e51a4654-6c6f-443d-b285-8ab6553ddbe3,"Mohsen, Safia K., 1936-","The quest for order among Awlad Ali of the Western Desert of
         Egypt",1971,180,Monograph,Libyan Bedouin,Africa,Northern Africa,pastoralists,,"105,182,571,627",https://ehrafworldcultures.yale.edu/sres/e51a4654-6c6f-443d-b285-8ab6553ddbe3
315633a9-bb0b-40be-ae58-ecc93e3937ab,"Sherbiny, Naiem A.","Investors and workers in the western desert of Egypt: an
         exploratory survey",1992,27,Monograph,Libyan Bedouin,Africa,Northern Africa,pastoralists,,"622,627,631",https://ehrafworldcultures.yale.edu/sres/315633a9-bb0b-40be-ae58-ecc93e3937ab
18d83543-2262-4667-9dbc-aed78ec4ff0d,"Mohsen, Safia K., 1936-","The quest for order among Awlad Ali of the Western Desert of
         Egypt",1971,9,Monograph,Libyan Bedouin,Africa,Northern Africa,pastoralists,,"121,627,692,695",https://ehrafworldcultures.yale.edu/sres/18d83543-2262-4667-9dbc-aed78ec4ff0d
b626e1bb-b364-4fa2-80ab-0e687bd7eb29,"Mohsen, Safia K., 1936-","The quest for order among Awlad Ali of the Western Desert of
         Egypt",1971,10,Monograph,Libyan Bedouin,Africa,Northern Africa,pastoralists,,"114,121,181,627,671,692",https://ehrafworldcultures.yale.edu/sres/b626e1bb-b364-4fa2-80ab-0e687bd7eb29
bc07ad06-6334-483f-a1cf-29ef28b39eb7,"Mohsen, Safia K., 1936-","The quest for order among Awlad Ali of the Western Desert of
         Egypt",1971,11,Monograph,Libyan Bedouin,Africa,Northern Africa,pastoralists,,"121,124,627",https://ehrafworldcultures.yale.edu/sres/bc07ad06-6334-483f-a1cf-29ef28b39eb7
bf5f337f-723f-4161-9305-e3cd3e6292c4,"Mohsen, Safia K., 1936-","The quest for order among Awlad Ali of the Western Desert of
         Egypt",1971,14,Monograph,Libyan Bedouin,Africa,Northern Africa,pastoralists,,"114,123,124,578,627",https://ehrafworldcultures.yale.edu/sres/bf5f337f-723f-4161-9305-e3cd3e6292c4
8b801c3c-12e3-4ca4-ab83-ed4560faf367,"Mohsen, Safia K., 1936-","The quest for order among Awlad Ali of the Western Desert of
         Egypt",1971,14,Monograph,Libyan Bedouin,Africa,Northern Africa,pastoralists,,"114,123,124,562,627",https://ehrafworldcultures.yale.edu/sres/8b801c3c-12e3-4ca4-ab83-ed4560faf367
4bf52b7d-18c6-4127-8da5-fe70094119d5,"Mohsen, Safia K., 1936-","The quest for order among Awlad Ali of the Western Desert of
         Egypt",1971,16,Monograph,Libyan Bedouin,Africa,Northern Africa,pastoralists,,"114,123,361,487,621,627",https://ehrafworldcultures.yale.edu/sres/4bf52b7d-18c6-4127-8da5-fe70094119d5
fcd3bb44-5270-4e4d-826c-13d6544dd9a8,"Mohsen, Safia K., 1936-","The quest for order among Awlad Ali of the Western Desert of
         Egypt",1971,42,Monograph,Libyan Bedouin,Africa,Northern Africa,pastoralists,,"619,627,628,792",https://ehrafworldcultures.yale.edu/sres/fcd3bb44-5270-4e4d-826c-13d6544dd9a8
40408e24-25f2-4d61-ac81-9974856498b2,"Mohsen, Safia K., 1936-","The quest for order among Awlad Ali of the Western Desert of
         Egypt",1971,45,Monograph,Libyan Bedouin,Africa,Northern Africa,pastoralists,,"539,613,627,675",https://ehrafworldcultures.yale.edu/sres/40408e24-25f2-4d61-ac81-9974856498b2
4daf8a4d-3024-4231-8a58-f1b0b151c93a,"Mohsen, Safia K., 1936-","The quest for order among Awlad Ali of the Western Desert of
         Egypt",1971,46,Monograph,Libyan Bedouin,Africa,Northern Africa,pastoralists,,"539,613,627,675",https://ehrafworldcultures.yale.edu/sres/4daf8a4d-3024-4231-8a58-f1b0b151c93a
a5e1f19b-7e9f-4f16-8b35-20df4b54f8b4,"Mohsen, Safia K., 1936-","The quest for order among Awlad Ali of the Western Desert of
         Egypt",1971,46,Monograph,Libyan Bedouin,Africa,Northern Africa,pastoralists,,"539,613,627,675",https://ehrafworldcultures.yale.edu/sres/a5e1f19b-7e9f-4f16-8b35-20df4b54f8b4
f87a6ff7-08b5-442c-b3ac-351daf320b3f,"Mohsen, Safia K., 1936-","The quest for order among Awlad Ali of the Western Desert of
         Egypt",1971,56,Monograph,Libyan Bedouin,Africa,Northern Africa,pastoralists,,"613,627,628",https://ehrafworldcultures.yale.edu/sres/f87a6ff7-08b5-442c-b3ac-351daf320b3f
b1adc57e-cd00-4c00-86d5-0588c48ec214,"Mohsen, Safia K., 1936-","The quest for order among Awlad Ali of the Western Desert of
         Egypt",1971,60,Monograph,Libyan Bedouin,Africa,Northern Africa,pastoralists,,"576,613,621,622,627",https://ehrafworldcultures.yale.edu/sres/b1adc57e-cd00-4c00-86d5-0588c48ec214
aa011428-5bf4-470c-b5bb-a5d1031b7f1a,"Mohsen, Safia K., 1936-","The quest for order among Awlad Ali of the Western Desert of
         Egypt",1971,61,Monograph,Libyan Bedouin,Africa,Northern Africa,pastoralists,,"627,628,690",https://ehrafworldcultures.yale.edu/sres/aa011428-5bf4-470c-b5bb-a5d1031b7f1a
9cbf93f0-4ea2-416d-ab96-9698b7b3e78d,"Mohsen, Safia K., 1936-","The quest for order among Awlad Ali of the Western Desert of
         Egypt",1971,79,Monograph,Libyan Bedouin,Africa,Northern Africa,pastoralists,,"156,196,613,627",https://ehrafworldcultures.yale.edu/sres/9cbf93f0-4ea2-416d-ab96-9698b7b3e78d
88942a31-2d4c-4294-a51a-10448a0b880a,"Mohsen, Safia K., 1936-","The quest for order among Awlad Ali of the Western Desert of
         Egypt",1971,80,Monograph,Libyan Bedouin,Africa,Northern Africa,pastoralists,,"114,156,196,431,574,613,627",https://ehrafworldcultures.yale.edu/sres/88942a31-2d4c-4294-a51a-10448a0b880a
941326ed-1ed9-4575-adff-7ab022f8b9bc,"Mohsen, Safia K., 1936-","The quest for order among Awlad Ali of the Western Desert of
         Egypt",1971,83,Monograph,Libyan Bedouin,Africa,Northern Africa,pastoralists,,"114,124,627",https://ehrafworldcultures.yale.edu/sres/941326ed-1ed9-4575-adff-7ab022f8b9bc
c5c5146e-2984-4558-977e-301aac8ba16f,"Mohsen, Safia K., 1936-","The quest for order among Awlad Ali of the Western Desert of
         Egypt",1971,83,Monograph,Libyan Bedouin,Africa,Northern Africa,pastoralists,,"182,613,627",https://ehrafworldcultures.yale.edu/sres/c5c5146e-2984-4558-977e-301aac8ba16f
dee250fe-49d9-4160-af49-376e07c1d3aa,"Mohsen, Safia K., 1936-","The quest for order among Awlad Ali of the Western Desert of
         Egypt",1971,84,Monograph,Libyan Bedouin,Africa,Northern Africa,pastoralists,,"182,613,627",https://ehrafworldcultures.yale.edu/sres/dee250fe-49d9-4160-af49-376e07c1d3aa
1dbc015f-a406-4d4f-b6d9-8fbfd7172060,"Mohsen, Safia K., 1936-","The quest for order among Awlad Ali of the Western Desert of
         Egypt",1971,84,Monograph,Libyan Bedouin,Africa,Northern Africa,pastoralists,,"157,428,554,556,613,627",https://ehrafworldcultures.yale.edu/sres/1dbc015f-a406-4d4f-b6d9-8fbfd7172060
43f3fd7c-f666-4a1e-9288-48c146246846,"Mohsen, Safia K., 1936-","The quest for order among Awlad Ali of the Western Desert of
         Egypt",1971,86,Monograph,Libyan Bedouin,Africa,Northern Africa,pastoralists,,"554,613,627",https://ehrafworldcultures.yale.edu/sres/43f3fd7c-f666-4a1e-9288-48c146246846
d4c0f77b-b514-4130-af5c-94c6f9d475dd,"Mohsen, Safia K., 1936-","The quest for order among Awlad Ali of the Western Desert of
         Egypt",1971,87,Monograph,Libyan Bedouin,Africa,Northern Africa,pastoralists,,"182,192,428,554,613,627",https://ehrafworldcultures.yale.edu/sres/d4c0f77b-b514-4130-af5c-94c6f9d475dd
8ee20429-3558-4a08-90e8-f551160ed0c1,"Mohsen, Safia K., 1936-","The quest for order among Awlad Ali of the Western Desert of
         Egypt",1971,90,Monograph,Libyan Bedouin,Africa,Northern Africa,pastoralists,,"428,554,613,627,628",https://ehrafworldcultures.yale.edu/sres/8ee20429-3558-4a08-90e8-f551160ed0c1
a8803e54-d7e2-4b97-93d8-0b4653bfad49,"Murray, George William, 1885-",Western Desert law,1935,313,"Component part(s), monograph",Libyan Bedouin,Africa,Northern Africa,pastoralists,,"613,628,682",https://ehrafworldcultures.yale.edu/sres/a8803e54-d7e2-4b97-93d8-0b4653bfad49
4510fa72-12f5-4315-a9af-616483c01b25,"Murray, George William, 1885-",Western Desert law,1935,314,"Component part(s), monograph",Libyan Bedouin,Africa,Northern Africa,pastoralists,,682,https://ehrafworldcultures.yale.edu/sres/4510fa72-12f5-4315-a9af-616483c01b25
e3be42b6-d447-4dd1-b7b5-baf7d20498e2,"Murray, George William, 1885-",Western Desert law,1935,314,"Component part(s), monograph",Libyan Bedouin,Africa,Northern Africa,pastoralists,,682,https://ehrafworldcultures.yale.edu/sres/e3be42b6-d447-4dd1-b7b5-baf7d20498e2
c372fe5c-edde-4585-8ddf-0db73b4aa099,"Murray, George William, 1885-",Western Desert law,1935,314,"Component part(s), monograph",Libyan Bedouin,Africa,Northern Africa,pastoralists,,682,https://ehrafworldcultures.yale.edu/sres/c372fe5c-edde-4585-8ddf-0db73b4aa099
0bec6e1b-7ed0-4811-903b-f765296a76b1,"Murray, George William, 1885-",Western Desert law,1935,314,"Component part(s), monograph",Libyan Bedouin,Africa,Northern Africa,pastoralists,,682,https://ehrafworldcultures.yale.edu/sres/0bec6e1b-7ed0-4811-903b-f765296a76b1
baf12e95-6f65-4a81-8c84-2f2b6b62d184,"Murray, George William, 1885-",Western Desert law,1935,314,"Component part(s), monograph",Libyan Bedouin,Africa,Northern Africa,pastoralists,,682,https://ehrafworldcultures.yale.edu/sres/baf12e95-6f65-4a81-8c84-2f2b6b62d184
8836c385-b8d4-4351-960f-95c960928d11,"Murray, George William, 1885-",Western Desert law,1935,314,"Component part(s), monograph",Libyan Bedouin,Africa,Northern Africa,pastoralists,,682,https://ehrafworldcultures.yale.edu/sres/8836c385-b8d4-4351-960f-95c960928d11
1578f6c9-dc9e-45af-97e6-bd6aed292984,"Murray, George William, 1885-",Western Desert law,1935,315,"Component part(s), monograph",Libyan Bedouin,Africa,Northern Africa,pastoralists,,682,https://ehrafworldcultures.yale.edu/sres/1578f6c9-dc9e-45af-97e6-bd6aed292984
ca2d2df3-a585-4e90-a155-589c3c273a96,"Murray, George William, 1885-",Western Desert law,1935,315,"Component part(s), monograph",Libyan Bedouin,Africa,Northern Africa,pastoralists,,"613,628,682",https://ehrafworldcultures.yale.edu/sres/ca2d2df3-a585-4e90-a155-589c3c273a96
2931cfbf-245f-47c4-8bad-6d7e5eeb6f5a,"Murray, George William, 1885-",Western Desert law,1935,315,"Component part(s), monograph",Libyan Bedouin,Africa,Northern Africa,pastoralists,,"613,628,682",https://ehrafworldcultures.yale.edu/sres/2931cfbf-245f-47c4-8bad-6d7e5eeb6f5a
d7605c42-01fc-4563-8b76-f9f658e5dbe3,"Murray, George William, 1885-",Western Desert law,1935,315,"Component part(s), monograph",Libyan Bedouin,Africa,Northern Africa,pastoralists,,"613,628,682",https://ehrafworldcultures.yale.edu/sres/d7605c42-01fc-4563-8b76-f9f658e5dbe3
9796aaab-55e4-4329-999f-418ec7041163,"Murray, George William, 1885-",Western Desert law,1935,315,"Component part(s), monograph",Libyan Bedouin,Africa,Northern Africa,pastoralists,,"613,628,682",https://ehrafworldcultures.yale.edu/sres/9796aaab-55e4-4329-999f-418ec7041163
bc2e1894-c270-464d-b55d-760121051104,"Murray, George William, 1885-",Western Desert law,1935,315,"Component part(s), monograph",Libyan Bedouin,Africa,Northern Africa,pastoralists,,"613,681",https://ehrafworldcultures.yale.edu/sres/bc2e1894-c270-464d-b55d-760121051104
26710466-1cea-47a3-aae4-87101e477efb,"Murray, George William, 1885-",Western Desert law,1935,316,"Component part(s), monograph",Libyan Bedouin,Africa,Northern Africa,pastoralists,,"613,682",https://ehrafworldcultures.yale.edu/sres/26710466-1cea-47a3-aae4-87101e477efb
8e8171d0-e296-419c-a5d9-d948d166e76e,"Murray, George William, 1885-",Western Desert law,1935,316,"Component part(s), monograph",Libyan Bedouin,Africa,Northern Africa,pastoralists,,"682,685",https://ehrafworldcultures.yale.edu/sres/8e8171d0-e296-419c-a5d9-d948d166e76e
3b13b5c5-8370-4371-a325-82ad11c5c5a4,"Murray, George William, 1885-",Western Desert law,1935,317,"Component part(s), monograph",Libyan Bedouin,Africa,Northern Africa,pastoralists,,"682,684",https://ehrafworldcultures.yale.edu/sres/3b13b5c5-8370-4371-a325-82ad11c5c5a4
436c6199-f72f-4e04-b005-6d777cf700d0,"Murray, George William, 1885-",Western Desert law,1935,317,"Component part(s), monograph",Libyan Bedouin,Africa,Northern Africa,pastoralists,,682,https://ehrafworldcultures.yale.edu/sres/436c6199-f72f-4e04-b005-6d777cf700d0
54f2303b-a72a-4893-b230-b670b12e6f23,"Murray, George William, 1885-",Western Desert law,1935,317,"Component part(s), monograph",Libyan Bedouin,Africa,Northern Africa,pastoralists,,"672,682",https://ehrafworldcultures.yale.edu/sres/54f2303b-a72a-4893-b230-b670b12e6f23
82fa265d-71be-4157-be02-baecb9ef2fd9,"Murray, George William, 1885-",Western Desert law,1935,317,"Component part(s), monograph",Libyan Bedouin,Africa,Northern Africa,pastoralists,,"672,682",https://ehrafworldcultures.yale.edu/sres/82fa265d-71be-4157-be02-baecb9ef2fd9
9cceaaa1-47db-4c70-981a-7e2776754422,"Murray, George William, 1885-",Western Desert law,1935,317,"Component part(s), monograph",Libyan Bedouin,Africa,Northern Africa,pastoralists,,"602,682",https://ehrafworldcultures.yale.edu/sres/9cceaaa1-47db-4c70-981a-7e2776754422
a53a0ebe-6d6e-42ba-bb9b-301806f3416f,"Murray, George William, 1885-",Western Desert law,1935,318,"Component part(s), monograph",Libyan Bedouin,Africa,Northern Africa,pastoralists,,"484,574,672,682",https://ehrafworldcultures.yale.edu/sres/a53a0ebe-6d6e-42ba-bb9b-301806f3416f
1ffd9451-9744-4212-9c0c-ca3b0a7986a1,"Murray, George William, 1885-",Western Desert law,1935,318,"Component part(s), monograph",Libyan Bedouin,Africa,Northern Africa,pastoralists,,"574,672,685",https://ehrafworldcultures.yale.edu/sres/1ffd9451-9744-4212-9c0c-ca3b0a7986a1
c194c559-91e4-4139-8288-a119f2f2244c,"Murray, George William, 1885-",Western Desert law,1935,318,"Component part(s), monograph",Libyan Bedouin,Africa,Northern Africa,pastoralists,,"574,672,685",https://ehrafworldcultures.yale.edu/sres/c194c559-91e4-4139-8288-a119f2f2244c
a6609322-ccf4-45a9-8809-c60cfcdd3739,"Murray, George William, 1885-",Western Desert law,1935,318,"Component part(s), monograph",Libyan Bedouin,Africa,Northern Africa,pastoralists,,"682,697",https://ehrafworldcultures.yale.edu/sres/a6609322-ccf4-45a9-8809-c60cfcdd3739
5ca190c3-e094-4e23-904e-1a5ddbd1fb86,"Murray, George William, 1885-",Western Desert law,1935,319,"Component part(s), monograph",Libyan Bedouin,Africa,Northern Africa,pastoralists,,682,https://ehrafworldcultures.yale.edu/sres/5ca190c3-e094-4e23-904e-1a5ddbd1fb86
3fdef3b8-b5ab-4497-9c31-8943229d1461,"Murray, George William, 1885-",Western Desert law,1935,319,"Component part(s), monograph",Libyan Bedouin,Africa,Northern Africa,pastoralists,,"672,682,845",https://ehrafworldcultures.yale.edu/sres/3fdef3b8-b5ab-4497-9c31-8943229d1461
f34aa923-5ea6-479d-b06e-a85bba3160c6,"Murray, George William, 1885-",Western Desert law,1935,319,"Component part(s), monograph",Libyan Bedouin,Africa,Northern Africa,pastoralists,,"672,682,845",https://ehrafworldcultures.yale.edu/sres/f34aa923-5ea6-479d-b06e-a85bba3160c6
79d36606-5d92-4c3d-956f-ac635e7df548,"Murray, George William, 1885-",Western Desert law,1935,319,"Component part(s), monograph",Libyan Bedouin,Africa,Northern Africa,pastoralists,,"593,682",https://ehrafworldcultures.yale.edu/sres/79d36606-5d92-4c3d-956f-ac635e7df548
ff49d9fe-cdd9-4697-aeba-b943c44882b1,"Murray, George William, 1885-",Western Desert law,1935,319,"Component part(s), monograph",Libyan Bedouin,Africa,Northern Africa,pastoralists,,"231,672,682",https://ehrafworldcultures.yale.edu/sres/ff49d9fe-cdd9-4697-aeba-b943c44882b1
4c8406af-68db-4287-ab24-a4383b0c3a87,"Murray, George William, 1885-",Western Desert law,1935,320,"Component part(s), monograph",Libyan Bedouin,Africa,Northern Africa,pastoralists,,"231,672,682,683",https://ehrafworldcultures.yale.edu/sres/4c8406af-68db-4287-ab24-a4383b0c3a87
722e08fb-9600-46dd-9203-321b2d4712e2,"Murray, George William, 1885-",Western Desert law,1935,320,"Component part(s), monograph",Libyan Bedouin,Africa,Northern Africa,pastoralists,,"231,672,683",https://ehrafworldcultures.yale.edu/sres/722e08fb-9600-46dd-9203-321b2d4712e2
c877f90f-4eaa-43ab-9acf-74909f54177b,"Murray, George William, 1885-",Western Desert law,1935,320,"Component part(s), monograph",Libyan Bedouin,Africa,Northern Africa,pastoralists,,684,https://ehrafworldcultures.yale.edu/sres/c877f90f-4eaa-43ab-9acf-74909f54177b
38bd88b9-f745-46c6-9efb-d8a04bf3adcd,"Murray, George William, 1885-",Western Desert law,1935,321,"Component part(s), monograph",Libyan Bedouin,Africa,Northern Africa,pastoralists,,684,https://ehrafworldcultures.yale.edu/sres/38bd88b9-f745-46c6-9efb-d8a04bf3adcd
c7d370ae-37ef-42a5-8a35-b2fc1dc8316f,"Murray, George William, 1885-",Western Desert law,1935,321,"Component part(s), monograph",Libyan Bedouin,Africa,Northern Africa,pastoralists,,684,https://ehrafworldcultures.yale.edu/sres/c7d370ae-37ef-42a5-8a35-b2fc1dc8316f
561e9361-2b39-4943-95b5-3ee9b0ebd4db,"Murray, George William, 1885-",Western Desert law,1935,321,"Component part(s), monograph",Libyan Bedouin,Africa,Northern Africa,pastoralists,,683,https://ehrafworldcultures.yale.edu/sres/561e9361-2b39-4943-95b5-3ee9b0ebd4db
ab257a52-e68b-4cc8-8340-d5808ae338ab,"Murray, George William, 1885-",Western Desert law,1935,321,"Component part(s), monograph",Libyan Bedouin,Africa,Northern Africa,pastoralists,,683,https://ehrafworldcultures.yale.edu/sres/ab257a52-e68b-4cc8-8340-d5808ae338ab
f9225953-6c0c-43df-bde0-f3c8dc46746f,"Murray, George William, 1885-",Western Desert law,1935,321,"Component part(s), monograph",Libyan Bedouin,Africa,Northern Africa,pastoralists,,683,https://ehrafworldcultures.yale.edu/sres/f9225953-6c0c-43df-bde0-f3c8dc46746f
a4621d6c-cc00-4ab5-97db-dafa4f0fe284,"Murray, George William, 1885-",Western Desert law,1935,321,"Component part(s), monograph",Libyan Bedouin,Africa,Northern Africa,pastoralists,,683,https://ehrafworldcultures.yale.edu/sres/a4621d6c-cc00-4ab5-97db-dafa4f0fe284
8aaac641-a6b4-4448-b2c1-7ebe54a672df,"Murray, George William, 1885-",Western Desert law,1935,321,"Component part(s), monograph",Libyan Bedouin,Africa,Northern Africa,pastoralists,,683,https://ehrafworldcultures.yale.edu/sres/8aaac641-a6b4-4448-b2c1-7ebe54a672df
2fe3bd26-c2e4-4751-bcbb-7c5dcc850e7b,"Murray, George William, 1885-",Western Desert law,1935,322,"Component part(s), monograph",Libyan Bedouin,Africa,Northern Africa,pastoralists,,683,https://ehrafworldcultures.yale.edu/sres/2fe3bd26-c2e4-4751-bcbb-7c5dcc850e7b
f3357a89-31e5-49c3-9102-76c41d8c00c8,"Murray, George William, 1885-",Western Desert law,1935,322,"Component part(s), monograph",Libyan Bedouin,Africa,Northern Africa,pastoralists,,683,https://ehrafworldcultures.yale.edu/sres/f3357a89-31e5-49c3-9102-76c41d8c00c8
30e4d9ac-52ce-4779-9ee8-8025a3a90728,"Murray, George William, 1885-",Western Desert law,1935,322,"Component part(s), monograph",Libyan Bedouin,Africa,Northern Africa,pastoralists,,"302,683,826",https://ehrafworldcultures.yale.edu/sres/30e4d9ac-52ce-4779-9ee8-8025a3a90728
b3580800-7ca1-4658-b881-9dfd66430701,"Murray, George William, 1885-",Western Desert law,1935,322,"Component part(s), monograph",Libyan Bedouin,Africa,Northern Africa,pastoralists,,"302,683,826",https://ehrafworldcultures.yale.edu/sres/b3580800-7ca1-4658-b881-9dfd66430701
9d133e62-097c-4e5e-96ab-1ee24032b374,"Murray, George William, 1885-",Western Desert law,1935,322,"Component part(s), monograph",Libyan Bedouin,Africa,Northern Africa,pastoralists,,"302,683,826",https://ehrafworldcultures.yale.edu/sres/9d133e62-097c-4e5e-96ab-1ee24032b374
e5ce61b3-9172-4250-b034-ea3ddaf7a9c6,"Murray, George William, 1885-",Western Desert law,1935,322,"Component part(s), monograph",Libyan Bedouin,Africa,Northern Africa,pastoralists,,"302,683,826",https://ehrafworldcultures.yale.edu/sres/e5ce61b3-9172-4250-b034-ea3ddaf7a9c6
c8910e81-ea21-4990-9ff4-df39caf4620c,"Murray, George William, 1885-",Western Desert law,1935,322,"Component part(s), monograph",Libyan Bedouin,Africa,Northern Africa,pastoralists,,"302,683,826",https://ehrafworldcultures.yale.edu/sres/c8910e81-ea21-4990-9ff4-df39caf4620c
8caa7f54-91d8-44ad-bbd9-dea2e979b558,"Murray, George William, 1885-",Western Desert law,1935,323,"Component part(s), monograph",Libyan Bedouin,Africa,Northern Africa,pastoralists,,"302,683,826",https://ehrafworldcultures.yale.edu/sres/8caa7f54-91d8-44ad-bbd9-dea2e979b558
9672b2c3-2b3c-4eec-8ab3-0eece20771a9,"Murray, George William, 1885-",Western Desert law,1935,323,"Component part(s), monograph",Libyan Bedouin,Africa,Northern Africa,pastoralists,,"302,683,826",https://ehrafworldcultures.yale.edu/sres/9672b2c3-2b3c-4eec-8ab3-0eece20771a9
e7f676fe-be4a-43ea-a79d-6c800cd9221c,"Murray, George William, 1885-",Western Desert law,1935,323,"Component part(s), monograph",Libyan Bedouin,Africa,Northern Africa,pastoralists,,"683,752",https://ehrafworldcultures.yale.edu/sres/e7f676fe-be4a-43ea-a79d-6c800cd9221c
052cf118-5d8b-4ac6-ae67-35e9a2450b2b,"Murray, George William, 1885-",Western Desert law,1935,323,"Component part(s), monograph",Libyan Bedouin,Africa,Northern Africa,pastoralists,,"683,752",https://ehrafworldcultures.yale.edu/sres/052cf118-5d8b-4ac6-ae67-35e9a2450b2b
e0fdd982-572f-4e28-a9fa-083d7cea6211,"Murray, George William, 1885-",Western Desert law,1935,323,"Component part(s), monograph",Libyan Bedouin,Africa,Northern Africa,pastoralists,,"683,752",https://ehrafworldcultures.yale.edu/sres/e0fdd982-572f-4e28-a9fa-083d7cea6211
d1b9437c-084e-4bf2-906d-9749d5e88afa,"Murray, George William, 1885-",Western Desert law,1935,323,"Component part(s), monograph",Libyan Bedouin,Africa,Northern Africa,pastoralists,,"683,752",https://ehrafworldcultures.yale.edu/sres/d1b9437c-084e-4bf2-906d-9749d5e88afa
86c42eb3-3054-4c4f-9ffc-17bbf082a041,"Murray, George William, 1885-",Western Desert law,1935,323,"Component part(s), monograph",Libyan Bedouin,Africa,Northern Africa,pastoralists,,"683,752",https://ehrafworldcultures.yale.edu/sres/86c42eb3-3054-4c4f-9ffc-17bbf082a041
941f0131-c4ed-469f-8d1b-6911fa9814d0,"Murray, George William, 1885-",Western Desert law,1935,323,"Component part(s), monograph",Libyan Bedouin,Africa,Northern Africa,pastoralists,,"411,683",https://ehrafworldcultures.yale.edu/sres/941f0131-c4ed-469f-8d1b-6911fa9814d0
a3264a7d-4f33-4b4d-ab06-060edab21e0c,"Murray, George William, 1885-",Western Desert law,1935,324,"Component part(s), monograph",Libyan Bedouin,Africa,Northern Africa,pastoralists,,"683,752",https://ehrafworldcultures.yale.edu/sres/a3264a7d-4f33-4b4d-ab06-060edab21e0c
4db2b36b-1cd0-4cd6-82ca-db1e892fa267,"Murray, George William, 1885-",Western Desert law,1935,324,"Component part(s), monograph",Libyan Bedouin,Africa,Northern Africa,pastoralists,,"683,752",https://ehrafworldcultures.yale.edu/sres/4db2b36b-1cd0-4cd6-82ca-db1e892fa267
64ef681c-20e7-4492-8920-4cc44cbcdebe,"Murray, George William, 1885-",Western Desert law,1935,324,"Component part(s), monograph",Libyan Bedouin,Africa,Northern Africa,pastoralists,,"683,752",https://ehrafworldcultures.yale.edu/sres/64ef681c-20e7-4492-8920-4cc44cbcdebe
c37a09ce-b5c6-45b3-a99d-415ffe51148b,"Murray, George William, 1885-",Western Desert law,1935,324,"Component part(s), monograph",Libyan Bedouin,Africa,Northern Africa,pastoralists,,"683,752",https://ehrafworldcultures.yale.edu/sres/c37a09ce-b5c6-45b3-a99d-415ffe51148b
453d6cb3-ae7d-488c-b9b8-51c4d67f81d8,"Murray, George William, 1885-",Western Desert law,1935,324,"Component part(s), monograph",Libyan Bedouin,Africa,Northern Africa,pastoralists,,"683,752",https://ehrafworldcultures.yale.edu/sres/453d6cb3-ae7d-488c-b9b8-51c4d67f81d8
e064f801-f014-481b-b3d2-1a182aae8311,"Murray, George William, 1885-",Western Desert law,1935,324,"Component part(s), monograph",Libyan Bedouin,Africa,Northern Africa,pastoralists,,"683,752",https://ehrafworldcultures.yale.edu/sres/e064f801-f014-481b-b3d2-1a182aae8311
f22aa886-a8f8-48a1-9976-15471566c1ae,"Murray, George William, 1885-",Western Desert law,1935,324,"Component part(s), monograph",Libyan Bedouin,Africa,Northern Africa,pastoralists,,"683,752",https://ehrafworldcultures.yale.edu/sres/f22aa886-a8f8-48a1-9976-15471566c1ae
f06d4c5d-c4d2-4aa5-b294-95f55a6ee22a,"Murray, George William, 1885-",Western Desert law,1935,324,"Component part(s), monograph",Libyan Bedouin,Africa,Northern Africa,pastoralists,,"683,752",https://ehrafworldcultures.yale.edu/sres/f06d4c5d-c4d2-4aa5-b294-95f55a6ee22a
39c709d3-e848-4e29-9aed-910bb880a4dc,"Murray, George William, 1885-",Western Desert law,1935,324,"Component part(s), monograph",Libyan Bedouin,Africa,Northern Africa,pastoralists,,"683,752",https://ehrafworldcultures.yale.edu/sres/39c709d3-e848-4e29-9aed-910bb880a4dc
17c3051f-75b5-4ea2-9aa3-bd1e70edf6cd,"Murray, George William, 1885-",Western Desert law,1935,324,"Component part(s), monograph",Libyan Bedouin,Africa,Northern Africa,pastoralists,,"683,752",https://ehrafworldcultures.yale.edu/sres/17c3051f-75b5-4ea2-9aa3-bd1e70edf6cd
36b54989-6114-476f-bd3b-0a0c11b156f7,"Murray, George William, 1885-",Western Desert law,1935,324,"Component part(s), monograph",Libyan Bedouin,Africa,Northern Africa,pastoralists,,"683,752",https://ehrafworldcultures.yale.edu/sres/36b54989-6114-476f-bd3b-0a0c11b156f7
a9b731c6-180f-4285-8c67-8b7f55addd47,"Murray, George William, 1885-",Western Desert law,1935,325,"Component part(s), monograph",Libyan Bedouin,Africa,Northern Africa,pastoralists,,"683,752",https://ehrafworldcultures.yale.edu/sres/a9b731c6-180f-4285-8c67-8b7f55addd47
05ab9e8a-2c26-4cb9-af5e-e25b28c62cb4,"Murray, George William, 1885-",Western Desert law,1935,325,"Component part(s), monograph",Libyan Bedouin,Africa,Northern Africa,pastoralists,,"683,752",https://ehrafworldcultures.yale.edu/sres/05ab9e8a-2c26-4cb9-af5e-e25b28c62cb4
ce9af212-b01e-4abc-ba9c-317f6fc9dffe,"Murray, George William, 1885-",Western Desert law,1935,325,"Component part(s), monograph",Libyan Bedouin,Africa,Northern Africa,pastoralists,,"683,752",https://ehrafworldcultures.yale.edu/sres/ce9af212-b01e-4abc-ba9c-317f6fc9dffe
9bd962e6-e2c4-499a-bb09-d2483aa12691,"Murray, George William, 1885-",Western Desert law,1935,325,"Component part(s), monograph",Libyan Bedouin,Africa,Northern Africa,pastoralists,,"683,752",https://ehrafworldcultures.yale.edu/sres/9bd962e6-e2c4-499a-bb09-d2483aa12691
db870ddf-5610-4f93-bdfc-236a1ab5ec12,"Murray, George William, 1885-",Western Desert law,1935,325,"Component part(s), monograph",Libyan Bedouin,Africa,Northern Africa,pastoralists,,"683,752",https://ehrafworldcultures.yale.edu/sres/db870ddf-5610-4f93-bdfc-236a1ab5ec12
e75c3ee2-00df-4f61-8f2f-2142817de5f7,"Murray, George William, 1885-",Western Desert law,1935,325,"Component part(s), monograph",Libyan Bedouin,Africa,Northern Africa,pastoralists,,"683,752",https://ehrafworldcultures.yale.edu/sres/e75c3ee2-00df-4f61-8f2f-2142817de5f7
e781738c-ea29-4c42-8efe-ad6a39f10418,"Murray, George William, 1885-",Western Desert law,1935,325,"Component part(s), monograph",Libyan Bedouin,Africa,Northern Africa,pastoralists,,"683,752",https://ehrafworldcultures.yale.edu/sres/e781738c-ea29-4c42-8efe-ad6a39f10418
71312f20-89a7-4f47-b65a-502a14869c62,"Murray, George William, 1885-",Western Desert law,1935,326,"Component part(s), monograph",Libyan Bedouin,Africa,Northern Africa,pastoralists,,"683,752",https://ehrafworldcultures.yale.edu/sres/71312f20-89a7-4f47-b65a-502a14869c62
179d2c47-db07-4bad-a5c7-2f84f8b57b66,"Murray, George William, 1885-",Western Desert law,1935,326,"Component part(s), monograph",Libyan Bedouin,Africa,Northern Africa,pastoralists,,"683,752",https://ehrafworldcultures.yale.edu/sres/179d2c47-db07-4bad-a5c7-2f84f8b57b66
fcb53f2c-bf38-447a-be92-ef9d71944d51,"Murray, George William, 1885-",Western Desert law,1935,326,"Component part(s), monograph",Libyan Bedouin,Africa,Northern Africa,pastoralists,,"683,752",https://ehrafworldcultures.yale.edu/sres/fcb53f2c-bf38-447a-be92-ef9d71944d51
83786f15-6a07-4424-9879-e6e908feef39,"Murray, George William, 1885-",Western Desert law,1935,326,"Component part(s), monograph",Libyan Bedouin,Africa,Northern Africa,pastoralists,,"683,752",https://ehrafworldcultures.yale.edu/sres/83786f15-6a07-4424-9879-e6e908feef39
642bef9b-cfbc-4561-8181-620d66ebd5f6,"Murray, George William, 1885-",Western Desert law,1935,326,"Component part(s), monograph",Libyan Bedouin,Africa,Northern Africa,pastoralists,,"683,752",https://ehrafworldcultures.yale.edu/sres/642bef9b-cfbc-4561-8181-620d66ebd5f6
1ce2f3bf-81c2-4cc6-b7ca-d8f5e5fd743b,"Murray, George William, 1885-",Western Desert law,1935,326,"Component part(s), monograph",Libyan Bedouin,Africa,Northern Africa,pastoralists,,"683,752",https://ehrafworldcultures.yale.edu/sres/1ce2f3bf-81c2-4cc6-b7ca-d8f5e5fd743b
18e792ac-8384-4818-982c-c8e02a75cf52,"Murray, George William, 1885-",Western Desert law,1935,326,"Component part(s), monograph",Libyan Bedouin,Africa,Northern Africa,pastoralists,,"683,752",https://ehrafworldcultures.yale.edu/sres/18e792ac-8384-4818-982c-c8e02a75cf52
338ffea3-6cfd-4305-bb45-a8d1be588d64,"Murray, George William, 1885-",Western Desert law,1935,326,"Component part(s), monograph",Libyan Bedouin,Africa,Northern Africa,pastoralists,,"683,752",https://ehrafworldcultures.yale.edu/sres/338ffea3-6cfd-4305-bb45-a8d1be588d64
4fb6b6e7-0822-494d-919d-6094f741b3a1,"Murray, George William, 1885-",Western Desert law,1935,326,"Component part(s), monograph",Libyan Bedouin,Africa,Northern Africa,pastoralists,,"683,752",https://ehrafworldcultures.yale.edu/sres/4fb6b6e7-0822-494d-919d-6094f741b3a1
08485da8-3b79-4441-830f-78a28a25e755,"Murray, George William, 1885-",Western Desert law,1935,326,"Component part(s), monograph",Libyan Bedouin,Africa,Northern Africa,pastoralists,,"683,752",https://ehrafworldcultures.yale.edu/sres/08485da8-3b79-4441-830f-78a28a25e755
365482dc-8905-4b8e-8dbb-7f97e52e851f,"Murray, George William, 1885-",Western Desert law,1935,327,"Component part(s), monograph",Libyan Bedouin,Africa,Northern Africa,pastoralists,,685,https://ehrafworldcultures.yale.edu/sres/365482dc-8905-4b8e-8dbb-7f97e52e851f
2cd8c45b-f669-4aa3-b41f-375ebc9b8061,"Murray, George William, 1885-",Western Desert law,1935,327,"Component part(s), monograph",Libyan Bedouin,Africa,Northern Africa,pastoralists,,685,https://ehrafworldcultures.yale.edu/sres/2cd8c45b-f669-4aa3-b41f-375ebc9b8061
1fcc2eb2-099e-4356-bdcc-c2402adfe387,"Murray, George William, 1885-",Western Desert law,1935,327,"Component part(s), monograph",Libyan Bedouin,Africa,Northern Africa,pastoralists,,685,https://ehrafworldcultures.yale.edu/sres/1fcc2eb2-099e-4356-bdcc-c2402adfe387
78e6b026-30f7-4e06-98c5-940df45ff8a2,"Murray, George William, 1885-",Western Desert law,1935,328,"Component part(s), monograph",Libyan Bedouin,Africa,Northern Africa,pastoralists,,686,https://ehrafworldcultures.yale.edu/sres/78e6b026-30f7-4e06-98c5-940df45ff8a2
ae081386-d7dc-456b-b707-8b035a76b57b,"Murray, George William, 1885-",Western Desert law,1935,328,"Component part(s), monograph",Libyan Bedouin,Africa,Northern Africa,pastoralists,,"423,685",https://ehrafworldcultures.yale.edu/sres/ae081386-d7dc-456b-b707-8b035a76b57b
6e02c49c-93cf-4662-bc78-2485a5742019,"Murray, George William, 1885-",Western Desert law,1935,328,"Component part(s), monograph",Libyan Bedouin,Africa,Northern Africa,pastoralists,,"423,685",https://ehrafworldcultures.yale.edu/sres/6e02c49c-93cf-4662-bc78-2485a5742019
a32de29a-8a0c-40b0-959e-d026b2fc6851,"Murray, George William, 1885-",Western Desert law,1935,328,"Component part(s), monograph",Libyan Bedouin,Africa,Northern Africa,pastoralists,,"428,681",https://ehrafworldcultures.yale.edu/sres/a32de29a-8a0c-40b0-959e-d026b2fc6851
fa7504be-66ec-4a5e-baec-7c9cbe529d69,"Murray, George William, 1885-",Western Desert law,1935,328,"Component part(s), monograph",Libyan Bedouin,Africa,Northern Africa,pastoralists,,"428,681",https://ehrafworldcultures.yale.edu/sres/fa7504be-66ec-4a5e-baec-7c9cbe529d69
065c2a4b-a6a0-4008-907b-98a88207e0c3,"Evans-Pritchard, Edward Evan, 1902-",The Sanusi of Cyrenaica,1949,99,Monograph,Libyan Bedouin,Africa,Northern Africa,pastoralists,,"113,175,619,648,651,682,795",https://ehrafworldcultures.yale.edu/sres/065c2a4b-a6a0-4008-907b-98a88207e0c3
eea1f131-f8da-4edd-90ba-fbcbe93dd9aa,"Davis, J. (John), 1938-","Libyan politics: tribe and revolution : an account of the
         Zuwaya and their government",1988,225,Monograph,Libyan Bedouin,Africa,Northern Africa,pastoralists,,"683,695",https://ehrafworldcultures.yale.edu/sres/eea1f131-f8da-4edd-90ba-fbcbe93dd9aa
d0d10936-5cff-4af3-9818-b332de04af8a,"Abu-Lughod, Lila","Veiled sentiments: honor and poetry in a Bedouin
         society",1986,25,Monograph,Libyan Bedouin,Africa,Northern Africa,pastoralists,,"152,5310,682",https://ehrafworldcultures.yale.edu/sres/d0d10936-5cff-4af3-9818-b332de04af8a
053490d2-f8a1-4bc1-b3b4-bb11d612830d,"Abu-Lughod, Lila","Veiled sentiments: honor and poetry in a Bedouin
         society",1986,46,Monograph,Libyan Bedouin,Africa,Northern Africa,pastoralists,,"577,683",https://ehrafworldcultures.yale.edu/sres/053490d2-f8a1-4bc1-b3b4-bb11d612830d
a4e50d44-2c93-4260-b289-469f2116cbb1,"Abu-Lughod, Lila","Veiled sentiments: honor and poetry in a Bedouin
         society",1986,71,Monograph,Libyan Bedouin,Africa,Northern Africa,pastoralists,,"619,631,641,642,671,673,682",https://ehrafworldcultures.yale.edu/sres/a4e50d44-2c93-4260-b289-469f2116cbb1
15f21cd5-be15-4d7b-841b-132064170540,"Abu-Lughod, Lila","Veiled sentiments: honor and poetry in a Bedouin
         society",1986,89,Monograph,Libyan Bedouin,Africa,Northern Africa,pastoralists,,"157,581,593,683",https://ehrafworldcultures.yale.edu/sres/15f21cd5-be15-4d7b-841b-132064170540
324ce855-ea94-4257-96ef-7940f97d1911,"Abu-Lughod, Lila","Veiled sentiments: honor and poetry in a Bedouin
         society",1986,89,Monograph,Libyan Bedouin,Africa,Northern Africa,pastoralists,,"157,581,593,683",https://ehrafworldcultures.yale.edu/sres/324ce855-ea94-4257-96ef-7940f97d1911
1d0c2b0d-8266-4c76-a352-f1aa45758fc7,"Abu-Lughod, Lila","Veiled sentiments: honor and poetry in a Bedouin
         society",1986,95,Monograph,Libyan Bedouin,Africa,Northern Africa,pastoralists,,"577,684",https://ehrafworldcultures.yale.edu/sres/1d0c2b0d-8266-4c76-a352-f1aa45758fc7
98dfb466-2120-46fa-9fb7-6c6460eab63d,"Abu-Lughod, Lila","Veiled sentiments: honor and poetry in a Bedouin
         society",1986,95,Monograph,Libyan Bedouin,Africa,Northern Africa,pastoralists,,"577,684",https://ehrafworldcultures.yale.edu/sres/98dfb466-2120-46fa-9fb7-6c6460eab63d
4880a459-db9b-41a8-9c0d-72b53926e7d3,"Abu-Lughod, Lila","Veiled sentiments: honor and poetry in a Bedouin
         society",1986,95,Monograph,Libyan Bedouin,Africa,Northern Africa,pastoralists,,"577,684",https://ehrafworldcultures.yale.edu/sres/4880a459-db9b-41a8-9c0d-72b53926e7d3
6d1d2e6e-dceb-4f69-b31a-86d3e2236bab,"Abu-Lughod, Lila","Veiled sentiments: honor and poetry in a Bedouin
         society",1986,96,Monograph,Libyan Bedouin,Africa,Northern Africa,pastoralists,,"577,684",https://ehrafworldcultures.yale.edu/sres/6d1d2e6e-dceb-4f69-b31a-86d3e2236bab
e117c171-2071-4943-be14-8264556a500e,"Abu-Lughod, Lila","Veiled sentiments: honor and poetry in a Bedouin
         society",1986,97,Monograph,Libyan Bedouin,Africa,Northern Africa,pastoralists,,"577,684,789",https://ehrafworldcultures.yale.edu/sres/e117c171-2071-4943-be14-8264556a500e
9630b851-8ac1-4de6-ac92-6f3f86c0e203,"Abu-Lughod, Lila","Veiled sentiments: honor and poetry in a Bedouin
         society",1986,103,Monograph,Libyan Bedouin,Africa,Northern Africa,pastoralists,,"683,688",https://ehrafworldcultures.yale.edu/sres/9630b851-8ac1-4de6-ac92-6f3f86c0e203
c3127905-0069-49ee-b112-d9143409c396,"Abu-Lughod, Lila","Veiled sentiments: honor and poetry in a Bedouin
         society",1986,158,Monograph,Libyan Bedouin,Africa,Northern Africa,pastoralists,,"562,684",https://ehrafworldcultures.yale.edu/sres/c3127905-0069-49ee-b112-d9143409c396
034db8b3-3c73-464a-b7cc-046220a311db,"Abu-Lughod, Lila","Veiled sentiments: honor and poetry in a Bedouin
         society",1986,158,Monograph,Libyan Bedouin,Africa,Northern Africa,pastoralists,,"171,562,684",https://ehrafworldcultures.yale.edu/sres/034db8b3-3c73-464a-b7cc-046220a311db
119acda4-2fc8-479e-8197-623b3de07b3f,"Abu-Lughod, Lila","Veiled sentiments: honor and poetry in a Bedouin
         society",1986,187,Monograph,Libyan Bedouin,Africa,Northern Africa,pastoralists,,684,https://ehrafworldcultures.yale.edu/sres/119acda4-2fc8-479e-8197-623b3de07b3f
2bf5157d-b0b4-48d5-bfd4-666e8194a012,"Abu-Lughod, Lila","Veiled sentiments: honor and poetry in a Bedouin
         society",1986,188,Monograph,Libyan Bedouin,Africa,Northern Africa,pastoralists,,"578,595,684,754",https://ehrafworldcultures.yale.edu/sres/2bf5157d-b0b4-48d5-bfd4-666e8194a012
5ca32f94-4e6f-4819-a10f-ce49db0aed06,"Abu-Lughod, Lila","Veiled sentiments: honor and poetry in a Bedouin
         society",1986,188,Monograph,Libyan Bedouin,Africa,Northern Africa,pastoralists,,"578,613,684",https://ehrafworldcultures.yale.edu/sres/5ca32f94-4e6f-4819-a10f-ce49db0aed06
e7ea415b-25c6-4d2f-91c9-0e9c3f5e7708,"Abu-Lughod, Lila","Veiled sentiments: honor and poetry in a Bedouin
         society",1986,188,Monograph,Libyan Bedouin,Africa,Northern Africa,pastoralists,,"123,684",https://ehrafworldcultures.yale.edu/sres/e7ea415b-25c6-4d2f-91c9-0e9c3f5e7708
bb14248e-6fe4-4bd2-9329-cfb53085278d,"Abu-Lughod, Lila","Veiled sentiments: honor and poetry in a Bedouin
         society",1986,189,Monograph,Libyan Bedouin,Africa,Northern Africa,pastoralists,,"578,595,683",https://ehrafworldcultures.yale.edu/sres/bb14248e-6fe4-4bd2-9329-cfb53085278d
1990ce41-6e71-402a-aebe-a2b94fcf390a,"Abu-Lughod, Lila","Veiled sentiments: honor and poetry in a Bedouin
         society",1986,190,Monograph,Libyan Bedouin,Africa,Northern Africa,pastoralists,,"578,595,607,683",https://ehrafworldcultures.yale.edu/sres/1990ce41-6e71-402a-aebe-a2b94fcf390a
1454b71f-1ac6-4804-a758-f8da7fc181f1,"Abu-Lughod, Lila","Veiled sentiments: honor and poetry in a Bedouin
         society",1986,190,Monograph,Libyan Bedouin,Africa,Northern Africa,pastoralists,,"578,595,607,683",https://ehrafworldcultures.yale.edu/sres/1454b71f-1ac6-4804-a758-f8da7fc181f1
ed67e1c2-1b49-4a22-b23f-d64cd8f627bb,"Abu-Lughod, Lila","Veiled sentiments: honor and poetry in a Bedouin
         society",1986,195,Monograph,Libyan Bedouin,Africa,Northern Africa,pastoralists,,"574,604,683",https://ehrafworldcultures.yale.edu/sres/ed67e1c2-1b49-4a22-b23f-d64cd8f627bb
63454ca2-6754-4673-a2be-eefb8906e8b7,"Abu-Lughod, Lila","Veiled sentiments: honor and poetry in a Bedouin
         society",1986,196,Monograph,Libyan Bedouin,Africa,Northern Africa,pastoralists,,"574,604,683",https://ehrafworldcultures.yale.edu/sres/63454ca2-6754-4673-a2be-eefb8906e8b7
a4b2b39c-06de-4d31-ac28-c1ac3ddf24e7,"Abu-Lughod, Lila","Veiled sentiments: honor and poetry in a Bedouin
         society",1986,196,Monograph,Libyan Bedouin,Africa,Northern Africa,pastoralists,,"195,5310,683",https://ehrafworldcultures.yale.edu/sres/a4b2b39c-06de-4d31-ac28-c1ac3ddf24e7
390740a3-c036-4cd5-a75e-7807baa490b2,"Abu-Lughod, Lila","Veiled sentiments: honor and poetry in a Bedouin
         society",1986,197,Monograph,Libyan Bedouin,Africa,Northern Africa,pastoralists,,"682,761",https://ehrafworldcultures.yale.edu/sres/390740a3-c036-4cd5-a75e-7807baa490b2
0f6595f3-bf29-4f80-a40d-f6263e60cc88,"Abu-Lughod, Lila","Veiled sentiments: honor and poetry in a Bedouin
         society",1986,200,Monograph,Libyan Bedouin,Africa,Northern Africa,pastoralists,,"133,152,231,291,5310,619,628,682,764",https://ehrafworldcultures.yale.edu/sres/0f6595f3-bf29-4f80-a40d-f6263e60cc88
6d2e59e7-09c8-426a-bf52-dbd53887c09d,"Abu-Lughod, Lila","Veiled sentiments: honor and poetry in a Bedouin
         society",1986,202,Monograph,Libyan Bedouin,Africa,Northern Africa,pastoralists,,"152,619,628,682",https://ehrafworldcultures.yale.edu/sres/6d2e59e7-09c8-426a-bf52-dbd53887c09d
5491482a-fcfa-45ba-9574-e52a73af54f2,"Abu-Lughod, Lila","Veiled sentiments: honor and poetry in a Bedouin
         society",1986,202,Monograph,Libyan Bedouin,Africa,Northern Africa,pastoralists,,"152,5310,682",https://ehrafworldcultures.yale.edu/sres/5491482a-fcfa-45ba-9574-e52a73af54f2
e4ce6a1f-c9ba-4dcb-b18a-07c83aaa5457,"Abu-Lughod, Lila","Veiled sentiments: honor and poetry in a Bedouin
         society",1986,202,Monograph,Libyan Bedouin,Africa,Northern Africa,pastoralists,,"152,5310,682",https://ehrafworldcultures.yale.edu/sres/e4ce6a1f-c9ba-4dcb-b18a-07c83aaa5457
11e28068-80c7-4053-9739-b1a13be65d55,"Abu-Lughod, Lila","Veiled sentiments: honor and poetry in a Bedouin
         society",1986,203,Monograph,Libyan Bedouin,Africa,Northern Africa,pastoralists,,"152,682",https://ehrafworldcultures.yale.edu/sres/11e28068-80c7-4053-9739-b1a13be65d55
801328a2-bcb7-4c76-bb46-6fc2a05007e6,"Abu-Lughod, Lila","Veiled sentiments: honor and poetry in a Bedouin
         society",1986,203,Monograph,Libyan Bedouin,Africa,Northern Africa,pastoralists,,"195,5310,682",https://ehrafworldcultures.yale.edu/sres/801328a2-bcb7-4c76-bb46-6fc2a05007e6
531b4e31-90b1-4703-82ca-b1896a35dd2e,"Abu-Lughod, Lila","Veiled sentiments: honor and poetry in a Bedouin
         society",1986,204,Monograph,Libyan Bedouin,Africa,Northern Africa,pastoralists,,"152,682",https://ehrafworldcultures.yale.edu/sres/531b4e31-90b1-4703-82ca-b1896a35dd2e
a5130c11-fd6b-4f08-9e90-6eadf141b72d,"Abu-Lughod, Lila","Veiled sentiments: honor and poetry in a Bedouin
         society",1986,206,Monograph,Libyan Bedouin,Africa,Northern Africa,pastoralists,,"152,577,682",https://ehrafworldcultures.yale.edu/sres/a5130c11-fd6b-4f08-9e90-6eadf141b72d
0cc25dac-1ee9-403b-9942-a306d0090ed9,"Abu-Lughod, Lila","Veiled sentiments: honor and poetry in a Bedouin
         society",1986,220,Monograph,Libyan Bedouin,Africa,Northern Africa,pastoralists,,684,https://ehrafworldcultures.yale.edu/sres/0cc25dac-1ee9-403b-9942-a306d0090ed9
09fdb8e8-35f1-42d7-bb47-1ed16f9fa111,"Abu-Lughod, Lila","Veiled sentiments: honor and poetry in a Bedouin
         society",1986,220,Monograph,Libyan Bedouin,Africa,Northern Africa,pastoralists,,684,https://ehrafworldcultures.yale.edu/sres/09fdb8e8-35f1-42d7-bb47-1ed16f9fa111
cbe2ebec-a732-4634-9859-6fb4a5bbfad9,"Abu-Lughod, Lila","Veiled sentiments: honor and poetry in a Bedouin
         society",1986,222,Monograph,Libyan Bedouin,Africa,Northern Africa,pastoralists,,"593,684",https://ehrafworldcultures.yale.edu/sres/cbe2ebec-a732-4634-9859-6fb4a5bbfad9
298c2dc2-1e42-4a4d-b3c8-3d6559e94077,"Abu-Lughod, Lila","Veiled sentiments: honor and poetry in a Bedouin
         society",1986,250,Monograph,Libyan Bedouin,Africa,Northern Africa,pastoralists,,"5310,533,561,688,689",https://ehrafworldcultures.yale.edu/sres/298c2dc2-1e42-4a4d-b3c8-3d6559e94077
f6c53e1d-018f-4d26-9cfb-8e9d4b6b3fdd,"Abu-Lughod, Lila","Veiled sentiments: honor and poetry in a Bedouin
         society",1986,251,Monograph,Libyan Bedouin,Africa,Northern Africa,pastoralists,,"5310,689",https://ehrafworldcultures.yale.edu/sres/f6c53e1d-018f-4d26-9cfb-8e9d4b6b3fdd
d444dae4-9782-4f41-9556-7870d3dbcdd6,"Abu-Lughod, Lila","Veiled sentiments: honor and poetry in a Bedouin
         society",1986,252,Monograph,Libyan Bedouin,Africa,Northern Africa,pastoralists,,"5310,689",https://ehrafworldcultures.yale.edu/sres/d444dae4-9782-4f41-9556-7870d3dbcdd6
372a1406-c1b8-4f43-ae5f-4459058ad247,"Abu-Lughod, Lila","Veiled sentiments: honor and poetry in a Bedouin
         society",1986,252,Monograph,Libyan Bedouin,Africa,Northern Africa,pastoralists,,"5310,689",https://ehrafworldcultures.yale.edu/sres/372a1406-c1b8-4f43-ae5f-4459058ad247
3e63cefc-b6a1-4d9c-a833-01be510abdcd,"Murray, George William, 1885-",The Western Bedouin (El Mugharba),1935,280,"Component part(s), monograph",Libyan Bedouin,Africa,Northern Africa,pastoralists,,"181,619,682",https://ehrafworldcultures.yale.edu/sres/3e63cefc-b6a1-4d9c-a833-01be510abdcd
dfbe6765-50f6-4f8c-a20f-295e5d2a7832,"Murray, George William, 1885-",The Western Bedouin (El Mugharba),1935,280,"Component part(s), monograph",Libyan Bedouin,Africa,Northern Africa,pastoralists,,"181,619,682",https://ehrafworldcultures.yale.edu/sres/dfbe6765-50f6-4f8c-a20f-295e5d2a7832
35800779-498a-4df0-a083-da75584100d8,"Abu-Lughod, Lila",Writing women's worlds: Bedouin stories,1993,68,Monograph,Libyan Bedouin,Africa,Northern Africa,pastoralists,,"578,593,683,685,861,902",https://ehrafworldcultures.yale.edu/sres/35800779-498a-4df0-a083-da75584100d8
c1f572aa-f842-4e26-8296-89a2e3fbe12f,"Abu-Lughod, Lila",Writing women's worlds: Bedouin stories,1993,68,Monograph,Libyan Bedouin,Africa,Northern Africa,pastoralists,,"231,578,685,902",https://ehrafworldcultures.yale.edu/sres/c1f572aa-f842-4e26-8296-89a2e3fbe12f
c524bc0d-018e-446d-9638-606293efcd00,"Abu-Lughod, Lila",Writing women's worlds: Bedouin stories,1993,70,Monograph,Libyan Bedouin,Africa,Northern Africa,pastoralists,,"423,578,609,685,902",https://ehrafworldcultures.yale.edu/sres/c524bc0d-018e-446d-9638-606293efcd00
c6151ba0-82de-4f42-bb9f-f8484b963fb5,"Abu-Lughod, Lila",Writing women's worlds: Bedouin stories,1993,70,Monograph,Libyan Bedouin,Africa,Northern Africa,pastoralists,,"423,578,609,685,902",https://ehrafworldcultures.yale.edu/sres/c6151ba0-82de-4f42-bb9f-f8484b963fb5
268af14b-569c-4ad8-b694-fc186ceb0880,"Abu-Lughod, Lila",Writing women's worlds: Bedouin stories,1993,70,Monograph,Libyan Bedouin,Africa,Northern Africa,pastoralists,,"423,578,609,685,902",https://ehrafworldcultures.yale.edu/sres/268af14b-569c-4ad8-b694-fc186ceb0880
5c4b2606-c923-4dbc-89e7-d4976a2d3bf4,"Abu-Lughod, Lila",Writing women's worlds: Bedouin stories,1993,70,Monograph,Libyan Bedouin,Africa,Northern Africa,pastoralists,,"276,683,902",https://ehrafworldcultures.yale.edu/sres/5c4b2606-c923-4dbc-89e7-d4976a2d3bf4
650fadb4-4863-49ab-b3ef-d9df5d2d1ff1,"Abu-Lughod, Lila",Writing women's worlds: Bedouin stories,1993,73,Monograph,Libyan Bedouin,Africa,Northern Africa,pastoralists,,"578,602,603,609,683,789",https://ehrafworldcultures.yale.edu/sres/650fadb4-4863-49ab-b3ef-d9df5d2d1ff1
9702d3d8-0aa6-4cd9-b660-f1ea1a0ac906,"Abu-Lughod, Lila",Writing women's worlds: Bedouin stories,1993,80,Monograph,Libyan Bedouin,Africa,Northern Africa,pastoralists,,"5310,533,684",https://ehrafworldcultures.yale.edu/sres/9702d3d8-0aa6-4cd9-b660-f1ea1a0ac906
dc3b5fbe-bbf4-46a6-ade4-aed35de879ab,"Abu-Lughod, Lila",Shifting politics in Bedouin love poetry,1990,35,Essay,Libyan Bedouin,Africa,Northern Africa,pastoralists,,"5310,561,562,688,831",https://ehrafworldcultures.yale.edu/sres/dc3b5fbe-bbf4-46a6-ade4-aed35de879ab
18ba3879-1d06-4fe5-8d9f-df89811b34f6,"Davis, J. (John), 1938-","Libyan politics: tribe and revolution : an account of the
         Zuwaya and their government",1988,165,Monograph,Libyan Bedouin,Africa,Northern Africa,pastoralists,,"562,577,683,875,876,877",https://ehrafworldcultures.yale.edu/sres/18ba3879-1d06-4fe5-8d9f-df89811b34f6
6bd35b07-c212-4586-9588-ce47e6acbabb,"Abu-Lughod, Lila",Writing women's worlds: Bedouin stories,1993,99,Monograph,Libyan Bedouin,Africa,Northern Africa,pastoralists,,"578,593,684",https://ehrafworldcultures.yale.edu/sres/6bd35b07-c212-4586-9588-ce47e6acbabb
76e27d1f-b8c3-4353-8787-00181a968ff9,"Abu-Lughod, Lila",Writing women's worlds: Bedouin stories,1993,100,Monograph,Libyan Bedouin,Africa,Northern Africa,pastoralists,,"592,684",https://ehrafworldcultures.yale.edu/sres/76e27d1f-b8c3-4353-8787-00181a968ff9
2df3cbea-a3db-4ece-a1db-728f06e239f3,"Abu-Lughod, Lila",Writing women's worlds: Bedouin stories,1993,161,Monograph,Libyan Bedouin,Africa,Northern Africa,pastoralists,,"5310,684,902",https://ehrafworldcultures.yale.edu/sres/2df3cbea-a3db-4ece-a1db-728f06e239f3
d5045bd1-3677-41b6-9291-7fbf12b1f89f,"Abu-Lughod, Lila",Writing women's worlds: Bedouin stories,1993,161,Monograph,Libyan Bedouin,Africa,Northern Africa,pastoralists,,"5310,684,902",https://ehrafworldcultures.yale.edu/sres/d5045bd1-3677-41b6-9291-7fbf12b1f89f
1c86c9ff-2c6e-4eb0-baa2-bc8451ea335f,"Abu-Lughod, Lila",Writing women's worlds: Bedouin stories,1993,161,Monograph,Libyan Bedouin,Africa,Northern Africa,pastoralists,,"5310,684,902",https://ehrafworldcultures.yale.edu/sres/1c86c9ff-2c6e-4eb0-baa2-bc8451ea335f
2edf4eb8-cbf0-4ae3-817a-18fcb9c798fc,"Abu-Lughod, Lila",Writing women's worlds: Bedouin stories,1993,161,Monograph,Libyan Bedouin,Africa,Northern Africa,pastoralists,,"5310,684,902",https://ehrafworldcultures.yale.edu/sres/2edf4eb8-cbf0-4ae3-817a-18fcb9c798fc
d2b29606-1688-48e3-bd34-3bb1b14dd8c1,"Abu-Lughod, Lila",Writing women's worlds: Bedouin stories,1993,161,Monograph,Libyan Bedouin,Africa,Northern Africa,pastoralists,,"5310,684,902",https://ehrafworldcultures.yale.edu/sres/d2b29606-1688-48e3-bd34-3bb1b14dd8c1
81020c2d-e346-4d15-9802-f0088432c6e0,"Abu-Lughod, Lila",Writing women's worlds: Bedouin stories,1993,161,Monograph,Libyan Bedouin,Africa,Northern Africa,pastoralists,,"5310,684,902",https://ehrafworldcultures.yale.edu/sres/81020c2d-e346-4d15-9802-f0088432c6e0
cb793aa9-0efb-4d1a-b1d2-2c812ce96b25,"Abu-Lughod, Lila",Writing women's worlds: Bedouin stories,1993,161,Monograph,Libyan Bedouin,Africa,Northern Africa,pastoralists,,"5310,684,902",https://ehrafworldcultures.yale.edu/sres/cb793aa9-0efb-4d1a-b1d2-2c812ce96b25
16682874-5888-4be0-bda8-9cc7bac93863,"Abu-Lughod, Lila",Writing women's worlds: Bedouin stories,1993,162,Monograph,Libyan Bedouin,Africa,Northern Africa,pastoralists,,"5310,684,902",https://ehrafworldcultures.yale.edu/sres/16682874-5888-4be0-bda8-9cc7bac93863
e02724c9-b950-4620-ac4b-7c5eecbd0cc1,"Abu-Lughod, Lila",Writing women's worlds: Bedouin stories,1993,162,Monograph,Libyan Bedouin,Africa,Northern Africa,pastoralists,,"5310,684,902",https://ehrafworldcultures.yale.edu/sres/e02724c9-b950-4620-ac4b-7c5eecbd0cc1
583123d5-4aba-43e2-9623-ae053d86dfa3,"Abu-Lughod, Lila",Writing women's worlds: Bedouin stories,1993,171,Monograph,Libyan Bedouin,Africa,Northern Africa,pastoralists,,"361,582,584,682",https://ehrafworldcultures.yale.edu/sres/583123d5-4aba-43e2-9623-ae053d86dfa3
98f8c110-6662-4aee-99df-d34b3e087113,"Abu-Lughod, Lila",Writing women's worlds: Bedouin stories,1993,181,Monograph,Libyan Bedouin,Africa,Northern Africa,pastoralists,,"492,582,584,684",https://ehrafworldcultures.yale.edu/sres/98f8c110-6662-4aee-99df-d34b3e087113
42a075df-089e-449d-afa3-06ac299ccbbf,"Abu-Lughod, Lila",Writing women's worlds: Bedouin stories,1993,182,Monograph,Libyan Bedouin,Africa,Northern Africa,pastoralists,,"492,582,584,684",https://ehrafworldcultures.yale.edu/sres/42a075df-089e-449d-afa3-06ac299ccbbf
a0c52c9d-8444-4818-85de-eac217e62804,"Abu-Lughod, Lila",Writing women's worlds: Bedouin stories,1993,182,Monograph,Libyan Bedouin,Africa,Northern Africa,pastoralists,,"492,582,584,684",https://ehrafworldcultures.yale.edu/sres/a0c52c9d-8444-4818-85de-eac217e62804
04c4d6e5-8197-412d-bf02-1448921fb954,"Abu-Lughod, Lila",Writing women's worlds: Bedouin stories,1993,182,Monograph,Libyan Bedouin,Africa,Northern Africa,pastoralists,,"492,582,584,684",https://ehrafworldcultures.yale.edu/sres/04c4d6e5-8197-412d-bf02-1448921fb954
1447742e-1945-4bea-899c-ac7589931bdb,"Abu-Lughod, Lila",Writing women's worlds: Bedouin stories,1993,199,Monograph,Libyan Bedouin,Africa,Northern Africa,pastoralists,,"585,684",https://ehrafworldcultures.yale.edu/sres/1447742e-1945-4bea-899c-ac7589931bdb
204273b2-ad5f-402d-a2aa-240748678909,"Abu-Lughod, Lila",Writing women's worlds: Bedouin stories,1993,199,Monograph,Libyan Bedouin,Africa,Northern Africa,pastoralists,,"585,684",https://ehrafworldcultures.yale.edu/sres/204273b2-ad5f-402d-a2aa-240748678909
c6400f57-6710-4d1d-bef9-bb48a645afc0,"Abu-Lughod, Lila",Writing women's worlds: Bedouin stories,1993,215,Monograph,Libyan Bedouin,Africa,Northern Africa,pastoralists,,"593,683,861",https://ehrafworldcultures.yale.edu/sres/c6400f57-6710-4d1d-bef9-bb48a645afc0
69261335-ca99-491f-bcf9-c2974e806fbb,"Abu-Lughod, Lila",Writing women's worlds: Bedouin stories,1993,215,Monograph,Libyan Bedouin,Africa,Northern Africa,pastoralists,,"593,683,861",https://ehrafworldcultures.yale.edu/sres/69261335-ca99-491f-bcf9-c2974e806fbb
177a3153-305b-41ce-b916-b0d040463b5c,"Abu-Lughod, Lila",Writing women's worlds: Bedouin stories,1993,216,Monograph,Libyan Bedouin,Africa,Northern Africa,pastoralists,,"273,593,683,688,861",https://ehrafworldcultures.yale.edu/sres/177a3153-305b-41ce-b916-b0d040463b5c
d442c4b4-71e9-4c87-b0a1-6aae216ae976,"Abu-Lughod, Lila",Writing women's worlds: Bedouin stories,1993,216,Monograph,Libyan Bedouin,Africa,Northern Africa,pastoralists,,"273,593,683,688,861",https://ehrafworldcultures.yale.edu/sres/d442c4b4-71e9-4c87-b0a1-6aae216ae976
529bcef6-6ea7-459f-9a28-4d8b16df6f14,"Abu-Lughod, Lila",Writing women's worlds: Bedouin stories,1993,216,Monograph,Libyan Bedouin,Africa,Northern Africa,pastoralists,,"273,593,683,688,861",https://ehrafworldcultures.yale.edu/sres/529bcef6-6ea7-459f-9a28-4d8b16df6f14
03fb12f5-03a2-4dd1-8b05-8b8607db26d4,"Abu-Lughod, Lila",Writing women's worlds: Bedouin stories,1993,216,Monograph,Libyan Bedouin,Africa,Northern Africa,pastoralists,,"273,593,683,688,861",https://ehrafworldcultures.yale.edu/sres/03fb12f5-03a2-4dd1-8b05-8b8607db26d4
7429fd93-2080-46cb-9b86-405bf46ea346,"Abu-Lughod, Lila",Writing women's worlds: Bedouin stories,1993,216,Monograph,Libyan Bedouin,Africa,Northern Africa,pastoralists,,"273,593,683,688,861",https://ehrafworldcultures.yale.edu/sres/7429fd93-2080-46cb-9b86-405bf46ea346
c24ba455-0f08-4db4-9439-34b69a2292d9,"Abu-Lughod, Lila",Writing women's worlds: Bedouin stories,1993,216,Monograph,Libyan Bedouin,Africa,Northern Africa,pastoralists,,"273,593,683,688,861",https://ehrafworldcultures.yale.edu/sres/c24ba455-0f08-4db4-9439-34b69a2292d9
2c3fee02-a48c-4058-a3f8-f18832cf079b,"Abu-Lughod, Lila",Writing women's worlds: Bedouin stories,1993,216,Monograph,Libyan Bedouin,Africa,Northern Africa,pastoralists,,"273,593,683,688,861",https://ehrafworldcultures.yale.edu/sres/2c3fee02-a48c-4058-a3f8-f18832cf079b
994536c4-3547-49a5-ae6e-abf12b352ac5,"Abu-Lughod, Lila",Writing women's worlds: Bedouin stories,1993,216,Monograph,Libyan Bedouin,Africa,Northern Africa,pastoralists,,"273,593,683,688,861",https://ehrafworldcultures.yale.edu/sres/994536c4-3547-49a5-ae6e-abf12b352ac5
3c364bb8-be81-4db6-a253-14630f9e239e,"Abu-Lughod, Lila",Writing women's worlds: Bedouin stories,1993,216,Monograph,Libyan Bedouin,Africa,Northern Africa,pastoralists,,"273,593,683,688,861",https://ehrafworldcultures.yale.edu/sres/3c364bb8-be81-4db6-a253-14630f9e239e
729cf355-1d07-451c-a0a3-ebd51357e17b,"Abu-Lughod, Lila",Writing women's worlds: Bedouin stories,1993,216,Monograph,Libyan Bedouin,Africa,Northern Africa,pastoralists,,"273,593,683,688,861",https://ehrafworldcultures.yale.edu/sres/729cf355-1d07-451c-a0a3-ebd51357e17b
876243d1-12fa-4fc5-8127-95a2c9ff3b26,"Abu-Lughod, Lila",Writing women's worlds: Bedouin stories,1993,216,Monograph,Libyan Bedouin,Africa,Northern Africa,pastoralists,,"273,593,683,688,861",https://ehrafworldcultures.yale.edu/sres/876243d1-12fa-4fc5-8127-95a2c9ff3b26
7ad56d24-caa8-481a-913e-b7e034a2601b,"Abu-Lughod, Lila",Writing women's worlds: Bedouin stories,1993,217,Monograph,Libyan Bedouin,Africa,Northern Africa,pastoralists,,"578,593,683,688,861",https://ehrafworldcultures.yale.edu/sres/7ad56d24-caa8-481a-913e-b7e034a2601b
c42b46ac-af10-4352-b1ec-f7bbb07710bb,"Abu-Lughod, Lila",Writing women's worlds: Bedouin stories,1993,217,Monograph,Libyan Bedouin,Africa,Northern Africa,pastoralists,,"578,593,683,688,861",https://ehrafworldcultures.yale.edu/sres/c42b46ac-af10-4352-b1ec-f7bbb07710bb
3366d37b-d297-4106-b07d-11cf1292de86,"Abu-Lughod, Lila",Writing women's worlds: Bedouin stories,1993,217,Monograph,Libyan Bedouin,Africa,Northern Africa,pastoralists,,"578,593,683,688,861",https://ehrafworldcultures.yale.edu/sres/3366d37b-d297-4106-b07d-11cf1292de86
25c7941c-a90f-4677-a920-5f0b91e7fc8b,"Abu-Lughod, Lila",Writing women's worlds: Bedouin stories,1993,217,Monograph,Libyan Bedouin,Africa,Northern Africa,pastoralists,,"578,593,683,688,861",https://ehrafworldcultures.yale.edu/sres/25c7941c-a90f-4677-a920-5f0b91e7fc8b
b0a66800-a350-4463-8522-d5a34d1e2091,"Abu-Lughod, Lila",Writing women's worlds: Bedouin stories,1993,217,Monograph,Libyan Bedouin,Africa,Northern Africa,pastoralists,,"578,593,683,688,861",https://ehrafworldcultures.yale.edu/sres/b0a66800-a350-4463-8522-d5a34d1e2091
589201e9-287d-4209-a867-5bfdc31c2966,"Abu-Lughod, Lila",Writing women's worlds: Bedouin stories,1993,217,Monograph,Libyan Bedouin,Africa,Northern Africa,pastoralists,,"585,688",https://ehrafworldcultures.yale.edu/sres/589201e9-287d-4209-a867-5bfdc31c2966
66083804-e3bb-4b96-83fd-e0da6d5fcd91,"Kennett, Austin",Bloodmoney: Western Desert,1925,/p.60/,"Component part(s), monograph",Libyan Bedouin,Africa,Northern Africa,pastoralists,,"171,435,562,682",https://ehrafworldcultures.yale.edu/sres/66083804-e3bb-4b96-83fd-e0da6d5fcd91
9f641f25-e192-4a32-9edb-6a8a303133ad,"Kennett, Austin",Bloodmoney: Western Desert,1925,/p.60/,"Component part(s), monograph",Libyan Bedouin,Africa,Northern Africa,pastoralists,,"562,682,695",https://ehrafworldcultures.yale.edu/sres/9f641f25-e192-4a32-9edb-6a8a303133ad
dfa85586-4b5f-4d82-88dc-08274ad940ed,"Kennett, Austin",Bloodmoney: Western Desert,1925,/p.60/,"Component part(s), monograph",Libyan Bedouin,Africa,Northern Africa,pastoralists,,"621,682",https://ehrafworldcultures.yale.edu/sres/dfa85586-4b5f-4d82-88dc-08274ad940ed
1c78a7e4-bbeb-47c2-8db4-f33a89a71503,"Kennett, Austin",Bloodmoney: Western Desert,1925,61,"Component part(s), monograph",Libyan Bedouin,Africa,Northern Africa,pastoralists,,"674,682",https://ehrafworldcultures.yale.edu/sres/1c78a7e4-bbeb-47c2-8db4-f33a89a71503
e429d9a8-1dbc-40a8-9e22-c88174b67d9f,"Kennett, Austin",Bloodmoney: Western Desert,1925,61,"Component part(s), monograph",Libyan Bedouin,Africa,Northern Africa,pastoralists,,"674,682",https://ehrafworldcultures.yale.edu/sres/e429d9a8-1dbc-40a8-9e22-c88174b67d9f
a02b1d60-706d-4b0b-9243-63bdafd83e98,"Kennett, Austin",Bloodmoney: Western Desert,1925,62,"Component part(s), monograph",Libyan Bedouin,Africa,Northern Africa,pastoralists,,"674,682",https://ehrafworldcultures.yale.edu/sres/a02b1d60-706d-4b0b-9243-63bdafd83e98
10f9b28d-4b46-4199-afca-037eacfb6d3d,"Kennett, Austin",Bloodmoney: Western Desert,1925,63,"Component part(s), monograph",Libyan Bedouin,Africa,Northern Africa,pastoralists,,"671,672,682",https://ehrafworldcultures.yale.edu/sres/10f9b28d-4b46-4199-afca-037eacfb6d3d
8599251e-7b1a-403e-9d3a-97a4f814185d,"Kennett, Austin",Bloodmoney: Western Desert,1925,63,"Component part(s), monograph",Libyan Bedouin,Africa,Northern Africa,pastoralists,,"671,672,682,695",https://ehrafworldcultures.yale.edu/sres/8599251e-7b1a-403e-9d3a-97a4f814185d
068bc683-77b6-4084-a704-2da84b2236f0,"Kennett, Austin",Bloodmoney: Western Desert,1925,63,"Component part(s), monograph",Libyan Bedouin,Africa,Northern Africa,pastoralists,,"312,671,672,682",https://ehrafworldcultures.yale.edu/sres/068bc683-77b6-4084-a704-2da84b2236f0
e24d6625-8514-477f-a350-50006daff67c,"Kennett, Austin",Bloodmoney: Western Desert,1925,64,"Component part(s), monograph",Libyan Bedouin,Africa,Northern Africa,pastoralists,,"312,671,672,682",https://ehrafworldcultures.yale.edu/sres/e24d6625-8514-477f-a350-50006daff67c
64de66da-7a15-4101-b729-9ade4c7d0533,"Kennett, Austin",Bloodmoney: Western Desert,1925,64,"Component part(s), monograph",Libyan Bedouin,Africa,Northern Africa,pastoralists,,"671,672,682",https://ehrafworldcultures.yale.edu/sres/64de66da-7a15-4101-b729-9ade4c7d0533
0d0e2519-918e-4835-9258-7db5dafe4e2b,"Kennett, Austin",Bloodmoney: Western Desert,1925,64,"Component part(s), monograph",Libyan Bedouin,Africa,Northern Africa,pastoralists,,"312,671,672,682",https://ehrafworldcultures.yale.edu/sres/0d0e2519-918e-4835-9258-7db5dafe4e2b
46353abd-23fc-437b-b685-b8951195c3d2,"Kennett, Austin",Bloodmoney: Western Desert,1925,64,"Component part(s), monograph",Libyan Bedouin,Africa,Northern Africa,pastoralists,,"671,672,682",https://ehrafworldcultures.yale.edu/sres/46353abd-23fc-437b-b685-b8951195c3d2
5fe28f5b-2930-4ada-af2a-b71dcc4b8b8e,"Kennett, Austin",Bloodmoney: Western Desert,1925,65,"Component part(s), monograph",Libyan Bedouin,Africa,Northern Africa,pastoralists,,"671,672,682",https://ehrafworldcultures.yale.edu/sres/5fe28f5b-2930-4ada-af2a-b71dcc4b8b8e
a5af5751-928f-4b5f-91bc-c82fb3e7d701,"Kennett, Austin",Bloodmoney: Western Desert,1925,65,"Component part(s), monograph",Libyan Bedouin,Africa,Northern Africa,pastoralists,,"123,177,671,672,682",https://ehrafworldcultures.yale.edu/sres/a5af5751-928f-4b5f-91bc-c82fb3e7d701
c28b8830-93ea-44c9-a63e-cb8d040f4c06,"Kennett, Austin",Bloodmoney: Western Desert,1925,65,"Component part(s), monograph",Libyan Bedouin,Africa,Northern Africa,pastoralists,,"671,672,682,694",https://ehrafworldcultures.yale.edu/sres/c28b8830-93ea-44c9-a63e-cb8d040f4c06
e2495977-8a29-4efe-a942-946698af2f35,"Kennett, Austin",Bloodmoney: Western Desert,1925,66,"Component part(s), monograph",Libyan Bedouin,Africa,Northern Africa,pastoralists,,"671,672,682,694",https://ehrafworldcultures.yale.edu/sres/e2495977-8a29-4efe-a942-946698af2f35
9a8e3d26-73e1-4045-b7c5-f270743e8277,"Kennett, Austin",Bloodmoney: Western Desert,1925,66,"Component part(s), monograph",Libyan Bedouin,Africa,Northern Africa,pastoralists,,"671,672,682",https://ehrafworldcultures.yale.edu/sres/9a8e3d26-73e1-4045-b7c5-f270743e8277
900d2c37-af3c-4290-af74-ec29d292bdce,"Kennett, Austin",Bloodmoney: Western Desert,1925,66,"Component part(s), monograph",Libyan Bedouin,Africa,Northern Africa,pastoralists,,"671,672,682",https://ehrafworldcultures.yale.edu/sres/900d2c37-af3c-4290-af74-ec29d292bdce
e1cb49cf-781d-4374-9730-a1dfeda90984,"Kennett, Austin",Bloodmoney: Western Desert,1925,66,"Component part(s), monograph",Libyan Bedouin,Africa,Northern Africa,pastoralists,,"672,683",https://ehrafworldcultures.yale.edu/sres/e1cb49cf-781d-4374-9730-a1dfeda90984
f79c88d4-4022-4362-bf41-62f73374b0a9,"Kennett, Austin",Bloodmoney: Western Desert,1925,67,"Component part(s), monograph",Libyan Bedouin,Africa,Northern Africa,pastoralists,,"672,682,683,694",https://ehrafworldcultures.yale.edu/sres/f79c88d4-4022-4362-bf41-62f73374b0a9
4f904480-e628-4f0b-bbe2-73c9d3c03154,"Kennett, Austin",Bloodmoney: Western Desert,1925,67,"Component part(s), monograph",Libyan Bedouin,Africa,Northern Africa,pastoralists,,"672,682,683,694",https://ehrafworldcultures.yale.edu/sres/4f904480-e628-4f0b-bbe2-73c9d3c03154
f8d36c9d-576a-495c-ae52-76d92aae4fb8,"Kennett, Austin",Bloodmoney: Western Desert,1925,67,"Component part(s), monograph",Libyan Bedouin,Africa,Northern Africa,pastoralists,,"672,682,683,694",https://ehrafworldcultures.yale.edu/sres/f8d36c9d-576a-495c-ae52-76d92aae4fb8
9d492b8e-c0f7-4eef-ae3f-64e895e0dcb4,"Kennett, Austin",Bloodmoney: Western Desert,1925,67,"Component part(s), monograph",Libyan Bedouin,Africa,Northern Africa,pastoralists,,"672,682,683,694",https://ehrafworldcultures.yale.edu/sres/9d492b8e-c0f7-4eef-ae3f-64e895e0dcb4
ff9b6695-f6ad-482b-bb68-bbf8f99c3e73,"Kennett, Austin",Bloodmoney: Western Desert,1925,68,"Component part(s), monograph",Libyan Bedouin,Africa,Northern Africa,pastoralists,,"672,682,683,695",https://ehrafworldcultures.yale.edu/sres/ff9b6695-f6ad-482b-bb68-bbf8f99c3e73
076dba88-7ed3-418a-a849-20fad37aab8e,"Kennett, Austin",Bloodmoney: Western Desert,1925,68,"Component part(s), monograph",Libyan Bedouin,Africa,Northern Africa,pastoralists,,"672,682,683,695",https://ehrafworldcultures.yale.edu/sres/076dba88-7ed3-418a-a849-20fad37aab8e
c0fe4e15-ca6e-4f6b-a59f-8b82304c62d6,"Kennett, Austin",Bloodmoney: Western Desert,1925,68,"Component part(s), monograph",Libyan Bedouin,Africa,Northern Africa,pastoralists,,"672,682,683,695",https://ehrafworldcultures.yale.edu/sres/c0fe4e15-ca6e-4f6b-a59f-8b82304c62d6
ea16e785-509f-448b-90cf-f76e63c0c9e5,"Kennett, Austin",Bloodmoney: Western Desert,1925,69,"Component part(s), monograph",Libyan Bedouin,Africa,Northern Africa,pastoralists,,"672,682,683,695",https://ehrafworldcultures.yale.edu/sres/ea16e785-509f-448b-90cf-f76e63c0c9e5
cd559a69-4ecc-45ab-b7c5-16c458cc4138,"Kennett, Austin",Bloodmoney: Western Desert,1925,69,"Component part(s), monograph",Libyan Bedouin,Africa,Northern Africa,pastoralists,,"672,682,693",https://ehrafworldcultures.yale.edu/sres/cd559a69-4ecc-45ab-b7c5-16c458cc4138
ae593e44-9610-4237-b1b0-ab8b3d2150cf,"Kennett, Austin",Bloodmoney: Western Desert,1925,69,"Component part(s), monograph",Libyan Bedouin,Africa,Northern Africa,pastoralists,,"672,682",https://ehrafworldcultures.yale.edu/sres/ae593e44-9610-4237-b1b0-ab8b3d2150cf
6ec97d61-44a8-4c0a-8129-aac599d1cff1,"Kennett, Austin",Bloodmoney: Western Desert,1925,70,"Component part(s), monograph",Libyan Bedouin,Africa,Northern Africa,pastoralists,,"672,682,693,695",https://ehrafworldcultures.yale.edu/sres/6ec97d61-44a8-4c0a-8129-aac599d1cff1
85ee7912-4564-443e-87e7-76d0ec4337b0,"Kennett, Austin",Bloodmoney: Western Desert,1925,70,"Component part(s), monograph",Libyan Bedouin,Africa,Northern Africa,pastoralists,,"672,682,693,695",https://ehrafworldcultures.yale.edu/sres/85ee7912-4564-443e-87e7-76d0ec4337b0
ba230aa7-1aab-4a8e-9041-0f8fa0932515,"Kennett, Austin",Bloodmoney: Western Desert,1925,70,"Component part(s), monograph",Libyan Bedouin,Africa,Northern Africa,pastoralists,,"672,682,693,695",https://ehrafworldcultures.yale.edu/sres/ba230aa7-1aab-4a8e-9041-0f8fa0932515
123768cc-a8d4-46ca-8789-c5e4abaa05d8,"Kennett, Austin",Bloodmoney: Western Desert,1925,71,"Component part(s), monograph",Libyan Bedouin,Africa,Northern Africa,pastoralists,,"672,682,685,693,695",https://ehrafworldcultures.yale.edu/sres/123768cc-a8d4-46ca-8789-c5e4abaa05d8
092c712b-a564-40f0-bb10-fc11ddcb0bc0,"Kennett, Austin",Bloodmoney: Western Desert,1925,71,"Component part(s), monograph",Libyan Bedouin,Africa,Northern Africa,pastoralists,,"435,672,682",https://ehrafworldcultures.yale.edu/sres/092c712b-a564-40f0-bb10-fc11ddcb0bc0
f252d4bd-6fb9-42a1-9d5c-aadba26ab295,"Kennett, Austin",Bloodmoney: Western Desert,1925,71,"Component part(s), monograph",Libyan Bedouin,Africa,Northern Africa,pastoralists,,"628,672,682",https://ehrafworldcultures.yale.edu/sres/f252d4bd-6fb9-42a1-9d5c-aadba26ab295
d1d8241b-279d-45f1-b938-f19d89028546,"Kennett, Austin",Bloodmoney: Western Desert,1925,71,"Component part(s), monograph",Libyan Bedouin,Africa,Northern Africa,pastoralists,,"628,672,682",https://ehrafworldcultures.yale.edu/sres/d1d8241b-279d-45f1-b938-f19d89028546
cf5bd15d-329b-4b31-93fa-547db13f5932,"Kennett, Austin",Bloodmoney: Western Desert,1925,72,"Component part(s), monograph",Libyan Bedouin,Africa,Northern Africa,pastoralists,,"628,672,682",https://ehrafworldcultures.yale.edu/sres/cf5bd15d-329b-4b31-93fa-547db13f5932
abeb0791-e59a-4e40-b7d1-2e2ec9be3b0a,"Kennett, Austin",Bloodmoney: Western Desert,1925,72,"Component part(s), monograph",Libyan Bedouin,Africa,Northern Africa,pastoralists,,"628,672,682",https://ehrafworldcultures.yale.edu/sres/abeb0791-e59a-4e40-b7d1-2e2ec9be3b0a
66e23d6c-13d6-4c0c-be99-84d228c01274,"Kennett, Austin",Bloodmoney: Western Desert,1925,72,"Component part(s), monograph",Libyan Bedouin,Africa,Northern Africa,pastoralists,,"628,672,682",https://ehrafworldcultures.yale.edu/sres/66e23d6c-13d6-4c0c-be99-84d228c01274
b70b03be-0e79-4563-a7fe-1a7923e9d556,"Kennett, Austin",Bloodmoney: Western Desert,1925,73,"Component part(s), monograph",Libyan Bedouin,Africa,Northern Africa,pastoralists,,"628,672,682",https://ehrafworldcultures.yale.edu/sres/b70b03be-0e79-4563-a7fe-1a7923e9d556
00f05919-dde5-4a1d-b23f-f254b25d7e3b,"Kennett, Austin",Bloodmoney: Western Desert,1925,73,"Component part(s), monograph",Libyan Bedouin,Africa,Northern Africa,pastoralists,,"628,672,682",https://ehrafworldcultures.yale.edu/sres/00f05919-dde5-4a1d-b23f-f254b25d7e3b
bf2cfe94-ddd4-4810-80bc-7336ea13c71f,"Kennett, Austin",Bloodmoney: Western Desert,1925,73,"Component part(s), monograph",Libyan Bedouin,Africa,Northern Africa,pastoralists,,"671,683",https://ehrafworldcultures.yale.edu/sres/bf2cfe94-ddd4-4810-80bc-7336ea13c71f
363dbc8a-a4d4-4e21-9fda-078960408cba,"Kennett, Austin",Bloodmoney: Western Desert,1925,73,"Component part(s), monograph",Libyan Bedouin,Africa,Northern Africa,pastoralists,,"233,578,685",https://ehrafworldcultures.yale.edu/sres/363dbc8a-a4d4-4e21-9fda-078960408cba
c2c6a6b4-5287-4816-b856-bf1845e699c1,"Kennett, Austin",Bloodmoney: Western Desert,1925,74,"Component part(s), monograph",Libyan Bedouin,Africa,Northern Africa,pastoralists,,683,https://ehrafworldcultures.yale.edu/sres/c2c6a6b4-5287-4816-b856-bf1845e699c1
0502cd57-7be6-46ee-ac23-04db0012b553,"Kennett, Austin",Bloodmoney: Western Desert,1925,74,"Component part(s), monograph",Libyan Bedouin,Africa,Northern Africa,pastoralists,,"114,682,683,694",https://ehrafworldcultures.yale.edu/sres/0502cd57-7be6-46ee-ac23-04db0012b553
76790820-8974-49ec-94ce-b2f37d1bffd6,"Kennett, Austin",Bloodmoney: Western Desert,1925,74,"Component part(s), monograph",Libyan Bedouin,Africa,Northern Africa,pastoralists,,"672,682,683,695",https://ehrafworldcultures.yale.edu/sres/76790820-8974-49ec-94ce-b2f37d1bffd6
a7254b3d-4163-4cb1-8e6d-ca38ac6586ab,"Kennett, Austin",Bloodmoney: Western Desert,1925,75,"Component part(s), monograph",Libyan Bedouin,Africa,Northern Africa,pastoralists,,"171,435,562,682",https://ehrafworldcultures.yale.edu/sres/a7254b3d-4163-4cb1-8e6d-ca38ac6586ab
23c062c0-bf41-4399-91bb-5790e4e855c6,"Kennett, Austin",Bloodmoney: Western Desert,1925,75,"Component part(s), monograph",Libyan Bedouin,Africa,Northern Africa,pastoralists,,"672,682",https://ehrafworldcultures.yale.edu/sres/23c062c0-bf41-4399-91bb-5790e4e855c6
3baf93ca-ff09-4819-b1bb-a29a536d5178,"Kennett, Austin",Bloodmoney: Western Desert,1925,76,"Component part(s), monograph",Libyan Bedouin,Africa,Northern Africa,pastoralists,,"671,672,682,695",https://ehrafworldcultures.yale.edu/sres/3baf93ca-ff09-4819-b1bb-a29a536d5178
cd8e142c-69de-457f-aa7f-0e9438e2a983,"Kennett, Austin",Bloodmoney: Western Desert,1925,76,"Component part(s), monograph",Libyan Bedouin,Africa,Northern Africa,pastoralists,,"672,682,695",https://ehrafworldcultures.yale.edu/sres/cd8e142c-69de-457f-aa7f-0e9438e2a983
df5e85b5-4ac4-4bf9-ad16-863facdd869c,"Kennett, Austin",Bloodmoney: Western Desert,1925,76,"Component part(s), monograph",Libyan Bedouin,Africa,Northern Africa,pastoralists,,"586,671,672,682,695",https://ehrafworldcultures.yale.edu/sres/df5e85b5-4ac4-4bf9-ad16-863facdd869c
8c481bf7-446f-48f3-9821-c8a5ac677cf6,"Kennett, Austin",Bloodmoney: Western Desert,1925,76,"Component part(s), monograph",Libyan Bedouin,Africa,Northern Africa,pastoralists,,"672,682,694,695",https://ehrafworldcultures.yale.edu/sres/8c481bf7-446f-48f3-9821-c8a5ac677cf6
87037c43-2b5e-4481-9d01-cb5236739c19,"Kennett, Austin",Bloodmoney: Western Desert,1925,77,"Component part(s), monograph",Libyan Bedouin,Africa,Northern Africa,pastoralists,,"672,682,694,695",https://ehrafworldcultures.yale.edu/sres/87037c43-2b5e-4481-9d01-cb5236739c19
7ff3f133-0d81-4c6b-92d7-5a9da7473958,"Kennett, Austin",Bloodmoney: Western Desert,1925,77,"Component part(s), monograph",Libyan Bedouin,Africa,Northern Africa,pastoralists,,"672,682,694,695",https://ehrafworldcultures.yale.edu/sres/7ff3f133-0d81-4c6b-92d7-5a9da7473958
43a87f9c-fee5-4cf4-8dc5-4cb9d55cdb81,"Kennett, Austin",Bloodmoney: Western Desert,1925,78,"Component part(s), monograph",Libyan Bedouin,Africa,Northern Africa,pastoralists,,"672,682,694,695",https://ehrafworldcultures.yale.edu/sres/43a87f9c-fee5-4cf4-8dc5-4cb9d55cdb81
739c3fff-93f0-413d-bd67-01a57a1c3bec,"Kennett, Austin",Bloodmoney: Western Desert,1925,78,"Component part(s), monograph",Libyan Bedouin,Africa,Northern Africa,pastoralists,,"672,682,695",https://ehrafworldcultures.yale.edu/sres/739c3fff-93f0-413d-bd67-01a57a1c3bec
3d2d45c6-46da-480e-82ed-ee31ca54327a,"Obermeyer, Gerald Joseph, 1935-","Structure and authority in a Bedouin tribe: the 'Aishabit of
         the Western Desert of Egypt",1969,84,Monograph,Libyan Bedouin,Africa,Northern Africa,pastoralists,,"608,613,619,628,675,682",https://ehrafworldcultures.yale.edu/sres/3d2d45c6-46da-480e-82ed-ee31ca54327a
977528e1-e12f-42c4-8c9f-e4d6d3bb420d,"Obermeyer, Gerald Joseph, 1935-","Structure and authority in a Bedouin tribe: the 'Aishabit of
         the Western Desert of Egypt",1969,106,Monograph,Libyan Bedouin,Africa,Northern Africa,pastoralists,,"582,593,613,684,851",https://ehrafworldcultures.yale.edu/sres/977528e1-e12f-42c4-8c9f-e4d6d3bb420d
02bbda13-440f-40e9-89b2-8d7be69bc94c,"Obermeyer, Gerald Joseph, 1935-","Structure and authority in a Bedouin tribe: the 'Aishabit of
         the Western Desert of Egypt",1969,118,Monograph,Libyan Bedouin,Africa,Northern Africa,pastoralists,,"582,584,613,686",https://ehrafworldcultures.yale.edu/sres/02bbda13-440f-40e9-89b2-8d7be69bc94c
d1204d96-cddc-44a6-a232-156b80b46784,"Obermeyer, Gerald Joseph, 1935-","Structure and authority in a Bedouin tribe: the 'Aishabit of
         the Western Desert of Egypt",1969,122,Monograph,Libyan Bedouin,Africa,Northern Africa,pastoralists,,"585,684",https://ehrafworldcultures.yale.edu/sres/d1204d96-cddc-44a6-a232-156b80b46784
e52a66db-25a2-4557-ae0d-b3b63450e3ed,"Obermeyer, Gerald Joseph, 1935-","Structure and authority in a Bedouin tribe: the 'Aishabit of
         the Western Desert of Egypt",1969,145,Monograph,Libyan Bedouin,Africa,Northern Africa,pastoralists,,"571,613,621,672,682,884",https://ehrafworldcultures.yale.edu/sres/e52a66db-25a2-4557-ae0d-b3b63450e3ed
ee97ccea-00d7-4ef4-bdb6-798bc1bd2c71,"Obermeyer, Gerald Joseph, 1935-","Structure and authority in a Bedouin tribe: the 'Aishabit of
         the Western Desert of Egypt",1969,146,Monograph,Libyan Bedouin,Africa,Northern Africa,pastoralists,,"174,196,613,666,682",https://ehrafworldcultures.yale.edu/sres/ee97ccea-00d7-4ef4-bdb6-798bc1bd2c71
20219067-f67e-45da-988c-a0bbdeadf04e,"Obermeyer, Gerald Joseph, 1935-","Structure and authority in a Bedouin tribe: the 'Aishabit of
         the Western Desert of Egypt",1969,147,Monograph,Libyan Bedouin,Africa,Northern Africa,pastoralists,,"174,196,613,682",https://ehrafworldcultures.yale.edu/sres/20219067-f67e-45da-988c-a0bbdeadf04e
fbd66aef-25d8-4384-b181-2dd1eeaa283b,"Obermeyer, Gerald Joseph, 1935-","Structure and authority in a Bedouin tribe: the 'Aishabit of
         the Western Desert of Egypt",1969,154,Monograph,Libyan Bedouin,Africa,Northern Africa,pastoralists,,"181,554,578,613,681,682",https://ehrafworldcultures.yale.edu/sres/fbd66aef-25d8-4384-b181-2dd1eeaa283b
34af60ea-888c-458c-a51f-2de44c290a00,"Obermeyer, Gerald Joseph, 1935-","Structure and authority in a Bedouin tribe: the 'Aishabit of
         the Western Desert of Egypt",1969,155,Monograph,Libyan Bedouin,Africa,Northern Africa,pastoralists,,"554,578,613,666,682",https://ehrafworldcultures.yale.edu/sres/34af60ea-888c-458c-a51f-2de44c290a00
766304c1-c22a-488f-b98f-79c1e8f92a8c,"Obermeyer, Gerald Joseph, 1935-","Structure and authority in a Bedouin tribe: the 'Aishabit of
         the Western Desert of Egypt",1969,156,Monograph,Libyan Bedouin,Africa,Northern Africa,pastoralists,,"178,231,435,436,556,571,613,682",https://ehrafworldcultures.yale.edu/sres/766304c1-c22a-488f-b98f-79c1e8f92a8c
7faa3ba1-3d21-4fc8-9f17-eae879d02aa9,"Obermeyer, Gerald Joseph, 1935-","Structure and authority in a Bedouin tribe: the 'Aishabit of
         the Western Desert of Egypt",1969,156,Monograph,Libyan Bedouin,Africa,Northern Africa,pastoralists,,"554,571,613,682",https://ehrafworldcultures.yale.edu/sres/7faa3ba1-3d21-4fc8-9f17-eae879d02aa9
9b180508-178f-4c2a-a0e8-2b9202231c55,"Obermeyer, Gerald Joseph, 1935-","Structure and authority in a Bedouin tribe: the 'Aishabit of
         the Western Desert of Egypt",1969,159,Monograph,Libyan Bedouin,Africa,Northern Africa,pastoralists,,"554,613,687",https://ehrafworldcultures.yale.edu/sres/9b180508-178f-4c2a-a0e8-2b9202231c55
47c1bee7-4cf7-490e-909c-ef5a28ad3312,"Obermeyer, Gerald Joseph, 1935-","Structure and authority in a Bedouin tribe: the 'Aishabit of
         the Western Desert of Egypt",1969,160,Monograph,Libyan Bedouin,Africa,Northern Africa,pastoralists,,"554,578,613,688,692",https://ehrafworldcultures.yale.edu/sres/47c1bee7-4cf7-490e-909c-ef5a28ad3312
2484344c-d492-4f03-8f27-22428f9253eb,"Obermeyer, Gerald Joseph, 1935-","Structure and authority in a Bedouin tribe: the 'Aishabit of
         the Western Desert of Egypt",1969,161,Monograph,Libyan Bedouin,Africa,Northern Africa,pastoralists,,"613,671,681,692,695",https://ehrafworldcultures.yale.edu/sres/2484344c-d492-4f03-8f27-22428f9253eb
cd446993-1df6-464f-98b1-26d15e7d91f2,"Obermeyer, Gerald Joseph, 1935-","Structure and authority in a Bedouin tribe: the 'Aishabit of
         the Western Desert of Egypt",1969,161,Monograph,Libyan Bedouin,Africa,Northern Africa,pastoralists,,"182,609,613,648,682,685,690,692",https://ehrafworldcultures.yale.edu/sres/cd446993-1df6-464f-98b1-26d15e7d91f2
750faba7-9649-40fd-b336-7b71d0f70d22,"Obermeyer, Gerald Joseph, 1935-","Structure and authority in a Bedouin tribe: the 'Aishabit of
         the Western Desert of Egypt",1969,172,Monograph,Libyan Bedouin,Africa,Northern Africa,pastoralists,,"182,571,613,681,682",https://ehrafworldcultures.yale.edu/sres/750faba7-9649-40fd-b336-7b71d0f70d22
513a977c-3ee5-4035-8488-d3ea28ba29d1,"Obermeyer, Gerald Joseph, 1935-","Structure and authority in a Bedouin tribe: the 'Aishabit of
         the Western Desert of Egypt",1969,173,Monograph,Libyan Bedouin,Africa,Northern Africa,pastoralists,,"571,613,682",https://ehrafworldcultures.yale.edu/sres/513a977c-3ee5-4035-8488-d3ea28ba29d1
75c2bd8c-b1b9-493e-a70c-3b150d73c1e0,"Obermeyer, Gerald Joseph, 1935-","Structure and authority in a Bedouin tribe: the 'Aishabit of
         the Western Desert of Egypt",1969,173,Monograph,Libyan Bedouin,Africa,Northern Africa,pastoralists,,"571,613,682",https://ehrafworldcultures.yale.edu/sres/75c2bd8c-b1b9-493e-a70c-3b150d73c1e0
57f8841f-6766-453a-994b-4832d86cf11b,"Obermeyer, Gerald Joseph, 1935-","Structure and authority in a Bedouin tribe: the 'Aishabit of
         the Western Desert of Egypt",1969,173,Monograph,Libyan Bedouin,Africa,Northern Africa,pastoralists,,"571,613,682",https://ehrafworldcultures.yale.edu/sres/57f8841f-6766-453a-994b-4832d86cf11b
274ad389-5dc3-43b3-96b9-3e3b090e173b,"Obermeyer, Gerald Joseph, 1935-","Structure and authority in a Bedouin tribe: the 'Aishabit of
         the Western Desert of Egypt",1969,174,Monograph,Libyan Bedouin,Africa,Northern Africa,pastoralists,,"571,613,682",https://ehrafworldcultures.yale.edu/sres/274ad389-5dc3-43b3-96b9-3e3b090e173b
0664e846-18af-402d-9471-065dc81445eb,"Obermeyer, Gerald Joseph, 1935-","Structure and authority in a Bedouin tribe: the 'Aishabit of
         the Western Desert of Egypt",1969,180,Monograph,Libyan Bedouin,Africa,Northern Africa,pastoralists,,"183,571,613,675,681",https://ehrafworldcultures.yale.edu/sres/0664e846-18af-402d-9471-065dc81445eb
137e7375-6205-4340-bcfb-fc8b9758451c,"Obermeyer, Gerald Joseph, 1935-","Structure and authority in a Bedouin tribe: the 'Aishabit of
         the Western Desert of Egypt",1969,181,Monograph,Libyan Bedouin,Africa,Northern Africa,pastoralists,,"539,571,613,675,681",https://ehrafworldcultures.yale.edu/sres/137e7375-6205-4340-bcfb-fc8b9758451c
642e0eb3-9756-47db-ab36-26b13a0ed563,"Obermeyer, Gerald Joseph, 1935-","Structure and authority in a Bedouin tribe: the 'Aishabit of
         the Western Desert of Egypt",1969,181,Monograph,Libyan Bedouin,Africa,Northern Africa,pastoralists,,"539,571,613,675,681",https://ehrafworldcultures.yale.edu/sres/642e0eb3-9756-47db-ab36-26b13a0ed563
7951f74d-16c3-493a-88ba-e2891294b775,"Obermeyer, Gerald Joseph, 1935-","Structure and authority in a Bedouin tribe: the 'Aishabit of
         the Western Desert of Egypt",1969,182,Monograph,Libyan Bedouin,Africa,Northern Africa,pastoralists,,"539,571,613,675,681",https://ehrafworldcultures.yale.edu/sres/7951f74d-16c3-493a-88ba-e2891294b775
380dccef-684e-4b6c-991d-b74eb6cf0787,"Obermeyer, Gerald Joseph, 1935-","Structure and authority in a Bedouin tribe: the 'Aishabit of
         the Western Desert of Egypt",1969,182,Monograph,Libyan Bedouin,Africa,Northern Africa,pastoralists,,"539,571,613,675,681",https://ehrafworldcultures.yale.edu/sres/380dccef-684e-4b6c-991d-b74eb6cf0787
004e5d75-9f19-4aa6-a6ee-14a10549ccf2,"Obermeyer, Gerald Joseph, 1935-","Structure and authority in a Bedouin tribe: the 'Aishabit of
         the Western Desert of Egypt",1969,182,Monograph,Libyan Bedouin,Africa,Northern Africa,pastoralists,,"539,571,613,675,681",https://ehrafworldcultures.yale.edu/sres/004e5d75-9f19-4aa6-a6ee-14a10549ccf2
a72180e1-b13e-4e32-9922-3c7813c69c23,"Obermeyer, Gerald Joseph, 1935-","Structure and authority in a Bedouin tribe: the 'Aishabit of
         the Western Desert of Egypt",1969,182,Monograph,Libyan Bedouin,Africa,Northern Africa,pastoralists,,"539,571,613,675,681",https://ehrafworldcultures.yale.edu/sres/a72180e1-b13e-4e32-9922-3c7813c69c23
f5582109-08f6-415f-8707-9e6abd5020cf,"Obermeyer, Gerald Joseph, 1935-","Structure and authority in a Bedouin tribe: the 'Aishabit of
         the Western Desert of Egypt",1969,182,Monograph,Libyan Bedouin,Africa,Northern Africa,pastoralists,,"421,571,675,681",https://ehrafworldcultures.yale.edu/sres/f5582109-08f6-415f-8707-9e6abd5020cf
838123c2-bb8c-419a-ac1c-95b467be0c09,"Obermeyer, Gerald Joseph, 1935-","Structure and authority in a Bedouin tribe: the 'Aishabit of
         the Western Desert of Egypt",1969,183,Monograph,Libyan Bedouin,Africa,Northern Africa,pastoralists,,"675,681",https://ehrafworldcultures.yale.edu/sres/838123c2-bb8c-419a-ac1c-95b467be0c09
4ce9935d-e3e8-46a6-a834-f612f2d7048c,"Obermeyer, Gerald Joseph, 1935-","Structure and authority in a Bedouin tribe: the 'Aishabit of
         the Western Desert of Egypt",1969,183,Monograph,Libyan Bedouin,Africa,Northern Africa,pastoralists,,"675,681",https://ehrafworldcultures.yale.edu/sres/4ce9935d-e3e8-46a6-a834-f612f2d7048c
370e5c5a-bcce-4069-b2a9-ce68d45b3eb7,"Obermeyer, Gerald Joseph, 1935-","Structure and authority in a Bedouin tribe: the 'Aishabit of
         the Western Desert of Egypt",1969,183,Monograph,Libyan Bedouin,Africa,Northern Africa,pastoralists,,"675,681",https://ehrafworldcultures.yale.edu/sres/370e5c5a-bcce-4069-b2a9-ce68d45b3eb7
1f3c68b6-b706-44d7-a318-d59df97ff1fa,"Obermeyer, Gerald Joseph, 1935-","Structure and authority in a Bedouin tribe: the 'Aishabit of
         the Western Desert of Egypt",1969,183,Monograph,Libyan Bedouin,Africa,Northern Africa,pastoralists,,"675,681",https://ehrafworldcultures.yale.edu/sres/1f3c68b6-b706-44d7-a318-d59df97ff1fa
c0dff65a-1da6-46bf-a6b1-6a07f3144d7f,"Obermeyer, Gerald Joseph, 1935-","Structure and authority in a Bedouin tribe: the 'Aishabit of
         the Western Desert of Egypt",1969,183,Monograph,Libyan Bedouin,Africa,Northern Africa,pastoralists,,"675,681",https://ehrafworldcultures.yale.edu/sres/c0dff65a-1da6-46bf-a6b1-6a07f3144d7f
09d5e425-d686-447c-bc02-646233b5ed37,"Obermeyer, Gerald Joseph, 1935-","Structure and authority in a Bedouin tribe: the 'Aishabit of
         the Western Desert of Egypt",1969,184,Monograph,Libyan Bedouin,Africa,Northern Africa,pastoralists,,"675,681",https://ehrafworldcultures.yale.edu/sres/09d5e425-d686-447c-bc02-646233b5ed37
c912f98e-4b16-4937-8001-9b124f2cb63d,"Obermeyer, Gerald Joseph, 1935-","Structure and authority in a Bedouin tribe: the 'Aishabit of
         the Western Desert of Egypt",1969,184,Monograph,Libyan Bedouin,Africa,Northern Africa,pastoralists,,"675,681",https://ehrafworldcultures.yale.edu/sres/c912f98e-4b16-4937-8001-9b124f2cb63d
69f326d5-01b9-4adb-9f40-bb63ede2c20f,"Obermeyer, Gerald Joseph, 1935-","Structure and authority in a Bedouin tribe: the 'Aishabit of
         the Western Desert of Egypt",1969,184,Monograph,Libyan Bedouin,Africa,Northern Africa,pastoralists,,"675,681",https://ehrafworldcultures.yale.edu/sres/69f326d5-01b9-4adb-9f40-bb63ede2c20f
2da6fb7b-ec42-4fd4-9e6d-04ff922e967e,"Obermeyer, Gerald Joseph, 1935-","Structure and authority in a Bedouin tribe: the 'Aishabit of
         the Western Desert of Egypt",1969,184,Monograph,Libyan Bedouin,Africa,Northern Africa,pastoralists,,"675,681",https://ehrafworldcultures.yale.edu/sres/2da6fb7b-ec42-4fd4-9e6d-04ff922e967e
0c7958b4-9c43-44d9-8b0a-280736f15bac,"Obermeyer, Gerald Joseph, 1935-","Structure and authority in a Bedouin tribe: the 'Aishabit of
         the Western Desert of Egypt",1969,184,Monograph,Libyan Bedouin,Africa,Northern Africa,pastoralists,,"675,681",https://ehrafworldcultures.yale.edu/sres/0c7958b4-9c43-44d9-8b0a-280736f15bac
3f9ed242-fba3-4309-af34-939115dd9ebb,"Obermeyer, Gerald Joseph, 1935-","Structure and authority in a Bedouin tribe: the 'Aishabit of
         the Western Desert of Egypt",1969,184,Monograph,Libyan Bedouin,Africa,Northern Africa,pastoralists,,"675,681",https://ehrafworldcultures.yale.edu/sres/3f9ed242-fba3-4309-af34-939115dd9ebb
88e3f4a6-d679-40c1-b449-6197d0d39f96,"Obermeyer, Gerald Joseph, 1935-","Structure and authority in a Bedouin tribe: the 'Aishabit of
         the Western Desert of Egypt",1969,184,Monograph,Libyan Bedouin,Africa,Northern Africa,pastoralists,,"675,681",https://ehrafworldcultures.yale.edu/sres/88e3f4a6-d679-40c1-b449-6197d0d39f96
2180b61b-25f8-4d99-9666-81bf79b18433,"Obermeyer, Gerald Joseph, 1935-","Structure and authority in a Bedouin tribe: the 'Aishabit of
         the Western Desert of Egypt",1969,184,Monograph,Libyan Bedouin,Africa,Northern Africa,pastoralists,,"675,681",https://ehrafworldcultures.yale.edu/sres/2180b61b-25f8-4d99-9666-81bf79b18433
a2c19f8c-79f3-47c8-b0b8-5924b425dcc8,"Obermeyer, Gerald Joseph, 1935-","Structure and authority in a Bedouin tribe: the 'Aishabit of
         the Western Desert of Egypt",1969,186,Monograph,Libyan Bedouin,Africa,Northern Africa,pastoralists,,"571,613,682",https://ehrafworldcultures.yale.edu/sres/a2c19f8c-79f3-47c8-b0b8-5924b425dcc8
d2e674db-1cf6-4bcf-a7b8-2c63b61f9423,"Obermeyer, Gerald Joseph, 1935-","Structure and authority in a Bedouin tribe: the 'Aishabit of
         the Western Desert of Egypt",1969,187,Monograph,Libyan Bedouin,Africa,Northern Africa,pastoralists,,"571,613,675,682",https://ehrafworldcultures.yale.edu/sres/d2e674db-1cf6-4bcf-a7b8-2c63b61f9423
481125ec-65e5-4312-be6f-98a9fefd336e,"Obermeyer, Gerald Joseph, 1935-","Structure and authority in a Bedouin tribe: the 'Aishabit of
         the Western Desert of Egypt",1969,187,Monograph,Libyan Bedouin,Africa,Northern Africa,pastoralists,,"571,578,597,613,675,681",https://ehrafworldcultures.yale.edu/sres/481125ec-65e5-4312-be6f-98a9fefd336e
855359fa-fe55-4e95-8002-ec79957b7269,"Obermeyer, Gerald Joseph, 1935-","Structure and authority in a Bedouin tribe: the 'Aishabit of
         the Western Desert of Egypt",1969,188,Monograph,Libyan Bedouin,Africa,Northern Africa,pastoralists,,"571,578,613,675,681",https://ehrafworldcultures.yale.edu/sres/855359fa-fe55-4e95-8002-ec79957b7269
8e0e436d-c30e-4537-b990-e2b0f51faaec,"Obermeyer, Gerald Joseph, 1935-","Structure and authority in a Bedouin tribe: the 'Aishabit of
         the Western Desert of Egypt",1969,189,Monograph,Libyan Bedouin,Africa,Northern Africa,pastoralists,,"539,571,613,675,681",https://ehrafworldcultures.yale.edu/sres/8e0e436d-c30e-4537-b990-e2b0f51faaec
68fee30e-89de-43b0-bb2a-caba4c946709,"Obermeyer, Gerald Joseph, 1935-","Structure and authority in a Bedouin tribe: the 'Aishabit of
         the Western Desert of Egypt",1969,189,Monograph,Libyan Bedouin,Africa,Northern Africa,pastoralists,,"539,571,613,675,681",https://ehrafworldcultures.yale.edu/sres/68fee30e-89de-43b0-bb2a-caba4c946709
08e713a3-78ab-46cd-974e-830eff6a4bb2,"Obermeyer, Gerald Joseph, 1935-","Structure and authority in a Bedouin tribe: the 'Aishabit of
         the Western Desert of Egypt",1969,189,Monograph,Libyan Bedouin,Africa,Northern Africa,pastoralists,,"539,571,613,675,681",https://ehrafworldcultures.yale.edu/sres/08e713a3-78ab-46cd-974e-830eff6a4bb2
9dc44d1b-3d4c-4ba6-888a-cc866752edce,"Obermeyer, Gerald Joseph, 1935-","Structure and authority in a Bedouin tribe: the 'Aishabit of
         the Western Desert of Egypt",1969,190,Monograph,Libyan Bedouin,Africa,Northern Africa,pastoralists,,"539,571,613,675,681",https://ehrafworldcultures.yale.edu/sres/9dc44d1b-3d4c-4ba6-888a-cc866752edce
25f353f6-32fb-4613-afac-30c5bd28d63c,"Obermeyer, Gerald Joseph, 1935-","Structure and authority in a Bedouin tribe: the 'Aishabit of
         the Western Desert of Egypt",1969,196,Monograph,Libyan Bedouin,Africa,Northern Africa,pastoralists,,"181,182,571,578,613,641,681,682",https://ehrafworldcultures.yale.edu/sres/25f353f6-32fb-4613-afac-30c5bd28d63c
3ff9490b-5df8-4de3-9082-1bb4b2b6f703,"Obermeyer, Gerald Joseph, 1935-","Structure and authority in a Bedouin tribe: the 'Aishabit of
         the Western Desert of Egypt",1969,197,Monograph,Libyan Bedouin,Africa,Northern Africa,pastoralists,,"124,426,558,571,578,613,672,681,682,829",https://ehrafworldcultures.yale.edu/sres/3ff9490b-5df8-4de3-9082-1bb4b2b6f703
98928a23-621f-4a0e-8039-fb36b3659c61,"Obermeyer, Gerald Joseph, 1935-","Structure and authority in a Bedouin tribe: the 'Aishabit of
         the Western Desert of Egypt",1969,198,Monograph,Libyan Bedouin,Africa,Northern Africa,pastoralists,,"171,182,571,578,613,681,682",https://ehrafworldcultures.yale.edu/sres/98928a23-621f-4a0e-8039-fb36b3659c61
f53703c6-6bc0-46b0-8b82-f7ece67ffc77,"Obermeyer, Gerald Joseph, 1935-","Structure and authority in a Bedouin tribe: the 'Aishabit of
         the Western Desert of Egypt",1969,199,Monograph,Libyan Bedouin,Africa,Northern Africa,pastoralists,,"613,672,682",https://ehrafworldcultures.yale.edu/sres/f53703c6-6bc0-46b0-8b82-f7ece67ffc77
67bf352d-fef7-4e7e-a4d0-fc5dee3ae4db,"Obermeyer, Gerald Joseph, 1935-","Structure and authority in a Bedouin tribe: the 'Aishabit of
         the Western Desert of Egypt",1969,201,Monograph,Libyan Bedouin,Africa,Northern Africa,pastoralists,,"562,567,682",https://ehrafworldcultures.yale.edu/sres/67bf352d-fef7-4e7e-a4d0-fc5dee3ae4db
a45ec8a5-28e7-4f78-a016-84e961982aff,"Obermeyer, Gerald Joseph, 1935-","Structure and authority in a Bedouin tribe: the 'Aishabit of
         the Western Desert of Egypt",1969,201,Monograph,Libyan Bedouin,Africa,Northern Africa,pastoralists,,"578,613,682,778",https://ehrafworldcultures.yale.edu/sres/a45ec8a5-28e7-4f78-a016-84e961982aff
57f14fe1-3cb0-4665-9992-ee975d338084,"Obermeyer, Gerald Joseph, 1935-","Structure and authority in a Bedouin tribe: the 'Aishabit of
         the Western Desert of Egypt",1969,202,Monograph,Libyan Bedouin,Africa,Northern Africa,pastoralists,,"578,613,682,778",https://ehrafworldcultures.yale.edu/sres/57f14fe1-3cb0-4665-9992-ee975d338084
93636476-e420-4d7c-a878-aaec25212bf8,"Obermeyer, Gerald Joseph, 1935-","Structure and authority in a Bedouin tribe: the 'Aishabit of
         the Western Desert of Egypt",1969,202,Monograph,Libyan Bedouin,Africa,Northern Africa,pastoralists,,"578,613,682,778",https://ehrafworldcultures.yale.edu/sres/93636476-e420-4d7c-a878-aaec25212bf8
cd083112-ff23-49c9-aa25-d7c498d87ef0,"Obermeyer, Gerald Joseph, 1935-","Structure and authority in a Bedouin tribe: the 'Aishabit of
         the Western Desert of Egypt",1969,203,Monograph,Libyan Bedouin,Africa,Northern Africa,pastoralists,,"182,613,682,778",https://ehrafworldcultures.yale.edu/sres/cd083112-ff23-49c9-aa25-d7c498d87ef0
1eb82f70-169c-4e35-913b-031b80f11aa8,"Obermeyer, Gerald Joseph, 1935-","Structure and authority in a Bedouin tribe: the 'Aishabit of
         the Western Desert of Egypt",1969,203,Monograph,Libyan Bedouin,Africa,Northern Africa,pastoralists,,"178,305,463,683",https://ehrafworldcultures.yale.edu/sres/1eb82f70-169c-4e35-913b-031b80f11aa8
e500c371-7b96-4423-8478-5e6c4b190a7d,"Obermeyer, Gerald Joseph, 1935-","Structure and authority in a Bedouin tribe: the 'Aishabit of
         the Western Desert of Egypt",1969,204,Monograph,Libyan Bedouin,Africa,Northern Africa,pastoralists,,"671,682,683",https://ehrafworldcultures.yale.edu/sres/e500c371-7b96-4423-8478-5e6c4b190a7d
d36e7639-9344-49bf-ac5f-926f0269a03a,"Obermeyer, Gerald Joseph, 1935-","Structure and authority in a Bedouin tribe: the 'Aishabit of
         the Western Desert of Egypt",1969,205,Monograph,Libyan Bedouin,Africa,Northern Africa,pastoralists,,"114,558,562,586,671,681,682,684",https://ehrafworldcultures.yale.edu/sres/d36e7639-9344-49bf-ac5f-926f0269a03a
5867c215-37fe-499d-9da1-9150510c0c10,"Obermeyer, Gerald Joseph, 1935-","Structure and authority in a Bedouin tribe: the 'Aishabit of
         the Western Desert of Egypt",1969,206,Monograph,Libyan Bedouin,Africa,Northern Africa,pastoralists,,"613,671,685",https://ehrafworldcultures.yale.edu/sres/5867c215-37fe-499d-9da1-9150510c0c10
64a7b5d6-d9e3-425b-82c0-f82666877fcb,"Obermeyer, Gerald Joseph, 1935-","Structure and authority in a Bedouin tribe: the 'Aishabit of
         the Western Desert of Egypt",1969,206,Monograph,Libyan Bedouin,Africa,Northern Africa,pastoralists,,"554,578,613,648,671,685",https://ehrafworldcultures.yale.edu/sres/64a7b5d6-d9e3-425b-82c0-f82666877fcb
f8f94ffc-fbfd-4956-8663-05e6cc5f9f83,"Obermeyer, Gerald Joseph, 1935-","Structure and authority in a Bedouin tribe: the 'Aishabit of
         the Western Desert of Egypt",1969,208,Monograph,Libyan Bedouin,Africa,Northern Africa,pastoralists,,"578,613,682,683",https://ehrafworldcultures.yale.edu/sres/f8f94ffc-fbfd-4956-8663-05e6cc5f9f83
ed29d11a-7166-4be0-a6cb-644b85c3b06f,"Obermeyer, Gerald Joseph, 1935-","Structure and authority in a Bedouin tribe: the 'Aishabit of
         the Western Desert of Egypt",1969,208,Monograph,Libyan Bedouin,Africa,Northern Africa,pastoralists,,"578,613,619,681",https://ehrafworldcultures.yale.edu/sres/ed29d11a-7166-4be0-a6cb-644b85c3b06f
816b76bd-a1cf-4b90-8ac7-13dae26017b9,"Obermeyer, Gerald Joseph, 1935-","Structure and authority in a Bedouin tribe: the 'Aishabit of
         the Western Desert of Egypt",1969,209,Monograph,Libyan Bedouin,Africa,Northern Africa,pastoralists,,"578,613,619,648,681",https://ehrafworldcultures.yale.edu/sres/816b76bd-a1cf-4b90-8ac7-13dae26017b9
6bab96db-0ffb-42c6-bbfe-5ae910235801,"Obermeyer, Gerald Joseph, 1935-","Structure and authority in a Bedouin tribe: the 'Aishabit of
         the Western Desert of Egypt",1969,209,Monograph,Libyan Bedouin,Africa,Northern Africa,pastoralists,,"613,672,675,681,695,784",https://ehrafworldcultures.yale.edu/sres/6bab96db-0ffb-42c6-bbfe-5ae910235801
736053a7-871b-468a-8fed-8ee1d041c169,"Obermeyer, Gerald Joseph, 1935-","Structure and authority in a Bedouin tribe: the 'Aishabit of
         the Western Desert of Egypt",1969,216,Monograph,Libyan Bedouin,Africa,Northern Africa,pastoralists,,"121,671,681",https://ehrafworldcultures.yale.edu/sres/736053a7-871b-468a-8fed-8ee1d041c169
56f891fa-2614-4039-947e-dbb996f273ae,"Obermeyer, Gerald Joseph, 1935-","Structure and authority in a Bedouin tribe: the 'Aishabit of
         the Western Desert of Egypt",1969,216,Monograph,Libyan Bedouin,Africa,Northern Africa,pastoralists,,"121,681,692",https://ehrafworldcultures.yale.edu/sres/56f891fa-2614-4039-947e-dbb996f273ae
b5da64be-2d35-41e9-9b79-836857f4ff20,"Obermeyer, Gerald Joseph, 1935-","Structure and authority in a Bedouin tribe: the 'Aishabit of
         the Western Desert of Egypt",1969,216,Monograph,Libyan Bedouin,Africa,Northern Africa,pastoralists,,"121,182,671,675,681,682",https://ehrafworldcultures.yale.edu/sres/b5da64be-2d35-41e9-9b79-836857f4ff20
636cee0a-7cfe-4c54-9172-98b6374e09d5,"Obermeyer, Gerald Joseph, 1935-","Structure and authority in a Bedouin tribe: the 'Aishabit of
         the Western Desert of Egypt",1969,217,Monograph,Libyan Bedouin,Africa,Northern Africa,pastoralists,,"121,681",https://ehrafworldcultures.yale.edu/sres/636cee0a-7cfe-4c54-9172-98b6374e09d5
a1b445cf-b79d-46f8-800e-582b90e2d18c,"Obermeyer, Gerald Joseph, 1935-","Structure and authority in a Bedouin tribe: the 'Aishabit of
         the Western Desert of Egypt",1969,217,Monograph,Libyan Bedouin,Africa,Northern Africa,pastoralists,,"121,182,613,671,681,682",https://ehrafworldcultures.yale.edu/sres/a1b445cf-b79d-46f8-800e-582b90e2d18c
f8ef90a4-9909-4d1e-ab99-4846ef3bf59b,"Obermeyer, Gerald Joseph, 1935-","Structure and authority in a Bedouin tribe: the 'Aishabit of
         the Western Desert of Egypt",1969,219,Monograph,Libyan Bedouin,Africa,Northern Africa,pastoralists,,"182,578,613,619,648,681,778",https://ehrafworldcultures.yale.edu/sres/f8ef90a4-9909-4d1e-ab99-4846ef3bf59b
7c10c823-8ec5-48b0-a424-e5f02e2ac6b3,"Obermeyer, Gerald Joseph, 1935-","Structure and authority in a Bedouin tribe: the 'Aishabit of
         the Western Desert of Egypt",1969,220,Monograph,Libyan Bedouin,Africa,Northern Africa,pastoralists,,"578,613,682",https://ehrafworldcultures.yale.edu/sres/7c10c823-8ec5-48b0-a424-e5f02e2ac6b3
b38b687f-d8da-4c65-965e-9007e98bd628,"Obermeyer, Gerald Joseph, 1935-","Structure and authority in a Bedouin tribe: the 'Aishabit of
         the Western Desert of Egypt",1969,220,Monograph,Libyan Bedouin,Africa,Northern Africa,pastoralists,,"571,578,613,682,683,692",https://ehrafworldcultures.yale.edu/sres/b38b687f-d8da-4c65-965e-9007e98bd628
01d7df46-a6d0-48ae-b5f1-3ab628c2a459,"Obermeyer, Gerald Joseph, 1935-","Structure and authority in a Bedouin tribe: the 'Aishabit of
         the Western Desert of Egypt",1969,221,Monograph,Libyan Bedouin,Africa,Northern Africa,pastoralists,,"539,578,613,682,683",https://ehrafworldcultures.yale.edu/sres/01d7df46-a6d0-48ae-b5f1-3ab628c2a459
db78149b-4fb6-4c76-838a-b43e2069965e,"Obermeyer, Gerald Joseph, 1935-","Structure and authority in a Bedouin tribe: the 'Aishabit of
         the Western Desert of Egypt",1969,221,Monograph,Libyan Bedouin,Africa,Northern Africa,pastoralists,,"574,578,613,682",https://ehrafworldcultures.yale.edu/sres/db78149b-4fb6-4c76-838a-b43e2069965e
08774a13-5334-4d7d-8c58-be8249276635,"Obermeyer, Gerald Joseph, 1935-","Structure and authority in a Bedouin tribe: the 'Aishabit of
         the Western Desert of Egypt",1969,222,Monograph,Libyan Bedouin,Africa,Northern Africa,pastoralists,,"578,613,619,682",https://ehrafworldcultures.yale.edu/sres/08774a13-5334-4d7d-8c58-be8249276635
7ed1686f-a1b0-4885-910e-598ad99557f5,"Obermeyer, Gerald Joseph, 1935-","Structure and authority in a Bedouin tribe: the 'Aishabit of
         the Western Desert of Egypt",1969,223,Monograph,Libyan Bedouin,Africa,Northern Africa,pastoralists,,"539,578,613,683,692,695",https://ehrafworldcultures.yale.edu/sres/7ed1686f-a1b0-4885-910e-598ad99557f5
396e181a-b0c9-41eb-b5e3-6a863a49ae3a,"Obermeyer, Gerald Joseph, 1935-","Structure and authority in a Bedouin tribe: the 'Aishabit of
         the Western Desert of Egypt",1969,223,Monograph,Libyan Bedouin,Africa,Northern Africa,pastoralists,,"539,578,613,683,692,695",https://ehrafworldcultures.yale.edu/sres/396e181a-b0c9-41eb-b5e3-6a863a49ae3a
5cc04090-317d-4cb7-b8b6-d112e65e18c6,"Obermeyer, Gerald Joseph, 1935-","Structure and authority in a Bedouin tribe: the 'Aishabit of
         the Western Desert of Egypt",1969,223,Monograph,Libyan Bedouin,Africa,Northern Africa,pastoralists,,"539,578,613,683,692,695",https://ehrafworldcultures.yale.edu/sres/5cc04090-317d-4cb7-b8b6-d112e65e18c6
983a0344-15e5-4882-ae91-887086c156e6,"Obermeyer, Gerald Joseph, 1935-","Structure and authority in a Bedouin tribe: the 'Aishabit of
         the Western Desert of Egypt",1969,223,Monograph,Libyan Bedouin,Africa,Northern Africa,pastoralists,,"539,578,613,683,692,695",https://ehrafworldcultures.yale.edu/sres/983a0344-15e5-4882-ae91-887086c156e6
2257fce2-586d-4ba4-8e1e-adb3e2ca8155,"Obermeyer, Gerald Joseph, 1935-","Structure and authority in a Bedouin tribe: the 'Aishabit of
         the Western Desert of Egypt",1969,223,Monograph,Libyan Bedouin,Africa,Northern Africa,pastoralists,,"539,578,613,683,692,695",https://ehrafworldcultures.yale.edu/sres/2257fce2-586d-4ba4-8e1e-adb3e2ca8155
d12961d4-11c2-4798-938c-631717cdc8f9,"Obermeyer, Gerald Joseph, 1935-","Structure and authority in a Bedouin tribe: the 'Aishabit of
         the Western Desert of Egypt",1969,223,Monograph,Libyan Bedouin,Africa,Northern Africa,pastoralists,,"539,578,613,683,692,695",https://ehrafworldcultures.yale.edu/sres/d12961d4-11c2-4798-938c-631717cdc8f9
1be0fa08-4f61-45e1-8a26-c3ba21b4f37f,"Obermeyer, Gerald Joseph, 1935-","Structure and authority in a Bedouin tribe: the 'Aishabit of
         the Western Desert of Egypt",1969,224,Monograph,Libyan Bedouin,Africa,Northern Africa,pastoralists,,"539,578,613,683,692,695",https://ehrafworldcultures.yale.edu/sres/1be0fa08-4f61-45e1-8a26-c3ba21b4f37f
5e4ea7d9-e4f6-47f5-9370-47b1258e3be6,"Obermeyer, Gerald Joseph, 1935-","Structure and authority in a Bedouin tribe: the 'Aishabit of
         the Western Desert of Egypt",1969,224,Monograph,Libyan Bedouin,Africa,Northern Africa,pastoralists,,"177,182,571,578,613,619,648,682,692",https://ehrafworldcultures.yale.edu/sres/5e4ea7d9-e4f6-47f5-9370-47b1258e3be6
5b2d17e0-9de0-42a1-9c64-817d0beb7a65,"Obermeyer, Gerald Joseph, 1935-","Structure and authority in a Bedouin tribe: the 'Aishabit of
         the Western Desert of Egypt",1969,224,Monograph,Libyan Bedouin,Africa,Northern Africa,pastoralists,,"578,613,619,682,685",https://ehrafworldcultures.yale.edu/sres/5b2d17e0-9de0-42a1-9c64-817d0beb7a65
0cf19f32-025a-4be3-b7d3-31b795b127f7,"Obermeyer, Gerald Joseph, 1935-","Structure and authority in a Bedouin tribe: the 'Aishabit of
         the Western Desert of Egypt",1969,225,Monograph,Libyan Bedouin,Africa,Northern Africa,pastoralists,,"571,578,613,619,682,685",https://ehrafworldcultures.yale.edu/sres/0cf19f32-025a-4be3-b7d3-31b795b127f7
1e69764c-aa08-4089-960f-4e30a7e7c3b5,"Obermeyer, Gerald Joseph, 1935-","Structure and authority in a Bedouin tribe: the 'Aishabit of
         the Western Desert of Egypt",1969,227,Monograph,Libyan Bedouin,Africa,Northern Africa,pastoralists,,"685,695",https://ehrafworldcultures.yale.edu/sres/1e69764c-aa08-4089-960f-4e30a7e7c3b5
f0f91561-1cc6-490f-bd13-15b0fb105216,"Obermeyer, Gerald Joseph, 1935-","Structure and authority in a Bedouin tribe: the 'Aishabit of
         the Western Desert of Egypt",1969,227,Monograph,Libyan Bedouin,Africa,Northern Africa,pastoralists,,"578,613,685,691,692,695",https://ehrafworldcultures.yale.edu/sres/f0f91561-1cc6-490f-bd13-15b0fb105216
b0e5138a-97d6-4cc7-a7cf-ff886ec45e8c,"Obermeyer, Gerald Joseph, 1935-","Structure and authority in a Bedouin tribe: the 'Aishabit of
         the Western Desert of Egypt",1969,229,Monograph,Libyan Bedouin,Africa,Northern Africa,pastoralists,,"423,539,578,619,685,691,695",https://ehrafworldcultures.yale.edu/sres/b0e5138a-97d6-4cc7-a7cf-ff886ec45e8c
ed715946-f062-433f-8a1c-4cb3cdbcad4c,"Obermeyer, Gerald Joseph, 1935-","Structure and authority in a Bedouin tribe: the 'Aishabit of
         the Western Desert of Egypt",1969,230,Monograph,Libyan Bedouin,Africa,Northern Africa,pastoralists,,"423,578,619,685,691,695,778",https://ehrafworldcultures.yale.edu/sres/ed715946-f062-433f-8a1c-4cb3cdbcad4c
433be4cf-354d-45c1-9587-0353b76829b2,"Obermeyer, Gerald Joseph, 1935-","Structure and authority in a Bedouin tribe: the 'Aishabit of
         the Western Desert of Egypt",1969,232,Monograph,Libyan Bedouin,Africa,Northern Africa,pastoralists,,"671,674,682,685,829",https://ehrafworldcultures.yale.edu/sres/433be4cf-354d-45c1-9587-0353b76829b2
55df5af3-2513-4ef4-84ec-c18023cc4f3f,"Obermeyer, Gerald Joseph, 1935-","Structure and authority in a Bedouin tribe: the 'Aishabit of
         the Western Desert of Egypt",1969,232,Monograph,Libyan Bedouin,Africa,Northern Africa,pastoralists,,"571,578,613,619,685,692,695,784",https://ehrafworldcultures.yale.edu/sres/55df5af3-2513-4ef4-84ec-c18023cc4f3f
94823473-df07-4269-8dfd-2d9b4c9127b6,"Obermeyer, Gerald Joseph, 1935-","Structure and authority in a Bedouin tribe: the 'Aishabit of
         the Western Desert of Egypt",1969,234,Monograph,Libyan Bedouin,Africa,Northern Africa,pastoralists,,"578,582,586,613,681,684,792",https://ehrafworldcultures.yale.edu/sres/94823473-df07-4269-8dfd-2d9b4c9127b6
2e3a6e11-007e-4d70-bc2b-f31a49946119,"Obermeyer, Gerald Joseph, 1935-","Structure and authority in a Bedouin tribe: the 'Aishabit of
         the Western Desert of Egypt",1969,234,Monograph,Libyan Bedouin,Africa,Northern Africa,pastoralists,,"578,582,584,613,619,648,683,692,734,793",https://ehrafworldcultures.yale.edu/sres/2e3a6e11-007e-4d70-bc2b-f31a49946119
bacc10a1-e2ea-4e98-b0ac-306adb50bec6,"Obermeyer, Gerald Joseph, 1935-","Structure and authority in a Bedouin tribe: the 'Aishabit of
         the Western Desert of Egypt",1969,310,Monograph,Libyan Bedouin,Africa,Northern Africa,pastoralists,,"124,156,159,554,571,602,613,682,829",https://ehrafworldcultures.yale.edu/sres/bacc10a1-e2ea-4e98-b0ac-306adb50bec6
b91ae5fc-1690-423f-b8b6-2b75e80be7b8,"Obermeyer, Gerald Joseph, 1935-","Structure and authority in a Bedouin tribe: the 'Aishabit of
         the Western Desert of Egypt",1969,311,Monograph,Libyan Bedouin,Africa,Northern Africa,pastoralists,,"156,159,554,682,778,829",https://ehrafworldcultures.yale.edu/sres/b91ae5fc-1690-423f-b8b6-2b75e80be7b8
402db83a-c5cd-4605-86aa-c395db9e6be7,"Obermeyer, Gerald Joseph, 1935-","Structure and authority in a Bedouin tribe: the 'Aishabit of
         the Western Desert of Egypt",1969,311,Monograph,Libyan Bedouin,Africa,Northern Africa,pastoralists,,"156,159,182,554,613,671,672,682,829",https://ehrafworldcultures.yale.edu/sres/402db83a-c5cd-4605-86aa-c395db9e6be7
e0b62e75-d690-4e4d-ac5f-c2041e75b615,"Peters, Emrys L. -1987","The Bedouin of Cyrenaica: studies in personal and corporate
         power",1990,[59],Monograph,Libyan Bedouin,Africa,Northern Africa,pastoralists,,"121,613,619,628,682,829",https://ehrafworldcultures.yale.edu/sres/e0b62e75-d690-4e4d-ac5f-c2041e75b615
eaf35ec3-4532-4945-ad22-d3832f372291,"Peters, Emrys L. -1987","The Bedouin of Cyrenaica: studies in personal and corporate
         power",1990,62,Monograph,Libyan Bedouin,Africa,Northern Africa,pastoralists,,"601,613,682",https://ehrafworldcultures.yale.edu/sres/eaf35ec3-4532-4945-ad22-d3832f372291
82c77b72-e640-4de1-b5d9-6a6c575c329a,"Peters, Emrys L. -1987","The Bedouin of Cyrenaica: studies in personal and corporate
         power",1990,62,Monograph,Libyan Bedouin,Africa,Northern Africa,pastoralists,,"601,613,682",https://ehrafworldcultures.yale.edu/sres/82c77b72-e640-4de1-b5d9-6a6c575c329a
5a0c7d95-e100-45ae-ba8a-bb07714a338a,"Peters, Emrys L. -1987","The Bedouin of Cyrenaica: studies in personal and corporate
         power",1990,62,Monograph,Libyan Bedouin,Africa,Northern Africa,pastoralists,,"613,619,682",https://ehrafworldcultures.yale.edu/sres/5a0c7d95-e100-45ae-ba8a-bb07714a338a
38a56faa-1414-4060-bb46-419afee56645,"Peters, Emrys L. -1987","The Bedouin of Cyrenaica: studies in personal and corporate
         power",1990,67,Monograph,Libyan Bedouin,Africa,Northern Africa,pastoralists,,"443,613,619,628,682,683",https://ehrafworldcultures.yale.edu/sres/38a56faa-1414-4060-bb46-419afee56645
c5d4142d-3094-4b90-81e2-7c6139a831f3,"Peters, Emrys L. -1987","The Bedouin of Cyrenaica: studies in personal and corporate
         power",1990,68,Monograph,Libyan Bedouin,Africa,Northern Africa,pastoralists,,"443,613,619,628,682,683",https://ehrafworldcultures.yale.edu/sres/c5d4142d-3094-4b90-81e2-7c6139a831f3
1c24ec25-a24d-4629-ac04-3cc7f29079b0,"Peters, Emrys L. -1987","The Bedouin of Cyrenaica: studies in personal and corporate
         power",1990,68,Monograph,Libyan Bedouin,Africa,Northern Africa,pastoralists,,"619,628,682",https://ehrafworldcultures.yale.edu/sres/1c24ec25-a24d-4629-ac04-3cc7f29079b0
4fa0ce4a-027b-4c8c-82a9-860349c389c8,"Peters, Emrys L. -1987","The Bedouin of Cyrenaica: studies in personal and corporate
         power",1990,69,Monograph,Libyan Bedouin,Africa,Northern Africa,pastoralists,,"121,613,619,628,682,829",https://ehrafworldcultures.yale.edu/sres/4fa0ce4a-027b-4c8c-82a9-860349c389c8
54af1217-79a4-46b9-8963-91b59a5071d7,"Peters, Emrys L. -1987","The Bedouin of Cyrenaica: studies in personal and corporate
         power",1990,74,Monograph,Libyan Bedouin,Africa,Northern Africa,pastoralists,,"602,613,682",https://ehrafworldcultures.yale.edu/sres/54af1217-79a4-46b9-8963-91b59a5071d7
87a090c8-2184-479c-a000-b3190f08ad2d,"Peters, Emrys L. -1987","The Bedouin of Cyrenaica: studies in personal and corporate
         power",1990,74,Monograph,Libyan Bedouin,Africa,Northern Africa,pastoralists,,"582,613,682",https://ehrafworldcultures.yale.edu/sres/87a090c8-2184-479c-a000-b3190f08ad2d
2638cfa0-12b0-4eaa-aa12-fb5b9b2e3a6e,"Peters, Emrys L. -1987","The Bedouin of Cyrenaica: studies in personal and corporate
         power",1990,75,Monograph,Libyan Bedouin,Africa,Northern Africa,pastoralists,,"311,423,582,601,602,613,628,682",https://ehrafworldcultures.yale.edu/sres/2638cfa0-12b0-4eaa-aa12-fb5b9b2e3a6e
5088cf3e-ef50-4612-bb87-f7d8d04df600,"Peters, Emrys L. -1987","The Bedouin of Cyrenaica: studies in personal and corporate
         power",1990,76,Monograph,Libyan Bedouin,Africa,Northern Africa,pastoralists,,"593,613,682",https://ehrafworldcultures.yale.edu/sres/5088cf3e-ef50-4612-bb87-f7d8d04df600
18b738fe-a28f-4c99-bbfd-75587710693a,"Peters, Emrys L. -1987","The Bedouin of Cyrenaica: studies in personal and corporate
         power",1990,79,Monograph,Libyan Bedouin,Africa,Northern Africa,pastoralists,,"114,175,613,619,657,682,721,726",https://ehrafworldcultures.yale.edu/sres/18b738fe-a28f-4c99-bbfd-75587710693a
8276a055-5266-46c9-89f4-1973a3ed0a22,"Peters, Emrys L. -1987","The Bedouin of Cyrenaica: studies in personal and corporate
         power",1990,102,Monograph,Libyan Bedouin,Africa,Northern Africa,pastoralists,,"582,684",https://ehrafworldcultures.yale.edu/sres/8276a055-5266-46c9-89f4-1973a3ed0a22
a04f71f9-78d4-45fb-b8cd-69d58a1749ea,"Peters, Emrys L. -1987","The Bedouin of Cyrenaica: studies in personal and corporate
         power",1990,153,Monograph,Libyan Bedouin,Africa,Northern Africa,pastoralists,,"431,571,578,613,628,682",https://ehrafworldcultures.yale.edu/sres/a04f71f9-78d4-45fb-b8cd-69d58a1749ea
17b41523-1026-440a-8c02-2b199a0ea263,"Peters, Emrys L. -1987","The Bedouin of Cyrenaica: studies in personal and corporate
         power",1990,161,Monograph,Libyan Bedouin,Africa,Northern Africa,pastoralists,,"583,586,686",https://ehrafworldcultures.yale.edu/sres/17b41523-1026-440a-8c02-2b199a0ea263
5169e365-83ec-43b9-b17d-f7285084f17a,"Peters, Emrys L. -1987","The Bedouin of Cyrenaica: studies in personal and corporate
         power",1990,162,Monograph,Libyan Bedouin,Africa,Northern Africa,pastoralists,,"431,571,582,583,584,585,602,606,686,844",https://ehrafworldcultures.yale.edu/sres/5169e365-83ec-43b9-b17d-f7285084f17a
a12789a5-a571-4c0c-a8f8-519a3f717b94,"Peters, Emrys L. -1987","The Bedouin of Cyrenaica: studies in personal and corporate
         power",1990,173,Monograph,Libyan Bedouin,Africa,Northern Africa,pastoralists,,"231,431,435,522,565,682,782,827",https://ehrafworldcultures.yale.edu/sres/a12789a5-a571-4c0c-a8f8-519a3f717b94
a2e49404-fe39-4d0b-850d-8f450f9aba7e,"Peters, Emrys L. -1987","The Bedouin of Cyrenaica: studies in personal and corporate
         power",1990,192,Monograph,Libyan Bedouin,Africa,Northern Africa,pastoralists,,"613,682",https://ehrafworldcultures.yale.edu/sres/a2e49404-fe39-4d0b-850d-8f450f9aba7e
2e092956-6fac-4d9d-9b2e-9bf189a07a51,"Peters, Emrys L. -1987","The Bedouin of Cyrenaica: studies in personal and corporate
         power",1990,192,Monograph,Libyan Bedouin,Africa,Northern Africa,pastoralists,,"582,595,596,605,684",https://ehrafworldcultures.yale.edu/sres/2e092956-6fac-4d9d-9b2e-9bf189a07a51
dbbe5b10-6c3b-4199-a3c1-f1c35afe730f,"Peters, Emrys L. -1987","The Bedouin of Cyrenaica: studies in personal and corporate
         power",1990,192,Monograph,Libyan Bedouin,Africa,Northern Africa,pastoralists,,"581,593,613,648,684",https://ehrafworldcultures.yale.edu/sres/dbbe5b10-6c3b-4199-a3c1-f1c35afe730f
5c7ad5a2-3da0-40bc-9653-6cfbdf465c94,"Peters, Emrys L. -1987","The Bedouin of Cyrenaica: studies in personal and corporate
         power",1990,193,Monograph,Libyan Bedouin,Africa,Northern Africa,pastoralists,,"554,593,684,842",https://ehrafworldcultures.yale.edu/sres/5c7ad5a2-3da0-40bc-9653-6cfbdf465c94
3a885062-bbbc-48b1-a8f9-aa31740c25e3,"Peters, Emrys L. -1987","The Bedouin of Cyrenaica: studies in personal and corporate
         power",1990,201,Monograph,Libyan Bedouin,Africa,Northern Africa,pastoralists,,"602,604,682",https://ehrafworldcultures.yale.edu/sres/3a885062-bbbc-48b1-a8f9-aa31740c25e3
6225fa96-6d43-49fd-b9ca-36390d7b090d,"Peters, Emrys L. -1987","The Bedouin of Cyrenaica: studies in personal and corporate
         power",1990,230,Monograph,Libyan Bedouin,Africa,Northern Africa,pastoralists,,"585,593,684,842",https://ehrafworldcultures.yale.edu/sres/6225fa96-6d43-49fd-b9ca-36390d7b090d
f9c94e8e-349e-4fc9-93d8-5a3d5c9b4ff3,"Peters, Emrys L. -1987","The Bedouin of Cyrenaica: studies in personal and corporate
         power",1990,230,Monograph,Libyan Bedouin,Africa,Northern Africa,pastoralists,,"583,684",https://ehrafworldcultures.yale.edu/sres/f9c94e8e-349e-4fc9-93d8-5a3d5c9b4ff3
96a8fd32-e277-4748-90bc-636d9af61a9a,"Peters, Emrys L. -1987","The Bedouin of Cyrenaica: studies in personal and corporate
         power",1990,231,Monograph,Libyan Bedouin,Africa,Northern Africa,pastoralists,,"583,586,683,684",https://ehrafworldcultures.yale.edu/sres/96a8fd32-e277-4748-90bc-636d9af61a9a
1319e3bd-79af-427e-a257-040bc034ff8c,"Peters, Emrys L. -1987","The Bedouin of Cyrenaica: studies in personal and corporate
         power",1990,247,Monograph,Libyan Bedouin,Africa,Northern Africa,pastoralists,,"684,836,882,883",https://ehrafworldcultures.yale.edu/sres/1319e3bd-79af-427e-a257-040bc034ff8c
155e5152-5cb3-4a71-82d5-744ebd5ed272,"Peters, Emrys L. -1987","The Bedouin of Cyrenaica: studies in personal and corporate
         power",1990,256,Monograph,Libyan Bedouin,Africa,Northern Africa,pastoralists,,"231,431,583,584,587,602,683",https://ehrafworldcultures.yale.edu/sres/155e5152-5cb3-4a71-82d5-744ebd5ed272
61b81598-a4ba-4e28-b4e9-3183d5c81b45,"Mohsen, Safia K., 1936-","The quest for order among Awlad Ali of the Western Desert of
         Egypt",1971,127,Monograph,Libyan Bedouin,Africa,Northern Africa,pastoralists,,"583,586,593,681",https://ehrafworldcultures.yale.edu/sres/61b81598-a4ba-4e28-b4e9-3183d5c81b45
0978f751-35d6-4fa7-97fb-bbe865b48f0d,"Mohsen, Safia K., 1936-","The quest for order among Awlad Ali of the Western Desert of
         Egypt",1971,128,Monograph,Libyan Bedouin,Africa,Northern Africa,pastoralists,,"562,593,602,613,682,683",https://ehrafworldcultures.yale.edu/sres/0978f751-35d6-4fa7-97fb-bbe865b48f0d
e4e37ab2-5dfd-4e11-b103-8b057c92e309,"Mohsen, Safia K., 1936-","The quest for order among Awlad Ali of the Western Desert of
         Egypt",1971,128,Monograph,Libyan Bedouin,Africa,Northern Africa,pastoralists,,"422,562,581,583,584,585,593,671,682,683",https://ehrafworldcultures.yale.edu/sres/e4e37ab2-5dfd-4e11-b103-8b057c92e309
4b14d64f-6972-4abd-985f-45b2fe656d76,"Mohsen, Safia K., 1936-","The quest for order among Awlad Ali of the Western Desert of
         Egypt",1971,129,Monograph,Libyan Bedouin,Africa,Northern Africa,pastoralists,,"581,585,682,683,693",https://ehrafworldcultures.yale.edu/sres/4b14d64f-6972-4abd-985f-45b2fe656d76
ac00f95b-fd00-4ca1-81e8-4738852240a0,"Mohsen, Safia K., 1936-","The quest for order among Awlad Ali of the Western Desert of
         Egypt",1971,130,Monograph,Libyan Bedouin,Africa,Northern Africa,pastoralists,,"562,593,613,684",https://ehrafworldcultures.yale.edu/sres/ac00f95b-fd00-4ca1-81e8-4738852240a0
8d87a77e-7864-4ba3-914d-28e5c05b8bcd,"Mohsen, Safia K., 1936-","The quest for order among Awlad Ali of the Western Desert of
         Egypt",1971,130,Monograph,Libyan Bedouin,Africa,Northern Africa,pastoralists,,"114,522,562,578,593,613,628,682,684,734",https://ehrafworldcultures.yale.edu/sres/8d87a77e-7864-4ba3-914d-28e5c05b8bcd
9d985ccf-9fd3-4224-a11b-8e039d9bd973,"Mohsen, Safia K., 1936-","The quest for order among Awlad Ali of the Western Desert of
         Egypt",1971,131,Monograph,Libyan Bedouin,Africa,Northern Africa,pastoralists,,"124,126,684",https://ehrafworldcultures.yale.edu/sres/9d985ccf-9fd3-4224-a11b-8e039d9bd973
12b60011-bc83-411f-ac48-b36e673bb8b1,"Mohsen, Safia K., 1936-","The quest for order among Awlad Ali of the Western Desert of
         Egypt",1971,131,Monograph,Libyan Bedouin,Africa,Northern Africa,pastoralists,,"583,586,684",https://ehrafworldcultures.yale.edu/sres/12b60011-bc83-411f-ac48-b36e673bb8b1
87ba3762-b00b-4dfb-9084-a221bf5e3525,"Mohsen, Safia K., 1936-","The quest for order among Awlad Ali of the Western Desert of
         Egypt",1971,132,Monograph,Libyan Bedouin,Africa,Northern Africa,pastoralists,,"426,554,558,561,583,593,613,681,684,685",https://ehrafworldcultures.yale.edu/sres/87ba3762-b00b-4dfb-9084-a221bf5e3525
866c7cb9-0ec0-4b89-82b3-6cad89b4b767,"Mohsen, Safia K., 1936-","The quest for order among Awlad Ali of the Western Desert of
         Egypt",1971,148,Monograph,Libyan Bedouin,Africa,Northern Africa,pastoralists,,"177,182,579,673,682,692",https://ehrafworldcultures.yale.edu/sres/866c7cb9-0ec0-4b89-82b3-6cad89b4b767
dab21c09-4ee5-46a2-bedc-a9266220e966,"Mohsen, Safia K., 1936-","The quest for order among Awlad Ali of the Western Desert of
         Egypt",1971,149,Monograph,Libyan Bedouin,Africa,Northern Africa,pastoralists,,"178,619,628,672,673,682,726",https://ehrafworldcultures.yale.edu/sres/dab21c09-4ee5-46a2-bedc-a9266220e966
caeff977-5dec-463f-9e71-4a488f6fb1ef,"Mohsen, Safia K., 1936-","The quest for order among Awlad Ali of the Western Desert of
         Egypt",1971,151,Monograph,Libyan Bedouin,Africa,Northern Africa,pastoralists,,"184,312,428,672,682",https://ehrafworldcultures.yale.edu/sres/caeff977-5dec-463f-9e71-4a488f6fb1ef
55ea3c0a-971e-4ee6-a313-0915ac6bd115,"Mohsen, Safia K., 1936-","The quest for order among Awlad Ali of the Western Desert of
         Egypt",1971,154,Monograph,Libyan Bedouin,Africa,Northern Africa,pastoralists,,"578,613,671,672,682,683,695,778,784",https://ehrafworldcultures.yale.edu/sres/55ea3c0a-971e-4ee6-a313-0915ac6bd115
b74b29ff-3bc1-4651-83eb-796560efb769,"Mohsen, Safia K., 1936-","The quest for order among Awlad Ali of the Western Desert of
         Egypt",1971,156,Monograph,Libyan Bedouin,Africa,Northern Africa,pastoralists,,"132,233,311,423,578,613,619,682",https://ehrafworldcultures.yale.edu/sres/b74b29ff-3bc1-4651-83eb-796560efb769
6ac4c9b5-700c-4cf5-94ae-992f41d530a8,"Mohsen, Safia K., 1936-","The quest for order among Awlad Ali of the Western Desert of
         Egypt",1971,158,Monograph,Libyan Bedouin,Africa,Northern Africa,pastoralists,,"411,625,672,673,682,692",https://ehrafworldcultures.yale.edu/sres/6ac4c9b5-700c-4cf5-94ae-992f41d530a8
8d04680c-4c56-40b4-9c57-795c064747e1,"Mohsen, Safia K., 1936-","The quest for order among Awlad Ali of the Western Desert of
         Egypt",1971,158,Monograph,Libyan Bedouin,Africa,Northern Africa,pastoralists,,"613,628,682",https://ehrafworldcultures.yale.edu/sres/8d04680c-4c56-40b4-9c57-795c064747e1
503f2817-4c8f-4674-aa65-fef4ffda19c1,"Mohsen, Safia K., 1936-","The quest for order among Awlad Ali of the Western Desert of
         Egypt",1971,163,Monograph,Libyan Bedouin,Africa,Northern Africa,pastoralists,,"574,682",https://ehrafworldcultures.yale.edu/sres/503f2817-4c8f-4674-aa65-fef4ffda19c1
75df11db-2649-4958-8fcf-039915e875c4,"Mohsen, Safia K., 1936-","The quest for order among Awlad Ali of the Western Desert of
         Egypt",1971,164,Monograph,Libyan Bedouin,Africa,Northern Africa,pastoralists,,"682,684",https://ehrafworldcultures.yale.edu/sres/75df11db-2649-4958-8fcf-039915e875c4
eb142f7d-e70a-4f70-8a3c-16044678b157,"Mohsen, Safia K., 1936-","The quest for order among Awlad Ali of the Western Desert of
         Egypt",1971,165,Monograph,Libyan Bedouin,Africa,Northern Africa,pastoralists,,"672,682,684",https://ehrafworldcultures.yale.edu/sres/eb142f7d-e70a-4f70-8a3c-16044678b157
5bd9fc19-e2d4-47a7-adf0-06e3dc0d0c87,"Mohsen, Safia K., 1936-","The quest for order among Awlad Ali of the Western Desert of
         Egypt",1971,166,Monograph,Libyan Bedouin,Africa,Northern Africa,pastoralists,,"672,682",https://ehrafworldcultures.yale.edu/sres/5bd9fc19-e2d4-47a7-adf0-06e3dc0d0c87
39487546-2c52-48ab-ac38-19a1990ac774,"Mohsen, Safia K., 1936-","The quest for order among Awlad Ali of the Western Desert of
         Egypt",1971,166,Monograph,Libyan Bedouin,Africa,Northern Africa,pastoralists,,"192,411,672,673,682",https://ehrafworldcultures.yale.edu/sres/39487546-2c52-48ab-ac38-19a1990ac774
de17b942-a044-49df-a784-07837bba9487,"Mohsen, Safia K., 1936-","The quest for order among Awlad Ali of the Western Desert of
         Egypt",1971,167,Monograph,Libyan Bedouin,Africa,Northern Africa,pastoralists,,"183,671,672,682,684,778",https://ehrafworldcultures.yale.edu/sres/de17b942-a044-49df-a784-07837bba9487
eb3f9da1-7ddf-442c-8d02-b2fefe12cb61,"Mohsen, Safia K., 1936-","The quest for order among Awlad Ali of the Western Desert of
         Egypt",1971,170,Monograph,Libyan Bedouin,Africa,Northern Africa,pastoralists,,"231,411,574,594,671,672,682,683",https://ehrafworldcultures.yale.edu/sres/eb3f9da1-7ddf-442c-8d02-b2fefe12cb61
57a9c79a-2597-46df-bf31-622bb888623a,"Mohsen, Safia K., 1936-","The quest for order among Awlad Ali of the Western Desert of
         Egypt",1971,174,Monograph,Libyan Bedouin,Africa,Northern Africa,pastoralists,,"435,683",https://ehrafworldcultures.yale.edu/sres/57a9c79a-2597-46df-bf31-622bb888623a
78596204-7245-41d5-9957-d0ca26a6f24c,"Mohsen, Safia K., 1936-","The quest for order among Awlad Ali of the Western Desert of
         Egypt",1971,174,Monograph,Libyan Bedouin,Africa,Northern Africa,pastoralists,,"435,683",https://ehrafworldcultures.yale.edu/sres/78596204-7245-41d5-9957-d0ca26a6f24c
a0339e5a-f58a-4fef-b94e-4f2920cad634,"Mohsen, Safia K., 1936-","The quest for order among Awlad Ali of the Western Desert of
         Egypt",1971,175,Monograph,Libyan Bedouin,Africa,Northern Africa,pastoralists,,"435,683",https://ehrafworldcultures.yale.edu/sres/a0339e5a-f58a-4fef-b94e-4f2920cad634
31c5284c-f877-4883-a12a-09a3856357e9,"Mohsen, Safia K., 1936-","The quest for order among Awlad Ali of the Western Desert of
         Egypt",1971,175,Monograph,Libyan Bedouin,Africa,Northern Africa,pastoralists,,"435,683",https://ehrafworldcultures.yale.edu/sres/31c5284c-f877-4883-a12a-09a3856357e9
e1e6ce25-1797-4d8e-8650-89e2d182a6c4,"Mohsen, Safia K., 1936-","The quest for order among Awlad Ali of the Western Desert of
         Egypt",1971,175,Monograph,Libyan Bedouin,Africa,Northern Africa,pastoralists,,"435,683",https://ehrafworldcultures.yale.edu/sres/e1e6ce25-1797-4d8e-8650-89e2d182a6c4
7d5ef619-6a33-4987-a214-5127bdd9eb5e,"Mohsen, Safia K., 1936-","The quest for order among Awlad Ali of the Western Desert of
         Egypt",1971,175,Monograph,Libyan Bedouin,Africa,Northern Africa,pastoralists,,"435,683",https://ehrafworldcultures.yale.edu/sres/7d5ef619-6a33-4987-a214-5127bdd9eb5e
4e58896b-f1ea-41d6-8983-e74cbd4b6846,"Mohsen, Safia K., 1936-","The quest for order among Awlad Ali of the Western Desert of
         Egypt",1971,176,Monograph,Libyan Bedouin,Africa,Northern Africa,pastoralists,,"435,683",https://ehrafworldcultures.yale.edu/sres/4e58896b-f1ea-41d6-8983-e74cbd4b6846
81aff012-3405-4684-9ca1-8da76da99608,"Mohsen, Safia K., 1936-","The quest for order among Awlad Ali of the Western Desert of
         Egypt",1971,176,Monograph,Libyan Bedouin,Africa,Northern Africa,pastoralists,,"435,683",https://ehrafworldcultures.yale.edu/sres/81aff012-3405-4684-9ca1-8da76da99608
9253d89f-321f-4236-8fb7-a2f826d8d5e0,"Mohsen, Safia K., 1936-","The quest for order among Awlad Ali of the Western Desert of
         Egypt",1971,5,Monograph,Libyan Bedouin,Africa,Northern Africa,pastoralists,,"114,121,671,681",https://ehrafworldcultures.yale.edu/sres/9253d89f-321f-4236-8fb7-a2f826d8d5e0
0fef2592-3278-4113-9479-93a0b4567d0c,"Mohsen, Safia K., 1936-","The quest for order among Awlad Ali of the Western Desert of
         Egypt",1971,6,Monograph,Libyan Bedouin,Africa,Northern Africa,pastoralists,,"114,121,671,681",https://ehrafworldcultures.yale.edu/sres/0fef2592-3278-4113-9479-93a0b4567d0c
f2f081c6-3a87-40aa-b833-22c525d8c670,"Mohsen, Safia K., 1936-","The quest for order among Awlad Ali of the Western Desert of
         Egypt",1971,6,Monograph,Libyan Bedouin,Africa,Northern Africa,pastoralists,,"114,121,625,671,681,692",https://ehrafworldcultures.yale.edu/sres/f2f081c6-3a87-40aa-b833-22c525d8c670
ecc2d4f1-e32d-4e3f-a046-657ca5554cc7,"Mohsen, Safia K., 1936-","The quest for order among Awlad Ali of the Western Desert of
         Egypt",1971,39,Monograph,Libyan Bedouin,Africa,Northern Africa,pastoralists,,"184,613,619,671,682,778",https://ehrafworldcultures.yale.edu/sres/ecc2d4f1-e32d-4e3f-a046-657ca5554cc7
25e1eae3-ac46-4c06-919a-ff2f892ba54e,"Mohsen, Safia K., 1936-","The quest for order among Awlad Ali of the Western Desert of
         Egypt",1971,40,Monograph,Libyan Bedouin,Africa,Northern Africa,pastoralists,,"184,619,682,778",https://ehrafworldcultures.yale.edu/sres/25e1eae3-ac46-4c06-919a-ff2f892ba54e
b1014e75-590b-4085-bc4a-6351d1f566cb,"Mohsen, Safia K., 1936-","The quest for order among Awlad Ali of the Western Desert of
         Egypt",1971,40,Monograph,Libyan Bedouin,Africa,Northern Africa,pastoralists,,"178,184,582,619,682",https://ehrafworldcultures.yale.edu/sres/b1014e75-590b-4085-bc4a-6351d1f566cb
66bd3b24-c732-4021-b40e-42043cd926b1,"Mohsen, Safia K., 1936-","The quest for order among Awlad Ali of the Western Desert of
         Egypt",1971,43,Monograph,Libyan Bedouin,Africa,Northern Africa,pastoralists,,"613,672,682",https://ehrafworldcultures.yale.edu/sres/66bd3b24-c732-4021-b40e-42043cd926b1
73aaac17-1d80-4451-bfe3-9f06a497dbe3,"Mohsen, Safia K., 1936-","The quest for order among Awlad Ali of the Western Desert of
         Egypt",1971,45,Monograph,Libyan Bedouin,Africa,Northern Africa,pastoralists,,"539,613,675,681",https://ehrafworldcultures.yale.edu/sres/73aaac17-1d80-4451-bfe3-9f06a497dbe3
99f9da24-ceae-4d22-8ecc-3e0e81721372,"Mohsen, Safia K., 1936-","The quest for order among Awlad Ali of the Western Desert of
         Egypt",1971,45,Monograph,Libyan Bedouin,Africa,Northern Africa,pastoralists,,"539,613,675,681,885",https://ehrafworldcultures.yale.edu/sres/99f9da24-ceae-4d22-8ecc-3e0e81721372
f3d5d95e-5936-4bba-9a41-52693146e02b,"Mohsen, Safia K., 1936-","The quest for order among Awlad Ali of the Western Desert of
         Egypt",1971,46,Monograph,Libyan Bedouin,Africa,Northern Africa,pastoralists,,"539,613,675,681,885",https://ehrafworldcultures.yale.edu/sres/f3d5d95e-5936-4bba-9a41-52693146e02b
2a2840f1-1591-46cc-a0c0-091b76fb0273,"Mohsen, Safia K., 1936-","The quest for order among Awlad Ali of the Western Desert of
         Egypt",1971,46,Monograph,Libyan Bedouin,Africa,Northern Africa,pastoralists,,"539,613,675,681",https://ehrafworldcultures.yale.edu/sres/2a2840f1-1591-46cc-a0c0-091b76fb0273
f0b0c935-8d9e-4437-b81a-78c8968eeea5,"Mohsen, Safia K., 1936-","The quest for order among Awlad Ali of the Western Desert of
         Egypt",1971,48,Monograph,Libyan Bedouin,Africa,Northern Africa,pastoralists,,"166,178,182,233,361,434,464,578,613,619,675,682,731",https://ehrafworldcultures.yale.edu/sres/f0b0c935-8d9e-4437-b81a-78c8968eeea5
b128c818-9908-4f80-9312-76da4f61f5f9,"Mohsen, Safia K., 1936-","The quest for order among Awlad Ali of the Western Desert of
         Egypt",1971,50,Monograph,Libyan Bedouin,Africa,Northern Africa,pastoralists,,"578,613,671,672,681",https://ehrafworldcultures.yale.edu/sres/b128c818-9908-4f80-9312-76da4f61f5f9
cb125e6b-60e7-4bed-9a8b-74398cc43118,"Mohsen, Safia K., 1936-","The quest for order among Awlad Ali of the Western Desert of
         Egypt",1971,51,Monograph,Libyan Bedouin,Africa,Northern Africa,pastoralists,,"613,671,675,682",https://ehrafworldcultures.yale.edu/sres/cb125e6b-60e7-4bed-9a8b-74398cc43118
210a21a9-adca-4aa1-898f-40597b16ae2b,"Mohsen, Safia K., 1936-","The quest for order among Awlad Ali of the Western Desert of
         Egypt",1971,55,Monograph,Libyan Bedouin,Africa,Northern Africa,pastoralists,,"178,613,672,675,682",https://ehrafworldcultures.yale.edu/sres/210a21a9-adca-4aa1-898f-40597b16ae2b
48cf5b75-0024-4408-9adb-f9eafd4779ce,"Mohsen, Safia K., 1936-","The quest for order among Awlad Ali of the Western Desert of
         Egypt",1971,56,Monograph,Libyan Bedouin,Africa,Northern Africa,pastoralists,,"613,675,682",https://ehrafworldcultures.yale.edu/sres/48cf5b75-0024-4408-9adb-f9eafd4779ce
ac2bf8a1-23ad-49a4-87d6-412e3dce44f2,"Mohsen, Safia K., 1936-","The quest for order among Awlad Ali of the Western Desert of
         Egypt",1971,61,Monograph,Libyan Bedouin,Africa,Northern Africa,pastoralists,,"114,613,628,683",https://ehrafworldcultures.yale.edu/sres/ac2bf8a1-23ad-49a4-87d6-412e3dce44f2
da66a71c-1569-4300-bd4b-13197141b1c8,"Mohsen, Safia K., 1936-","The quest for order among Awlad Ali of the Western Desert of
         Egypt",1971,62,Monograph,Libyan Bedouin,Africa,Northern Africa,pastoralists,,"613,628,683",https://ehrafworldcultures.yale.edu/sres/da66a71c-1569-4300-bd4b-13197141b1c8
f1fc917a-66c9-4dcc-b87a-c48fcaf2482d,"Mohsen, Safia K., 1936-","The quest for order among Awlad Ali of the Western Desert of
         Egypt",1971,62,Monograph,Libyan Bedouin,Africa,Northern Africa,pastoralists,,"576,613,628,683,779,867",https://ehrafworldcultures.yale.edu/sres/f1fc917a-66c9-4dcc-b87a-c48fcaf2482d
d5a09c2c-8bcd-4c1a-bc3c-f9e95a5b7c78,"Mohsen, Safia K., 1936-","The quest for order among Awlad Ali of the Western Desert of
         Egypt",1971,68,Monograph,Libyan Bedouin,Africa,Northern Africa,pastoralists,,"464,578,613,682",https://ehrafworldcultures.yale.edu/sres/d5a09c2c-8bcd-4c1a-bc3c-f9e95a5b7c78
9698dd35-a1dd-401c-a0e1-ddeee23f6a9b,"Mohsen, Safia K., 1936-","The quest for order among Awlad Ali of the Western Desert of
         Egypt",1971,68,Monograph,Libyan Bedouin,Africa,Northern Africa,pastoralists,,"613,682,683",https://ehrafworldcultures.yale.edu/sres/9698dd35-a1dd-401c-a0e1-ddeee23f6a9b
4cd5a4e1-b2ed-4b11-a8db-bcf71a2f3035,"Mohsen, Safia K., 1936-","The quest for order among Awlad Ali of the Western Desert of
         Egypt",1971,68,Monograph,Libyan Bedouin,Africa,Northern Africa,pastoralists,,"613,682,683",https://ehrafworldcultures.yale.edu/sres/4cd5a4e1-b2ed-4b11-a8db-bcf71a2f3035
8e3a5ce6-6316-43ec-85dd-e03827ba7d07,"Mohsen, Safia K., 1936-","The quest for order among Awlad Ali of the Western Desert of
         Egypt",1971,68,Monograph,Libyan Bedouin,Africa,Northern Africa,pastoralists,,"115,558,613,672,682,683",https://ehrafworldcultures.yale.edu/sres/8e3a5ce6-6316-43ec-85dd-e03827ba7d07
9d5b1eed-882f-431d-aebf-c79ec2354f5d,"Mohsen, Safia K., 1936-","The quest for order among Awlad Ali of the Western Desert of
         Egypt",1971,69,Monograph,Libyan Bedouin,Africa,Northern Africa,pastoralists,,"124,156,439,551,558,613,672,682,683,685,788",https://ehrafworldcultures.yale.edu/sres/9d5b1eed-882f-431d-aebf-c79ec2354f5d
7851d2ac-9d75-4e35-8815-541311655582,"Mohsen, Safia K., 1936-","The quest for order among Awlad Ali of the Western Desert of
         Egypt",1971,71,Monograph,Libyan Bedouin,Africa,Northern Africa,pastoralists,,"156,159,428,463,554,613,683,779",https://ehrafworldcultures.yale.edu/sres/7851d2ac-9d75-4e35-8815-541311655582
eea02b1a-021f-47a0-9c83-557ea74824ec,"Mohsen, Safia K., 1936-","The quest for order among Awlad Ali of the Western Desert of
         Egypt",1971,71,Monograph,Libyan Bedouin,Africa,Northern Africa,pastoralists,,"156,159,428,463,554,578,613,661,683,779",https://ehrafworldcultures.yale.edu/sres/eea02b1a-021f-47a0-9c83-557ea74824ec
862c5d15-4aa4-47ae-870f-ab64d4e7f6c5,"Mohsen, Safia K., 1936-","The quest for order among Awlad Ali of the Western Desert of
         Egypt",1971,80,Monograph,Libyan Bedouin,Africa,Northern Africa,pastoralists,,"156,521,578,613,619,681,685",https://ehrafworldcultures.yale.edu/sres/862c5d15-4aa4-47ae-870f-ab64d4e7f6c5
a216bb5b-0bcc-4959-b3c4-ce28399a1f91,"Mohsen, Safia K., 1936-","The quest for order among Awlad Ali of the Western Desert of
         Egypt",1971,82,Monograph,Libyan Bedouin,Africa,Northern Africa,pastoralists,,"613,681,695",https://ehrafworldcultures.yale.edu/sres/a216bb5b-0bcc-4959-b3c4-ce28399a1f91
6c92520b-42a4-4f64-951c-452e7efd28b1,"Mohsen, Safia K., 1936-","The quest for order among Awlad Ali of the Western Desert of
         Egypt",1971,87,Monograph,Libyan Bedouin,Africa,Northern Africa,pastoralists,,"166,178,369,464,554,613,682",https://ehrafworldcultures.yale.edu/sres/6c92520b-42a4-4f64-951c-452e7efd28b1
cde04394-b474-4538-ae71-45272c852576,"Mohsen, Safia K., 1936-","The quest for order among Awlad Ali of the Western Desert of
         Egypt",1971,88,Monograph,Libyan Bedouin,Africa,Northern Africa,pastoralists,,"166,178,369,428,464,554,556,561,613,682",https://ehrafworldcultures.yale.edu/sres/cde04394-b474-4538-ae71-45272c852576
d5932882-c687-4097-880b-b339b10bf77a,"Mohsen, Safia K., 1936-","The quest for order among Awlad Ali of the Western Desert of
         Egypt",1971,108,Monograph,Libyan Bedouin,Africa,Northern Africa,pastoralists,,"584,686",https://ehrafworldcultures.yale.edu/sres/d5932882-c687-4097-880b-b339b10bf77a
7079f58b-b928-48fd-9508-48a158defff3,"Mohsen, Safia K., 1936-","The quest for order among Awlad Ali of the Western Desert of
         Egypt",1971,109,Monograph,Libyan Bedouin,Africa,Northern Africa,pastoralists,,"558,584,585,686",https://ehrafworldcultures.yale.edu/sres/7079f58b-b928-48fd-9508-48a158defff3
2eefba87-8ed8-4d42-94f6-159fd2b8d30e,"Mohsen, Safia K., 1936-","The quest for order among Awlad Ali of the Western Desert of
         Egypt",1971,110,Monograph,Libyan Bedouin,Africa,Northern Africa,pastoralists,,"582,583,587,602,682",https://ehrafworldcultures.yale.edu/sres/2eefba87-8ed8-4d42-94f6-159fd2b8d30e
3581a0e7-d452-4e81-bfe5-76765b86911f,"Peters, Emrys L. -1987","The Bedouin of Cyrenaica: studies in personal and corporate
         power",1990,310,Monograph,Libyan Bedouin,Africa,Northern Africa,pastoralists,,"426,686",https://ehrafworldcultures.yale.edu/sres/3581a0e7-d452-4e81-bfe5-76765b86911f
