uuid,Primary_Author,Title,Published,Page,DocType,Culture,Region,Subregion,Subsistence,OCM,IDs,Permalink
f39e1de9-1aec-4db9-9387-8bfe5a7c5eab,"Evans-Pritchard, E. E. (Edward Evan),
         1902-1973",Zande Kings and Princes,1962,98,Essay,Azande,Africa,Central Africa,horticulturalists,,"113,114,643,681,682,684,696",https://ehrafworldcultures.yale.edu/sres/f39e1de9-1aec-4db9-9387-8bfe5a7c5eab
52e59d18-c84f-41c5-9ab1-0e5e5ff0a596,"Gillies, Eva",Culture summary: Azande,1999,7,Manuscript,Azande,Africa,Central Africa,horticulturalists,,"626,681,684,692,754",https://ehrafworldcultures.yale.edu/sres/52e59d18-c84f-41c5-9ab1-0e5e5ff0a596
6a6419f0-6fb4-4099-924d-5de5430de2a5,"Evans-Pritchard, E. E. (Edward Evan),
         1902-1973","Witchcraft, oracles and magic among the Azande",1937,89,Monograph,Azande,Africa,Central Africa,horticulturalists,,"626,675,686,787",https://ehrafworldcultures.yale.edu/sres/6a6419f0-6fb4-4099-924d-5de5430de2a5
5928b686-ab5a-4f28-bb93-7c7a005ada91,"Evans-Pritchard, E. E. (Edward Evan),
         1902-1973","Witchcraft, oracles and magic among the Azande",1937,466,Monograph,Azande,Africa,Central Africa,horticulturalists,,"577,626,685,789",https://ehrafworldcultures.yale.edu/sres/5928b686-ab5a-4f28-bb93-7c7a005ada91
86cf9491-79d6-4fd3-8f3d-060a08b3d112,"Evans-Pritchard, E. E. (Edward Evan),
         1902-1973","Witchcraft, oracles and magic among the Azande",1937,467,Monograph,Azande,Africa,Central Africa,horticulturalists,,"577,626,685,789",https://ehrafworldcultures.yale.edu/sres/86cf9491-79d6-4fd3-8f3d-060a08b3d112
228fa600-19d8-4286-8ba6-60fdb23f9d82,"Schlippe, Pierre de, 1904-","Shifting cultivation in Africa: the Zande system of
         agriculture",1956,185,Monograph,Azande,Africa,Central Africa,horticulturalists,,"626,685,787",https://ehrafworldcultures.yale.edu/sres/228fa600-19d8-4286-8ba6-60fdb23f9d82
19ec30e2-174f-44c4-8d96-8d0af0b4c8cc,"Schlippe, Pierre de, 1904-","Shifting cultivation in Africa: the Zande system of
         agriculture",1956,186,Monograph,Azande,Africa,Central Africa,horticulturalists,,"626,685,787",https://ehrafworldcultures.yale.edu/sres/19ec30e2-174f-44c4-8d96-8d0af0b4c8cc
d24b47d5-891c-4672-a071-36bed98dcbfb,"Evans-Pritchard, E. E. (Edward Evan),
         1902-1973","Witchcraft, oracles and magic among the Azande",1937,26,Monograph,Azande,Africa,Central Africa,horticulturalists,,"627,683,754,761",https://ehrafworldcultures.yale.edu/sres/d24b47d5-891c-4672-a071-36bed98dcbfb
ec1e1c86-e98c-4c25-825e-dfb4d5204e2e,"Evans-Pritchard, E. E. (Edward Evan),
         1902-1973","Witchcraft, oracles and magic among the Azande",1937,26,Monograph,Azande,Africa,Central Africa,horticulturalists,,"627,683,754",https://ehrafworldcultures.yale.edu/sres/ec1e1c86-e98c-4c25-825e-dfb4d5204e2e
b15589a3-c6d8-49a5-8802-f8a35b4af702,"Evans-Pritchard, E. E. (Edward Evan),
         1902-1973","Witchcraft, oracles and magic among the Azande",1937,27,Monograph,Azande,Africa,Central Africa,horticulturalists,,"627,683,754",https://ehrafworldcultures.yale.edu/sres/b15589a3-c6d8-49a5-8802-f8a35b4af702
1ae7b15b-d024-4bc3-856f-19cd8d4e2eb5,"Evans-Pritchard, E. E. (Edward Evan),
         1902-1973","Witchcraft, oracles and magic among the Azande",1937,27,Monograph,Azande,Africa,Central Africa,horticulturalists,,"627,683,754",https://ehrafworldcultures.yale.edu/sres/1ae7b15b-d024-4bc3-856f-19cd8d4e2eb5
52ca8e28-ae76-492c-9a6c-34294ecc5591,"Evans-Pritchard, E. E. (Edward Evan),
         1902-1973","Witchcraft, oracles and magic among the Azande",1937,28,Monograph,Azande,Africa,Central Africa,horticulturalists,,"627,683,754,787",https://ehrafworldcultures.yale.edu/sres/52ca8e28-ae76-492c-9a6c-34294ecc5591
6f1a9aea-cef7-46c5-94da-0a95563cfc15,"Evans-Pritchard, E. E. (Edward Evan),
         1902-1973","Witchcraft, oracles and magic among the Azande",1937,28,Monograph,Azande,Africa,Central Africa,horticulturalists,,"627,683,754",https://ehrafworldcultures.yale.edu/sres/6f1a9aea-cef7-46c5-94da-0a95563cfc15
8c121d6f-ced9-47f1-8529-84b3ac4d5b66,"Evans-Pritchard, E. E. (Edward Evan),
         1902-1973","Witchcraft, oracles and magic among the Azande",1937,28,Monograph,Azande,Africa,Central Africa,horticulturalists,,"627,683,754",https://ehrafworldcultures.yale.edu/sres/8c121d6f-ced9-47f1-8529-84b3ac4d5b66
5874ea90-1e9a-4b5d-a594-c5d0c738314f,"Evans-Pritchard, E. E. (Edward Evan),
         1902-1973","Witchcraft, oracles and magic among the Azande",1937,29,Monograph,Azande,Africa,Central Africa,horticulturalists,,"627,683,754",https://ehrafworldcultures.yale.edu/sres/5874ea90-1e9a-4b5d-a594-c5d0c738314f
9d20dd7f-e502-465f-a479-12d2939a01e0,"Evans-Pritchard, E. E. (Edward Evan),
         1902-1973","Witchcraft, oracles and magic among the Azande",1937,128,Monograph,Azande,Africa,Central Africa,horticulturalists,,"627,683,754",https://ehrafworldcultures.yale.edu/sres/9d20dd7f-e502-465f-a479-12d2939a01e0
a9826f79-e705-4998-8ccb-db052b609635,"Evans-Pritchard, E. E. (Edward Evan),
         1902-1973","Witchcraft, oracles and magic among the Azande",1937,128,Monograph,Azande,Africa,Central Africa,horticulturalists,,"627,683,754",https://ehrafworldcultures.yale.edu/sres/a9826f79-e705-4998-8ccb-db052b609635
a52209e0-b923-4d9e-bf32-4f1f2601897d,"Evans-Pritchard, E. E. (Edward Evan),
         1902-1973",Witchcraft (Mangu) among the A-Zande,1929,211-212a,"Component part(s), monograph",Azande,Africa,Central Africa,horticulturalists,,"577,626,754",https://ehrafworldcultures.yale.edu/sres/a52209e0-b923-4d9e-bf32-4f1f2601897d
4b0b71fb-2482-4f31-b1b8-a2a71a43435f,"Evans-Pritchard, E. E. (Edward Evan),
         1902-1973",Witchcraft (Mangu) among the A-Zande,1929,220,"Component part(s), monograph",Azande,Africa,Central Africa,horticulturalists,,"626,754",https://ehrafworldcultures.yale.edu/sres/4b0b71fb-2482-4f31-b1b8-a2a71a43435f
d1747f67-23bd-4b5d-85f9-7a50d3cfd7e0,"Evans-Pritchard, E. E. (Edward Evan),
         1902-1973",Witchcraft (Mangu) among the A-Zande,1929,236-237,"Component part(s), monograph",Azande,Africa,Central Africa,horticulturalists,,"626,754",https://ehrafworldcultures.yale.edu/sres/d1747f67-23bd-4b5d-85f9-7a50d3cfd7e0
64878ccf-b015-4da8-a40c-949f048b72e0,"Reining, Conrad C.",The role of money in the Zande economy,1959,41,Journal Article,Azande,Africa,Central Africa,horticulturalists,,"114,411,436,583,626",https://ehrafworldcultures.yale.edu/sres/64878ccf-b015-4da8-a40c-949f048b72e0
793aa545-29a5-42b3-a05f-4b44311768b2,"Reining, Conrad C.",Zande markets and commerce,1962,552,Essay,Azande,Africa,Central Africa,horticulturalists,,"411,436,583,626",https://ehrafworldcultures.yale.edu/sres/793aa545-29a5-42b3-a05f-4b44311768b2
00c8e0c8-0dc2-402f-944a-22a45c94f445,"Evans-Pritchard, E. E. (Edward Evan),
         1902-1973",A final contribution to the study of Zande culture,1965,2,Journal Article,Azande,Africa,Central Africa,horticulturalists,,"175,177,186,304,626",https://ehrafworldcultures.yale.edu/sres/00c8e0c8-0dc2-402f-944a-22a45c94f445
3f4e2d31-c6cd-4890-85ba-84788701f266,"Lagae, C. R.","The Azande or Niam-Niam: Zande organizations, religious and
         magical beliefs, family customs",1926,76-77,"Component part(s), monograph",Azande,Africa,Central Africa,horticulturalists,,"183,626",https://ehrafworldcultures.yale.edu/sres/3f4e2d31-c6cd-4890-85ba-84788701f266
67b35955-fb89-47d6-95d8-c398444ceb1b,"Lagae, C. R.","The Azande or Niam-Niam: Zande organizations, religious and
         magical beliefs, family customs",1926,76-77,"Component part(s), monograph",Azande,Africa,Central Africa,horticulturalists,,"183,626",https://ehrafworldcultures.yale.edu/sres/67b35955-fb89-47d6-95d8-c398444ceb1b
a7a02e6e-82ed-430a-8d3e-3c57a3cbb555,"Evans-Pritchard, E. E. (Edward Evan),
         1902-1973",Zande blood-brotherhood,1933,387,"Component part(s), monograph",Azande,Africa,Central Africa,horticulturalists,,"431,608,626",https://ehrafworldcultures.yale.edu/sres/a7a02e6e-82ed-430a-8d3e-3c57a3cbb555
c677aeff-4072-4037-8279-11b5bbd1450d,"Hutereau, Armand","Notes on family life and legal matters of some peoples of the
         Belgian Congo",1909,27c,"Component part(s), monograph",Azande,Africa,Central Africa,horticulturalists,,"626,787",https://ehrafworldcultures.yale.edu/sres/c677aeff-4072-4037-8279-11b5bbd1450d
1ee23f08-47b4-4c12-bb18-20bcbebb23b3,"Hutereau, Armand","Notes on family life and legal matters of some peoples of the
         Belgian Congo",1909,27c,"Component part(s), monograph",Azande,Africa,Central Africa,horticulturalists,,"626,787",https://ehrafworldcultures.yale.edu/sres/1ee23f08-47b4-4c12-bb18-20bcbebb23b3
e2075803-4703-458f-a909-5ea1570ae12c,"Hutereau, Armand","Notes on family life and legal matters of some peoples of the
         Belgian Congo",1909,27c,"Component part(s), monograph",Azande,Africa,Central Africa,horticulturalists,,"626,787",https://ehrafworldcultures.yale.edu/sres/e2075803-4703-458f-a909-5ea1570ae12c
c1f7d15f-1f8e-468b-8909-7cd801474d2b,"Hutereau, Armand","Notes on family life and legal matters of some peoples of the
         Belgian Congo",1909,27c,"Component part(s), monograph",Azande,Africa,Central Africa,horticulturalists,,"626,787",https://ehrafworldcultures.yale.edu/sres/c1f7d15f-1f8e-468b-8909-7cd801474d2b
056200e5-0dc3-4047-ba64-d945c789560c,"Evans-Pritchard, E. E. (Edward Evan,
         1902-1973",Zande theology,1936,14(3),"Component part(s), monograph",Azande,Africa,Central Africa,horticulturalists,,"626,828",https://ehrafworldcultures.yale.edu/sres/056200e5-0dc3-4047-ba64-d945c789560c
e5afb215-3205-460a-80a8-ff8e25367442,"Evans-Pritchard, E. E. (Edward Evan,
         1902-1973",Zande theology,1936,44,"Component part(s), monograph",Azande,Africa,Central Africa,horticulturalists,,"626,771",https://ehrafworldcultures.yale.edu/sres/e5afb215-3205-460a-80a8-ff8e25367442
82c3656f-37db-4987-808b-5ffc81276837,"Baxter, P. T. W.","The Azande, and related peoples of the Anglo-Egyptian Sudan
         and Belgian Congo",1953,75,"Component part(s), monograph",Azande,Africa,Central Africa,horticulturalists,,"608,626,826",https://ehrafworldcultures.yale.edu/sres/82c3656f-37db-4987-808b-5ffc81276837
0dc015a5-fa43-4f1d-a06e-908c3d586827,"Evans-Pritchard, E. E. (Edward Evan),
         1902-1973",The Azande: history and political institutions,1971,113,Monograph,Azande,Africa,Central Africa,horticulturalists,,"174,177,304,626,648",https://ehrafworldcultures.yale.edu/sres/0dc015a5-fa43-4f1d-a06e-908c3d586827
ee768be6-dedd-4c9e-b3d7-91a4c8a67b2b,"Evans-Pritchard, E. E. (Edward Evan),
         1902-1973",The Azande: history and political institutions,1971,193,Monograph,Azande,Africa,Central Africa,horticulturalists,,"124,264,554,626,644",https://ehrafworldcultures.yale.edu/sres/ee768be6-dedd-4c9e-b3d7-91a4c8a67b2b
78270dfb-5f1e-4acc-a375-b8505b9d270f,"Evans-Pritchard, E. E. (Edward Evan),
         1902-1973",The Azande: history and political institutions,1971,193,Monograph,Azande,Africa,Central Africa,horticulturalists,,"201,264,554,626,644",https://ehrafworldcultures.yale.edu/sres/78270dfb-5f1e-4acc-a375-b8505b9d270f
99aeab3a-f215-457f-b7c3-ea239440e19d,"Evans-Pritchard, E. E. (Edward Evan),
         1902-1973",The Azande: history and political institutions,1971,217,Monograph,Azande,Africa,Central Africa,horticulturalists,,"262,431,626,629,635,641,643,651",https://ehrafworldcultures.yale.edu/sres/99aeab3a-f215-457f-b7c3-ea239440e19d
5ac3ff98-a4f2-4327-887f-2de858b46814,"Evans-Pritchard, E. E. (Edward Evan),
         1902-1973",The Zande royal court,1957,p.692,Journal Article,Azande,Africa,Central Africa,horticulturalists,,"101,121,175,252,262,263,273,431,626,635,641,643,644,648,651,656,721,829",https://ehrafworldcultures.yale.edu/sres/5ac3ff98-a4f2-4327-887f-2de858b46814
3a58eccc-e7e1-4679-8a46-bb0fbe90b904,"Evans-Pritchard, E. E. (Edward Evan),
         1902-1973",The Zande royal court,1957,p.695,Journal Article,Azande,Africa,Central Africa,horticulturalists,,"175,431,626,635,641,643,644,651,656,829",https://ehrafworldcultures.yale.edu/sres/3a58eccc-e7e1-4679-8a46-bb0fbe90b904
2b84611f-5b31-48c2-b60f-3dc3b5fd8edd,"Evans-Pritchard, E. E. (Edward Evan),
         1902-1973",The dance,1928,457-458(1),"Component part(s), monograph",Azande,Africa,Central Africa,horticulturalists,,"535,626,836",https://ehrafworldcultures.yale.edu/sres/2b84611f-5b31-48c2-b60f-3dc3b5fd8edd
651e629a-4103-431b-9569-605578552d2f,"Evans-Pritchard, E. E. (Edward Evan),
         1902-1973",The dance,1928,457-458(1),"Component part(s), monograph",Azande,Africa,Central Africa,horticulturalists,,"535,626,836",https://ehrafworldcultures.yale.edu/sres/651e629a-4103-431b-9569-605578552d2f
d6e13351-73a4-4174-bbb1-390eab079698,"Evans-Pritchard, E. E. (Edward Evan),
         1902-1973",The dance,1928,457-458(2),"Component part(s), monograph",Azande,Africa,Central Africa,horticulturalists,,"535,626,836",https://ehrafworldcultures.yale.edu/sres/d6e13351-73a4-4174-bbb1-390eab079698
47f7d2d7-2d3d-4106-990c-8e99e2f5aa6e,"Evans-Pritchard, E. E. (Edward Evan),
         1902-1973","Witchcraft, oracles and magic among the Azande",1937,[p.63],Monograph,Azande,Africa,Central Africa,horticulturalists,,"626,754,827",https://ehrafworldcultures.yale.edu/sres/47f7d2d7-2d3d-4106-990c-8e99e2f5aa6e
437ee7c4-9f9f-4dc0-a8c1-c552493cc113,"Evans-Pritchard, E. E. (Edward Evan),
         1902-1973","Witchcraft, oracles and magic among the Azande",1937,96,Monograph,Azande,Africa,Central Africa,horticulturalists,,"626,754",https://ehrafworldcultures.yale.edu/sres/437ee7c4-9f9f-4dc0-a8c1-c552493cc113
f38030eb-b225-4465-af79-ac112d7892e4,"Evans-Pritchard, E. E. (Edward Evan),
         1902-1973","Witchcraft, oracles and magic among the Azande",1937,117,Monograph,Azande,Africa,Central Africa,horticulturalists,,"578,626,754",https://ehrafworldcultures.yale.edu/sres/f38030eb-b225-4465-af79-ac112d7892e4
3f3ad0b8-aa50-4074-a0db-b8b20ed5ad24,"Evans-Pritchard, E. E. (Edward Evan),
         1902-1973","Witchcraft, oracles and magic among the Azande",1937,388,Monograph,Azande,Africa,Central Africa,horticulturalists,,"626,754,789",https://ehrafworldcultures.yale.edu/sres/3f3ad0b8-aa50-4074-a0db-b8b20ed5ad24
6cc476d4-a0ea-489a-90ca-5cfdd83c0484,"Evans-Pritchard, E. E. (Edward Evan),
         1902-1973","Witchcraft, oracles and magic among the Azande",1937,389,Monograph,Azande,Africa,Central Africa,horticulturalists,,"626,754,789",https://ehrafworldcultures.yale.edu/sres/6cc476d4-a0ea-489a-90ca-5cfdd83c0484
eeb687b8-dd43-4851-adb2-d2426b528059,"Evans-Pritchard, E. E. (Edward Evan),
         1902-1973","Witchcraft, oracles and magic among the Azande",1937,389,Monograph,Azande,Africa,Central Africa,horticulturalists,,"626,754,789",https://ehrafworldcultures.yale.edu/sres/eeb687b8-dd43-4851-adb2-d2426b528059
77162c0d-7c31-4115-b97c-e1aa28bd90a6,"Evans-Pritchard, E. E. (Edward Evan),
         1902-1973","Witchcraft, oracles and magic among the Azande",1937,389,Monograph,Azande,Africa,Central Africa,horticulturalists,,"626,754,759,789",https://ehrafworldcultures.yale.edu/sres/77162c0d-7c31-4115-b97c-e1aa28bd90a6
a573c923-2b35-4e00-a3f1-e4f77c580d30,"Evans-Pritchard, E. E. (Edward Evan),
         1902-1973","Witchcraft, oracles and magic among the Azande",1937,390,Monograph,Azande,Africa,Central Africa,horticulturalists,,"626,754,789",https://ehrafworldcultures.yale.edu/sres/a573c923-2b35-4e00-a3f1-e4f77c580d30
6df4a8a2-7369-4de8-8d1f-cf6a11b22577,"Evans-Pritchard, E. E. (Edward Evan),
         1902-1973","Witchcraft, oracles and magic among the Azande",1937,391,Monograph,Azande,Africa,Central Africa,horticulturalists,,"626,754,789",https://ehrafworldcultures.yale.edu/sres/6df4a8a2-7369-4de8-8d1f-cf6a11b22577
b641876c-f475-413e-851a-6fc32457f00c,"Evans-Pritchard, E. E. (Edward Evan),
         1902-1973","Witchcraft, oracles and magic among the Azande",1937,391,Monograph,Azande,Africa,Central Africa,horticulturalists,,"626,754,789",https://ehrafworldcultures.yale.edu/sres/b641876c-f475-413e-851a-6fc32457f00c
527d4dc2-5f32-4f4e-a17d-357571f37267,"Evans-Pritchard, E. E. (Edward Evan),
         1902-1973","Witchcraft, oracles and magic among the Azande",1937,426,Monograph,Azande,Africa,Central Africa,horticulturalists,,"626,789",https://ehrafworldcultures.yale.edu/sres/527d4dc2-5f32-4f4e-a17d-357571f37267
729fd039-c344-4637-af2e-427c71123669,"Schlippe, Pierre de, 1904-","Shifting cultivation in Africa: the Zande system of
         agriculture",1956,11,Monograph,Azande,Africa,Central Africa,horticulturalists,,"113,626,754,771,789",https://ehrafworldcultures.yale.edu/sres/729fd039-c344-4637-af2e-427c71123669
a6b4e7f5-9fd1-416b-8ee4-f0d41dd2190b,"Schlippe, Pierre de, 1904-","Shifting cultivation in Africa: the Zande system of
         agriculture",1956,102,Monograph,Azande,Africa,Central Africa,horticulturalists,,"121,626",https://ehrafworldcultures.yale.edu/sres/a6b4e7f5-9fd1-416b-8ee4-f0d41dd2190b
fa0b5f85-2c0d-4328-a218-899d58a53956,"Schlippe, Pierre de, 1904-","Shifting cultivation in Africa: the Zande system of
         agriculture",1956,102,Monograph,Azande,Africa,Central Africa,horticulturalists,,"571,592,626",https://ehrafworldcultures.yale.edu/sres/fa0b5f85-2c0d-4328-a218-899d58a53956
7f1c35d5-d326-4dfa-9a6e-36dd511ad8e3,"Schlippe, Pierre de, 1904-","Shifting cultivation in Africa: the Zande system of
         agriculture",1956,185,Monograph,Azande,Africa,Central Africa,horticulturalists,,626,https://ehrafworldcultures.yale.edu/sres/7f1c35d5-d326-4dfa-9a6e-36dd511ad8e3
5f94ab58-7d88-4a71-a1ad-106d57c7ead5,"De Graer, Albert M.",The art of healing among the Azande,1929,373a,"Component part(s), monograph",Azande,Africa,Central Africa,horticulturalists,,"626,757",https://ehrafworldcultures.yale.edu/sres/5f94ab58-7d88-4a71-a1ad-106d57c7ead5
a2d0b08d-40e3-4863-b35b-d419cc614f81,"De Graer, Albert M.",The art of healing among the Azande,1929,373b,"Component part(s), monograph",Azande,Africa,Central Africa,horticulturalists,,"626,757",https://ehrafworldcultures.yale.edu/sres/a2d0b08d-40e3-4863-b35b-d419cc614f81
65a10dc0-1162-4377-914d-b69109c4dce4,"Hutereau, Armand","Notes on family life and legal matters of some peoples of the
         Belgian Congo",1909,32d,"Component part(s), monograph",Azande,Africa,Central Africa,horticulturalists,,627,https://ehrafworldcultures.yale.edu/sres/65a10dc0-1162-4377-914d-b69109c4dce4
aa49b08e-c925-4bf0-be6b-b8ec408d409f,"Evans-Pritchard, E. E. (Edward Evan),
         1902-1973","Witchcraft, oracles and magic among the Azande",1937,41,Monograph,Azande,Africa,Central Africa,horticulturalists,,"627,754,763",https://ehrafworldcultures.yale.edu/sres/aa49b08e-c925-4bf0-be6b-b8ec408d409f
26b5bf0c-c611-4cb0-821b-a362a22c2dd0,"Evans-Pritchard, E. E. (Edward Evan),
         1902-1973","Witchcraft, oracles and magic among the Azande",1937,542,Monograph,Azande,Africa,Central Africa,horticulturalists,,"627,761,787",https://ehrafworldcultures.yale.edu/sres/26b5bf0c-c611-4cb0-821b-a362a22c2dd0
16021319-09d4-46e2-9700-e79583c4ea62,"Evans-Pritchard, E. E. (Edward Evan),
         1902-1973","Witchcraft, oracles and magic among the Azande",1937,542,Monograph,Azande,Africa,Central Africa,horticulturalists,,"627,754,787",https://ehrafworldcultures.yale.edu/sres/16021319-09d4-46e2-9700-e79583c4ea62
c98ebecb-2c28-4152-8133-3d01348a63f7,"Evans-Pritchard, E. E. (Edward Evan),
         1902-1973","Witchcraft, oracles and magic among the Azande",1937,542,Monograph,Azande,Africa,Central Africa,horticulturalists,,"627,754,787,791",https://ehrafworldcultures.yale.edu/sres/c98ebecb-2c28-4152-8133-3d01348a63f7
8c4720da-8f97-4c60-9ee0-c01a043020eb,"Evans-Pritchard, E. E. (Edward Evan),
         1902-1973","Witchcraft, oracles and magic among the Azande",1937,542,Monograph,Azande,Africa,Central Africa,horticulturalists,,"627,754,787,791",https://ehrafworldcultures.yale.edu/sres/8c4720da-8f97-4c60-9ee0-c01a043020eb
d2b90214-cffa-477f-89c4-1469daa17833,"Evans-Pritchard, E. E. (Edward Evan),
         1902-1973","Witchcraft, oracles and magic among the Azande",1937,543,Monograph,Azande,Africa,Central Africa,horticulturalists,,"627,754,784,787,791",https://ehrafworldcultures.yale.edu/sres/d2b90214-cffa-477f-89c4-1469daa17833
f00aa8a3-f81a-4940-ab56-4cfa7a0f5fb7,"Evans-Pritchard, E. E. (Edward Evan),
         1902-1973","Witchcraft, oracles and magic among the Azande",1937,543,Monograph,Azande,Africa,Central Africa,horticulturalists,,"178,627,754,783",https://ehrafworldcultures.yale.edu/sres/f00aa8a3-f81a-4940-ab56-4cfa7a0f5fb7
a884bbf8-0424-49b4-9f13-8fe09b3c6077,"Evans-Pritchard, E. E. (Edward Evan),
         1902-1973","Witchcraft, oracles and magic among the Azande",1937,543,Monograph,Azande,Africa,Central Africa,horticulturalists,,"627,754,787",https://ehrafworldcultures.yale.edu/sres/a884bbf8-0424-49b4-9f13-8fe09b3c6077
32ace276-1fd6-4878-b0dc-549ebf1be5f4,"Evans-Pritchard, E. E. (Edward Evan),
         1902-1973","Witchcraft, oracles and magic among the Azande",1937,544,Monograph,Azande,Africa,Central Africa,horticulturalists,,"627,754,787",https://ehrafworldcultures.yale.edu/sres/32ace276-1fd6-4878-b0dc-549ebf1be5f4
423daf75-1071-443d-a66a-a21eeb822d39,"Evans-Pritchard, E. E. (Edward Evan),
         1902-1973","Witchcraft, oracles and magic among the Azande",1937,544,Monograph,Azande,Africa,Central Africa,horticulturalists,,"627,754,787",https://ehrafworldcultures.yale.edu/sres/423daf75-1071-443d-a66a-a21eeb822d39
254407db-470b-45a0-ade7-7dce61b02557,"Evans-Pritchard, E. E. (Edward Evan),
         1902-1973","Witchcraft, oracles and magic among the Azande",1937,544,Monograph,Azande,Africa,Central Africa,horticulturalists,,"627,754,784",https://ehrafworldcultures.yale.edu/sres/254407db-470b-45a0-ade7-7dce61b02557
774f2ea0-8168-4cc9-8b08-201c7261dc18,"Evans-Pritchard, E. E. (Edward Evan),
         1902-1973","Witchcraft, oracles and magic among the Azande",1937,[following p.558--(gg)],Monograph,Azande,Africa,Central Africa,horticulturalists,,"142,411,415,534,627,765",https://ehrafworldcultures.yale.edu/sres/774f2ea0-8168-4cc9-8b08-201c7261dc18
eb964825-071e-49f0-8cca-8c47d79fd008,"Evans-Pritchard, E. E. (Edward Evan),
         1902-1973","Witchcraft, oracles and magic among the Azande",1937,[following p.558--(gg)],Monograph,Azande,Africa,Central Africa,horticulturalists,,"491,627",https://ehrafworldcultures.yale.edu/sres/eb964825-071e-49f0-8cca-8c47d79fd008
806ea092-1fd7-470f-a083-34cf955d223f,"Evans-Pritchard, E. E. (Edward Evan),
         1902-1973",Witchcraft (Mangu) among the A-Zande,1929,241-242,"Component part(s), monograph",Azande,Africa,Central Africa,horticulturalists,,"683,754",https://ehrafworldcultures.yale.edu/sres/806ea092-1fd7-470f-a083-34cf955d223f
55008e90-7251-4272-84ab-ad23827756cc,"Evans-Pritchard, E. E. (Edward Evan),
         1902-1973",Witchcraft (Mangu) among the A-Zande,1929,242-243a,"Component part(s), monograph",Azande,Africa,Central Africa,horticulturalists,,"682,761,787",https://ehrafworldcultures.yale.edu/sres/55008e90-7251-4272-84ab-ad23827756cc
315782f6-04bc-49c0-b1e7-25df48ced087,"Evans-Pritchard, E. E. (Edward Evan),
         1902-1973",Witchcraft (Mangu) among the A-Zande,1929,242-243b,"Component part(s), monograph",Azande,Africa,Central Africa,horticulturalists,,"682,761,787",https://ehrafworldcultures.yale.edu/sres/315782f6-04bc-49c0-b1e7-25df48ced087
cb582f7f-7042-484a-a9d1-b483dca11ea3,"Evans-Pritchard, E. E. (Edward Evan),
         1902-1973",Witchcraft (Mangu) among the A-Zande,1929,243-244a,"Component part(s), monograph",Azande,Africa,Central Africa,horticulturalists,,"177,682,789",https://ehrafworldcultures.yale.edu/sres/cb582f7f-7042-484a-a9d1-b483dca11ea3
1e809936-b23a-451d-be38-b485c4e4e3e7,"Evans-Pritchard, E. E. (Edward Evan),
         1902-1973",Witchcraft (Mangu) among the A-Zande,1929,243-244b,"Component part(s), monograph",Azande,Africa,Central Africa,horticulturalists,,"177,682,789",https://ehrafworldcultures.yale.edu/sres/1e809936-b23a-451d-be38-b485c4e4e3e7
ccf5546e-d559-4348-9855-5348d00fb8ae,"Junker, Wilhelm, 1840-1892",Travels in Africa during the years 1882-1886,1892,10,"Component part(s), monograph",Azande,Africa,Central Africa,horticulturalists,,"177,643,684",https://ehrafworldcultures.yale.edu/sres/ccf5546e-d559-4348-9855-5348d00fb8ae
bf010542-6a0a-4dd8-a0ab-9ca385c7e093,"Reining, Conrad C.",The role of money in the Zande economy,1959,42,Journal Article,Azande,Africa,Central Africa,horticulturalists,,"431,436,486,686",https://ehrafworldcultures.yale.edu/sres/bf010542-6a0a-4dd8-a0ab-9ca385c7e093
dcfd7695-2f56-446b-8b9c-283a018a02a4,"Reining, Conrad C.",Zande markets and commerce,1962,553,Essay,Azande,Africa,Central Africa,horticulturalists,,"431,436,686",https://ehrafworldcultures.yale.edu/sres/dcfd7695-2f56-446b-8b9c-283a018a02a4
7b97f8cd-1355-49a2-8c6c-e7d5d3099a40,"Lagae, C. R.","The Azande or Niam-Niam: Zande organizations, religious and
         magical beliefs, family customs",1926,23-24(1),"Component part(s), monograph",Azande,Africa,Central Africa,horticulturalists,,"674,681",https://ehrafworldcultures.yale.edu/sres/7b97f8cd-1355-49a2-8c6c-e7d5d3099a40
3d931d43-e6af-42f8-95c6-9d98a5d214ea,"Lagae, C. R.","The Azande or Niam-Niam: Zande organizations, religious and
         magical beliefs, family customs",1926,23-24(1),"Component part(s), monograph",Azande,Africa,Central Africa,horticulturalists,,"674,681",https://ehrafworldcultures.yale.edu/sres/3d931d43-e6af-42f8-95c6-9d98a5d214ea
a9a04597-bcc8-453b-8181-c289eb71e58a,"Lagae, C. R.","The Azande or Niam-Niam: Zande organizations, religious and
         magical beliefs, family customs",1926,23-24(1),"Component part(s), monograph",Azande,Africa,Central Africa,horticulturalists,,"674,681",https://ehrafworldcultures.yale.edu/sres/a9a04597-bcc8-453b-8181-c289eb71e58a
6b8e9fd8-2caf-428d-bf4c-969e44e9615e,"Lagae, C. R.","The Azande or Niam-Niam: Zande organizations, religious and
         magical beliefs, family customs",1926,24(1),"Component part(s), monograph",Azande,Africa,Central Africa,horticulturalists,,"304,684",https://ehrafworldcultures.yale.edu/sres/6b8e9fd8-2caf-428d-bf4c-969e44e9615e
078965e4-8a15-492b-afde-8fc28b32fdf5,"Lagae, C. R.","The Azande or Niam-Niam: Zande organizations, religious and
         magical beliefs, family customs",1926,24(1),"Component part(s), monograph",Azande,Africa,Central Africa,horticulturalists,,"304,684",https://ehrafworldcultures.yale.edu/sres/078965e4-8a15-492b-afde-8fc28b32fdf5
b9796467-6d44-4533-a821-9d355ddc7b1d,"Lagae, C. R.","The Azande or Niam-Niam: Zande organizations, religious and
         magical beliefs, family customs",1926,24(1),"Component part(s), monograph",Azande,Africa,Central Africa,horticulturalists,,"304,684",https://ehrafworldcultures.yale.edu/sres/b9796467-6d44-4533-a821-9d355ddc7b1d
907dc82d-d10e-4e5f-9b0f-27086295858f,"Lagae, C. R.","The Azande or Niam-Niam: Zande organizations, religious and
         magical beliefs, family customs",1926,24(2),"Component part(s), monograph",Azande,Africa,Central Africa,horticulturalists,,"304,684",https://ehrafworldcultures.yale.edu/sres/907dc82d-d10e-4e5f-9b0f-27086295858f
546454a6-c209-41b8-9d63-b78f03d1556a,"Lagae, C. R.","The Azande or Niam-Niam: Zande organizations, religious and
         magical beliefs, family customs",1926,24(3),"Component part(s), monograph",Azande,Africa,Central Africa,horticulturalists,,683,https://ehrafworldcultures.yale.edu/sres/546454a6-c209-41b8-9d63-b78f03d1556a
b3166b30-8297-4afd-a1ae-7005aad0f35c,"Lagae, C. R.","The Azande or Niam-Niam: Zande organizations, religious and
         magical beliefs, family customs",1926,31-32,"Component part(s), monograph",Azande,Africa,Central Africa,horticulturalists,,"426,618,672,686",https://ehrafworldcultures.yale.edu/sres/b3166b30-8297-4afd-a1ae-7005aad0f35c
08fbc07e-6faa-42fc-8dbb-9690ea4d0c60,"Lagae, C. R.","The Azande or Niam-Niam: Zande organizations, religious and
         magical beliefs, family customs",1926,32,"Component part(s), monograph",Azande,Africa,Central Africa,horticulturalists,,"618,672,681",https://ehrafworldcultures.yale.edu/sres/08fbc07e-6faa-42fc-8dbb-9690ea4d0c60
5360124d-00de-45b1-9a85-8b017f00a45a,"Lagae, C. R.","The Azande or Niam-Niam: Zande organizations, religious and
         magical beliefs, family customs",1926,32,"Component part(s), monograph",Azande,Africa,Central Africa,horticulturalists,,"618,672,681",https://ehrafworldcultures.yale.edu/sres/5360124d-00de-45b1-9a85-8b017f00a45a
c559f5f4-5121-475a-96a5-f4aad12b3ab8,"Lagae, C. R.","The Azande or Niam-Niam: Zande organizations, religious and
         magical beliefs, family customs",1926,164-165(1),"Component part(s), monograph",Azande,Africa,Central Africa,horticulturalists,,"682,847",https://ehrafworldcultures.yale.edu/sres/c559f5f4-5121-475a-96a5-f4aad12b3ab8
ecafac88-1aef-4008-b9e7-e61faf6b0aa7,"Lagae, C. R.","The Azande or Niam-Niam: Zande organizations, religious and
         magical beliefs, family customs",1926,164-165(1),"Component part(s), monograph",Azande,Africa,Central Africa,horticulturalists,,"682,847",https://ehrafworldcultures.yale.edu/sres/ecafac88-1aef-4008-b9e7-e61faf6b0aa7
dd787048-c6e8-4912-9f5f-b100c602270b,"Lagae, C. R.","The Azande or Niam-Niam: Zande organizations, religious and
         magical beliefs, family customs",1926,164-165(1),"Component part(s), monograph",Azande,Africa,Central Africa,horticulturalists,,"682,847",https://ehrafworldcultures.yale.edu/sres/dd787048-c6e8-4912-9f5f-b100c602270b
736a71e3-8fc0-413c-82ec-8868959ac500,"Lagae, C. R.","The Azande or Niam-Niam: Zande organizations, religious and
         magical beliefs, family customs",1926,176(2),"Component part(s), monograph",Azande,Africa,Central Africa,horticulturalists,,"684,837",https://ehrafworldcultures.yale.edu/sres/736a71e3-8fc0-413c-82ec-8868959ac500
367afa4d-0695-4e12-aa03-8e8b3dce1a72,"Lagae, C. R.","The Azande or Niam-Niam: Zande organizations, religious and
         magical beliefs, family customs",1926,176-177,"Component part(s), monograph",Azande,Africa,Central Africa,horticulturalists,,"609,684,763",https://ehrafworldcultures.yale.edu/sres/367afa4d-0695-4e12-aa03-8e8b3dce1a72
7dfe86e9-63f7-4d71-b67b-fdf314b1abdf,"Lagae, C. R.","The Azande or Niam-Niam: Zande organizations, religious and
         magical beliefs, family customs",1926,177(2),"Component part(s), monograph",Azande,Africa,Central Africa,horticulturalists,,682,https://ehrafworldcultures.yale.edu/sres/7dfe86e9-63f7-4d71-b67b-fdf314b1abdf
db91f0e2-4272-400d-8f0f-4cbc471c5086,"Lagae, C. R.","The Azande or Niam-Niam: Zande organizations, religious and
         magical beliefs, family customs",1926,191-198(13),"Component part(s), monograph",Azande,Africa,Central Africa,horticulturalists,,"684,839",https://ehrafworldcultures.yale.edu/sres/db91f0e2-4272-400d-8f0f-4cbc471c5086
d2b16291-3fac-4abd-b754-d41fdbc32781,"Evans-Pritchard, E. E. (Edward Evan),
         1902-1973",Zande blood-brotherhood,1933,384a,"Component part(s), monograph",Azande,Africa,Central Africa,horticulturalists,,"608,686",https://ehrafworldcultures.yale.edu/sres/d2b16291-3fac-4abd-b754-d41fdbc32781
26a13c69-bfcc-4be8-a7b3-ed84a7367be7,"Hutereau, Armand","Notes on family life and legal matters of some peoples of the
         Belgian Congo",1909,22,"Component part(s), monograph",Azande,Africa,Central Africa,horticulturalists,,"683,761,827",https://ehrafworldcultures.yale.edu/sres/26a13c69-bfcc-4be8-a7b3-ed84a7367be7
a9c3a7ee-c7ba-4c3c-a656-509c23aaa685,"Hutereau, Armand","Notes on family life and legal matters of some peoples of the
         Belgian Congo",1909,22,"Component part(s), monograph",Azande,Africa,Central Africa,horticulturalists,,"683,761,827",https://ehrafworldcultures.yale.edu/sres/a9c3a7ee-c7ba-4c3c-a656-509c23aaa685
423e53ad-e2c8-46e4-a8d0-d44f37f4f91f,"Hutereau, Armand","Notes on family life and legal matters of some peoples of the
         Belgian Congo",1909,29-30a,"Component part(s), monograph",Azande,Africa,Central Africa,horticulturalists,,"565,683,787",https://ehrafworldcultures.yale.edu/sres/423e53ad-e2c8-46e4-a8d0-d44f37f4f91f
90092556-0ff4-45d3-8f27-ac99fd526b17,"Hutereau, Armand","Notes on family life and legal matters of some peoples of the
         Belgian Congo",1909,29-30a,"Component part(s), monograph",Azande,Africa,Central Africa,horticulturalists,,"565,683,787",https://ehrafworldcultures.yale.edu/sres/90092556-0ff4-45d3-8f27-ac99fd526b17
79b9caed-956d-4253-8e37-538e7fd8b5ba,"Hutereau, Armand","Notes on family life and legal matters of some peoples of the
         Belgian Congo",1909,29-30a,"Component part(s), monograph",Azande,Africa,Central Africa,horticulturalists,,"565,683,787",https://ehrafworldcultures.yale.edu/sres/79b9caed-956d-4253-8e37-538e7fd8b5ba
d8307ab1-4fa3-4c69-bf99-854ab964b6c0,"Hutereau, Armand","Notes on family life and legal matters of some peoples of the
         Belgian Congo",1909,29-30a,"Component part(s), monograph",Azande,Africa,Central Africa,horticulturalists,,"565,683,787",https://ehrafworldcultures.yale.edu/sres/d8307ab1-4fa3-4c69-bf99-854ab964b6c0
77db84a1-02b9-492b-9d67-169313616b5b,"Hutereau, Armand","Notes on family life and legal matters of some peoples of the
         Belgian Congo",1909,29-30a,"Component part(s), monograph",Azande,Africa,Central Africa,horticulturalists,,"565,683,787",https://ehrafworldcultures.yale.edu/sres/77db84a1-02b9-492b-9d67-169313616b5b
49861f08-029e-4b95-907c-21d5e37cc4fe,"Hutereau, Armand","Notes on family life and legal matters of some peoples of the
         Belgian Congo",1909,29-30a,"Component part(s), monograph",Azande,Africa,Central Africa,horticulturalists,,"565,683,787",https://ehrafworldcultures.yale.edu/sres/49861f08-029e-4b95-907c-21d5e37cc4fe
d052f652-7ed8-4dee-b173-b5bec47e4813,"Hutereau, Armand","Notes on family life and legal matters of some peoples of the
         Belgian Congo",1909,29-30b,"Component part(s), monograph",Azande,Africa,Central Africa,horticulturalists,,"565,683,787",https://ehrafworldcultures.yale.edu/sres/d052f652-7ed8-4dee-b173-b5bec47e4813
bcc97508-3c47-4f01-af46-f77a4aae6f7f,"Hutereau, Armand","Notes on family life and legal matters of some peoples of the
         Belgian Congo",1909,30,"Component part(s), monograph",Azande,Africa,Central Africa,horticulturalists,,681,https://ehrafworldcultures.yale.edu/sres/bcc97508-3c47-4f01-af46-f77a4aae6f7f
55dab8f5-a1ef-4174-9931-450047f9eb4e,"Hutereau, Armand","Notes on family life and legal matters of some peoples of the
         Belgian Congo",1909,30-31a,"Component part(s), monograph",Azande,Africa,Central Africa,horticulturalists,,685,https://ehrafworldcultures.yale.edu/sres/55dab8f5-a1ef-4174-9931-450047f9eb4e
5e6783d6-95bd-4873-8602-87476027071b,"Hutereau, Armand","Notes on family life and legal matters of some peoples of the
         Belgian Congo",1909,30-31a,"Component part(s), monograph",Azande,Africa,Central Africa,horticulturalists,,685,https://ehrafworldcultures.yale.edu/sres/5e6783d6-95bd-4873-8602-87476027071b
aa4d2d53-8fdd-4ec5-8d17-f3004002a0b4,"Hutereau, Armand","Notes on family life and legal matters of some peoples of the
         Belgian Congo",1909,30-31a,"Component part(s), monograph",Azande,Africa,Central Africa,horticulturalists,,685,https://ehrafworldcultures.yale.edu/sres/aa4d2d53-8fdd-4ec5-8d17-f3004002a0b4
6752fccc-3999-448c-bd41-7e36d6bbb300,"Hutereau, Armand","Notes on family life and legal matters of some peoples of the
         Belgian Congo",1909,30-31a,"Component part(s), monograph",Azande,Africa,Central Africa,horticulturalists,,685,https://ehrafworldcultures.yale.edu/sres/6752fccc-3999-448c-bd41-7e36d6bbb300
350126d5-4aa2-4a48-bdaf-b24fc6911e73,"Hutereau, Armand","Notes on family life and legal matters of some peoples of the
         Belgian Congo",1909,30-31b,"Component part(s), monograph",Azande,Africa,Central Africa,horticulturalists,,685,https://ehrafworldcultures.yale.edu/sres/350126d5-4aa2-4a48-bdaf-b24fc6911e73
1791f58c-f534-425e-879b-eb237ac69e2c,"Hutereau, Armand","Notes on family life and legal matters of some peoples of the
         Belgian Congo",1909,30-31b,"Component part(s), monograph",Azande,Africa,Central Africa,horticulturalists,,685,https://ehrafworldcultures.yale.edu/sres/1791f58c-f534-425e-879b-eb237ac69e2c
53735d1f-05a4-448a-aaa3-9fc5971c9ea9,"Hutereau, Armand","Notes on family life and legal matters of some peoples of the
         Belgian Congo",1909,30-31b,"Component part(s), monograph",Azande,Africa,Central Africa,horticulturalists,,685,https://ehrafworldcultures.yale.edu/sres/53735d1f-05a4-448a-aaa3-9fc5971c9ea9
fed0e5f8-143c-44d3-bc59-20b9193ab15f,"Hutereau, Armand","Notes on family life and legal matters of some peoples of the
         Belgian Congo",1909,30-31b,"Component part(s), monograph",Azande,Africa,Central Africa,horticulturalists,,685,https://ehrafworldcultures.yale.edu/sres/fed0e5f8-143c-44d3-bc59-20b9193ab15f
7078ab79-7906-415e-8569-99af6ebb7675,"Hutereau, Armand","Notes on family life and legal matters of some peoples of the
         Belgian Congo",1909,30-31b,"Component part(s), monograph",Azande,Africa,Central Africa,horticulturalists,,685,https://ehrafworldcultures.yale.edu/sres/7078ab79-7906-415e-8569-99af6ebb7675
1e57e227-d0bc-4d18-afc8-8aca74a566b2,"Hutereau, Armand","Notes on family life and legal matters of some peoples of the
         Belgian Congo",1909,30-31b,"Component part(s), monograph",Azande,Africa,Central Africa,horticulturalists,,685,https://ehrafworldcultures.yale.edu/sres/1e57e227-d0bc-4d18-afc8-8aca74a566b2
75191f95-2967-423b-be84-831a10575a6f,"Hutereau, Armand","Notes on family life and legal matters of some peoples of the
         Belgian Congo",1909,31a,"Component part(s), monograph",Azande,Africa,Central Africa,horticulturalists,,685,https://ehrafworldcultures.yale.edu/sres/75191f95-2967-423b-be84-831a10575a6f
0d0ab141-a8cd-4c68-84b7-9f1a8e050227,"Hutereau, Armand","Notes on family life and legal matters of some peoples of the
         Belgian Congo",1909,31a,"Component part(s), monograph",Azande,Africa,Central Africa,horticulturalists,,685,https://ehrafworldcultures.yale.edu/sres/0d0ab141-a8cd-4c68-84b7-9f1a8e050227
dc73cbd8-e6b8-4ead-9f55-cfe2ff636b0b,"Hutereau, Armand","Notes on family life and legal matters of some peoples of the
         Belgian Congo",1909,31a,"Component part(s), monograph",Azande,Africa,Central Africa,horticulturalists,,685,https://ehrafworldcultures.yale.edu/sres/dc73cbd8-e6b8-4ead-9f55-cfe2ff636b0b
1deda4af-5f70-4803-af79-03290d7120f5,"Hutereau, Armand","Notes on family life and legal matters of some peoples of the
         Belgian Congo",1909,31a,"Component part(s), monograph",Azande,Africa,Central Africa,horticulturalists,,685,https://ehrafworldcultures.yale.edu/sres/1deda4af-5f70-4803-af79-03290d7120f5
f038a2e1-27da-4b17-b9db-9ff0ec946f56,"Hutereau, Armand","Notes on family life and legal matters of some peoples of the
         Belgian Congo",1909,31b,"Component part(s), monograph",Azande,Africa,Central Africa,horticulturalists,,"417,681",https://ehrafworldcultures.yale.edu/sres/f038a2e1-27da-4b17-b9db-9ff0ec946f56
a90dca9a-6124-473a-8bbb-4a7192f943ca,"Hutereau, Armand","Notes on family life and legal matters of some peoples of the
         Belgian Congo",1909,31b,"Component part(s), monograph",Azande,Africa,Central Africa,horticulturalists,,"417,681",https://ehrafworldcultures.yale.edu/sres/a90dca9a-6124-473a-8bbb-4a7192f943ca
f0502260-d99c-43e7-a0c2-68f7a4b2b158,"Hutereau, Armand","Notes on family life and legal matters of some peoples of the
         Belgian Congo",1909,31b,"Component part(s), monograph",Azande,Africa,Central Africa,horticulturalists,,"417,681",https://ehrafworldcultures.yale.edu/sres/f0502260-d99c-43e7-a0c2-68f7a4b2b158
9820f78e-d572-422d-9d6a-cdb07b1bd055,"Hutereau, Armand","Notes on family life and legal matters of some peoples of the
         Belgian Congo",1909,31b,"Component part(s), monograph",Azande,Africa,Central Africa,horticulturalists,,"417,681",https://ehrafworldcultures.yale.edu/sres/9820f78e-d572-422d-9d6a-cdb07b1bd055
f3b004a9-db64-425a-8b2e-ba447a93f24a,"Hutereau, Armand","Notes on family life and legal matters of some peoples of the
         Belgian Congo",1909,31-32,"Component part(s), monograph",Azande,Africa,Central Africa,horticulturalists,,"672,681",https://ehrafworldcultures.yale.edu/sres/f3b004a9-db64-425a-8b2e-ba447a93f24a
870f645d-7dd2-4eb2-b3b0-8af0dcc49262,"Hutereau, Armand","Notes on family life and legal matters of some peoples of the
         Belgian Congo",1909,31-32,"Component part(s), monograph",Azande,Africa,Central Africa,horticulturalists,,"672,681",https://ehrafworldcultures.yale.edu/sres/870f645d-7dd2-4eb2-b3b0-8af0dcc49262
0e52dbd9-65c6-4cc5-95c8-ee093b6005a4,"Hutereau, Armand","Notes on family life and legal matters of some peoples of the
         Belgian Congo",1909,31-32,"Component part(s), monograph",Azande,Africa,Central Africa,horticulturalists,,"672,681",https://ehrafworldcultures.yale.edu/sres/0e52dbd9-65c6-4cc5-95c8-ee093b6005a4
d9b89111-56ff-4df1-9f15-0e94ec402476,"Hutereau, Armand","Notes on family life and legal matters of some peoples of the
         Belgian Congo",1909,31-32,"Component part(s), monograph",Azande,Africa,Central Africa,horticulturalists,,"672,681",https://ehrafworldcultures.yale.edu/sres/d9b89111-56ff-4df1-9f15-0e94ec402476
0638856e-eeac-466a-af43-2119bd6de7a3,"Hutereau, Armand","Notes on family life and legal matters of some peoples of the
         Belgian Congo",1909,31-32,"Component part(s), monograph",Azande,Africa,Central Africa,horticulturalists,,"672,681",https://ehrafworldcultures.yale.edu/sres/0638856e-eeac-466a-af43-2119bd6de7a3
f3e90f0a-1993-4527-8f3a-52e469523f23,"Hutereau, Armand","Notes on family life and legal matters of some peoples of the
         Belgian Congo",1909,32a,"Component part(s), monograph",Azande,Africa,Central Africa,horticulturalists,,"643,651,689",https://ehrafworldcultures.yale.edu/sres/f3e90f0a-1993-4527-8f3a-52e469523f23
878f8124-caf2-44f0-a9f0-cb0d2f8501ec,"Hutereau, Armand","Notes on family life and legal matters of some peoples of the
         Belgian Congo",1909,32b,"Component part(s), monograph",Azande,Africa,Central Africa,horticulturalists,,682,https://ehrafworldcultures.yale.edu/sres/878f8124-caf2-44f0-a9f0-cb0d2f8501ec
eb5a73f8-d039-4883-a17b-a395f1405b9b,"Hutereau, Armand","Notes on family life and legal matters of some peoples of the
         Belgian Congo",1909,32b,"Component part(s), monograph",Azande,Africa,Central Africa,horticulturalists,,682,https://ehrafworldcultures.yale.edu/sres/eb5a73f8-d039-4883-a17b-a395f1405b9b
8ada0f12-cc2b-40e8-b22b-a7cefc91417c,"Hutereau, Armand","Notes on family life and legal matters of some peoples of the
         Belgian Congo",1909,32b,"Component part(s), monograph",Azande,Africa,Central Africa,horticulturalists,,682,https://ehrafworldcultures.yale.edu/sres/8ada0f12-cc2b-40e8-b22b-a7cefc91417c
a7a908a5-00c5-4b7f-a58f-bbbff920038d,"Hutereau, Armand","Notes on family life and legal matters of some peoples of the
         Belgian Congo",1909,32b,"Component part(s), monograph",Azande,Africa,Central Africa,horticulturalists,,682,https://ehrafworldcultures.yale.edu/sres/a7a908a5-00c5-4b7f-a58f-bbbff920038d
71c23465-6533-4910-a4ab-d6aaa401a82c,"Hutereau, Armand","Notes on family life and legal matters of some peoples of the
         Belgian Congo",1909,32b,"Component part(s), monograph",Azande,Africa,Central Africa,horticulturalists,,682,https://ehrafworldcultures.yale.edu/sres/71c23465-6533-4910-a4ab-d6aaa401a82c
208ba185-54f6-4ebd-b887-70d0385cb7d7,"Hutereau, Armand","Notes on family life and legal matters of some peoples of the
         Belgian Congo",1909,32c,"Component part(s), monograph",Azande,Africa,Central Africa,horticulturalists,,682,https://ehrafworldcultures.yale.edu/sres/208ba185-54f6-4ebd-b887-70d0385cb7d7
468b1cf5-ca2e-4e39-9d85-059ccad9646b,"Hutereau, Armand","Notes on family life and legal matters of some peoples of the
         Belgian Congo",1909,32c,"Component part(s), monograph",Azande,Africa,Central Africa,horticulturalists,,682,https://ehrafworldcultures.yale.edu/sres/468b1cf5-ca2e-4e39-9d85-059ccad9646b
ed7c0cf7-80fb-41ca-be16-cae76edeef8a,"Hutereau, Armand","Notes on family life and legal matters of some peoples of the
         Belgian Congo",1909,32c,"Component part(s), monograph",Azande,Africa,Central Africa,horticulturalists,,682,https://ehrafworldcultures.yale.edu/sres/ed7c0cf7-80fb-41ca-be16-cae76edeef8a
dea77704-8c08-4336-a844-5d11295c987d,"Hutereau, Armand","Notes on family life and legal matters of some peoples of the
         Belgian Congo",1909,33b,"Component part(s), monograph",Azande,Africa,Central Africa,horticulturalists,,683,https://ehrafworldcultures.yale.edu/sres/dea77704-8c08-4336-a844-5d11295c987d
dea80dcc-2f8d-45f3-9f08-02d4421e35c5,"Hutereau, Armand","Notes on family life and legal matters of some peoples of the
         Belgian Congo",1909,33b,"Component part(s), monograph",Azande,Africa,Central Africa,horticulturalists,,683,https://ehrafworldcultures.yale.edu/sres/dea80dcc-2f8d-45f3-9f08-02d4421e35c5
ae8900af-77b1-42e9-9081-6af95072e767,"Hutereau, Armand","Notes on family life and legal matters of some peoples of the
         Belgian Congo",1909,33b,"Component part(s), monograph",Azande,Africa,Central Africa,horticulturalists,,683,https://ehrafworldcultures.yale.edu/sres/ae8900af-77b1-42e9-9081-6af95072e767
0a743185-c6cf-4e07-a622-a71d6a232f89,"Hutereau, Armand","Notes on family life and legal matters of some peoples of the
         Belgian Congo",1909,33c,"Component part(s), monograph",Azande,Africa,Central Africa,horticulturalists,,"643,689",https://ehrafworldcultures.yale.edu/sres/0a743185-c6cf-4e07-a622-a71d6a232f89
6c9996ec-46c6-47ad-801e-bc6dc01dbf6f,"Hutereau, Armand","Notes on family life and legal matters of some peoples of the
         Belgian Congo",1909,33c,"Component part(s), monograph",Azande,Africa,Central Africa,horticulturalists,,"643,689",https://ehrafworldcultures.yale.edu/sres/6c9996ec-46c6-47ad-801e-bc6dc01dbf6f
d6ca9df4-fcce-446c-a440-80a933fc8f79,"Hutereau, Armand","Notes on family life and legal matters of some peoples of the
         Belgian Congo",1909,33d,"Component part(s), monograph",Azande,Africa,Central Africa,horticulturalists,,682,https://ehrafworldcultures.yale.edu/sres/d6ca9df4-fcce-446c-a440-80a933fc8f79
222ba350-67a8-4f02-b119-62ead9fe66bc,"Hutereau, Armand","Notes on family life and legal matters of some peoples of the
         Belgian Congo",1909,33-34,"Component part(s), monograph",Azande,Africa,Central Africa,horticulturalists,,684,https://ehrafworldcultures.yale.edu/sres/222ba350-67a8-4f02-b119-62ead9fe66bc
7bec8f9e-8600-4edd-902a-afdcc1b7774f,"Hutereau, Armand","Notes on family life and legal matters of some peoples of the
         Belgian Congo",1909,33-34,"Component part(s), monograph",Azande,Africa,Central Africa,horticulturalists,,684,https://ehrafworldcultures.yale.edu/sres/7bec8f9e-8600-4edd-902a-afdcc1b7774f
db14cadd-d964-400c-970f-340945f1d9c3,"Hutereau, Armand","Notes on family life and legal matters of some peoples of the
         Belgian Congo",1909,33-34,"Component part(s), monograph",Azande,Africa,Central Africa,horticulturalists,,684,https://ehrafworldcultures.yale.edu/sres/db14cadd-d964-400c-970f-340945f1d9c3
1946c9b4-3c3a-43a6-b677-5c1b81771e36,"Hutereau, Armand","Notes on family life and legal matters of some peoples of the
         Belgian Congo",1909,33-34,"Component part(s), monograph",Azande,Africa,Central Africa,horticulturalists,,684,https://ehrafworldcultures.yale.edu/sres/1946c9b4-3c3a-43a6-b677-5c1b81771e36
4dd7fe0d-ce05-4649-b8a4-d3090757ad28,"Hutereau, Armand","Notes on family life and legal matters of some peoples of the
         Belgian Congo",1909,33-34,"Component part(s), monograph",Azande,Africa,Central Africa,horticulturalists,,684,https://ehrafworldcultures.yale.edu/sres/4dd7fe0d-ce05-4649-b8a4-d3090757ad28
04cc9ec5-6083-4809-86ff-61d7f20c5113,"Hutereau, Armand","Notes on family life and legal matters of some peoples of the
         Belgian Congo",1909,34a,"Component part(s), monograph",Azande,Africa,Central Africa,horticulturalists,,684,https://ehrafworldcultures.yale.edu/sres/04cc9ec5-6083-4809-86ff-61d7f20c5113
90d98b56-6d3b-4655-8dea-a50641623341,"Hutereau, Armand","Notes on family life and legal matters of some peoples of the
         Belgian Congo",1909,34a,"Component part(s), monograph",Azande,Africa,Central Africa,horticulturalists,,684,https://ehrafworldcultures.yale.edu/sres/90d98b56-6d3b-4655-8dea-a50641623341
41c3b7da-4cca-453b-9a72-6b6681b87fc2,"Hutereau, Armand","Notes on family life and legal matters of some peoples of the
         Belgian Congo",1909,34a,"Component part(s), monograph",Azande,Africa,Central Africa,horticulturalists,,684,https://ehrafworldcultures.yale.edu/sres/41c3b7da-4cca-453b-9a72-6b6681b87fc2
bc1484c2-a528-4540-9304-75c8afa8067b,"Hutereau, Armand","Notes on family life and legal matters of some peoples of the
         Belgian Congo",1909,34b,"Component part(s), monograph",Azande,Africa,Central Africa,horticulturalists,,"683,845",https://ehrafworldcultures.yale.edu/sres/bc1484c2-a528-4540-9304-75c8afa8067b
dfb4d1f5-65a3-4f46-9d0b-df4ba167dbde,"Hutereau, Armand","Notes on family life and legal matters of some peoples of the
         Belgian Congo",1909,34c,"Component part(s), monograph",Azande,Africa,Central Africa,horticulturalists,,"682,847",https://ehrafworldcultures.yale.edu/sres/dfb4d1f5-65a3-4f46-9d0b-df4ba167dbde
1c8a6421-aa2f-40fd-9c13-b1e9f518379b,"Hutereau, Armand","Notes on family life and legal matters of some peoples of the
         Belgian Congo",1909,34c,"Component part(s), monograph",Azande,Africa,Central Africa,horticulturalists,,"682,847",https://ehrafworldcultures.yale.edu/sres/1c8a6421-aa2f-40fd-9c13-b1e9f518379b
1bc80374-dabb-4a47-9cf3-25115de7688f,"Hutereau, Armand","Notes on family life and legal matters of some peoples of the
         Belgian Congo",1909,34-35,"Component part(s), monograph",Azande,Africa,Central Africa,horticulturalists,,"684,848",https://ehrafworldcultures.yale.edu/sres/1bc80374-dabb-4a47-9cf3-25115de7688f
b5d03e2f-0d2c-4400-86c6-3f183d0b2446,"Hutereau, Armand","Notes on family life and legal matters of some peoples of the
         Belgian Congo",1909,34-35,"Component part(s), monograph",Azande,Africa,Central Africa,horticulturalists,,"684,848",https://ehrafworldcultures.yale.edu/sres/b5d03e2f-0d2c-4400-86c6-3f183d0b2446
01bc897d-005f-41e3-877d-e074f8d9901c,"Hutereau, Armand","Notes on family life and legal matters of some peoples of the
         Belgian Congo",1909,34-35,"Component part(s), monograph",Azande,Africa,Central Africa,horticulturalists,,"684,848",https://ehrafworldcultures.yale.edu/sres/01bc897d-005f-41e3-877d-e074f8d9901c
1a76f52a-0b2e-4396-aecb-85a5cb4b0782,"Hutereau, Armand","Notes on family life and legal matters of some peoples of the
         Belgian Congo",1909,35c,"Component part(s), monograph",Azande,Africa,Central Africa,horticulturalists,,"558,687",https://ehrafworldcultures.yale.edu/sres/1a76f52a-0b2e-4396-aecb-85a5cb4b0782
f596f680-fe77-4ab2-9f10-95d6fc2c0dcd,"Hutereau, Armand","Notes on family life and legal matters of some peoples of the
         Belgian Congo",1909,35-36,"Component part(s), monograph",Azande,Africa,Central Africa,horticulturalists,,681,https://ehrafworldcultures.yale.edu/sres/f596f680-fe77-4ab2-9f10-95d6fc2c0dcd
160e043b-4f15-45e6-b094-be6822d7ce11,"Hutereau, Armand","Notes on family life and legal matters of some peoples of the
         Belgian Congo",1909,35-36,"Component part(s), monograph",Azande,Africa,Central Africa,horticulturalists,,681,https://ehrafworldcultures.yale.edu/sres/160e043b-4f15-45e6-b094-be6822d7ce11
6d481ab6-6fc3-45e7-9cf6-f4ec6f363d08,"Hutereau, Armand","Notes on family life and legal matters of some peoples of the
         Belgian Congo",1909,35-36,"Component part(s), monograph",Azande,Africa,Central Africa,horticulturalists,,681,https://ehrafworldcultures.yale.edu/sres/6d481ab6-6fc3-45e7-9cf6-f4ec6f363d08
f81e5e6a-d273-44b4-8766-da5511e590bd,"Hutereau, Armand","Notes on family life and legal matters of some peoples of the
         Belgian Congo",1909,35-36,"Component part(s), monograph",Azande,Africa,Central Africa,horticulturalists,,681,https://ehrafworldcultures.yale.edu/sres/f81e5e6a-d273-44b4-8766-da5511e590bd
c7d5bebb-def9-48dd-8bd0-cf1f523bc33d,"Hutereau, Armand","Notes on family life and legal matters of some peoples of the
         Belgian Congo",1909,35-36,"Component part(s), monograph",Azande,Africa,Central Africa,horticulturalists,,681,https://ehrafworldcultures.yale.edu/sres/c7d5bebb-def9-48dd-8bd0-cf1f523bc33d
acf040cb-c3b4-4329-b5b0-d3d7fba47698,"Hutereau, Armand","Notes on family life and legal matters of some peoples of the
         Belgian Congo",1909,36a,"Component part(s), monograph",Azande,Africa,Central Africa,horticulturalists,,685,https://ehrafworldcultures.yale.edu/sres/acf040cb-c3b4-4329-b5b0-d3d7fba47698
df82a1af-21e6-4c4f-b981-46ecc2e6cc29,"Larken, P. M.",An account of the Zande,1926,12a,"Component part(s), monograph",Azande,Africa,Central Africa,horticulturalists,,"582,684,835",https://ehrafworldcultures.yale.edu/sres/df82a1af-21e6-4c4f-b981-46ecc2e6cc29
03794e64-03f7-46c8-8e6f-278fe38981a4,"Larken, P. M.",An account of the Zande,1926,12a,"Component part(s), monograph",Azande,Africa,Central Africa,horticulturalists,,"582,684,835",https://ehrafworldcultures.yale.edu/sres/03794e64-03f7-46c8-8e6f-278fe38981a4
f8de724d-a157-4379-92ae-661c1c35c52a,"Larken, P. M.",An account of the Zande,1926,22-3,"Component part(s), monograph",Azande,Africa,Central Africa,horticulturalists,,"562,681",https://ehrafworldcultures.yale.edu/sres/f8de724d-a157-4379-92ae-661c1c35c52a
9d5f12c1-9fec-478b-add7-8ec5e95c67c8,"Larken, P. M.",An account of the Zande,1926,86c,"Component part(s), monograph",Azande,Africa,Central Africa,horticulturalists,,"522,683,831",https://ehrafworldcultures.yale.edu/sres/9d5f12c1-9fec-478b-add7-8ec5e95c67c8
4bd185c4-bddf-477f-8166-a7ea9b3c8258,"Larken, P. M.",An account of the Zande,1926,92a,"Component part(s), monograph",Azande,Africa,Central Africa,horticulturalists,,"578,685",https://ehrafworldcultures.yale.edu/sres/4bd185c4-bddf-477f-8166-a7ea9b3c8258
f0e3b9e3-7e71-4ad6-9cad-a27fcbbb732b,"Anderson, R. G.","Some tribal customs in their relation to medicine and morals
         of the Nyam-nyam and Gour people inhabiting the eastern Bahr-El-Ghazal",1911,243-244a,"Component part(s), monograph",Azande,Africa,Central Africa,horticulturalists,,"643,681,692",https://ehrafworldcultures.yale.edu/sres/f0e3b9e3-7e71-4ad6-9cad-a27fcbbb732b
3d297b7b-765b-483d-b4df-c3ddcbb3d630,"Anderson, R. G.","Some tribal customs in their relation to medicine and morals
         of the Nyam-nyam and Gour people inhabiting the eastern Bahr-El-Ghazal",1911,243-244a,"Component part(s), monograph",Azande,Africa,Central Africa,horticulturalists,,"643,681,692",https://ehrafworldcultures.yale.edu/sres/3d297b7b-765b-483d-b4df-c3ddcbb3d630
c5902cb6-ca0c-4aea-9694-59ad2d12b24f,"Anderson, R. G.","Some tribal customs in their relation to medicine and morals
         of the Nyam-nyam and Gour people inhabiting the eastern Bahr-El-Ghazal",1911,243-244a,"Component part(s), monograph",Azande,Africa,Central Africa,horticulturalists,,"643,681,692",https://ehrafworldcultures.yale.edu/sres/c5902cb6-ca0c-4aea-9694-59ad2d12b24f
d0c3552b-581b-4f9e-b2c9-14dba056ef3b,"Anderson, R. G.","Some tribal customs in their relation to medicine and morals
         of the Nyam-nyam and Gour people inhabiting the eastern Bahr-El-Ghazal",1911,243-244a,"Component part(s), monograph",Azande,Africa,Central Africa,horticulturalists,,"643,681,692",https://ehrafworldcultures.yale.edu/sres/d0c3552b-581b-4f9e-b2c9-14dba056ef3b
2d668d25-e0f2-4b8a-870d-fe7c6c3fecf8,"Anderson, R. G.","Some tribal customs in their relation to medicine and morals
         of the Nyam-nyam and Gour people inhabiting the eastern Bahr-El-Ghazal",1911,243-244a,"Component part(s), monograph",Azande,Africa,Central Africa,horticulturalists,,"643,681,692",https://ehrafworldcultures.yale.edu/sres/2d668d25-e0f2-4b8a-870d-fe7c6c3fecf8
83e31d1b-3df2-46e2-8910-f723e9b238b4,"Anderson, R. G.","Some tribal customs in their relation to medicine and morals
         of the Nyam-nyam and Gour people inhabiting the eastern Bahr-El-Ghazal",1911,243-244a,"Component part(s), monograph",Azande,Africa,Central Africa,horticulturalists,,"643,681,692",https://ehrafworldcultures.yale.edu/sres/83e31d1b-3df2-46e2-8910-f723e9b238b4
02b6b5a8-b49d-4349-a4db-bbf844e6d7c1,"Anderson, R. G.","Some tribal customs in their relation to medicine and morals
         of the Nyam-nyam and Gour people inhabiting the eastern Bahr-El-Ghazal",1911,243-244a,"Component part(s), monograph",Azande,Africa,Central Africa,horticulturalists,,"643,681,692",https://ehrafworldcultures.yale.edu/sres/02b6b5a8-b49d-4349-a4db-bbf844e6d7c1
637b18c6-032c-45d9-97d9-5c20c14dd10f,"Anderson, R. G.","Some tribal customs in their relation to medicine and morals
         of the Nyam-nyam and Gour people inhabiting the eastern Bahr-El-Ghazal",1911,243-244a,"Component part(s), monograph",Azande,Africa,Central Africa,horticulturalists,,"643,681,692",https://ehrafworldcultures.yale.edu/sres/637b18c6-032c-45d9-97d9-5c20c14dd10f
fa011313-28b0-4c52-a306-4675a6385322,"Anderson, R. G.","Some tribal customs in their relation to medicine and morals
         of the Nyam-nyam and Gour people inhabiting the eastern Bahr-El-Ghazal",1911,244b,"Component part(s), monograph",Azande,Africa,Central Africa,horticulturalists,,681,https://ehrafworldcultures.yale.edu/sres/fa011313-28b0-4c52-a306-4675a6385322
54668b84-a85c-4ae7-bc93-226ca4be2eb2,"Anderson, R. G.","Some tribal customs in their relation to medicine and morals
         of the Nyam-nyam and Gour people inhabiting the eastern Bahr-El-Ghazal",1911,244b,"Component part(s), monograph",Azande,Africa,Central Africa,horticulturalists,,681,https://ehrafworldcultures.yale.edu/sres/54668b84-a85c-4ae7-bc93-226ca4be2eb2
74a1f612-64d0-4e65-9e0b-17bf2b820145,"Anderson, R. G.","Some tribal customs in their relation to medicine and morals
         of the Nyam-nyam and Gour people inhabiting the eastern Bahr-El-Ghazal",1911,244b,"Component part(s), monograph",Azande,Africa,Central Africa,horticulturalists,,681,https://ehrafworldcultures.yale.edu/sres/74a1f612-64d0-4e65-9e0b-17bf2b820145
d25a2544-dec2-4ced-a65c-4f7a1d847ba0,"Anderson, R. G.","Some tribal customs in their relation to medicine and morals
         of the Nyam-nyam and Gour people inhabiting the eastern Bahr-El-Ghazal",1911,246a,"Component part(s), monograph",Azande,Africa,Central Africa,horticulturalists,,681,https://ehrafworldcultures.yale.edu/sres/d25a2544-dec2-4ced-a65c-4f7a1d847ba0
e01b97d6-b61c-4bbe-bec3-07f9953046b3,"Anderson, R. G.","Some tribal customs in their relation to medicine and morals
         of the Nyam-nyam and Gour people inhabiting the eastern Bahr-El-Ghazal",1911,246a,"Component part(s), monograph",Azande,Africa,Central Africa,horticulturalists,,681,https://ehrafworldcultures.yale.edu/sres/e01b97d6-b61c-4bbe-bec3-07f9953046b3
dcfd88d3-679e-4b9c-abef-3911a5299c8f,"Anderson, R. G.","Some tribal customs in their relation to medicine and morals
         of the Nyam-nyam and Gour people inhabiting the eastern Bahr-El-Ghazal",1911,246a,"Component part(s), monograph",Azande,Africa,Central Africa,horticulturalists,,681,https://ehrafworldcultures.yale.edu/sres/dcfd88d3-679e-4b9c-abef-3911a5299c8f
33d814d6-8ff4-4f86-8092-ae6b1e52950e,"Anderson, R. G.","Some tribal customs in their relation to medicine and morals
         of the Nyam-nyam and Gour people inhabiting the eastern Bahr-El-Ghazal",1911,246b,"Component part(s), monograph",Azande,Africa,Central Africa,horticulturalists,,681,https://ehrafworldcultures.yale.edu/sres/33d814d6-8ff4-4f86-8092-ae6b1e52950e
9e214629-e701-4cd6-b919-61561088efd5,"Anderson, R. G.","Some tribal customs in their relation to medicine and morals
         of the Nyam-nyam and Gour people inhabiting the eastern Bahr-El-Ghazal",1911,246c,"Component part(s), monograph",Azande,Africa,Central Africa,horticulturalists,,681,https://ehrafworldcultures.yale.edu/sres/9e214629-e701-4cd6-b919-61561088efd5
5b39e93e-cdde-4892-8595-5485a4a9584e,"Anderson, R. G.","Some tribal customs in their relation to medicine and morals
         of the Nyam-nyam and Gour people inhabiting the eastern Bahr-El-Ghazal",1911,246c,"Component part(s), monograph",Azande,Africa,Central Africa,horticulturalists,,681,https://ehrafworldcultures.yale.edu/sres/5b39e93e-cdde-4892-8595-5485a4a9584e
0ba8d90f-0d6a-4a1e-8568-856619d9e14e,"Anderson, R. G.","Some tribal customs in their relation to medicine and morals
         of the Nyam-nyam and Gour people inhabiting the eastern Bahr-El-Ghazal",1911,246d,"Component part(s), monograph",Azande,Africa,Central Africa,horticulturalists,,681,https://ehrafworldcultures.yale.edu/sres/0ba8d90f-0d6a-4a1e-8568-856619d9e14e
79307ab7-0f5e-4314-9bb0-8206247bdabd,"Larken, P. M.",An account of the Zande,1926,97-98,"Component part(s), monograph",Azande,Africa,Central Africa,horticulturalists,,"195,689",https://ehrafworldcultures.yale.edu/sres/79307ab7-0f5e-4314-9bb0-8206247bdabd
1aa51a6e-512a-4b31-8fd9-0c7258dc3a9c,"Evans-Pritchard, E. E. (Edward Evan),
         1902-1973","SANZA, a characteristic feature of Zande language and
         thought",1962,205,Essay,Azande,Africa,Central Africa,horticulturalists,,"195,539,684,825,829",https://ehrafworldcultures.yale.edu/sres/1aa51a6e-512a-4b31-8fd9-0c7258dc3a9c
f8c63f97-7c55-4b78-9092-4dfd22bebe73,"Evans-Pritchard, E. E. (Edward Evan),
         1902-1973","SANZA, a characteristic feature of Zande language and
         thought",1962,206,Essay,Azande,Africa,Central Africa,horticulturalists,,"195,539,684,825,828",https://ehrafworldcultures.yale.edu/sres/f8c63f97-7c55-4b78-9092-4dfd22bebe73
4d12ddad-eae9-4ea3-9bb0-9a914cb9c404,"Evans-Pritchard, E. E. (Edward Evan),
         1902-1973","SANZA, a characteristic feature of Zande language and
         thought",1962,218,Essay,Azande,Africa,Central Africa,horticulturalists,,"195,565,687,825",https://ehrafworldcultures.yale.edu/sres/4d12ddad-eae9-4ea3-9bb0-9a914cb9c404
d6c10bec-f6b2-40d7-8f10-156c4ab03bf1,"Evans-Pritchard, E. E. (Edward Evan),
         1902-1973","SANZA, a characteristic feature of Zande language and
         thought",1962,219,Essay,Azande,Africa,Central Africa,horticulturalists,,"195,576,687",https://ehrafworldcultures.yale.edu/sres/d6c10bec-f6b2-40d7-8f10-156c4ab03bf1
0b7bedfb-76ef-4908-ab9b-e08e0bdd6d94,"Baxter, P. T. W.","The Azande, and related peoples of the Anglo-Egyptian Sudan
         and Belgian Congo",1953,13,"Component part(s), monograph",Azande,Africa,Central Africa,horticulturalists,,"163,684",https://ehrafworldcultures.yale.edu/sres/0b7bedfb-76ef-4908-ab9b-e08e0bdd6d94
8b3d4bc5-e082-41b3-a8de-cf13ce110de8,"Baxter, P. T. W.","The Azande, and related peoples of the Anglo-Egyptian Sudan
         and Belgian Congo",1953,17,"Component part(s), monograph",Azande,Africa,Central Africa,horticulturalists,,"522,683",https://ehrafworldcultures.yale.edu/sres/8b3d4bc5-e082-41b3-a8de-cf13ce110de8
e23bb1ed-6669-49be-ae68-0eb25870c913,"Baxter, P. T. W.","The Azande, and related peoples of the Anglo-Egyptian Sudan
         and Belgian Congo",1953,55,"Component part(s), monograph",Azande,Africa,Central Africa,horticulturalists,,"673,683,694",https://ehrafworldcultures.yale.edu/sres/e23bb1ed-6669-49be-ae68-0eb25870c913
56ff86c0-61d7-4cb1-9bdf-0f20bdb13693,"Baxter, P. T. W.","The Azande, and related peoples of the Anglo-Egyptian Sudan
         and Belgian Congo",1953,55,"Component part(s), monograph",Azande,Africa,Central Africa,horticulturalists,,687,https://ehrafworldcultures.yale.edu/sres/56ff86c0-61d7-4cb1-9bdf-0f20bdb13693
72eb4c6a-75f3-4f95-bcf7-5d7f962579cc,"Baxter, P. T. W.","The Azande, and related peoples of the Anglo-Egyptian Sudan
         and Belgian Congo",1953,56,"Component part(s), monograph",Azande,Africa,Central Africa,horticulturalists,,681,https://ehrafworldcultures.yale.edu/sres/72eb4c6a-75f3-4f95-bcf7-5d7f962579cc
d1bf7e88-1547-4bba-a106-2247f37dce52,"Baxter, P. T. W.","The Azande, and related peoples of the Anglo-Egyptian Sudan
         and Belgian Congo",1953,56,"Component part(s), monograph",Azande,Africa,Central Africa,horticulturalists,,"625,681",https://ehrafworldcultures.yale.edu/sres/d1bf7e88-1547-4bba-a106-2247f37dce52
30afb12b-7875-426f-88b5-65f28635ef86,"Baxter, P. T. W.","The Azande, and related peoples of the Anglo-Egyptian Sudan
         and Belgian Congo",1953,56,"Component part(s), monograph",Azande,Africa,Central Africa,horticulturalists,,684,https://ehrafworldcultures.yale.edu/sres/30afb12b-7875-426f-88b5-65f28635ef86
b3e08585-7c6f-4097-b3bc-a8340e2b6ebf,"Baxter, P. T. W.","The Azande, and related peoples of the Anglo-Egyptian Sudan
         and Belgian Congo",1953,56,"Component part(s), monograph",Azande,Africa,Central Africa,horticulturalists,,"684,787",https://ehrafworldcultures.yale.edu/sres/b3e08585-7c6f-4097-b3bc-a8340e2b6ebf
632d0ac4-0d08-4bb4-b43b-eac38d63fcaf,"Baxter, P. T. W.","The Azande, and related peoples of the Anglo-Egyptian Sudan
         and Belgian Congo",1953,57,"Component part(s), monograph",Azande,Africa,Central Africa,horticulturalists,,"683,787",https://ehrafworldcultures.yale.edu/sres/632d0ac4-0d08-4bb4-b43b-eac38d63fcaf
0c8e44ee-fb99-41dd-b5a1-7660e7ce270c,"Baxter, P. T. W.","The Azande, and related peoples of the Anglo-Egyptian Sudan
         and Belgian Congo",1953,57,"Component part(s), monograph",Azande,Africa,Central Africa,horticulturalists,,"683,684,787",https://ehrafworldcultures.yale.edu/sres/0c8e44ee-fb99-41dd-b5a1-7660e7ce270c
5b2d3676-a724-4dd4-98c4-6afb37e8112f,"Baxter, P. T. W.","The Azande, and related peoples of the Anglo-Egyptian Sudan
         and Belgian Congo",1953,57,"Component part(s), monograph",Azande,Africa,Central Africa,horticulturalists,,"683,787",https://ehrafworldcultures.yale.edu/sres/5b2d3676-a724-4dd4-98c4-6afb37e8112f
b9c86296-ed77-45d9-81e4-40a8fa3c4ce6,"Baxter, P. T. W.","The Azande, and related peoples of the Anglo-Egyptian Sudan
         and Belgian Congo",1953,57,"Component part(s), monograph",Azande,Africa,Central Africa,horticulturalists,,"683,787",https://ehrafworldcultures.yale.edu/sres/b9c86296-ed77-45d9-81e4-40a8fa3c4ce6
a1e56346-71f1-41c4-9135-3f1f05123a75,"Baxter, P. T. W.","The Azande, and related peoples of the Anglo-Egyptian Sudan
         and Belgian Congo",1953,57,"Component part(s), monograph",Azande,Africa,Central Africa,horticulturalists,,"624,687,787",https://ehrafworldcultures.yale.edu/sres/a1e56346-71f1-41c4-9135-3f1f05123a75
44623363-9172-46dd-94fa-ba2091401641,"Baxter, P. T. W.","The Azande, and related peoples of the Anglo-Egyptian Sudan
         and Belgian Congo",1953,58,"Component part(s), monograph",Azande,Africa,Central Africa,horticulturalists,,"684,695,787",https://ehrafworldcultures.yale.edu/sres/44623363-9172-46dd-94fa-ba2091401641
221c7c2c-d28c-4ce4-bd65-aa2220215ced,"Baxter, P. T. W.","The Azande, and related peoples of the Anglo-Egyptian Sudan
         and Belgian Congo",1953,59,"Component part(s), monograph",Azande,Africa,Central Africa,horticulturalists,,"565,614,681,787",https://ehrafworldcultures.yale.edu/sres/221c7c2c-d28c-4ce4-bd65-aa2220215ced
cebd44f3-a1bd-4300-9bca-f5a764c5b8a3,"Baxter, P. T. W.","The Azande, and related peoples of the Anglo-Egyptian Sudan
         and Belgian Congo",1953,59,"Component part(s), monograph",Azande,Africa,Central Africa,horticulturalists,,"614,681,787",https://ehrafworldcultures.yale.edu/sres/cebd44f3-a1bd-4300-9bca-f5a764c5b8a3
84c4afbf-2128-4bb8-901d-756f355a2aae,"Baxter, P. T. W.","The Azande, and related peoples of the Anglo-Egyptian Sudan
         and Belgian Congo",1953,74,"Component part(s), monograph",Azande,Africa,Central Africa,horticulturalists,,"304,682,881",https://ehrafworldcultures.yale.edu/sres/84c4afbf-2128-4bb8-901d-756f355a2aae
dc5edf07-b8ab-4fb4-911c-8b1be60183e7,"Baxter, P. T. W.","The Azande, and related peoples of the Anglo-Egyptian Sudan
         and Belgian Congo",1953,76,"Component part(s), monograph",Azande,Africa,Central Africa,horticulturalists,,"683,754,761",https://ehrafworldcultures.yale.edu/sres/dc5edf07-b8ab-4fb4-911c-8b1be60183e7
757ba98f-8699-4110-9d51-96b36cfc0e29,"Baxter, P. T. W.","The Azande, and related peoples of the Anglo-Egyptian Sudan
         and Belgian Congo",1953,83,"Component part(s), monograph",Azande,Africa,Central Africa,horticulturalists,,"683,754",https://ehrafworldcultures.yale.edu/sres/757ba98f-8699-4110-9d51-96b36cfc0e29
feb04cdd-3d4b-4d01-98f3-db04e95364b4,"Baxter, P. T. W.","The Azande, and related peoples of the Anglo-Egyptian Sudan
         and Belgian Congo",1953,90,"Component part(s), monograph",Azande,Africa,Central Africa,horticulturalists,,"683,789",https://ehrafworldcultures.yale.edu/sres/feb04cdd-3d4b-4d01-98f3-db04e95364b4
7292c429-5769-4ae8-b810-1f7070bbc5eb,"Evans-Pritchard, E. E. (Edward Evan),
         1902-1973",The Azande: history and political institutions,1971,281,Monograph,Azande,Africa,Central Africa,horticulturalists,,"175,643,682,726",https://ehrafworldcultures.yale.edu/sres/7292c429-5769-4ae8-b810-1f7070bbc5eb
5c0dd9b8-96cc-4d50-a67d-ba552eb300d6,"Evans-Pritchard, E. E. (Edward Evan),
         1902-1973",The Azande: history and political institutions,1971,281,Monograph,Azande,Africa,Central Africa,horticulturalists,,"175,601,619,643,682,726",https://ehrafworldcultures.yale.edu/sres/5c0dd9b8-96cc-4d50-a67d-ba552eb300d6
375cd98b-9011-48e8-bdeb-e19b502f23fa,"Evans-Pritchard, E. E. (Edward Evan),
         1902-1973",The Azande: history and political institutions,1971,287,Monograph,Azande,Africa,Central Africa,horticulturalists,,"159,173,643,644,682,754,787",https://ehrafworldcultures.yale.edu/sres/375cd98b-9011-48e8-bdeb-e19b502f23fa
bb2dc1b8-1cdd-4588-a358-b7b0abd1c153,"Evans-Pritchard, E. E. (Edward Evan),
         1902-1973",The Azande: history and political institutions,1971,304,Monograph,Azande,Africa,Central Africa,horticulturalists,,"152,173,643,682,766,787",https://ehrafworldcultures.yale.edu/sres/bb2dc1b8-1cdd-4588-a358-b7b0abd1c153
e5848804-e49b-4293-837e-80e6f33aea01,"Evans-Pritchard, E. E. (Edward Evan),
         1902-1973",The Azande: history and political institutions,1971,304,Monograph,Azande,Africa,Central Africa,horticulturalists,,"173,643,682,765,766,787",https://ehrafworldcultures.yale.edu/sres/e5848804-e49b-4293-837e-80e6f33aea01
0edf78f1-b3f8-4307-bee3-8cb7f14527bb,"Evans-Pritchard, E. E. (Edward Evan),
         1902-1973",The Azande: history and political institutions,1971,305,Monograph,Azande,Africa,Central Africa,horticulturalists,,"173,428,643,682,726",https://ehrafworldcultures.yale.edu/sres/0edf78f1-b3f8-4307-bee3-8cb7f14527bb
a83d0b7d-db02-45e0-a0a6-0e8b48a4a354,"Evans-Pritchard, E. E. (Edward Evan),
         1902-1973",The Azande: history and political institutions,1971,340,Monograph,Azande,Africa,Central Africa,horticulturalists,,"173,635,643,648,662,687,721,787",https://ehrafworldcultures.yale.edu/sres/a83d0b7d-db02-45e0-a0a6-0e8b48a4a354
54596655-82c7-4ed7-9761-05d39cc12c70,"Evans-Pritchard, E. E. (Edward Evan),
         1902-1973",The Azande: history and political institutions,1971,341,Monograph,Azande,Africa,Central Africa,horticulturalists,,"174,643,687",https://ehrafworldcultures.yale.edu/sres/54596655-82c7-4ed7-9761-05d39cc12c70
f009cd31-2d89-4211-b8a1-53bc966bdd59,"Evans-Pritchard, E. E. (Edward Evan),
         1902-1973",The Azande: history and political institutions,1971,342,Monograph,Azande,Africa,Central Africa,horticulturalists,,"124,174,641,643,681",https://ehrafworldcultures.yale.edu/sres/f009cd31-2d89-4211-b8a1-53bc966bdd59
e66cb952-8eae-43ce-aadc-f49c1368a59a,"Evans-Pritchard, E. E. (Edward Evan),
         1902-1973",The Azande: history and political institutions,1971,347,Monograph,Azande,Africa,Central Africa,horticulturalists,,"174,565,681",https://ehrafworldcultures.yale.edu/sres/e66cb952-8eae-43ce-aadc-f49c1368a59a
e951644f-e712-429e-97ab-9637598a80db,"Evans-Pritchard, E. E. (Edward Evan),
         1902-1973",The Azande: history and political institutions,1971,112,Monograph,Azande,Africa,Central Africa,horticulturalists,,"174,175,182,575,648,668,688,789",https://ehrafworldcultures.yale.edu/sres/e951644f-e712-429e-97ab-9637598a80db
c76427a8-0bac-4181-9176-652659b6b269,"Evans-Pritchard, E. E. (Edward Evan),
         1902-1973",The Azande: history and political institutions,1971,124,Monograph,Azande,Africa,Central Africa,horticulturalists,,"131,166,174,178,565,602,611,614,634,643,644,648,682,687,701,787",https://ehrafworldcultures.yale.edu/sres/c76427a8-0bac-4181-9176-652659b6b269
f2987fef-351c-4b2d-bd31-253056ea8689,"Evans-Pritchard, E. E. (Edward Evan),
         1902-1973",The Azande: history and political institutions,1971,177,Monograph,Azande,Africa,Central Africa,horticulturalists,,"124,174,192,351,595,644,687",https://ehrafworldcultures.yale.edu/sres/f2987fef-351c-4b2d-bd31-253056ea8689
a94e61b2-e801-42cb-918f-dad23216b657,"Evans-Pritchard, E. E. (Edward Evan),
         1902-1973",The Azande: history and political institutions,1971,178,Monograph,Azande,Africa,Central Africa,horticulturalists,,"174,595,644,687,828",https://ehrafworldcultures.yale.edu/sres/a94e61b2-e801-42cb-918f-dad23216b657
aaba550b-3789-4f6d-82ee-6f996af80b5d,"Evans-Pritchard, E. E. (Edward Evan),
         1902-1973",The Azande: history and political institutions,1971,179,Monograph,Azande,Africa,Central Africa,horticulturalists,,"174,582,595,643,644,685,687",https://ehrafworldcultures.yale.edu/sres/aaba550b-3789-4f6d-82ee-6f996af80b5d
724204cc-1b35-42b9-8c48-5b3ff40bd479,"Evans-Pritchard, E. E. (Edward Evan),
         1902-1973",The Azande: history and political institutions,1971,180,Monograph,Azande,Africa,Central Africa,horticulturalists,,"174,595,643,644,687",https://ehrafworldcultures.yale.edu/sres/724204cc-1b35-42b9-8c48-5b3ff40bd479
5d77e3db-9aef-47f5-9c48-2ed583a7dee4,"Evans-Pritchard, E. E. (Edward Evan),
         1902-1973",The Azande: history and political institutions,1971,180,Monograph,Azande,Africa,Central Africa,horticulturalists,,"174,595,643,644,687",https://ehrafworldcultures.yale.edu/sres/5d77e3db-9aef-47f5-9c48-2ed583a7dee4
8bc12eed-e889-495b-9314-ba1192a19330,"Evans-Pritchard, E. E. (Edward Evan),
         1902-1973",The Azande: history and political institutions,1971,181,Monograph,Azande,Africa,Central Africa,horticulturalists,,"174,537,643,644,683,787",https://ehrafworldcultures.yale.edu/sres/8bc12eed-e889-495b-9314-ba1192a19330
cf50c623-27cf-457a-afc5-b788ab318002,"Evans-Pritchard, E. E. (Edward Evan),
         1902-1973",The Azande: history and political institutions,1971,195,Monograph,Azande,Africa,Central Africa,horticulturalists,,"264,565,643,644,682,754,787",https://ehrafworldcultures.yale.edu/sres/cf50c623-27cf-457a-afc5-b788ab318002
959b726e-3d4b-46f1-af6b-6f222fec9a01,"Evans-Pritchard, E. E. (Edward Evan),
         1902-1973",The Azande: history and political institutions,1971,212,Monograph,Azande,Africa,Central Africa,horticulturalists,,"174,634,635,682,684",https://ehrafworldcultures.yale.edu/sres/959b726e-3d4b-46f1-af6b-6f222fec9a01
8f589a79-c1d4-402b-a4fb-5a1283892594,"Evans-Pritchard, E. E. (Edward Evan),
         1902-1973",The Azande: history and political institutions,1971,231,Monograph,Azande,Africa,Central Africa,horticulturalists,,"174,567,595,644,681",https://ehrafworldcultures.yale.edu/sres/8f589a79-c1d4-402b-a4fb-5a1283892594
e3c963d9-e2fa-44c6-89dc-6e5a416c6243,"Evans-Pritchard, E. E. (Edward Evan),
         1902-1973",The Azande: history and political institutions,1971,247,Monograph,Azande,Africa,Central Africa,horticulturalists,,"174,411,561,687,714,726",https://ehrafworldcultures.yale.edu/sres/e3c963d9-e2fa-44c6-89dc-6e5a416c6243
4128220d-00bb-429e-8b81-bd6e8be5c7e0,"Evans-Pritchard, E. E. (Edward Evan),
         1902-1973",The Azande: history and political institutions,1971,248,Monograph,Azande,Africa,Central Africa,horticulturalists,,"174,192,304,533,535,577,643,644,687,701,725,726,727",https://ehrafworldcultures.yale.edu/sres/4128220d-00bb-429e-8b81-bd6e8be5c7e0
398e47e9-6b1c-4265-ac0f-44f0c0695585,"Evans-Pritchard, E. E. (Edward Evan),
         1902-1973",The Azande: history and political institutions,1971,268,Monograph,Azande,Africa,Central Africa,horticulturalists,,"175,601,602,614,642,643,648,682",https://ehrafworldcultures.yale.edu/sres/398e47e9-6b1c-4265-ac0f-44f0c0695585
dc479fe1-3909-448f-a50c-49bbdea4bb7d,"Evans-Pritchard, E. E. (Edward Evan),
         1902-1973",The Azande: history and political institutions,1971,275,Monograph,Azande,Africa,Central Africa,horticulturalists,,"128,175,563,643,648,669,682,721",https://ehrafworldcultures.yale.edu/sres/dc479fe1-3909-448f-a50c-49bbdea4bb7d
49acc518-860a-4656-b664-76cd50566bbf,"Evans-Pritchard, E. E. (Edward Evan),
         1902-1973",The Azande: history and political institutions,1971,278,Monograph,Azande,Africa,Central Africa,horticulturalists,,"175,643,682",https://ehrafworldcultures.yale.edu/sres/49acc518-860a-4656-b664-76cd50566bbf
d58fcdea-779b-42f7-abb2-4c28d3c1673a,"Evans-Pritchard, E. E. (Edward Evan),
         1902-1973",The Azande: history and political institutions,1971,278,Monograph,Azande,Africa,Central Africa,horticulturalists,,"175,643,648,682,726",https://ehrafworldcultures.yale.edu/sres/d58fcdea-779b-42f7-abb2-4c28d3c1673a
5e20cd59-9a8c-45ac-8a3d-e7a534efcbd6,"Evans-Pritchard, E. E. (Edward Evan),
         1902-1973",The Azande: history and political institutions,1971,280,Monograph,Azande,Africa,Central Africa,horticulturalists,,"175,643,648,669,682,726",https://ehrafworldcultures.yale.edu/sres/5e20cd59-9a8c-45ac-8a3d-e7a534efcbd6
e780e103-891d-44c5-82d8-79b9969fc657,"Evans-Pritchard, E. E. (Edward Evan),
         1902-1973",The Azande: history and political institutions,1971,348,Monograph,Azande,Africa,Central Africa,horticulturalists,,"173,415,551,565,634,643,682,721,726,727,754,787",https://ehrafworldcultures.yale.edu/sres/e780e103-891d-44c5-82d8-79b9969fc657
050939ad-8e1a-4d99-bf58-9b10b3a8b414,"Evans-Pritchard, E. E. (Edward Evan),
         1902-1973",The Azande: history and political institutions,1971,386,Monograph,Azande,Africa,Central Africa,horticulturalists,,"174,192,578,602,643,687",https://ehrafworldcultures.yale.edu/sres/050939ad-8e1a-4d99-bf58-9b10b3a8b414
520353c2-83eb-446b-9b19-3d0c278184c2,"Evans-Pritchard, E. E. (Edward Evan),
         1902-1973",The Azande: history and political institutions,1971,386,Monograph,Azande,Africa,Central Africa,horticulturalists,,"174,602,643,648,688,722,726,727",https://ehrafworldcultures.yale.edu/sres/520353c2-83eb-446b-9b19-3d0c278184c2
e5d51a6a-f897-41bc-a0ac-5753cdb740cd,"Evans-Pritchard, E. E. (Edward Evan),
         1902-1973",The Azande: history and political institutions,1971,402,Monograph,Azande,Africa,Central Africa,horticulturalists,,"175,687,726",https://ehrafworldcultures.yale.edu/sres/e5d51a6a-f897-41bc-a0ac-5753cdb740cd
fcc9cf9b-4c89-4f3c-a938-3147147c4e43,"Evans-Pritchard, E. E. (Edward Evan),
         1902-1973",The Azande: history and political institutions,1971,405,Monograph,Azande,Africa,Central Africa,horticulturalists,,"102,174,192,683,726,766",https://ehrafworldcultures.yale.edu/sres/fcc9cf9b-4c89-4f3c-a938-3147147c4e43
99a76015-653b-4d4a-87aa-3b4eed0bae66,"Evans-Pritchard, E. E. (Edward Evan),
         1902-1973",The Zande royal court,1957,p. 373,Journal Article,Azande,Africa,Central Africa,horticulturalists,,"351,595,644,687",https://ehrafworldcultures.yale.edu/sres/99a76015-653b-4d4a-87aa-3b4eed0bae66
ce793638-b31f-4a3e-a2a3-ac5cd5c98b25,"Evans-Pritchard, E. E. (Edward Evan),
         1902-1973",The Zande royal court,1957,p. 374,Journal Article,Azande,Africa,Central Africa,horticulturalists,,"157,643,644,687",https://ehrafworldcultures.yale.edu/sres/ce793638-b31f-4a3e-a2a3-ac5cd5c98b25
3c2f3b4d-02ba-4592-aab0-e90d6a1ddbf0,"Evans-Pritchard, E. E. (Edward Evan),
         1902-1973",The Zande royal court,1957,p. 375,Journal Article,Azande,Africa,Central Africa,horticulturalists,,"565,582,595,643,644,687",https://ehrafworldcultures.yale.edu/sres/3c2f3b4d-02ba-4592-aab0-e90d6a1ddbf0
884740e4-7608-4ed6-a836-fc5df08a0931,"Evans-Pritchard, E. E. (Edward Evan),
         1902-1973",The Zande royal court,1957,- 376 -,Journal Article,Azande,Africa,Central Africa,horticulturalists,,"565,582,595,643,644,687",https://ehrafworldcultures.yale.edu/sres/884740e4-7608-4ed6-a836-fc5df08a0931
8d364359-18e1-435c-9a4b-9c242d50d822,"Evans-Pritchard, E. E. (Edward Evan),
         1902-1973",The Zande royal court,1957,- 376 -,Journal Article,Azande,Africa,Central Africa,horticulturalists,,"565,582,595,643,644,687",https://ehrafworldcultures.yale.edu/sres/8d364359-18e1-435c-9a4b-9c242d50d822
5d38b9c6-7aff-4fc3-8b71-17c8187aaf45,"Evans-Pritchard, E. E. (Edward Evan),
         1902-1973",The Zande royal court,1957,- 377 -,Journal Article,Azande,Africa,Central Africa,horticulturalists,,"643,644,661,687,754",https://ehrafworldcultures.yale.edu/sres/5d38b9c6-7aff-4fc3-8b71-17c8187aaf45
4b38a5aa-e818-43a9-a979-7a20da7b232f,"Evans-Pritchard, E. E. (Edward Evan),
         1902-1973",The Zande royal court,1957,p.497,Journal Article,Azande,Africa,Central Africa,horticulturalists,,"264,539,565,644,682,754",https://ehrafworldcultures.yale.edu/sres/4b38a5aa-e818-43a9-a979-7a20da7b232f
1f6b1427-5c60-4445-a2c9-ebf00b9f957b,"Evans-Pritchard, E. E. (Edward Evan),
         1902-1973",The Zande royal court,1957,p.689,Journal Article,Azande,Africa,Central Africa,horticulturalists,,"588,634,635,643,661,668,680",https://ehrafworldcultures.yale.edu/sres/1f6b1427-5c60-4445-a2c9-ebf00b9f957b
48acb7ff-d8f3-4afa-a8f2-3b565976d614,"Evans-Pritchard, E. E. (Edward Evan),
         1902-1973",The Zande royal court,1957,p.690,Journal Article,Azande,Africa,Central Africa,horticulturalists,,"588,634,635,680,701",https://ehrafworldcultures.yale.edu/sres/48acb7ff-d8f3-4afa-a8f2-3b565976d614
6cad2ae0-4518-48ae-a262-59a5b5727db7,"Evans-Pritchard, E. E. (Edward Evan),
         1902-1973",The Zande royal court,1957,p. 710,Journal Article,Azande,Africa,Central Africa,horticulturalists,,"567,644,681,685",https://ehrafworldcultures.yale.edu/sres/6cad2ae0-4518-48ae-a262-59a5b5727db7
c4144444-2825-4fa1-8156-2a0dedc6b4b4,"Evans-Pritchard, E. E. (Edward Evan),
         1902-1973",Zande Kings and Princes,1962,92,Essay,Azande,Africa,Central Africa,horticulturalists,,"159,186,563,577,635,642,643,661,681",https://ehrafworldcultures.yale.edu/sres/c4144444-2825-4fa1-8156-2a0dedc6b4b4
fe58ffca-6574-4030-9de0-41dca769bd24,"Evans-Pritchard, E. E. (Edward Evan),
         1902-1973",Zande Kings and Princes,1962,93,Essay,Azande,Africa,Central Africa,horticulturalists,,"113,159,431,577,593,643,661,669,684,695",https://ehrafworldcultures.yale.edu/sres/fe58ffca-6574-4030-9de0-41dca769bd24
ef9dbbae-0271-4685-a7df-ba77d641bdcb,"Evans-Pritchard, E. E. (Edward Evan),
         1902-1973",Zande Kings and Princes,1962,106,Essay,Azande,Africa,Central Africa,horticulturalists,,"113,114,177,641,643,681,829",https://ehrafworldcultures.yale.edu/sres/ef9dbbae-0271-4685-a7df-ba77d641bdcb
84e2a507-ce0b-47e0-abb9-bd4ae6d9152f,"Evans-Pritchard, E. E. (Edward Evan),
         1902-1973",Zande Kings and Princes,1962,113,Essay,Azande,Africa,Central Africa,horticulturalists,,"159,643,684,797",https://ehrafworldcultures.yale.edu/sres/84e2a507-ce0b-47e0-abb9-bd4ae6d9152f
fa67b42d-8f1c-4718-918b-2153c70b43df,"Evans-Pritchard, E. E. (Edward Evan),
         1902-1973","Witchcraft, oracles and magic among the Azande",1937,46,Monograph,Azande,Africa,Central Africa,horticulturalists,,"683,754,763,902",https://ehrafworldcultures.yale.edu/sres/fa67b42d-8f1c-4718-918b-2153c70b43df
b78ab676-e812-46d1-93df-1594a3a8222c,"Evans-Pritchard, E. E. (Edward Evan),
         1902-1973","Witchcraft, oracles and magic among the Azande",1937,46,Monograph,Azande,Africa,Central Africa,horticulturalists,,"683,754,763,902",https://ehrafworldcultures.yale.edu/sres/b78ab676-e812-46d1-93df-1594a3a8222c
c72a03b5-8063-4fe0-b029-1c2425c93f31,"Evans-Pritchard, E. E. (Edward Evan),
         1902-1973","Witchcraft, oracles and magic among the Azande",1937,48,Monograph,Azande,Africa,Central Africa,horticulturalists,,"159,683,754,763",https://ehrafworldcultures.yale.edu/sres/c72a03b5-8063-4fe0-b029-1c2425c93f31
b1737099-e27b-4885-9091-b96ed8cf2c6c,"Evans-Pritchard, E. E. (Edward Evan),
         1902-1973","Witchcraft, oracles and magic among the Azande",1937,48,Monograph,Azande,Africa,Central Africa,horticulturalists,,"159,683,754,763",https://ehrafworldcultures.yale.edu/sres/b1737099-e27b-4885-9091-b96ed8cf2c6c
f60e3286-e991-4215-a4cc-a3cea6d05f9d,"Evans-Pritchard, E. E. (Edward Evan),
         1902-1973","Witchcraft, oracles and magic among the Azande",1937,56,Monograph,Azande,Africa,Central Africa,horticulturalists,,"562,684,754,777,826,838",https://ehrafworldcultures.yale.edu/sres/f60e3286-e991-4215-a4cc-a3cea6d05f9d
9167b1e5-54b9-4f5a-8035-c3d95b2bb35a,"Evans-Pritchard, E. E. (Edward Evan),
         1902-1973","Witchcraft, oracles and magic among the Azande",1937,74,Monograph,Azande,Africa,Central Africa,horticulturalists,,"682,754",https://ehrafworldcultures.yale.edu/sres/9167b1e5-54b9-4f5a-8035-c3d95b2bb35a
54e44c4d-e823-4e87-b93b-062ae3ace51b,"Evans-Pritchard, E. E. (Edward Evan),
         1902-1973","Witchcraft, oracles and magic among the Azande",1937,75,Monograph,Azande,Africa,Central Africa,horticulturalists,,"682,683,687,754,828",https://ehrafworldcultures.yale.edu/sres/54e44c4d-e823-4e87-b93b-062ae3ace51b
ab3a7c8b-a140-441a-9f6d-9730526753de,"Evans-Pritchard, E. E. (Edward Evan),
         1902-1973","Witchcraft, oracles and magic among the Azande",1937,84,Monograph,Azande,Africa,Central Africa,horticulturalists,,"683,754",https://ehrafworldcultures.yale.edu/sres/ab3a7c8b-a140-441a-9f6d-9730526753de
c988de0d-e5e6-4c35-b60b-c3197e56db85,"Evans-Pritchard, E. E. (Edward Evan),
         1902-1973","Witchcraft, oracles and magic among the Azande",1937,84,Monograph,Azande,Africa,Central Africa,horticulturalists,,"683,754",https://ehrafworldcultures.yale.edu/sres/c988de0d-e5e6-4c35-b60b-c3197e56db85
539e840d-c0c1-4408-8331-a18ae38799f4,"Evans-Pritchard, E. E. (Edward Evan),
         1902-1973","Witchcraft, oracles and magic among the Azande",1937,85,Monograph,Azande,Africa,Central Africa,horticulturalists,,"683,754",https://ehrafworldcultures.yale.edu/sres/539e840d-c0c1-4408-8331-a18ae38799f4
9071d578-62f6-4e8c-b195-0baca4f57d20,"Evans-Pritchard, E. E. (Edward Evan),
         1902-1973","Witchcraft, oracles and magic among the Azande",1937,85,Monograph,Azande,Africa,Central Africa,horticulturalists,,"683,754",https://ehrafworldcultures.yale.edu/sres/9071d578-62f6-4e8c-b195-0baca4f57d20
74fe7213-ed9e-4bda-ac32-4157e7225169,"Evans-Pritchard, E. E. (Edward Evan),
         1902-1973","Witchcraft, oracles and magic among the Azande",1937,86,Monograph,Azande,Africa,Central Africa,horticulturalists,,"683,754",https://ehrafworldcultures.yale.edu/sres/74fe7213-ed9e-4bda-ac32-4157e7225169
314cba27-20e4-43a3-8260-e6c1ab87571b,"Evans-Pritchard, E. E. (Edward Evan),
         1902-1973","Witchcraft, oracles and magic among the Azande",1937,[p.258],Monograph,Azande,Africa,Central Africa,horticulturalists,,"682,787,791",https://ehrafworldcultures.yale.edu/sres/314cba27-20e4-43a3-8260-e6c1ab87571b
79db02fa-eacd-4660-88d8-87834bcac108,"Evans-Pritchard, E. E. (Edward Evan),
         1902-1973","Witchcraft, oracles and magic among the Azande",1937,278,Monograph,Azande,Africa,Central Africa,horticulturalists,,"314,484,687",https://ehrafworldcultures.yale.edu/sres/79db02fa-eacd-4660-88d8-87834bcac108
0cce03e6-f033-46ea-ba4e-f29da38ab24f,"Evans-Pritchard, E. E. (Edward Evan),
         1902-1973","Witchcraft, oracles and magic among the Azande",1937,279,Monograph,Azande,Africa,Central Africa,horticulturalists,,"314,484,687",https://ehrafworldcultures.yale.edu/sres/0cce03e6-f033-46ea-ba4e-f29da38ab24f
1170fd51-7fc4-4de6-9221-bbf2ebb34eb8,"Evans-Pritchard, E. E. (Edward Evan),
         1902-1973","Witchcraft, oracles and magic among the Azande",1937,279,Monograph,Azande,Africa,Central Africa,horticulturalists,,"314,484,687",https://ehrafworldcultures.yale.edu/sres/1170fd51-7fc4-4de6-9221-bbf2ebb34eb8
5972b16c-cf77-4f42-a90d-864a7d471198,"Evans-Pritchard, E. E. (Edward Evan),
         1902-1973","Witchcraft, oracles and magic among the Azande",1937,279,Monograph,Azande,Africa,Central Africa,horticulturalists,,"314,484,687",https://ehrafworldcultures.yale.edu/sres/5972b16c-cf77-4f42-a90d-864a7d471198
19e3d2ac-e176-4f4b-ba87-ea91b9fa734f,"Evans-Pritchard, E. E. (Edward Evan),
         1902-1973","Witchcraft, oracles and magic among the Azande",1937,279,Monograph,Azande,Africa,Central Africa,horticulturalists,,"314,484,687",https://ehrafworldcultures.yale.edu/sres/19e3d2ac-e176-4f4b-ba87-ea91b9fa734f
572e4fec-c388-4a28-9501-1004210cc64a,"Evans-Pritchard, E. E. (Edward Evan),
         1902-1973","Witchcraft, oracles and magic among the Azande",1937,280,Monograph,Azande,Africa,Central Africa,horticulturalists,,"314,484,687",https://ehrafworldcultures.yale.edu/sres/572e4fec-c388-4a28-9501-1004210cc64a
68b08ce9-c0f1-4438-a2a6-f6811a31551f,"Evans-Pritchard, E. E. (Edward Evan),
         1902-1973","Witchcraft, oracles and magic among the Azande",1937,280,Monograph,Azande,Africa,Central Africa,horticulturalists,,"314,484,687",https://ehrafworldcultures.yale.edu/sres/68b08ce9-c0f1-4438-a2a6-f6811a31551f
07f663cc-939c-411d-8d8f-91319b0dd7dd,"Evans-Pritchard, E. E. (Edward Evan),
         1902-1973","Witchcraft, oracles and magic among the Azande",1937,280,Monograph,Azande,Africa,Central Africa,horticulturalists,,"314,484,687",https://ehrafworldcultures.yale.edu/sres/07f663cc-939c-411d-8d8f-91319b0dd7dd
c4f532f3-fb74-4f52-990a-cf1e0a315c35,"Evans-Pritchard, E. E. (Edward Evan),
         1902-1973","Witchcraft, oracles and magic among the Azande",1937,291,Monograph,Azande,Africa,Central Africa,horticulturalists,,"643,644,682,787",https://ehrafworldcultures.yale.edu/sres/c4f532f3-fb74-4f52-990a-cf1e0a315c35
dd2df295-eb66-4c9a-89d8-71d1978a768e,"Evans-Pritchard, E. E. (Edward Evan),
         1902-1973","Witchcraft, oracles and magic among the Azande",1937,291,Monograph,Azande,Africa,Central Africa,horticulturalists,,"644,682,787",https://ehrafworldcultures.yale.edu/sres/dd2df295-eb66-4c9a-89d8-71d1978a768e
3c295fa5-efce-4684-af2e-9e67da4a5ce9,"Evans-Pritchard, E. E. (Edward Evan),
         1902-1973","Witchcraft, oracles and magic among the Azande",1937,292,Monograph,Azande,Africa,Central Africa,horticulturalists,,"266,644,682,787",https://ehrafworldcultures.yale.edu/sres/3c295fa5-efce-4684-af2e-9e67da4a5ce9
ced6f5a4-13af-4d38-82a7-e78a0708e199,"Evans-Pritchard, E. E. (Edward Evan),
         1902-1973","Witchcraft, oracles and magic among the Azande",1937,394,Monograph,Azande,Africa,Central Africa,horticulturalists,,"682,695,754,787",https://ehrafworldcultures.yale.edu/sres/ced6f5a4-13af-4d38-82a7-e78a0708e199
a6a59c5b-b4ca-4447-ab0a-f240220d8111,"Evans-Pritchard, E. E. (Edward Evan),
         1902-1973","Witchcraft, oracles and magic among the Azande",1937,394,Monograph,Azande,Africa,Central Africa,horticulturalists,,"682,695,754,787",https://ehrafworldcultures.yale.edu/sres/a6a59c5b-b4ca-4447-ab0a-f240220d8111
52692c6d-fedf-471a-995b-8514951c10bd,"Evans-Pritchard, E. E. (Edward Evan),
         1902-1973","Witchcraft, oracles and magic among the Azande",1937,395,Monograph,Azande,Africa,Central Africa,horticulturalists,,"682,695,754,787",https://ehrafworldcultures.yale.edu/sres/52692c6d-fedf-471a-995b-8514951c10bd
43497bd5-43f8-468c-aa93-378df3ce7aa1,"Evans-Pritchard, E. E. (Edward Evan),
         1902-1973","Witchcraft, oracles and magic among the Azande",1937,395,Monograph,Azande,Africa,Central Africa,horticulturalists,,"683,754",https://ehrafworldcultures.yale.edu/sres/43497bd5-43f8-468c-aa93-378df3ce7aa1
4a35489f-f82e-4759-99cb-01121f0a6222,"Evans-Pritchard, E. E. (Edward Evan),
         1902-1973","Witchcraft, oracles and magic among the Azande",1937,395,Monograph,Azande,Africa,Central Africa,horticulturalists,,"683,754",https://ehrafworldcultures.yale.edu/sres/4a35489f-f82e-4759-99cb-01121f0a6222
8a44e1ea-e3ed-4fb6-bd38-25b3e770cedb,"Evans-Pritchard, E. E. (Edward Evan),
         1902-1973","Witchcraft, oracles and magic among the Azande",1937,396,Monograph,Azande,Africa,Central Africa,horticulturalists,,"683,754",https://ehrafworldcultures.yale.edu/sres/8a44e1ea-e3ed-4fb6-bd38-25b3e770cedb
73065084-413b-43df-a459-99f8efd1d1c1,"Evans-Pritchard, E. E. (Edward Evan),
         1902-1973","Witchcraft, oracles and magic among the Azande",1937,466,Monograph,Azande,Africa,Central Africa,horticulturalists,,"685,789",https://ehrafworldcultures.yale.edu/sres/73065084-413b-43df-a459-99f8efd1d1c1
b84286a5-b8f0-4804-b238-fe41b99dff96,"Evans-Pritchard, E. E. (Edward Evan),
         1902-1973","Witchcraft, oracles and magic among the Azande",1937,544,Monograph,Azande,Africa,Central Africa,horticulturalists,,"178,184,683,761,787",https://ehrafworldcultures.yale.edu/sres/b84286a5-b8f0-4804-b238-fe41b99dff96
cc576252-6419-4ddb-b594-e1b47606e2ae,"Evans-Pritchard, E. E. (Edward Evan),
         1902-1973","Witchcraft, oracles and magic among the Azande",1937,[following p. 558--(p)],Monograph,Azande,Africa,Central Africa,horticulturalists,,"291,684,764",https://ehrafworldcultures.yale.edu/sres/cc576252-6419-4ddb-b594-e1b47606e2ae
c7cd0c24-9be3-47a9-a5c7-4059f00f8c4a,"Evans-Pritchard, E. E. (Edward Evan),
         1902-1973","Witchcraft, oracles and magic among the Azande",1937,[following p.558--(z)],Monograph,Azande,Africa,Central Africa,horticulturalists,,"342,685,789",https://ehrafworldcultures.yale.edu/sres/c7cd0c24-9be3-47a9-a5c7-4059f00f8c4a
d942a35e-edcf-4efe-88f0-dec593c95a3c,"Evans-Pritchard, E. E. (Edward Evan),
         1902-1973",Zande warfare,1957,240,Journal Article,Azande,Africa,Central Africa,horticulturalists,,"411,687,701,722,726,787",https://ehrafworldcultures.yale.edu/sres/d942a35e-edcf-4efe-88f0-dec593c95a3c
8f57d1f0-bc33-4b93-a785-0f8984c64dde,"Evans-Pritchard, E. E. (Edward Evan),
         1902-1973",Zande warfare,1957,249,Journal Article,Azande,Africa,Central Africa,horticulturalists,,"687,726,727",https://ehrafworldcultures.yale.edu/sres/8f57d1f0-bc33-4b93-a785-0f8984c64dde
39630012-50d1-4c9e-843a-5bbf38fceaab,"Czekanowski, Jan",Research in the Nile-Congo Region,1924,52 [3],"Component part(s), monograph",Azande,Africa,Central Africa,horticulturalists,,"628,643,681",https://ehrafworldcultures.yale.edu/sres/39630012-50d1-4c9e-843a-5bbf38fceaab
c7eab208-dbde-4b29-8d87-8225b22ec85a,"Czekanowski, Jan",Research in the Nile-Congo Region,1924,52 [4],"Component part(s), monograph",Azande,Africa,Central Africa,horticulturalists,,682,https://ehrafworldcultures.yale.edu/sres/c7eab208-dbde-4b29-8d87-8225b22ec85a
58c18640-66a6-417e-9454-ed490c0cb2b9,"Czekanowski, Jan",Research in the Nile-Congo Region,1924,53 [3],"Component part(s), monograph",Azande,Africa,Central Africa,horticulturalists,,"643,687",https://ehrafworldcultures.yale.edu/sres/58c18640-66a6-417e-9454-ed490c0cb2b9
c135021b-d8ee-4443-88bc-5336e4756209,"Czekanowski, Jan",Research in the Nile-Congo Region,1924,53 [4],"Component part(s), monograph",Azande,Africa,Central Africa,horticulturalists,,685,https://ehrafworldcultures.yale.edu/sres/c135021b-d8ee-4443-88bc-5336e4756209
a643a254-ef82-4bf7-8f43-49959a0918e5,"Czekanowski, Jan",Research in the Nile-Congo Region,1924,53-54,"Component part(s), monograph",Azande,Africa,Central Africa,horticulturalists,,684,https://ehrafworldcultures.yale.edu/sres/a643a254-ef82-4bf7-8f43-49959a0918e5
127206bf-3ef5-4b4c-9153-b5ca33786c28,"Czekanowski, Jan",Research in the Nile-Congo Region,1924,56,"Component part(s), monograph",Azande,Africa,Central Africa,horticulturalists,,"684,752",https://ehrafworldcultures.yale.edu/sres/127206bf-3ef5-4b4c-9153-b5ca33786c28
3c3aeffc-940d-4709-b193-09cb1e7e24dd,"Czekanowski, Jan",Research in the Nile-Congo Region,1924,56 [2],"Component part(s), monograph",Azande,Africa,Central Africa,horticulturalists,,684,https://ehrafworldcultures.yale.edu/sres/3c3aeffc-940d-4709-b193-09cb1e7e24dd
61a6d6b7-9152-489f-bf0c-a5e116a934c2,"Czekanowski, Jan",Research in the Nile-Congo Region,1924,56 [2],"Component part(s), monograph",Azande,Africa,Central Africa,horticulturalists,,684,https://ehrafworldcultures.yale.edu/sres/61a6d6b7-9152-489f-bf0c-a5e116a934c2
4e52ae17-b1c8-49ea-b636-d006154230f2,"Czekanowski, Jan",Research in the Nile-Congo Region,1924,58-59,"Component part(s), monograph",Azande,Africa,Central Africa,horticulturalists,,"177,585,684",https://ehrafworldcultures.yale.edu/sres/4e52ae17-b1c8-49ea-b636-d006154230f2
a0e4c6ab-d05f-43a7-aa4a-6302233c3907,"Czekanowski, Jan",Research in the Nile-Congo Region,1924,59 [2],"Component part(s), monograph",Azande,Africa,Central Africa,horticulturalists,,"682,847",https://ehrafworldcultures.yale.edu/sres/a0e4c6ab-d05f-43a7-aa4a-6302233c3907
65c9fb63-dd4b-4fce-91a2-25bd9210cd33,"Czekanowski, Jan",Research in the Nile-Congo Region,1924,60 [3],"Component part(s), monograph",Azande,Africa,Central Africa,horticulturalists,,"586,628,684",https://ehrafworldcultures.yale.edu/sres/65c9fb63-dd4b-4fce-91a2-25bd9210cd33
4596204e-829e-4615-bad1-0799a752b5aa,"Czekanowski, Jan",Research in the Nile-Congo Region,1924,60 [3],"Component part(s), monograph",Azande,Africa,Central Africa,horticulturalists,,"586,628,684",https://ehrafworldcultures.yale.edu/sres/4596204e-829e-4615-bad1-0799a752b5aa
f848d5bd-fd8f-46f8-b9c8-7b13b34e0f45,"Czekanowski, Jan",Research in the Nile-Congo Region,1924,60 [3],"Component part(s), monograph",Azande,Africa,Central Africa,horticulturalists,,"586,628,684",https://ehrafworldcultures.yale.edu/sres/f848d5bd-fd8f-46f8-b9c8-7b13b34e0f45
82e77b4e-bf49-495a-8044-fe54e3037b7d,"Czekanowski, Jan",Research in the Nile-Congo Region,1924,73,"Component part(s), monograph",Azande,Africa,Central Africa,horticulturalists,,"683,754,763",https://ehrafworldcultures.yale.edu/sres/82e77b4e-bf49-495a-8044-fe54e3037b7d
8a1a5738-3104-4a14-92f5-e3d53e5eacd1,"Czekanowski, Jan",Research in the Nile-Congo Region,1924,73,"Component part(s), monograph",Azande,Africa,Central Africa,horticulturalists,,"683,754,763",https://ehrafworldcultures.yale.edu/sres/8a1a5738-3104-4a14-92f5-e3d53e5eacd1
39a2727c-bbcf-4424-92f5-d554e4f35b9d,"Czekanowski, Jan",Research in the Nile-Congo Region,1924,73 [2],"Component part(s), monograph",Azande,Africa,Central Africa,horticulturalists,,"683,754",https://ehrafworldcultures.yale.edu/sres/39a2727c-bbcf-4424-92f5-d554e4f35b9d
09a954c1-647f-48b3-aaca-86130b77da7f,"Schlippe, Pierre de, 1904-","Shifting cultivation in Africa: the Zande system of
         agriculture",1956,184,Monograph,Azande,Africa,Central Africa,horticulturalists,,"609,685,789",https://ehrafworldcultures.yale.edu/sres/09a954c1-647f-48b3-aaca-86130b77da7f
b2282a71-32a8-4a22-9d41-24ac81d0cc23,"Schlippe, Pierre de, 1904-","Shifting cultivation in Africa: the Zande system of
         agriculture",1956,185,Monograph,Azande,Africa,Central Africa,horticulturalists,,"237,534,685,754,789,824",https://ehrafworldcultures.yale.edu/sres/b2282a71-32a8-4a22-9d41-24ac81d0cc23
293a49d0-f9d7-465f-b8ca-d1648dff4ba2,"Schlippe, Pierre de, 1904-","Shifting cultivation in Africa: the Zande system of
         agriculture",1956,201,Monograph,Azande,Africa,Central Africa,horticulturalists,,"224,311,372,423,685,754,789",https://ehrafworldcultures.yale.edu/sres/293a49d0-f9d7-465f-b8ca-d1648dff4ba2
f7095239-1ce2-4c47-92f9-0fc5c4e22e10,"Schlippe, Pierre de, 1904-","Shifting cultivation in Africa: the Zande system of
         agriculture",1956,201,Monograph,Azande,Africa,Central Africa,horticulturalists,,"372,423,685,754,789",https://ehrafworldcultures.yale.edu/sres/f7095239-1ce2-4c47-92f9-0fc5c4e22e10
c195cd3e-4f73-438e-ad51-8c41a4246f03,"Schlippe, Pierre de, 1904-","Shifting cultivation in Africa: the Zande system of
         agriculture",1956,201,Monograph,Azande,Africa,Central Africa,horticulturalists,,"372,423,685,754,787,789",https://ehrafworldcultures.yale.edu/sres/c195cd3e-4f73-438e-ad51-8c41a4246f03
29d2e13a-ca4c-47ed-ad2d-2cec91f48162,"Schlippe, Pierre de, 1904-","Shifting cultivation in Africa: the Zande system of
         agriculture",1956,[p. 361],Monograph,Azande,Africa,Central Africa,horticulturalists,,"142,302,534,685,754,789",https://ehrafworldcultures.yale.edu/sres/29d2e13a-ca4c-47ed-ad2d-2cec91f48162
298718d1-634f-4719-86a3-0269e7a81eef,"Casati, Gaetano, 1838-1902","Ten years in Equatoria and the return with Emin Pasha, vol.
         1",1891,199,"Component part(s), monograph",Azande,Africa,Central Africa,horticulturalists,,"157,643,681",https://ehrafworldcultures.yale.edu/sres/298718d1-634f-4719-86a3-0269e7a81eef
38e4ac40-0b9a-45a3-8088-748e774f5d71,"Casati, Gaetano, 1838-1902","Ten years in Equatoria and the return with Emin Pasha, vol.
         1",1891,199,"Component part(s), monograph",Azande,Africa,Central Africa,horticulturalists,,"157,643,681",https://ehrafworldcultures.yale.edu/sres/38e4ac40-0b9a-45a3-8088-748e774f5d71
3319ee75-600a-476a-9431-250622f3bb47,"Casati, Gaetano, 1838-1902","Ten years in Equatoria and the return with Emin Pasha, vol.
         1",1891,199,"Component part(s), monograph",Azande,Africa,Central Africa,horticulturalists,,"157,643,681",https://ehrafworldcultures.yale.edu/sres/3319ee75-600a-476a-9431-250622f3bb47
ff11b74d-10fc-4e74-ba73-2f8b35f67e5a,"Casati, Gaetano, 1838-1902","Ten years in Equatoria and the return with Emin Pasha, vol.
         1",1891,200a,"Component part(s), monograph",Azande,Africa,Central Africa,horticulturalists,,681,https://ehrafworldcultures.yale.edu/sres/ff11b74d-10fc-4e74-ba73-2f8b35f67e5a
da60c239-8027-4386-af64-3729962a7527,"Casati, Gaetano, 1838-1902","Ten years in Equatoria and the return with Emin Pasha, vol.
         1",1891,200a,"Component part(s), monograph",Azande,Africa,Central Africa,horticulturalists,,681,https://ehrafworldcultures.yale.edu/sres/da60c239-8027-4386-af64-3729962a7527
7ad8917c-5117-4439-9405-ad7913f875a4,"Casati, Gaetano, 1838-1902","Ten years in Equatoria and the return with Emin Pasha, vol.
         1",1891,200a,"Component part(s), monograph",Azande,Africa,Central Africa,horticulturalists,,681,https://ehrafworldcultures.yale.edu/sres/7ad8917c-5117-4439-9405-ad7913f875a4
137a59a7-a655-4fe8-8f6c-0bdf1ca76ff2,"Casati, Gaetano, 1838-1902","Ten years in Equatoria and the return with Emin Pasha, vol.
         1",1891,200a,"Component part(s), monograph",Azande,Africa,Central Africa,horticulturalists,,681,https://ehrafworldcultures.yale.edu/sres/137a59a7-a655-4fe8-8f6c-0bdf1ca76ff2
42477b33-8687-4f0c-8640-7e5c26b677ab,"Casati, Gaetano, 1838-1902","Ten years in Equatoria and the return with Emin Pasha, vol.
         1",1891,215-216,"Component part(s), monograph",Azande,Africa,Central Africa,horticulturalists,,"643,681,695",https://ehrafworldcultures.yale.edu/sres/42477b33-8687-4f0c-8640-7e5c26b677ab
c67bada1-cbfd-44aa-a119-2052b021ea94,"Casati, Gaetano, 1838-1902","Ten years in Equatoria and the return with Emin Pasha, vol.
         1",1891,215-216,"Component part(s), monograph",Azande,Africa,Central Africa,horticulturalists,,"643,681,695",https://ehrafworldcultures.yale.edu/sres/c67bada1-cbfd-44aa-a119-2052b021ea94
df061a54-bcea-485d-9a5b-912b9cde8f6f,"Casati, Gaetano, 1838-1902","Ten years in Equatoria and the return with Emin Pasha, vol.
         1",1891,215-216,"Component part(s), monograph",Azande,Africa,Central Africa,horticulturalists,,"643,681,695",https://ehrafworldcultures.yale.edu/sres/df061a54-bcea-485d-9a5b-912b9cde8f6f
ef3cffa1-e797-4ca5-87c4-a8d8bfc6c627,"Casati, Gaetano, 1838-1902","Ten years in Equatoria and the return with Emin Pasha, vol.
         1",1891,215-216,"Component part(s), monograph",Azande,Africa,Central Africa,horticulturalists,,"643,681,695",https://ehrafworldcultures.yale.edu/sres/ef3cffa1-e797-4ca5-87c4-a8d8bfc6c627
3960d23c-4a7d-4749-91c8-f5eb078b6107,"Casati, Gaetano, 1838-1902","Ten years in Equatoria and the return with Emin Pasha, vol.
         1",1891,216,"Component part(s), monograph",Azande,Africa,Central Africa,horticulturalists,,"682,764",https://ehrafworldcultures.yale.edu/sres/3960d23c-4a7d-4749-91c8-f5eb078b6107
7ab10c7c-bc87-4953-9844-bf3677b7f043,"Casati, Gaetano, 1838-1902","Ten years in Equatoria and the return with Emin Pasha, vol.
         1",1891,216,"Component part(s), monograph",Azande,Africa,Central Africa,horticulturalists,,"682,764",https://ehrafworldcultures.yale.edu/sres/7ab10c7c-bc87-4953-9844-bf3677b7f043
709065e6-9cbd-4dcc-9ca3-c3970551c868,"De Graer, Albert M.",The art of healing among the Azande,1929,362b,"Component part(s), monograph",Azande,Africa,Central Africa,horticulturalists,,"177,595,684,837",https://ehrafworldcultures.yale.edu/sres/709065e6-9cbd-4dcc-9ca3-c3970551c868
656b0a6b-a44d-4b34-bc6f-5d373c5c8c8b,"De Graer, Albert M.",The art of healing among the Azande,1929,362b,"Component part(s), monograph",Azande,Africa,Central Africa,horticulturalists,,"177,595,684,837",https://ehrafworldcultures.yale.edu/sres/656b0a6b-a44d-4b34-bc6f-5d373c5c8c8b
ccb2a465-d2f9-4288-9996-2c9cf7d5fb32,"De Graer, Albert M.",The art of healing among the Azande,1929,362b,"Component part(s), monograph",Azande,Africa,Central Africa,horticulturalists,,"177,595,684,837",https://ehrafworldcultures.yale.edu/sres/ccb2a465-d2f9-4288-9996-2c9cf7d5fb32
f601ddc6-1a2f-4ebf-8497-98e78731e1a2,"De Graer, Albert M.",The art of healing among the Azande,1929,362c,"Component part(s), monograph",Azande,Africa,Central Africa,horticulturalists,,"177,595,684,837",https://ehrafworldcultures.yale.edu/sres/f601ddc6-1a2f-4ebf-8497-98e78731e1a2
934f72e1-4741-4c68-9726-513a0389b276,"Brock, R. G. C.","Some notes on the Zande tribe as found in the Meridi District
         (Bahr El Ghazal Province)",1918,252c,"Component part(s), monograph",Azande,Africa,Central Africa,horticulturalists,,681,https://ehrafworldcultures.yale.edu/sres/934f72e1-4741-4c68-9726-513a0389b276
0364c195-1430-4775-9fe8-b76c3a8c7d28,"Brock, R. G. C.","Some notes on the Zande tribe as found in the Meridi District
         (Bahr El Ghazal Province)",1918,258c,"Component part(s), monograph",Azande,Africa,Central Africa,horticulturalists,,681,https://ehrafworldcultures.yale.edu/sres/0364c195-1430-4775-9fe8-b76c3a8c7d28
315f98de-ff05-4843-a755-06fda76386e6,"Brock, R. G. C.","Some notes on the Zande tribe as found in the Meridi District
         (Bahr El Ghazal Province)",1918,258c,"Component part(s), monograph",Azande,Africa,Central Africa,horticulturalists,,681,https://ehrafworldcultures.yale.edu/sres/315f98de-ff05-4843-a755-06fda76386e6
2dd1d3de-527a-4b4c-ba73-9e1def5ddedf,"Brock, R. G. C.","Some notes on the Zande tribe as found in the Meridi District
         (Bahr El Ghazal Province)",1918,258c,"Component part(s), monograph",Azande,Africa,Central Africa,horticulturalists,,681,https://ehrafworldcultures.yale.edu/sres/2dd1d3de-527a-4b4c-ba73-9e1def5ddedf
276348fc-a1d7-4530-a886-acee0c0896f4,"Brock, R. G. C.","Some notes on the Zande tribe as found in the Meridi District
         (Bahr El Ghazal Province)",1918,258c,"Component part(s), monograph",Azande,Africa,Central Africa,horticulturalists,,681,https://ehrafworldcultures.yale.edu/sres/276348fc-a1d7-4530-a886-acee0c0896f4
e4eab6c3-48cd-4bbc-9a27-f1432e3d1186,"Brock, R. G. C.","Some notes on the Zande tribe as found in the Meridi District
         (Bahr El Ghazal Province)",1918,261b,"Component part(s), monograph",Azande,Africa,Central Africa,horticulturalists,,682,https://ehrafworldcultures.yale.edu/sres/e4eab6c3-48cd-4bbc-9a27-f1432e3d1186
a816bb2e-5527-46b9-a0cc-b8bc54b43950,"Seligman, C. G. (Charles Gabriel),
         1873-1940",The Azande,1932,505,"Component part(s), monograph",Azande,Africa,Central Africa,horticulturalists,,"643,683,687",https://ehrafworldcultures.yale.edu/sres/a816bb2e-5527-46b9-a0cc-b8bc54b43950
fb74cf18-ef5a-499a-a10b-256d09894016,"Seligman, C. G. (Charles Gabriel),
         1873-1940",The Azande,1932,511,"Component part(s), monograph",Azande,Africa,Central Africa,horticulturalists,,"608,686,754",https://ehrafworldcultures.yale.edu/sres/fb74cf18-ef5a-499a-a10b-256d09894016
1808be96-0947-4e06-8ede-aaca2fb5b9d7,"Seligman, C. G. (Charles Gabriel),
         1873-1940",The Azande,1932,513,"Component part(s), monograph",Azande,Africa,Central Africa,horticulturalists,,"583,586,684",https://ehrafworldcultures.yale.edu/sres/1808be96-0947-4e06-8ede-aaca2fb5b9d7
d6c75943-da5b-4d99-a423-9c2f6b1f9c18,"Seligman, C. G. (Charles Gabriel),
         1873-1940",The Azande,1932,516,"Component part(s), monograph",Azande,Africa,Central Africa,horticulturalists,,"178,684,834,836",https://ehrafworldcultures.yale.edu/sres/d6c75943-da5b-4d99-a423-9c2f6b1f9c18
1dc6cc53-7b57-49b4-a8df-f00fe3f53348,"Seligman, C. G. (Charles Gabriel),
         1873-1940",The Azande,1932,516,"Component part(s), monograph",Azande,Africa,Central Africa,horticulturalists,,"582,684,837",https://ehrafworldcultures.yale.edu/sres/1dc6cc53-7b57-49b4-a8df-f00fe3f53348
f00db485-79a0-4e6d-b3a8-aeb174da0eed,"Seligman, C. G. (Charles Gabriel),
         1873-1940",The Azande,1932,524,"Component part(s), monograph",Azande,Africa,Central Africa,horticulturalists,,"682,754,761",https://ehrafworldcultures.yale.edu/sres/f00db485-79a0-4e6d-b3a8-aeb174da0eed
eb5baeed-c63c-46fc-a0e4-d366d50e55d0,"Larken, P. M.",Impressions of the Azande,1930,99a,"Component part(s), monograph",Azande,Africa,Central Africa,horticulturalists,,681,https://ehrafworldcultures.yale.edu/sres/eb5baeed-c63c-46fc-a0e4-d366d50e55d0
e0de2790-8171-45c3-931a-27f3b7ecab03,"Larken, P. M.",Impressions of the Azande,1930,101a,"Component part(s), monograph",Azande,Africa,Central Africa,horticulturalists,,"583,686,848",https://ehrafworldcultures.yale.edu/sres/e0de2790-8171-45c3-931a-27f3b7ecab03
c91458de-af6e-4a6a-963d-25cb6458da04,"Larken, P. M.",Impressions of the Azande,1930,101a,"Component part(s), monograph",Azande,Africa,Central Africa,horticulturalists,,"583,686,848",https://ehrafworldcultures.yale.edu/sres/c91458de-af6e-4a6a-963d-25cb6458da04
07ef7830-c02d-4265-b462-f860b4520816,"Larken, P. M.",Impressions of the Azande,1930,101a,"Component part(s), monograph",Azande,Africa,Central Africa,horticulturalists,,"583,686,848",https://ehrafworldcultures.yale.edu/sres/07ef7830-c02d-4265-b462-f860b4520816
11948dcd-e32d-49d3-a265-cf4fb335ba50,"Larken, P. M.",Impressions of the Azande,1930,102a,"Component part(s), monograph",Azande,Africa,Central Africa,horticulturalists,,"178,684",https://ehrafworldcultures.yale.edu/sres/11948dcd-e32d-49d3-a265-cf4fb335ba50
fb1f58d0-c0c5-4804-bfca-c73db42adc92,"Larken, P. M.",Impressions of the Azande,1930,102a,"Component part(s), monograph",Azande,Africa,Central Africa,horticulturalists,,"178,684",https://ehrafworldcultures.yale.edu/sres/fb1f58d0-c0c5-4804-bfca-c73db42adc92
653b42c1-4bac-4322-af64-f91f61023d7e,"Larken, P. M.",Impressions of the Azande,1930,102a,"Component part(s), monograph",Azande,Africa,Central Africa,horticulturalists,,"178,684",https://ehrafworldcultures.yale.edu/sres/653b42c1-4bac-4322-af64-f91f61023d7e
c8515f2a-9207-458a-b380-9d99ae2569a1,"Larken, P. M.",Impressions of the Azande,1930,102a,"Component part(s), monograph",Azande,Africa,Central Africa,horticulturalists,,"178,684",https://ehrafworldcultures.yale.edu/sres/c8515f2a-9207-458a-b380-9d99ae2569a1
8b015cd3-d988-424b-b155-611eb9ce932c,"Larken, P. M.",Impressions of the Azande,1930,102a,"Component part(s), monograph",Azande,Africa,Central Africa,horticulturalists,,"178,684",https://ehrafworldcultures.yale.edu/sres/8b015cd3-d988-424b-b155-611eb9ce932c
37e9948b-533b-4262-a207-1970fe3e63f9,"Larken, P. M.",Impressions of the Azande,1930,102-103,"Component part(s), monograph",Azande,Africa,Central Africa,horticulturalists,,"672,684",https://ehrafworldcultures.yale.edu/sres/37e9948b-533b-4262-a207-1970fe3e63f9
193faa9d-6448-4cd0-9775-c1ea37453035,"Larken, P. M.",Impressions of the Azande,1930,103c,"Component part(s), monograph",Azande,Africa,Central Africa,horticulturalists,,"423,685",https://ehrafworldcultures.yale.edu/sres/193faa9d-6448-4cd0-9775-c1ea37453035
0abbd0f5-0a99-4f1f-8307-f901df96e27b,"Larken, P. M.",Impressions of the Azande,1930,103d,"Component part(s), monograph",Azande,Africa,Central Africa,horticulturalists,,"565,684,838",https://ehrafworldcultures.yale.edu/sres/0abbd0f5-0a99-4f1f-8307-f901df96e27b
6fb27f19-12c8-414a-a954-671a3339676a,"Larken, P. M.",Impressions of the Azande,1930,103d,"Component part(s), monograph",Azande,Africa,Central Africa,horticulturalists,,"565,684,838",https://ehrafworldcultures.yale.edu/sres/6fb27f19-12c8-414a-a954-671a3339676a
9d78f671-d55f-4a18-a76a-3ba8e137efbf,"Larken, P. M.",Impressions of the Azande,1930,104d,"Component part(s), monograph",Azande,Africa,Central Africa,horticulturalists,,682,https://ehrafworldcultures.yale.edu/sres/9d78f671-d55f-4a18-a76a-3ba8e137efbf
fdcc447a-6205-48ce-872a-6609e89a29b0,"Larken, P. M.",Impressions of the Azande,1930,104d,"Component part(s), monograph",Azande,Africa,Central Africa,horticulturalists,,682,https://ehrafworldcultures.yale.edu/sres/fdcc447a-6205-48ce-872a-6609e89a29b0
f1a3d2ad-cde6-41d9-a616-ac5af1c87f44,"Larken, P. M.",Impressions of the Azande,1930,104d,"Component part(s), monograph",Azande,Africa,Central Africa,horticulturalists,,682,https://ehrafworldcultures.yale.edu/sres/f1a3d2ad-cde6-41d9-a616-ac5af1c87f44
74dd51b2-2dea-4d5b-9f0b-6e2ebf7cf68b,"Larken, P. M.",Impressions of the Azande,1930,104-105,"Component part(s), monograph",Azande,Africa,Central Africa,horticulturalists,,"672,682,754",https://ehrafworldcultures.yale.edu/sres/74dd51b2-2dea-4d5b-9f0b-6e2ebf7cf68b
41e60d8b-ee33-43da-a2b9-f695a3771be9,"Larken, P. M.",Impressions of the Azande,1930,105,"Component part(s), monograph",Azande,Africa,Central Africa,horticulturalists,,680,https://ehrafworldcultures.yale.edu/sres/41e60d8b-ee33-43da-a2b9-f695a3771be9
1528e8e1-06d2-442c-902c-31f0bbc3d6b4,"Larken, P. M.",Impressions of the Azande,1930,105,"Component part(s), monograph",Azande,Africa,Central Africa,horticulturalists,,680,https://ehrafworldcultures.yale.edu/sres/1528e8e1-06d2-442c-902c-31f0bbc3d6b4
11b03441-cf2c-4c4e-8abf-1024a4213b2d,"Larken, P. M.",Impressions of the Azande,1930,105,"Component part(s), monograph",Azande,Africa,Central Africa,horticulturalists,,680,https://ehrafworldcultures.yale.edu/sres/11b03441-cf2c-4c4e-8abf-1024a4213b2d
89957b4e-29fa-4431-9ce3-9edd9ca4455b,"Larken, P. M.",Impressions of the Azande,1930,105,"Component part(s), monograph",Azande,Africa,Central Africa,horticulturalists,,680,https://ehrafworldcultures.yale.edu/sres/89957b4e-29fa-4431-9ce3-9edd9ca4455b
3cb86910-bc18-4614-8ffe-5b556d9da5c4,"Larken, P. M.",Impressions of the Azande,1930,105,"Component part(s), monograph",Azande,Africa,Central Africa,horticulturalists,,680,https://ehrafworldcultures.yale.edu/sres/3cb86910-bc18-4614-8ffe-5b556d9da5c4
1bdb38ac-696e-47a5-afa4-c72bb0be161e,"Larken, P. M.",Impressions of the Azande,1930,105,"Component part(s), monograph",Azande,Africa,Central Africa,horticulturalists,,680,https://ehrafworldcultures.yale.edu/sres/1bdb38ac-696e-47a5-afa4-c72bb0be161e
a0d6e424-c458-47c5-ab58-e3deb124bc75,"Larken, P. M.",Impressions of the Azande,1930,105,"Component part(s), monograph",Azande,Africa,Central Africa,horticulturalists,,680,https://ehrafworldcultures.yale.edu/sres/a0d6e424-c458-47c5-ab58-e3deb124bc75
9f783945-ed4b-41df-99ea-14ed317e2680,"Larken, P. M.",Impressions of the Azande,1930,105,"Component part(s), monograph",Azande,Africa,Central Africa,horticulturalists,,680,https://ehrafworldcultures.yale.edu/sres/9f783945-ed4b-41df-99ea-14ed317e2680
2e6478ff-9f34-40ed-8fa9-97144b8c0299,"Larken, P. M.",Impressions of the Azande,1930,106a,"Component part(s), monograph",Azande,Africa,Central Africa,horticulturalists,,"643,681",https://ehrafworldcultures.yale.edu/sres/2e6478ff-9f34-40ed-8fa9-97144b8c0299
4b9c8f61-9d24-475a-9914-29feaece4bd8,"Larken, P. M.",Impressions of the Azande,1930,106b,"Component part(s), monograph",Azande,Africa,Central Africa,horticulturalists,,681,https://ehrafworldcultures.yale.edu/sres/4b9c8f61-9d24-475a-9914-29feaece4bd8
0fef3ece-fd8e-46f5-aff3-8b4131e9a891,"Larken, P. M.",Impressions of the Azande,1930,106b,"Component part(s), monograph",Azande,Africa,Central Africa,horticulturalists,,681,https://ehrafworldcultures.yale.edu/sres/0fef3ece-fd8e-46f5-aff3-8b4131e9a891
e36a8233-b9fb-47b8-9bee-232be25af8ae,"Larken, P. M.",Impressions of the Azande,1930,107a,"Component part(s), monograph",Azande,Africa,Central Africa,horticulturalists,,681,https://ehrafworldcultures.yale.edu/sres/e36a8233-b9fb-47b8-9bee-232be25af8ae
ecc36b5f-d39d-4a38-8b14-0bd0338e2109,"Larken, P. M.",Impressions of the Azande,1930,107a,"Component part(s), monograph",Azande,Africa,Central Africa,horticulturalists,,681,https://ehrafworldcultures.yale.edu/sres/ecc36b5f-d39d-4a38-8b14-0bd0338e2109
6705810e-7109-4b82-8a66-099ffefcdcbd,"Larken, P. M.",Impressions of the Azande,1930,107a,"Component part(s), monograph",Azande,Africa,Central Africa,horticulturalists,,681,https://ehrafworldcultures.yale.edu/sres/6705810e-7109-4b82-8a66-099ffefcdcbd
3ba36340-ba7f-4905-a446-9102259a2235,"Larken, P. M.",Impressions of the Azande,1930,107a,"Component part(s), monograph",Azande,Africa,Central Africa,horticulturalists,,681,https://ehrafworldcultures.yale.edu/sres/3ba36340-ba7f-4905-a446-9102259a2235
440811f8-18f1-44ce-9aac-81ce665ea63c,"Larken, P. M.",Impressions of the Azande,1930,115b,"Component part(s), monograph",Azande,Africa,Central Africa,horticulturalists,,"177,586,684",https://ehrafworldcultures.yale.edu/sres/440811f8-18f1-44ce-9aac-81ce665ea63c
93ecb199-e728-4412-aca2-c9ccdd6d3087,"Larken, P. M.",Impressions of the Azande,1930,115b,"Component part(s), monograph",Azande,Africa,Central Africa,horticulturalists,,"177,586,684",https://ehrafworldcultures.yale.edu/sres/93ecb199-e728-4412-aca2-c9ccdd6d3087
