uuid,Primary_Author,Title,Published,Page,DocType,Culture,Region,Subregion,Subsistence,OCM,IDs,Permalink
0242f2a2-0f5e-4fad-ab8c-8a7f884ee041,"Klein, Laura F. (Frances), 1946-",Tlingit women and town politics,1975,179,Monograph,Tlingit,North America,Northwest Coast and California,hunter-gatherers,,"421,423,614,626,627,685",https://ehrafworldcultures.yale.edu/sres/0242f2a2-0f5e-4fad-ab8c-8a7f884ee041
aeabe5d2-058f-409e-95da-329d09370a24,"Oberg, Kalervo, 1901-1973",Crime and punishment in Tlingit society,1934,146,Journal Article,Tlingit,North America,Northwest Coast and California,hunter-gatherers,,"554,618,682,696",https://ehrafworldcultures.yale.edu/sres/aeabe5d2-058f-409e-95da-329d09370a24
f11a1156-1aa0-4ca2-805f-d9b4deb6c191,"Oberg, Kalervo, 1901-1973",Crime and punishment in Tlingit society,1934,146,Journal Article,Tlingit,North America,Northwest Coast and California,hunter-gatherers,,"626,674,682",https://ehrafworldcultures.yale.edu/sres/f11a1156-1aa0-4ca2-805f-d9b4deb6c191
8bc7ccd4-3d71-4a85-8977-f2e7791d4554,"Oberg, Kalervo, 1901-1973",Crime and punishment in Tlingit society,1934,151,Journal Article,Tlingit,North America,Northwest Coast and California,hunter-gatherers,,"422,426,567,626,686",https://ehrafworldcultures.yale.edu/sres/8bc7ccd4-3d71-4a85-8977-f2e7791d4554
98721abe-e28c-4a6f-97b8-27b9a934b8e2,"Knapp, Frances",The Thlinkets of southeastern Alaska,1896,[p.46],Monograph,Tlingit,North America,Northwest Coast and California,hunter-gatherers,,"578,627,682",https://ehrafworldcultures.yale.edu/sres/98721abe-e28c-4a6f-97b8-27b9a934b8e2
8bb251e6-ef82-470c-b4ec-1c62b11c81ec,"Knapp, Frances",The Thlinkets of southeastern Alaska,1896,50,Monograph,Tlingit,North America,Northwest Coast and California,hunter-gatherers,,"627,681",https://ehrafworldcultures.yale.edu/sres/8bb251e6-ef82-470c-b4ec-1c62b11c81ec
2e96c8b2-7315-4f52-bfb1-23c136445892,"Olson, Ronald L. (Ronald LeRoy), 1895-","Social structure and social life of the Tlingit in
         Alaska",1967,[p.69-d],Monograph,Tlingit,North America,Northwest Coast and California,hunter-gatherers,,"435,554,614,627,682,796",https://ehrafworldcultures.yale.edu/sres/2e96c8b2-7315-4f52-bfb1-23c136445892
1018a7a4-6a29-4b2f-8964-0dcc84b56b97,"Olson, Ronald L. (Ronald LeRoy), 1895-","Social structure and social life of the Tlingit in
         Alaska",1967,[p.71-b],Monograph,Tlingit,North America,Northwest Coast and California,hunter-gatherers,,"554,562,592,614,616,627,682",https://ehrafworldcultures.yale.edu/sres/1018a7a4-6a29-4b2f-8964-0dcc84b56b97
64ef8ceb-9e26-4a5d-a02f-39caabc99693,"Olson, Ronald L. (Ronald LeRoy), 1895-","Social structure and social life of the Tlingit in
         Alaska",1967,[p.71-b],Monograph,Tlingit,North America,Northwest Coast and California,hunter-gatherers,,"159,558,627,682",https://ehrafworldcultures.yale.edu/sres/64ef8ceb-9e26-4a5d-a02f-39caabc99693
9ece8a97-1f86-42d7-a8ba-9a3b4332c958,"Olson, Ronald L. (Ronald LeRoy), 1895-","Social structure and social life of the Tlingit in
         Alaska",1967,[p.72-a],Monograph,Tlingit,North America,Northwest Coast and California,hunter-gatherers,,"159,171,614,627,682,787",https://ehrafworldcultures.yale.edu/sres/9ece8a97-1f86-42d7-a8ba-9a3b4332c958
784d5099-471e-41b3-a275-ca2d9ce2904a,"Olson, Ronald L. (Ronald LeRoy), 1895-","Social structure and social life of the Tlingit in
         Alaska",1967,[p.72-b],Monograph,Tlingit,North America,Northwest Coast and California,hunter-gatherers,,"159,627,682,854",https://ehrafworldcultures.yale.edu/sres/784d5099-471e-41b3-a275-ca2d9ce2904a
8ef5a75e-e34f-4a30-a3b7-31c67283f78f,"Tollefson, Kenneth D.","The cultural foundation of political revitalization among the
         Tlingit",1976,169,"Component part(s), monograph",Tlingit,North America,Northwest Coast and California,hunter-gatherers,,"627,683,754",https://ehrafworldcultures.yale.edu/sres/8ef5a75e-e34f-4a30-a3b7-31c67283f78f
27dfd6e9-31d9-450b-a7f0-43230a6bcf63,"Emmons, George Thornton.",The Tlingit Indians,1991,49,Monograph,Tlingit,North America,Northwest Coast and California,hunter-gatherers,,"431,627,682",https://ehrafworldcultures.yale.edu/sres/27dfd6e9-31d9-450b-a7f0-43230a6bcf63
5cd4687f-d400-419a-b40c-2b0ea6726e41,"Emmons, George Thornton.",The Tlingit Indians,1991,49,Monograph,Tlingit,North America,Northwest Coast and California,hunter-gatherers,,"273,627,682",https://ehrafworldcultures.yale.edu/sres/5cd4687f-d400-419a-b40c-2b0ea6726e41
f6056e6c-85ae-4572-8b05-844f0ac18fb9,"Emmons, George Thornton.",The Tlingit Indians,1991,50,Monograph,Tlingit,North America,Northwest Coast and California,hunter-gatherers,,"627,628,682",https://ehrafworldcultures.yale.edu/sres/f6056e6c-85ae-4572-8b05-844f0ac18fb9
d08467bf-50a7-4a34-84e7-7656864ca8c4,"Emmons, George Thornton.",The Tlingit Indians,1991,50,Monograph,Tlingit,North America,Northwest Coast and California,hunter-gatherers,,"627,628,682",https://ehrafworldcultures.yale.edu/sres/d08467bf-50a7-4a34-84e7-7656864ca8c4
0b9352be-b8f8-444d-8139-c14d6fb13339,"Emmons, George Thornton.",The Tlingit Indians,1991,50,Monograph,Tlingit,North America,Northwest Coast and California,hunter-gatherers,,"627,628,682",https://ehrafworldcultures.yale.edu/sres/0b9352be-b8f8-444d-8139-c14d6fb13339
956a4be6-bb37-4573-8a9c-21ab5addfbaa,"Emmons, George Thornton.",The Tlingit Indians,1991,50,Monograph,Tlingit,North America,Northwest Coast and California,hunter-gatherers,,"627,628,682",https://ehrafworldcultures.yale.edu/sres/956a4be6-bb37-4573-8a9c-21ab5addfbaa
41a232c4-5eb9-4da4-9da8-4d90b0884663,"Emmons, George Thornton.",The Tlingit Indians,1991,50,Monograph,Tlingit,North America,Northwest Coast and California,hunter-gatherers,,"627,628,682",https://ehrafworldcultures.yale.edu/sres/41a232c4-5eb9-4da4-9da8-4d90b0884663
90bcecb9-e425-4151-843e-7f3a463e1870,"Emmons, George Thornton.",The Tlingit Indians,1991,50,Monograph,Tlingit,North America,Northwest Coast and California,hunter-gatherers,,"627,628,681,682",https://ehrafworldcultures.yale.edu/sres/90bcecb9-e425-4151-843e-7f3a463e1870
06134870-c13f-4304-8edf-9607b619c1b8,"Emmons, George Thornton.",The Tlingit Indians,1991,51,Monograph,Tlingit,North America,Northwest Coast and California,hunter-gatherers,,"554,627,672,681,682",https://ehrafworldcultures.yale.edu/sres/06134870-c13f-4304-8edf-9607b619c1b8
a8d10fff-c3d0-41a5-97c9-1135cb3e5f11,"Oberg, Kalervo, 1901-1973",The social economy of the Tlingit Indians,9999,41,Monograph,Tlingit,North America,Northwest Coast and California,hunter-gatherers,,"554,614,615,627,685,837",https://ehrafworldcultures.yale.edu/sres/a8d10fff-c3d0-41a5-97c9-1135cb3e5f11
8943fce1-0b6f-413f-bc90-7fb234b6328b,"Oberg, Kalervo, 1901-1973",The social economy of the Tlingit Indians,9999,42,Monograph,Tlingit,North America,Northwest Coast and California,hunter-gatherers,,"554,614,615,627,683",https://ehrafworldcultures.yale.edu/sres/8943fce1-0b6f-413f-bc90-7fb234b6328b
8f892af3-f46a-4a2b-8a7c-86919fc1d298,"Oberg, Kalervo, 1901-1973",The social economy of the Tlingit Indians,9999,114,Monograph,Tlingit,North America,Northwest Coast and California,hunter-gatherers,,"554,614,627,684",https://ehrafworldcultures.yale.edu/sres/8f892af3-f46a-4a2b-8a7c-86919fc1d298
70c1e3f6-bde4-4df4-b641-d0b0cb8be499,"Oberg, Kalervo, 1901-1973",The social economy of the Tlingit Indians,9999,114,Monograph,Tlingit,North America,Northwest Coast and California,hunter-gatherers,,"554,614,627,684",https://ehrafworldcultures.yale.edu/sres/70c1e3f6-bde4-4df4-b641-d0b0cb8be499
5aebccfd-d1e0-4627-8a51-9047d9b39667,"Oberg, Kalervo, 1901-1973",The social economy of the Tlingit Indians,9999,115,Monograph,Tlingit,North America,Northwest Coast and California,hunter-gatherers,,"614,623,627,681",https://ehrafworldcultures.yale.edu/sres/5aebccfd-d1e0-4627-8a51-9047d9b39667
bd2cd8af-010b-455d-8942-3a158c5d201c,"Oberg, Kalervo, 1901-1973",The social economy of the Tlingit Indians,9999,115,Monograph,Tlingit,North America,Northwest Coast and California,hunter-gatherers,,"556,627,681",https://ehrafworldcultures.yale.edu/sres/bd2cd8af-010b-455d-8942-3a158c5d201c
6ccfae93-7906-4387-a980-268b7dc5c355,"Klein, Laura F. (Frances), 1946-",Tlingit women and town politics,1975,75,Monograph,Tlingit,North America,Northwest Coast and California,hunter-gatherers,,"554,614,627,682",https://ehrafworldcultures.yale.edu/sres/6ccfae93-7906-4387-a980-268b7dc5c355
e2af204f-1dbe-430d-87d8-f59e098923cf,"Klein, Laura F. (Frances), 1946-",Tlingit women and town politics,1975,85,Monograph,Tlingit,North America,Northwest Coast and California,hunter-gatherers,,"000,177,614,627,672,683,695,754,755,756,797",https://ehrafworldcultures.yale.edu/sres/e2af204f-1dbe-430d-87d8-f59e098923cf
fd88ccee-5d1b-43f9-9c3c-47c7000e1013,"Klein, Laura F. (Frances), 1946-",Tlingit women and town politics,1975,105,Monograph,Tlingit,North America,Northwest Coast and California,hunter-gatherers,,"171,554,581,582,614,627,674,681,682",https://ehrafworldcultures.yale.edu/sres/fd88ccee-5d1b-43f9-9c3c-47c7000e1013
e0ceea07-fab7-4dde-83be-1fc164a7501d,"De Laguna, Frederica, 1906-2204","Under Mount Saint Elias: the history and culture of the
         Yakutat Tlingit",1972,[p.580-a],Monograph,Tlingit,North America,Northwest Coast and California,hunter-gatherers,,"627,682",https://ehrafworldcultures.yale.edu/sres/e0ceea07-fab7-4dde-83be-1fc164a7501d
00cb0a30-0f43-4005-86e6-acf3d63b2409,"De Laguna, Frederica, 1906-2204","Under Mount Saint Elias: the history and culture of the
         Yakutat Tlingit",1972,[p.603-a],Monograph,Tlingit,North America,Northwest Coast and California,hunter-gatherers,,"000,175,272,627,628,682,728,762",https://ehrafworldcultures.yale.edu/sres/00cb0a30-0f43-4005-86e6-acf3d63b2409
79857cc2-a0ca-45ab-9ca4-243bc72c0986,"Oberg, Kalervo, 1901-1973",Crime and punishment in Tlingit society,1934,147,Journal Article,Tlingit,North America,Northwest Coast and California,hunter-gatherers,,"554,577,696,775",https://ehrafworldcultures.yale.edu/sres/79857cc2-a0ca-45ab-9ca4-243bc72c0986
5d7706a8-e2c1-403a-ae3d-724de4aa8d53,"Oberg, Kalervo, 1901-1973",Crime and punishment in Tlingit society,1934,151,Journal Article,Tlingit,North America,Northwest Coast and California,hunter-gatherers,,"426,618,696",https://ehrafworldcultures.yale.edu/sres/5d7706a8-e2c1-403a-ae3d-724de4aa8d53
a62ca359-e65a-4fdc-ab40-9cdc5098133b,"Oberg, Kalervo, 1901-1973",Crime and punishment in Tlingit society,1934,155,Journal Article,Tlingit,North America,Northwest Coast and California,hunter-gatherers,,"696,791",https://ehrafworldcultures.yale.edu/sres/a62ca359-e65a-4fdc-ab40-9cdc5098133b
aabec82b-d276-432e-8a73-9360a045c25f,"Oberg, Kalervo, 1901-1973",Crime and punishment in Tlingit society,1934,155,Journal Article,Tlingit,North America,Northwest Coast and California,hunter-gatherers,,"554,696",https://ehrafworldcultures.yale.edu/sres/aabec82b-d276-432e-8a73-9360a045c25f
26594f97-17c7-4245-85fa-775d8420c159,"Oberg, Kalervo, 1901-1973",Crime and punishment in Tlingit society,1934,155,Journal Article,Tlingit,North America,Northwest Coast and California,hunter-gatherers,,"535,696",https://ehrafworldcultures.yale.edu/sres/26594f97-17c7-4245-85fa-775d8420c159
84348ae2-d113-49c0-afb7-f0b08559c4e7,"Oberg, Kalervo, 1901-1973",Crime and punishment in Tlingit society,1934,155,Journal Article,Tlingit,North America,Northwest Coast and California,hunter-gatherers,,"533,535,551,696",https://ehrafworldcultures.yale.edu/sres/84348ae2-d113-49c0-afb7-f0b08559c4e7
b1786ebc-fccd-4bfe-b414-b5a22f986cc6,"Oberg, Kalervo, 1901-1973",Crime and punishment in Tlingit society,1934,156,Journal Article,Tlingit,North America,Northwest Coast and California,hunter-gatherers,,"533,535,696",https://ehrafworldcultures.yale.edu/sres/b1786ebc-fccd-4bfe-b414-b5a22f986cc6
f09ab3a7-1a51-40f0-a580-63e96376ee92,"Oberg, Kalervo, 1901-1973",Crime and punishment in Tlingit society,1934,156,Journal Article,Tlingit,North America,Northwest Coast and California,hunter-gatherers,,"533,535,696",https://ehrafworldcultures.yale.edu/sres/f09ab3a7-1a51-40f0-a580-63e96376ee92
bceed81e-392d-4c37-ab88-c077c755e343,"Emmons, George Thornton.",The Tlingit Indians,1991,53,Monograph,Tlingit,North America,Northwest Coast and California,hunter-gatherers,,"648,696",https://ehrafworldcultures.yale.edu/sres/bceed81e-392d-4c37-ab88-c077c755e343
7346c589-8cdf-4a77-9537-511856dd954d,"Knapp, Frances",The Thlinkets of southeastern Alaska,1896,136,Monograph,Tlingit,North America,Northwest Coast and California,hunter-gatherers,,"626,754,756",https://ehrafworldcultures.yale.edu/sres/7346c589-8cdf-4a77-9537-511856dd954d
74907066-8217-48e0-8b6e-7c0589805acc,"Oberg, Kalervo, 1901-1973",Crime and punishment in Tlingit society,1934,152,Journal Article,Tlingit,North America,Northwest Coast and California,hunter-gatherers,,"183,626,673",https://ehrafworldcultures.yale.edu/sres/74907066-8217-48e0-8b6e-7c0589805acc
72812ebd-2764-4921-9084-4dd33fb80384,"Oberg, Kalervo, 1901-1973",Crime and punishment in Tlingit society,1934,153,Journal Article,Tlingit,North America,Northwest Coast and California,hunter-gatherers,,"183,533,626",https://ehrafworldcultures.yale.edu/sres/72812ebd-2764-4921-9084-4dd33fb80384
b0dadf2a-546e-4dba-a105-42d89dbf0082,"Oberg, Kalervo, 1901-1973",Crime and punishment in Tlingit society,1934,154,Journal Article,Tlingit,North America,Northwest Coast and California,hunter-gatherers,,"515,623,626",https://ehrafworldcultures.yale.edu/sres/b0dadf2a-546e-4dba-a105-42d89dbf0082
698bc57e-b4b7-4e21-b385-56a05a171462,"Olson, Ronald L. (Ronald LeRoy), 1895-","Social structure and social life of the Tlingit in
         Alaska",1967,[p.3-b],Monograph,Tlingit,North America,Northwest Coast and California,hunter-gatherers,,"101,162,582,626,648",https://ehrafworldcultures.yale.edu/sres/698bc57e-b4b7-4e21-b385-56a05a171462
54c2f85e-de66-426e-aa1a-c64a9238c009,"Olson, Ronald L. (Ronald LeRoy), 1895-","Social structure and social life of the Tlingit in
         Alaska",1967,[p.5-b],Monograph,Tlingit,North America,Northwest Coast and California,hunter-gatherers,,"554,592,614,626,692",https://ehrafworldcultures.yale.edu/sres/54c2f85e-de66-426e-aa1a-c64a9238c009
5afc8f43-88c6-4729-8585-03545b6397d7,"Olson, Ronald L. (Ronald LeRoy), 1895-","Social structure and social life of the Tlingit in
         Alaska",1967,[p.11-b],Monograph,Tlingit,North America,Northwest Coast and California,hunter-gatherers,,"461,558,626",https://ehrafworldcultures.yale.edu/sres/5afc8f43-88c6-4729-8585-03545b6397d7
7b6d349a-dea2-4ec4-b522-4c07a728ad77,"Olson, Ronald L. (Ronald LeRoy), 1895-","Social structure and social life of the Tlingit in
         Alaska",1967,[p.22-a],Monograph,Tlingit,North America,Northwest Coast and California,hunter-gatherers,,"304,556,587,614,626,796",https://ehrafworldcultures.yale.edu/sres/7b6d349a-dea2-4ec4-b522-4c07a728ad77
dde249db-b579-401c-ae92-2f9280756d79,"Olson, Ronald L. (Ronald LeRoy), 1895-","Social structure and social life of the Tlingit in
         Alaska",1967,[p.28-b],Monograph,Tlingit,North America,Northwest Coast and California,hunter-gatherers,,"614,626,829",https://ehrafworldcultures.yale.edu/sres/dde249db-b579-401c-ae92-2f9280756d79
53bed3bd-b991-4bc4-91fd-da2c0f4e2ee0,"Tollefson, Kenneth D.","Potlatching and political organization among the Northwest
         Coast Indians",1995,55,Journal Article,Tlingit,North America,Northwest Coast and California,hunter-gatherers,,"565,604,611,614,626,702",https://ehrafworldcultures.yale.edu/sres/53bed3bd-b991-4bc4-91fd-da2c0f4e2ee0
d3455255-d02d-47d7-be68-8b95344d924e,"Tollefson, Kenneth D.","Potlatching and political organization among the Northwest
         Coast Indians",1995,56,Journal Article,Tlingit,North America,Northwest Coast and California,hunter-gatherers,,"567,614,626,721",https://ehrafworldcultures.yale.edu/sres/d3455255-d02d-47d7-be68-8b95344d924e
51e51e65-a411-4aae-a898-87ecfba9ed1d,"Tollefson, Kenneth D.","Potlatching and political organization among the Northwest
         Coast Indians",1995,57,Journal Article,Tlingit,North America,Northwest Coast and California,hunter-gatherers,,"614,622,626",https://ehrafworldcultures.yale.edu/sres/51e51e65-a411-4aae-a898-87ecfba9ed1d
f496799a-5847-470c-9a57-cafc971e65e2,"Tollefson, Kenneth D.","Potlatching and political organization among the Northwest
         Coast Indians",1995,58,Journal Article,Tlingit,North America,Northwest Coast and California,hunter-gatherers,,"121,611,623,626",https://ehrafworldcultures.yale.edu/sres/f496799a-5847-470c-9a57-cafc971e65e2
2228670c-bd59-437b-b16c-685fef943f75,"Tollefson, Kenneth D.","Potlatching and political organization among the Northwest
         Coast Indians",1995,58,Journal Article,Tlingit,North America,Northwest Coast and California,hunter-gatherers,,"592,614,626,628",https://ehrafworldcultures.yale.edu/sres/2228670c-bd59-437b-b16c-685fef943f75
7348bc00-28c8-42f3-b21f-e71ac4772d8a,"Tollefson, Kenneth D.","Potlatching and political organization among the Northwest
         Coast Indians",1995,59,Journal Article,Tlingit,North America,Northwest Coast and California,hunter-gatherers,,"121,554,614,626,772",https://ehrafworldcultures.yale.edu/sres/7348bc00-28c8-42f3-b21f-e71ac4772d8a
4b27794c-77a6-4106-8efc-d9ace76fda77,"Tollefson, Kenneth D.","Potlatching and political organization among the Northwest
         Coast Indians",1995,66,Journal Article,Tlingit,North America,Northwest Coast and California,hunter-gatherers,,"431,607,614,626",https://ehrafworldcultures.yale.edu/sres/4b27794c-77a6-4106-8efc-d9ace76fda77
41bb1b13-9914-41d7-8d41-ecbef05b0a1a,"Tollefson, Kenneth D.","Potlatching and political organization among the Northwest
         Coast Indians",1995,66,Journal Article,Tlingit,North America,Northwest Coast and California,hunter-gatherers,,"431,607,614,626",https://ehrafworldcultures.yale.edu/sres/41bb1b13-9914-41d7-8d41-ecbef05b0a1a
d69b89a0-3952-4961-8fb6-717db16710e0,"Jonaitis, Aldona, 1948-",Art of the northern Tlingit,1986,22,Monograph,Tlingit,North America,Northwest Coast and California,hunter-gatherers,,"000,293,533,535,626,714",https://ehrafworldcultures.yale.edu/sres/d69b89a0-3952-4961-8fb6-717db16710e0
1490dcac-cf9a-47f4-b04a-577bec13da09,"Tollefson, Kenneth D.",Culture summary: Tlingit,1997,5,Manuscript,Tlingit,North America,Northwest Coast and California,hunter-gatherers,,"626,632",https://ehrafworldcultures.yale.edu/sres/1490dcac-cf9a-47f4-b04a-577bec13da09
bede6323-f6ee-43b5-a35d-90a465742d6b,"Tollefson, Kenneth D.","The cultural foundation of political revitalization among the
         Tlingit",1976,154,"Component part(s), monograph",Tlingit,North America,Northwest Coast and California,hunter-gatherers,,"211,424,431,533,614,626,771",https://ehrafworldcultures.yale.edu/sres/bede6323-f6ee-43b5-a35d-90a465742d6b
0ff358ab-45c3-4212-8833-f6626a1a925b,"Jones, Livingston French, 1865-1928",A study of the Thlingets of Alaska,1914,130,Monograph,Tlingit,North America,Northwest Coast and California,hunter-gatherers,,"586,587,626",https://ehrafworldcultures.yale.edu/sres/0ff358ab-45c3-4212-8833-f6626a1a925b
3918ac58-c3f4-4bf0-99ff-358f38e0d0bd,"Jones, Livingston French, 1865-1928",A study of the Thlingets of Alaska,1914,130,Monograph,Tlingit,North America,Northwest Coast and California,hunter-gatherers,,"588,626",https://ehrafworldcultures.yale.edu/sres/3918ac58-c3f4-4bf0-99ff-358f38e0d0bd
dc38b1e3-a03e-4005-b4ae-dd957e4bf136,"Jones, Livingston French, 1865-1928",A study of the Thlingets of Alaska,1914,136,Monograph,Tlingit,North America,Northwest Coast and California,hunter-gatherers,,"554,574,626,764",https://ehrafworldcultures.yale.edu/sres/dc38b1e3-a03e-4005-b4ae-dd957e4bf136
cb76ea2d-467f-48f6-9da0-ec47e4c85370,"Jones, Livingston French, 1865-1928",A study of the Thlingets of Alaska,1914,146,Monograph,Tlingit,North America,Northwest Coast and California,hunter-gatherers,,626,https://ehrafworldcultures.yale.edu/sres/cb76ea2d-467f-48f6-9da0-ec47e4c85370
c0d728ac-c562-481a-8d72-e071244924aa,"Jones, Livingston French, 1865-1928",A study of the Thlingets of Alaska,1914,148,Monograph,Tlingit,North America,Northwest Coast and California,hunter-gatherers,,"574,626,643,764",https://ehrafworldcultures.yale.edu/sres/c0d728ac-c562-481a-8d72-e071244924aa
4f6f27e4-eca1-470f-9c8f-f17713d34338,"Jones, Livingston French, 1865-1928",A study of the Thlingets of Alaska,1914,182,Monograph,Tlingit,North America,Northwest Coast and California,hunter-gatherers,,"539,626,821",https://ehrafworldcultures.yale.edu/sres/4f6f27e4-eca1-470f-9c8f-f17713d34338
aeae3b1c-9192-48e4-a47c-73376242de64,"Jones, Livingston French, 1865-1928",A study of the Thlingets of Alaska,1914,183,Monograph,Tlingit,North America,Northwest Coast and California,hunter-gatherers,,"539,626",https://ehrafworldcultures.yale.edu/sres/aeae3b1c-9192-48e4-a47c-73376242de64
1abf5eed-9cab-45a7-a650-f406d5f0acef,"Jones, Livingston French, 1865-1928",A study of the Thlingets of Alaska,1914,183,Monograph,Tlingit,North America,Northwest Coast and California,hunter-gatherers,,"539,626",https://ehrafworldcultures.yale.edu/sres/1abf5eed-9cab-45a7-a650-f406d5f0acef
31d030ac-072a-4f64-ac44-61e8504ab292,"Jones, Livingston French, 1865-1928",A study of the Thlingets of Alaska,1914,183,Monograph,Tlingit,North America,Northwest Coast and California,hunter-gatherers,,"538,626",https://ehrafworldcultures.yale.edu/sres/31d030ac-072a-4f64-ac44-61e8504ab292
90a1f37b-5342-4a33-b4bd-ff108190b87f,"Jones, Livingston French, 1865-1928",A study of the Thlingets of Alaska,1914,199,Monograph,Tlingit,North America,Northwest Coast and California,hunter-gatherers,,"431,577,626",https://ehrafworldcultures.yale.edu/sres/90a1f37b-5342-4a33-b4bd-ff108190b87f
ce6bcf35-8d4a-4481-95ea-3b20d4930118,"Jones, Livingston French, 1865-1928",A study of the Thlingets of Alaska,1914,213,Monograph,Tlingit,North America,Northwest Coast and California,hunter-gatherers,,"582,626",https://ehrafworldcultures.yale.edu/sres/ce6bcf35-8d4a-4481-95ea-3b20d4930118
5dc4d4bd-92ee-4ef3-a2f0-f9aa0e087ab8,"Emmons, George Thornton.",The Tlingit Indians,1991,17,Monograph,Tlingit,North America,Northwest Coast and California,hunter-gatherers,,"431,554,626",https://ehrafworldcultures.yale.edu/sres/5dc4d4bd-92ee-4ef3-a2f0-f9aa0e087ab8
6552fa44-236c-4c1e-8bc9-8a5d55d90ca2,"Emmons, George Thornton.",The Tlingit Indians,1991,396,Monograph,Tlingit,North America,Northwest Coast and California,hunter-gatherers,,"554,626,756",https://ehrafworldcultures.yale.edu/sres/6552fa44-236c-4c1e-8bc9-8a5d55d90ca2
5943d733-2bf2-43f4-831b-ea2d63f9951b,"Oberg, Kalervo, 1901-1973",The social economy of the Tlingit Indians,9999,82,Monograph,Tlingit,North America,Northwest Coast and California,hunter-gatherers,,"431,554,626",https://ehrafworldcultures.yale.edu/sres/5943d733-2bf2-43f4-831b-ea2d63f9951b
7c67c703-cc99-46e4-9514-4390f1e6c3b5,"Klein, Laura F. (Frances), 1946-",Tlingit women and town politics,1975,72,Monograph,Tlingit,North America,Northwest Coast and California,hunter-gatherers,,"574,582,611,616,626",https://ehrafworldcultures.yale.edu/sres/7c67c703-cc99-46e4-9514-4390f1e6c3b5
741a2a36-02a2-4cb9-9543-24bc65539cc1,"Klein, Laura F. (Frances), 1946-",Tlingit women and town politics,1975,74,Monograph,Tlingit,North America,Northwest Coast and California,hunter-gatherers,,"114,184,574,582,611,614,615,616,626",https://ehrafworldcultures.yale.edu/sres/741a2a36-02a2-4cb9-9543-24bc65539cc1
c818d4c1-3a00-4469-81ef-448940c921a2,"Klein, Laura F. (Frances), 1946-",Tlingit women and town politics,1975,212,Monograph,Tlingit,North America,Northwest Coast and California,hunter-gatherers,,"000,178,591,592,593,626",https://ehrafworldcultures.yale.edu/sres/c818d4c1-3a00-4469-81ef-448940c921a2
a1a56098-d6dc-4820-8f09-512eede54c0d,"Klein, Laura F. (Frances), 1946-",Tlingit women and town politics,1975,213,Monograph,Tlingit,North America,Northwest Coast and California,hunter-gatherers,,"580,581,586,587,588,626",https://ehrafworldcultures.yale.edu/sres/a1a56098-d6dc-4820-8f09-512eede54c0d
ab60171d-d402-4581-bbe5-560f9fb4fb52,"Klein, Laura F. (Frances), 1946-",Tlingit women and town politics,1975,249,Monograph,Tlingit,North America,Northwest Coast and California,hunter-gatherers,,"275,575,626,888",https://ehrafworldcultures.yale.edu/sres/ab60171d-d402-4581-bbe5-560f9fb4fb52
6fdcc095-41fd-4db1-8d38-e69cba6886c4,"Klein, Laura F. (Frances), 1946-",Tlingit women and town politics,1975,250,Monograph,Tlingit,North America,Northwest Coast and California,hunter-gatherers,,"344,374,575,626,888",https://ehrafworldcultures.yale.edu/sres/6fdcc095-41fd-4db1-8d38-e69cba6886c4
35663959-db92-4fc0-84ef-74d66f156dde,"Klein, Laura F. (Frances), 1946-",Tlingit women and town politics,1975,251,Monograph,Tlingit,North America,Northwest Coast and California,hunter-gatherers,,"431,626,887,888",https://ehrafworldcultures.yale.edu/sres/35663959-db92-4fc0-84ef-74d66f156dde
5063408d-e506-4e70-8a6d-22652ca65b91,"Klein, Laura F. (Frances), 1946-",Tlingit women and town politics,1975,251,Monograph,Tlingit,North America,Northwest Coast and California,hunter-gatherers,,"177,575,626,657,784,888",https://ehrafworldcultures.yale.edu/sres/5063408d-e506-4e70-8a6d-22652ca65b91
2fd1747b-5cf9-4726-aac5-ce655ae97577,"De Laguna, Frederica, 1906-2204","Under Mount Saint Elias: the history and culture of the
         Yakutat Tlingit",1972,[p.487-a],Monograph,Tlingit,North America,Northwest Coast and California,hunter-gatherers,,"602,614,626",https://ehrafworldcultures.yale.edu/sres/2fd1747b-5cf9-4726-aac5-ce655ae97577
202332ee-2544-441c-a779-cec0dafbb5ce,"De Laguna, Frederica, 1906-2204","Under Mount Saint Elias: the history and culture of the
         Yakutat Tlingit",1972,[p.736-a],Monograph,Tlingit,North America,Northwest Coast and California,hunter-gatherers,,"626,754",https://ehrafworldcultures.yale.edu/sres/202332ee-2544-441c-a779-cec0dafbb5ce
02d6aee9-d595-44d7-8605-6b72226f79ae,"Knapp, Frances",The Thlinkets of southeastern Alaska,1896,40,Monograph,Tlingit,North America,Northwest Coast and California,hunter-gatherers,,"431,578,627",https://ehrafworldcultures.yale.edu/sres/02d6aee9-d595-44d7-8605-6b72226f79ae
7e8a5994-7724-4e0b-942f-5fb01f486acd,"Knapp, Frances",The Thlinkets of southeastern Alaska,1896,41,Monograph,Tlingit,North America,Northwest Coast and California,hunter-gatherers,,"627,776,783",https://ehrafworldcultures.yale.edu/sres/7e8a5994-7724-4e0b-942f-5fb01f486acd
f280ad63-a2a2-43cf-93db-192f19c830b6,"Knapp, Frances",The Thlinkets of southeastern Alaska,1896,41,Monograph,Tlingit,North America,Northwest Coast and California,hunter-gatherers,,627,https://ehrafworldcultures.yale.edu/sres/f280ad63-a2a2-43cf-93db-192f19c830b6
4ac8c987-767d-4633-ba32-08d6477e418e,"Knapp, Frances",The Thlinkets of southeastern Alaska,1896,[p.46],Monograph,Tlingit,North America,Northwest Coast and California,hunter-gatherers,,"578,627",https://ehrafworldcultures.yale.edu/sres/4ac8c987-767d-4633-ba32-08d6477e418e
a716e751-222a-4231-8e65-4877ae6ae62c,"Knapp, Frances",The Thlinkets of southeastern Alaska,1896,[p.46],Monograph,Tlingit,North America,Northwest Coast and California,hunter-gatherers,,"627,761",https://ehrafworldcultures.yale.edu/sres/a716e751-222a-4231-8e65-4877ae6ae62c
83cbf25e-e139-48cf-8b23-11733c2db2d8,"Knapp, Frances",The Thlinkets of southeastern Alaska,1896,[p.46],Monograph,Tlingit,North America,Northwest Coast and California,hunter-gatherers,,"627,761",https://ehrafworldcultures.yale.edu/sres/83cbf25e-e139-48cf-8b23-11733c2db2d8
31500a22-1e6b-427d-beda-16ba1aee00c9,"Knapp, Frances",The Thlinkets of southeastern Alaska,1896,47,Monograph,Tlingit,North America,Northwest Coast and California,hunter-gatherers,,"627,761",https://ehrafworldcultures.yale.edu/sres/31500a22-1e6b-427d-beda-16ba1aee00c9
22d9f44d-3454-4381-b9ad-d084c30c8462,"Knapp, Frances",The Thlinkets of southeastern Alaska,1896,47,Monograph,Tlingit,North America,Northwest Coast and California,hunter-gatherers,,"627,761",https://ehrafworldcultures.yale.edu/sres/22d9f44d-3454-4381-b9ad-d084c30c8462
3378082d-7621-4c05-a30c-0425398dcffc,"Knapp, Frances",The Thlinkets of southeastern Alaska,1896,47,Monograph,Tlingit,North America,Northwest Coast and California,hunter-gatherers,,"627,761",https://ehrafworldcultures.yale.edu/sres/3378082d-7621-4c05-a30c-0425398dcffc
ec7f2032-dcdc-4a6e-bb97-5a6b028f9ec3,"Knapp, Frances",The Thlinkets of southeastern Alaska,1896,47,Monograph,Tlingit,North America,Northwest Coast and California,hunter-gatherers,,627,https://ehrafworldcultures.yale.edu/sres/ec7f2032-dcdc-4a6e-bb97-5a6b028f9ec3
5f9dfab3-c0f4-457e-887b-e2c8679c5025,"Knapp, Frances",The Thlinkets of southeastern Alaska,1896,48,Monograph,Tlingit,North America,Northwest Coast and California,hunter-gatherers,,627,https://ehrafworldcultures.yale.edu/sres/5f9dfab3-c0f4-457e-887b-e2c8679c5025
7864bef9-c734-4618-b78e-b2433e728138,"Knapp, Frances",The Thlinkets of southeastern Alaska,1896,48,Monograph,Tlingit,North America,Northwest Coast and California,hunter-gatherers,,627,https://ehrafworldcultures.yale.edu/sres/7864bef9-c734-4618-b78e-b2433e728138
4482052c-3cbb-4738-999a-48504740c4f3,"Knapp, Frances",The Thlinkets of southeastern Alaska,1896,48,Monograph,Tlingit,North America,Northwest Coast and California,hunter-gatherers,,627,https://ehrafworldcultures.yale.edu/sres/4482052c-3cbb-4738-999a-48504740c4f3
67e36207-53b1-460c-abbe-8f217a847cca,"Knapp, Frances",The Thlinkets of southeastern Alaska,1896,48,Monograph,Tlingit,North America,Northwest Coast and California,hunter-gatherers,,627,https://ehrafworldcultures.yale.edu/sres/67e36207-53b1-460c-abbe-8f217a847cca
b5a56c50-3a13-4ef3-9b32-4d1cfa50c2ec,"Knapp, Frances",The Thlinkets of southeastern Alaska,1896,48,Monograph,Tlingit,North America,Northwest Coast and California,hunter-gatherers,,627,https://ehrafworldcultures.yale.edu/sres/b5a56c50-3a13-4ef3-9b32-4d1cfa50c2ec
9b70132f-fc86-4545-a6b3-1332fb89a6b0,"Knapp, Frances",The Thlinkets of southeastern Alaska,1896,49,Monograph,Tlingit,North America,Northwest Coast and California,hunter-gatherers,,627,https://ehrafworldcultures.yale.edu/sres/9b70132f-fc86-4545-a6b3-1332fb89a6b0
45282d85-7f4a-4d8d-8122-18a9d94e8b49,"Knapp, Frances",The Thlinkets of southeastern Alaska,1896,49,Monograph,Tlingit,North America,Northwest Coast and California,hunter-gatherers,,627,https://ehrafworldcultures.yale.edu/sres/45282d85-7f4a-4d8d-8122-18a9d94e8b49
127105a8-0a83-4263-a2bd-362a11a7e99b,"Knapp, Frances",The Thlinkets of southeastern Alaska,1896,50,Monograph,Tlingit,North America,Northwest Coast and California,hunter-gatherers,,627,https://ehrafworldcultures.yale.edu/sres/127105a8-0a83-4263-a2bd-362a11a7e99b
3b7a1df0-25b0-4971-b65e-49fee48e4d8e,"Knapp, Frances",The Thlinkets of southeastern Alaska,1896,50,Monograph,Tlingit,North America,Northwest Coast and California,hunter-gatherers,,627,https://ehrafworldcultures.yale.edu/sres/3b7a1df0-25b0-4971-b65e-49fee48e4d8e
757e7fc2-2985-4b36-a7d7-c1f0a27d0878,"Knapp, Frances",The Thlinkets of southeastern Alaska,1896,51,Monograph,Tlingit,North America,Northwest Coast and California,hunter-gatherers,,"627,672,673",https://ehrafworldcultures.yale.edu/sres/757e7fc2-2985-4b36-a7d7-c1f0a27d0878
a02564ea-3ab5-4a9e-bf01-ecfa0e6f2d7f,"Knapp, Frances",The Thlinkets of southeastern Alaska,1896,51,Monograph,Tlingit,North America,Northwest Coast and California,hunter-gatherers,,"627,672,673",https://ehrafworldcultures.yale.edu/sres/a02564ea-3ab5-4a9e-bf01-ecfa0e6f2d7f
16ec60c0-7f1f-4c6a-b067-af3c119e4437,"Knapp, Frances",The Thlinkets of southeastern Alaska,1896,52,Monograph,Tlingit,North America,Northwest Coast and California,hunter-gatherers,,"627,672,673",https://ehrafworldcultures.yale.edu/sres/16ec60c0-7f1f-4c6a-b067-af3c119e4437
d8764c90-adcd-4663-90ce-ff70522864bf,"Knapp, Frances",The Thlinkets of southeastern Alaska,1896,52,Monograph,Tlingit,North America,Northwest Coast and California,hunter-gatherers,,"627,672,673",https://ehrafworldcultures.yale.edu/sres/d8764c90-adcd-4663-90ce-ff70522864bf
15291cfa-7b58-4706-81ae-27ebd480bc62,"Knapp, Frances",The Thlinkets of southeastern Alaska,1896,52,Monograph,Tlingit,North America,Northwest Coast and California,hunter-gatherers,,"627,672,673",https://ehrafworldcultures.yale.edu/sres/15291cfa-7b58-4706-81ae-27ebd480bc62
521bdf79-7e7d-45ac-8e43-b3fb8f7ae8a4,"Knapp, Frances",The Thlinkets of southeastern Alaska,1896,53,Monograph,Tlingit,North America,Northwest Coast and California,hunter-gatherers,,627,https://ehrafworldcultures.yale.edu/sres/521bdf79-7e7d-45ac-8e43-b3fb8f7ae8a4
9deb8aa6-4b22-4a01-be63-7ce1843d35d7,"Knapp, Frances",The Thlinkets of southeastern Alaska,1896,53,Monograph,Tlingit,North America,Northwest Coast and California,hunter-gatherers,,"533,627",https://ehrafworldcultures.yale.edu/sres/9deb8aa6-4b22-4a01-be63-7ce1843d35d7
9fb387cf-ad02-4054-9e5c-36dd5fa60635,"Knapp, Frances",The Thlinkets of southeastern Alaska,1896,53,Monograph,Tlingit,North America,Northwest Coast and California,hunter-gatherers,,627,https://ehrafworldcultures.yale.edu/sres/9fb387cf-ad02-4054-9e5c-36dd5fa60635
5ae941ed-4a6c-45f8-9860-07f705397fb6,"Knapp, Frances",The Thlinkets of southeastern Alaska,1896,53,Monograph,Tlingit,North America,Northwest Coast and California,hunter-gatherers,,627,https://ehrafworldcultures.yale.edu/sres/5ae941ed-4a6c-45f8-9860-07f705397fb6
a0f8dd78-39fb-4be7-8611-dc659ee70e11,"Knapp, Frances",The Thlinkets of southeastern Alaska,1896,53,Monograph,Tlingit,North America,Northwest Coast and California,hunter-gatherers,,"522,627",https://ehrafworldcultures.yale.edu/sres/a0f8dd78-39fb-4be7-8611-dc659ee70e11
0fb65e47-3bd9-4b63-83b5-e7f5102456a5,"Knapp, Frances",The Thlinkets of southeastern Alaska,1896,54,Monograph,Tlingit,North America,Northwest Coast and California,hunter-gatherers,,"522,627",https://ehrafworldcultures.yale.edu/sres/0fb65e47-3bd9-4b63-83b5-e7f5102456a5
b8bc54d1-ae70-424c-a03c-4fd390fd3e98,"Knapp, Frances",The Thlinkets of southeastern Alaska,1896,54,Monograph,Tlingit,North America,Northwest Coast and California,hunter-gatherers,,"522,627",https://ehrafworldcultures.yale.edu/sres/b8bc54d1-ae70-424c-a03c-4fd390fd3e98
d40e74da-d6b8-427a-a56f-f5801fc60abb,"Knapp, Frances",The Thlinkets of southeastern Alaska,1896,54,Monograph,Tlingit,North America,Northwest Coast and California,hunter-gatherers,,"522,627",https://ehrafworldcultures.yale.edu/sres/d40e74da-d6b8-427a-a56f-f5801fc60abb
311e017b-3be2-4511-a4a7-a68833dcd77f,"Knapp, Frances",The Thlinkets of southeastern Alaska,1896,54,Monograph,Tlingit,North America,Northwest Coast and California,hunter-gatherers,,"522,627",https://ehrafworldcultures.yale.edu/sres/311e017b-3be2-4511-a4a7-a68833dcd77f
15000a01-ff48-47c3-af8d-e1f6e9eeb3f5,"Knapp, Frances",The Thlinkets of southeastern Alaska,1896,54,Monograph,Tlingit,North America,Northwest Coast and California,hunter-gatherers,,"522,627",https://ehrafworldcultures.yale.edu/sres/15000a01-ff48-47c3-af8d-e1f6e9eeb3f5
c590f596-1374-4d4b-bbaa-9608045617f9,"Knapp, Frances",The Thlinkets of southeastern Alaska,1896,54,Monograph,Tlingit,North America,Northwest Coast and California,hunter-gatherers,,"522,627",https://ehrafworldcultures.yale.edu/sres/c590f596-1374-4d4b-bbaa-9608045617f9
fea2c817-1a45-4e2c-b955-cc50578c1a87,"Knapp, Frances",The Thlinkets of southeastern Alaska,1896,54,Monograph,Tlingit,North America,Northwest Coast and California,hunter-gatherers,,627,https://ehrafworldcultures.yale.edu/sres/fea2c817-1a45-4e2c-b955-cc50578c1a87
2ac5b085-2b8c-4067-8a01-262c1351dab0,"Knapp, Frances",The Thlinkets of southeastern Alaska,1896,54,Monograph,Tlingit,North America,Northwest Coast and California,hunter-gatherers,,627,https://ehrafworldcultures.yale.edu/sres/2ac5b085-2b8c-4067-8a01-262c1351dab0
096d70e7-17ff-4dd1-a1b9-e99f007bb67a,"Knapp, Frances",The Thlinkets of southeastern Alaska,1896,54,Monograph,Tlingit,North America,Northwest Coast and California,hunter-gatherers,,627,https://ehrafworldcultures.yale.edu/sres/096d70e7-17ff-4dd1-a1b9-e99f007bb67a
03c2ddbb-9a18-4be1-8897-0f285082c37b,"Knapp, Frances",The Thlinkets of southeastern Alaska,1896,55,Monograph,Tlingit,North America,Northwest Coast and California,hunter-gatherers,,627,https://ehrafworldcultures.yale.edu/sres/03c2ddbb-9a18-4be1-8897-0f285082c37b
b2899ff6-e816-465b-8bdd-6e0ed94c767c,"Knapp, Frances",The Thlinkets of southeastern Alaska,1896,55,Monograph,Tlingit,North America,Northwest Coast and California,hunter-gatherers,,627,https://ehrafworldcultures.yale.edu/sres/b2899ff6-e816-465b-8bdd-6e0ed94c767c
0a767746-f227-48d3-a124-aafdcdaa5940,"Knapp, Frances",The Thlinkets of southeastern Alaska,1896,55,Monograph,Tlingit,North America,Northwest Coast and California,hunter-gatherers,,627,https://ehrafworldcultures.yale.edu/sres/0a767746-f227-48d3-a124-aafdcdaa5940
72dae495-a720-4798-afc3-d8f2e89b39ed,"Knapp, Frances",The Thlinkets of southeastern Alaska,1896,55,Monograph,Tlingit,North America,Northwest Coast and California,hunter-gatherers,,627,https://ehrafworldcultures.yale.edu/sres/72dae495-a720-4798-afc3-d8f2e89b39ed
a52aacc5-7fba-40d7-bbaa-bfc9a0b3a247,"Knapp, Frances",The Thlinkets of southeastern Alaska,1896,56,Monograph,Tlingit,North America,Northwest Coast and California,hunter-gatherers,,"627,672",https://ehrafworldcultures.yale.edu/sres/a52aacc5-7fba-40d7-bbaa-bfc9a0b3a247
a8bf881a-8dd2-46fe-ad64-808b96f543bb,"Knapp, Frances",The Thlinkets of southeastern Alaska,1896,56,Monograph,Tlingit,North America,Northwest Coast and California,hunter-gatherers,,"627,672",https://ehrafworldcultures.yale.edu/sres/a8bf881a-8dd2-46fe-ad64-808b96f543bb
13143646-bb11-4646-8f5c-357bbd26fd8c,"Knapp, Frances",The Thlinkets of southeastern Alaska,1896,56,Monograph,Tlingit,North America,Northwest Coast and California,hunter-gatherers,,"627,672",https://ehrafworldcultures.yale.edu/sres/13143646-bb11-4646-8f5c-357bbd26fd8c
c0c5d32b-822f-4ff3-8bb2-538b69021554,"Knapp, Frances",The Thlinkets of southeastern Alaska,1896,56,Monograph,Tlingit,North America,Northwest Coast and California,hunter-gatherers,,"627,672",https://ehrafworldcultures.yale.edu/sres/c0c5d32b-822f-4ff3-8bb2-538b69021554
36cf0bd5-6aaf-406b-8f99-6042a44041f7,"Knapp, Frances",The Thlinkets of southeastern Alaska,1896,56,Monograph,Tlingit,North America,Northwest Coast and California,hunter-gatherers,,"627,672",https://ehrafworldcultures.yale.edu/sres/36cf0bd5-6aaf-406b-8f99-6042a44041f7
50c96fcc-54fd-4f6e-99b2-a7a2eb23a35e,"Knapp, Frances",The Thlinkets of southeastern Alaska,1896,56,Monograph,Tlingit,North America,Northwest Coast and California,hunter-gatherers,,"627,672",https://ehrafworldcultures.yale.edu/sres/50c96fcc-54fd-4f6e-99b2-a7a2eb23a35e
9a9776dc-8263-47f6-9ca9-81255076a1b6,"Knapp, Frances",The Thlinkets of southeastern Alaska,1896,57,Monograph,Tlingit,North America,Northwest Coast and California,hunter-gatherers,,"627,672",https://ehrafworldcultures.yale.edu/sres/9a9776dc-8263-47f6-9ca9-81255076a1b6
0a768728-0b8e-479e-9984-a23ee38862bd,"Knapp, Frances",The Thlinkets of southeastern Alaska,1896,57,Monograph,Tlingit,North America,Northwest Coast and California,hunter-gatherers,,"627,672",https://ehrafworldcultures.yale.edu/sres/0a768728-0b8e-479e-9984-a23ee38862bd
3b2fdad5-9e5a-4565-b2bd-9af1519bc8ec,"Knapp, Frances",The Thlinkets of southeastern Alaska,1896,57,Monograph,Tlingit,North America,Northwest Coast and California,hunter-gatherers,,"627,672",https://ehrafworldcultures.yale.edu/sres/3b2fdad5-9e5a-4565-b2bd-9af1519bc8ec
1b7b3623-40d6-40f3-b85c-89979e11f301,"Olson, Ronald L. (Ronald LeRoy), 1895-","Social structure and social life of the Tlingit in
         Alaska",1967,[p.17-c],Monograph,Tlingit,North America,Northwest Coast and California,hunter-gatherers,,"562,578,627",https://ehrafworldcultures.yale.edu/sres/1b7b3623-40d6-40f3-b85c-89979e11f301
16451088-3caf-4a1e-aac8-8b33875a1e7d,"Olson, Ronald L. (Ronald LeRoy), 1895-","Social structure and social life of the Tlingit in
         Alaska",1967,[p.17-c],Monograph,Tlingit,North America,Northwest Coast and California,hunter-gatherers,,"578,627",https://ehrafworldcultures.yale.edu/sres/16451088-3caf-4a1e-aac8-8b33875a1e7d
d919d21a-3100-4ff4-9257-9493ba2d94d6,"Olson, Ronald L. (Ronald LeRoy), 1895-","Social structure and social life of the Tlingit in
         Alaska",1967,[p.17-c],Monograph,Tlingit,North America,Northwest Coast and California,hunter-gatherers,,"574,627",https://ehrafworldcultures.yale.edu/sres/d919d21a-3100-4ff4-9257-9493ba2d94d6
986eb17c-a0b0-4757-82c0-d07e31f0a35f,"Olson, Ronald L. (Ronald LeRoy), 1895-","Social structure and social life of the Tlingit in
         Alaska",1967,[p.17-c],Monograph,Tlingit,North America,Northwest Coast and California,hunter-gatherers,,"554,562,578,616,627,796",https://ehrafworldcultures.yale.edu/sres/986eb17c-a0b0-4757-82c0-d07e31f0a35f
43be54f7-9587-4d46-b2e2-ca7c56b5f514,"Olson, Ronald L. (Ronald LeRoy), 1895-","Social structure and social life of the Tlingit in
         Alaska",1967,[p.17-d],Monograph,Tlingit,North America,Northwest Coast and California,hunter-gatherers,,"554,627",https://ehrafworldcultures.yale.edu/sres/43be54f7-9587-4d46-b2e2-ca7c56b5f514
2fdcc7d9-1437-45e9-ab17-977ec48d808d,"Olson, Ronald L. (Ronald LeRoy), 1895-","Social structure and social life of the Tlingit in
         Alaska",1967,[p.17-d],Monograph,Tlingit,North America,Northwest Coast and California,hunter-gatherers,,"431,574,614,627",https://ehrafworldcultures.yale.edu/sres/2fdcc7d9-1437-45e9-ab17-977ec48d808d
bd1ca8b3-c6c6-49cb-9b2d-ca098b703e26,"Olson, Ronald L. (Ronald LeRoy), 1895-","Social structure and social life of the Tlingit in
         Alaska",1967,[p.17-d],Monograph,Tlingit,North America,Northwest Coast and California,hunter-gatherers,,"195,431,574,614,627",https://ehrafworldcultures.yale.edu/sres/bd1ca8b3-c6c6-49cb-9b2d-ca098b703e26
7a06ed7c-f5da-425e-a61c-80330babc5a9,"Olson, Ronald L. (Ronald LeRoy), 1895-","Social structure and social life of the Tlingit in
         Alaska",1967,[p.17-d],Monograph,Tlingit,North America,Northwest Coast and California,hunter-gatherers,,"159,165,431,614,627,672",https://ehrafworldcultures.yale.edu/sres/7a06ed7c-f5da-425e-a61c-80330babc5a9
88b46f09-5c3f-4c0d-bc48-17a268b401b7,"Olson, Ronald L. (Ronald LeRoy), 1895-","Social structure and social life of the Tlingit in
         Alaska",1967,[p.18-a],Monograph,Tlingit,North America,Northwest Coast and California,hunter-gatherers,,"423,578,604,614,627",https://ehrafworldcultures.yale.edu/sres/88b46f09-5c3f-4c0d-bc48-17a268b401b7
b097d65e-3366-4248-85f5-4dadebe49026,"Olson, Ronald L. (Ronald LeRoy), 1895-","Social structure and social life of the Tlingit in
         Alaska",1967,[p.18-a],Monograph,Tlingit,North America,Northwest Coast and California,hunter-gatherers,,"562,574,578,614,627",https://ehrafworldcultures.yale.edu/sres/b097d65e-3366-4248-85f5-4dadebe49026
34fe945c-082e-4993-b412-114e6f7c1e67,"Olson, Ronald L. (Ronald LeRoy), 1895-","Social structure and social life of the Tlingit in
         Alaska",1967,[p.18-a],Monograph,Tlingit,North America,Northwest Coast and California,hunter-gatherers,,"539,578,627,852,858,867",https://ehrafworldcultures.yale.edu/sres/34fe945c-082e-4993-b412-114e6f7c1e67
7bb767ed-e5d7-411a-be94-28b32cfa573e,"Olson, Ronald L. (Ronald LeRoy), 1895-","Social structure and social life of the Tlingit in
         Alaska",1967,[p.20-b],Monograph,Tlingit,North America,Northwest Coast and California,hunter-gatherers,,"178,431,627,832,835",https://ehrafworldcultures.yale.edu/sres/7bb767ed-e5d7-411a-be94-28b32cfa573e
d125c187-69ec-4ce2-a7b8-cd8984e0bf98,"Olson, Ronald L. (Ronald LeRoy), 1895-","Social structure and social life of the Tlingit in
         Alaska",1967,[p.39-a],Monograph,Tlingit,North America,Northwest Coast and California,hunter-gatherers,,"578,614,627",https://ehrafworldcultures.yale.edu/sres/d125c187-69ec-4ce2-a7b8-cd8984e0bf98
aeeed9e3-df2a-465d-8770-3a8ff7d19cfb,"Olson, Ronald L. (Ronald LeRoy), 1895-","Social structure and social life of the Tlingit in
         Alaska",1967,[p.41-b],Monograph,Tlingit,North America,Northwest Coast and California,hunter-gatherers,,"173,627",https://ehrafworldcultures.yale.edu/sres/aeeed9e3-df2a-465d-8770-3a8ff7d19cfb
95a34d6e-60df-48b0-96de-df5dfcb7b7a4,"Olson, Ronald L. (Ronald LeRoy), 1895-","Social structure and social life of the Tlingit in
         Alaska",1967,[p.41-b],Monograph,Tlingit,North America,Northwest Coast and California,hunter-gatherers,,"173,627",https://ehrafworldcultures.yale.edu/sres/95a34d6e-60df-48b0-96de-df5dfcb7b7a4
645e39da-3972-435a-bf0b-981b0d4769b5,"Olson, Ronald L. (Ronald LeRoy), 1895-","Social structure and social life of the Tlingit in
         Alaska",1967,[p.41-b],Monograph,Tlingit,North America,Northwest Coast and California,hunter-gatherers,,"173,627",https://ehrafworldcultures.yale.edu/sres/645e39da-3972-435a-bf0b-981b0d4769b5
f936adde-6aed-41b3-88c2-3b68626e145d,"Olson, Ronald L. (Ronald LeRoy), 1895-","Social structure and social life of the Tlingit in
         Alaska",1967,[p.41-b],Monograph,Tlingit,North America,Northwest Coast and California,hunter-gatherers,,"173,614,627",https://ehrafworldcultures.yale.edu/sres/f936adde-6aed-41b3-88c2-3b68626e145d
595f1571-4eb0-4e3d-9448-5ed20c3feb07,"Olson, Ronald L. (Ronald LeRoy), 1895-","Social structure and social life of the Tlingit in
         Alaska",1967,[p.49-b],Monograph,Tlingit,North America,Northwest Coast and California,hunter-gatherers,,"159,301,554,627,881",https://ehrafworldcultures.yale.edu/sres/595f1571-4eb0-4e3d-9448-5ed20c3feb07
bf43f30c-fb34-48d9-b237-c69043f3b163,"Olson, Ronald L. (Ronald LeRoy), 1895-","Social structure and social life of the Tlingit in
         Alaska",1967,[p.49-b],Monograph,Tlingit,North America,Northwest Coast and California,hunter-gatherers,,"159,554,574,601,627",https://ehrafworldcultures.yale.edu/sres/bf43f30c-fb34-48d9-b237-c69043f3b163
98b5b3c7-ad0c-475a-838f-787975872eac,"Olson, Ronald L. (Ronald LeRoy), 1895-","Social structure and social life of the Tlingit in
         Alaska",1967,[p.51-b],Monograph,Tlingit,North America,Northwest Coast and California,hunter-gatherers,,"159,578,627",https://ehrafworldcultures.yale.edu/sres/98b5b3c7-ad0c-475a-838f-787975872eac
81ff808e-477d-4514-8bb3-63f740c2ca9f,"Olson, Ronald L. (Ronald LeRoy), 1895-","Social structure and social life of the Tlingit in
         Alaska",1967,[p.51-b],Monograph,Tlingit,North America,Northwest Coast and California,hunter-gatherers,,"159,292,431,532,535,616,627",https://ehrafworldcultures.yale.edu/sres/81ff808e-477d-4514-8bb3-63f740c2ca9f
68b48fdf-5910-4b2a-997b-802871485a31,"Olson, Ronald L. (Ronald LeRoy), 1895-","Social structure and social life of the Tlingit in
         Alaska",1967,[p.69-c],Monograph,Tlingit,North America,Northwest Coast and California,hunter-gatherers,,"614,616,627,726,829",https://ehrafworldcultures.yale.edu/sres/68b48fdf-5910-4b2a-997b-802871485a31
76b8314b-d5f7-4833-91a1-b23d5eb92554,"Olson, Ronald L. (Ronald LeRoy), 1895-","Social structure and social life of the Tlingit in
         Alaska",1967,[p.69-c],Monograph,Tlingit,North America,Northwest Coast and California,hunter-gatherers,,"128,562,577,614,627,829",https://ehrafworldcultures.yale.edu/sres/76b8314b-d5f7-4833-91a1-b23d5eb92554
e5997916-702e-42e4-8343-0a428ab396ba,"Olson, Ronald L. (Ronald LeRoy), 1895-","Social structure and social life of the Tlingit in
         Alaska",1967,[p.69-d],Monograph,Tlingit,North America,Northwest Coast and California,hunter-gatherers,,"614,627",https://ehrafworldcultures.yale.edu/sres/e5997916-702e-42e4-8343-0a428ab396ba
276a94fe-0c61-480f-b0ef-e9d353982d4a,"Olson, Ronald L. (Ronald LeRoy), 1895-","Social structure and social life of the Tlingit in
         Alaska",1967,[p.70-a],Monograph,Tlingit,North America,Northwest Coast and California,hunter-gatherers,,"177,614,627",https://ehrafworldcultures.yale.edu/sres/276a94fe-0c61-480f-b0ef-e9d353982d4a
96840f05-26b3-4b52-a4e5-a19b8b1cc0b7,"Olson, Ronald L. (Ronald LeRoy), 1895-","Social structure and social life of the Tlingit in
         Alaska",1967,[p.70-a],Monograph,Tlingit,North America,Northwest Coast and California,hunter-gatherers,,"578,627",https://ehrafworldcultures.yale.edu/sres/96840f05-26b3-4b52-a4e5-a19b8b1cc0b7
d068d4bf-ae5b-45ea-933f-04943db7e8c3,"Olson, Ronald L. (Ronald LeRoy), 1895-","Social structure and social life of the Tlingit in
         Alaska",1967,[p.70-a],Monograph,Tlingit,North America,Northwest Coast and California,hunter-gatherers,,"431,578,614,627",https://ehrafworldcultures.yale.edu/sres/d068d4bf-ae5b-45ea-933f-04943db7e8c3
59d92284-9786-439c-9c3e-bb78bd82bceb,"Olson, Ronald L. (Ronald LeRoy), 1895-","Social structure and social life of the Tlingit in
         Alaska",1967,[p.70-a],Monograph,Tlingit,North America,Northwest Coast and California,hunter-gatherers,,"591,614,627",https://ehrafworldcultures.yale.edu/sres/59d92284-9786-439c-9c3e-bb78bd82bceb
e33afb37-874b-46da-8d14-b5c21f3b1ea5,"Olson, Ronald L. (Ronald LeRoy), 1895-","Social structure and social life of the Tlingit in
         Alaska",1967,[p.70-b],Monograph,Tlingit,North America,Northwest Coast and California,hunter-gatherers,,"614,627",https://ehrafworldcultures.yale.edu/sres/e33afb37-874b-46da-8d14-b5c21f3b1ea5
05a1819d-c91e-47d5-a601-f3845bfd687c,"Olson, Ronald L. (Ronald LeRoy), 1895-","Social structure and social life of the Tlingit in
         Alaska",1967,[p.70-b],Monograph,Tlingit,North America,Northwest Coast and California,hunter-gatherers,,"166,167,177,423,627,648",https://ehrafworldcultures.yale.edu/sres/05a1819d-c91e-47d5-a601-f3845bfd687c
76a2c38f-e83b-41d5-9a46-03a805e54c3b,"Olson, Ronald L. (Ronald LeRoy), 1895-","Social structure and social life of the Tlingit in
         Alaska",1967,[p.71-b],Monograph,Tlingit,North America,Northwest Coast and California,hunter-gatherers,,"436,614,627",https://ehrafworldcultures.yale.edu/sres/76a2c38f-e83b-41d5-9a46-03a805e54c3b
65ad6355-adad-47e7-aa50-9f9e985eddda,"Olson, Ronald L. (Ronald LeRoy), 1895-","Social structure and social life of the Tlingit in
         Alaska",1967,[p.71-b],Monograph,Tlingit,North America,Northwest Coast and California,hunter-gatherers,,"292,627",https://ehrafworldcultures.yale.edu/sres/65ad6355-adad-47e7-aa50-9f9e985eddda
9ab92d1d-d407-44e2-bffe-7cc91d786dbb,"Olson, Ronald L. (Ronald LeRoy), 1895-","Social structure and social life of the Tlingit in
         Alaska",1967,[p.72-a],Monograph,Tlingit,North America,Northwest Coast and California,hunter-gatherers,,"614,627,829",https://ehrafworldcultures.yale.edu/sres/9ab92d1d-d407-44e2-bffe-7cc91d786dbb
05d67820-1a61-4dd7-a6a2-6992ac0c4b6f,"Olson, Ronald L. (Ronald LeRoy), 1895-","Social structure and social life of the Tlingit in
         Alaska",1967,[p.72-a],Monograph,Tlingit,North America,Northwest Coast and California,hunter-gatherers,,"614,627",https://ehrafworldcultures.yale.edu/sres/05d67820-1a61-4dd7-a6a2-6992ac0c4b6f
bf98c035-6925-4de2-be93-1f598bbf1f82,"Olson, Ronald L. (Ronald LeRoy), 1895-","Social structure and social life of the Tlingit in
         Alaska",1967,[p.72-a],Monograph,Tlingit,North America,Northwest Coast and California,hunter-gatherers,,"159,614,627",https://ehrafworldcultures.yale.edu/sres/bf98c035-6925-4de2-be93-1f598bbf1f82
c3903c3e-d213-4c28-8df9-d7ae003d5f49,"Olson, Ronald L. (Ronald LeRoy), 1895-","Social structure and social life of the Tlingit in
         Alaska",1967,[p.72-a],Monograph,Tlingit,North America,Northwest Coast and California,hunter-gatherers,,"159,563,614,627",https://ehrafworldcultures.yale.edu/sres/c3903c3e-d213-4c28-8df9-d7ae003d5f49
c0983b71-bd9e-41bb-adf2-6a0d32885648,"Olson, Ronald L. (Ronald LeRoy), 1895-","Social structure and social life of the Tlingit in
         Alaska",1967,[p.72-b],Monograph,Tlingit,North America,Northwest Coast and California,hunter-gatherers,,"159,614,627",https://ehrafworldcultures.yale.edu/sres/c0983b71-bd9e-41bb-adf2-6a0d32885648
25a4c2df-229b-4cd0-87aa-99c3bb1a2a2b,"Olson, Ronald L. (Ronald LeRoy), 1895-","Social structure and social life of the Tlingit in
         Alaska",1967,[p.72-b],Monograph,Tlingit,North America,Northwest Coast and California,hunter-gatherers,,"159,435,532,614,627",https://ehrafworldcultures.yale.edu/sres/25a4c2df-229b-4cd0-87aa-99c3bb1a2a2b
cb2089a1-2235-4c7d-a37b-335059420cd2,"Olson, Ronald L. (Ronald LeRoy), 1895-","Social structure and social life of the Tlingit in
         Alaska",1967,[p.72-b],Monograph,Tlingit,North America,Northwest Coast and California,hunter-gatherers,,"159,614,627",https://ehrafworldcultures.yale.edu/sres/cb2089a1-2235-4c7d-a37b-335059420cd2
a822307a-c086-488a-a24a-74665228a281,"Olson, Ronald L. (Ronald LeRoy), 1895-","Social structure and social life of the Tlingit in
         Alaska",1967,[p.72-b],Monograph,Tlingit,North America,Northwest Coast and California,hunter-gatherers,,"159,614,627",https://ehrafworldcultures.yale.edu/sres/a822307a-c086-488a-a24a-74665228a281
b869768c-8509-4554-a57b-c92a78974910,"Olson, Ronald L. (Ronald LeRoy), 1895-","Social structure and social life of the Tlingit in
         Alaska",1967,[p.72-b],Monograph,Tlingit,North America,Northwest Coast and California,hunter-gatherers,,"159,614,627,728",https://ehrafworldcultures.yale.edu/sres/b869768c-8509-4554-a57b-c92a78974910
10714457-70c4-4cbd-9a8a-3a9175a82283,"Olson, Ronald L. (Ronald LeRoy), 1895-","Social structure and social life of the Tlingit in
         Alaska",1967,[p.72-b],Monograph,Tlingit,North America,Northwest Coast and California,hunter-gatherers,,"159,614,627,728",https://ehrafworldcultures.yale.edu/sres/10714457-70c4-4cbd-9a8a-3a9175a82283
32603eee-58af-404e-a2ee-4f69248fbf0b,"Olson, Ronald L. (Ronald LeRoy), 1895-","Social structure and social life of the Tlingit in
         Alaska",1967,[p.72-b],Monograph,Tlingit,North America,Northwest Coast and California,hunter-gatherers,,"614,627",https://ehrafworldcultures.yale.edu/sres/32603eee-58af-404e-a2ee-4f69248fbf0b
9848b2c1-3c6b-4fe6-ae87-6942f9c5bbbd,"Olson, Ronald L. (Ronald LeRoy), 1895-","Social structure and social life of the Tlingit in
         Alaska",1967,[p.73-a],Monograph,Tlingit,North America,Northwest Coast and California,hunter-gatherers,,"614,627",https://ehrafworldcultures.yale.edu/sres/9848b2c1-3c6b-4fe6-ae87-6942f9c5bbbd
867a631f-6038-4c90-a41f-1491f4b168b8,"Olson, Ronald L. (Ronald LeRoy), 1895-","Social structure and social life of the Tlingit in
         Alaska",1967,[p.73-a],Monograph,Tlingit,North America,Northwest Coast and California,hunter-gatherers,,"614,627",https://ehrafworldcultures.yale.edu/sres/867a631f-6038-4c90-a41f-1491f4b168b8
eda97bba-43de-488f-a5cc-1d68af00c6d9,"Olson, Ronald L. (Ronald LeRoy), 1895-","Social structure and social life of the Tlingit in
         Alaska",1967,[p.73-a],Monograph,Tlingit,North America,Northwest Coast and California,hunter-gatherers,,"558,614,627",https://ehrafworldcultures.yale.edu/sres/eda97bba-43de-488f-a5cc-1d68af00c6d9
ba0430bf-3b93-439d-973e-8b76133629dd,"Olson, Ronald L. (Ronald LeRoy), 1895-","Social structure and social life of the Tlingit in
         Alaska",1967,[p.92-a],Monograph,Tlingit,North America,Northwest Coast and California,hunter-gatherers,,"173,539,627",https://ehrafworldcultures.yale.edu/sres/ba0430bf-3b93-439d-973e-8b76133629dd
fc1f8abb-121a-4d01-b279-b8a235b3eb72,"Olson, Ronald L. (Ronald LeRoy), 1895-","Social structure and social life of the Tlingit in
         Alaska",1967,[p.92-a],Monograph,Tlingit,North America,Northwest Coast and California,hunter-gatherers,,"173,539,627",https://ehrafworldcultures.yale.edu/sres/fc1f8abb-121a-4d01-b279-b8a235b3eb72
ab0f249e-e706-4fd1-80de-d5ca59881ee9,"Olson, Ronald L. (Ronald LeRoy), 1895-","Social structure and social life of the Tlingit in
         Alaska",1967,[p.92-a],Monograph,Tlingit,North America,Northwest Coast and California,hunter-gatherers,,"173,539,627",https://ehrafworldcultures.yale.edu/sres/ab0f249e-e706-4fd1-80de-d5ca59881ee9
72147743-8c99-4ae0-89e1-7ec56b13d90a,"Olson, Ronald L. (Ronald LeRoy), 1895-","Social structure and social life of the Tlingit in
         Alaska",1967,[p.92-a],Monograph,Tlingit,North America,Northwest Coast and California,hunter-gatherers,,"173,539,627",https://ehrafworldcultures.yale.edu/sres/72147743-8c99-4ae0-89e1-7ec56b13d90a
359f2ec8-68b2-4894-9933-0f45a4661ff0,"Olson, Ronald L. (Ronald LeRoy), 1895-","Social structure and social life of the Tlingit in
         Alaska",1967,[p.92-a],Monograph,Tlingit,North America,Northwest Coast and California,hunter-gatherers,,"173,539,627,713",https://ehrafworldcultures.yale.edu/sres/359f2ec8-68b2-4894-9933-0f45a4661ff0
3412b4e4-0f09-4370-a846-446780837e6c,"Olson, Ronald L. (Ronald LeRoy), 1895-","Social structure and social life of the Tlingit in
         Alaska",1967,[p.92-a],Monograph,Tlingit,North America,Northwest Coast and California,hunter-gatherers,,"173,292,539,614,627",https://ehrafworldcultures.yale.edu/sres/3412b4e4-0f09-4370-a846-446780837e6c
e60b55f3-3f59-46cc-9d22-0d0eead4b8c0,"Olson, Ronald L. (Ronald LeRoy), 1895-","Social structure and social life of the Tlingit in
         Alaska",1967,[p.92-b],Monograph,Tlingit,North America,Northwest Coast and California,hunter-gatherers,,"173,539,627,775",https://ehrafworldcultures.yale.edu/sres/e60b55f3-3f59-46cc-9d22-0d0eead4b8c0
bc042f1f-f955-4fef-be72-c83e033ba95a,"Olson, Ronald L. (Ronald LeRoy), 1895-","Social structure and social life of the Tlingit in
         Alaska",1967,[p.93-a],Monograph,Tlingit,North America,Northwest Coast and California,hunter-gatherers,,"173,525,539,627",https://ehrafworldcultures.yale.edu/sres/bc042f1f-f955-4fef-be72-c83e033ba95a
6ba9fb85-7907-4dec-a578-a99eed25ae26,"Olson, Ronald L. (Ronald LeRoy), 1895-","Social structure and social life of the Tlingit in
         Alaska",1967,[p.97-a],Monograph,Tlingit,North America,Northwest Coast and California,hunter-gatherers,,"173,539,627",https://ehrafworldcultures.yale.edu/sres/6ba9fb85-7907-4dec-a578-a99eed25ae26
16a4712f-c266-45c9-9518-fa774208969e,"Olson, Ronald L. (Ronald LeRoy), 1895-","Social structure and social life of the Tlingit in
         Alaska",1967,[p.97-a],Monograph,Tlingit,North America,Northwest Coast and California,hunter-gatherers,,"173,539,627",https://ehrafworldcultures.yale.edu/sres/16a4712f-c266-45c9-9518-fa774208969e
c8ed0416-d483-4398-81f1-268297982af6,"Olson, Ronald L. (Ronald LeRoy), 1895-","Social structure and social life of the Tlingit in
         Alaska",1967,[p.97-a],Monograph,Tlingit,North America,Northwest Coast and California,hunter-gatherers,,"173,539,627",https://ehrafworldcultures.yale.edu/sres/c8ed0416-d483-4398-81f1-268297982af6
5ae60c9f-a599-4452-9189-f414b2dd2db3,"Olson, Ronald L. (Ronald LeRoy), 1895-","Social structure and social life of the Tlingit in
         Alaska",1967,[p.98-a],Monograph,Tlingit,North America,Northwest Coast and California,hunter-gatherers,,"173,292,539,627,728",https://ehrafworldcultures.yale.edu/sres/5ae60c9f-a599-4452-9189-f414b2dd2db3
7607695a-c9e1-4adf-ae7a-7a2ad26694ac,"Olson, Ronald L. (Ronald LeRoy), 1895-","Social structure and social life of the Tlingit in
         Alaska",1967,[p.102-b],Monograph,Tlingit,North America,Northwest Coast and California,hunter-gatherers,,"578,614,627,694",https://ehrafworldcultures.yale.edu/sres/7607695a-c9e1-4adf-ae7a-7a2ad26694ac
4cc6618d-fa6f-4786-91f8-2686131ecadd,"Olson, Ronald L. (Ronald LeRoy), 1895-","Social structure and social life of the Tlingit in
         Alaska",1967,[p.111-a],Monograph,Tlingit,North America,Northwest Coast and California,hunter-gatherers,,"173,292,554,627,775",https://ehrafworldcultures.yale.edu/sres/4cc6618d-fa6f-4786-91f8-2686131ecadd
b621712d-ab7c-46cf-8f4b-5a9de77a9a62,"Olson, Ronald L. (Ronald LeRoy), 1895-","Social structure and social life of the Tlingit in
         Alaska",1967,[p.120-b],Monograph,Tlingit,North America,Northwest Coast and California,hunter-gatherers,,"165,292,578,627",https://ehrafworldcultures.yale.edu/sres/b621712d-ab7c-46cf-8f4b-5a9de77a9a62
3ee9936a-82c0-4c3b-ad8b-fe142963cc13,"Jonaitis, Aldona, 1948-",Art of the northern Tlingit,1986,56,Monograph,Tlingit,North America,Northwest Coast and California,hunter-gatherers,,"567,578,627,721,756",https://ehrafworldcultures.yale.edu/sres/3ee9936a-82c0-4c3b-ad8b-fe142963cc13
5ee467ca-10b2-4e2e-aa4d-850ec18fb158,"Tollefson, Kenneth D.",Culture summary: Tlingit,1997,5,Manuscript,Tlingit,North America,Northwest Coast and California,hunter-gatherers,,"578,627,648,733",https://ehrafworldcultures.yale.edu/sres/5ee467ca-10b2-4e2e-aa4d-850ec18fb158
63e2d4a1-1132-4b37-af8d-7ea831403551,"Tollefson, Kenneth D.","The cultural foundation of political revitalization among the
         Tlingit",1976,167,"Component part(s), monograph",Tlingit,North America,Northwest Coast and California,hunter-gatherers,,"000,627,754,756",https://ehrafworldcultures.yale.edu/sres/63e2d4a1-1132-4b37-af8d-7ea831403551
2307250a-e82f-4d25-b70f-c2594ad2c706,"Tollefson, Kenneth D.","The cultural foundation of political revitalization among the
         Tlingit",1976,168,"Component part(s), monograph",Tlingit,North America,Northwest Coast and California,hunter-gatherers,,"627,754",https://ehrafworldcultures.yale.edu/sres/2307250a-e82f-4d25-b70f-c2594ad2c706
1c9aa016-f5c9-4831-818f-8571a01b1304,"Tollefson, Kenneth D.","The cultural foundation of political revitalization among the
         Tlingit",1976,171,"Component part(s), monograph",Tlingit,North America,Northwest Coast and California,hunter-gatherers,,"578,614,627,754,756",https://ehrafworldcultures.yale.edu/sres/1c9aa016-f5c9-4831-818f-8571a01b1304
591a9896-a8f4-4ea6-9f4e-8fce93e05b8a,"Jones, Livingston French, 1865-1928",A study of the Thlingets of Alaska,1914,139,Monograph,Tlingit,North America,Northwest Coast and California,hunter-gatherers,,"574,627",https://ehrafworldcultures.yale.edu/sres/591a9896-a8f4-4ea6-9f4e-8fce93e05b8a
3203ff4c-ffe9-4c76-9892-84819c700525,"Jones, Livingston French, 1865-1928",A study of the Thlingets of Alaska,1914,157,Monograph,Tlingit,North America,Northwest Coast and California,hunter-gatherers,,"627,754",https://ehrafworldcultures.yale.edu/sres/3203ff4c-ffe9-4c76-9892-84819c700525
ac723f8d-a69a-4888-b108-e9700e99341a,"Emmons, George Thornton.",The Tlingit Indians,1991,49,Monograph,Tlingit,North America,Northwest Coast and California,hunter-gatherers,,"423,578,627,628",https://ehrafworldcultures.yale.edu/sres/ac723f8d-a69a-4888-b108-e9700e99341a
8aefd33e-96ed-45cc-af81-2f250cc2427f,"Emmons, George Thornton.",The Tlingit Indians,1991,49,Monograph,Tlingit,North America,Northwest Coast and California,hunter-gatherers,,"423,578,627,628",https://ehrafworldcultures.yale.edu/sres/8aefd33e-96ed-45cc-af81-2f250cc2427f
e67f41e0-cffb-4e11-93ce-f22f0afb8d5b,"Emmons, George Thornton.",The Tlingit Indians,1991,50,Monograph,Tlingit,North America,Northwest Coast and California,hunter-gatherers,,"627,628,648",https://ehrafworldcultures.yale.edu/sres/e67f41e0-cffb-4e11-93ce-f22f0afb8d5b
4b54a07f-869c-4d33-9cb5-7f573b34fe45,"Oberg, Kalervo, 1901-1973",The social economy of the Tlingit Indians,9999,34,Monograph,Tlingit,North America,Northwest Coast and California,hunter-gatherers,,"554,595,614,627,837",https://ehrafworldcultures.yale.edu/sres/4b54a07f-869c-4d33-9cb5-7f573b34fe45
75cc7614-c3bf-4d72-a6f9-abf562141bd3,"Oberg, Kalervo, 1901-1973",The social economy of the Tlingit Indians,9999,42,Monograph,Tlingit,North America,Northwest Coast and California,hunter-gatherers,,"554,614,615,627",https://ehrafworldcultures.yale.edu/sres/75cc7614-c3bf-4d72-a6f9-abf562141bd3
c19b7818-3d65-4c8e-a088-a4df1189d3bb,"Oberg, Kalervo, 1901-1973",The social economy of the Tlingit Indians,9999,43,Monograph,Tlingit,North America,Northwest Coast and California,hunter-gatherers,,"171,554,556,592,614,622,627,656,721",https://ehrafworldcultures.yale.edu/sres/c19b7818-3d65-4c8e-a088-a4df1189d3bb
904919ef-3bfc-4ac2-8d6b-e421a845c87e,"Oberg, Kalervo, 1901-1973",The social economy of the Tlingit Indians,9999,115,Monograph,Tlingit,North America,Northwest Coast and California,hunter-gatherers,,"533,535,614,627",https://ehrafworldcultures.yale.edu/sres/904919ef-3bfc-4ac2-8d6b-e421a845c87e
4bbd6922-3101-45c8-a831-7bcee377434f,"Klein, Laura F. (Frances), 1946-",Tlingit women and town politics,1975,109,Monograph,Tlingit,North America,Northwest Coast and California,hunter-gatherers,,"554,556,614,616,627",https://ehrafworldcultures.yale.edu/sres/4bbd6922-3101-45c8-a831-7bcee377434f
8f072856-aa2f-4046-9577-f97748bbd0ca,"Klein, Laura F. (Frances), 1946-",Tlingit women and town politics,1975,116,Monograph,Tlingit,North America,Northwest Coast and California,hunter-gatherers,,"424,431,551,554,614,627,764",https://ehrafworldcultures.yale.edu/sres/8f072856-aa2f-4046-9577-f97748bbd0ca
a542e3c4-ee2a-47cf-b769-59eada9330fe,"De Laguna, Frederica, 1906-2204","Under Mount Saint Elias: the history and culture of the
         Yakutat Tlingit",1972,[p.594-a],Monograph,Tlingit,North America,Northwest Coast and California,hunter-gatherers,,"578,627,728",https://ehrafworldcultures.yale.edu/sres/a542e3c4-ee2a-47cf-b769-59eada9330fe
7111a4a3-7f27-429f-b67e-af1c4630cd9e,"De Laguna, Frederica, 1906-2204","Under Mount Saint Elias: the history and culture of the
         Yakutat Tlingit",1972,[p.603-a],Monograph,Tlingit,North America,Northwest Coast and California,hunter-gatherers,,"175,627,728",https://ehrafworldcultures.yale.edu/sres/7111a4a3-7f27-429f-b67e-af1c4630cd9e
ed7c7804-5e82-4d8c-8dd0-9d0a99f88820,"Krause, Aurel, 1848-","The Tlingit Indians: results of a trip to the northwest coast
         of America and the Bering Straits",1956,169,Monograph,Tlingit,North America,Northwest Coast and California,hunter-gatherers,,"000,157,431,554,574,578,627,628,721,762",https://ehrafworldcultures.yale.edu/sres/ed7c7804-5e82-4d8c-8dd0-9d0a99f88820
afd72171-abac-4ffa-94c6-4b0f824b1760,"Krause, Aurel, 1848-","The Tlingit Indians: results of a trip to the northwest coast
         of America and the Bering Straits",1956,172,Monograph,Tlingit,North America,Northwest Coast and California,hunter-gatherers,,"177,627,713",https://ehrafworldcultures.yale.edu/sres/afd72171-abac-4ffa-94c6-4b0f824b1760
afb19804-5a29-4231-94fc-e2c8e3bc254d,"Swanton, John Reed, 1873-","Social condition, beliefs, and linguistic relationship of the
         Tlingit Indians",1905,427,Monograph,Tlingit,North America,Northwest Coast and California,hunter-gatherers,,"195,516,558,565,575,576,689",https://ehrafworldcultures.yale.edu/sres/afb19804-5a29-4231-94fc-e2c8e3bc254d
9ca0c0e4-43b5-410c-a5d0-09cbcf1dfafa,"Swanton, John Reed, 1873-","Social condition, beliefs, and linguistic relationship of the
         Tlingit Indians",1905,449,Monograph,Tlingit,North America,Northwest Coast and California,hunter-gatherers,,682,https://ehrafworldcultures.yale.edu/sres/9ca0c0e4-43b5-410c-a5d0-09cbcf1dfafa
8c5dc55b-7ce9-430d-a77e-536217fd20ef,"Swanton, John Reed, 1873-","Social condition, beliefs, and linguistic relationship of the
         Tlingit Indians",1905,469,Monograph,Tlingit,North America,Northwest Coast and California,hunter-gatherers,,683,https://ehrafworldcultures.yale.edu/sres/8c5dc55b-7ce9-430d-a77e-536217fd20ef
5c7fa065-f438-4564-9b16-52517a3ca410,"Knapp, Frances",The Thlinkets of southeastern Alaska,1896,51,Monograph,Tlingit,North America,Northwest Coast and California,hunter-gatherers,,684,https://ehrafworldcultures.yale.edu/sres/5c7fa065-f438-4564-9b16-52517a3ca410
4b1db575-5a51-4190-8ce2-d18625f1d985,"Knapp, Frances",The Thlinkets of southeastern Alaska,1896,134,Monograph,Tlingit,North America,Northwest Coast and California,hunter-gatherers,,683,https://ehrafworldcultures.yale.edu/sres/4b1db575-5a51-4190-8ce2-d18625f1d985
a87dd33d-05c5-4ea4-b09d-5036ab4678b2,"Knapp, Frances",The Thlinkets of southeastern Alaska,1896,134,Monograph,Tlingit,North America,Northwest Coast and California,hunter-gatherers,,683,https://ehrafworldcultures.yale.edu/sres/a87dd33d-05c5-4ea4-b09d-5036ab4678b2
4dcaf94c-58ec-47c4-9ff5-cdd2378671e6,"Knapp, Frances",The Thlinkets of southeastern Alaska,1896,135,Monograph,Tlingit,North America,Northwest Coast and California,hunter-gatherers,,"683,754",https://ehrafworldcultures.yale.edu/sres/4dcaf94c-58ec-47c4-9ff5-cdd2378671e6
9b43c60e-61a9-491f-98ab-f3eabfa0e848,"Knapp, Frances",The Thlinkets of southeastern Alaska,1896,135,Monograph,Tlingit,North America,Northwest Coast and California,hunter-gatherers,,"683,754",https://ehrafworldcultures.yale.edu/sres/9b43c60e-61a9-491f-98ab-f3eabfa0e848
cbdc3e76-54b7-4f38-84e9-596a1339070e,"Knapp, Frances",The Thlinkets of southeastern Alaska,1896,135,Monograph,Tlingit,North America,Northwest Coast and California,hunter-gatherers,,"683,754",https://ehrafworldcultures.yale.edu/sres/cbdc3e76-54b7-4f38-84e9-596a1339070e
a280ddda-79dd-4dd6-a913-12617f68ae85,"Oberg, Kalervo, 1901-1973",Crime and punishment in Tlingit society,1934,146,Journal Article,Tlingit,North America,Northwest Coast and California,hunter-gatherers,,"554,618,628,672,682",https://ehrafworldcultures.yale.edu/sres/a280ddda-79dd-4dd6-a913-12617f68ae85
35109a9c-86fe-4791-86da-23e62d3567bd,"Oberg, Kalervo, 1901-1973",Crime and punishment in Tlingit society,1934,147,Journal Article,Tlingit,North America,Northwest Coast and California,hunter-gatherers,,"567,577,682",https://ehrafworldcultures.yale.edu/sres/35109a9c-86fe-4791-86da-23e62d3567bd
21d2d4ff-b23a-439e-b7bd-3f6d3f511066,"Oberg, Kalervo, 1901-1973",Crime and punishment in Tlingit society,1934,147,Journal Article,Tlingit,North America,Northwest Coast and California,hunter-gatherers,,"177,582,674,684,835",https://ehrafworldcultures.yale.edu/sres/21d2d4ff-b23a-439e-b7bd-3f6d3f511066
3d2c249f-a6bf-4058-a037-4da1a2d0f3ba,"Oberg, Kalervo, 1901-1973",Crime and punishment in Tlingit society,1934,148,Journal Article,Tlingit,North America,Northwest Coast and California,hunter-gatherers,,"588,595,684,837",https://ehrafworldcultures.yale.edu/sres/3d2c249f-a6bf-4058-a037-4da1a2d0f3ba
d61b8521-590f-4c0f-87fa-d064bd2ae493,"Oberg, Kalervo, 1901-1973",Crime and punishment in Tlingit society,1934,148,Journal Article,Tlingit,North America,Northwest Coast and California,hunter-gatherers,,"554,684",https://ehrafworldcultures.yale.edu/sres/d61b8521-590f-4c0f-87fa-d064bd2ae493
a2c41827-ec9a-4da5-8ff1-df5ea166afbe,"Oberg, Kalervo, 1901-1973",Crime and punishment in Tlingit society,1934,149,Journal Article,Tlingit,North America,Northwest Coast and California,hunter-gatherers,,"554,567,628,684",https://ehrafworldcultures.yale.edu/sres/a2c41827-ec9a-4da5-8ff1-df5ea166afbe
2ab09d50-916b-493a-9a11-add15a26739f,"Oberg, Kalervo, 1901-1973",Crime and punishment in Tlingit society,1934,149,Journal Article,Tlingit,North America,Northwest Coast and California,hunter-gatherers,,"554,684,836",https://ehrafworldcultures.yale.edu/sres/2ab09d50-916b-493a-9a11-add15a26739f
bc4e6999-546e-471e-946c-fc223b3dad74,"Oberg, Kalervo, 1901-1973",Crime and punishment in Tlingit society,1934,149,Journal Article,Tlingit,North America,Northwest Coast and California,hunter-gatherers,,"554,673,685,754",https://ehrafworldcultures.yale.edu/sres/bc4e6999-546e-471e-946c-fc223b3dad74
02bab62f-3e3d-45b5-a168-72932b5c48b0,"Oberg, Kalervo, 1901-1973",Crime and punishment in Tlingit society,1934,149,Journal Article,Tlingit,North America,Northwest Coast and California,hunter-gatherers,,"574,685",https://ehrafworldcultures.yale.edu/sres/02bab62f-3e3d-45b5-a168-72932b5c48b0
b5aed720-b4af-4c55-9635-f0fb43879c05,"Oberg, Kalervo, 1901-1973",Crime and punishment in Tlingit society,1934,150,Journal Article,Tlingit,North America,Northwest Coast and California,hunter-gatherers,,"628,685",https://ehrafworldcultures.yale.edu/sres/b5aed720-b4af-4c55-9635-f0fb43879c05
01de1a9d-b2d8-404f-8c09-12f38fc8b1ef,"Oberg, Kalervo, 1901-1973",Crime and punishment in Tlingit society,1934,150,Journal Article,Tlingit,North America,Northwest Coast and California,hunter-gatherers,,"183,554,683",https://ehrafworldcultures.yale.edu/sres/01de1a9d-b2d8-404f-8c09-12f38fc8b1ef
0637a8bc-e337-45ae-af7d-7b1bb8675651,"Oberg, Kalervo, 1901-1973",Crime and punishment in Tlingit society,1934,150,Journal Article,Tlingit,North America,Northwest Coast and California,hunter-gatherers,,"672,686",https://ehrafworldcultures.yale.edu/sres/0637a8bc-e337-45ae-af7d-7b1bb8675651
f72bb931-f3b1-4a27-844f-a4cf7f8d4b74,"Oberg, Kalervo, 1901-1973",Crime and punishment in Tlingit society,1934,150,Journal Article,Tlingit,North America,Northwest Coast and California,hunter-gatherers,,"672,686",https://ehrafworldcultures.yale.edu/sres/f72bb931-f3b1-4a27-844f-a4cf7f8d4b74
57d07e8f-1c74-4b80-8fb8-7a1d3c9224ae,"Oberg, Kalervo, 1901-1973",Crime and punishment in Tlingit society,1934,150,Journal Article,Tlingit,North America,Northwest Coast and California,hunter-gatherers,,"672,682",https://ehrafworldcultures.yale.edu/sres/57d07e8f-1c74-4b80-8fb8-7a1d3c9224ae
f2b8c4bc-6ab5-42c8-8ad6-034c18b1b00b,"Oberg, Kalervo, 1901-1973",Crime and punishment in Tlingit society,1934,152,Journal Article,Tlingit,North America,Northwest Coast and California,hunter-gatherers,,"554,583,618,681",https://ehrafworldcultures.yale.edu/sres/f2b8c4bc-6ab5-42c8-8ad6-034c18b1b00b
a11c6b94-4fe2-42f7-bef0-140fe4b93f5a,"Oberg, Kalervo, 1901-1973",Crime and punishment in Tlingit society,1934,154,Journal Article,Tlingit,North America,Northwest Coast and California,hunter-gatherers,,"683,754",https://ehrafworldcultures.yale.edu/sres/a11c6b94-4fe2-42f7-bef0-140fe4b93f5a
e7787b79-5736-4755-bb7f-c851cafaf6e3,"Oberg, Kalervo, 1901-1973",Crime and punishment in Tlingit society,1934,154,Journal Article,Tlingit,North America,Northwest Coast and California,hunter-gatherers,,"681,754,787",https://ehrafworldcultures.yale.edu/sres/e7787b79-5736-4755-bb7f-c851cafaf6e3
955d56c6-eec7-49b7-8065-da318bfa11c6,"Olson, Ronald L. (Ronald LeRoy), 1895-","Social structure and social life of the Tlingit in
         Alaska",1967,[p.12-b],Monograph,Tlingit,North America,Northwest Coast and California,hunter-gatherers,,"103,423,681,796",https://ehrafworldcultures.yale.edu/sres/955d56c6-eec7-49b7-8065-da318bfa11c6
fb04dbdb-d8de-4030-a45f-ddfe5b47b5a6,"Olson, Ronald L. (Ronald LeRoy), 1895-","Social structure and social life of the Tlingit in
         Alaska",1967,[p.20-b],Monograph,Tlingit,North America,Northwest Coast and California,hunter-gatherers,,"553,588,681",https://ehrafworldcultures.yale.edu/sres/fb04dbdb-d8de-4030-a45f-ddfe5b47b5a6
2a8055c4-7ccf-45c3-ada4-f10f7eebf611,"Olson, Ronald L. (Ronald LeRoy), 1895-","Social structure and social life of the Tlingit in
         Alaska",1967,[p.21-a],Monograph,Tlingit,North America,Northwest Coast and California,hunter-gatherers,,"587,614,684,768",https://ehrafworldcultures.yale.edu/sres/2a8055c4-7ccf-45c3-ada4-f10f7eebf611
16137d98-575c-4465-b9ad-bc495c6285fc,"Olson, Ronald L. (Ronald LeRoy), 1895-","Social structure and social life of the Tlingit in
         Alaska",1967,[p.22-b],Monograph,Tlingit,North America,Northwest Coast and California,hunter-gatherers,,"159,587,682",https://ehrafworldcultures.yale.edu/sres/16137d98-575c-4465-b9ad-bc495c6285fc
b834a60d-80fe-44a2-9f8e-bd67bc61ecbe,"Olson, Ronald L. (Ronald LeRoy), 1895-","Social structure and social life of the Tlingit in
         Alaska",1967,[p.22-b],Monograph,Tlingit,North America,Northwest Coast and California,hunter-gatherers,,"614,684",https://ehrafworldcultures.yale.edu/sres/b834a60d-80fe-44a2-9f8e-bd67bc61ecbe
9e3c8ca7-f41f-4472-b6cd-019bf1b2bd15,"Olson, Ronald L. (Ronald LeRoy), 1895-","Social structure and social life of the Tlingit in
         Alaska",1967,[p.50-b],Monograph,Tlingit,North America,Northwest Coast and California,hunter-gatherers,,"159,551,682,726,888",https://ehrafworldcultures.yale.edu/sres/9e3c8ca7-f41f-4472-b6cd-019bf1b2bd15
832f3242-1e95-446c-8570-f70f40f99dec,"Olson, Ronald L. (Ronald LeRoy), 1895-","Social structure and social life of the Tlingit in
         Alaska",1967,[p.67-b],Monograph,Tlingit,North America,Northwest Coast and California,hunter-gatherers,,682,https://ehrafworldcultures.yale.edu/sres/832f3242-1e95-446c-8570-f70f40f99dec
558da592-91f7-4a57-9a9f-e5b0abaa172a,"Olson, Ronald L. (Ronald LeRoy), 1895-","Social structure and social life of the Tlingit in
         Alaska",1967,[p.73-a],Monograph,Tlingit,North America,Northwest Coast and California,hunter-gatherers,,"438,567,578,682",https://ehrafworldcultures.yale.edu/sres/558da592-91f7-4a57-9a9f-e5b0abaa172a
fa072049-43be-4208-9713-228e2e19bbcc,"Olson, Ronald L. (Ronald LeRoy), 1895-","Social structure and social life of the Tlingit in
         Alaska",1967,[p.73-b],Monograph,Tlingit,North America,Northwest Coast and California,hunter-gatherers,,"166,682",https://ehrafworldcultures.yale.edu/sres/fa072049-43be-4208-9713-228e2e19bbcc
c6bb0f20-2991-4da6-b103-d2ac7b9e2a73,"Olson, Ronald L. (Ronald LeRoy), 1895-","Social structure and social life of the Tlingit in
         Alaska",1967,[p.73-b],Monograph,Tlingit,North America,Northwest Coast and California,hunter-gatherers,,682,https://ehrafworldcultures.yale.edu/sres/c6bb0f20-2991-4da6-b103-d2ac7b9e2a73
76dd97c5-602a-4274-a338-a0279b2cba9c,"Olson, Ronald L. (Ronald LeRoy), 1895-","Social structure and social life of the Tlingit in
         Alaska",1967,[p.75-a],Monograph,Tlingit,North America,Northwest Coast and California,hunter-gatherers,,"438,525,614,685,712,726",https://ehrafworldcultures.yale.edu/sres/76dd97c5-602a-4274-a338-a0279b2cba9c
71ae29e9-03a0-4c1c-885a-a4a77b0230ce,"Olson, Ronald L. (Ronald LeRoy), 1895-","Social structure and social life of the Tlingit in
         Alaska",1967,[p.78-a],Monograph,Tlingit,North America,Northwest Coast and California,hunter-gatherers,,"115,159,614,684,837",https://ehrafworldcultures.yale.edu/sres/71ae29e9-03a0-4c1c-885a-a4a77b0230ce
17ded176-09d2-467e-8825-f19d2c1ca93f,"Olson, Ronald L. (Ronald LeRoy), 1895-","Social structure and social life of the Tlingit in
         Alaska",1967,[p.78-b],Monograph,Tlingit,North America,Northwest Coast and California,hunter-gatherers,,"226,251,684,726,728",https://ehrafworldcultures.yale.edu/sres/17ded176-09d2-467e-8825-f19d2c1ca93f
69e61627-dae3-450f-a8c0-aff44b2f1532,"Olson, Ronald L. (Ronald LeRoy), 1895-","Social structure and social life of the Tlingit in
         Alaska",1967,[p.80-a],Monograph,Tlingit,North America,Northwest Coast and California,hunter-gatherers,,"435,567,578,614,685",https://ehrafworldcultures.yale.edu/sres/69e61627-dae3-450f-a8c0-aff44b2f1532
470aab50-e446-450a-baed-280d878fc5b5,"Olson, Ronald L. (Ronald LeRoy), 1895-","Social structure and social life of the Tlingit in
         Alaska",1967,[p.89-a],Monograph,Tlingit,North America,Northwest Coast and California,hunter-gatherers,,"173,251,539,685,721",https://ehrafworldcultures.yale.edu/sres/470aab50-e446-450a-baed-280d878fc5b5
1b85fac3-ab5b-4a06-90c8-7dbf27e04e47,"Olson, Ronald L. (Ronald LeRoy), 1895-","Social structure and social life of the Tlingit in
         Alaska",1967,[p.103-a],Monograph,Tlingit,North America,Northwest Coast and California,hunter-gatherers,,"173,539,684",https://ehrafworldcultures.yale.edu/sres/1b85fac3-ab5b-4a06-90c8-7dbf27e04e47
e7a6a36c-3943-4d72-9650-acc6c69c0a69,"Olson, Ronald L. (Ronald LeRoy), 1895-","Social structure and social life of the Tlingit in
         Alaska",1967,[p.109-b],Monograph,Tlingit,North America,Northwest Coast and California,hunter-gatherers,,"173,539,683,754",https://ehrafworldcultures.yale.edu/sres/e7a6a36c-3943-4d72-9650-acc6c69c0a69
88ed95b2-ba0d-4bb7-b741-cea86aa8bcb7,"Olson, Ronald L. (Ronald LeRoy), 1895-","Social structure and social life of the Tlingit in
         Alaska",1967,[p.111-a],Monograph,Tlingit,North America,Northwest Coast and California,hunter-gatherers,,"682,775,821",https://ehrafworldcultures.yale.edu/sres/88ed95b2-ba0d-4bb7-b741-cea86aa8bcb7
543c266f-41b7-4bdd-b5c1-9e6f9c32a128,"Olson, Ronald L. (Ronald LeRoy), 1895-","Social structure and social life of the Tlingit in
         Alaska",1967,[p.115-b],Monograph,Tlingit,North America,Northwest Coast and California,hunter-gatherers,,"683,754,784",https://ehrafworldcultures.yale.edu/sres/543c266f-41b7-4bdd-b5c1-9e6f9c32a128
8ce68233-e663-4328-bfa4-be89be7878c0,"Olson, Ronald L. (Ronald LeRoy), 1895-","Social structure and social life of the Tlingit in
         Alaska",1967,[p.115-b],Monograph,Tlingit,North America,Northwest Coast and California,hunter-gatherers,,"683,754",https://ehrafworldcultures.yale.edu/sres/8ce68233-e663-4328-bfa4-be89be7878c0
90183874-9097-4953-b082-71689bc8e754,"Olson, Ronald L. (Ronald LeRoy), 1895-","Social structure and social life of the Tlingit in
         Alaska",1967,[p.115-b],Monograph,Tlingit,North America,Northwest Coast and California,hunter-gatherers,,"683,754",https://ehrafworldcultures.yale.edu/sres/90183874-9097-4953-b082-71689bc8e754
fd31c7e1-83ce-447b-9ac0-4a4095195d4c,"Olson, Ronald L. (Ronald LeRoy), 1895-","Social structure and social life of the Tlingit in
         Alaska",1967,[p.116-b],Monograph,Tlingit,North America,Northwest Coast and California,hunter-gatherers,,"683,754,769,787,825",https://ehrafworldcultures.yale.edu/sres/fd31c7e1-83ce-447b-9ac0-4a4095195d4c
edbe2f9c-bbb5-407e-aa21-7dde944fc169,"Olson, Ronald L. (Ronald LeRoy), 1895-","Social structure and social life of the Tlingit in
         Alaska",1967,[p.116-b],Monograph,Tlingit,North America,Northwest Coast and California,hunter-gatherers,,"514,574,683,754,769,787",https://ehrafworldcultures.yale.edu/sres/edbe2f9c-bbb5-407e-aa21-7dde944fc169
41d38a3b-c773-42e0-a262-bd7fadcfd473,"Olson, Ronald L. (Ronald LeRoy), 1895-","Social structure and social life of the Tlingit in
         Alaska",1967,[p.117-a],Monograph,Tlingit,North America,Northwest Coast and California,hunter-gatherers,,"614,683,754,769,787",https://ehrafworldcultures.yale.edu/sres/41d38a3b-c773-42e0-a262-bd7fadcfd473
7d189e10-1388-4f8a-b278-7b2635372236,"Olson, Ronald L. (Ronald LeRoy), 1895-","Social structure and social life of the Tlingit in
         Alaska",1967,[p.117-a],Monograph,Tlingit,North America,Northwest Coast and California,hunter-gatherers,,"683,754,769,787",https://ehrafworldcultures.yale.edu/sres/7d189e10-1388-4f8a-b278-7b2635372236
ec369969-2429-4248-adbd-335dcfbbbfbe,"Tollefson, Kenneth D.","Potlatching and political organization among the Northwest
         Coast Indians",1995,58,Journal Article,Tlingit,North America,Northwest Coast and California,hunter-gatherers,,"614,623,674,681",https://ehrafworldcultures.yale.edu/sres/ec369969-2429-4248-adbd-335dcfbbbfbe
d5be6c80-2bba-46ba-94e0-dd03ae5c5f63,"Jonaitis, Aldona, 1948-",Art of the northern Tlingit,1986,[following p.2-dd],Monograph,Tlingit,North America,Northwest Coast and California,hunter-gatherers,,"292,293,532,681,756",https://ehrafworldcultures.yale.edu/sres/d5be6c80-2bba-46ba-94e0-dd03ae5c5f63
6f184a9f-20bd-4278-9759-1ea4a1e1de0b,"Jonaitis, Aldona, 1948-",Art of the northern Tlingit,1986,39,Monograph,Tlingit,North America,Northwest Coast and California,hunter-gatherers,,"539,581,616,681",https://ehrafworldcultures.yale.edu/sres/6f184a9f-20bd-4278-9759-1ea4a1e1de0b
2b6090ca-d8d0-4a8a-8b78-b9764cfa8df4,"Jonaitis, Aldona, 1948-",Art of the northern Tlingit,1986,58,Monograph,Tlingit,North America,Northwest Coast and California,hunter-gatherers,,"171,532,683,753,755",https://ehrafworldcultures.yale.edu/sres/2b6090ca-d8d0-4a8a-8b78-b9764cfa8df4
528ee66a-ae88-4e04-baf7-67358f8b34a4,"Tollefson, Kenneth D.","From localized clans to regional corporation: the
         acculturation of the Tlingit",1978,- 8 -,Journal Article,Tlingit,North America,Northwest Coast and California,hunter-gatherers,,"563,648,671,681,682",https://ehrafworldcultures.yale.edu/sres/528ee66a-ae88-4e04-baf7-67358f8b34a4
e0e0f13a-2b79-4fb4-83cd-b30cc8b850a4,"Garfield, Viola Edmundson, 1899-","Historical aspects of Tlingit clans in Angoon, Alaska",1947,452,Journal Article,Tlingit,North America,Northwest Coast and California,hunter-gatherers,,"174,425,614,682",https://ehrafworldcultures.yale.edu/sres/e0e0f13a-2b79-4fb4-83cd-b30cc8b850a4
6d7b38ad-aa0c-4654-aeea-4b7091b4057f,"Kan, Sergei","Symbolic immortality: the Tlingit potlatch of the nineteenth
         century",1989,67,Monograph,Tlingit,North America,Northwest Coast and California,hunter-gatherers,,"614,681,682,684",https://ehrafworldcultures.yale.edu/sres/6d7b38ad-aa0c-4654-aeea-4b7091b4057f
0ae9b7cc-e941-47c1-9411-6859dfaecb8f,"Kan, Sergei","Symbolic immortality: the Tlingit potlatch of the nineteenth
         century",1989,97,Monograph,Tlingit,North America,Northwest Coast and California,hunter-gatherers,,"208,565,576,681",https://ehrafworldcultures.yale.edu/sres/0ae9b7cc-e941-47c1-9411-6859dfaecb8f
7062ba6e-b5b0-43b2-b1d8-4d89c9ea3cf8,"Emmons, George Thornton.",The Tlingit Indians,1991,77,Monograph,Tlingit,North America,Northwest Coast and California,hunter-gatherers,,"648,682,712,721",https://ehrafworldcultures.yale.edu/sres/7062ba6e-b5b0-43b2-b1d8-4d89c9ea3cf8
d57b2ec5-69d7-404d-9b34-3c955e9c22af,"Tollefson, Kenneth D.","The cultural foundation of political revitalization among the
         Tlingit",1976,168,"Component part(s), monograph",Tlingit,North America,Northwest Coast and California,hunter-gatherers,,"683,754",https://ehrafworldcultures.yale.edu/sres/d57b2ec5-69d7-404d-9b34-3c955e9c22af
f85f1018-8cff-4f80-abd9-85a1ffc33a16,"Tollefson, Kenneth D.","The cultural foundation of political revitalization among the
         Tlingit",1976,168,"Component part(s), monograph",Tlingit,North America,Northwest Coast and California,hunter-gatherers,,"683,754",https://ehrafworldcultures.yale.edu/sres/f85f1018-8cff-4f80-abd9-85a1ffc33a16
84dab7ed-b0a2-439e-b06f-3ee6f0dddc33,"Jones, Livingston French, 1865-1928",A study of the Thlingets of Alaska,1914,49,Monograph,Tlingit,North America,Northwest Coast and California,hunter-gatherers,,"231,685",https://ehrafworldcultures.yale.edu/sres/84dab7ed-b0a2-439e-b06f-3ee6f0dddc33
98ba1ac0-3f29-4257-a23d-8f336feaf27c,"Jones, Livingston French, 1865-1928",A study of the Thlingets of Alaska,1914,59,Monograph,Tlingit,North America,Northwest Coast and California,hunter-gatherers,,"564,582,593,684",https://ehrafworldcultures.yale.edu/sres/98ba1ac0-3f29-4257-a23d-8f336feaf27c
9970426f-28e3-4f9c-b95a-18e5b0c07099,"Jones, Livingston French, 1865-1928",A study of the Thlingets of Alaska,1914,94,Monograph,Tlingit,North America,Northwest Coast and California,hunter-gatherers,,"152,683",https://ehrafworldcultures.yale.edu/sres/9970426f-28e3-4f9c-b95a-18e5b0c07099
8b70e0b0-6080-40d2-929b-8727db89d067,"Jones, Livingston French, 1865-1928",A study of the Thlingets of Alaska,1914,94,Monograph,Tlingit,North America,Northwest Coast and California,hunter-gatherers,,"152,683",https://ehrafworldcultures.yale.edu/sres/8b70e0b0-6080-40d2-929b-8727db89d067
8df0ea1c-2c05-4f56-9792-7e85a3855a5f,"Jones, Livingston French, 1865-1928",A study of the Thlingets of Alaska,1914,95,Monograph,Tlingit,North America,Northwest Coast and California,hunter-gatherers,,"152,683",https://ehrafworldcultures.yale.edu/sres/8df0ea1c-2c05-4f56-9792-7e85a3855a5f
16f7b4fc-f420-46af-bbae-c10ea75ae553,"Jones, Livingston French, 1865-1928",A study of the Thlingets of Alaska,1914,101,Monograph,Tlingit,North America,Northwest Coast and California,hunter-gatherers,,682,https://ehrafworldcultures.yale.edu/sres/16f7b4fc-f420-46af-bbae-c10ea75ae553
c7d394ec-1903-4aa9-890a-67f94548e346,"Jones, Livingston French, 1865-1928",A study of the Thlingets of Alaska,1914,131,Monograph,Tlingit,North America,Northwest Coast and California,hunter-gatherers,,"582,684",https://ehrafworldcultures.yale.edu/sres/c7d394ec-1903-4aa9-890a-67f94548e346
e6aac0e8-401d-4715-b2de-ca5ac31a1a40,"Jones, Livingston French, 1865-1928",A study of the Thlingets of Alaska,1914,154,Monograph,Tlingit,North America,Northwest Coast and California,hunter-gatherers,,"683,753,755",https://ehrafworldcultures.yale.edu/sres/e6aac0e8-401d-4715-b2de-ca5ac31a1a40
5224513c-638b-4aee-a5fa-38effb2adef7,"Jones, Livingston French, 1865-1928",A study of the Thlingets of Alaska,1914,156,Monograph,Tlingit,North America,Northwest Coast and California,hunter-gatherers,,"683,754",https://ehrafworldcultures.yale.edu/sres/5224513c-638b-4aee-a5fa-38effb2adef7
f76cee64-3c7c-46e5-8ee8-085df5394736,"Jones, Livingston French, 1865-1928",A study of the Thlingets of Alaska,1914,156,Monograph,Tlingit,North America,Northwest Coast and California,hunter-gatherers,,"532,683,754",https://ehrafworldcultures.yale.edu/sres/f76cee64-3c7c-46e5-8ee8-085df5394736
d946ede8-4cb1-4e40-a1ba-c891b8382981,"Jones, Livingston French, 1865-1928",A study of the Thlingets of Alaska,1914,157,Monograph,Tlingit,North America,Northwest Coast and California,hunter-gatherers,,"683,754",https://ehrafworldcultures.yale.edu/sres/d946ede8-4cb1-4e40-a1ba-c891b8382981
ff4e8453-1e4f-4dfd-8682-1350631a7358,"Jones, Livingston French, 1865-1928",A study of the Thlingets of Alaska,1914,173,Monograph,Tlingit,North America,Northwest Coast and California,hunter-gatherers,,"554,579,681,779",https://ehrafworldcultures.yale.edu/sres/ff4e8453-1e4f-4dfd-8682-1350631a7358
d6ecf6b7-a99a-4719-a579-6bfed5753719,"Jones, Livingston French, 1865-1928",A study of the Thlingets of Alaska,1914,179,Monograph,Tlingit,North America,Northwest Coast and California,hunter-gatherers,,"353,689,779",https://ehrafworldcultures.yale.edu/sres/d6ecf6b7-a99a-4719-a579-6bfed5753719
f4a4f024-ff57-474e-9459-5c182936f499,"Jones, Livingston French, 1865-1928",A study of the Thlingets of Alaska,1914,193,Monograph,Tlingit,North America,Northwest Coast and California,hunter-gatherers,,"673,681",https://ehrafworldcultures.yale.edu/sres/f4a4f024-ff57-474e-9459-5c182936f499
14e076a4-c381-44b1-83c2-0f8dfb68ed48,"Jones, Livingston French, 1865-1928",A study of the Thlingets of Alaska,1914,193,Monograph,Tlingit,North America,Northwest Coast and California,hunter-gatherers,,"564,682",https://ehrafworldcultures.yale.edu/sres/14e076a4-c381-44b1-83c2-0f8dfb68ed48
d5a07bfc-7fb5-4c86-bb30-034ef7bcbe0d,"Jones, Livingston French, 1865-1928",A study of the Thlingets of Alaska,1914,194,Monograph,Tlingit,North America,Northwest Coast and California,hunter-gatherers,,"000,562,682",https://ehrafworldcultures.yale.edu/sres/d5a07bfc-7fb5-4c86-bb30-034ef7bcbe0d
7572b0d8-269d-4c7f-9569-e0eeaa43e4ca,"Jones, Livingston French, 1865-1928",A study of the Thlingets of Alaska,1914,194,Monograph,Tlingit,North America,Northwest Coast and California,hunter-gatherers,,"000,562,682",https://ehrafworldcultures.yale.edu/sres/7572b0d8-269d-4c7f-9569-e0eeaa43e4ca
c5889eec-7893-4150-8571-98f912b194e5,"Jones, Livingston French, 1865-1928",A study of the Thlingets of Alaska,1914,194,Monograph,Tlingit,North America,Northwest Coast and California,hunter-gatherers,,"562,577,682",https://ehrafworldcultures.yale.edu/sres/c5889eec-7893-4150-8571-98f912b194e5
70dcdcb0-f4aa-4302-8150-7ce46eb9d48b,"Jones, Livingston French, 1865-1928",A study of the Thlingets of Alaska,1914,194,Monograph,Tlingit,North America,Northwest Coast and California,hunter-gatherers,,"562,682",https://ehrafworldcultures.yale.edu/sres/70dcdcb0-f4aa-4302-8150-7ce46eb9d48b
2e4d4713-5be1-43fb-99e0-f5f1834b66dd,"Jones, Livingston French, 1865-1928",A study of the Thlingets of Alaska,1914,194,Monograph,Tlingit,North America,Northwest Coast and California,hunter-gatherers,,"562,682",https://ehrafworldcultures.yale.edu/sres/2e4d4713-5be1-43fb-99e0-f5f1834b66dd
34c40326-152c-49e2-ac9f-09d75155d7f4,"Jones, Livingston French, 1865-1928",A study of the Thlingets of Alaska,1914,194,Monograph,Tlingit,North America,Northwest Coast and California,hunter-gatherers,,"648,682",https://ehrafworldcultures.yale.edu/sres/34c40326-152c-49e2-ac9f-09d75155d7f4
aa2a8470-359a-4ef3-88b2-996c6df97a43,"Jones, Livingston French, 1865-1928",A study of the Thlingets of Alaska,1914,194,Monograph,Tlingit,North America,Northwest Coast and California,hunter-gatherers,,"000,673,682",https://ehrafworldcultures.yale.edu/sres/aa2a8470-359a-4ef3-88b2-996c6df97a43
0dd767cc-163c-4836-ad29-69b62e54ee43,"Jones, Livingston French, 1865-1928",A study of the Thlingets of Alaska,1914,195,Monograph,Tlingit,North America,Northwest Coast and California,hunter-gatherers,,"648,682",https://ehrafworldcultures.yale.edu/sres/0dd767cc-163c-4836-ad29-69b62e54ee43
4f65e536-42a3-4ce9-8155-6c855cced67e,"Jones, Livingston French, 1865-1928",A study of the Thlingets of Alaska,1914,195,Monograph,Tlingit,North America,Northwest Coast and California,hunter-gatherers,,682,https://ehrafworldcultures.yale.edu/sres/4f65e536-42a3-4ce9-8155-6c855cced67e
843df64e-51d8-410d-9bc3-8a32c75a0bc4,"Jones, Livingston French, 1865-1928",A study of the Thlingets of Alaska,1914,198,Monograph,Tlingit,North America,Northwest Coast and California,hunter-gatherers,,"564,683",https://ehrafworldcultures.yale.edu/sres/843df64e-51d8-410d-9bc3-8a32c75a0bc4
d6e4c909-ab94-4f87-81ec-4160f444bc7e,"Jones, Livingston French, 1865-1928",A study of the Thlingets of Alaska,1914,198,Monograph,Tlingit,North America,Northwest Coast and California,hunter-gatherers,,"564,683",https://ehrafworldcultures.yale.edu/sres/d6e4c909-ab94-4f87-81ec-4160f444bc7e
90a2d372-93e3-4d19-b9ed-cb791e271b3b,"Jones, Livingston French, 1865-1928",A study of the Thlingets of Alaska,1914,198,Monograph,Tlingit,North America,Northwest Coast and California,hunter-gatherers,,"564,683",https://ehrafworldcultures.yale.edu/sres/90a2d372-93e3-4d19-b9ed-cb791e271b3b
0dfe2f0b-7872-4652-87dd-5dccfedfd897,"Jones, Livingston French, 1865-1928",A study of the Thlingets of Alaska,1914,198,Monograph,Tlingit,North America,Northwest Coast and California,hunter-gatherers,,683,https://ehrafworldcultures.yale.edu/sres/0dfe2f0b-7872-4652-87dd-5dccfedfd897
983a19cf-b8ff-41cb-9c3f-4b28bda360d2,"Jones, Livingston French, 1865-1928",A study of the Thlingets of Alaska,1914,200,Monograph,Tlingit,North America,Northwest Coast and California,hunter-gatherers,,682,https://ehrafworldcultures.yale.edu/sres/983a19cf-b8ff-41cb-9c3f-4b28bda360d2
a83018eb-c9ff-4db7-80f5-fbe53921c450,"Jones, Livingston French, 1865-1928",A study of the Thlingets of Alaska,1914,200,Monograph,Tlingit,North America,Northwest Coast and California,hunter-gatherers,,682,https://ehrafworldcultures.yale.edu/sres/a83018eb-c9ff-4db7-80f5-fbe53921c450
27ed827b-da75-4c12-82af-1bcaa732ef11,"Jones, Livingston French, 1865-1928",A study of the Thlingets of Alaska,1914,201,Monograph,Tlingit,North America,Northwest Coast and California,hunter-gatherers,,683,https://ehrafworldcultures.yale.edu/sres/27ed827b-da75-4c12-82af-1bcaa732ef11
7a41ac7e-6b79-46ad-9442-73375017c9b2,"Jones, Livingston French, 1865-1928",A study of the Thlingets of Alaska,1914,202,Monograph,Tlingit,North America,Northwest Coast and California,hunter-gatherers,,"177,681",https://ehrafworldcultures.yale.edu/sres/7a41ac7e-6b79-46ad-9442-73375017c9b2
5b962af6-78d9-4c9a-b83c-17d9a7d473de,"Jones, Livingston French, 1865-1928",A study of the Thlingets of Alaska,1914,202,Monograph,Tlingit,North America,Northwest Coast and California,hunter-gatherers,,"177,681",https://ehrafworldcultures.yale.edu/sres/5b962af6-78d9-4c9a-b83c-17d9a7d473de
ea4cb60d-c88c-4e8c-9427-7ecbba7bd7a3,"Jones, Livingston French, 1865-1928",A study of the Thlingets of Alaska,1914,213,Monograph,Tlingit,North America,Northwest Coast and California,hunter-gatherers,,"582,684",https://ehrafworldcultures.yale.edu/sres/ea4cb60d-c88c-4e8c-9427-7ecbba7bd7a3
b213149b-a7d8-4f3c-b6ad-a2ed01a949b1,"Emmons, George Thornton.",The Tlingit Indians,1991,47,Monograph,Tlingit,North America,Northwest Coast and California,hunter-gatherers,,"628,671,672,681",https://ehrafworldcultures.yale.edu/sres/b213149b-a7d8-4f3c-b6ad-a2ed01a949b1
7f5788d9-b3bc-4c7a-adf2-75cedc9c4ea3,"Emmons, George Thornton.",The Tlingit Indians,1991,47,Monograph,Tlingit,North America,Northwest Coast and California,hunter-gatherers,,"556,683",https://ehrafworldcultures.yale.edu/sres/7f5788d9-b3bc-4c7a-adf2-75cedc9c4ea3
38025fe0-18f6-4ace-a09f-328bad3a6b6c,"Emmons, George Thornton.",The Tlingit Indians,1991,48,Monograph,Tlingit,North America,Northwest Coast and California,hunter-gatherers,,"563,685",https://ehrafworldcultures.yale.edu/sres/38025fe0-18f6-4ace-a09f-328bad3a6b6c
6f90ae52-e21a-4a64-a3a3-2d1b393e026f,"Emmons, George Thornton.",The Tlingit Indians,1991,51,Monograph,Tlingit,North America,Northwest Coast and California,hunter-gatherers,,"681,682,683",https://ehrafworldcultures.yale.edu/sres/6f90ae52-e21a-4a64-a3a3-2d1b393e026f
d0631dec-9cfb-49e6-9031-730cf4826b40,"Emmons, George Thornton.",The Tlingit Indians,1991,51,Monograph,Tlingit,North America,Northwest Coast and California,hunter-gatherers,,681,https://ehrafworldcultures.yale.edu/sres/d0631dec-9cfb-49e6-9031-730cf4826b40
b676c34f-c389-4a94-a281-34ec4e81a60c,"Emmons, George Thornton.",The Tlingit Indians,1991,51,Monograph,Tlingit,North America,Northwest Coast and California,hunter-gatherers,,"114,628,681",https://ehrafworldcultures.yale.edu/sres/b676c34f-c389-4a94-a281-34ec4e81a60c
f0b453ba-7b09-41b8-aa0d-4bc1f80f2dc8,"Emmons, George Thornton.",The Tlingit Indians,1991,51,Monograph,Tlingit,North America,Northwest Coast and California,hunter-gatherers,,"672,681,762",https://ehrafworldcultures.yale.edu/sres/f0b453ba-7b09-41b8-aa0d-4bc1f80f2dc8
7d4ca79e-88d7-42e9-b804-3c74d9827ebe,"Emmons, George Thornton.",The Tlingit Indians,1991,51,Monograph,Tlingit,North America,Northwest Coast and California,hunter-gatherers,,"681,797,829",https://ehrafworldcultures.yale.edu/sres/7d4ca79e-88d7-42e9-b804-3c74d9827ebe
135806e7-bf25-492a-bba2-4faf8b82c580,"Emmons, George Thornton.",The Tlingit Indians,1991,52,Monograph,Tlingit,North America,Northwest Coast and California,hunter-gatherers,,"292,293,431,554,578,681,682",https://ehrafworldcultures.yale.edu/sres/135806e7-bf25-492a-bba2-4faf8b82c580
364e12e7-9df8-4302-8c6c-3c456ff7003b,"Emmons, George Thornton.",The Tlingit Indians,1991,52,Monograph,Tlingit,North America,Northwest Coast and California,hunter-gatherers,,"614,628,681,682",https://ehrafworldcultures.yale.edu/sres/364e12e7-9df8-4302-8c6c-3c456ff7003b
838bf72e-d40d-41da-a196-05f393ab0ac8,"Emmons, George Thornton.",The Tlingit Indians,1991,52,Monograph,Tlingit,North America,Northwest Coast and California,hunter-gatherers,,"127,681,829",https://ehrafworldcultures.yale.edu/sres/838bf72e-d40d-41da-a196-05f393ab0ac8
80a562f5-b0b4-4f22-ab67-5148cdd264c9,"Emmons, George Thornton.",The Tlingit Indians,1991,52,Monograph,Tlingit,North America,Northwest Coast and California,hunter-gatherers,,"648,681,682",https://ehrafworldcultures.yale.edu/sres/80a562f5-b0b4-4f22-ab67-5148cdd264c9
150a093d-0702-44a0-8944-3f25e71691ef,"Emmons, George Thornton.",The Tlingit Indians,1991,53,Monograph,Tlingit,North America,Northwest Coast and California,hunter-gatherers,,"127,681,829",https://ehrafworldcultures.yale.edu/sres/150a093d-0702-44a0-8944-3f25e71691ef
361bdab7-a95a-4789-9362-4ebb5b9ba898,"Emmons, George Thornton.",The Tlingit Indians,1991,332,Monograph,Tlingit,North America,Northwest Coast and California,hunter-gatherers,,"648,671,682",https://ehrafworldcultures.yale.edu/sres/361bdab7-a95a-4789-9362-4ebb5b9ba898
b8a832d9-9e1f-4a8c-ba5d-53bb78cc3874,"Emmons, George Thornton.",The Tlingit Indians,1991,332,Monograph,Tlingit,North America,Northwest Coast and California,hunter-gatherers,,"648,671,682",https://ehrafworldcultures.yale.edu/sres/b8a832d9-9e1f-4a8c-ba5d-53bb78cc3874
8b93d618-dda3-492a-9e95-6f0fcd4384cb,"Emmons, George Thornton.",The Tlingit Indians,1991,332,Monograph,Tlingit,North America,Northwest Coast and California,hunter-gatherers,,"563,648,671,682,721,728",https://ehrafworldcultures.yale.edu/sres/8b93d618-dda3-492a-9e95-6f0fcd4384cb
8683b6ec-729d-45d4-a30c-9fc0ba8338d1,"Emmons, George Thornton.",The Tlingit Indians,1991,371,Monograph,Tlingit,North America,Northwest Coast and California,hunter-gatherers,,"685,756",https://ehrafworldcultures.yale.edu/sres/8683b6ec-729d-45d4-a30c-9fc0ba8338d1
b21ee63e-63fa-47cb-b171-bb5fdc45c6bf,"Emmons, George Thornton.",The Tlingit Indians,1991,371,Monograph,Tlingit,North America,Northwest Coast and California,hunter-gatherers,,"685,756,825",https://ehrafworldcultures.yale.edu/sres/b21ee63e-63fa-47cb-b171-bb5fdc45c6bf
e6b4da8e-ae51-4618-b308-ca43984449b9,"Emmons, George Thornton.",The Tlingit Indians,1991,402,Monograph,Tlingit,North America,Northwest Coast and California,hunter-gatherers,,"681,754",https://ehrafworldcultures.yale.edu/sres/e6b4da8e-ae51-4618-b308-ca43984449b9
37881610-d157-4be7-8ac4-0fea752926b3,"Emmons, George Thornton.",The Tlingit Indians,1991,402,Monograph,Tlingit,North America,Northwest Coast and California,hunter-gatherers,,"681,754",https://ehrafworldcultures.yale.edu/sres/37881610-d157-4be7-8ac4-0fea752926b3
d66f07f7-42c0-4a9c-b879-f99b2fd3b850,"Emmons, George Thornton.",The Tlingit Indians,1991,402,Monograph,Tlingit,North America,Northwest Coast and California,hunter-gatherers,,"681,754",https://ehrafworldcultures.yale.edu/sres/d66f07f7-42c0-4a9c-b879-f99b2fd3b850
410a55c3-0ce8-4c8a-840f-7a8a01545cc3,"Emmons, George Thornton.",The Tlingit Indians,1991,403,Monograph,Tlingit,North America,Northwest Coast and California,hunter-gatherers,,"302,648,681,754,756",https://ehrafworldcultures.yale.edu/sres/410a55c3-0ce8-4c8a-840f-7a8a01545cc3
69e9f814-c3a2-41f1-a7d8-fdd425619288,"Emmons, George Thornton.",The Tlingit Indians,1991,404,Monograph,Tlingit,North America,Northwest Coast and California,hunter-gatherers,,"302,648,681,754,756",https://ehrafworldcultures.yale.edu/sres/69e9f814-c3a2-41f1-a7d8-fdd425619288
22c5c63d-d46a-4d54-aa79-193d8225952b,"Emmons, George Thornton.",The Tlingit Indians,1991,404,Monograph,Tlingit,North America,Northwest Coast and California,hunter-gatherers,,"302,648,681,754,756",https://ehrafworldcultures.yale.edu/sres/22c5c63d-d46a-4d54-aa79-193d8225952b
753a2e59-5a48-4878-bf5e-5e13f28a4448,"Emmons, George Thornton.",The Tlingit Indians,1991,406,Monograph,Tlingit,North America,Northwest Coast and California,hunter-gatherers,,"170,681,754",https://ehrafworldcultures.yale.edu/sres/753a2e59-5a48-4878-bf5e-5e13f28a4448
14be2398-9761-44f8-8ed8-f5f7a2683d66,"Emmons, George Thornton.",The Tlingit Indians,1991,406,Monograph,Tlingit,North America,Northwest Coast and California,hunter-gatherers,,"170,681,754",https://ehrafworldcultures.yale.edu/sres/14be2398-9761-44f8-8ed8-f5f7a2683d66
30b701c8-70b3-499a-a475-c3d12ce3ea82,"Emmons, George Thornton.",The Tlingit Indians,1991,406,Monograph,Tlingit,North America,Northwest Coast and California,hunter-gatherers,,"170,681,754",https://ehrafworldcultures.yale.edu/sres/30b701c8-70b3-499a-a475-c3d12ce3ea82
7e0cf0e2-90cc-4d2b-9275-845a17a40ba1,"Emmons, George Thornton.",The Tlingit Indians,1991,407,Monograph,Tlingit,North America,Northwest Coast and California,hunter-gatherers,,"170,681,754,756,787",https://ehrafworldcultures.yale.edu/sres/7e0cf0e2-90cc-4d2b-9275-845a17a40ba1
da8557b4-8328-45d6-93ef-316ed460719b,"Emmons, George Thornton.",The Tlingit Indians,1991,408,Monograph,Tlingit,North America,Northwest Coast and California,hunter-gatherers,,"170,681,754,756,787",https://ehrafworldcultures.yale.edu/sres/da8557b4-8328-45d6-93ef-316ed460719b
7d8613e1-26c9-4351-8d74-3bfa0be5a6f1,"Emmons, George Thornton.",The Tlingit Indians,1991,408,Monograph,Tlingit,North America,Northwest Coast and California,hunter-gatherers,,"170,681,754,756",https://ehrafworldcultures.yale.edu/sres/7d8613e1-26c9-4351-8d74-3bfa0be5a6f1
e8b7289a-1497-42b2-9a5e-49ec223799ad,"Emmons, George Thornton.",The Tlingit Indians,1991,408,Monograph,Tlingit,North America,Northwest Coast and California,hunter-gatherers,,"170,681,754,756",https://ehrafworldcultures.yale.edu/sres/e8b7289a-1497-42b2-9a5e-49ec223799ad
a748986b-1088-4da9-bc1f-79d1d5b7809e,"Emmons, George Thornton.",The Tlingit Indians,1991,408,Monograph,Tlingit,North America,Northwest Coast and California,hunter-gatherers,,"170,681,754,756",https://ehrafworldcultures.yale.edu/sres/a748986b-1088-4da9-bc1f-79d1d5b7809e
8bbc8e5f-12f1-42f3-aea5-036838830d70,"Emmons, George Thornton.",The Tlingit Indians,1991,409,Monograph,Tlingit,North America,Northwest Coast and California,hunter-gatherers,,"170,681,754",https://ehrafworldcultures.yale.edu/sres/8bbc8e5f-12f1-42f3-aea5-036838830d70
e8c4a58b-c7b0-4477-a431-d230325319bf,"Emmons, George Thornton.",The Tlingit Indians,1991,409,Monograph,Tlingit,North America,Northwest Coast and California,hunter-gatherers,,"170,681,754",https://ehrafworldcultures.yale.edu/sres/e8c4a58b-c7b0-4477-a431-d230325319bf
48b7dbe9-9737-4bbf-9a54-41e9171cbece,"Emmons, George Thornton.",The Tlingit Indians,1991,409,Monograph,Tlingit,North America,Northwest Coast and California,hunter-gatherers,,"170,302,681,754,756",https://ehrafworldcultures.yale.edu/sres/48b7dbe9-9737-4bbf-9a54-41e9171cbece
d5cc2659-a39f-4db0-ab27-3556b6e5a61a,"Emmons, George Thornton.",The Tlingit Indians,1991,409,Monograph,Tlingit,North America,Northwest Coast and California,hunter-gatherers,,"170,681,754",https://ehrafworldcultures.yale.edu/sres/d5cc2659-a39f-4db0-ab27-3556b6e5a61a
69c82104-1298-4596-9903-17da596ee26b,"Emmons, George Thornton.",The Tlingit Indians,1991,409,Monograph,Tlingit,North America,Northwest Coast and California,hunter-gatherers,,"170,681,754",https://ehrafworldcultures.yale.edu/sres/69c82104-1298-4596-9903-17da596ee26b
e8c85fea-7b6c-4eac-82bb-01b2e83a38db,"Emmons, George Thornton.",The Tlingit Indians,1991,410,Monograph,Tlingit,North America,Northwest Coast and California,hunter-gatherers,,"170,681,754",https://ehrafworldcultures.yale.edu/sres/e8c85fea-7b6c-4eac-82bb-01b2e83a38db
09551d8b-e53b-44aa-8f0f-80dcc1658546,"Emmons, George Thornton.",The Tlingit Indians,1991,410,Monograph,Tlingit,North America,Northwest Coast and California,hunter-gatherers,,"170,681,754",https://ehrafworldcultures.yale.edu/sres/09551d8b-e53b-44aa-8f0f-80dcc1658546
59fbe490-90c2-4834-9d24-48d03e728a06,"Emmons, George Thornton.",The Tlingit Indians,1991,410,Monograph,Tlingit,North America,Northwest Coast and California,hunter-gatherers,,"170,681,754",https://ehrafworldcultures.yale.edu/sres/59fbe490-90c2-4834-9d24-48d03e728a06
28790ccc-68e9-4c4f-a97f-47c5fd82c090,"Emmons, George Thornton.",The Tlingit Indians,1991,410,Monograph,Tlingit,North America,Northwest Coast and California,hunter-gatherers,,"170,648,681,754,756",https://ehrafworldcultures.yale.edu/sres/28790ccc-68e9-4c4f-a97f-47c5fd82c090
a443eec0-bec0-4847-bd6d-017ddcebe78c,"Emmons, George Thornton.",The Tlingit Indians,1991,411,Monograph,Tlingit,North America,Northwest Coast and California,hunter-gatherers,,"170,648,681,754,756",https://ehrafworldcultures.yale.edu/sres/a443eec0-bec0-4847-bd6d-017ddcebe78c
35389fde-60b7-41e1-8ce9-df33c4707d29,"Emmons, George Thornton.",The Tlingit Indians,1991,411,Monograph,Tlingit,North America,Northwest Coast and California,hunter-gatherers,,"170,648,681,754,756",https://ehrafworldcultures.yale.edu/sres/35389fde-60b7-41e1-8ce9-df33c4707d29
84defca7-29ef-4001-be44-946b642fab0b,"Emmons, George Thornton.",The Tlingit Indians,1991,411,Monograph,Tlingit,North America,Northwest Coast and California,hunter-gatherers,,"170,648,681,754,756",https://ehrafworldcultures.yale.edu/sres/84defca7-29ef-4001-be44-946b642fab0b
84a16b2d-4035-49f3-a1fd-1ff04cc7e0a0,"Emmons, George Thornton.",The Tlingit Indians,1991,411,Monograph,Tlingit,North America,Northwest Coast and California,hunter-gatherers,,"170,302,648,681,756",https://ehrafworldcultures.yale.edu/sres/84a16b2d-4035-49f3-a1fd-1ff04cc7e0a0
2915d63b-49c1-43e6-80f7-a0fede8a2729,"Emmons, George Thornton.",The Tlingit Indians,1991,411,Monograph,Tlingit,North America,Northwest Coast and California,hunter-gatherers,,"170,302,648,681,756",https://ehrafworldcultures.yale.edu/sres/2915d63b-49c1-43e6-80f7-a0fede8a2729
b6a1894c-593d-4c4a-8fd1-56a4472bbd58,"Emmons, George Thornton.",The Tlingit Indians,1991,412,Monograph,Tlingit,North America,Northwest Coast and California,hunter-gatherers,,"533,554,648,681,754,756,826",https://ehrafworldcultures.yale.edu/sres/b6a1894c-593d-4c4a-8fd1-56a4472bbd58
0f4cf741-2acf-4ec8-b772-39207d987912,"Emmons, George Thornton.",The Tlingit Indians,1991,412,Monograph,Tlingit,North America,Northwest Coast and California,hunter-gatherers,,"170,648,681,754,756,764",https://ehrafworldcultures.yale.edu/sres/0f4cf741-2acf-4ec8-b772-39207d987912
c8af3fe5-3092-4058-a143-a50752a947da,"De Laguna, Frederica, 1906-","The story of a Tlingit community: a problem in the
         relationship between archaeological, ethnological and historical methods",1960,60,Monograph,Tlingit,North America,Northwest Coast and California,hunter-gatherers,,"103,173,423,532,682",https://ehrafworldcultures.yale.edu/sres/c8af3fe5-3092-4058-a143-a50752a947da
96f0c06b-ca05-4852-8c08-a7c0917ded60,"De Laguna, Frederica, 1906-","The story of a Tlingit community: a problem in the
         relationship between archaeological, ethnological and historical methods",1960,133,Monograph,Tlingit,North America,Northwest Coast and California,hunter-gatherers,,"173,526,538,565,684,837",https://ehrafworldcultures.yale.edu/sres/96f0c06b-ca05-4852-8c08-a7c0917ded60
bde0b112-6a4c-452d-87a8-08e8d23887d6,"De Laguna, Frederica, 1906-","The story of a Tlingit community: a problem in the
         relationship between archaeological, ethnological and historical methods",1960,153,Monograph,Tlingit,North America,Northwest Coast and California,hunter-gatherers,,"175,579,648,682,728",https://ehrafworldcultures.yale.edu/sres/bde0b112-6a4c-452d-87a8-08e8d23887d6
89fd28c2-d3cc-4da0-8369-60e6dca8b033,"De Laguna, Frederica, 1906-","The story of a Tlingit community: a problem in the
         relationship between archaeological, ethnological and historical methods",1960,159,Monograph,Tlingit,North America,Northwest Coast and California,hunter-gatherers,,"000,175,648,672,681,721",https://ehrafworldcultures.yale.edu/sres/89fd28c2-d3cc-4da0-8369-60e6dca8b033
7a833e22-6867-4392-972e-1b5c100e11a6,"De Laguna, Frederica, 1906-","The story of a Tlingit community: a problem in the
         relationship between archaeological, ethnological and historical methods",1960,163,Monograph,Tlingit,North America,Northwest Coast and California,hunter-gatherers,,"175,648,682,683",https://ehrafworldcultures.yale.edu/sres/7a833e22-6867-4392-972e-1b5c100e11a6
23974df9-b43d-4e5a-ab1b-4e4ef9833534,"De Laguna, Frederica, 1906-","The story of a Tlingit community: a problem in the
         relationship between archaeological, ethnological and historical methods",1960,165,Monograph,Tlingit,North America,Northwest Coast and California,hunter-gatherers,,"000,175,648,682",https://ehrafworldcultures.yale.edu/sres/23974df9-b43d-4e5a-ab1b-4e4ef9833534
5ab9d799-3499-4edc-bd33-3a0fe6398cf2,"De Laguna, Frederica, 1906-","The story of a Tlingit community: a problem in the
         relationship between archaeological, ethnological and historical methods",1960,167,Monograph,Tlingit,North America,Northwest Coast and California,hunter-gatherers,,"000,175,648,682",https://ehrafworldcultures.yale.edu/sres/5ab9d799-3499-4edc-bd33-3a0fe6398cf2
836afc5d-535f-4bf0-be1c-6de602fab121,"De Laguna, Frederica, 1906-","The story of a Tlingit community: a problem in the
         relationship between archaeological, ethnological and historical methods",1960,196,Monograph,Tlingit,North America,Northwest Coast and California,hunter-gatherers,,"166,255,362,685",https://ehrafworldcultures.yale.edu/sres/836afc5d-535f-4bf0-be1c-6de602fab121
483b1167-7965-4d69-9717-65aa8a27266e,"De Laguna, Frederica, 1906-","The story of a Tlingit community: a problem in the
         relationship between archaeological, ethnological and historical methods",1960,197,Monograph,Tlingit,North America,Northwest Coast and California,hunter-gatherers,,"625,671,681,691,692,697",https://ehrafworldcultures.yale.edu/sres/483b1167-7965-4d69-9717-65aa8a27266e
6281d244-3038-4e30-b147-c28ba639a0c5,"Oberg, Kalervo, 1901-1973",The social economy of the Tlingit Indians,9999,35,Monograph,Tlingit,North America,Northwest Coast and California,hunter-gatherers,,"614,681,684,754",https://ehrafworldcultures.yale.edu/sres/6281d244-3038-4e30-b147-c28ba639a0c5
305211a6-977a-43a5-a8b0-44a59e47b39e,"Oberg, Kalervo, 1901-1973",The social economy of the Tlingit Indians,9999,88,Monograph,Tlingit,North America,Northwest Coast and California,hunter-gatherers,,"583,681",https://ehrafworldcultures.yale.edu/sres/305211a6-977a-43a5-a8b0-44a59e47b39e
fd5caa72-5f98-44f9-ad7b-ea81df7f48f8,"Oberg, Kalervo, 1901-1973",The social economy of the Tlingit Indians,9999,113,Monograph,Tlingit,North America,Northwest Coast and California,hunter-gatherers,,"554,614,681,684,789",https://ehrafworldcultures.yale.edu/sres/fd5caa72-5f98-44f9-ad7b-ea81df7f48f8
91c85bdf-2042-4c18-85b7-e4598bc09024,"Oberg, Kalervo, 1901-1973",The social economy of the Tlingit Indians,9999,114,Monograph,Tlingit,North America,Northwest Coast and California,hunter-gatherers,,"554,614,682",https://ehrafworldcultures.yale.edu/sres/91c85bdf-2042-4c18-85b7-e4598bc09024
a5c9c86c-598d-4a48-aa42-07756418a778,"Oberg, Kalervo, 1901-1973",The social economy of the Tlingit Indians,9999,114,Monograph,Tlingit,North America,Northwest Coast and California,hunter-gatherers,,"554,614,683",https://ehrafworldcultures.yale.edu/sres/a5c9c86c-598d-4a48-aa42-07756418a778
5c9c267d-0f32-4bf3-a63d-6d52d95562a8,"Oberg, Kalervo, 1901-1973",The social economy of the Tlingit Indians,9999,115,Monograph,Tlingit,North America,Northwest Coast and California,hunter-gatherers,,"614,683",https://ehrafworldcultures.yale.edu/sres/5c9c267d-0f32-4bf3-a63d-6d52d95562a8
2ee279dd-bb93-47ef-83a6-5ac9c7647556,"Oberg, Kalervo, 1901-1973",The social economy of the Tlingit Indians,9999,115,Monograph,Tlingit,North America,Northwest Coast and California,hunter-gatherers,,"614,672,683",https://ehrafworldcultures.yale.edu/sres/2ee279dd-bb93-47ef-83a6-5ac9c7647556
3365a9e8-3811-4711-b786-15fe60e9d202,"Oberg, Kalervo, 1901-1973",The social economy of the Tlingit Indians,9999,116,Monograph,Tlingit,North America,Northwest Coast and California,hunter-gatherers,,"556,614,681",https://ehrafworldcultures.yale.edu/sres/3365a9e8-3811-4711-b786-15fe60e9d202
0acd705c-97f7-42df-a338-9ab273a40a18,"Oberg, Kalervo, 1901-1973",The social economy of the Tlingit Indians,9999,142,Monograph,Tlingit,North America,Northwest Coast and California,hunter-gatherers,,"556,583,681",https://ehrafworldcultures.yale.edu/sres/0acd705c-97f7-42df-a338-9ab273a40a18
9fc31d84-c984-4303-955c-efd6420c929f,"Klein, Laura F. (Frances), 1946-",Tlingit women and town politics,1975,85,Monograph,Tlingit,North America,Northwest Coast and California,hunter-gatherers,,"152,683,754,755,756",https://ehrafworldcultures.yale.edu/sres/9fc31d84-c984-4303-955c-efd6420c929f
59dc8195-4878-474a-a6b5-7670951489f2,"Klein, Laura F. (Frances), 1946-",Tlingit women and town politics,1975,154,Monograph,Tlingit,North America,Northwest Coast and California,hunter-gatherers,,"464,625,632,689,692",https://ehrafworldcultures.yale.edu/sres/59dc8195-4878-474a-a6b5-7670951489f2
8798b1fb-ff55-4b97-9359-1aa652e59952,"Klein, Laura F. (Frances), 1946-",Tlingit women and town politics,1975,155,Monograph,Tlingit,North America,Northwest Coast and California,hunter-gatherers,,"000,364,463,632,681",https://ehrafworldcultures.yale.edu/sres/8798b1fb-ff55-4b97-9359-1aa652e59952
ae81f487-61f2-4e83-9c44-7a856be322fb,"Klein, Laura F. (Frances), 1946-",Tlingit women and town politics,1975,190,Monograph,Tlingit,North America,Northwest Coast and California,hunter-gatherers,,"178,582,616,684",https://ehrafworldcultures.yale.edu/sres/ae81f487-61f2-4e83-9c44-7a856be322fb
1e717906-4e4a-4f42-8e45-2fcdd762bce8,"De Laguna, Frederica, 1906-2204","Under Mount Saint Elias: the history and culture of the
         Yakutat Tlingit",1972,[p.461-c],Monograph,Tlingit,North America,Northwest Coast and California,hunter-gatherers,,"554,565,681",https://ehrafworldcultures.yale.edu/sres/1e717906-4e4a-4f42-8e45-2fcdd762bce8
7d06f83f-f3ac-4d7f-8f7a-431b9b260257,"De Laguna, Frederica, 1906-2204","Under Mount Saint Elias: the history and culture of the
         Yakutat Tlingit",1972,[p.468-b],Monograph,Tlingit,North America,Northwest Coast and California,hunter-gatherers,,"577,681,754",https://ehrafworldcultures.yale.edu/sres/7d06f83f-f3ac-4d7f-8f7a-431b9b260257
9c008fca-f421-46c2-ad7f-ad760eb3fc5d,"De Laguna, Frederica, 1906-2204","Under Mount Saint Elias: the history and culture of the
         Yakutat Tlingit",1972,[p.529-a],Monograph,Tlingit,North America,Northwest Coast and California,hunter-gatherers,,"578,684,837",https://ehrafworldcultures.yale.edu/sres/9c008fca-f421-46c2-ad7f-ad760eb3fc5d
3999863e-45e2-42ee-902a-243282440820,"De Laguna, Frederica, 1906-2204","Under Mount Saint Elias: the history and culture of the
         Yakutat Tlingit",1972,[p.592-c],Monograph,Tlingit,North America,Northwest Coast and California,hunter-gatherers,,"177,682,728",https://ehrafworldcultures.yale.edu/sres/3999863e-45e2-42ee-902a-243282440820
ba6584c1-9f0a-41cd-a51e-d63848cf3a7b,"De Laguna, Frederica, 1906-2204","Under Mount Saint Elias: the history and culture of the
         Yakutat Tlingit",1972,[p.595-b],Monograph,Tlingit,North America,Northwest Coast and California,hunter-gatherers,,"614,682,728",https://ehrafworldcultures.yale.edu/sres/ba6584c1-9f0a-41cd-a51e-d63848cf3a7b
fc09ca57-7d3d-459c-8caf-c2a610e8e697,"De Laguna, Frederica, 1906-2204","Under Mount Saint Elias: the history and culture of the
         Yakutat Tlingit",1972,[p.596-a],Monograph,Tlingit,North America,Northwest Coast and California,hunter-gatherers,,"614,682,728",https://ehrafworldcultures.yale.edu/sres/fc09ca57-7d3d-459c-8caf-c2a610e8e697
5edfe343-0dde-4ec6-90f5-54da12a779c7,"De Laguna, Frederica, 1906-2204","Under Mount Saint Elias: the history and culture of the
         Yakutat Tlingit",1972,[p.596-a],Monograph,Tlingit,North America,Northwest Coast and California,hunter-gatherers,,"614,682,728",https://ehrafworldcultures.yale.edu/sres/5edfe343-0dde-4ec6-90f5-54da12a779c7
b52d32e7-b3bb-42a0-bf3c-aac5ae8d0f83,"De Laguna, Frederica, 1906-2204","Under Mount Saint Elias: the history and culture of the
         Yakutat Tlingit",1972,[p.596-a],Monograph,Tlingit,North America,Northwest Coast and California,hunter-gatherers,,"567,614,682,728",https://ehrafworldcultures.yale.edu/sres/b52d32e7-b3bb-42a0-bf3c-aac5ae8d0f83
2f6cd948-455e-418b-b6e1-bc23a974c7d6,"De Laguna, Frederica, 1906-2204","Under Mount Saint Elias: the history and culture of the
         Yakutat Tlingit",1972,[p.596-b],Monograph,Tlingit,North America,Northwest Coast and California,hunter-gatherers,,"614,682,728",https://ehrafworldcultures.yale.edu/sres/2f6cd948-455e-418b-b6e1-bc23a974c7d6
b50e0350-0877-410d-893a-0ce0fbed9359,"De Laguna, Frederica, 1906-2204","Under Mount Saint Elias: the history and culture of the
         Yakutat Tlingit",1972,[p.596-b],Monograph,Tlingit,North America,Northwest Coast and California,hunter-gatherers,,"614,682,728",https://ehrafworldcultures.yale.edu/sres/b50e0350-0877-410d-893a-0ce0fbed9359
abb1256f-4d02-4832-baa4-6c21cd54aebb,"De Laguna, Frederica, 1906-2204","Under Mount Saint Elias: the history and culture of the
         Yakutat Tlingit",1972,[p.320-b],Monograph,Tlingit,North America,Northwest Coast and California,hunter-gatherers,,"175,342,614,682,756",https://ehrafworldcultures.yale.edu/sres/abb1256f-4d02-4832-baa4-6c21cd54aebb
bfa43dad-e1d7-4485-8dca-cfb15777be97,"De Laguna, Frederica, 1906-2204","Under Mount Saint Elias: the history and culture of the
         Yakutat Tlingit",1972,[p.729-a],Monograph,Tlingit,North America,Northwest Coast and California,hunter-gatherers,,"683,753,754,756,787",https://ehrafworldcultures.yale.edu/sres/bfa43dad-e1d7-4485-8dca-cfb15777be97
1cda1a35-675b-4a42-a8e7-d3094c2bac72,"De Laguna, Frederica, 1906-2204","Under Mount Saint Elias: the history and culture of the
         Yakutat Tlingit",1972,[p.735-a],Monograph,Tlingit,North America,Northwest Coast and California,hunter-gatherers,,"683,754",https://ehrafworldcultures.yale.edu/sres/1cda1a35-675b-4a42-a8e7-d3094c2bac72
163b6bb1-e7ad-4e21-8977-20f962da6b8e,"De Laguna, Frederica, 1906-2204","Under Mount Saint Elias: the history and culture of the
         Yakutat Tlingit",1972,[p.735-a],Monograph,Tlingit,North America,Northwest Coast and California,hunter-gatherers,,"683,754",https://ehrafworldcultures.yale.edu/sres/163b6bb1-e7ad-4e21-8977-20f962da6b8e
61aefb37-3d5a-4157-9f8c-8cbc8f124899,"De Laguna, Frederica, 1906-2204","Under Mount Saint Elias: the history and culture of the
         Yakutat Tlingit",1972,[p.735-b],Monograph,Tlingit,North America,Northwest Coast and California,hunter-gatherers,,"683,754,755",https://ehrafworldcultures.yale.edu/sres/61aefb37-3d5a-4157-9f8c-8cbc8f124899
ef58592e-395b-4549-b674-4384064f313e,"De Laguna, Frederica, 1906-2204","Under Mount Saint Elias: the history and culture of the
         Yakutat Tlingit",1972,[p.736-b],Monograph,Tlingit,North America,Northwest Coast and California,hunter-gatherers,,"683,754,755",https://ehrafworldcultures.yale.edu/sres/ef58592e-395b-4549-b674-4384064f313e
a3c0543b-9b06-4846-91e2-2027e1f8f43d,"De Laguna, Frederica, 1906-2204","Under Mount Saint Elias: the history and culture of the
         Yakutat Tlingit",1972,[p.737-a],Monograph,Tlingit,North America,Northwest Coast and California,hunter-gatherers,,"683,754",https://ehrafworldcultures.yale.edu/sres/a3c0543b-9b06-4846-91e2-2027e1f8f43d
89194974-14ce-4681-b449-a5b44a228808,"De Laguna, Frederica, 1906-2204","Under Mount Saint Elias: the history and culture of the
         Yakutat Tlingit",1972,[p.737-a],Monograph,Tlingit,North America,Northwest Coast and California,hunter-gatherers,,"683,754",https://ehrafworldcultures.yale.edu/sres/89194974-14ce-4681-b449-a5b44a228808
535ecf1f-f8f9-4c3e-8625-bee33a4dc117,"De Laguna, Frederica, 1906-2204","Under Mount Saint Elias: the history and culture of the
         Yakutat Tlingit",1972,[p.737-a],Monograph,Tlingit,North America,Northwest Coast and California,hunter-gatherers,,"683,754",https://ehrafworldcultures.yale.edu/sres/535ecf1f-f8f9-4c3e-8625-bee33a4dc117
4c11fba6-21ab-4218-959c-c0498bb7a223,"De Laguna, Frederica, 1906-2204","Under Mount Saint Elias: the history and culture of the
         Yakutat Tlingit",1972,[p.737-a],Monograph,Tlingit,North America,Northwest Coast and California,hunter-gatherers,,"683,754",https://ehrafworldcultures.yale.edu/sres/4c11fba6-21ab-4218-959c-c0498bb7a223
d2b8c005-7943-4d86-a058-99d8cada24ad,"De Laguna, Frederica, 1906-2204","Under Mount Saint Elias: the history and culture of the
         Yakutat Tlingit",1972,[p.737-a],Monograph,Tlingit,North America,Northwest Coast and California,hunter-gatherers,,"683,754",https://ehrafworldcultures.yale.edu/sres/d2b8c005-7943-4d86-a058-99d8cada24ad
cdacc75c-a274-4e7b-bb52-6cb3444ac9ff,"De Laguna, Frederica, 1906-2204","Under Mount Saint Elias: the history and culture of the
         Yakutat Tlingit",1972,[p.737-a],Monograph,Tlingit,North America,Northwest Coast and California,hunter-gatherers,,"683,754",https://ehrafworldcultures.yale.edu/sres/cdacc75c-a274-4e7b-bb52-6cb3444ac9ff
c643af73-98f9-4a1a-a052-477b5fb665ba,"De Laguna, Frederica, 1906-2204","Under Mount Saint Elias: the history and culture of the
         Yakutat Tlingit",1972,[p.737-b],Monograph,Tlingit,North America,Northwest Coast and California,hunter-gatherers,,"683,754",https://ehrafworldcultures.yale.edu/sres/c643af73-98f9-4a1a-a052-477b5fb665ba
d9fc7e9a-4fcc-423c-a5d2-21dd61354a23,"De Laguna, Frederica, 1906-2204","Under Mount Saint Elias: the history and culture of the
         Yakutat Tlingit",1972,[p.741-b],Monograph,Tlingit,North America,Northwest Coast and California,hunter-gatherers,,"539,683,754,755",https://ehrafworldcultures.yale.edu/sres/d9fc7e9a-4fcc-423c-a5d2-21dd61354a23
64417af4-64da-4264-bdf6-50325c2c597b,"De Laguna, Frederica, 1906-2204","Under Mount Saint Elias: the history and culture of the
         Yakutat Tlingit",1972,[p.741-b],Monograph,Tlingit,North America,Northwest Coast and California,hunter-gatherers,,"539,683,754,755",https://ehrafworldcultures.yale.edu/sres/64417af4-64da-4264-bdf6-50325c2c597b
4ea2d5f7-9b2f-4f32-bc89-f276e1917cba,"De Laguna, Frederica, 1906-2204","Under Mount Saint Elias: the history and culture of the
         Yakutat Tlingit",1972,[p.741-b],Monograph,Tlingit,North America,Northwest Coast and California,hunter-gatherers,,"539,683,754,755",https://ehrafworldcultures.yale.edu/sres/4ea2d5f7-9b2f-4f32-bc89-f276e1917cba
84192ed5-cb35-4dc6-a3f9-505c031686ec,"De Laguna, Frederica, 1906-2204","Under Mount Saint Elias: the history and culture of the
         Yakutat Tlingit",1972,[p.741-b],Monograph,Tlingit,North America,Northwest Coast and California,hunter-gatherers,,"539,683,754,755",https://ehrafworldcultures.yale.edu/sres/84192ed5-cb35-4dc6-a3f9-505c031686ec
a66ca880-2fee-4425-934d-ff24443c2d78,"De Laguna, Frederica, 1906-2204","Under Mount Saint Elias: the history and culture of the
         Yakutat Tlingit",1972,[p.814-a],Monograph,Tlingit,North America,Northwest Coast and California,hunter-gatherers,,"680,784",https://ehrafworldcultures.yale.edu/sres/a66ca880-2fee-4425-934d-ff24443c2d78
e34f5eab-9a66-44af-a9f5-0d8651a47b10,"De Laguna, Frederica, 1906-2204","Under Mount Saint Elias: the history and culture of the
         Yakutat Tlingit",1972,[p.814-a],Monograph,Tlingit,North America,Northwest Coast and California,hunter-gatherers,,"680,784",https://ehrafworldcultures.yale.edu/sres/e34f5eab-9a66-44af-a9f5-0d8651a47b10
c71d5408-5c13-4e88-b49c-76e3fc78c5c7,"De Laguna, Frederica, 1906-2204","Under Mount Saint Elias: the history and culture of the
         Yakutat Tlingit",1972,[p.814-a],Monograph,Tlingit,North America,Northwest Coast and California,hunter-gatherers,,"680,784",https://ehrafworldcultures.yale.edu/sres/c71d5408-5c13-4e88-b49c-76e3fc78c5c7
d48b098a-2043-4f95-a8e8-8139174c31bb,"De Laguna, Frederica, 1906-2204","Under Mount Saint Elias: the history and culture of the
         Yakutat Tlingit",1972,[p.814-a],Monograph,Tlingit,North America,Northwest Coast and California,hunter-gatherers,,"680,784",https://ehrafworldcultures.yale.edu/sres/d48b098a-2043-4f95-a8e8-8139174c31bb
94ad4a38-867e-4d0a-bd42-fa41d0872e91,"De Laguna, Frederica, 1906-2204","Under Mount Saint Elias: the history and culture of the
         Yakutat Tlingit",1972,[p.814-a],Monograph,Tlingit,North America,Northwest Coast and California,hunter-gatherers,,"680,784",https://ehrafworldcultures.yale.edu/sres/94ad4a38-867e-4d0a-bd42-fa41d0872e91
67c12c75-8788-4bd6-85ea-c97f004debd2,"De Laguna, Frederica, 1906-2204","Under Mount Saint Elias: the history and culture of the
         Yakutat Tlingit",1972,[p.814-b],Monograph,Tlingit,North America,Northwest Coast and California,hunter-gatherers,,"680,784",https://ehrafworldcultures.yale.edu/sres/67c12c75-8788-4bd6-85ea-c97f004debd2
43c6bde9-59f9-43e8-b9e9-959d9ef2eecd,"De Laguna, Frederica, 1906-2204","Under Mount Saint Elias: the history and culture of the
         Yakutat Tlingit",1972,[p.814-b],Monograph,Tlingit,North America,Northwest Coast and California,hunter-gatherers,,"680,784",https://ehrafworldcultures.yale.edu/sres/43c6bde9-59f9-43e8-b9e9-959d9ef2eecd
b4c33e1d-e508-4273-b7e7-48e1a437de88,"De Laguna, Frederica, 1906-2204","Under Mount Saint Elias: the history and culture of the
         Yakutat Tlingit",1972,[p.814-b],Monograph,Tlingit,North America,Northwest Coast and California,hunter-gatherers,,"680,784",https://ehrafworldcultures.yale.edu/sres/b4c33e1d-e508-4273-b7e7-48e1a437de88
a12d64e1-1a37-4f80-9cac-3e768084180c,"De Laguna, Frederica, 1906-2204","Under Mount Saint Elias: the history and culture of the
         Yakutat Tlingit",1972,[p.814-b],Monograph,Tlingit,North America,Northwest Coast and California,hunter-gatherers,,"680,784",https://ehrafworldcultures.yale.edu/sres/a12d64e1-1a37-4f80-9cac-3e768084180c
cafc63f7-f947-4f88-8ed2-c34d74581d55,"De Laguna, Frederica, 1906-2204","Under Mount Saint Elias: the history and culture of the
         Yakutat Tlingit",1972,[p.814-b],Monograph,Tlingit,North America,Northwest Coast and California,hunter-gatherers,,"680,784",https://ehrafworldcultures.yale.edu/sres/cafc63f7-f947-4f88-8ed2-c34d74581d55
ff61afd5-bdb6-4f9f-899a-40c1ff2691bd,"De Laguna, Frederica, 1906-2204","Under Mount Saint Elias: the history and culture of the
         Yakutat Tlingit",1972,[p.814-b],Monograph,Tlingit,North America,Northwest Coast and California,hunter-gatherers,,"680,784",https://ehrafworldcultures.yale.edu/sres/ff61afd5-bdb6-4f9f-899a-40c1ff2691bd
40d69c7d-8d56-43d1-b789-b8d4a6b795d0,"De Laguna, Frederica, 1906-2204","Under Mount Saint Elias: the history and culture of the
         Yakutat Tlingit",1972,[p.814-b],Monograph,Tlingit,North America,Northwest Coast and California,hunter-gatherers,,"680,784",https://ehrafworldcultures.yale.edu/sres/40d69c7d-8d56-43d1-b789-b8d4a6b795d0
4495c647-c666-4ac3-94ac-fbc926f14f67,"De Laguna, Frederica, 1906-2204","Under Mount Saint Elias: the history and culture of the
         Yakutat Tlingit",1972,[p.814-b],Monograph,Tlingit,North America,Northwest Coast and California,hunter-gatherers,,"680,784",https://ehrafworldcultures.yale.edu/sres/4495c647-c666-4ac3-94ac-fbc926f14f67
390a862d-8481-4909-8f4a-4493ad1e3cc8,"Krause, Aurel, 1848-","The Tlingit Indians: results of a trip to the northwest coast
         of America and the Bering Straits",1956,84,Monograph,Tlingit,North America,Northwest Coast and California,hunter-gatherers,,"554,682,683",https://ehrafworldcultures.yale.edu/sres/390a862d-8481-4909-8f4a-4493ad1e3cc8
f5fcd66a-c46d-4c06-80ca-752f65ee4680,"Krause, Aurel, 1848-","The Tlingit Indians: results of a trip to the northwest coast
         of America and the Bering Straits",1956,154,Monograph,Tlingit,North America,Northwest Coast and California,hunter-gatherers,,"595,684",https://ehrafworldcultures.yale.edu/sres/f5fcd66a-c46d-4c06-80ca-752f65ee4680
a71210cd-08f2-429e-a74f-98cceb3fda72,"Krause, Aurel, 1848-","The Tlingit Indians: results of a trip to the northwest coast
         of America and the Bering Straits",1956,200,Monograph,Tlingit,North America,Northwest Coast and California,hunter-gatherers,,"683,754",https://ehrafworldcultures.yale.edu/sres/a71210cd-08f2-429e-a74f-98cceb3fda72
41c391a6-4897-423a-83ce-50fb1066af7c,"Krause, Aurel, 1848-","The Tlingit Indians: results of a trip to the northwest coast
         of America and the Bering Straits",1956,203,Monograph,Tlingit,North America,Northwest Coast and California,hunter-gatherers,,"000,683,754",https://ehrafworldcultures.yale.edu/sres/41c391a6-4897-423a-83ce-50fb1066af7c
bd8ed904-2a8b-47b6-8cae-767701ca3552,"Krause, Aurel, 1848-","The Tlingit Indians: results of a trip to the northwest coast
         of America and the Bering Straits",1956,203,Monograph,Tlingit,North America,Northwest Coast and California,hunter-gatherers,,"532,683,754",https://ehrafworldcultures.yale.edu/sres/bd8ed904-2a8b-47b6-8cae-767701ca3552
