uuid,Primary_Author,Title,Published,Page,DocType,Culture,Region,Subregion,Subsistence,OCM,IDs,Permalink
04dc8ef3-4e8c-42fb-b628-28a64f386cbb,"Gluckman, Max, 1911-1975","The judicial process among the Barotse of Northern
         Rhodesia",1967,99,Monograph,Lozi,Africa,Southern Africa,other subsistence combinations,,"175,622,627,695,696",https://ehrafworldcultures.yale.edu/sres/04dc8ef3-4e8c-42fb-b628-28a64f386cbb
d70018ff-d881-4913-9564-7e630cafa866,"Gluckman, Max, 1911-1975","The judicial process among the Barotse of Northern
         Rhodesia",1967,100,Monograph,Lozi,Africa,Southern Africa,other subsistence combinations,,"175,622,627,695,696",https://ehrafworldcultures.yale.edu/sres/d70018ff-d881-4913-9564-7e630cafa866
69629547-a6d2-4162-b681-99fe28e58476,"Gluckman, Max, 1911-1975","The judicial process among the Barotse of Northern
         Rhodesia",1967,100,Monograph,Lozi,Africa,Southern Africa,other subsistence combinations,,"175,622,627,695,696",https://ehrafworldcultures.yale.edu/sres/69629547-a6d2-4162-b681-99fe28e58476
2993d7e9-339e-45c9-b95e-5d6c52b20bf1,"Gluckman, Max, 1911-1975","The judicial process among the Barotse of Northern
         Rhodesia",1967,100,Monograph,Lozi,Africa,Southern Africa,other subsistence combinations,,"175,622,627,643,695,696",https://ehrafworldcultures.yale.edu/sres/2993d7e9-339e-45c9-b95e-5d6c52b20bf1
6e0338d6-d85d-408d-bbb5-225897a05b8c,"Gluckman, Max, 1911-1975","The judicial process among the Barotse of Northern
         Rhodesia",1967,100,Monograph,Lozi,Africa,Southern Africa,other subsistence combinations,,"175,622,627,695,696",https://ehrafworldcultures.yale.edu/sres/6e0338d6-d85d-408d-bbb5-225897a05b8c
7facdbe5-34a9-4c40-96d8-8b9499acc435,"Gluckman, Max, 1911-1975",Essays on Lozi land and royal property,1943,15,Monograph,Lozi,Africa,Southern Africa,other subsistence combinations,,"641,675,686,696",https://ehrafworldcultures.yale.edu/sres/7facdbe5-34a9-4c40-96d8-8b9499acc435
82d6bb72-6ed5-4236-9bd4-a1b3e40f59cd,"Gluckman, Max, 1911-1975",Essays on Lozi land and royal property,1943,76,Monograph,Lozi,Africa,Southern Africa,other subsistence combinations,,"438,463,651,686,696",https://ehrafworldcultures.yale.edu/sres/82d6bb72-6ed5-4236-9bd4-a1b3e40f59cd
fbae890c-8aaf-4607-a63f-c999a956f3f9,"Gluckman, Max, 1911-1975","The judicial process among the Barotse of Northern
         Rhodesia",1967,75,Monograph,Lozi,Africa,Southern Africa,other subsistence combinations,,"563,643,685,695,696,875",https://ehrafworldcultures.yale.edu/sres/fbae890c-8aaf-4607-a63f-c999a956f3f9
eef9049f-7ac5-4479-b967-a22aaf23c0b6,"Gluckman, Max, 1911-1975","The judicial process among the Barotse of Northern
         Rhodesia",1967,76,Monograph,Lozi,Africa,Southern Africa,other subsistence combinations,,"563,685,695,696,875",https://ehrafworldcultures.yale.edu/sres/eef9049f-7ac5-4479-b967-a22aaf23c0b6
d198db9b-71b9-415e-9cf1-6f7f5575fb4f,"Gluckman, Max, 1911-1975","The judicial process among the Barotse of Northern
         Rhodesia",1967,76,Monograph,Lozi,Africa,Southern Africa,other subsistence combinations,,"563,685,695,696,875",https://ehrafworldcultures.yale.edu/sres/d198db9b-71b9-415e-9cf1-6f7f5575fb4f
cb94bc5a-f3a1-4fb8-8a49-93a8c4ba6d2a,"Gluckman, Max, 1911-1975","The judicial process among the Barotse of Northern
         Rhodesia",1967,76,Monograph,Lozi,Africa,Southern Africa,other subsistence combinations,,"563,685,695,696,875",https://ehrafworldcultures.yale.edu/sres/cb94bc5a-f3a1-4fb8-8a49-93a8c4ba6d2a
def9122f-7ae0-404f-afd0-0d52dab1c0b7,"Gluckman, Max, 1911-1975","The judicial process among the Barotse of Northern
         Rhodesia",1967,76,Monograph,Lozi,Africa,Southern Africa,other subsistence combinations,,"563,685,695,696,875",https://ehrafworldcultures.yale.edu/sres/def9122f-7ae0-404f-afd0-0d52dab1c0b7
c9018541-9a11-460d-b068-30ea9138b231,"Gluckman, Max, 1911-1975","The judicial process among the Barotse of Northern
         Rhodesia",1967,76,Monograph,Lozi,Africa,Southern Africa,other subsistence combinations,,"563,685,695,696,875",https://ehrafworldcultures.yale.edu/sres/c9018541-9a11-460d-b068-30ea9138b231
60ca5b38-f77f-49d8-a9fd-9aa2cc616a2f,"Gluckman, Max, 1911-1975","The judicial process among the Barotse of Northern
         Rhodesia",1967,76,Monograph,Lozi,Africa,Southern Africa,other subsistence combinations,,"563,685,695,696,875",https://ehrafworldcultures.yale.edu/sres/60ca5b38-f77f-49d8-a9fd-9aa2cc616a2f
54cabec6-6f72-48df-8f9b-41149a0016a1,"Gluckman, Max, 1911-1975","The judicial process among the Barotse of Northern
         Rhodesia",1967,76,Monograph,Lozi,Africa,Southern Africa,other subsistence combinations,,"563,685,695,696,875",https://ehrafworldcultures.yale.edu/sres/54cabec6-6f72-48df-8f9b-41149a0016a1
9096c5cc-1a56-450e-bad0-afab95383403,"Gluckman, Max, 1911-1975","The judicial process among the Barotse of Northern
         Rhodesia",1967,76,Monograph,Lozi,Africa,Southern Africa,other subsistence combinations,,"563,685,695,696,875",https://ehrafworldcultures.yale.edu/sres/9096c5cc-1a56-450e-bad0-afab95383403
75277995-31c8-463a-a28d-de35e7c93504,"Gluckman, Max, 1911-1975","The judicial process among the Barotse of Northern
         Rhodesia",1967,76,Monograph,Lozi,Africa,Southern Africa,other subsistence combinations,,"563,685,695,696,875",https://ehrafworldcultures.yale.edu/sres/75277995-31c8-463a-a28d-de35e7c93504
27277a1d-e76e-42c0-be64-30de29922390,"Gluckman, Max, 1911-1975","The judicial process among the Barotse of Northern
         Rhodesia",1967,76,Monograph,Lozi,Africa,Southern Africa,other subsistence combinations,,"563,685,695,696,875",https://ehrafworldcultures.yale.edu/sres/27277a1d-e76e-42c0-be64-30de29922390
683b2f45-5253-4330-927a-6474c9bfdb46,"Gluckman, Max, 1911-1975","The judicial process among the Barotse of Northern
         Rhodesia",1967,88,Monograph,Lozi,Africa,Southern Africa,other subsistence combinations,,"622,623,625,643,648,683,685,695,696",https://ehrafworldcultures.yale.edu/sres/683b2f45-5253-4330-927a-6474c9bfdb46
4e3a508f-9b31-4071-af3c-6eac9756017e,"Gluckman, Max, 1911-1975","The judicial process among the Barotse of Northern
         Rhodesia",1967,89,Monograph,Lozi,Africa,Southern Africa,other subsistence combinations,,"622,623,625,643,648,683,685,695,696",https://ehrafworldcultures.yale.edu/sres/4e3a508f-9b31-4071-af3c-6eac9756017e
e17bad68-67c6-473f-b4e0-e6f2c2e68887,"Gluckman, Max, 1911-1975","The judicial process among the Barotse of Northern
         Rhodesia",1967,89,Monograph,Lozi,Africa,Southern Africa,other subsistence combinations,,"622,623,625,643,648,683,685,695,696",https://ehrafworldcultures.yale.edu/sres/e17bad68-67c6-473f-b4e0-e6f2c2e68887
895eefee-2ce7-4603-b7bc-ab15c61f82d7,"Gluckman, Max, 1911-1975","The judicial process among the Barotse of Northern
         Rhodesia",1967,89,Monograph,Lozi,Africa,Southern Africa,other subsistence combinations,,"622,623,625,643,648,683,685,695,696",https://ehrafworldcultures.yale.edu/sres/895eefee-2ce7-4603-b7bc-ab15c61f82d7
45eab77f-b38a-4852-9c02-fd43263c2575,"Gluckman, Max, 1911-1975","The judicial process among the Barotse of Northern
         Rhodesia",1967,89,Monograph,Lozi,Africa,Southern Africa,other subsistence combinations,,"622,623,625,643,648,683,685,695,696",https://ehrafworldcultures.yale.edu/sres/45eab77f-b38a-4852-9c02-fd43263c2575
69709c3c-aa43-425c-81d5-cec864071eb1,"Gluckman, Max, 1911-1975","The judicial process among the Barotse of Northern
         Rhodesia",1967,119,Monograph,Lozi,Africa,Southern Africa,other subsistence combinations,,"586,593,606,684,696",https://ehrafworldcultures.yale.edu/sres/69709c3c-aa43-425c-81d5-cec864071eb1
cb942a60-6797-414e-84af-790acc8036e2,"Gluckman, Max, 1911-1975","The judicial process among the Barotse of Northern
         Rhodesia",1967,120,Monograph,Lozi,Africa,Southern Africa,other subsistence combinations,,"137,241,291,344,361,516,606,684,690,695,696",https://ehrafworldcultures.yale.edu/sres/cb942a60-6797-414e-84af-790acc8036e2
f66f41d1-2e27-41ad-bb22-ecea772d4904,"Gluckman, Max, 1911-1975","The judicial process among the Barotse of Northern
         Rhodesia",1967,121,Monograph,Lozi,Africa,Southern Africa,other subsistence combinations,,"606,681,684,696",https://ehrafworldcultures.yale.edu/sres/f66f41d1-2e27-41ad-bb22-ecea772d4904
a7b3984a-b352-4049-9c9f-ecc2ec5be656,"Gluckman, Max, 1911-1975","The judicial process among the Barotse of Northern
         Rhodesia",1967,121,Monograph,Lozi,Africa,Southern Africa,other subsistence combinations,,"606,684,696",https://ehrafworldcultures.yale.edu/sres/a7b3984a-b352-4049-9c9f-ecc2ec5be656
e504a838-3c22-4182-a2bf-cd49b2995127,"Gluckman, Max, 1911-1975","The judicial process among the Barotse of Northern
         Rhodesia",1967,133,Monograph,Lozi,Africa,Southern Africa,other subsistence combinations,,"684,696",https://ehrafworldcultures.yale.edu/sres/e504a838-3c22-4182-a2bf-cd49b2995127
acd85c63-2cb5-473a-9c72-c67391a30255,"Gluckman, Max, 1911-1975","The judicial process among the Barotse of Northern
         Rhodesia",1967,221,Monograph,Lozi,Africa,Southern Africa,other subsistence combinations,,"684,696",https://ehrafworldcultures.yale.edu/sres/acd85c63-2cb5-473a-9c72-c67391a30255
5273fa84-a070-4371-8d58-032a44ce6f30,"Gluckman, Max, 1911-1975","The judicial process among the Barotse of Northern
         Rhodesia",1967,267,Monograph,Lozi,Africa,Southern Africa,other subsistence combinations,,"684,695,696",https://ehrafworldcultures.yale.edu/sres/5273fa84-a070-4371-8d58-032a44ce6f30
f43ff100-bc9d-4e56-9003-a0693f684ccb,"Gluckman, Max, 1911-1975","The judicial process among the Barotse of Northern
         Rhodesia",1967,439,Monograph,Lozi,Africa,Southern Africa,other subsistence combinations,,"684,696",https://ehrafworldcultures.yale.edu/sres/f43ff100-bc9d-4e56-9003-a0693f684ccb
88e5890f-2fd6-4a03-91c5-22cc660093df,"Reynolds, Barrie","Magic, divination and witchcraft among the Barotse of Northern
         Rhodesia",1963,164,Monograph,Lozi,Africa,Southern Africa,other subsistence combinations,,"648,683,696,754,755",https://ehrafworldcultures.yale.edu/sres/88e5890f-2fd6-4a03-91c5-22cc660093df
75b4c4df-ed61-4c90-9417-2579e21b4e6b,"Gluckman, Max, 1911-1975","The judicial process among the Barotse of Northern
         Rhodesia",1967,25,Monograph,Lozi,Africa,Southern Africa,other subsistence combinations,,"128,578,626,681,691,754",https://ehrafworldcultures.yale.edu/sres/75b4c4df-ed61-4c90-9417-2579e21b4e6b
9804c0a8-4d5b-46d3-b998-4703a230e349,"Reynolds, Barrie","Magic, divination and witchcraft among the Barotse of Northern
         Rhodesia",1963,147,Monograph,Lozi,Africa,Southern Africa,other subsistence combinations,,"156,626,683",https://ehrafworldcultures.yale.edu/sres/9804c0a8-4d5b-46d3-b998-4703a230e349
1bed8223-0e73-4db2-b86c-c1e969ddfd7e,"Reynolds, Barrie","Magic, divination and witchcraft among the Barotse of Northern
         Rhodesia",1963,147,Monograph,Lozi,Africa,Southern Africa,other subsistence combinations,,"156,171,626,683",https://ehrafworldcultures.yale.edu/sres/1bed8223-0e73-4db2-b86c-c1e969ddfd7e
e1928b8e-acf1-4a3e-8899-97ec77e3a9a6,"Beierle, John",Culture summary: Lozi,1995,7,Manuscript,Lozi,Africa,Southern Africa,other subsistence combinations,,"626,681,692",https://ehrafworldcultures.yale.edu/sres/e1928b8e-acf1-4a3e-8899-97ec77e3a9a6
af8a4381-2298-4aff-9083-38e9592a0f11,"Gluckman, Max, 1911-1975","The judicial process among the Barotse of Northern
         Rhodesia",1967,99,Monograph,Lozi,Africa,Southern Africa,other subsistence combinations,,"178,622,627,683,684,695",https://ehrafworldcultures.yale.edu/sres/af8a4381-2298-4aff-9083-38e9592a0f11
a8f5d1a5-3124-4fe3-a8ea-5bd8393d88c9,"Gluckman, Max, 1911-1975","The judicial process among the Barotse of Northern
         Rhodesia",1967,144,Monograph,Lozi,Africa,Southern Africa,other subsistence combinations,,"586,595,627,686,695",https://ehrafworldcultures.yale.edu/sres/a8f5d1a5-3124-4fe3-a8ea-5bd8393d88c9
2b1e9bcf-878a-43a8-b356-a2fc101ac514,"Gluckman, Max, 1911-1975","The judicial process among the Barotse of Northern
         Rhodesia",1967,144,Monograph,Lozi,Africa,Southern Africa,other subsistence combinations,,"586,595,627,686,695",https://ehrafworldcultures.yale.edu/sres/2b1e9bcf-878a-43a8-b356-a2fc101ac514
2d6bfce6-2564-416d-8d2e-22f4d3c703d0,"Gluckman, Max, 1911-1975","The judicial process among the Barotse of Northern
         Rhodesia",1967,144,Monograph,Lozi,Africa,Southern Africa,other subsistence combinations,,"586,595,627,686,695",https://ehrafworldcultures.yale.edu/sres/2d6bfce6-2564-416d-8d2e-22f4d3c703d0
ed1c9f35-bdf9-4b5d-b527-cf0596cb50f3,"Reynolds, Barrie","Magic, divination and witchcraft among the Barotse of Northern
         Rhodesia",1963,126,Monograph,Lozi,Africa,Southern Africa,other subsistence combinations,,"627,683,755,811",https://ehrafworldcultures.yale.edu/sres/ed1c9f35-bdf9-4b5d-b527-cf0596cb50f3
630555ff-687e-4cc0-8826-128592cac619,"Jensen, Adolf E.","The political organization and the historical traditions of
         the Barotse on the upper Zambesi",1932,17,Essay,Lozi,Africa,Southern Africa,other subsistence combinations,,"645,646,696,778",https://ehrafworldcultures.yale.edu/sres/630555ff-687e-4cc0-8826-128592cac619
840a9f15-9adb-4ae4-9bd7-84b88836303d,"Gluckman, Max, 1911-1975","The judicial process among the Barotse of Northern
         Rhodesia",1967,3,Monograph,Lozi,Africa,Southern Africa,other subsistence combinations,,"101,102,103,133,162,361,696",https://ehrafworldcultures.yale.edu/sres/840a9f15-9adb-4ae4-9bd7-84b88836303d
dffa3edb-b51e-43e2-ab54-a4a40fca562d,"Gluckman, Max, 1911-1975","The judicial process among the Barotse of Northern
         Rhodesia",1967,120,Monograph,Lozi,Africa,Southern Africa,other subsistence combinations,,696,https://ehrafworldcultures.yale.edu/sres/dffa3edb-b51e-43e2-ab54-a4a40fca562d
b24b83e1-c552-4449-a033-5515f5958af1,"Gluckman, Max, 1911-1975","The judicial process among the Barotse of Northern
         Rhodesia",1967,248,Monograph,Lozi,Africa,Southern Africa,other subsistence combinations,,696,https://ehrafworldcultures.yale.edu/sres/b24b83e1-c552-4449-a033-5515f5958af1
d8f54393-efd4-496b-aea3-a885e9a7aa5a,"Gluckman, Max, 1911-1975","The judicial process among the Barotse of Northern
         Rhodesia",1967,434,Monograph,Lozi,Africa,Southern Africa,other subsistence combinations,,"184,423,563,578,604,696,754",https://ehrafworldcultures.yale.edu/sres/d8f54393-efd4-496b-aea3-a885e9a7aa5a
b079d1bc-c9f0-4ef8-af48-f0802191f364,"Gluckman, Max, 1911-1975","The judicial process among the Barotse of Northern
         Rhodesia",1967,436,Monograph,Lozi,Africa,Southern Africa,other subsistence combinations,,"361,425,565,695,696",https://ehrafworldcultures.yale.edu/sres/b079d1bc-c9f0-4ef8-af48-f0802191f364
ff5d7429-0122-4ee6-8d08-d6efdebc0071,"Gluckman, Max, 1911-1975","The judicial process among the Barotse of Northern
         Rhodesia",1967,26,Monograph,Lozi,Africa,Southern Africa,other subsistence combinations,,"128,626,641,692",https://ehrafworldcultures.yale.edu/sres/ff5d7429-0122-4ee6-8d08-d6efdebc0071
aadc5331-56cf-429e-8e54-611038556c49,"Gluckman, Max, 1911-1975","The judicial process among the Barotse of Northern
         Rhodesia",1967,67,Monograph,Lozi,Africa,Southern Africa,other subsistence combinations,,"113,586,593,602,626,695",https://ehrafworldcultures.yale.edu/sres/aadc5331-56cf-429e-8e54-611038556c49
cef62905-fb32-42d0-9bd8-fd01c20eb4b4,"Prins, Gwyn","The hidden hippopotamus: reappraisal in African
         history",1980,89,Monograph,Lozi,Africa,Southern Africa,other subsistence combinations,,"264,567,621,626",https://ehrafworldcultures.yale.edu/sres/cef62905-fb32-42d0-9bd8-fd01c20eb4b4
ec7d897e-cbd2-4f4a-b8e7-927581fee94e,"Gluckman, Max, 1911-1975","Kinship and marriage among the Lozi of Northern Rhodesia and
         the Zulu of Natal",1950,181,Essay,Lozi,Africa,Southern Africa,other subsistence combinations,,"586,602,627,692,837",https://ehrafworldcultures.yale.edu/sres/ec7d897e-cbd2-4f4a-b8e7-927581fee94e
dbfd8774-5f5a-4f6a-9d8a-ea3c4edfd568,"Jensen, Adolf E.","The political organization and the historical traditions of
         the Barotse on the upper Zambesi",1932,20,Essay,Lozi,Africa,Southern Africa,other subsistence combinations,,"484,593,627,631,634,646,692",https://ehrafworldcultures.yale.edu/sres/dbfd8774-5f5a-4f6a-9d8a-ea3c4edfd568
04008b43-644d-4394-b896-70aa6d90a756,"Gluckman, Max, 1911-1975","The judicial process among the Barotse of Northern
         Rhodesia",1967,98,Monograph,Lozi,Africa,Southern Africa,other subsistence combinations,,"602,627,695,754,787",https://ehrafworldcultures.yale.edu/sres/04008b43-644d-4394-b896-70aa6d90a756
784d5594-b7fb-4f6b-b028-f8a836ecd07e,"Gluckman, Max, 1911-1975","The judicial process among the Barotse of Northern
         Rhodesia",1967,98,Monograph,Lozi,Africa,Southern Africa,other subsistence combinations,,"602,627,695,754",https://ehrafworldcultures.yale.edu/sres/784d5594-b7fb-4f6b-b028-f8a836ecd07e
b9376b9f-7097-4da7-a3b0-4730878101ad,"Gluckman, Max, 1911-1975","The judicial process among the Barotse of Northern
         Rhodesia",1967,156,Monograph,Lozi,Africa,Southern Africa,other subsistence combinations,,"183,571,627",https://ehrafworldcultures.yale.edu/sres/b9376b9f-7097-4da7-a3b0-4730878101ad
c17b9602-e9ab-4d17-893f-8d89026aa1c9,"Gluckman, Max, 1911-1975","The judicial process among the Barotse of Northern
         Rhodesia",1967,373,Monograph,Lozi,Africa,Southern Africa,other subsistence combinations,,627,https://ehrafworldcultures.yale.edu/sres/c17b9602-e9ab-4d17-893f-8d89026aa1c9
f6efc696-730d-47c9-ad7e-d094ae1e1134,"Reynolds, Barrie","Magic, divination and witchcraft among the Barotse of Northern
         Rhodesia",1963,121,Monograph,Lozi,Africa,Southern Africa,other subsistence combinations,,"627,755",https://ehrafworldcultures.yale.edu/sres/f6efc696-730d-47c9-ad7e-d094ae1e1134
25642c04-a234-43b1-85cf-d5ed48801d48,"Gluckman, Max, 1911-1975","Kinship and marriage among the Lozi of Northern Rhodesia and
         the Zulu of Natal",1950,180,Essay,Lozi,Africa,Southern Africa,other subsistence combinations,,"177,561,577,581,582,643,684,829,836,837",https://ehrafworldcultures.yale.edu/sres/25642c04-a234-43b1-85cf-d5ed48801d48
7c3f7361-65ff-425f-bd1d-c1b3b7a85984,"Gluckman, Max, 1911-1975","Kinship and marriage among the Lozi of Northern Rhodesia and
         the Zulu of Natal",1950,183,Essay,Lozi,Africa,Southern Africa,other subsistence combinations,,"171,583,587,613,684",https://ehrafworldcultures.yale.edu/sres/7c3f7361-65ff-425f-bd1d-c1b3b7a85984
6990f8e1-67f8-473f-a1fd-92d71c8dddf2,"Gluckman, Max, 1911-1975","Kinship and marriage among the Lozi of Northern Rhodesia and
         the Zulu of Natal",1950,186,Essay,Lozi,Africa,Southern Africa,other subsistence combinations,,"583,586,684,837",https://ehrafworldcultures.yale.edu/sres/6990f8e1-67f8-473f-a1fd-92d71c8dddf2
efae77ea-33e0-4a22-9ec8-c24a42beef21,"Gluckman, Max, 1911-1975","Kinship and marriage among the Lozi of Northern Rhodesia and
         the Zulu of Natal",1950,189,Essay,Lozi,Africa,Southern Africa,other subsistence combinations,,"171,581,587,593,684,851",https://ehrafworldcultures.yale.edu/sres/efae77ea-33e0-4a22-9ec8-c24a42beef21
e3beddd7-3a10-466c-a954-2ea03c8b5a98,"Jensen, Adolf E.","The political organization and the historical traditions of
         the Barotse on the upper Zambesi",1932,20,Essay,Lozi,Africa,Southern Africa,other subsistence combinations,,"114,634,684,692,695",https://ehrafworldcultures.yale.edu/sres/e3beddd7-3a10-466c-a954-2ea03c8b5a98
4f135e72-e95b-44b2-ae51-20ffc886f3ba,"Jensen, Adolf E.","The political organization and the historical traditions of
         the Barotse on the upper Zambesi",1932,21,Essay,Lozi,Africa,Southern Africa,other subsistence combinations,,"684,695",https://ehrafworldcultures.yale.edu/sres/4f135e72-e95b-44b2-ae51-20ffc886f3ba
683e5408-3af2-40fe-a79b-c621b53a29e8,"Jensen, Adolf E.","The political organization and the historical traditions of
         the Barotse on the upper Zambesi",1932,21,Essay,Lozi,Africa,Southern Africa,other subsistence combinations,,"684,695",https://ehrafworldcultures.yale.edu/sres/683e5408-3af2-40fe-a79b-c621b53a29e8
dda433fb-9ded-485b-b7f0-15bc73b1b826,"Jensen, Adolf E.","The political organization and the historical traditions of
         the Barotse on the upper Zambesi",1932,21,Essay,Lozi,Africa,Southern Africa,other subsistence combinations,,"684,695",https://ehrafworldcultures.yale.edu/sres/dda433fb-9ded-485b-b7f0-15bc73b1b826
2c288068-db00-46aa-a266-a476b2e0cad4,"Jensen, Adolf E.","The political organization and the historical traditions of
         the Barotse on the upper Zambesi",1932,22,Essay,Lozi,Africa,Southern Africa,other subsistence combinations,,"684,695",https://ehrafworldcultures.yale.edu/sres/2c288068-db00-46aa-a266-a476b2e0cad4
83827140-96e7-4499-b27a-a0221f372254,"Jensen, Adolf E.","The political organization and the historical traditions of
         the Barotse on the upper Zambesi",1932,22,Essay,Lozi,Africa,Southern Africa,other subsistence combinations,,"684,695",https://ehrafworldcultures.yale.edu/sres/83827140-96e7-4499-b27a-a0221f372254
6e78441c-0212-4584-841d-86d5bcece2a0,"Gluckman, Max, 1911-1975",Essays on Lozi land and royal property,1943,15,Monograph,Lozi,Africa,Southern Africa,other subsistence combinations,,"226,565,641,683,686,694",https://ehrafworldcultures.yale.edu/sres/6e78441c-0212-4584-841d-86d5bcece2a0
a97d4070-a397-458a-a0f4-51da14870ec3,"Gluckman, Max, 1911-1975",Essays on Lozi land and royal property,1943,19,Monograph,Lozi,Africa,Southern Africa,other subsistence combinations,,"646,656,685",https://ehrafworldcultures.yale.edu/sres/a97d4070-a397-458a-a0f4-51da14870ec3
3eaf9258-c2a6-47c4-a76a-cdbb26ec36a0,"Gluckman, Max, 1911-1975",Essays on Lozi land and royal property,1943,23,Monograph,Lozi,Africa,Southern Africa,other subsistence combinations,,"423,621,685",https://ehrafworldcultures.yale.edu/sres/3eaf9258-c2a6-47c4-a76a-cdbb26ec36a0
80cbf2ac-551d-4d71-b106-055094b5deda,"Gluckman, Max, 1911-1975",Essays on Lozi land and royal property,1943,27,Monograph,Lozi,Africa,Southern Africa,other subsistence combinations,,"121,423,685,695",https://ehrafworldcultures.yale.edu/sres/80cbf2ac-551d-4d71-b106-055094b5deda
5d56834b-9542-48ec-9637-cbbe9dee58f0,"Gluckman, Max, 1911-1975",Essays on Lozi land and royal property,1943,72,Monograph,Lozi,Africa,Southern Africa,other subsistence combinations,,"565,685",https://ehrafworldcultures.yale.edu/sres/5d56834b-9542-48ec-9637-cbbe9dee58f0
da8db555-4ba8-4c92-8867-04ad94e19c37,"Gluckman, Max, 1911-1975",Essays on Lozi land and royal property,1943,77,Monograph,Lozi,Africa,Southern Africa,other subsistence combinations,,"178,437,438,565,631,643,686",https://ehrafworldcultures.yale.edu/sres/da8db555-4ba8-4c92-8867-04ad94e19c37
633af4d6-641b-4875-b880-699ebaffa9c3,"Gluckman, Max, 1911-1975",Essays on Lozi land and royal property,1943,78,Monograph,Lozi,Africa,Southern Africa,other subsistence combinations,,"178,435,437,651,686,692",https://ehrafworldcultures.yale.edu/sres/633af4d6-641b-4875-b880-699ebaffa9c3
7d47d500-4610-4f66-8076-2baa10ed8ff4,"Gluckman, Max, 1911-1975",Essays on Lozi land and royal property,1943,79,Monograph,Lozi,Africa,Southern Africa,other subsistence combinations,,"641,643,651,687",https://ehrafworldcultures.yale.edu/sres/7d47d500-4610-4f66-8076-2baa10ed8ff4
b9001244-5ef6-492d-a914-e313ab98c28f,"Gluckman, Max, 1911-1975",Essays on Lozi land and royal property,1943,83,Monograph,Lozi,Africa,Southern Africa,other subsistence combinations,,"466,643,648,686",https://ehrafworldcultures.yale.edu/sres/b9001244-5ef6-492d-a914-e313ab98c28f
d61d3bfa-6345-4126-bb8e-6548cd06c74a,"Gluckman, Max, 1911-1975",Essays on Lozi land and royal property,1943,87,Monograph,Lozi,Africa,Southern Africa,other subsistence combinations,,"224,422,643,671,687",https://ehrafworldcultures.yale.edu/sres/d61d3bfa-6345-4126-bb8e-6548cd06c74a
d2e2a873-a88b-47c9-890c-93dc307dda79,"Gluckman, Max, 1911-1975",Essays on Lozi land and royal property,1943,88,Monograph,Lozi,Africa,Southern Africa,other subsistence combinations,,"177,224,643,687",https://ehrafworldcultures.yale.edu/sres/d2e2a873-a88b-47c9-890c-93dc307dda79
cc9074c9-54b4-408d-9778-365c6d84cdb9,"Gluckman, Max, 1911-1975",Essays on Lozi land and royal property,1943,88,Monograph,Lozi,Africa,Southern Africa,other subsistence combinations,,"224,422,643,648,687",https://ehrafworldcultures.yale.edu/sres/cc9074c9-54b4-408d-9778-365c6d84cdb9
d4e771cc-c271-48ca-9fe0-4707585536d3,"Gluckman, Max, 1911-1975",Essays on Lozi land and royal property,1943,88,Monograph,Lozi,Africa,Southern Africa,other subsistence combinations,,"224,233,643,687",https://ehrafworldcultures.yale.edu/sres/d4e771cc-c271-48ca-9fe0-4707585536d3
d91cef41-4644-46bd-8112-42689da4025b,"Gluckman, Max, 1911-1975",Essays on Lozi land and royal property,1943,89,Monograph,Lozi,Africa,Southern Africa,other subsistence combinations,,"224,687",https://ehrafworldcultures.yale.edu/sres/d91cef41-4644-46bd-8112-42689da4025b
b2722edd-9d1d-4dae-aa37-6873641bca48,"Gluckman, Max, 1911-1975",Essays on Lozi land and royal property,1943,90,Monograph,Lozi,Africa,Southern Africa,other subsistence combinations,,"224,687",https://ehrafworldcultures.yale.edu/sres/b2722edd-9d1d-4dae-aa37-6873641bca48
cfb74edf-0ead-47a3-a7a9-e5569077e74b,"Gluckman, Max, 1911-1975",Essays on Lozi land and royal property,1943,95,Monograph,Lozi,Africa,Southern Africa,other subsistence combinations,,"563,661,687",https://ehrafworldcultures.yale.edu/sres/cfb74edf-0ead-47a3-a7a9-e5569077e74b
9686a48a-43c9-49eb-9e61-7cc36e717557,"Gluckman, Max, 1911-1975",Essays on Lozi land and royal property,1943,95,Monograph,Lozi,Africa,Southern Africa,other subsistence combinations,,"563,651,661,687",https://ehrafworldcultures.yale.edu/sres/9686a48a-43c9-49eb-9e61-7cc36e717557
3db80045-9619-4d7a-9d67-b4815a6142c6,"Gluckman, Max, 1911-1975",Essays on Lozi land and royal property,1943,96,Monograph,Lozi,Africa,Southern Africa,other subsistence combinations,,"558,563,661,687",https://ehrafworldcultures.yale.edu/sres/3db80045-9619-4d7a-9d67-b4815a6142c6
7feebfca-4314-4b99-94b5-0297d7cf5fa0,"Gluckman, Max, 1911-1975","The judicial process among the Barotse of Northern
         Rhodesia",1967,30,Monograph,Lozi,Africa,Southern Africa,other subsistence combinations,,"177,671,686,754,769",https://ehrafworldcultures.yale.edu/sres/7feebfca-4314-4b99-94b5-0297d7cf5fa0
ac2d6330-8511-4dbd-a0d9-93fb78a30917,"Gluckman, Max, 1911-1975","The judicial process among the Barotse of Northern
         Rhodesia",1967,37,Monograph,Lozi,Africa,Southern Africa,other subsistence combinations,,"423,602,621,684,691,695",https://ehrafworldcultures.yale.edu/sres/ac2d6330-8511-4dbd-a0d9-93fb78a30917
b64d6c0e-a2f8-43ac-be8e-d5903b20ff2a,"Gluckman, Max, 1911-1975","The judicial process among the Barotse of Northern
         Rhodesia",1967,54,Monograph,Lozi,Africa,Southern Africa,other subsistence combinations,,685,https://ehrafworldcultures.yale.edu/sres/b64d6c0e-a2f8-43ac-be8e-d5903b20ff2a
f7a2675f-7caa-4fd3-aa94-96b4a77f21f1,"Gluckman, Max, 1911-1975","The judicial process among the Barotse of Northern
         Rhodesia",1967,57,Monograph,Lozi,Africa,Southern Africa,other subsistence combinations,,"423,565,602,621,685,695",https://ehrafworldcultures.yale.edu/sres/f7a2675f-7caa-4fd3-aa94-96b4a77f21f1
53c0aaaf-006a-4646-aa4e-959668af7854,"Gluckman, Max, 1911-1975","The judicial process among the Barotse of Northern
         Rhodesia",1967,64,Monograph,Lozi,Africa,Southern Africa,other subsistence combinations,,"684,691",https://ehrafworldcultures.yale.edu/sres/53c0aaaf-006a-4646-aa4e-959668af7854
d7903bdd-3703-47d5-9691-f2f3a0a547b0,"Gluckman, Max, 1911-1975","The judicial process among the Barotse of Northern
         Rhodesia",1967,65,Monograph,Lozi,Africa,Southern Africa,other subsistence combinations,,"586,595,684,695",https://ehrafworldcultures.yale.edu/sres/d7903bdd-3703-47d5-9691-f2f3a0a547b0
74274bc7-d630-4b7a-849c-f5ab1b13d6e7,"Gluckman, Max, 1911-1975","The judicial process among the Barotse of Northern
         Rhodesia",1967,65,Monograph,Lozi,Africa,Southern Africa,other subsistence combinations,,"602,684,695",https://ehrafworldcultures.yale.edu/sres/74274bc7-d630-4b7a-849c-f5ab1b13d6e7
1a3e639a-362f-4677-ac43-15991efd261e,"Gluckman, Max, 1911-1975","The judicial process among the Barotse of Northern
         Rhodesia",1967,65,Monograph,Lozi,Africa,Southern Africa,other subsistence combinations,,"586,602,684,695",https://ehrafworldcultures.yale.edu/sres/1a3e639a-362f-4677-ac43-15991efd261e
836cea83-f0d6-4736-881f-5adfff85034f,"Gluckman, Max, 1911-1975","The judicial process among the Barotse of Northern
         Rhodesia",1967,71,Monograph,Lozi,Africa,Southern Africa,other subsistence combinations,,"123,563,685,695,875",https://ehrafworldcultures.yale.edu/sres/836cea83-f0d6-4736-881f-5adfff85034f
ac71b68b-5bc6-474e-91b8-a5b4d774eebe,"Gluckman, Max, 1911-1975","The judicial process among the Barotse of Northern
         Rhodesia",1967,71,Monograph,Lozi,Africa,Southern Africa,other subsistence combinations,,"563,685,695,875",https://ehrafworldcultures.yale.edu/sres/ac71b68b-5bc6-474e-91b8-a5b4d774eebe
dc146993-df24-44f4-bc3b-b019af6a21b4,"Gluckman, Max, 1911-1975","The judicial process among the Barotse of Northern
         Rhodesia",1967,71,Monograph,Lozi,Africa,Southern Africa,other subsistence combinations,,"563,685,695,875",https://ehrafworldcultures.yale.edu/sres/dc146993-df24-44f4-bc3b-b019af6a21b4
d6237b24-a702-49d5-acfd-8a074359e625,"Gluckman, Max, 1911-1975","The judicial process among the Barotse of Northern
         Rhodesia",1967,72,Monograph,Lozi,Africa,Southern Africa,other subsistence combinations,,"563,685,695,875",https://ehrafworldcultures.yale.edu/sres/d6237b24-a702-49d5-acfd-8a074359e625
2e2d1b2a-f5f7-4a5e-9260-36309fb3c48c,"Gluckman, Max, 1911-1975","The judicial process among the Barotse of Northern
         Rhodesia",1967,72,Monograph,Lozi,Africa,Southern Africa,other subsistence combinations,,"563,685,695,875",https://ehrafworldcultures.yale.edu/sres/2e2d1b2a-f5f7-4a5e-9260-36309fb3c48c
6a9bba61-e74c-42ab-a634-115edbf392e1,"Gluckman, Max, 1911-1975","The judicial process among the Barotse of Northern
         Rhodesia",1967,72,Monograph,Lozi,Africa,Southern Africa,other subsistence combinations,,"563,685,695,875",https://ehrafworldcultures.yale.edu/sres/6a9bba61-e74c-42ab-a634-115edbf392e1
f0eb19b6-6b06-4456-8a22-65639e8f83a6,"Gluckman, Max, 1911-1975","The judicial process among the Barotse of Northern
         Rhodesia",1967,72,Monograph,Lozi,Africa,Southern Africa,other subsistence combinations,,"563,685,695,875",https://ehrafworldcultures.yale.edu/sres/f0eb19b6-6b06-4456-8a22-65639e8f83a6
8e0a5eec-2481-40ff-9820-aa3be30ae895,"Gluckman, Max, 1911-1975","The judicial process among the Barotse of Northern
         Rhodesia",1967,72,Monograph,Lozi,Africa,Southern Africa,other subsistence combinations,,"563,685,695,875",https://ehrafworldcultures.yale.edu/sres/8e0a5eec-2481-40ff-9820-aa3be30ae895
528a61d8-5b7d-48ed-9a30-92b6ac5b7068,"Gluckman, Max, 1911-1975","The judicial process among the Barotse of Northern
         Rhodesia",1967,72,Monograph,Lozi,Africa,Southern Africa,other subsistence combinations,,"563,685,695,875",https://ehrafworldcultures.yale.edu/sres/528a61d8-5b7d-48ed-9a30-92b6ac5b7068
e81960bb-5064-40e4-b39b-1b03051f9d6f,"Gluckman, Max, 1911-1975","The judicial process among the Barotse of Northern
         Rhodesia",1967,72,Monograph,Lozi,Africa,Southern Africa,other subsistence combinations,,"563,685,695,875",https://ehrafworldcultures.yale.edu/sres/e81960bb-5064-40e4-b39b-1b03051f9d6f
7daee1e0-9c49-45cd-8ae9-e84068cfafc9,"Gluckman, Max, 1911-1975","The judicial process among the Barotse of Northern
         Rhodesia",1967,72,Monograph,Lozi,Africa,Southern Africa,other subsistence combinations,,"563,685,695,875",https://ehrafworldcultures.yale.edu/sres/7daee1e0-9c49-45cd-8ae9-e84068cfafc9
3587a46b-ae91-4e6e-952f-cda40e6b242e,"Gluckman, Max, 1911-1975","The judicial process among the Barotse of Northern
         Rhodesia",1967,73,Monograph,Lozi,Africa,Southern Africa,other subsistence combinations,,"563,685,695,875",https://ehrafworldcultures.yale.edu/sres/3587a46b-ae91-4e6e-952f-cda40e6b242e
010372ee-0a4f-4794-b8e6-e2b7d58aa87d,"Gluckman, Max, 1911-1975","The judicial process among the Barotse of Northern
         Rhodesia",1967,73,Monograph,Lozi,Africa,Southern Africa,other subsistence combinations,,"563,685,695,875",https://ehrafworldcultures.yale.edu/sres/010372ee-0a4f-4794-b8e6-e2b7d58aa87d
315ddaeb-e2d2-4503-b324-6f7f92d187af,"Gluckman, Max, 1911-1975","The judicial process among the Barotse of Northern
         Rhodesia",1967,73,Monograph,Lozi,Africa,Southern Africa,other subsistence combinations,,"563,685,695,875",https://ehrafworldcultures.yale.edu/sres/315ddaeb-e2d2-4503-b324-6f7f92d187af
d72d8e09-053a-41db-a8d4-42487657c778,"Gluckman, Max, 1911-1975","The judicial process among the Barotse of Northern
         Rhodesia",1967,73,Monograph,Lozi,Africa,Southern Africa,other subsistence combinations,,"563,685,695,875",https://ehrafworldcultures.yale.edu/sres/d72d8e09-053a-41db-a8d4-42487657c778
e1926c0c-146b-49ac-be4f-172b5997ad78,"Gluckman, Max, 1911-1975","The judicial process among the Barotse of Northern
         Rhodesia",1967,73,Monograph,Lozi,Africa,Southern Africa,other subsistence combinations,,"563,685,695,875",https://ehrafworldcultures.yale.edu/sres/e1926c0c-146b-49ac-be4f-172b5997ad78
1ee219ee-ed94-4ee0-8e9c-030cfbdf94c8,"Gluckman, Max, 1911-1975","The judicial process among the Barotse of Northern
         Rhodesia",1967,73,Monograph,Lozi,Africa,Southern Africa,other subsistence combinations,,"563,685,695,875",https://ehrafworldcultures.yale.edu/sres/1ee219ee-ed94-4ee0-8e9c-030cfbdf94c8
78f8f2b5-f51d-459f-b1c5-f5236e764862,"Gluckman, Max, 1911-1975","The judicial process among the Barotse of Northern
         Rhodesia",1967,73,Monograph,Lozi,Africa,Southern Africa,other subsistence combinations,,"563,685,695,875",https://ehrafworldcultures.yale.edu/sres/78f8f2b5-f51d-459f-b1c5-f5236e764862
96efe135-1ee4-4cca-8dcb-9802ce402360,"Gluckman, Max, 1911-1975","The judicial process among the Barotse of Northern
         Rhodesia",1967,74,Monograph,Lozi,Africa,Southern Africa,other subsistence combinations,,"563,685,695,875",https://ehrafworldcultures.yale.edu/sres/96efe135-1ee4-4cca-8dcb-9802ce402360
e780cdfd-e7ff-4441-b2ed-3f91292b6263,"Gluckman, Max, 1911-1975","The judicial process among the Barotse of Northern
         Rhodesia",1967,74,Monograph,Lozi,Africa,Southern Africa,other subsistence combinations,,"563,685,695,875",https://ehrafworldcultures.yale.edu/sres/e780cdfd-e7ff-4441-b2ed-3f91292b6263
0f581a71-39ef-43b4-bd83-35350e92907c,"Gluckman, Max, 1911-1975","The judicial process among the Barotse of Northern
         Rhodesia",1967,74,Monograph,Lozi,Africa,Southern Africa,other subsistence combinations,,"563,685,695,875",https://ehrafworldcultures.yale.edu/sres/0f581a71-39ef-43b4-bd83-35350e92907c
8350f9ea-5ae5-44de-891b-bc121d6f1418,"Gluckman, Max, 1911-1975","The judicial process among the Barotse of Northern
         Rhodesia",1967,74,Monograph,Lozi,Africa,Southern Africa,other subsistence combinations,,"563,685,695,875",https://ehrafworldcultures.yale.edu/sres/8350f9ea-5ae5-44de-891b-bc121d6f1418
3471425e-c031-4762-b8c2-f1d4a0d42da2,"Gluckman, Max, 1911-1975","The judicial process among the Barotse of Northern
         Rhodesia",1967,74,Monograph,Lozi,Africa,Southern Africa,other subsistence combinations,,"563,685,695,875",https://ehrafworldcultures.yale.edu/sres/3471425e-c031-4762-b8c2-f1d4a0d42da2
ff3a9044-a105-4b28-a783-021a21bcafd6,"Gluckman, Max, 1911-1975","The judicial process among the Barotse of Northern
         Rhodesia",1967,74,Monograph,Lozi,Africa,Southern Africa,other subsistence combinations,,"563,685,695,875",https://ehrafworldcultures.yale.edu/sres/ff3a9044-a105-4b28-a783-021a21bcafd6
80795029-3749-422b-9bfc-f945c44688e6,"Gluckman, Max, 1911-1975","The judicial process among the Barotse of Northern
         Rhodesia",1967,74,Monograph,Lozi,Africa,Southern Africa,other subsistence combinations,,"563,685,695,875",https://ehrafworldcultures.yale.edu/sres/80795029-3749-422b-9bfc-f945c44688e6
245732da-b624-434c-af90-aa04853fc3cd,"Gluckman, Max, 1911-1975","The judicial process among the Barotse of Northern
         Rhodesia",1967,74,Monograph,Lozi,Africa,Southern Africa,other subsistence combinations,,"563,685,695,875",https://ehrafworldcultures.yale.edu/sres/245732da-b624-434c-af90-aa04853fc3cd
7902a5a1-5be1-4b76-8048-4ab3d9f7b4b9,"Gluckman, Max, 1911-1975","The judicial process among the Barotse of Northern
         Rhodesia",1967,74,Monograph,Lozi,Africa,Southern Africa,other subsistence combinations,,"563,685,695,875",https://ehrafworldcultures.yale.edu/sres/7902a5a1-5be1-4b76-8048-4ab3d9f7b4b9
ebc9cc64-f0c8-4a54-bb1a-c627cd9db4d2,"Gluckman, Max, 1911-1975","The judicial process among the Barotse of Northern
         Rhodesia",1967,74,Monograph,Lozi,Africa,Southern Africa,other subsistence combinations,,"563,685,695,875",https://ehrafworldcultures.yale.edu/sres/ebc9cc64-f0c8-4a54-bb1a-c627cd9db4d2
248a8365-408e-44aa-850c-953a6b56e4d9,"Gluckman, Max, 1911-1975","The judicial process among the Barotse of Northern
         Rhodesia",1967,74,Monograph,Lozi,Africa,Southern Africa,other subsistence combinations,,"563,685,695,875",https://ehrafworldcultures.yale.edu/sres/248a8365-408e-44aa-850c-953a6b56e4d9
06861be6-1db2-4c3f-9eef-334829345f74,"Gluckman, Max, 1911-1975","The judicial process among the Barotse of Northern
         Rhodesia",1967,75,Monograph,Lozi,Africa,Southern Africa,other subsistence combinations,,"563,685,695,875",https://ehrafworldcultures.yale.edu/sres/06861be6-1db2-4c3f-9eef-334829345f74
d901ef50-4637-4032-b01a-2a441676a110,"Gluckman, Max, 1911-1975","The judicial process among the Barotse of Northern
         Rhodesia",1967,75,Monograph,Lozi,Africa,Southern Africa,other subsistence combinations,,"563,685,695,875",https://ehrafworldcultures.yale.edu/sres/d901ef50-4637-4032-b01a-2a441676a110
729329e7-9077-4d80-afff-46267f34e8cc,"Gluckman, Max, 1911-1975","The judicial process among the Barotse of Northern
         Rhodesia",1967,75,Monograph,Lozi,Africa,Southern Africa,other subsistence combinations,,"563,685,695,875",https://ehrafworldcultures.yale.edu/sres/729329e7-9077-4d80-afff-46267f34e8cc
0c337b15-def7-4eb9-8f65-d4485f60c250,"Gluckman, Max, 1911-1975","The judicial process among the Barotse of Northern
         Rhodesia",1967,75,Monograph,Lozi,Africa,Southern Africa,other subsistence combinations,,"563,685,695,875",https://ehrafworldcultures.yale.edu/sres/0c337b15-def7-4eb9-8f65-d4485f60c250
2541c850-821e-4301-8efe-d3383898e406,"Gluckman, Max, 1911-1975","The judicial process among the Barotse of Northern
         Rhodesia",1967,75,Monograph,Lozi,Africa,Southern Africa,other subsistence combinations,,"563,685,695,875",https://ehrafworldcultures.yale.edu/sres/2541c850-821e-4301-8efe-d3383898e406
63eeb5ec-8ff4-4a95-93a8-0d7dccd0b1cc,"Gluckman, Max, 1911-1975","The judicial process among the Barotse of Northern
         Rhodesia",1967,75,Monograph,Lozi,Africa,Southern Africa,other subsistence combinations,,"563,685,695,875",https://ehrafworldcultures.yale.edu/sres/63eeb5ec-8ff4-4a95-93a8-0d7dccd0b1cc
69000c56-65d6-4755-9fd1-60cd21a7252e,"Gluckman, Max, 1911-1975","The judicial process among the Barotse of Northern
         Rhodesia",1967,75,Monograph,Lozi,Africa,Southern Africa,other subsistence combinations,,"563,685,695,875",https://ehrafworldcultures.yale.edu/sres/69000c56-65d6-4755-9fd1-60cd21a7252e
f1b44969-0c88-4332-969a-833c37ae46de,"Gluckman, Max, 1911-1975","The judicial process among the Barotse of Northern
         Rhodesia",1967,75,Monograph,Lozi,Africa,Southern Africa,other subsistence combinations,,"563,685,695,875",https://ehrafworldcultures.yale.edu/sres/f1b44969-0c88-4332-969a-833c37ae46de
764a976a-882d-46de-a6cb-319d76d20c20,"Gluckman, Max, 1911-1975","The judicial process among the Barotse of Northern
         Rhodesia",1967,76,Monograph,Lozi,Africa,Southern Africa,other subsistence combinations,,"563,685,695,875",https://ehrafworldcultures.yale.edu/sres/764a976a-882d-46de-a6cb-319d76d20c20
83d0b651-a63d-4a9d-80c0-b0392bb99b28,"Gluckman, Max, 1911-1975","The judicial process among the Barotse of Northern
         Rhodesia",1967,84,Monograph,Lozi,Africa,Southern Africa,other subsistence combinations,,"606,683,691",https://ehrafworldcultures.yale.edu/sres/83d0b651-a63d-4a9d-80c0-b0392bb99b28
bf82e56e-4842-433e-a72f-800ac1c0253f,"Gluckman, Max, 1911-1975","The judicial process among the Barotse of Northern
         Rhodesia",1967,85,Monograph,Lozi,Africa,Southern Africa,other subsistence combinations,,"606,683,691",https://ehrafworldcultures.yale.edu/sres/bf82e56e-4842-433e-a72f-800ac1c0253f
62318de6-8cd8-4c73-ba89-0922df416007,"Gluckman, Max, 1911-1975","The judicial process among the Barotse of Northern
         Rhodesia",1967,85,Monograph,Lozi,Africa,Southern Africa,other subsistence combinations,,"683,695",https://ehrafworldcultures.yale.edu/sres/62318de6-8cd8-4c73-ba89-0922df416007
069d302e-25fc-46a3-9c38-6864e7cce502,"Gluckman, Max, 1911-1975","The judicial process among the Barotse of Northern
         Rhodesia",1967,86,Monograph,Lozi,Africa,Southern Africa,other subsistence combinations,,"683,695",https://ehrafworldcultures.yale.edu/sres/069d302e-25fc-46a3-9c38-6864e7cce502
12b22800-807d-4a4d-9898-b9ded9262155,"Gluckman, Max, 1911-1975","The judicial process among the Barotse of Northern
         Rhodesia",1967,86,Monograph,Lozi,Africa,Southern Africa,other subsistence combinations,,"683,695",https://ehrafworldcultures.yale.edu/sres/12b22800-807d-4a4d-9898-b9ded9262155
c1cbe5d1-8e1a-4ba9-a27e-0731a703ef0c,"Gluckman, Max, 1911-1975","The judicial process among the Barotse of Northern
         Rhodesia",1967,86,Monograph,Lozi,Africa,Southern Africa,other subsistence combinations,,"683,695",https://ehrafworldcultures.yale.edu/sres/c1cbe5d1-8e1a-4ba9-a27e-0731a703ef0c
57e4c857-c8dd-4d88-b9b4-a9f34fbaea96,"Gluckman, Max, 1911-1975","The judicial process among the Barotse of Northern
         Rhodesia",1967,86,Monograph,Lozi,Africa,Southern Africa,other subsistence combinations,,"683,695",https://ehrafworldcultures.yale.edu/sres/57e4c857-c8dd-4d88-b9b4-a9f34fbaea96
94fa723f-3b11-4fd8-af2c-c23df3defc18,"Gluckman, Max, 1911-1975","The judicial process among the Barotse of Northern
         Rhodesia",1967,86,Monograph,Lozi,Africa,Southern Africa,other subsistence combinations,,"683,695",https://ehrafworldcultures.yale.edu/sres/94fa723f-3b11-4fd8-af2c-c23df3defc18
e6536f82-81eb-4dc2-b822-d8539232cb1b,"Gluckman, Max, 1911-1975","The judicial process among the Barotse of Northern
         Rhodesia",1967,87,Monograph,Lozi,Africa,Southern Africa,other subsistence combinations,,"683,695",https://ehrafworldcultures.yale.edu/sres/e6536f82-81eb-4dc2-b822-d8539232cb1b
b97d8869-2610-46ad-b73d-dc4fca699185,"Gluckman, Max, 1911-1975","The judicial process among the Barotse of Northern
         Rhodesia",1967,87,Monograph,Lozi,Africa,Southern Africa,other subsistence combinations,,"683,695",https://ehrafworldcultures.yale.edu/sres/b97d8869-2610-46ad-b73d-dc4fca699185
c017267a-6cc6-4856-87d4-4c830ab84a76,"Gluckman, Max, 1911-1975","The judicial process among the Barotse of Northern
         Rhodesia",1967,87,Monograph,Lozi,Africa,Southern Africa,other subsistence combinations,,"683,695",https://ehrafworldcultures.yale.edu/sres/c017267a-6cc6-4856-87d4-4c830ab84a76
acdc59e0-68b4-4d65-af3d-6cfff4b90346,"Gluckman, Max, 1911-1975","The judicial process among the Barotse of Northern
         Rhodesia",1967,87,Monograph,Lozi,Africa,Southern Africa,other subsistence combinations,,"683,695",https://ehrafworldcultures.yale.edu/sres/acdc59e0-68b4-4d65-af3d-6cfff4b90346
062e0c1e-4c47-4662-8063-b5e7c70e4115,"Gluckman, Max, 1911-1975","The judicial process among the Barotse of Northern
         Rhodesia",1967,87,Monograph,Lozi,Africa,Southern Africa,other subsistence combinations,,"622,683,695",https://ehrafworldcultures.yale.edu/sres/062e0c1e-4c47-4662-8063-b5e7c70e4115
27d99ef7-644e-4fce-9128-e906840cbc8b,"Gluckman, Max, 1911-1975","The judicial process among the Barotse of Northern
         Rhodesia",1967,87,Monograph,Lozi,Africa,Southern Africa,other subsistence combinations,,"622,683,695",https://ehrafworldcultures.yale.edu/sres/27d99ef7-644e-4fce-9128-e906840cbc8b
bba68ce4-8f39-4aee-89ba-4f1200fcd4b8,"Gluckman, Max, 1911-1975","The judicial process among the Barotse of Northern
         Rhodesia",1967,87,Monograph,Lozi,Africa,Southern Africa,other subsistence combinations,,"622,683,695",https://ehrafworldcultures.yale.edu/sres/bba68ce4-8f39-4aee-89ba-4f1200fcd4b8
ec7fc1af-1590-4d47-9a7e-04e2fe6c54ab,"Gluckman, Max, 1911-1975","The judicial process among the Barotse of Northern
         Rhodesia",1967,87,Monograph,Lozi,Africa,Southern Africa,other subsistence combinations,,"622,683,695",https://ehrafworldcultures.yale.edu/sres/ec7fc1af-1590-4d47-9a7e-04e2fe6c54ab
6a84fa29-ae1d-4eae-9d0c-1d4a71a84f4e,"Gluckman, Max, 1911-1975","The judicial process among the Barotse of Northern
         Rhodesia",1967,87,Monograph,Lozi,Africa,Southern Africa,other subsistence combinations,,"622,683,695",https://ehrafworldcultures.yale.edu/sres/6a84fa29-ae1d-4eae-9d0c-1d4a71a84f4e
c99388dd-0b59-4f51-8fb7-16ced192889f,"Gluckman, Max, 1911-1975","The judicial process among the Barotse of Northern
         Rhodesia",1967,88,Monograph,Lozi,Africa,Southern Africa,other subsistence combinations,,"622,683,695",https://ehrafworldcultures.yale.edu/sres/c99388dd-0b59-4f51-8fb7-16ced192889f
2ad45439-f5c8-4128-a983-8fa2cdfe196c,"Gluckman, Max, 1911-1975","The judicial process among the Barotse of Northern
         Rhodesia",1967,88,Monograph,Lozi,Africa,Southern Africa,other subsistence combinations,,"622,683,695",https://ehrafworldcultures.yale.edu/sres/2ad45439-f5c8-4128-a983-8fa2cdfe196c
fcc258c2-a4be-45e3-b1f7-ddd50db8a686,"Gluckman, Max, 1911-1975","The judicial process among the Barotse of Northern
         Rhodesia",1967,88,Monograph,Lozi,Africa,Southern Africa,other subsistence combinations,,"622,683,695",https://ehrafworldcultures.yale.edu/sres/fcc258c2-a4be-45e3-b1f7-ddd50db8a686
88c92604-c480-4293-88e0-e77af0ec3392,"Gluckman, Max, 1911-1975","The judicial process among the Barotse of Northern
         Rhodesia",1967,88,Monograph,Lozi,Africa,Southern Africa,other subsistence combinations,,"622,683,695",https://ehrafworldcultures.yale.edu/sres/88c92604-c480-4293-88e0-e77af0ec3392
66e97805-d688-4aaf-927d-3dc6b34ca825,"Gluckman, Max, 1911-1975","The judicial process among the Barotse of Northern
         Rhodesia",1967,88,Monograph,Lozi,Africa,Southern Africa,other subsistence combinations,,"622,683,695",https://ehrafworldcultures.yale.edu/sres/66e97805-d688-4aaf-927d-3dc6b34ca825
d00c0e7f-a896-4729-822a-5f655d2bdeb8,"Gluckman, Max, 1911-1975","The judicial process among the Barotse of Northern
         Rhodesia",1967,88,Monograph,Lozi,Africa,Southern Africa,other subsistence combinations,,"622,683,695",https://ehrafworldcultures.yale.edu/sres/d00c0e7f-a896-4729-822a-5f655d2bdeb8
6cc43bd6-76c1-40ab-861b-722abc4ea0f3,"Gluckman, Max, 1911-1975","The judicial process among the Barotse of Northern
         Rhodesia",1967,89,Monograph,Lozi,Africa,Southern Africa,other subsistence combinations,,"622,683,695",https://ehrafworldcultures.yale.edu/sres/6cc43bd6-76c1-40ab-861b-722abc4ea0f3
f4e6e27b-4762-4d2e-883c-949c984f14f6,"Gluckman, Max, 1911-1975","The judicial process among the Barotse of Northern
         Rhodesia",1967,90,Monograph,Lozi,Africa,Southern Africa,other subsistence combinations,,"622,683,695",https://ehrafworldcultures.yale.edu/sres/f4e6e27b-4762-4d2e-883c-949c984f14f6
a2c37e95-2f61-4ecb-9c75-dccc04295e33,"Gluckman, Max, 1911-1975","The judicial process among the Barotse of Northern
         Rhodesia",1967,90,Monograph,Lozi,Africa,Southern Africa,other subsistence combinations,,"622,683,695",https://ehrafworldcultures.yale.edu/sres/a2c37e95-2f61-4ecb-9c75-dccc04295e33
7f6e1b90-3bc7-4e49-b77e-660297e1e5be,"Gluckman, Max, 1911-1975","The judicial process among the Barotse of Northern
         Rhodesia",1967,90,Monograph,Lozi,Africa,Southern Africa,other subsistence combinations,,"622,683,695",https://ehrafworldcultures.yale.edu/sres/7f6e1b90-3bc7-4e49-b77e-660297e1e5be
5bc91422-f38e-4b95-a543-0511af6aff20,"Gluckman, Max, 1911-1975","The judicial process among the Barotse of Northern
         Rhodesia",1967,91,Monograph,Lozi,Africa,Southern Africa,other subsistence combinations,,"622,683,695",https://ehrafworldcultures.yale.edu/sres/5bc91422-f38e-4b95-a543-0511af6aff20
f375640d-b858-40d1-9b83-bb4e23116077,"Gluckman, Max, 1911-1975","The judicial process among the Barotse of Northern
         Rhodesia",1967,91,Monograph,Lozi,Africa,Southern Africa,other subsistence combinations,,"622,683,695",https://ehrafworldcultures.yale.edu/sres/f375640d-b858-40d1-9b83-bb4e23116077
e4b3f2e4-1c39-4953-a11e-7a9d4482bc97,"Gluckman, Max, 1911-1975","The judicial process among the Barotse of Northern
         Rhodesia",1967,92,Monograph,Lozi,Africa,Southern Africa,other subsistence combinations,,"622,683,695",https://ehrafworldcultures.yale.edu/sres/e4b3f2e4-1c39-4953-a11e-7a9d4482bc97
3592b214-a7d7-44bc-9bae-faf42dfb2b70,"Gluckman, Max, 1911-1975","The judicial process among the Barotse of Northern
         Rhodesia",1967,93,Monograph,Lozi,Africa,Southern Africa,other subsistence combinations,,"622,683,695",https://ehrafworldcultures.yale.edu/sres/3592b214-a7d7-44bc-9bae-faf42dfb2b70
9921aef5-da81-45d7-93b3-2153cc0969c1,"Gluckman, Max, 1911-1975","The judicial process among the Barotse of Northern
         Rhodesia",1967,93,Monograph,Lozi,Africa,Southern Africa,other subsistence combinations,,"622,683,695",https://ehrafworldcultures.yale.edu/sres/9921aef5-da81-45d7-93b3-2153cc0969c1
22be7dc4-b37b-4d30-8673-20700c8a32c6,"Gluckman, Max, 1911-1975","The judicial process among the Barotse of Northern
         Rhodesia",1967,93,Monograph,Lozi,Africa,Southern Africa,other subsistence combinations,,"622,683,695",https://ehrafworldcultures.yale.edu/sres/22be7dc4-b37b-4d30-8673-20700c8a32c6
b12af469-5c0c-4d83-8f7d-d8ec0fb1c374,"Gluckman, Max, 1911-1975","The judicial process among the Barotse of Northern
         Rhodesia",1967,93,Monograph,Lozi,Africa,Southern Africa,other subsistence combinations,,"622,683,695",https://ehrafworldcultures.yale.edu/sres/b12af469-5c0c-4d83-8f7d-d8ec0fb1c374
52dfcf9a-c6cd-4d2e-b0a9-0aec145eb41a,"Gluckman, Max, 1911-1975","The judicial process among the Barotse of Northern
         Rhodesia",1967,93,Monograph,Lozi,Africa,Southern Africa,other subsistence combinations,,"622,683,695",https://ehrafworldcultures.yale.edu/sres/52dfcf9a-c6cd-4d2e-b0a9-0aec145eb41a
eb62aebf-5285-4f2a-987b-17a5ddecdfd9,"Gluckman, Max, 1911-1975","The judicial process among the Barotse of Northern
         Rhodesia",1967,93,Monograph,Lozi,Africa,Southern Africa,other subsistence combinations,,"622,683,695",https://ehrafworldcultures.yale.edu/sres/eb62aebf-5285-4f2a-987b-17a5ddecdfd9
149de05b-05a1-4f7d-8a54-65cdd78cfca1,"Gluckman, Max, 1911-1975","The judicial process among the Barotse of Northern
         Rhodesia",1967,94,Monograph,Lozi,Africa,Southern Africa,other subsistence combinations,,"622,683,695",https://ehrafworldcultures.yale.edu/sres/149de05b-05a1-4f7d-8a54-65cdd78cfca1
2a3c6bce-e3b9-4076-b760-636813d33f95,"Gluckman, Max, 1911-1975","The judicial process among the Barotse of Northern
         Rhodesia",1967,94,Monograph,Lozi,Africa,Southern Africa,other subsistence combinations,,"622,683,695",https://ehrafworldcultures.yale.edu/sres/2a3c6bce-e3b9-4076-b760-636813d33f95
db11a9a5-8287-456c-acad-18ac97e684ae,"Gluckman, Max, 1911-1975","The judicial process among the Barotse of Northern
         Rhodesia",1967,98,Monograph,Lozi,Africa,Southern Africa,other subsistence combinations,,"178,643,685,695",https://ehrafworldcultures.yale.edu/sres/db11a9a5-8287-456c-acad-18ac97e684ae
787eef34-4d85-4404-823d-e43a908ec69f,"Gluckman, Max, 1911-1975","The judicial process among the Barotse of Northern
         Rhodesia",1967,98,Monograph,Lozi,Africa,Southern Africa,other subsistence combinations,,"178,643,685,695",https://ehrafworldcultures.yale.edu/sres/787eef34-4d85-4404-823d-e43a908ec69f
d3053224-b56e-481c-bcdd-c1dd581b4cc7,"Gluckman, Max, 1911-1975","The judicial process among the Barotse of Northern
         Rhodesia",1967,99,Monograph,Lozi,Africa,Southern Africa,other subsistence combinations,,"178,643,685,695",https://ehrafworldcultures.yale.edu/sres/d3053224-b56e-481c-bcdd-c1dd581b4cc7
8bf7e525-575a-4a4b-b153-8f4347c78d0d,"Gluckman, Max, 1911-1975","The judicial process among the Barotse of Northern
         Rhodesia",1967,99,Monograph,Lozi,Africa,Southern Africa,other subsistence combinations,,"114,171,684,695",https://ehrafworldcultures.yale.edu/sres/8bf7e525-575a-4a4b-b153-8f4347c78d0d
6597d19c-bd11-4d71-9b88-f4c8a3fb2d48,"Gluckman, Max, 1911-1975","The judicial process among the Barotse of Northern
         Rhodesia",1967,102,Monograph,Lozi,Africa,Southern Africa,other subsistence combinations,,"685,695",https://ehrafworldcultures.yale.edu/sres/6597d19c-bd11-4d71-9b88-f4c8a3fb2d48
9b730e77-5ec0-4eb0-a45c-5dde22c31809,"Gluckman, Max, 1911-1975","The judicial process among the Barotse of Northern
         Rhodesia",1967,102,Monograph,Lozi,Africa,Southern Africa,other subsistence combinations,,"685,695",https://ehrafworldcultures.yale.edu/sres/9b730e77-5ec0-4eb0-a45c-5dde22c31809
faf446f8-f4a4-485c-98de-32d2d87f1a9b,"Gluckman, Max, 1911-1975","The judicial process among the Barotse of Northern
         Rhodesia",1967,105,Monograph,Lozi,Africa,Southern Africa,other subsistence combinations,,"685,695",https://ehrafworldcultures.yale.edu/sres/faf446f8-f4a4-485c-98de-32d2d87f1a9b
42fdf601-6305-4174-93c8-b02c444dc055,"Gluckman, Max, 1911-1975","The judicial process among the Barotse of Northern
         Rhodesia",1967,105,Monograph,Lozi,Africa,Southern Africa,other subsistence combinations,,"685,695",https://ehrafworldcultures.yale.edu/sres/42fdf601-6305-4174-93c8-b02c444dc055
50e7bbf6-9134-4842-a983-b48ea22d4fb3,"Gluckman, Max, 1911-1975","The judicial process among the Barotse of Northern
         Rhodesia",1967,105,Monograph,Lozi,Africa,Southern Africa,other subsistence combinations,,"602,685,695",https://ehrafworldcultures.yale.edu/sres/50e7bbf6-9134-4842-a983-b48ea22d4fb3
b9c9c50d-4438-4eb1-a544-3800bb16af51,"Gluckman, Max, 1911-1975","The judicial process among the Barotse of Northern
         Rhodesia",1967,106,Monograph,Lozi,Africa,Southern Africa,other subsistence combinations,,"602,685,691",https://ehrafworldcultures.yale.edu/sres/b9c9c50d-4438-4eb1-a544-3800bb16af51
2fcc04b7-7863-4380-8684-97a9be595bd9,"Gluckman, Max, 1911-1975","The judicial process among the Barotse of Northern
         Rhodesia",1967,106,Monograph,Lozi,Africa,Southern Africa,other subsistence combinations,,"643,685",https://ehrafworldcultures.yale.edu/sres/2fcc04b7-7863-4380-8684-97a9be595bd9
393673ed-54bb-49c7-aca5-d1c2ffd4cfd2,"Gluckman, Max, 1911-1975","The judicial process among the Barotse of Northern
         Rhodesia",1967,106,Monograph,Lozi,Africa,Southern Africa,other subsistence combinations,,"643,685",https://ehrafworldcultures.yale.edu/sres/393673ed-54bb-49c7-aca5-d1c2ffd4cfd2
503daea0-5c85-4609-b9ed-ddc720cc29d8,"Gluckman, Max, 1911-1975","The judicial process among the Barotse of Northern
         Rhodesia",1967,106,Monograph,Lozi,Africa,Southern Africa,other subsistence combinations,,"643,685",https://ehrafworldcultures.yale.edu/sres/503daea0-5c85-4609-b9ed-ddc720cc29d8
6836e997-962a-44e0-894c-1803d687d890,"Gluckman, Max, 1911-1975","The judicial process among the Barotse of Northern
         Rhodesia",1967,106,Monograph,Lozi,Africa,Southern Africa,other subsistence combinations,,685,https://ehrafworldcultures.yale.edu/sres/6836e997-962a-44e0-894c-1803d687d890
fc0adb3f-676d-4a4e-9b40-6594d28e6888,"Gluckman, Max, 1911-1975","The judicial process among the Barotse of Northern
         Rhodesia",1967,106,Monograph,Lozi,Africa,Southern Africa,other subsistence combinations,,684,https://ehrafworldcultures.yale.edu/sres/fc0adb3f-676d-4a4e-9b40-6594d28e6888
73a05f57-07fb-46a7-b85a-637095da44a6,"Gluckman, Max, 1911-1975","The judicial process among the Barotse of Northern
         Rhodesia",1967,107,Monograph,Lozi,Africa,Southern Africa,other subsistence combinations,,"684,695,848",https://ehrafworldcultures.yale.edu/sres/73a05f57-07fb-46a7-b85a-637095da44a6
a27c7eac-fd63-4b59-bdf8-a679ab7dce08,"Gluckman, Max, 1911-1975","The judicial process among the Barotse of Northern
         Rhodesia",1967,107,Monograph,Lozi,Africa,Southern Africa,other subsistence combinations,,"683,684,695,759,829",https://ehrafworldcultures.yale.edu/sres/a27c7eac-fd63-4b59-bdf8-a679ab7dce08
cd0e83d9-c4f9-434f-aed0-5e7f9ba97151,"Gluckman, Max, 1911-1975","The judicial process among the Barotse of Northern
         Rhodesia",1967,108,Monograph,Lozi,Africa,Southern Africa,other subsistence combinations,,"565,622,685,695",https://ehrafworldcultures.yale.edu/sres/cd0e83d9-c4f9-434f-aed0-5e7f9ba97151
b22c54d4-0a64-4877-97b4-bddef9bb1be0,"Gluckman, Max, 1911-1975","The judicial process among the Barotse of Northern
         Rhodesia",1967,108,Monograph,Lozi,Africa,Southern Africa,other subsistence combinations,,"565,622,685,695",https://ehrafworldcultures.yale.edu/sres/b22c54d4-0a64-4877-97b4-bddef9bb1be0
78abc4d3-140c-455e-b30e-3a7e1e1db9e6,"Gluckman, Max, 1911-1975","The judicial process among the Barotse of Northern
         Rhodesia",1967,109,Monograph,Lozi,Africa,Southern Africa,other subsistence combinations,,"565,622,685,695",https://ehrafworldcultures.yale.edu/sres/78abc4d3-140c-455e-b30e-3a7e1e1db9e6
a259a9aa-7721-4a63-b1c3-5fa19c7198b7,"Gluckman, Max, 1911-1975","The judicial process among the Barotse of Northern
         Rhodesia",1967,109,Monograph,Lozi,Africa,Southern Africa,other subsistence combinations,,"565,622,685,695",https://ehrafworldcultures.yale.edu/sres/a259a9aa-7721-4a63-b1c3-5fa19c7198b7
d510c87a-6d9c-4d08-856d-3efd7871b315,"Gluckman, Max, 1911-1975","The judicial process among the Barotse of Northern
         Rhodesia",1967,109,Monograph,Lozi,Africa,Southern Africa,other subsistence combinations,,"565,622,685,695",https://ehrafworldcultures.yale.edu/sres/d510c87a-6d9c-4d08-856d-3efd7871b315
023b336a-09ad-4fd8-80b0-7a621e6f0932,"Gluckman, Max, 1911-1975","The judicial process among the Barotse of Northern
         Rhodesia",1967,109,Monograph,Lozi,Africa,Southern Africa,other subsistence combinations,,"565,622,685,695",https://ehrafworldcultures.yale.edu/sres/023b336a-09ad-4fd8-80b0-7a621e6f0932
b347b991-2960-47ca-9590-451f64be1316,"Gluckman, Max, 1911-1975","The judicial process among the Barotse of Northern
         Rhodesia",1967,109,Monograph,Lozi,Africa,Southern Africa,other subsistence combinations,,"177,436,565,622,685,695",https://ehrafworldcultures.yale.edu/sres/b347b991-2960-47ca-9590-451f64be1316
30769898-ec4b-477b-9c9b-b9f86ec489c0,"Gluckman, Max, 1911-1975","The judicial process among the Barotse of Northern
         Rhodesia",1967,109,Monograph,Lozi,Africa,Southern Africa,other subsistence combinations,,"565,622,685,695",https://ehrafworldcultures.yale.edu/sres/30769898-ec4b-477b-9c9b-b9f86ec489c0
c0e0f4c4-58f8-46c5-b471-e9d84e85b935,"Gluckman, Max, 1911-1975","The judicial process among the Barotse of Northern
         Rhodesia",1967,109,Monograph,Lozi,Africa,Southern Africa,other subsistence combinations,,"565,622,685,695",https://ehrafworldcultures.yale.edu/sres/c0e0f4c4-58f8-46c5-b471-e9d84e85b935
8d81e7fa-8afa-4fb4-bc81-ede516326b59,"Gluckman, Max, 1911-1975","The judicial process among the Barotse of Northern
         Rhodesia",1967,109,Monograph,Lozi,Africa,Southern Africa,other subsistence combinations,,"565,622,685,695",https://ehrafworldcultures.yale.edu/sres/8d81e7fa-8afa-4fb4-bc81-ede516326b59
a643552b-8af9-443e-bc69-98abc41f8e5d,"Gluckman, Max, 1911-1975","The judicial process among the Barotse of Northern
         Rhodesia",1967,111,Monograph,Lozi,Africa,Southern Africa,other subsistence combinations,,"554,687,695",https://ehrafworldcultures.yale.edu/sres/a643552b-8af9-443e-bc69-98abc41f8e5d
87fd5745-9f91-45f6-a8e9-bf8b59bf1fbf,"Gluckman, Max, 1911-1975","The judicial process among the Barotse of Northern
         Rhodesia",1967,111,Monograph,Lozi,Africa,Southern Africa,other subsistence combinations,,"687,695",https://ehrafworldcultures.yale.edu/sres/87fd5745-9f91-45f6-a8e9-bf8b59bf1fbf
d793d38e-b6df-4083-b8d9-909ef2a35f71,"Gluckman, Max, 1911-1975","The judicial process among the Barotse of Northern
         Rhodesia",1967,113,Monograph,Lozi,Africa,Southern Africa,other subsistence combinations,,"586,593,606,684,695",https://ehrafworldcultures.yale.edu/sres/d793d38e-b6df-4083-b8d9-909ef2a35f71
0f2c111b-0971-4a47-96e6-d73890354003,"Gluckman, Max, 1911-1975","The judicial process among the Barotse of Northern
         Rhodesia",1967,113,Monograph,Lozi,Africa,Southern Africa,other subsistence combinations,,"586,593,606,684,695",https://ehrafworldcultures.yale.edu/sres/0f2c111b-0971-4a47-96e6-d73890354003
e482034b-7d01-4970-a75c-08a0fd5560a0,"Gluckman, Max, 1911-1975","The judicial process among the Barotse of Northern
         Rhodesia",1967,113,Monograph,Lozi,Africa,Southern Africa,other subsistence combinations,,"586,593,606,684,695",https://ehrafworldcultures.yale.edu/sres/e482034b-7d01-4970-a75c-08a0fd5560a0
32380094-6ba4-459d-8d6a-489f2f9c5630,"Gluckman, Max, 1911-1975","The judicial process among the Barotse of Northern
         Rhodesia",1967,113,Monograph,Lozi,Africa,Southern Africa,other subsistence combinations,,"586,593,606,684,695",https://ehrafworldcultures.yale.edu/sres/32380094-6ba4-459d-8d6a-489f2f9c5630
4703e64a-ff46-4aa1-b27e-218656c3c09f,"Gluckman, Max, 1911-1975","The judicial process among the Barotse of Northern
         Rhodesia",1967,114,Monograph,Lozi,Africa,Southern Africa,other subsistence combinations,,"586,593,606,684,695",https://ehrafworldcultures.yale.edu/sres/4703e64a-ff46-4aa1-b27e-218656c3c09f
9e276126-fa37-4eea-b18f-8eef7e102882,"Gluckman, Max, 1911-1975","The judicial process among the Barotse of Northern
         Rhodesia",1967,114,Monograph,Lozi,Africa,Southern Africa,other subsistence combinations,,"586,593,606,684,695",https://ehrafworldcultures.yale.edu/sres/9e276126-fa37-4eea-b18f-8eef7e102882
1edaca19-1926-4331-a4c7-76d8b6ff64c3,"Gluckman, Max, 1911-1975","The judicial process among the Barotse of Northern
         Rhodesia",1967,114,Monograph,Lozi,Africa,Southern Africa,other subsistence combinations,,"565,586,593,606,684,695",https://ehrafworldcultures.yale.edu/sres/1edaca19-1926-4331-a4c7-76d8b6ff64c3
db8eeb38-8d6b-4030-8f8b-f7eb1b9966f8,"Gluckman, Max, 1911-1975","The judicial process among the Barotse of Northern
         Rhodesia",1967,114,Monograph,Lozi,Africa,Southern Africa,other subsistence combinations,,"586,593,606,684,695",https://ehrafworldcultures.yale.edu/sres/db8eeb38-8d6b-4030-8f8b-f7eb1b9966f8
0b6f4157-6c08-4350-96a2-692e6bfa6fa9,"Gluckman, Max, 1911-1975","The judicial process among the Barotse of Northern
         Rhodesia",1967,114,Monograph,Lozi,Africa,Southern Africa,other subsistence combinations,,"586,593,606,684,695",https://ehrafworldcultures.yale.edu/sres/0b6f4157-6c08-4350-96a2-692e6bfa6fa9
747b3909-82ca-439e-a494-10491ae825e3,"Gluckman, Max, 1911-1975","The judicial process among the Barotse of Northern
         Rhodesia",1967,114,Monograph,Lozi,Africa,Southern Africa,other subsistence combinations,,"586,593,606,684,695",https://ehrafworldcultures.yale.edu/sres/747b3909-82ca-439e-a494-10491ae825e3
2b0bd636-5800-4462-998c-82102bec46f1,"Gluckman, Max, 1911-1975","The judicial process among the Barotse of Northern
         Rhodesia",1967,114,Monograph,Lozi,Africa,Southern Africa,other subsistence combinations,,"586,593,606,684,695",https://ehrafworldcultures.yale.edu/sres/2b0bd636-5800-4462-998c-82102bec46f1
92b2f824-5c45-4d46-9169-31f05989fec6,"Gluckman, Max, 1911-1975","The judicial process among the Barotse of Northern
         Rhodesia",1967,115,Monograph,Lozi,Africa,Southern Africa,other subsistence combinations,,"586,593,606,684,695",https://ehrafworldcultures.yale.edu/sres/92b2f824-5c45-4d46-9169-31f05989fec6
11ef7571-2919-4fea-aa1d-c423258dbfb4,"Gluckman, Max, 1911-1975","The judicial process among the Barotse of Northern
         Rhodesia",1967,115,Monograph,Lozi,Africa,Southern Africa,other subsistence combinations,,"586,593,606,684,695",https://ehrafworldcultures.yale.edu/sres/11ef7571-2919-4fea-aa1d-c423258dbfb4
5b690fb3-c5ad-41e7-9294-c71a03bd3df4,"Gluckman, Max, 1911-1975","The judicial process among the Barotse of Northern
         Rhodesia",1967,115,Monograph,Lozi,Africa,Southern Africa,other subsistence combinations,,"586,593,606,684,695",https://ehrafworldcultures.yale.edu/sres/5b690fb3-c5ad-41e7-9294-c71a03bd3df4
544524d1-9e53-4595-8a83-058222caf70f,"Gluckman, Max, 1911-1975","The judicial process among the Barotse of Northern
         Rhodesia",1967,115,Monograph,Lozi,Africa,Southern Africa,other subsistence combinations,,"586,593,606,684,695",https://ehrafworldcultures.yale.edu/sres/544524d1-9e53-4595-8a83-058222caf70f
2ea1c384-ddd4-46c9-bd69-7b54ac8b00f5,"Gluckman, Max, 1911-1975","The judicial process among the Barotse of Northern
         Rhodesia",1967,115,Monograph,Lozi,Africa,Southern Africa,other subsistence combinations,,"586,593,606,684,695",https://ehrafworldcultures.yale.edu/sres/2ea1c384-ddd4-46c9-bd69-7b54ac8b00f5
d3d87926-f4ad-4829-b0cd-ba5276f51fb9,"Gluckman, Max, 1911-1975","The judicial process among the Barotse of Northern
         Rhodesia",1967,115,Monograph,Lozi,Africa,Southern Africa,other subsistence combinations,,"586,593,606,684,695",https://ehrafworldcultures.yale.edu/sres/d3d87926-f4ad-4829-b0cd-ba5276f51fb9
07d446ff-7583-4732-bd3f-594410f065fa,"Gluckman, Max, 1911-1975","The judicial process among the Barotse of Northern
         Rhodesia",1967,115,Monograph,Lozi,Africa,Southern Africa,other subsistence combinations,,"586,593,606,684,695",https://ehrafworldcultures.yale.edu/sres/07d446ff-7583-4732-bd3f-594410f065fa
887899c6-dc29-4331-95aa-724a6a764152,"Gluckman, Max, 1911-1975","The judicial process among the Barotse of Northern
         Rhodesia",1967,115,Monograph,Lozi,Africa,Southern Africa,other subsistence combinations,,"586,593,606,684,695",https://ehrafworldcultures.yale.edu/sres/887899c6-dc29-4331-95aa-724a6a764152
3dbd6e1f-c6af-4bb0-a4a5-f209b3bed738,"Gluckman, Max, 1911-1975","The judicial process among the Barotse of Northern
         Rhodesia",1967,115,Monograph,Lozi,Africa,Southern Africa,other subsistence combinations,,"586,593,595,606,684,695",https://ehrafworldcultures.yale.edu/sres/3dbd6e1f-c6af-4bb0-a4a5-f209b3bed738
a3c3a468-785d-4e00-b7a2-2706a6eeba8e,"Gluckman, Max, 1911-1975","The judicial process among the Barotse of Northern
         Rhodesia",1967,115,Monograph,Lozi,Africa,Southern Africa,other subsistence combinations,,"586,593,606,671,684,695",https://ehrafworldcultures.yale.edu/sres/a3c3a468-785d-4e00-b7a2-2706a6eeba8e
37d9a5e3-21b8-4507-9d84-adb9f6ddeaa0,"Gluckman, Max, 1911-1975","The judicial process among the Barotse of Northern
         Rhodesia",1967,116,Monograph,Lozi,Africa,Southern Africa,other subsistence combinations,,"586,593,606,684,695",https://ehrafworldcultures.yale.edu/sres/37d9a5e3-21b8-4507-9d84-adb9f6ddeaa0
dcc13997-bd9c-41d9-98b9-991f70207135,"Gluckman, Max, 1911-1975","The judicial process among the Barotse of Northern
         Rhodesia",1967,116,Monograph,Lozi,Africa,Southern Africa,other subsistence combinations,,"586,593,606,684,695",https://ehrafworldcultures.yale.edu/sres/dcc13997-bd9c-41d9-98b9-991f70207135
9786506f-bfe8-4731-ae25-afed60d7c4fc,"Gluckman, Max, 1911-1975","The judicial process among the Barotse of Northern
         Rhodesia",1967,116,Monograph,Lozi,Africa,Southern Africa,other subsistence combinations,,"586,593,606,684,695",https://ehrafworldcultures.yale.edu/sres/9786506f-bfe8-4731-ae25-afed60d7c4fc
faed6fd7-59a6-4a7b-b0b5-473f285abe9b,"Gluckman, Max, 1911-1975","The judicial process among the Barotse of Northern
         Rhodesia",1967,116,Monograph,Lozi,Africa,Southern Africa,other subsistence combinations,,"586,593,606,684,695",https://ehrafworldcultures.yale.edu/sres/faed6fd7-59a6-4a7b-b0b5-473f285abe9b
fe40edd1-1f19-4a51-9630-d64468bc386a,"Gluckman, Max, 1911-1975","The judicial process among the Barotse of Northern
         Rhodesia",1967,116,Monograph,Lozi,Africa,Southern Africa,other subsistence combinations,,"586,593,606,684,695",https://ehrafworldcultures.yale.edu/sres/fe40edd1-1f19-4a51-9630-d64468bc386a
91586e87-6fc3-4361-8249-988cfa8e27c7,"Gluckman, Max, 1911-1975","The judicial process among the Barotse of Northern
         Rhodesia",1967,116,Monograph,Lozi,Africa,Southern Africa,other subsistence combinations,,"586,593,606,684,695",https://ehrafworldcultures.yale.edu/sres/91586e87-6fc3-4361-8249-988cfa8e27c7
1eff459a-94fc-406a-8e83-7e4814ecb835,"Gluckman, Max, 1911-1975","The judicial process among the Barotse of Northern
         Rhodesia",1967,116,Monograph,Lozi,Africa,Southern Africa,other subsistence combinations,,"586,593,606,684,695",https://ehrafworldcultures.yale.edu/sres/1eff459a-94fc-406a-8e83-7e4814ecb835
08988da1-30ea-4048-a6f6-428acf8829a8,"Gluckman, Max, 1911-1975","The judicial process among the Barotse of Northern
         Rhodesia",1967,116,Monograph,Lozi,Africa,Southern Africa,other subsistence combinations,,"586,593,606,684,695",https://ehrafworldcultures.yale.edu/sres/08988da1-30ea-4048-a6f6-428acf8829a8
2c825f94-ae1d-400c-85d8-c93dfc0a2e65,"Gluckman, Max, 1911-1975","The judicial process among the Barotse of Northern
         Rhodesia",1967,116,Monograph,Lozi,Africa,Southern Africa,other subsistence combinations,,"586,593,606,684,695",https://ehrafworldcultures.yale.edu/sres/2c825f94-ae1d-400c-85d8-c93dfc0a2e65
b9ea8b9f-ab87-4857-8748-bbf6a4502908,"Gluckman, Max, 1911-1975","The judicial process among the Barotse of Northern
         Rhodesia",1967,116,Monograph,Lozi,Africa,Southern Africa,other subsistence combinations,,"585,586,593,606,684,695",https://ehrafworldcultures.yale.edu/sres/b9ea8b9f-ab87-4857-8748-bbf6a4502908
e4a17afd-913a-453b-bb3b-160c338c0493,"Gluckman, Max, 1911-1975","The judicial process among the Barotse of Northern
         Rhodesia",1967,116,Monograph,Lozi,Africa,Southern Africa,other subsistence combinations,,"586,593,606,684,695",https://ehrafworldcultures.yale.edu/sres/e4a17afd-913a-453b-bb3b-160c338c0493
314b846e-40d6-4589-948a-cd38a66f888e,"Gluckman, Max, 1911-1975","The judicial process among the Barotse of Northern
         Rhodesia",1967,116,Monograph,Lozi,Africa,Southern Africa,other subsistence combinations,,"586,593,606,684,695",https://ehrafworldcultures.yale.edu/sres/314b846e-40d6-4589-948a-cd38a66f888e
06414d95-682e-456a-b947-6e9b84cf5d85,"Gluckman, Max, 1911-1975","The judicial process among the Barotse of Northern
         Rhodesia",1967,116,Monograph,Lozi,Africa,Southern Africa,other subsistence combinations,,"586,593,606,684,695",https://ehrafworldcultures.yale.edu/sres/06414d95-682e-456a-b947-6e9b84cf5d85
52ae1685-ff50-470d-bf17-41cb1e123c7b,"Gluckman, Max, 1911-1975","The judicial process among the Barotse of Northern
         Rhodesia",1967,116,Monograph,Lozi,Africa,Southern Africa,other subsistence combinations,,"586,593,606,684,695",https://ehrafworldcultures.yale.edu/sres/52ae1685-ff50-470d-bf17-41cb1e123c7b
c3e46108-1316-4be5-977e-95cb66e1a405,"Gluckman, Max, 1911-1975","The judicial process among the Barotse of Northern
         Rhodesia",1967,116,Monograph,Lozi,Africa,Southern Africa,other subsistence combinations,,"586,593,606,684,695",https://ehrafworldcultures.yale.edu/sres/c3e46108-1316-4be5-977e-95cb66e1a405
a5dd1785-40b1-4505-a989-fb328b6e42b0,"Gluckman, Max, 1911-1975","The judicial process among the Barotse of Northern
         Rhodesia",1967,116,Monograph,Lozi,Africa,Southern Africa,other subsistence combinations,,"586,593,606,684,695",https://ehrafworldcultures.yale.edu/sres/a5dd1785-40b1-4505-a989-fb328b6e42b0
1c5f1028-8b6b-4f9f-a6d7-dc2bdcaaf7cf,"Gluckman, Max, 1911-1975","The judicial process among the Barotse of Northern
         Rhodesia",1967,116,Monograph,Lozi,Africa,Southern Africa,other subsistence combinations,,"586,593,606,684,695",https://ehrafworldcultures.yale.edu/sres/1c5f1028-8b6b-4f9f-a6d7-dc2bdcaaf7cf
821c8fc6-221d-44f2-89cf-99a2f7cb8264,"Gluckman, Max, 1911-1975","The judicial process among the Barotse of Northern
         Rhodesia",1967,116,Monograph,Lozi,Africa,Southern Africa,other subsistence combinations,,"586,593,606,684,695",https://ehrafworldcultures.yale.edu/sres/821c8fc6-221d-44f2-89cf-99a2f7cb8264
3b3e92d6-f6dd-4258-8b45-7033a3b36141,"Gluckman, Max, 1911-1975","The judicial process among the Barotse of Northern
         Rhodesia",1967,117,Monograph,Lozi,Africa,Southern Africa,other subsistence combinations,,"586,593,606,684,695",https://ehrafworldcultures.yale.edu/sres/3b3e92d6-f6dd-4258-8b45-7033a3b36141
ed7c3299-59cf-484f-9500-467a9cad1280,"Gluckman, Max, 1911-1975","The judicial process among the Barotse of Northern
         Rhodesia",1967,117,Monograph,Lozi,Africa,Southern Africa,other subsistence combinations,,"186,586,593,606,684,695",https://ehrafworldcultures.yale.edu/sres/ed7c3299-59cf-484f-9500-467a9cad1280
04f1c33b-47cb-4207-960a-8ec6780d0a11,"Gluckman, Max, 1911-1975","The judicial process among the Barotse of Northern
         Rhodesia",1967,117,Monograph,Lozi,Africa,Southern Africa,other subsistence combinations,,"586,593,606,684,695",https://ehrafworldcultures.yale.edu/sres/04f1c33b-47cb-4207-960a-8ec6780d0a11
87c8e4a8-10b7-4e50-a2a3-8aafb725f257,"Gluckman, Max, 1911-1975","The judicial process among the Barotse of Northern
         Rhodesia",1967,117,Monograph,Lozi,Africa,Southern Africa,other subsistence combinations,,"586,593,606,684,695",https://ehrafworldcultures.yale.edu/sres/87c8e4a8-10b7-4e50-a2a3-8aafb725f257
cf9296a4-35f4-495b-be14-587b27ea5fa8,"Gluckman, Max, 1911-1975","The judicial process among the Barotse of Northern
         Rhodesia",1967,117,Monograph,Lozi,Africa,Southern Africa,other subsistence combinations,,"586,593,606,684,695",https://ehrafworldcultures.yale.edu/sres/cf9296a4-35f4-495b-be14-587b27ea5fa8
a7171fb1-1477-4115-a365-7a83f378d71f,"Gluckman, Max, 1911-1975","The judicial process among the Barotse of Northern
         Rhodesia",1967,117,Monograph,Lozi,Africa,Southern Africa,other subsistence combinations,,"581,586,593,606,684,695",https://ehrafworldcultures.yale.edu/sres/a7171fb1-1477-4115-a365-7a83f378d71f
d415eed0-0a4a-424f-bb52-d1d2275d7599,"Gluckman, Max, 1911-1975","The judicial process among the Barotse of Northern
         Rhodesia",1967,117,Monograph,Lozi,Africa,Southern Africa,other subsistence combinations,,"586,593,606,641,684,695",https://ehrafworldcultures.yale.edu/sres/d415eed0-0a4a-424f-bb52-d1d2275d7599
aebbfc91-23fa-4bad-ab10-836d239c05f1,"Gluckman, Max, 1911-1975","The judicial process among the Barotse of Northern
         Rhodesia",1967,118,Monograph,Lozi,Africa,Southern Africa,other subsistence combinations,,"586,593,606,684,695",https://ehrafworldcultures.yale.edu/sres/aebbfc91-23fa-4bad-ab10-836d239c05f1
21e30980-d550-4858-9ce7-7d3068c650b0,"Gluckman, Max, 1911-1975","The judicial process among the Barotse of Northern
         Rhodesia",1967,118,Monograph,Lozi,Africa,Southern Africa,other subsistence combinations,,"586,593,606,684,695",https://ehrafworldcultures.yale.edu/sres/21e30980-d550-4858-9ce7-7d3068c650b0
c6471ee9-166c-4115-bdce-889ccfc0a0d8,"Gluckman, Max, 1911-1975","The judicial process among the Barotse of Northern
         Rhodesia",1967,118,Monograph,Lozi,Africa,Southern Africa,other subsistence combinations,,"586,593,606,684,695",https://ehrafworldcultures.yale.edu/sres/c6471ee9-166c-4115-bdce-889ccfc0a0d8
b7e4e0d7-98fd-4e1b-82fc-fa5dce00f5e3,"Gluckman, Max, 1911-1975","The judicial process among the Barotse of Northern
         Rhodesia",1967,118,Monograph,Lozi,Africa,Southern Africa,other subsistence combinations,,"586,593,606,684,695",https://ehrafworldcultures.yale.edu/sres/b7e4e0d7-98fd-4e1b-82fc-fa5dce00f5e3
2dfd98e2-63dc-4702-a317-433d5cc422a4,"Gluckman, Max, 1911-1975","The judicial process among the Barotse of Northern
         Rhodesia",1967,118,Monograph,Lozi,Africa,Southern Africa,other subsistence combinations,,"586,593,606,684,695",https://ehrafworldcultures.yale.edu/sres/2dfd98e2-63dc-4702-a317-433d5cc422a4
d96d3701-927c-40f0-aae9-738b3900ad72,"Gluckman, Max, 1911-1975","The judicial process among the Barotse of Northern
         Rhodesia",1967,118,Monograph,Lozi,Africa,Southern Africa,other subsistence combinations,,"583,586,593,606,684,695",https://ehrafworldcultures.yale.edu/sres/d96d3701-927c-40f0-aae9-738b3900ad72
fb99e1d8-ddf2-4f99-a981-db102fbcb92a,"Gluckman, Max, 1911-1975","The judicial process among the Barotse of Northern
         Rhodesia",1967,118,Monograph,Lozi,Africa,Southern Africa,other subsistence combinations,,"586,593,606,684,695",https://ehrafworldcultures.yale.edu/sres/fb99e1d8-ddf2-4f99-a981-db102fbcb92a
b994ff70-5cac-4c6a-be2a-29868e918db0,"Gluckman, Max, 1911-1975","The judicial process among the Barotse of Northern
         Rhodesia",1967,119,Monograph,Lozi,Africa,Southern Africa,other subsistence combinations,,"186,586,593,606,684,695",https://ehrafworldcultures.yale.edu/sres/b994ff70-5cac-4c6a-be2a-29868e918db0
a4fde509-c0a6-4fbe-8d6c-d45350fb61f9,"Gluckman, Max, 1911-1975","The judicial process among the Barotse of Northern
         Rhodesia",1967,119,Monograph,Lozi,Africa,Southern Africa,other subsistence combinations,,"586,593,606,684,695",https://ehrafworldcultures.yale.edu/sres/a4fde509-c0a6-4fbe-8d6c-d45350fb61f9
ab631b61-8a04-43ec-986b-18fdc9e055ba,"Gluckman, Max, 1911-1975","The judicial process among the Barotse of Northern
         Rhodesia",1967,119,Monograph,Lozi,Africa,Southern Africa,other subsistence combinations,,"586,593,606,684,695",https://ehrafworldcultures.yale.edu/sres/ab631b61-8a04-43ec-986b-18fdc9e055ba
b9a51e29-ffbf-4743-ac48-8eb130a75d93,"Gluckman, Max, 1911-1975","The judicial process among the Barotse of Northern
         Rhodesia",1967,119,Monograph,Lozi,Africa,Southern Africa,other subsistence combinations,,"583,586,684,695",https://ehrafworldcultures.yale.edu/sres/b9a51e29-ffbf-4743-ac48-8eb130a75d93
f10b4326-d4aa-4e6a-9235-c1a41395cea4,"Gluckman, Max, 1911-1975","The judicial process among the Barotse of Northern
         Rhodesia",1967,120,Monograph,Lozi,Africa,Southern Africa,other subsistence combinations,,"583,586,684",https://ehrafworldcultures.yale.edu/sres/f10b4326-d4aa-4e6a-9235-c1a41395cea4
420d1b59-fd37-4b90-a810-c0388620eef5,"Gluckman, Max, 1911-1975","The judicial process among the Barotse of Northern
         Rhodesia",1967,126,Monograph,Lozi,Africa,Southern Africa,other subsistence combinations,,"156,192,684,695,837",https://ehrafworldcultures.yale.edu/sres/420d1b59-fd37-4b90-a810-c0388620eef5
9093de18-7679-4aa4-9864-b16efd508885,"Gluckman, Max, 1911-1975","The judicial process among the Barotse of Northern
         Rhodesia",1967,130,Monograph,Lozi,Africa,Southern Africa,other subsistence combinations,,"684,695",https://ehrafworldcultures.yale.edu/sres/9093de18-7679-4aa4-9864-b16efd508885
5123ba75-17ef-42cb-a5a8-2cd9312bf56e,"Gluckman, Max, 1911-1975","The judicial process among the Barotse of Northern
         Rhodesia",1967,130,Monograph,Lozi,Africa,Southern Africa,other subsistence combinations,,"684,695",https://ehrafworldcultures.yale.edu/sres/5123ba75-17ef-42cb-a5a8-2cd9312bf56e
af408ebb-123a-4367-8def-50441d441a02,"Gluckman, Max, 1911-1975","The judicial process among the Barotse of Northern
         Rhodesia",1967,130,Monograph,Lozi,Africa,Southern Africa,other subsistence combinations,,"684,695",https://ehrafworldcultures.yale.edu/sres/af408ebb-123a-4367-8def-50441d441a02
397d5a9d-9b3c-43ed-969d-388553d82f99,"Gluckman, Max, 1911-1975","The judicial process among the Barotse of Northern
         Rhodesia",1967,130,Monograph,Lozi,Africa,Southern Africa,other subsistence combinations,,"684,695,753",https://ehrafworldcultures.yale.edu/sres/397d5a9d-9b3c-43ed-969d-388553d82f99
5858f6f1-f873-4ed9-9b5b-7d956e55e8ad,"Gluckman, Max, 1911-1975","The judicial process among the Barotse of Northern
         Rhodesia",1967,130,Monograph,Lozi,Africa,Southern Africa,other subsistence combinations,,"684,695",https://ehrafworldcultures.yale.edu/sres/5858f6f1-f873-4ed9-9b5b-7d956e55e8ad
b200a58e-9704-486d-9aad-7e7faf616f49,"Gluckman, Max, 1911-1975","The judicial process among the Barotse of Northern
         Rhodesia",1967,131,Monograph,Lozi,Africa,Southern Africa,other subsistence combinations,,"684,695",https://ehrafworldcultures.yale.edu/sres/b200a58e-9704-486d-9aad-7e7faf616f49
1ea8465f-1fbb-46f9-b8e0-28c198a1f3c0,"Gluckman, Max, 1911-1975","The judicial process among the Barotse of Northern
         Rhodesia",1967,131,Monograph,Lozi,Africa,Southern Africa,other subsistence combinations,,"684,695",https://ehrafworldcultures.yale.edu/sres/1ea8465f-1fbb-46f9-b8e0-28c198a1f3c0
42ce3a83-16cb-46cc-9f1c-facca1991e98,"Gluckman, Max, 1911-1975","The judicial process among the Barotse of Northern
         Rhodesia",1967,131,Monograph,Lozi,Africa,Southern Africa,other subsistence combinations,,"684,695",https://ehrafworldcultures.yale.edu/sres/42ce3a83-16cb-46cc-9f1c-facca1991e98
a71c0669-4da2-4df1-8b1b-dd9525d00287,"Gluckman, Max, 1911-1975","The judicial process among the Barotse of Northern
         Rhodesia",1967,131,Monograph,Lozi,Africa,Southern Africa,other subsistence combinations,,"684,695",https://ehrafworldcultures.yale.edu/sres/a71c0669-4da2-4df1-8b1b-dd9525d00287
1b4e8b44-e100-403c-ab29-960b90521bdc,"Gluckman, Max, 1911-1975","The judicial process among the Barotse of Northern
         Rhodesia",1967,131,Monograph,Lozi,Africa,Southern Africa,other subsistence combinations,,"684,695",https://ehrafworldcultures.yale.edu/sres/1b4e8b44-e100-403c-ab29-960b90521bdc
4fad558d-8878-478d-880b-c60a5fd3e7ec,"Gluckman, Max, 1911-1975","The judicial process among the Barotse of Northern
         Rhodesia",1967,131,Monograph,Lozi,Africa,Southern Africa,other subsistence combinations,,"684,695",https://ehrafworldcultures.yale.edu/sres/4fad558d-8878-478d-880b-c60a5fd3e7ec
64f45e11-a7ab-46de-a84b-ca669ee6c49f,"Gluckman, Max, 1911-1975","The judicial process among the Barotse of Northern
         Rhodesia",1967,132,Monograph,Lozi,Africa,Southern Africa,other subsistence combinations,,"684,695",https://ehrafworldcultures.yale.edu/sres/64f45e11-a7ab-46de-a84b-ca669ee6c49f
4eb8a7c9-e61c-4e17-b75f-e065ada71290,"Gluckman, Max, 1911-1975","The judicial process among the Barotse of Northern
         Rhodesia",1967,132,Monograph,Lozi,Africa,Southern Africa,other subsistence combinations,,"684,695",https://ehrafworldcultures.yale.edu/sres/4eb8a7c9-e61c-4e17-b75f-e065ada71290
c478c1a0-2535-4bd7-8653-14fc2dfec690,"Gluckman, Max, 1911-1975","The judicial process among the Barotse of Northern
         Rhodesia",1967,132,Monograph,Lozi,Africa,Southern Africa,other subsistence combinations,,"684,695",https://ehrafworldcultures.yale.edu/sres/c478c1a0-2535-4bd7-8653-14fc2dfec690
c7216da8-c3b6-4d1e-8867-9a25819029d7,"Gluckman, Max, 1911-1975","The judicial process among the Barotse of Northern
         Rhodesia",1967,132,Monograph,Lozi,Africa,Southern Africa,other subsistence combinations,,"684,695",https://ehrafworldcultures.yale.edu/sres/c7216da8-c3b6-4d1e-8867-9a25819029d7
0da83d62-1fed-4ae7-9110-1bd7b8e8ebc3,"Gluckman, Max, 1911-1975","The judicial process among the Barotse of Northern
         Rhodesia",1967,133,Monograph,Lozi,Africa,Southern Africa,other subsistence combinations,,"684,695",https://ehrafworldcultures.yale.edu/sres/0da83d62-1fed-4ae7-9110-1bd7b8e8ebc3
e4398db4-98f0-4318-9104-d9194a92ff6e,"Gluckman, Max, 1911-1975","The judicial process among the Barotse of Northern
         Rhodesia",1967,133,Monograph,Lozi,Africa,Southern Africa,other subsistence combinations,,"625,684,695",https://ehrafworldcultures.yale.edu/sres/e4398db4-98f0-4318-9104-d9194a92ff6e
8db8605e-98fc-4169-81e7-28d7dd6a0684,"Gluckman, Max, 1911-1975","The judicial process among the Barotse of Northern
         Rhodesia",1967,134,Monograph,Lozi,Africa,Southern Africa,other subsistence combinations,,"562,671,684",https://ehrafworldcultures.yale.edu/sres/8db8605e-98fc-4169-81e7-28d7dd6a0684
9f655605-321c-4d8d-bc16-cdee7a3d6a5e,"Gluckman, Max, 1911-1975","The judicial process among the Barotse of Northern
         Rhodesia",1967,134,Monograph,Lozi,Africa,Southern Africa,other subsistence combinations,,"684,695",https://ehrafworldcultures.yale.edu/sres/9f655605-321c-4d8d-bc16-cdee7a3d6a5e
271b37ea-4ed8-435c-adb6-0c38a25bf8b9,"Gluckman, Max, 1911-1975","The judicial process among the Barotse of Northern
         Rhodesia",1967,137,Monograph,Lozi,Africa,Southern Africa,other subsistence combinations,,"156,685,695",https://ehrafworldcultures.yale.edu/sres/271b37ea-4ed8-435c-adb6-0c38a25bf8b9
f824041d-5d06-4239-8f25-ae8e77184ca8,"Gluckman, Max, 1911-1975","The judicial process among the Barotse of Northern
         Rhodesia",1967,143,Monograph,Lozi,Africa,Southern Africa,other subsistence combinations,,"684,692",https://ehrafworldcultures.yale.edu/sres/f824041d-5d06-4239-8f25-ae8e77184ca8
1cccb376-9a86-4210-bd23-099216bb1d35,"Gluckman, Max, 1911-1975","The judicial process among the Barotse of Northern
         Rhodesia",1967,143,Monograph,Lozi,Africa,Southern Africa,other subsistence combinations,,"586,684,695",https://ehrafworldcultures.yale.edu/sres/1cccb376-9a86-4210-bd23-099216bb1d35
b5ceecf8-8473-471c-a30b-43ea937e2c41,"Gluckman, Max, 1911-1975","The judicial process among the Barotse of Northern
         Rhodesia",1967,144,Monograph,Lozi,Africa,Southern Africa,other subsistence combinations,,"586,684,695",https://ehrafworldcultures.yale.edu/sres/b5ceecf8-8473-471c-a30b-43ea937e2c41
d84ec433-d019-479b-a61c-8cf3d997537c,"Gluckman, Max, 1911-1975","The judicial process among the Barotse of Northern
         Rhodesia",1967,148,Monograph,Lozi,Africa,Southern Africa,other subsistence combinations,,"586,602,606,684,695,835",https://ehrafworldcultures.yale.edu/sres/d84ec433-d019-479b-a61c-8cf3d997537c
a95d358b-dfa6-40a6-8e3f-2b8fbea12cf7,"Gluckman, Max, 1911-1975","The judicial process among the Barotse of Northern
         Rhodesia",1967,148,Monograph,Lozi,Africa,Southern Africa,other subsistence combinations,,"586,606,684,695,835",https://ehrafworldcultures.yale.edu/sres/a95d358b-dfa6-40a6-8e3f-2b8fbea12cf7
964c963c-af04-4756-9120-18d6ef4dbc27,"Gluckman, Max, 1911-1975","The judicial process among the Barotse of Northern
         Rhodesia",1967,148,Monograph,Lozi,Africa,Southern Africa,other subsistence combinations,,"586,606,684,695,835",https://ehrafworldcultures.yale.edu/sres/964c963c-af04-4756-9120-18d6ef4dbc27
d2221425-8afa-45a4-9730-0d6fbe008e26,"Gluckman, Max, 1911-1975","The judicial process among the Barotse of Northern
         Rhodesia",1967,148,Monograph,Lozi,Africa,Southern Africa,other subsistence combinations,,"586,606,684,695,834,835",https://ehrafworldcultures.yale.edu/sres/d2221425-8afa-45a4-9730-0d6fbe008e26
8f220211-cadc-40e9-aaaa-3ea95bcfe741,"Gluckman, Max, 1911-1975","The judicial process among the Barotse of Northern
         Rhodesia",1967,149,Monograph,Lozi,Africa,Southern Africa,other subsistence combinations,,"586,606,684,695,835",https://ehrafworldcultures.yale.edu/sres/8f220211-cadc-40e9-aaaa-3ea95bcfe741
e94f47e9-f58b-4084-a8d2-129bf94b6015,"Gluckman, Max, 1911-1975","The judicial process among the Barotse of Northern
         Rhodesia",1967,149,Monograph,Lozi,Africa,Southern Africa,other subsistence combinations,,"586,606,684,695,834,835",https://ehrafworldcultures.yale.edu/sres/e94f47e9-f58b-4084-a8d2-129bf94b6015
512119f0-abf9-4ce4-aef7-63978524bb52,"Gluckman, Max, 1911-1975","The judicial process among the Barotse of Northern
         Rhodesia",1967,150,Monograph,Lozi,Africa,Southern Africa,other subsistence combinations,,"586,606,684,695,835",https://ehrafworldcultures.yale.edu/sres/512119f0-abf9-4ce4-aef7-63978524bb52
0224839c-9e9b-49d0-a318-a048e5fecee5,"Gluckman, Max, 1911-1975","The judicial process among the Barotse of Northern
         Rhodesia",1967,150,Monograph,Lozi,Africa,Southern Africa,other subsistence combinations,,"586,606,684,695,835",https://ehrafworldcultures.yale.edu/sres/0224839c-9e9b-49d0-a318-a048e5fecee5
9853fa0f-ae2a-46f5-b29e-f7fbdeb82090,"Gluckman, Max, 1911-1975","The judicial process among the Barotse of Northern
         Rhodesia",1967,158,Monograph,Lozi,Africa,Southern Africa,other subsistence combinations,,"687,695,794,798",https://ehrafworldcultures.yale.edu/sres/9853fa0f-ae2a-46f5-b29e-f7fbdeb82090
cb4e0a46-ba4b-4508-8813-712ae691f1e8,"Gluckman, Max, 1911-1975","The judicial process among the Barotse of Northern
         Rhodesia",1967,169,Monograph,Lozi,Africa,Southern Africa,other subsistence combinations,,"192,673,681",https://ehrafworldcultures.yale.edu/sres/cb4e0a46-ba4b-4508-8813-712ae691f1e8
3622784b-5839-41f7-9efa-b71722a19312,"Gluckman, Max, 1911-1975","The judicial process among the Barotse of Northern
         Rhodesia",1967,169,Monograph,Lozi,Africa,Southern Africa,other subsistence combinations,,"192,671,681,784",https://ehrafworldcultures.yale.edu/sres/3622784b-5839-41f7-9efa-b71722a19312
270034f5-7485-4b3f-920c-992b505d5ce1,"Gluckman, Max, 1911-1975","The judicial process among the Barotse of Northern
         Rhodesia",1967,191,Monograph,Lozi,Africa,Southern Africa,other subsistence combinations,,"166,684,695,851",https://ehrafworldcultures.yale.edu/sres/270034f5-7485-4b3f-920c-992b505d5ce1
e4e939f8-c09d-423d-9c9b-b8e70285faa2,"Gluckman, Max, 1911-1975","The judicial process among the Barotse of Northern
         Rhodesia",1967,198,Monograph,Lozi,Africa,Southern Africa,other subsistence combinations,,"586,684,695",https://ehrafworldcultures.yale.edu/sres/e4e939f8-c09d-423d-9c9b-b8e70285faa2
efa6730e-b465-447c-a267-2c4c014494df,"Gluckman, Max, 1911-1975","The judicial process among the Barotse of Northern
         Rhodesia",1967,199,Monograph,Lozi,Africa,Southern Africa,other subsistence combinations,,"586,684,695",https://ehrafworldcultures.yale.edu/sres/efa6730e-b465-447c-a267-2c4c014494df
f0741c1b-c53b-40d9-b12c-886c74a22682,"Gluckman, Max, 1911-1975","The judicial process among the Barotse of Northern
         Rhodesia",1967,199,Monograph,Lozi,Africa,Southern Africa,other subsistence combinations,,"685,695,829",https://ehrafworldcultures.yale.edu/sres/f0741c1b-c53b-40d9-b12c-886c74a22682
5f92d46b-1582-4f0a-a182-b1dd56b198fc,"Gluckman, Max, 1911-1975","The judicial process among the Barotse of Northern
         Rhodesia",1967,199,Monograph,Lozi,Africa,Southern Africa,other subsistence combinations,,684,https://ehrafworldcultures.yale.edu/sres/5f92d46b-1582-4f0a-a182-b1dd56b198fc
a48b3644-37e7-43dd-99de-8605df6460ce,"Gluckman, Max, 1911-1975","The judicial process among the Barotse of Northern
         Rhodesia",1967,199,Monograph,Lozi,Africa,Southern Africa,other subsistence combinations,,684,https://ehrafworldcultures.yale.edu/sres/a48b3644-37e7-43dd-99de-8605df6460ce
639fe64f-e461-40e1-b8d9-4abb0ae43bfb,"Gluckman, Max, 1911-1975","The judicial process among the Barotse of Northern
         Rhodesia",1967,199,Monograph,Lozi,Africa,Southern Africa,other subsistence combinations,,"565,684,689",https://ehrafworldcultures.yale.edu/sres/639fe64f-e461-40e1-b8d9-4abb0ae43bfb
120b06c4-fb60-4974-87ab-3ed9931a534f,"Gluckman, Max, 1911-1975","The judicial process among the Barotse of Northern
         Rhodesia",1967,210,Monograph,Lozi,Africa,Southern Africa,other subsistence combinations,,"184,586,684",https://ehrafworldcultures.yale.edu/sres/120b06c4-fb60-4974-87ab-3ed9931a534f
ec00deb1-1580-431a-8e2a-9521e60394e2,"Gluckman, Max, 1911-1975","The judicial process among the Barotse of Northern
         Rhodesia",1967,211,Monograph,Lozi,Africa,Southern Africa,other subsistence combinations,,"563,689,695",https://ehrafworldcultures.yale.edu/sres/ec00deb1-1580-431a-8e2a-9521e60394e2
bbfbb40c-9965-47a2-86a6-52b897f99930,"Gluckman, Max, 1911-1975","The judicial process among the Barotse of Northern
         Rhodesia",1967,211,Monograph,Lozi,Africa,Southern Africa,other subsistence combinations,,"563,689,695",https://ehrafworldcultures.yale.edu/sres/bbfbb40c-9965-47a2-86a6-52b897f99930
e25ed5b1-0a12-481c-ac43-1d99ad0dab9b,"Gluckman, Max, 1911-1975","The judicial process among the Barotse of Northern
         Rhodesia",1967,215,Monograph,Lozi,Africa,Southern Africa,other subsistence combinations,,"548,686,695",https://ehrafworldcultures.yale.edu/sres/e25ed5b1-0a12-481c-ac43-1d99ad0dab9b
877dc0a6-91b4-46ab-9456-0968d513d83a,"Gluckman, Max, 1911-1975","The judicial process among the Barotse of Northern
         Rhodesia",1967,217,Monograph,Lozi,Africa,Southern Africa,other subsistence combinations,,684,https://ehrafworldcultures.yale.edu/sres/877dc0a6-91b4-46ab-9456-0968d513d83a
960ce3df-9234-4df6-b032-29e2a332dae4,"Gluckman, Max, 1911-1975","The judicial process among the Barotse of Northern
         Rhodesia",1967,218,Monograph,Lozi,Africa,Southern Africa,other subsistence combinations,,"177,186,563,566,577,648,669,671,681,695",https://ehrafworldcultures.yale.edu/sres/960ce3df-9234-4df6-b032-29e2a332dae4
f96647d5-04ce-46ca-b823-d2bd95169a94,"Gluckman, Max, 1911-1975","The judicial process among the Barotse of Northern
         Rhodesia",1967,219,Monograph,Lozi,Africa,Southern Africa,other subsistence combinations,,"684,695,848",https://ehrafworldcultures.yale.edu/sres/f96647d5-04ce-46ca-b823-d2bd95169a94
89f5aa03-ceb8-47cc-8f6d-bf19bce44e34,"Gluckman, Max, 1911-1975","The judicial process among the Barotse of Northern
         Rhodesia",1967,220,Monograph,Lozi,Africa,Southern Africa,other subsistence combinations,,"671,689",https://ehrafworldcultures.yale.edu/sres/89f5aa03-ceb8-47cc-8f6d-bf19bce44e34
921ddf46-3130-4c72-94d6-adf89af43e7c,"Gluckman, Max, 1911-1975","The judicial process among the Barotse of Northern
         Rhodesia",1967,220,Monograph,Lozi,Africa,Southern Africa,other subsistence combinations,,"671,689",https://ehrafworldcultures.yale.edu/sres/921ddf46-3130-4c72-94d6-adf89af43e7c
ed534646-b2fa-41d0-9de7-1ef65cf38a94,"Gluckman, Max, 1911-1975","The judicial process among the Barotse of Northern
         Rhodesia",1967,220,Monograph,Lozi,Africa,Southern Africa,other subsistence combinations,,"671,689",https://ehrafworldcultures.yale.edu/sres/ed534646-b2fa-41d0-9de7-1ef65cf38a94
06a25af2-7009-4319-9b69-aaa01c30c7d7,"Gluckman, Max, 1911-1975","The judicial process among the Barotse of Northern
         Rhodesia",1967,220,Monograph,Lozi,Africa,Southern Africa,other subsistence combinations,,"671,689",https://ehrafworldcultures.yale.edu/sres/06a25af2-7009-4319-9b69-aaa01c30c7d7
b53d5334-bc09-4d30-9f37-fda6256824c0,"Gluckman, Max, 1911-1975","The judicial process among the Barotse of Northern
         Rhodesia",1967,221,Monograph,Lozi,Africa,Southern Africa,other subsistence combinations,,"672,684",https://ehrafworldcultures.yale.edu/sres/b53d5334-bc09-4d30-9f37-fda6256824c0
1ea4fb8a-cefe-4824-b9b0-3c81996eb4c1,"Gluckman, Max, 1911-1975","The judicial process among the Barotse of Northern
         Rhodesia",1967,227,Monograph,Lozi,Africa,Southern Africa,other subsistence combinations,,"192,684,695",https://ehrafworldcultures.yale.edu/sres/1ea4fb8a-cefe-4824-b9b0-3c81996eb4c1
a560a152-b4c5-4876-96ba-41f850f1f15c,"Gluckman, Max, 1911-1975","The judicial process among the Barotse of Northern
         Rhodesia",1967,238,Monograph,Lozi,Africa,Southern Africa,other subsistence combinations,,"586,671,685",https://ehrafworldcultures.yale.edu/sres/a560a152-b4c5-4876-96ba-41f850f1f15c
d4929f87-baeb-488b-86f9-c6c5f1ccea24,"Gluckman, Max, 1911-1975","The judicial process among the Barotse of Northern
         Rhodesia",1967,238,Monograph,Lozi,Africa,Southern Africa,other subsistence combinations,,"586,595,671,684",https://ehrafworldcultures.yale.edu/sres/d4929f87-baeb-488b-86f9-c6c5f1ccea24
e3d22638-c1ed-4ddf-ac83-639af6a3a56e,"Gluckman, Max, 1911-1975","The judicial process among the Barotse of Northern
         Rhodesia",1967,238,Monograph,Lozi,Africa,Southern Africa,other subsistence combinations,,681,https://ehrafworldcultures.yale.edu/sres/e3d22638-c1ed-4ddf-ac83-639af6a3a56e
0a75ac8b-b829-4ba4-8353-06a7823e4d4a,"Gluckman, Max, 1911-1975","The judicial process among the Barotse of Northern
         Rhodesia",1967,243,Monograph,Lozi,Africa,Southern Africa,other subsistence combinations,,"178,671,672,686,692",https://ehrafworldcultures.yale.edu/sres/0a75ac8b-b829-4ba4-8353-06a7823e4d4a
010034e4-e6d7-4886-9a1e-7dca0f3016c8,"Gluckman, Max, 1911-1975","The judicial process among the Barotse of Northern
         Rhodesia",1967,245,Monograph,Lozi,Africa,Southern Africa,other subsistence combinations,,"648,671,681,692,861",https://ehrafworldcultures.yale.edu/sres/010034e4-e6d7-4886-9a1e-7dca0f3016c8
bd1dcbd3-a4a6-4c7e-acf2-937c79a8a31d,"Gluckman, Max, 1911-1975","The judicial process among the Barotse of Northern
         Rhodesia",1967,245,Monograph,Lozi,Africa,Southern Africa,other subsistence combinations,,"566,648,671,681,692",https://ehrafworldcultures.yale.edu/sres/bd1dcbd3-a4a6-4c7e-acf2-937c79a8a31d
aff7a43c-615b-4e40-80a3-23868bd24e57,"Gluckman, Max, 1911-1975","The judicial process among the Barotse of Northern
         Rhodesia",1967,247,Monograph,Lozi,Africa,Southern Africa,other subsistence combinations,,"671,685,828",https://ehrafworldcultures.yale.edu/sres/aff7a43c-615b-4e40-80a3-23868bd24e57
a9ed87bf-5637-4c78-85ac-2fbd03e6b622,"Gluckman, Max, 1911-1975","The judicial process among the Barotse of Northern
         Rhodesia",1967,248,Monograph,Lozi,Africa,Southern Africa,other subsistence combinations,,"671,685,828",https://ehrafworldcultures.yale.edu/sres/a9ed87bf-5637-4c78-85ac-2fbd03e6b622
a7aa6767-83ec-4308-aa26-0243f3ec46f6,"Gluckman, Max, 1911-1975","The judicial process among the Barotse of Northern
         Rhodesia",1967,248,Monograph,Lozi,Africa,Southern Africa,other subsistence combinations,,"671,685,828",https://ehrafworldcultures.yale.edu/sres/a7aa6767-83ec-4308-aa26-0243f3ec46f6
eb6db38e-493a-4a19-890b-07ed5c5766bb,"Gluckman, Max, 1911-1975","The judicial process among the Barotse of Northern
         Rhodesia",1967,248,Monograph,Lozi,Africa,Southern Africa,other subsistence combinations,,684,https://ehrafworldcultures.yale.edu/sres/eb6db38e-493a-4a19-890b-07ed5c5766bb
1cda819b-799c-4174-b52a-b4061622f749,"Gluckman, Max, 1911-1975","The judicial process among the Barotse of Northern
         Rhodesia",1967,248,Monograph,Lozi,Africa,Southern Africa,other subsistence combinations,,684,https://ehrafworldcultures.yale.edu/sres/1cda819b-799c-4174-b52a-b4061622f749
6b7217cb-a048-4336-b4d1-922e4f73ea19,"Gluckman, Max, 1911-1975","The judicial process among the Barotse of Northern
         Rhodesia",1967,249,Monograph,Lozi,Africa,Southern Africa,other subsistence combinations,,"423,586,671,684,689",https://ehrafworldcultures.yale.edu/sres/6b7217cb-a048-4336-b4d1-922e4f73ea19
f517cb93-5b11-48dc-bb0a-500767acfe96,"Gluckman, Max, 1911-1975","The judicial process among the Barotse of Northern
         Rhodesia",1967,249,Monograph,Lozi,Africa,Southern Africa,other subsistence combinations,,"273,423,673,686,689,872",https://ehrafworldcultures.yale.edu/sres/f517cb93-5b11-48dc-bb0a-500767acfe96
58b6e45e-c71c-488b-b0b0-7ae5eae7daa0,"Gluckman, Max, 1911-1975","The judicial process among the Barotse of Northern
         Rhodesia",1967,250,Monograph,Lozi,Africa,Southern Africa,other subsistence combinations,,"671,673,684,685,689,695",https://ehrafworldcultures.yale.edu/sres/58b6e45e-c71c-488b-b0b0-7ae5eae7daa0
98e32781-c2fd-4bc6-a75e-65637bef06be,"Gluckman, Max, 1911-1975","The judicial process among the Barotse of Northern
         Rhodesia",1967,260,Monograph,Lozi,Africa,Southern Africa,other subsistence combinations,,"183,586,671,684",https://ehrafworldcultures.yale.edu/sres/98e32781-c2fd-4bc6-a75e-65637bef06be
03b7934a-d4ef-4a2c-8623-1931c4d2b959,"Gluckman, Max, 1911-1975","The judicial process among the Barotse of Northern
         Rhodesia",1967,278,Monograph,Lozi,Africa,Southern Africa,other subsistence combinations,,"685,695,828",https://ehrafworldcultures.yale.edu/sres/03b7934a-d4ef-4a2c-8623-1931c4d2b959
158927b6-34af-4fc4-8a40-1999896fac70,"Gluckman, Max, 1911-1975","The judicial process among the Barotse of Northern
         Rhodesia",1967,303,Monograph,Lozi,Africa,Southern Africa,other subsistence combinations,,"673,683",https://ehrafworldcultures.yale.edu/sres/158927b6-34af-4fc4-8a40-1999896fac70
95904efb-e884-46b0-8f0e-a10c3af419cf,"Gluckman, Max, 1911-1975","The judicial process among the Barotse of Northern
         Rhodesia",1967,307,Monograph,Lozi,Africa,Southern Africa,other subsistence combinations,,"423,602,621,622,689,695",https://ehrafworldcultures.yale.edu/sres/95904efb-e884-46b0-8f0e-a10c3af419cf
ec77c3d2-8008-415c-ab1d-e547fe80ddf1,"Gluckman, Max, 1911-1975","The judicial process among the Barotse of Northern
         Rhodesia",1967,309,Monograph,Lozi,Africa,Southern Africa,other subsistence combinations,,"183,576,689,695",https://ehrafworldcultures.yale.edu/sres/ec77c3d2-8008-415c-ab1d-e547fe80ddf1
53ea304d-d904-457b-b922-317ead7c59fa,"Gluckman, Max, 1911-1975","The judicial process among the Barotse of Northern
         Rhodesia",1967,314,Monograph,Lozi,Africa,Southern Africa,other subsistence combinations,,"423,554,602,680,695",https://ehrafworldcultures.yale.edu/sres/53ea304d-d904-457b-b922-317ead7c59fa
0a41cebe-d343-4d53-8c7b-e2f7d2a4eeeb,"Gluckman, Max, 1911-1975","The judicial process among the Barotse of Northern
         Rhodesia",1967,314,Monograph,Lozi,Africa,Southern Africa,other subsistence combinations,,"684,695",https://ehrafworldcultures.yale.edu/sres/0a41cebe-d343-4d53-8c7b-e2f7d2a4eeeb
55f151b8-625d-4126-b3b2-738ef647d44f,"Gluckman, Max, 1911-1975","The judicial process among the Barotse of Northern
         Rhodesia",1967,329,Monograph,Lozi,Africa,Southern Africa,other subsistence combinations,,"684,692",https://ehrafworldcultures.yale.edu/sres/55f151b8-625d-4126-b3b2-738ef647d44f
a41037f0-d052-4965-bb14-de6c74314ca9,"Gluckman, Max, 1911-1975","The judicial process among the Barotse of Northern
         Rhodesia",1967,329,Monograph,Lozi,Africa,Southern Africa,other subsistence combinations,,"684,692",https://ehrafworldcultures.yale.edu/sres/a41037f0-d052-4965-bb14-de6c74314ca9
e1d5f4d7-95ef-4b4a-be11-b53406c85229,"Gluckman, Max, 1911-1975","The judicial process among the Barotse of Northern
         Rhodesia",1967,407,Monograph,Lozi,Africa,Southern Africa,other subsistence combinations,,"121,423,680,695",https://ehrafworldcultures.yale.edu/sres/e1d5f4d7-95ef-4b4a-be11-b53406c85229
ab08de05-ea53-4eb5-8489-1cabfda0a988,"Gluckman, Max, 1911-1975","The judicial process among the Barotse of Northern
         Rhodesia",1967,412,Monograph,Lozi,Africa,Southern Africa,other subsistence combinations,,"114,423,685,692",https://ehrafworldcultures.yale.edu/sres/ab08de05-ea53-4eb5-8489-1cabfda0a988
8466180c-51ff-40f0-8ad1-61ecd9fc4b61,"Gluckman, Max, 1911-1975","The judicial process among the Barotse of Northern
         Rhodesia",1967,428,Monograph,Lozi,Africa,Southern Africa,other subsistence combinations,,"134,156,311,433,577,622,684,691",https://ehrafworldcultures.yale.edu/sres/8466180c-51ff-40f0-8ad1-61ecd9fc4b61
9274e537-1622-426a-be9f-ab538919d618,"Gluckman, Max, 1911-1975","The judicial process among the Barotse of Northern
         Rhodesia",1967,436,Monograph,Lozi,Africa,Southern Africa,other subsistence combinations,,"361,427,681,754",https://ehrafworldcultures.yale.edu/sres/9274e537-1622-426a-be9f-ab538919d618
e996d805-8a75-428b-9e51-b1d6deed3be8,"Gluckman, Max, 1911-1975","The judicial process among the Barotse of Northern
         Rhodesia",1967,438,Monograph,Lozi,Africa,Southern Africa,other subsistence combinations,,"191,683,689,693,695",https://ehrafworldcultures.yale.edu/sres/e996d805-8a75-428b-9e51-b1d6deed3be8
dd82476e-e218-42ce-8666-57e49c13e9b3,"Gluckman, Max, 1911-1975","The judicial process among the Barotse of Northern
         Rhodesia",1967,439,Monograph,Lozi,Africa,Southern Africa,other subsistence combinations,,"127,686",https://ehrafworldcultures.yale.edu/sres/dd82476e-e218-42ce-8666-57e49c13e9b3
093206de-db7d-4a06-b103-abb4b13df883,"Gluckman, Max, 1911-1975","The judicial process among the Barotse of Northern
         Rhodesia",1967,440,Monograph,Lozi,Africa,Southern Africa,other subsistence combinations,,"675,686",https://ehrafworldcultures.yale.edu/sres/093206de-db7d-4a06-b103-abb4b13df883
128d1b8a-13bc-4e99-b3d2-eb660d887d1a,"Gluckman, Max, 1911-1975","The judicial process among the Barotse of Northern
         Rhodesia",1967,440,Monograph,Lozi,Africa,Southern Africa,other subsistence combinations,,"675,686",https://ehrafworldcultures.yale.edu/sres/128d1b8a-13bc-4e99-b3d2-eb660d887d1a
74acf7b5-ec9e-4f6d-aca9-9adc84d24279,"Gluckman, Max, 1911-1975","The judicial process among the Barotse of Northern
         Rhodesia",1967,441,Monograph,Lozi,Africa,Southern Africa,other subsistence combinations,,"437,675,686",https://ehrafworldcultures.yale.edu/sres/74acf7b5-ec9e-4f6d-aca9-9adc84d24279
f9d194a5-5707-4199-aad5-dcef104bab83,"Gluckman, Max, 1911-1975","The judicial process among the Barotse of Northern
         Rhodesia",1967,441,Monograph,Lozi,Africa,Southern Africa,other subsistence combinations,,686,https://ehrafworldcultures.yale.edu/sres/f9d194a5-5707-4199-aad5-dcef104bab83
6ef06b59-7a35-48ab-b8b1-cb3f71c4e1ff,"Gluckman, Max, 1911-1975","The judicial process among the Barotse of Northern
         Rhodesia",1967,442,Monograph,Lozi,Africa,Southern Africa,other subsistence combinations,,686,https://ehrafworldcultures.yale.edu/sres/6ef06b59-7a35-48ab-b8b1-cb3f71c4e1ff
d195e03e-fd99-4371-940f-5473404226f9,"Gluckman, Max, 1911-1975",The Lozi of Barostseland in north-western Rhodesia,1959,15,Essay,Lozi,Africa,Southern Africa,other subsistence combinations,,"563,565,619,687",https://ehrafworldcultures.yale.edu/sres/d195e03e-fd99-4371-940f-5473404226f9
7a9f8988-ed87-434e-b340-c1b40e404fe2,"Reynolds, Barrie","Magic, divination and witchcraft among the Barotse of Northern
         Rhodesia",1963,11,Monograph,Lozi,Africa,Southern Africa,other subsistence combinations,,"411,682,754",https://ehrafworldcultures.yale.edu/sres/7a9f8988-ed87-434e-b340-c1b40e404fe2
3c5b3367-5a2f-413c-85b1-132894cf42c7,"Reynolds, Barrie","Magic, divination and witchcraft among the Barotse of Northern
         Rhodesia",1963,11,Monograph,Lozi,Africa,Southern Africa,other subsistence combinations,,"682,694,754",https://ehrafworldcultures.yale.edu/sres/3c5b3367-5a2f-413c-85b1-132894cf42c7
cbaefbd5-319f-40e2-af1b-fd50ec4ae06a,"Reynolds, Barrie","Magic, divination and witchcraft among the Barotse of Northern
         Rhodesia",1963,11,Monograph,Lozi,Africa,Southern Africa,other subsistence combinations,,"682,694,754",https://ehrafworldcultures.yale.edu/sres/cbaefbd5-319f-40e2-af1b-fd50ec4ae06a
61ae6a9b-334e-4401-aeb0-e9a0662237f9,"Reynolds, Barrie","Magic, divination and witchcraft among the Barotse of Northern
         Rhodesia",1963,12,Monograph,Lozi,Africa,Southern Africa,other subsistence combinations,,"648,682,693,694,754",https://ehrafworldcultures.yale.edu/sres/61ae6a9b-334e-4401-aeb0-e9a0662237f9
2fbf29f3-cd89-4174-8b53-3f8007e19163,"Reynolds, Barrie","Magic, divination and witchcraft among the Barotse of Northern
         Rhodesia",1963,12,Monograph,Lozi,Africa,Southern Africa,other subsistence combinations,,"682,694,754",https://ehrafworldcultures.yale.edu/sres/2fbf29f3-cd89-4174-8b53-3f8007e19163
e4b0f53f-869b-4ac8-bd84-3ed928a9e6a5,"Reynolds, Barrie","Magic, divination and witchcraft among the Barotse of Northern
         Rhodesia",1963,12,Monograph,Lozi,Africa,Southern Africa,other subsistence combinations,,"682,694,754",https://ehrafworldcultures.yale.edu/sres/e4b0f53f-869b-4ac8-bd84-3ed928a9e6a5
1e6b0854-e98f-4cd3-9c60-da7151be0fd7,"Reynolds, Barrie","Magic, divination and witchcraft among the Barotse of Northern
         Rhodesia",1963,12,Monograph,Lozi,Africa,Southern Africa,other subsistence combinations,,"682,694,754",https://ehrafworldcultures.yale.edu/sres/1e6b0854-e98f-4cd3-9c60-da7151be0fd7
a202a81a-3177-49cc-9ae1-895c56a85221,"Reynolds, Barrie","Magic, divination and witchcraft among the Barotse of Northern
         Rhodesia",1963,12,Monograph,Lozi,Africa,Southern Africa,other subsistence combinations,,"682,694,754",https://ehrafworldcultures.yale.edu/sres/a202a81a-3177-49cc-9ae1-895c56a85221
ca466083-8d35-45bf-8882-ea4cb364eaae,"Reynolds, Barrie","Magic, divination and witchcraft among the Barotse of Northern
         Rhodesia",1963,13,Monograph,Lozi,Africa,Southern Africa,other subsistence combinations,,"682,694,754",https://ehrafworldcultures.yale.edu/sres/ca466083-8d35-45bf-8882-ea4cb364eaae
b8004bd2-78dd-44f8-8dda-546c0a92e905,"Reynolds, Barrie","Magic, divination and witchcraft among the Barotse of Northern
         Rhodesia",1963,13,Monograph,Lozi,Africa,Southern Africa,other subsistence combinations,,"682,694,754",https://ehrafworldcultures.yale.edu/sres/b8004bd2-78dd-44f8-8dda-546c0a92e905
c8f0e18e-3def-4b59-a5d5-6cc7290de558,"Reynolds, Barrie","Magic, divination and witchcraft among the Barotse of Northern
         Rhodesia",1963,13,Monograph,Lozi,Africa,Southern Africa,other subsistence combinations,,"266,682,694,754",https://ehrafworldcultures.yale.edu/sres/c8f0e18e-3def-4b59-a5d5-6cc7290de558
1b05759a-8e87-418a-911f-19621c33efa6,"Reynolds, Barrie","Magic, divination and witchcraft among the Barotse of Northern
         Rhodesia",1963,80,Monograph,Lozi,Africa,Southern Africa,other subsistence combinations,,"177,412,682,754",https://ehrafworldcultures.yale.edu/sres/1b05759a-8e87-418a-911f-19621c33efa6
513ebf47-565b-47ae-9569-c7c03dd7dea8,"Reynolds, Barrie","Magic, divination and witchcraft among the Barotse of Northern
         Rhodesia",1963,81,Monograph,Lozi,Africa,Southern Africa,other subsistence combinations,,"177,412,682,754",https://ehrafworldcultures.yale.edu/sres/513ebf47-565b-47ae-9569-c7c03dd7dea8
610b4c32-8401-4cc0-805a-8685550e6e5d,"Reynolds, Barrie","Magic, divination and witchcraft among the Barotse of Northern
         Rhodesia",1963,81,Monograph,Lozi,Africa,Southern Africa,other subsistence combinations,,"177,412,682,754",https://ehrafworldcultures.yale.edu/sres/610b4c32-8401-4cc0-805a-8685550e6e5d
a3382a43-94d1-4799-a59f-b2b198a4d8d2,"Reynolds, Barrie","Magic, divination and witchcraft among the Barotse of Northern
         Rhodesia",1963,81,Monograph,Lozi,Africa,Southern Africa,other subsistence combinations,,"177,412,682,754",https://ehrafworldcultures.yale.edu/sres/a3382a43-94d1-4799-a59f-b2b198a4d8d2
6a2fb48b-6b34-4ed7-96db-edbc9245cef6,"Reynolds, Barrie","Magic, divination and witchcraft among the Barotse of Northern
         Rhodesia",1963,81,Monograph,Lozi,Africa,Southern Africa,other subsistence combinations,,"177,412,682,754",https://ehrafworldcultures.yale.edu/sres/6a2fb48b-6b34-4ed7-96db-edbc9245cef6
79fc59ee-7b6d-4119-8754-5ec749ce65cc,"Reynolds, Barrie","Magic, divination and witchcraft among the Barotse of Northern
         Rhodesia",1963,81,Monograph,Lozi,Africa,Southern Africa,other subsistence combinations,,"177,412,682,754",https://ehrafworldcultures.yale.edu/sres/79fc59ee-7b6d-4119-8754-5ec749ce65cc
3c3c32b0-0f83-4522-9a97-43217f8bb8c7,"Reynolds, Barrie","Magic, divination and witchcraft among the Barotse of Northern
         Rhodesia",1963,81,Monograph,Lozi,Africa,Southern Africa,other subsistence combinations,,"177,412,682,754",https://ehrafworldcultures.yale.edu/sres/3c3c32b0-0f83-4522-9a97-43217f8bb8c7
7e76413f-83ce-4b72-8994-be89431b58f9,"Reynolds, Barrie","Magic, divination and witchcraft among the Barotse of Northern
         Rhodesia",1963,81,Monograph,Lozi,Africa,Southern Africa,other subsistence combinations,,"177,412,682,754",https://ehrafworldcultures.yale.edu/sres/7e76413f-83ce-4b72-8994-be89431b58f9
1859b959-db08-407e-8636-0e90717d18aa,"Reynolds, Barrie","Magic, divination and witchcraft among the Barotse of Northern
         Rhodesia",1963,123,Monograph,Lozi,Africa,Southern Africa,other subsistence combinations,,"278,683,755,824,827",https://ehrafworldcultures.yale.edu/sres/1859b959-db08-407e-8636-0e90717d18aa
258b52f0-02d0-47c7-a650-953f14c283c3,"Reynolds, Barrie","Magic, divination and witchcraft among the Barotse of Northern
         Rhodesia",1963,139,Monograph,Lozi,Africa,Southern Africa,other subsistence combinations,,"127,648,683",https://ehrafworldcultures.yale.edu/sres/258b52f0-02d0-47c7-a650-953f14c283c3
8fc63ff4-918b-4f56-8ad0-04fb8337ce9a,"Reynolds, Barrie","Magic, divination and witchcraft among the Barotse of Northern
         Rhodesia",1963,146,Monograph,Lozi,Africa,Southern Africa,other subsistence combinations,,"648,683,695",https://ehrafworldcultures.yale.edu/sres/8fc63ff4-918b-4f56-8ad0-04fb8337ce9a
28692376-0da7-460f-b010-111048636b1d,"Reynolds, Barrie","Magic, divination and witchcraft among the Barotse of Northern
         Rhodesia",1963,147,Monograph,Lozi,Africa,Southern Africa,other subsistence combinations,,"648,683,695",https://ehrafworldcultures.yale.edu/sres/28692376-0da7-460f-b010-111048636b1d
e40f6fce-2d29-4fd6-8154-75b91b750270,"Reynolds, Barrie","Magic, divination and witchcraft among the Barotse of Northern
         Rhodesia",1963,164,Monograph,Lozi,Africa,Southern Africa,other subsistence combinations,,"648,683,754,755",https://ehrafworldcultures.yale.edu/sres/e40f6fce-2d29-4fd6-8154-75b91b750270
5408be42-a3e9-4f3c-961a-0059a1893e7f,"Reynolds, Barrie","Magic, divination and witchcraft among the Barotse of Northern
         Rhodesia",1963,164,Monograph,Lozi,Africa,Southern Africa,other subsistence combinations,,"178,648,683,754,755",https://ehrafworldcultures.yale.edu/sres/5408be42-a3e9-4f3c-961a-0059a1893e7f
d8f7518f-94b8-4d2e-b676-648910d04d96,"Reynolds, Barrie","Magic, divination and witchcraft among the Barotse of Northern
         Rhodesia",1963,165,Monograph,Lozi,Africa,Southern Africa,other subsistence combinations,,"178,648,683,754,755",https://ehrafworldcultures.yale.edu/sres/d8f7518f-94b8-4d2e-b676-648910d04d96
37cb488b-b76c-4684-ad98-7932d79e99ab,"Reynolds, Barrie","Magic, divination and witchcraft among the Barotse of Northern
         Rhodesia",1963,166,Monograph,Lozi,Africa,Southern Africa,other subsistence combinations,,683,https://ehrafworldcultures.yale.edu/sres/37cb488b-b76c-4684-ad98-7932d79e99ab
141498ab-d8a7-4e7e-9f2b-7cdf4a4b11a6,"Reynolds, Barrie","Magic, divination and witchcraft among the Barotse of Northern
         Rhodesia",1963,166,Monograph,Lozi,Africa,Southern Africa,other subsistence combinations,,683,https://ehrafworldcultures.yale.edu/sres/141498ab-d8a7-4e7e-9f2b-7cdf4a4b11a6
1403c78a-d652-4c3c-8187-3ef376c6e42a,"Reynolds, Barrie","Magic, divination and witchcraft among the Barotse of Northern
         Rhodesia",1963,166,Monograph,Lozi,Africa,Southern Africa,other subsistence combinations,,683,https://ehrafworldcultures.yale.edu/sres/1403c78a-d652-4c3c-8187-3ef376c6e42a
0a93842f-91a3-4f65-8578-15059931ebdb,"Reynolds, Barrie","Magic, divination and witchcraft among the Barotse of Northern
         Rhodesia",1963,166,Monograph,Lozi,Africa,Southern Africa,other subsistence combinations,,683,https://ehrafworldcultures.yale.edu/sres/0a93842f-91a3-4f65-8578-15059931ebdb
ace55337-69c1-4143-9cb9-e2ea158b4f2b,"Reynolds, Barrie","Magic, divination and witchcraft among the Barotse of Northern
         Rhodesia",1963,166,Monograph,Lozi,Africa,Southern Africa,other subsistence combinations,,683,https://ehrafworldcultures.yale.edu/sres/ace55337-69c1-4143-9cb9-e2ea158b4f2b
3af14ed9-6f88-4bf0-8b1e-d2142612080f,"Reynolds, Barrie","Magic, divination and witchcraft among the Barotse of Northern
         Rhodesia",1963,166,Monograph,Lozi,Africa,Southern Africa,other subsistence combinations,,683,https://ehrafworldcultures.yale.edu/sres/3af14ed9-6f88-4bf0-8b1e-d2142612080f
32ad5a87-4a2c-47c6-90aa-138d327a0263,"Reynolds, Barrie","Magic, divination and witchcraft among the Barotse of Northern
         Rhodesia",1963,166,Monograph,Lozi,Africa,Southern Africa,other subsistence combinations,,683,https://ehrafworldcultures.yale.edu/sres/32ad5a87-4a2c-47c6-90aa-138d327a0263
9056d9f7-46b6-4576-bba6-424b652d87fc,"Reynolds, Barrie","Magic, divination and witchcraft among the Barotse of Northern
         Rhodesia",1963,166,Monograph,Lozi,Africa,Southern Africa,other subsistence combinations,,683,https://ehrafworldcultures.yale.edu/sres/9056d9f7-46b6-4576-bba6-424b652d87fc
7bd5e9cc-c2fc-4846-ae7a-51e38cf7731a,"Reynolds, Barrie","Magic, divination and witchcraft among the Barotse of Northern
         Rhodesia",1963,166,Monograph,Lozi,Africa,Southern Africa,other subsistence combinations,,683,https://ehrafworldcultures.yale.edu/sres/7bd5e9cc-c2fc-4846-ae7a-51e38cf7731a
1b9964dc-49af-459d-aee7-f2304c762bf2,"Reynolds, Barrie","Magic, divination and witchcraft among the Barotse of Northern
         Rhodesia",1963,166,Monograph,Lozi,Africa,Southern Africa,other subsistence combinations,,683,https://ehrafworldcultures.yale.edu/sres/1b9964dc-49af-459d-aee7-f2304c762bf2
05fca8c0-2f0c-49eb-be79-159ed5306db1,"Reynolds, Barrie","Magic, divination and witchcraft among the Barotse of Northern
         Rhodesia",1963,166,Monograph,Lozi,Africa,Southern Africa,other subsistence combinations,,683,https://ehrafworldcultures.yale.edu/sres/05fca8c0-2f0c-49eb-be79-159ed5306db1
5186bf97-10a5-49a5-b205-6b3adf3819dc,"Reynolds, Barrie","Magic, divination and witchcraft among the Barotse of Northern
         Rhodesia",1963,166,Monograph,Lozi,Africa,Southern Africa,other subsistence combinations,,683,https://ehrafworldcultures.yale.edu/sres/5186bf97-10a5-49a5-b205-6b3adf3819dc
bcb4b7fa-c7e5-4f9b-b50a-0cb88aea2734,"Reynolds, Barrie","Magic, divination and witchcraft among the Barotse of Northern
         Rhodesia",1963,166,Monograph,Lozi,Africa,Southern Africa,other subsistence combinations,,683,https://ehrafworldcultures.yale.edu/sres/bcb4b7fa-c7e5-4f9b-b50a-0cb88aea2734
266fa87f-8a43-49c1-ada5-3687f42121b0,"Reynolds, Barrie","Magic, divination and witchcraft among the Barotse of Northern
         Rhodesia",1963,166,Monograph,Lozi,Africa,Southern Africa,other subsistence combinations,,683,https://ehrafworldcultures.yale.edu/sres/266fa87f-8a43-49c1-ada5-3687f42121b0
49bdbab0-102a-4481-9e04-5e5dd9c98373,"Reynolds, Barrie","Magic, divination and witchcraft among the Barotse of Northern
         Rhodesia",1963,166,Monograph,Lozi,Africa,Southern Africa,other subsistence combinations,,683,https://ehrafworldcultures.yale.edu/sres/49bdbab0-102a-4481-9e04-5e5dd9c98373
3fff5d5a-e691-40f3-88f2-36354e6ea4f6,"Reynolds, Barrie","Magic, divination and witchcraft among the Barotse of Northern
         Rhodesia",1963,167,Monograph,Lozi,Africa,Southern Africa,other subsistence combinations,,683,https://ehrafworldcultures.yale.edu/sres/3fff5d5a-e691-40f3-88f2-36354e6ea4f6
af3ed297-1a48-49e2-b393-e5c222b6d557,"Reynolds, Barrie","Magic, divination and witchcraft among the Barotse of Northern
         Rhodesia",1963,167,Monograph,Lozi,Africa,Southern Africa,other subsistence combinations,,683,https://ehrafworldcultures.yale.edu/sres/af3ed297-1a48-49e2-b393-e5c222b6d557
a61c92ab-51aa-4208-acce-250c5be3e806,"Reynolds, Barrie","Magic, divination and witchcraft among the Barotse of Northern
         Rhodesia",1963,167,Monograph,Lozi,Africa,Southern Africa,other subsistence combinations,,683,https://ehrafworldcultures.yale.edu/sres/a61c92ab-51aa-4208-acce-250c5be3e806
b679b709-97d5-4c26-9f0a-afafcc94df7a,"Reynolds, Barrie","Magic, divination and witchcraft among the Barotse of Northern
         Rhodesia",1963,167,Monograph,Lozi,Africa,Southern Africa,other subsistence combinations,,683,https://ehrafworldcultures.yale.edu/sres/b679b709-97d5-4c26-9f0a-afafcc94df7a
97b07db9-796e-4d3f-a6b7-ca42c39daadd,"Reynolds, Barrie","Magic, divination and witchcraft among the Barotse of Northern
         Rhodesia",1963,167,Monograph,Lozi,Africa,Southern Africa,other subsistence combinations,,683,https://ehrafworldcultures.yale.edu/sres/97b07db9-796e-4d3f-a6b7-ca42c39daadd
f47589c7-fbeb-4735-a924-9cfe6edf3fc3,"Reynolds, Barrie","Magic, divination and witchcraft among the Barotse of Northern
         Rhodesia",1963,167,Monograph,Lozi,Africa,Southern Africa,other subsistence combinations,,683,https://ehrafworldcultures.yale.edu/sres/f47589c7-fbeb-4735-a924-9cfe6edf3fc3
dd2ab3d8-faed-475a-8af4-c685d6a69ee2,"Reynolds, Barrie","Magic, divination and witchcraft among the Barotse of Northern
         Rhodesia",1963,167,Monograph,Lozi,Africa,Southern Africa,other subsistence combinations,,683,https://ehrafworldcultures.yale.edu/sres/dd2ab3d8-faed-475a-8af4-c685d6a69ee2
96487738-004c-432d-b853-25cbdf9a26f8,"Reynolds, Barrie","Magic, divination and witchcraft among the Barotse of Northern
         Rhodesia",1963,167,Monograph,Lozi,Africa,Southern Africa,other subsistence combinations,,683,https://ehrafworldcultures.yale.edu/sres/96487738-004c-432d-b853-25cbdf9a26f8
c7b5a864-1ab3-49fd-a461-eddc25aa0a10,"Reynolds, Barrie","Magic, divination and witchcraft among the Barotse of Northern
         Rhodesia",1963,167,Monograph,Lozi,Africa,Southern Africa,other subsistence combinations,,683,https://ehrafworldcultures.yale.edu/sres/c7b5a864-1ab3-49fd-a461-eddc25aa0a10
124ee76a-d59d-4479-9fdc-f282ba06ccfe,"Reynolds, Barrie","Magic, divination and witchcraft among the Barotse of Northern
         Rhodesia",1963,167,Monograph,Lozi,Africa,Southern Africa,other subsistence combinations,,683,https://ehrafworldcultures.yale.edu/sres/124ee76a-d59d-4479-9fdc-f282ba06ccfe
d62ee324-00a7-4274-a99f-a74c02c748be,"Reynolds, Barrie","Magic, divination and witchcraft among the Barotse of Northern
         Rhodesia",1963,168,Monograph,Lozi,Africa,Southern Africa,other subsistence combinations,,683,https://ehrafworldcultures.yale.edu/sres/d62ee324-00a7-4274-a99f-a74c02c748be
1d4013d7-c3c7-4308-83a8-d70f0dd6cac6,"Reynolds, Barrie","Magic, divination and witchcraft among the Barotse of Northern
         Rhodesia",1963,168,Monograph,Lozi,Africa,Southern Africa,other subsistence combinations,,683,https://ehrafworldcultures.yale.edu/sres/1d4013d7-c3c7-4308-83a8-d70f0dd6cac6
edc5f887-0f7e-4ef4-b53f-e7cee366b689,"Reynolds, Barrie","Magic, divination and witchcraft among the Barotse of Northern
         Rhodesia",1963,168,Monograph,Lozi,Africa,Southern Africa,other subsistence combinations,,683,https://ehrafworldcultures.yale.edu/sres/edc5f887-0f7e-4ef4-b53f-e7cee366b689
0b5ca34c-5412-4222-81a7-72706612da0e,"Reynolds, Barrie","Magic, divination and witchcraft among the Barotse of Northern
         Rhodesia",1963,168,Monograph,Lozi,Africa,Southern Africa,other subsistence combinations,,683,https://ehrafworldcultures.yale.edu/sres/0b5ca34c-5412-4222-81a7-72706612da0e
c2ad9fd1-e65d-4ed2-b4cc-30b8d7d52aee,"Reynolds, Barrie","Magic, divination and witchcraft among the Barotse of Northern
         Rhodesia",1963,168,Monograph,Lozi,Africa,Southern Africa,other subsistence combinations,,683,https://ehrafworldcultures.yale.edu/sres/c2ad9fd1-e65d-4ed2-b4cc-30b8d7d52aee
3f46951d-d4fd-449e-a82e-c769961d17c1,"Reynolds, Barrie","Magic, divination and witchcraft among the Barotse of Northern
         Rhodesia",1963,168,Monograph,Lozi,Africa,Southern Africa,other subsistence combinations,,683,https://ehrafworldcultures.yale.edu/sres/3f46951d-d4fd-449e-a82e-c769961d17c1
01256e79-5ca6-4d4a-a399-f8d57d8ee499,"Reynolds, Barrie","Magic, divination and witchcraft among the Barotse of Northern
         Rhodesia",1963,168,Monograph,Lozi,Africa,Southern Africa,other subsistence combinations,,683,https://ehrafworldcultures.yale.edu/sres/01256e79-5ca6-4d4a-a399-f8d57d8ee499
b6772aff-26aa-4280-8776-0b6d50538075,"Reynolds, Barrie","Magic, divination and witchcraft among the Barotse of Northern
         Rhodesia",1963,168,Monograph,Lozi,Africa,Southern Africa,other subsistence combinations,,683,https://ehrafworldcultures.yale.edu/sres/b6772aff-26aa-4280-8776-0b6d50538075
5c18cdf0-b162-4810-bdda-5abe4ad12054,"Reynolds, Barrie","Magic, divination and witchcraft among the Barotse of Northern
         Rhodesia",1963,168,Monograph,Lozi,Africa,Southern Africa,other subsistence combinations,,683,https://ehrafworldcultures.yale.edu/sres/5c18cdf0-b162-4810-bdda-5abe4ad12054
04ba4177-5721-42b0-83e7-0543a9c7d1c0,"Reynolds, Barrie","Magic, divination and witchcraft among the Barotse of Northern
         Rhodesia",1963,168,Monograph,Lozi,Africa,Southern Africa,other subsistence combinations,,683,https://ehrafworldcultures.yale.edu/sres/04ba4177-5721-42b0-83e7-0543a9c7d1c0
34e9cc1a-ec25-4151-b696-298003479bc6,"Reynolds, Barrie","Magic, divination and witchcraft among the Barotse of Northern
         Rhodesia",1963,169,Monograph,Lozi,Africa,Southern Africa,other subsistence combinations,,683,https://ehrafworldcultures.yale.edu/sres/34e9cc1a-ec25-4151-b696-298003479bc6
08812800-8bf0-4fc7-a52c-7efc51dbcfe7,"Reynolds, Barrie","Magic, divination and witchcraft among the Barotse of Northern
         Rhodesia",1963,169,Monograph,Lozi,Africa,Southern Africa,other subsistence combinations,,683,https://ehrafworldcultures.yale.edu/sres/08812800-8bf0-4fc7-a52c-7efc51dbcfe7
07121a93-52ed-42ad-a785-55c6acbf5efb,"Prins, Gwyn","The hidden hippopotamus: reappraisal in African
         history",1980,46,Monograph,Lozi,Africa,Southern Africa,other subsistence combinations,,"113,173,423,428,567,643,687",https://ehrafworldcultures.yale.edu/sres/07121a93-52ed-42ad-a785-55c6acbf5efb
ee5213f4-1761-4218-87bf-c8f4294dbf98,"Prins, Gwyn","The hidden hippopotamus: reappraisal in African
         history",1980,48,Monograph,Lozi,Africa,Southern Africa,other subsistence combinations,,"113,342,687",https://ehrafworldcultures.yale.edu/sres/ee5213f4-1761-4218-87bf-c8f4294dbf98
fb0d5d53-4b47-4f7f-a46a-046eff74ae1c,"Prins, Gwyn","The hidden hippopotamus: reappraisal in African
         history",1980,56,Monograph,Lozi,Africa,Southern Africa,other subsistence combinations,,"000,312,464,503,653,689",https://ehrafworldcultures.yale.edu/sres/fb0d5d53-4b47-4f7f-a46a-046eff74ae1c
5078e3c9-6348-4dd2-972e-eeba89f80f4f,"Prins, Gwyn","The hidden hippopotamus: reappraisal in African
         history",1980,75,Monograph,Lozi,Africa,Southern Africa,other subsistence combinations,,"565,567,682",https://ehrafworldcultures.yale.edu/sres/5078e3c9-6348-4dd2-972e-eeba89f80f4f
0cf10250-3020-406d-adf9-6863228db27a,"Prins, Gwyn","The hidden hippopotamus: reappraisal in African
         history",1980,75,Monograph,Lozi,Africa,Southern Africa,other subsistence combinations,,"565,567,682",https://ehrafworldcultures.yale.edu/sres/0cf10250-3020-406d-adf9-6863228db27a
1eed3e9b-9aff-4673-bf5e-36676b95a1b3,"Prins, Gwyn","The hidden hippopotamus: reappraisal in African
         history",1980,75,Monograph,Lozi,Africa,Southern Africa,other subsistence combinations,,"565,567,682",https://ehrafworldcultures.yale.edu/sres/1eed3e9b-9aff-4673-bf5e-36676b95a1b3
93cf13b5-f859-49af-9621-31ec39fb1cf1,"Prins, Gwyn","The hidden hippopotamus: reappraisal in African
         history",1980,75,Monograph,Lozi,Africa,Southern Africa,other subsistence combinations,,"565,567,682",https://ehrafworldcultures.yale.edu/sres/93cf13b5-f859-49af-9621-31ec39fb1cf1
65d802b0-c2c0-4eff-bd5e-68b5c9c1ae82,"Prins, Gwyn","The hidden hippopotamus: reappraisal in African
         history",1980,75,Monograph,Lozi,Africa,Southern Africa,other subsistence combinations,,682,https://ehrafworldcultures.yale.edu/sres/65d802b0-c2c0-4eff-bd5e-68b5c9c1ae82
3ad09a6b-450f-47d6-aa8f-257e3fd9ae26,"Prins, Gwyn","The hidden hippopotamus: reappraisal in African
         history",1980,76,Monograph,Lozi,Africa,Southern Africa,other subsistence combinations,,"565,567,682",https://ehrafworldcultures.yale.edu/sres/3ad09a6b-450f-47d6-aa8f-257e3fd9ae26
20588f8a-e7ce-4ecc-a1cb-e9b9a9973e10,"Prins, Gwyn","The hidden hippopotamus: reappraisal in African
         history",1980,78,Monograph,Lozi,Africa,Southern Africa,other subsistence combinations,,"262,682",https://ehrafworldcultures.yale.edu/sres/20588f8a-e7ce-4ecc-a1cb-e9b9a9973e10
08a769cc-37fb-4766-ac21-df5d8d2fdce5,"Prins, Gwyn","The hidden hippopotamus: reappraisal in African
         history",1980,88,Monograph,Lozi,Africa,Southern Africa,other subsistence combinations,,"233,425,602,685",https://ehrafworldcultures.yale.edu/sres/08a769cc-37fb-4766-ac21-df5d8d2fdce5
401abd87-f2f3-4d2e-b9c1-701107b5238a,"Prins, Gwyn","The hidden hippopotamus: reappraisal in African
         history",1980,120,Monograph,Lozi,Africa,Southern Africa,other subsistence combinations,,"113,501,554,576,643,682",https://ehrafworldcultures.yale.edu/sres/401abd87-f2f3-4d2e-b9c1-701107b5238a
09dd47fa-4d62-4b2e-b970-666ec930c7ef,"Prins, Gwyn","The hidden hippopotamus: reappraisal in African
         history",1980,197,Monograph,Lozi,Africa,Southern Africa,other subsistence combinations,,"113,177,683,797",https://ehrafworldcultures.yale.edu/sres/09dd47fa-4d62-4b2e-b970-666ec930c7ef
