uuid,Primary_Author,Title,Published,Page,DocType,Culture,Region,Subregion,Subsistence,OCM,IDs,Permalink
8bf16a01-2025-4d78-9614-753efb574950,"Bishop, Charles A.","The Northern Ojibwa and the fur trade: an historical and
         ecological study",1974,64,Monograph,Ojibwa,North America,Arctic and Subarctic,hunter-gatherers,,"626,627,681",https://ehrafworldcultures.yale.edu/sres/8bf16a01-2025-4d78-9614-753efb574950
757cc3da-299a-43d3-a357-ae6550463578,"Vennum, Thomas",Wild rice and the Ojibway people,1988,179,Monograph,Ojibwa,North America,Arctic and Subarctic,hunter-gatherers,,"622,626,627,685,756,782,789",https://ehrafworldcultures.yale.edu/sres/757cc3da-299a-43d3-a357-ae6550463578
4bb7a7cb-ff06-44eb-b2eb-5011e139a773,"Shkilnyk, Anastasia M., 1945-","A poison stronger than love: the destruction of an Ojibwa
         community",1985,30,Monograph,Ojibwa,North America,Arctic and Subarctic,hunter-gatherers,,"674,682,696,697,733",https://ehrafworldcultures.yale.edu/sres/4bb7a7cb-ff06-44eb-b2eb-5011e139a773
93e0d4a9-f2df-4f76-84df-e178942c6f49,"Hallowell, A. Irving (Alfred Irving),
         1892-1974",Ojibwa world view and disease,1976,434,Essay,Ojibwa,North America,Arctic and Subarctic,hunter-gatherers,,"266,682,696,697",https://ehrafworldcultures.yale.edu/sres/93e0d4a9-f2df-4f76-84df-e178942c6f49
7dabfde2-2398-45bc-9d1d-6fc36108ad5f,"Warren, William Whipple, 1825-1853","History of the Ojibways, based upon traditions and oral
         statements",1885,296,Monograph,Ojibwa,North America,Arctic and Subarctic,hunter-gatherers,,"177,439,682,696",https://ehrafworldcultures.yale.edu/sres/7dabfde2-2398-45bc-9d1d-6fc36108ad5f
d1da5647-2b28-4b62-bdcc-626bd8f34c52,"Warren, William Whipple, 1825-1853","History of the Ojibways, based upon traditions and oral
         statements",1885,389,Monograph,Ojibwa,North America,Arctic and Subarctic,hunter-gatherers,,"609,682,696",https://ehrafworldcultures.yale.edu/sres/d1da5647-2b28-4b62-bdcc-626bd8f34c52
314117ae-5e92-414c-901f-40292d13f703,"Warren, William Whipple, 1825-1853","History of the Ojibways, based upon traditions and oral
         statements",1885,413,Monograph,Ojibwa,North America,Arctic and Subarctic,hunter-gatherers,,"682,695,696",https://ehrafworldcultures.yale.edu/sres/314117ae-5e92-414c-901f-40292d13f703
81f3774e-5539-477a-9ecc-e686edd00ea3,"Warren, William Whipple, 1825-1853","History of the Ojibways, based upon traditions and oral
         statements",1885,475,Monograph,Ojibwa,North America,Arctic and Subarctic,hunter-gatherers,,"682,696",https://ehrafworldcultures.yale.edu/sres/81f3774e-5539-477a-9ecc-e686edd00ea3
48a250c7-0e4a-4200-9f05-192067e31dfa,"Warren, William Whipple, 1825-1853","History of the Ojibways, based upon traditions and oral
         statements",1885,475,Monograph,Ojibwa,North America,Arctic and Subarctic,hunter-gatherers,,"682,696",https://ehrafworldcultures.yale.edu/sres/48a250c7-0e4a-4200-9f05-192067e31dfa
7d88b33c-cd4f-4411-bc4a-77ae98f29e50,"Warren, William Whipple, 1825-1853","History of the Ojibways, based upon traditions and oral
         statements",1885,476,Monograph,Ojibwa,North America,Arctic and Subarctic,hunter-gatherers,,"682,696",https://ehrafworldcultures.yale.edu/sres/7d88b33c-cd4f-4411-bc4a-77ae98f29e50
fe4db4ee-f429-4a01-81de-4c5dc927bed4,"Warren, William Whipple, 1825-1853","History of the Ojibways, based upon traditions and oral
         statements",1885,484,Monograph,Ojibwa,North America,Arctic and Subarctic,hunter-gatherers,,"682,694,696",https://ehrafworldcultures.yale.edu/sres/fe4db4ee-f429-4a01-81de-4c5dc927bed4
44094f5b-00c9-4810-8f86-941e2905e0f0,"Landes, Ruth, 1908-",The Ojibwa woman,1938,81,Monograph,Ojibwa,North America,Arctic and Subarctic,hunter-gatherers,,"587,626,627",https://ehrafworldcultures.yale.edu/sres/44094f5b-00c9-4810-8f86-941e2905e0f0
37e6a015-9d8a-43bd-939b-2d33ccb21124,"Landes, Ruth, 1908-",Ojibwa sociology,1937,48,Monograph,Ojibwa,North America,Arctic and Subarctic,hunter-gatherers,,"614,626,627,754,755,765,828",https://ehrafworldcultures.yale.edu/sres/37e6a015-9d8a-43bd-939b-2d33ccb21124
1f063fc0-a4a2-4dd2-9d4d-870754be542e,"Landes, Ruth, 1908-",Ojibwa sociology,1937,49,Monograph,Ojibwa,North America,Arctic and Subarctic,hunter-gatherers,,"614,626,627,754,765",https://ehrafworldcultures.yale.edu/sres/1f063fc0-a4a2-4dd2-9d4d-870754be542e
eabd7474-b61c-4168-ae9b-ebec6235605d,"Hallowell, A. Irving (Alfred Irving),
         1892-1974","The Ojibwa of Berens River, Manitoba: ethnography into
         history",1991,93,Monograph,Ojibwa,North America,Arctic and Subarctic,hunter-gatherers,,"153,183,626,627,753",https://ehrafworldcultures.yale.edu/sres/eabd7474-b61c-4168-ae9b-ebec6235605d
2713cfcb-9536-458a-9ac3-aa971f972fa5,"Hallowell, A. Irving (Alfred Irving),
         1892-1974",The role of dreams in Ojibwa culture,1976,462,Essay,Ojibwa,North America,Arctic and Subarctic,hunter-gatherers,,"626,681",https://ehrafworldcultures.yale.edu/sres/2713cfcb-9536-458a-9ac3-aa971f972fa5
8ee82ece-4e95-4b83-bcf6-180252d648ea,"Landes, Ruth, 1908-",The Ojibwa woman,1938,44,Monograph,Ojibwa,North America,Arctic and Subarctic,hunter-gatherers,,"626,684,836,847",https://ehrafworldcultures.yale.edu/sres/8ee82ece-4e95-4b83-bcf6-180252d648ea
a2276062-89e5-4a78-897c-6c52f84f49eb,"Landes, Ruth, 1908-",The Ojibwa woman,1938,45,Monograph,Ojibwa,North America,Arctic and Subarctic,hunter-gatherers,,"159,626,684,836",https://ehrafworldcultures.yale.edu/sres/a2276062-89e5-4a78-897c-6c52f84f49eb
1b48d2e5-65f8-4348-b943-a30fea8d5387,"Landes, Ruth, 1908-",The Ojibwa woman,1938,45,Monograph,Ojibwa,North America,Arctic and Subarctic,hunter-gatherers,,"626,684,836",https://ehrafworldcultures.yale.edu/sres/1b48d2e5-65f8-4348-b943-a30fea8d5387
aaa9e1d0-7baf-4dbe-9b24-e26ac695aa88,"Landes, Ruth, 1908-",The Ojibwa woman,1938,45,Monograph,Ojibwa,North America,Arctic and Subarctic,hunter-gatherers,,"626,681,684,836",https://ehrafworldcultures.yale.edu/sres/aaa9e1d0-7baf-4dbe-9b24-e26ac695aa88
2ae81a7c-c903-44d3-9994-d26e39a4f978,"Landes, Ruth, 1908-",The Ojibwa woman,1938,46,Monograph,Ojibwa,North America,Arctic and Subarctic,hunter-gatherers,,"159,626,684,836",https://ehrafworldcultures.yale.edu/sres/2ae81a7c-c903-44d3-9994-d26e39a4f978
9403bf34-fdc0-4fe4-84b9-90fbe2d6cca6,"Landes, Ruth, 1908-",The Ojibwa woman,1938,47,Monograph,Ojibwa,North America,Arctic and Subarctic,hunter-gatherers,,"626,684,836",https://ehrafworldcultures.yale.edu/sres/9403bf34-fdc0-4fe4-84b9-90fbe2d6cca6
85203596-5667-4cad-a76a-b8716d364b32,"Landes, Ruth, 1908-",The Ojibwa woman,1938,47,Monograph,Ojibwa,North America,Arctic and Subarctic,hunter-gatherers,,"626,684,836",https://ehrafworldcultures.yale.edu/sres/85203596-5667-4cad-a76a-b8716d364b32
7bf22893-40e6-499b-a916-d4a18ea0310e,"Landes, Ruth, 1908-",The Ojibwa woman,1938,48,Monograph,Ojibwa,North America,Arctic and Subarctic,hunter-gatherers,,"626,684",https://ehrafworldcultures.yale.edu/sres/7bf22893-40e6-499b-a916-d4a18ea0310e
33946f54-5530-4333-a50f-a8f12d1df5db,"Landes, Ruth, 1908-",The Ojibwa woman,1938,48,Monograph,Ojibwa,North America,Arctic and Subarctic,hunter-gatherers,,"626,684,835,848",https://ehrafworldcultures.yale.edu/sres/33946f54-5530-4333-a50f-a8f12d1df5db
7f50d218-545f-4a76-be84-ddd50c8b16b3,"Ross, Rupert, 1946-",Dancing with a ghost: exploring Indian reality,1992,134,Monograph,Ojibwa,North America,Arctic and Subarctic,hunter-gatherers,,"626,681",https://ehrafworldcultures.yale.edu/sres/7f50d218-545f-4a76-be84-ddd50c8b16b3
c80d553d-5f63-484c-8212-1a4a670502c4,"Ross, Rupert, 1946-",Dancing with a ghost: exploring Indian reality,1992,134,Monograph,Ojibwa,North America,Arctic and Subarctic,hunter-gatherers,,"626,681",https://ehrafworldcultures.yale.edu/sres/c80d553d-5f63-484c-8212-1a4a670502c4
0e74a5fa-98e1-4b56-8bb9-a349a7c4a7f8,"Ross, Rupert, 1946-",Dancing with a ghost: exploring Indian reality,1992,135,Monograph,Ojibwa,North America,Arctic and Subarctic,hunter-gatherers,,"626,681",https://ehrafworldcultures.yale.edu/sres/0e74a5fa-98e1-4b56-8bb9-a349a7c4a7f8
7a8154cc-fd51-4379-8e83-72586b38c2fa,"Shkilnyk, Anastasia M., 1945-","A poison stronger than love: the destruction of an Ojibwa
         community",1985,97,Monograph,Ojibwa,North America,Arctic and Subarctic,hunter-gatherers,,"578,626,681,754",https://ehrafworldcultures.yale.edu/sres/7a8154cc-fd51-4379-8e83-72586b38c2fa
a511cc44-1057-461d-8b67-1246d1f4e1cf,"Vennum, Thomas",Wild rice and the Ojibway people,1988,186,Monograph,Ojibwa,North America,Arctic and Subarctic,hunter-gatherers,,"623,626,685",https://ehrafworldcultures.yale.edu/sres/a511cc44-1057-461d-8b67-1246d1f4e1cf
7b8f0f44-6bd5-417a-9392-a0d2daf74a26,"Hallowell, A. Irving (Alfred Irving),
         1892-1974",Culture and experience,1955,297,"Component part(s), monograph",Ojibwa,North America,Arctic and Subarctic,hunter-gatherers,,"626,684,836",https://ehrafworldcultures.yale.edu/sres/7b8f0f44-6bd5-417a-9392-a0d2daf74a26
fd9535f0-2cb1-4faf-85d7-03e310641a54,"Brown, Jennifer S. H., 1940",Culture summary: Ojibwa,2000,7,Manuscript,Ojibwa,North America,Arctic and Subarctic,hunter-gatherers,,"626,681,776",https://ehrafworldcultures.yale.edu/sres/fd9535f0-2cb1-4faf-85d7-03e310641a54
3b0bece3-4815-438c-b7bc-ed9d4e8e6076,"Barrett, S. A. (Samuel Alfred),
         1879-1965","The dream dance of the Chippewa and Menominee Indians of
         northern Wisconsin",1911,333,Monograph,Ojibwa,North America,Arctic and Subarctic,hunter-gatherers,,"291,537,627,688,771,796",https://ehrafworldcultures.yale.edu/sres/3b0bece3-4815-438c-b7bc-ed9d4e8e6076
2d8c5d99-beb8-480f-9d97-4e4b7d330fe9,"Barrett, S. A. (Samuel Alfred),
         1879-1965","The dream dance of the Chippewa and Menominee Indians of
         northern Wisconsin",1911,333,Monograph,Ojibwa,North America,Arctic and Subarctic,hunter-gatherers,,"291,537,627,688,771,796",https://ehrafworldcultures.yale.edu/sres/2d8c5d99-beb8-480f-9d97-4e4b7d330fe9
ea3e61da-2a74-4be9-a7c7-48926dd17ff1,"Barrett, S. A. (Samuel Alfred),
         1879-1965","The dream dance of the Chippewa and Menominee Indians of
         northern Wisconsin",1911,334,Monograph,Ojibwa,North America,Arctic and Subarctic,hunter-gatherers,,"291,537,627,688,771,796",https://ehrafworldcultures.yale.edu/sres/ea3e61da-2a74-4be9-a7c7-48926dd17ff1
420284f9-dd71-485c-9dba-a9a8eaca8012,"Barrett, S. A. (Samuel Alfred),
         1879-1965","The dream dance of the Chippewa and Menominee Indians of
         northern Wisconsin",1911,334,Monograph,Ojibwa,North America,Arctic and Subarctic,hunter-gatherers,,"291,537,627,688,771,796",https://ehrafworldcultures.yale.edu/sres/420284f9-dd71-485c-9dba-a9a8eaca8012
fec3175f-f513-41a6-9405-fca519757f62,"Barrett, S. A. (Samuel Alfred),
         1879-1965","The dream dance of the Chippewa and Menominee Indians of
         northern Wisconsin",1911,334,Monograph,Ojibwa,North America,Arctic and Subarctic,hunter-gatherers,,"291,537,627,688,771,796",https://ehrafworldcultures.yale.edu/sres/fec3175f-f513-41a6-9405-fca519757f62
1f333948-e972-41a4-aa4f-0f05733393f9,"Landes, Ruth, 1908-",Ojibwa sociology,1937,44,Monograph,Ojibwa,North America,Arctic and Subarctic,hunter-gatherers,,"171,177,582,587,614,627,682,765",https://ehrafworldcultures.yale.edu/sres/1f333948-e972-41a4-aa4f-0f05733393f9
37767b58-753a-4af1-b118-21c3d0a59267,"Jenness, Diamond, 1886-1969","The Ojibwa Indians of Parry Island, their social and religious
         life",1935,3,Monograph,Ojibwa,North America,Arctic and Subarctic,hunter-gatherers,,"627,648,682,692,754",https://ehrafworldcultures.yale.edu/sres/37767b58-753a-4af1-b118-21c3d0a59267
197182e1-aafa-4161-b28a-9505d769b2bc,"Hallowell, A. Irving (Alfred Irving),
         1892-1974",Ojibwa world view and disease,1976,411,Essay,Ojibwa,North America,Arctic and Subarctic,hunter-gatherers,,"627,681,861",https://ehrafworldcultures.yale.edu/sres/197182e1-aafa-4161-b28a-9505d769b2bc
81a404c9-387d-4540-87b7-2b9ecd5e1208,"Vennum, Thomas",Wild rice and the Ojibway people,1988,179,Monograph,Ojibwa,North America,Arctic and Subarctic,hunter-gatherers,,"222,622,627,685",https://ehrafworldcultures.yale.edu/sres/81a404c9-387d-4540-87b7-2b9ecd5e1208
9207380a-f3ab-4f3a-8f00-46d49a61f604,"Vennum, Thomas",Wild rice and the Ojibway people,1988,180,Monograph,Ojibwa,North America,Arctic and Subarctic,hunter-gatherers,,"222,622,624,627,648,689",https://ehrafworldcultures.yale.edu/sres/9207380a-f3ab-4f3a-8f00-46d49a61f604
30867be6-eaeb-42b0-b6e7-dc1aa0346c06,"Vennum, Thomas",Wild rice and the Ojibway people,1988,181,Monograph,Ojibwa,North America,Arctic and Subarctic,hunter-gatherers,,"184,627,689",https://ehrafworldcultures.yale.edu/sres/30867be6-eaeb-42b0-b6e7-dc1aa0346c06
3c10dcf8-a159-489f-9626-c6ca01a77744,"Kohl, Johann Georg, 1808-1878",Kitchi-Gami: wanderings round Lake Superior,1860,269,Monograph,Ojibwa,North America,Arctic and Subarctic,hunter-gatherers,,"627,682,692",https://ehrafworldcultures.yale.edu/sres/3c10dcf8-a159-489f-9626-c6ca01a77744
a5cdd795-ebb6-4581-ae98-0237e6c59f48,"Ross, Rupert, 1946-",Dancing with a ghost: exploring Indian reality,1992,176,Monograph,Ojibwa,North America,Arctic and Subarctic,hunter-gatherers,,"577,696,783,812",https://ehrafworldcultures.yale.edu/sres/a5cdd795-ebb6-4581-ae98-0237e6c59f48
6310cbff-d9bd-4e4e-ad92-88bc0c457faa,"Shkilnyk, Anastasia M., 1945-","A poison stronger than love: the destruction of an Ojibwa
         community",1985,30,Monograph,Ojibwa,North America,Arctic and Subarctic,hunter-gatherers,,"674,696,733,738",https://ehrafworldcultures.yale.edu/sres/6310cbff-d9bd-4e4e-ad92-88bc0c457faa
4ec43ee0-90cc-48f8-aee8-a6b8373516ba,"Shkilnyk, Anastasia M., 1945-","A poison stronger than love: the destruction of an Ojibwa
         community",1985,244,Monograph,Ojibwa,North America,Arctic and Subarctic,hunter-gatherers,,"674,696",https://ehrafworldcultures.yale.edu/sres/4ec43ee0-90cc-48f8-aee8-a6b8373516ba
ed7a7e00-6595-4128-bffb-ec24f450eae8,"Warren, William Whipple, 1825-1853","History of the Ojibways, based upon traditions and oral
         statements",1885,431,Monograph,Ojibwa,North America,Arctic and Subarctic,hunter-gatherers,,"439,696",https://ehrafworldcultures.yale.edu/sres/ed7a7e00-6595-4128-bffb-ec24f450eae8
4d43f946-3c4a-492a-94b5-a8090ec0154a,"Warren, William Whipple, 1825-1853","History of the Ojibways, based upon traditions and oral
         statements",1885,432,Monograph,Ojibwa,North America,Arctic and Subarctic,hunter-gatherers,,"266,439,696",https://ehrafworldcultures.yale.edu/sres/4d43f946-3c4a-492a-94b5-a8090ec0154a
1af4db0a-c0d7-4e2c-80f7-ca1f5173e229,"Landes, Ruth, 1908-",The Ojibwa woman,1938,124,Monograph,Ojibwa,North America,Arctic and Subarctic,hunter-gatherers,,"124,581,626,782,828",https://ehrafworldcultures.yale.edu/sres/1af4db0a-c0d7-4e2c-80f7-ca1f5173e229
cadc2154-0874-4f65-b149-61c3367bdc73,"Landes, Ruth, 1908-",The Ojibwa woman,1938,124,Monograph,Ojibwa,North America,Arctic and Subarctic,hunter-gatherers,,"562,626",https://ehrafworldcultures.yale.edu/sres/cadc2154-0874-4f65-b149-61c3367bdc73
37439cad-2b33-48f9-b72c-650920c9b5df,"Landes, Ruth, 1908-",The Ojibwa woman,1938,131,Monograph,Ojibwa,North America,Arctic and Subarctic,hunter-gatherers,,"224,626",https://ehrafworldcultures.yale.edu/sres/37439cad-2b33-48f9-b72c-650920c9b5df
0150eabb-c467-4bf1-9d59-de20719ab241,"Landes, Ruth, 1908-",The Ojibwa woman,1938,138,Monograph,Ojibwa,North America,Arctic and Subarctic,hunter-gatherers,,626,https://ehrafworldcultures.yale.edu/sres/0150eabb-c467-4bf1-9d59-de20719ab241
50479f41-34b3-4996-8a79-1ea5bfc7accb,"Vecsey, Christopher",Traditional Ojibwa religion and its historical changes,1983,148,Monograph,Ojibwa,North America,Arctic and Subarctic,hunter-gatherers,,"626,753,783",https://ehrafworldcultures.yale.edu/sres/50479f41-34b3-4996-8a79-1ea5bfc7accb
ccd4892c-d6d8-40d9-ae8b-6426d1d6f90f,"Vecsey, Christopher",Traditional Ojibwa religion and its historical changes,1983,153,Monograph,Ojibwa,North America,Arctic and Subarctic,hunter-gatherers,,"577,626,755,756,776,783,796",https://ehrafworldcultures.yale.edu/sres/ccd4892c-d6d8-40d9-ae8b-6426d1d6f90f
068c4d42-5096-4358-8966-6fc97c1ee91a,"Vecsey, Christopher",Traditional Ojibwa religion and its historical changes,1983,163,Monograph,Ojibwa,North America,Arctic and Subarctic,hunter-gatherers,,"626,756",https://ehrafworldcultures.yale.edu/sres/068c4d42-5096-4358-8966-6fc97c1ee91a
b3d38714-21b9-4a60-9579-75550bb8f3a1,"Vecsey, Christopher",Traditional Ojibwa religion and its historical changes,1983,94,Monograph,Ojibwa,North America,Arctic and Subarctic,hunter-gatherers,,"515,626,765,773,780",https://ehrafworldcultures.yale.edu/sres/b3d38714-21b9-4a60-9579-75550bb8f3a1
8e863189-68fd-4065-b29a-a6949eaca22a,"Hilger, M. Inez (Mary Inez), 1891-",Chippewa child life and its cultural background,1951,99,Monograph,Ojibwa,North America,Arctic and Subarctic,hunter-gatherers,,"626,865",https://ehrafworldcultures.yale.edu/sres/8e863189-68fd-4065-b29a-a6949eaca22a
36057999-3a90-4948-962c-7ee49e7d9a43,"Barnouw, Victor","Acculturation and personality among the Wisconsin
         Chippewa",1950,44,Monograph,Ojibwa,North America,Arctic and Subarctic,hunter-gatherers,,"177,626",https://ehrafworldcultures.yale.edu/sres/36057999-3a90-4948-962c-7ee49e7d9a43
7c525b9d-c71b-49d9-8598-23132a32826d,"Barnouw, Victor","Acculturation and personality among the Wisconsin
         Chippewa",1950,45,Monograph,Ojibwa,North America,Arctic and Subarctic,hunter-gatherers,,"177,437,626",https://ehrafworldcultures.yale.edu/sres/7c525b9d-c71b-49d9-8598-23132a32826d
76ddf5e5-8403-42c9-a7cc-97f34c6c1ed4,"Barnouw, Victor","Acculturation and personality among the Wisconsin
         Chippewa",1950,45,Monograph,Ojibwa,North America,Arctic and Subarctic,hunter-gatherers,,"177,626",https://ehrafworldcultures.yale.edu/sres/76ddf5e5-8403-42c9-a7cc-97f34c6c1ed4
55f3b95b-1b35-4afd-838e-dd6b6caee409,"Barnouw, Victor","Acculturation and personality among the Wisconsin
         Chippewa",1950,45,Monograph,Ojibwa,North America,Arctic and Subarctic,hunter-gatherers,,"177,626,773",https://ehrafworldcultures.yale.edu/sres/55f3b95b-1b35-4afd-838e-dd6b6caee409
97aaae47-8f5d-4659-8c97-10d556254a16,"Barnouw, Victor","Acculturation and personality among the Wisconsin
         Chippewa",1950,45,Monograph,Ojibwa,North America,Arctic and Subarctic,hunter-gatherers,,"177,626,721",https://ehrafworldcultures.yale.edu/sres/97aaae47-8f5d-4659-8c97-10d556254a16
cca0115c-17d7-4831-a01f-46c3499dec64,"Barnouw, Victor","Acculturation and personality among the Wisconsin
         Chippewa",1950,46,Monograph,Ojibwa,North America,Arctic and Subarctic,hunter-gatherers,,"177,622,626,721",https://ehrafworldcultures.yale.edu/sres/cca0115c-17d7-4831-a01f-46c3499dec64
11ba1621-8d3e-4228-90a9-ef7b0d7ad756,"Landes, Ruth, 1908-",The Ojibwa woman,1938,33,Monograph,Ojibwa,North America,Arctic and Subarctic,hunter-gatherers,,"626,835",https://ehrafworldcultures.yale.edu/sres/11ba1621-8d3e-4228-90a9-ef7b0d7ad756
5131bca2-0706-4548-a086-b3325b3dba41,"Landes, Ruth, 1908-",The Ojibwa woman,1938,34,Monograph,Ojibwa,North America,Arctic and Subarctic,hunter-gatherers,,"626,787,835",https://ehrafworldcultures.yale.edu/sres/5131bca2-0706-4548-a086-b3325b3dba41
9f4a3857-16ae-4ad3-b180-9fe02522f0cf,"Landes, Ruth, 1908-",The Ojibwa woman,1938,36,Monograph,Ojibwa,North America,Arctic and Subarctic,hunter-gatherers,,"152,159,578,593,626,754,842",https://ehrafworldcultures.yale.edu/sres/9f4a3857-16ae-4ad3-b180-9fe02522f0cf
8d1d94b4-3eaa-494e-8bbd-51ae12e72c90,"Landes, Ruth, 1908-",The Ojibwa woman,1938,42,Monograph,Ojibwa,North America,Arctic and Subarctic,hunter-gatherers,,"626,836",https://ehrafworldcultures.yale.edu/sres/8d1d94b4-3eaa-494e-8bbd-51ae12e72c90
6d4c8ebf-250b-4d22-9777-1820332590bc,"Landes, Ruth, 1908-",The Ojibwa woman,1938,43,Monograph,Ojibwa,North America,Arctic and Subarctic,hunter-gatherers,,"626,836",https://ehrafworldcultures.yale.edu/sres/6d4c8ebf-250b-4d22-9777-1820332590bc
b947dc93-6a03-4f29-b9cb-e29a1db5fcf1,"Landes, Ruth, 1908-",The Ojibwa woman,1938,44,Monograph,Ojibwa,North America,Arctic and Subarctic,hunter-gatherers,,"626,835",https://ehrafworldcultures.yale.edu/sres/b947dc93-6a03-4f29-b9cb-e29a1db5fcf1
8d4256aa-66c2-48af-9792-1839f6becb60,"Landes, Ruth, 1908-",The Ojibwa woman,1938,65,Monograph,Ojibwa,North America,Arctic and Subarctic,hunter-gatherers,,"562,589,626",https://ehrafworldcultures.yale.edu/sres/8d4256aa-66c2-48af-9792-1839f6becb60
b4bd38b7-2812-4f2a-89c3-fc1d1da555ea,"Landes, Ruth, 1908-",The Ojibwa woman,1938,66,Monograph,Ojibwa,North America,Arctic and Subarctic,hunter-gatherers,,"554,595,626,756",https://ehrafworldcultures.yale.edu/sres/b4bd38b7-2812-4f2a-89c3-fc1d1da555ea
fefd3e34-a6a9-4958-81cf-ff67d7322d5c,"Landes, Ruth, 1908-",The Ojibwa woman,1938,71,Monograph,Ojibwa,North America,Arctic and Subarctic,hunter-gatherers,,"421,595,626",https://ehrafworldcultures.yale.edu/sres/fefd3e34-a6a9-4958-81cf-ff67d7322d5c
3fa6a33d-0b83-4314-805c-6d0950a1b3e3,"Landes, Ruth, 1908-",The Ojibwa woman,1938,75,Monograph,Ojibwa,North America,Arctic and Subarctic,hunter-gatherers,,"595,626",https://ehrafworldcultures.yale.edu/sres/3fa6a33d-0b83-4314-805c-6d0950a1b3e3
e11fd917-a307-4efa-a7b0-f5015293d4c3,"Landes, Ruth, 1908-",The Ojibwa woman,1938,82,Monograph,Ojibwa,North America,Arctic and Subarctic,hunter-gatherers,,"586,587,626",https://ehrafworldcultures.yale.edu/sres/e11fd917-a307-4efa-a7b0-f5015293d4c3
962248b7-39b0-48c3-ae94-b0dbb96b0aaf,"Landes, Ruth, 1908-",The Ojibwa woman,1938,83,Monograph,Ojibwa,North America,Arctic and Subarctic,hunter-gatherers,,"588,626,848",https://ehrafworldcultures.yale.edu/sres/962248b7-39b0-48c3-ae94-b0dbb96b0aaf
53249b6a-1bde-4d87-8c8d-7286b84841c0,"Landes, Ruth, 1908-",The Ojibwa woman,1938,91,Monograph,Ojibwa,North America,Arctic and Subarctic,hunter-gatherers,,"159,177,586,587,626",https://ehrafworldcultures.yale.edu/sres/53249b6a-1bde-4d87-8c8d-7286b84841c0
10f56d5e-5f41-4269-8ae1-0c0824010e6f,"Barrett, S. A. (Samuel Alfred),
         1879-1965","The dream dance of the Chippewa and Menominee Indians of
         northern Wisconsin",1911,347,Monograph,Ojibwa,North America,Arctic and Subarctic,hunter-gatherers,,"586,626,788,796",https://ehrafworldcultures.yale.edu/sres/10f56d5e-5f41-4269-8ae1-0c0824010e6f
54fec1eb-a30a-4d7c-9f7b-2b4a403aa7b5,"Landes, Ruth, 1908-",Ojibwa sociology,1937,26,Monograph,Ojibwa,North America,Arctic and Subarctic,hunter-gatherers,,"000,538,602,626",https://ehrafworldcultures.yale.edu/sres/54fec1eb-a30a-4d7c-9f7b-2b4a403aa7b5
dec2a015-6e97-4d69-a922-157726e4882c,"Landes, Ruth, 1908-",Ojibwa sociology,1937,35,Monograph,Ojibwa,North America,Arctic and Subarctic,hunter-gatherers,,"177,184,582,587,614,626",https://ehrafworldcultures.yale.edu/sres/dec2a015-6e97-4d69-a922-157726e4882c
33b6a918-bf4e-4fc1-b78b-5663dc5e6dbb,"Landes, Ruth, 1908-",Ojibwa sociology,1937,63,Monograph,Ojibwa,North America,Arctic and Subarctic,hunter-gatherers,,"588,601,626,836",https://ehrafworldcultures.yale.edu/sres/33b6a918-bf4e-4fc1-b78b-5663dc5e6dbb
f2e0e644-e112-41f6-b5f4-e8e62f48804a,"Landes, Ruth, 1908-",Ojibwa sociology,1937,65,Monograph,Ojibwa,North America,Arctic and Subarctic,hunter-gatherers,,"588,626",https://ehrafworldcultures.yale.edu/sres/f2e0e644-e112-41f6-b5f4-e8e62f48804a
39c051bb-9ff9-4e12-936d-f5abad26454a,"Landes, Ruth, 1908-",Ojibwa sociology,1937,68,Monograph,Ojibwa,North America,Arctic and Subarctic,hunter-gatherers,,"583,588,626",https://ehrafworldcultures.yale.edu/sres/39c051bb-9ff9-4e12-936d-f5abad26454a
1f3a1b8a-f030-4110-8ca1-4a9bc444e90f,"Landes, Ruth, 1908-",Ojibwa sociology,1937,68,Monograph,Ojibwa,North America,Arctic and Subarctic,hunter-gatherers,,"273,583,588,626,835",https://ehrafworldcultures.yale.edu/sres/1f3a1b8a-f030-4110-8ca1-4a9bc444e90f
f169f32f-7bc1-43ad-96b2-9450280c8cb4,"Landes, Ruth, 1908-",Ojibwa sociology,1937,80,Monograph,Ojibwa,North America,Arctic and Subarctic,hunter-gatherers,,"177,551,558,578,586,593,601,626",https://ehrafworldcultures.yale.edu/sres/f169f32f-7bc1-43ad-96b2-9450280c8cb4
c49a22b7-e8f7-4651-86cc-02acee386a4f,"Landes, Ruth, 1908-",Ojibwa sociology,1937,81,Monograph,Ojibwa,North America,Arctic and Subarctic,hunter-gatherers,,"177,558,578,586,626",https://ehrafworldcultures.yale.edu/sres/c49a22b7-e8f7-4651-86cc-02acee386a4f
91ea720e-b53a-4ffd-b058-2cd72fdf6d06,"Landes, Ruth, 1908-",Ojibwa sociology,1937,81,Monograph,Ojibwa,North America,Arctic and Subarctic,hunter-gatherers,,"177,558,578,586,626",https://ehrafworldcultures.yale.edu/sres/91ea720e-b53a-4ffd-b058-2cd72fdf6d06
514dc2f3-b8c5-4395-a388-7be2e97b2d17,"Landes, Ruth, 1908-",Ojibwa sociology,1937,134,Monograph,Ojibwa,North America,Arctic and Subarctic,hunter-gatherers,,"554,626,754",https://ehrafworldcultures.yale.edu/sres/514dc2f3-b8c5-4395-a388-7be2e97b2d17
a8afc8b8-43b9-4a5e-8a1c-362ba084bcb3,"Landes, Ruth, 1908-",Ojibwa sociology,1937,2,Monograph,Ojibwa,North America,Arctic and Subarctic,hunter-gatherers,,"621,623,626,888",https://ehrafworldcultures.yale.edu/sres/a8afc8b8-43b9-4a5e-8a1c-362ba084bcb3
cfc218f3-8c0c-4962-af5f-02cdda93e072,"Landes, Ruth, 1908-",Ojibwa sociology,1937,13,Monograph,Ojibwa,North America,Arctic and Subarctic,hunter-gatherers,,"593,626,857,861",https://ehrafworldcultures.yale.edu/sres/cfc218f3-8c0c-4962-af5f-02cdda93e072
45ea3b0c-851e-4b7f-a3f8-262c199d046e,"Bishop, Charles A.","The Northern Ojibwa and the fur trade: an historical and
         ecological study",1974,60,Monograph,Ojibwa,North America,Arctic and Subarctic,hunter-gatherers,,"178,621,622,626",https://ehrafworldcultures.yale.edu/sres/45ea3b0c-851e-4b7f-a3f8-262c199d046e
8c7983d0-92e9-4dd7-b3ca-9c5defb34031,"Bishop, Charles A.","The Northern Ojibwa and the fur trade: an historical and
         ecological study",1974,64,Monograph,Ojibwa,North America,Arctic and Subarctic,hunter-gatherers,,"178,626,673,674,738",https://ehrafworldcultures.yale.edu/sres/8c7983d0-92e9-4dd7-b3ca-9c5defb34031
d48c3dd9-5780-4f48-bb03-a05e9b23fcff,"Tanner, John, 1780?-1847","A narrative of the captivity and adventures of John Tanner,
         (U.S. interpreter at the Saut de Ste. Marie,): during thirty years residence among the
         Indians in the interior of North America",1830,110,Monograph,Ojibwa,North America,Arctic and Subarctic,hunter-gatherers,,"626,726,782,900",https://ehrafworldcultures.yale.edu/sres/d48c3dd9-5780-4f48-bb03-a05e9b23fcff
2a5bd281-0846-4f8a-99ea-9ab5988ddb5b,"Jenness, Diamond, 1886-1969","The Ojibwa Indians of Parry Island, their social and religious
         life",1935,90,Monograph,Ojibwa,North America,Arctic and Subarctic,hunter-gatherers,,"181,626,761,827",https://ehrafworldcultures.yale.edu/sres/2a5bd281-0846-4f8a-99ea-9ab5988ddb5b
730ce5f6-eb29-42b7-8663-d8090923a09a,"Jenness, Diamond, 1886-1969","The Ojibwa Indians of Parry Island, their social and religious
         life",1935,90,Monograph,Ojibwa,North America,Arctic and Subarctic,hunter-gatherers,,"181,626,761,827",https://ehrafworldcultures.yale.edu/sres/730ce5f6-eb29-42b7-8663-d8090923a09a
6aed4e84-8f54-4ba9-9199-cb87078c4442,"Jenness, Diamond, 1886-1969","The Ojibwa Indians of Parry Island, their social and religious
         life",1935,98,Monograph,Ojibwa,North America,Arctic and Subarctic,hunter-gatherers,,"584,626,754",https://ehrafworldcultures.yale.edu/sres/6aed4e84-8f54-4ba9-9199-cb87078c4442
cf5a7719-7bb2-4559-882b-02a42f7a9770,"Jenness, Diamond, 1886-1969","The Ojibwa Indians of Parry Island, their social and religious
         life",1935,99,Monograph,Ojibwa,North America,Arctic and Subarctic,hunter-gatherers,,"584,626,754",https://ehrafworldcultures.yale.edu/sres/cf5a7719-7bb2-4559-882b-02a42f7a9770
8ef6b000-263d-4eca-a43d-ba4f98c7a15a,"Jenness, Diamond, 1886-1969","The Ojibwa Indians of Parry Island, their social and religious
         life",1935,99,Monograph,Ojibwa,North America,Arctic and Subarctic,hunter-gatherers,,"584,626,754",https://ehrafworldcultures.yale.edu/sres/8ef6b000-263d-4eca-a43d-ba4f98c7a15a
c5a0a735-d0f3-455e-ac63-73f928abd801,"Jenness, Diamond, 1886-1969","The Ojibwa Indians of Parry Island, their social and religious
         life",1935,102,Monograph,Ojibwa,North America,Arctic and Subarctic,hunter-gatherers,,"626,702,721,783",https://ehrafworldcultures.yale.edu/sres/c5a0a735-d0f3-455e-ac63-73f928abd801
1741f204-de19-4f9d-ab36-8152974895e1,"Jenness, Diamond, 1886-1969","The Ojibwa Indians of Parry Island, their social and religious
         life",1935,102,Monograph,Ojibwa,North America,Arctic and Subarctic,hunter-gatherers,,"626,702,721,783",https://ehrafworldcultures.yale.edu/sres/1741f204-de19-4f9d-ab36-8152974895e1
af5bdad3-254b-49c5-b400-005c065347aa,"Hallowell, A. Irving (Alfred Irving),
         1892-1974","The Ojibwa of Berens River, Manitoba: ethnography into
         history",1991,96,Monograph,Ojibwa,North America,Arctic and Subarctic,hunter-gatherers,,"152,626,753",https://ehrafworldcultures.yale.edu/sres/af5bdad3-254b-49c5-b400-005c065347aa
c356d673-fada-4962-acce-4443a4025e7c,"Hallowell, A. Irving (Alfred Irving),
         1892-1974","The Ojibwa of Berens River, Manitoba: ethnography into
         history",1991,97,Monograph,Ojibwa,North America,Arctic and Subarctic,hunter-gatherers,,"150,626",https://ehrafworldcultures.yale.edu/sres/c356d673-fada-4962-acce-4443a4025e7c
57ed1ef3-9903-47b8-8b44-6ff828b6e86f,"Hickerson, Harold, 1923-",The southwestern Chippewa: an ethnohistorical study,1962,46,Monograph,Ojibwa,North America,Arctic and Subarctic,hunter-gatherers,,"114,171,621,622,623,626",https://ehrafworldcultures.yale.edu/sres/57ed1ef3-9903-47b8-8b44-6ff828b6e86f
9085287d-a98f-477f-8408-ef36584e9d69,"Shkilnyk, Anastasia M., 1945-","A poison stronger than love: the destruction of an Ojibwa
         community",1985,250,Monograph,Ojibwa,North America,Arctic and Subarctic,hunter-gatherers,,"578,626,754",https://ehrafworldcultures.yale.edu/sres/9085287d-a98f-477f-8408-ef36584e9d69
d5f7ae47-54b3-4391-8f13-d4e4a741f55b,"Hallowell, A. Irving (Alfred Irving),
         1892-1974",The role of conjuring in Saulteaux society,1942,86,"Component part(s), monograph",Ojibwa,North America,Arctic and Subarctic,hunter-gatherers,,"182,626,753,787",https://ehrafworldcultures.yale.edu/sres/d5f7ae47-54b3-4391-8f13-d4e4a741f55b
12cd0411-0188-4c21-8daa-a2aadafe5fed,"Vennum, Thomas",Wild rice and the Ojibway people,1988,177,Monograph,Ojibwa,North America,Arctic and Subarctic,hunter-gatherers,,"000,222,622,624,626,671",https://ehrafworldcultures.yale.edu/sres/12cd0411-0188-4c21-8daa-a2aadafe5fed
831f1641-b18f-404e-8394-63075efbab06,"Vennum, Thomas",Wild rice and the Ojibway people,1988,177,Monograph,Ojibwa,North America,Arctic and Subarctic,hunter-gatherers,,"114,157,622,626",https://ehrafworldcultures.yale.edu/sres/831f1641-b18f-404e-8394-63075efbab06
18321432-2f3d-495b-a66f-691c22618288,"Vennum, Thomas",Wild rice and the Ojibway people,1988,179,Monograph,Ojibwa,North America,Arctic and Subarctic,hunter-gatherers,,"222,554,622,625,626,887",https://ehrafworldcultures.yale.edu/sres/18321432-2f3d-495b-a66f-691c22618288
ccee0bf0-0609-4ef4-8da0-687806ee16c1,"Vennum, Thomas",Wild rice and the Ojibway people,1988,180,Monograph,Ojibwa,North America,Arctic and Subarctic,hunter-gatherers,,"000,622,626,628",https://ehrafworldcultures.yale.edu/sres/ccee0bf0-0609-4ef4-8da0-687806ee16c1
6437c74c-2c34-4b47-9594-d0c510e48487,"Vennum, Thomas",Wild rice and the Ojibway people,1988,181,Monograph,Ojibwa,North America,Arctic and Subarctic,hunter-gatherers,,"137,222,622,624,626",https://ehrafworldcultures.yale.edu/sres/6437c74c-2c34-4b47-9594-d0c510e48487
391fb0d7-20ba-4acd-bcb5-6f4a7e6d5758,"Vennum, Thomas",Wild rice and the Ojibway people,1988,181,Monograph,Ojibwa,North America,Arctic and Subarctic,hunter-gatherers,,"222,624,626",https://ehrafworldcultures.yale.edu/sres/391fb0d7-20ba-4acd-bcb5-6f4a7e6d5758
077a5ae8-4a3d-42ac-99dc-57a137ab4bd3,"Vennum, Thomas",Wild rice and the Ojibway people,1988,185,Monograph,Ojibwa,North America,Arctic and Subarctic,hunter-gatherers,,"623,626,671",https://ehrafworldcultures.yale.edu/sres/077a5ae8-4a3d-42ac-99dc-57a137ab4bd3
65888dee-7d39-46d9-937f-82562720431b,"Vennum, Thomas",Wild rice and the Ojibway people,1988,186,Monograph,Ojibwa,North America,Arctic and Subarctic,hunter-gatherers,,"222,623,626,887",https://ehrafworldcultures.yale.edu/sres/65888dee-7d39-46d9-937f-82562720431b
7e8ac1c2-d022-4f5e-9cdb-205ae958d70a,"Vennum, Thomas",Wild rice and the Ojibway people,1988,186,Monograph,Ojibwa,North America,Arctic and Subarctic,hunter-gatherers,,"572,574,623,626,671",https://ehrafworldcultures.yale.edu/sres/7e8ac1c2-d022-4f5e-9cdb-205ae958d70a
12ab3d22-2510-4de9-9e59-38b9775b9b5a,"Vennum, Thomas",Wild rice and the Ojibway people,1988,187,Monograph,Ojibwa,North America,Arctic and Subarctic,hunter-gatherers,,"222,574,623,626,628",https://ehrafworldcultures.yale.edu/sres/12ab3d22-2510-4de9-9e59-38b9775b9b5a
1c918f89-79ea-4490-9571-cdca59b24fc2,"Vennum, Thomas",Wild rice and the Ojibway people,1988,187,Monograph,Ojibwa,North America,Arctic and Subarctic,hunter-gatherers,,"574,623,626,648,671",https://ehrafworldcultures.yale.edu/sres/1c918f89-79ea-4490-9571-cdca59b24fc2
303e07ea-6a56-4bec-88ef-184e3982486e,"Vennum, Thomas",Wild rice and the Ojibway people,1988,187,Monograph,Ojibwa,North America,Arctic and Subarctic,hunter-gatherers,,"185,361,626,656,671",https://ehrafworldcultures.yale.edu/sres/303e07ea-6a56-4bec-88ef-184e3982486e
6242fafe-dd8d-499a-bf05-8af2a7eca94a,"Vennum, Thomas",Wild rice and the Ojibway people,1988,[page 358],Monograph,Ojibwa,North America,Arctic and Subarctic,hunter-gatherers,,626,https://ehrafworldcultures.yale.edu/sres/6242fafe-dd8d-499a-bf05-8af2a7eca94a
f4db7efb-bb27-4942-9c99-cc8a95e4dc27,"Landes, Ruth, 1908-",The Ojibwa of Canada,1937,107,Essay,Ojibwa,North America,Arctic and Subarctic,hunter-gatherers,,"157,582,588,614,626,836",https://ehrafworldcultures.yale.edu/sres/f4db7efb-bb27-4942-9c99-cc8a95e4dc27
35a87388-6c71-4a51-8b95-73717e0662b6,"Skinner, Alanson Buck, 1886-1925",Notes on the Eastern Cree and Northern Saulteaux,1911,151,"Component part(s), monograph",Ojibwa,North America,Arctic and Subarctic,hunter-gatherers,,"551,552,553,626,856,861,862",https://ehrafworldcultures.yale.edu/sres/35a87388-6c71-4a51-8b95-73717e0662b6
51deffd6-bd05-4411-af88-4dad3a91b0ef,"Hilger, M. Inez (Mary Inez), 1891-","A social study of one hundred fifty Chippewa Indian families
         of the White Earth Reservation of Minnesota",1939,121,Monograph,Ojibwa,North America,Arctic and Subarctic,hunter-gatherers,,"182,626,848",https://ehrafworldcultures.yale.edu/sres/51deffd6-bd05-4411-af88-4dad3a91b0ef
f9e32af7-7499-40a7-813c-8f941d9cbb29,"Hilger, M. Inez (Mary Inez), 1891-","A social study of one hundred fifty Chippewa Indian families
         of the White Earth Reservation of Minnesota",1939,121,Monograph,Ojibwa,North America,Arctic and Subarctic,hunter-gatherers,,"182,626,848",https://ehrafworldcultures.yale.edu/sres/f9e32af7-7499-40a7-813c-8f941d9cbb29
17544451-ace7-4574-b3c6-b450385e5558,"Hilger, M. Inez (Mary Inez), 1891-","A social study of one hundred fifty Chippewa Indian families
         of the White Earth Reservation of Minnesota",1939,121,Monograph,Ojibwa,North America,Arctic and Subarctic,hunter-gatherers,,"182,626,848",https://ehrafworldcultures.yale.edu/sres/17544451-ace7-4574-b3c6-b450385e5558
4bd6048b-f903-47e2-b13f-72d7c6a33631,"Hallowell, A. Irving (Alfred Irving),
         1892-1974","The Ojibwa of Berens River, Manitoba: ethnography into
         history",1991,92,Monograph,Ojibwa,North America,Arctic and Subarctic,hunter-gatherers,,"183,626,753,776,784",https://ehrafworldcultures.yale.edu/sres/4bd6048b-f903-47e2-b13f-72d7c6a33631
bd727bcc-a5f1-4c4a-95b1-b9de125e96f2,"Hallowell, A. Irving (Alfred Irving),
         1892-1974","The Ojibwa of Berens River, Manitoba: ethnography into
         history",1991,93,Monograph,Ojibwa,North America,Arctic and Subarctic,hunter-gatherers,,"114,158,278,626,750",https://ehrafworldcultures.yale.edu/sres/bd727bcc-a5f1-4c4a-95b1-b9de125e96f2
733cec64-6979-4c0f-985a-7a7f4b8693f6,"Hallowell, A. Irving (Alfred Irving),
         1892-1974","The Ojibwa of Berens River, Manitoba: ethnography into
         history",1991,94,Monograph,Ojibwa,North America,Arctic and Subarctic,hunter-gatherers,,"153,183,626,753,776",https://ehrafworldcultures.yale.edu/sres/733cec64-6979-4c0f-985a-7a7f4b8693f6
5c50f263-e75d-40ba-a4c8-588f72e8ee1e,"Hallowell, A. Irving (Alfred Irving),
         1892-1974","The Ojibwa of Berens River, Manitoba: ethnography into
         history",1991,95,Monograph,Ojibwa,North America,Arctic and Subarctic,hunter-gatherers,,"626,753",https://ehrafworldcultures.yale.edu/sres/5c50f263-e75d-40ba-a4c8-588f72e8ee1e
295f6f1e-5108-49fa-910c-6a038697c74c,"Kohl, Johann Georg, 1808-1878",Kitchi-Gami: wanderings round Lake Superior,1860,80,Monograph,Ojibwa,North America,Arctic and Subarctic,hunter-gatherers,,"183,431,461,556,626",https://ehrafworldcultures.yale.edu/sres/295f6f1e-5108-49fa-910c-6a038697c74c
d468253e-e6e0-443c-b92b-ab3d227e1bf9,Rogers. Edward S.,The Round Lake Ojibwa,1962,9,Monograph,Ojibwa,North America,Arctic and Subarctic,hunter-gatherers,,"121,224,626,628,754",https://ehrafworldcultures.yale.edu/sres/d468253e-e6e0-443c-b92b-ab3d227e1bf9
a8eba765-067a-4f4f-a4a2-722e50e5e15b,"Brown, Jennifer S. H., 1940",Culture summary: Ojibwa,2000,7,Manuscript,Ojibwa,North America,Arctic and Subarctic,hunter-gatherers,,"178,593,626,733,754,762",https://ehrafworldcultures.yale.edu/sres/a8eba765-067a-4f4f-a4a2-722e50e5e15b
d9a119e7-b3a0-4888-ae3a-7b6ff8b41d7d,"Landes, Ruth, 1908-",The Ojibwa woman,1938,111,Monograph,Ojibwa,North America,Arctic and Subarctic,hunter-gatherers,,"627,754",https://ehrafworldcultures.yale.edu/sres/d9a119e7-b3a0-4888-ae3a-7b6ff8b41d7d
893bd4ae-740e-4820-920c-6885c7499dfd,"Landes, Ruth, 1908-",The Ojibwa woman,1938,114,Monograph,Ojibwa,North America,Arctic and Subarctic,hunter-gatherers,,"159,627,754,756,759",https://ehrafworldcultures.yale.edu/sres/893bd4ae-740e-4820-920c-6885c7499dfd
0f4b8005-d88e-4665-83f7-4bf4704e3249,"Landes, Ruth, 1908-",The Ojibwa woman,1938,115,Monograph,Ojibwa,North America,Arctic and Subarctic,hunter-gatherers,,"159,586,587,627,756",https://ehrafworldcultures.yale.edu/sres/0f4b8005-d88e-4665-83f7-4bf4704e3249
287ffb56-bb4f-47ef-9187-85b7fca29b73,"Landes, Ruth, 1908-",The Ojibwa woman,1938,116,Monograph,Ojibwa,North America,Arctic and Subarctic,hunter-gatherers,,"159,586,627",https://ehrafworldcultures.yale.edu/sres/287ffb56-bb4f-47ef-9187-85b7fca29b73
ef4163f0-6106-4d1b-8395-9ae2879c7383,"Hilger, M. Inez (Mary Inez), 1891-",Chippewa child life and its cultural background,1951,101,Monograph,Ojibwa,North America,Arctic and Subarctic,hunter-gatherers,,627,https://ehrafworldcultures.yale.edu/sres/ef4163f0-6106-4d1b-8395-9ae2879c7383
6f6a1da2-2b16-4756-ae4f-326177ceeaba,"Hilger, M. Inez (Mary Inez), 1891-",Chippewa child life and its cultural background,1951,101,Monograph,Ojibwa,North America,Arctic and Subarctic,hunter-gatherers,,627,https://ehrafworldcultures.yale.edu/sres/6f6a1da2-2b16-4756-ae4f-326177ceeaba
e1cb56f5-0c0b-44fe-b839-485be2447165,"Landes, Ruth, 1908-",The Ojibwa woman,1938,60,Monograph,Ojibwa,North America,Arctic and Subarctic,hunter-gatherers,,"578,627,756",https://ehrafworldcultures.yale.edu/sres/e1cb56f5-0c0b-44fe-b839-485be2447165
7cc1e970-90d7-4f8e-a6f5-96e25ea45403,"Barrett, S. A. (Samuel Alfred),
         1879-1965","The dream dance of the Chippewa and Menominee Indians of
         northern Wisconsin",1911,323,Monograph,Ojibwa,North America,Arctic and Subarctic,hunter-gatherers,,"537,627,788,793,796",https://ehrafworldcultures.yale.edu/sres/7cc1e970-90d7-4f8e-a6f5-96e25ea45403
9d12b13e-e917-44cf-913f-db08802f31fc,"Barrett, S. A. (Samuel Alfred),
         1879-1965","The dream dance of the Chippewa and Menominee Indians of
         northern Wisconsin",1911,324,Monograph,Ojibwa,North America,Arctic and Subarctic,hunter-gatherers,,"537,627,788,793,796",https://ehrafworldcultures.yale.edu/sres/9d12b13e-e917-44cf-913f-db08802f31fc
bb616b66-d6e3-4f2c-8d31-6b1c73ecbf55,"Barrett, S. A. (Samuel Alfred),
         1879-1965","The dream dance of the Chippewa and Menominee Indians of
         northern Wisconsin",1911,324,Monograph,Ojibwa,North America,Arctic and Subarctic,hunter-gatherers,,"537,627,788,793,796",https://ehrafworldcultures.yale.edu/sres/bb616b66-d6e3-4f2c-8d31-6b1c73ecbf55
23de7295-b48c-485c-b9e4-7d84a6d61ac5,"Barrett, S. A. (Samuel Alfred),
         1879-1965","The dream dance of the Chippewa and Menominee Indians of
         northern Wisconsin",1911,325,Monograph,Ojibwa,North America,Arctic and Subarctic,hunter-gatherers,,"537,627,788,793,796",https://ehrafworldcultures.yale.edu/sres/23de7295-b48c-485c-b9e4-7d84a6d61ac5
6013643b-eaa1-462d-a8ba-5da5ab083297,"Barrett, S. A. (Samuel Alfred),
         1879-1965","The dream dance of the Chippewa and Menominee Indians of
         northern Wisconsin",1911,325,Monograph,Ojibwa,North America,Arctic and Subarctic,hunter-gatherers,,"123,537,627,788,793,796",https://ehrafworldcultures.yale.edu/sres/6013643b-eaa1-462d-a8ba-5da5ab083297
9656c2b6-9889-45c6-b2da-62ecbaad6c98,"Barrett, S. A. (Samuel Alfred),
         1879-1965","The dream dance of the Chippewa and Menominee Indians of
         northern Wisconsin",1911,334,Monograph,Ojibwa,North America,Arctic and Subarctic,hunter-gatherers,,"537,627,778,796",https://ehrafworldcultures.yale.edu/sres/9656c2b6-9889-45c6-b2da-62ecbaad6c98
04bcec8b-185b-457a-bd78-8b7cae35482e,"Landes, Ruth, 1908-",Ojibwa sociology,1937,50,Monograph,Ojibwa,North America,Arctic and Subarctic,hunter-gatherers,,"587,627,765",https://ehrafworldcultures.yale.edu/sres/04bcec8b-185b-457a-bd78-8b7cae35482e
bdbc0a91-6d01-4e5d-b3c4-b1080c0feee3,"Landes, Ruth, 1908-",Ojibwa sociology,1937,50,Monograph,Ojibwa,North America,Arctic and Subarctic,hunter-gatherers,,"614,627,765",https://ehrafworldcultures.yale.edu/sres/bdbc0a91-6d01-4e5d-b3c4-b1080c0feee3
3dba1c64-43a1-41ac-9c9e-1566270185df,"Landes, Ruth, 1908-",Ojibwa sociology,1937,51,Monograph,Ojibwa,North America,Arctic and Subarctic,hunter-gatherers,,"587,589,614,627,765",https://ehrafworldcultures.yale.edu/sres/3dba1c64-43a1-41ac-9c9e-1566270185df
693e1dfd-6a5e-4a35-b51c-d215e6bea671,"Landes, Ruth, 1908-",Ojibwa sociology,1937,51,Monograph,Ojibwa,North America,Arctic and Subarctic,hunter-gatherers,,"587,589,614,627,765",https://ehrafworldcultures.yale.edu/sres/693e1dfd-6a5e-4a35-b51c-d215e6bea671
891073b7-e6b4-4744-9498-90f4e47a4aac,"Landes, Ruth, 1908-",Ojibwa sociology,1937,51,Monograph,Ojibwa,North America,Arctic and Subarctic,hunter-gatherers,,"587,589,614,627,765",https://ehrafworldcultures.yale.edu/sres/891073b7-e6b4-4744-9498-90f4e47a4aac
aa74a547-54e7-4944-a8d3-29e98a2b9c27,"Landes, Ruth, 1908-",Ojibwa sociology,1937,51,Monograph,Ojibwa,North America,Arctic and Subarctic,hunter-gatherers,,"587,589,614,627,753,765",https://ehrafworldcultures.yale.edu/sres/aa74a547-54e7-4944-a8d3-29e98a2b9c27
01f29786-a433-4343-88f9-0e7bc74b5df2,"Landes, Ruth, 1908-",Ojibwa sociology,1937,52,Monograph,Ojibwa,North America,Arctic and Subarctic,hunter-gatherers,,"587,589,614,627,765",https://ehrafworldcultures.yale.edu/sres/01f29786-a433-4343-88f9-0e7bc74b5df2
7dfa1d67-19bc-417c-8535-194c85a6eb54,"Bishop, Charles A.","The Northern Ojibwa and the fur trade: an historical and
         ecological study",1974,64,Monograph,Ojibwa,North America,Arctic and Subarctic,hunter-gatherers,,"602,627,673",https://ehrafworldcultures.yale.edu/sres/7dfa1d67-19bc-417c-8535-194c85a6eb54
cbeb1207-56be-4ae7-9401-369ef3c8d35a,"Ross, Rupert, 1946-",Dancing with a ghost: exploring Indian reality,1992,8,Monograph,Ojibwa,North America,Arctic and Subarctic,hunter-gatherers,,"627,695",https://ehrafworldcultures.yale.edu/sres/cbeb1207-56be-4ae7-9401-369ef3c8d35a
35d0fe80-2edb-4214-8db9-4cdbf43855f6,"Ross, Rupert, 1946-",Dancing with a ghost: exploring Indian reality,1992,8,Monograph,Ojibwa,North America,Arctic and Subarctic,hunter-gatherers,,"627,695",https://ehrafworldcultures.yale.edu/sres/35d0fe80-2edb-4214-8db9-4cdbf43855f6
7d820154-b65a-440c-9ff9-0e174cb510e3,"Ross, Rupert, 1946-",Dancing with a ghost: exploring Indian reality,1992,8,Monograph,Ojibwa,North America,Arctic and Subarctic,hunter-gatherers,,"627,695",https://ehrafworldcultures.yale.edu/sres/7d820154-b65a-440c-9ff9-0e174cb510e3
a5cecebb-64a4-47b7-b1f0-f02ae1fda852,"Ross, Rupert, 1946-",Dancing with a ghost: exploring Indian reality,1992,8,Monograph,Ojibwa,North America,Arctic and Subarctic,hunter-gatherers,,"627,695",https://ehrafworldcultures.yale.edu/sres/a5cecebb-64a4-47b7-b1f0-f02ae1fda852
cae7ed74-7a55-409c-b227-3f57a081954f,"Ross, Rupert, 1946-",Dancing with a ghost: exploring Indian reality,1992,9,Monograph,Ojibwa,North America,Arctic and Subarctic,hunter-gatherers,,"627,695",https://ehrafworldcultures.yale.edu/sres/cae7ed74-7a55-409c-b227-3f57a081954f
2f4f0d39-d10d-4c12-a4f9-5abea966e241,"Ross, Rupert, 1946-",Dancing with a ghost: exploring Indian reality,1992,9,Monograph,Ojibwa,North America,Arctic and Subarctic,hunter-gatherers,,"627,695",https://ehrafworldcultures.yale.edu/sres/2f4f0d39-d10d-4c12-a4f9-5abea966e241
1db1aa26-095c-4d84-9dfe-98a762119694,"Ross, Rupert, 1946-",Dancing with a ghost: exploring Indian reality,1992,9,Monograph,Ojibwa,North America,Arctic and Subarctic,hunter-gatherers,,"627,695",https://ehrafworldcultures.yale.edu/sres/1db1aa26-095c-4d84-9dfe-98a762119694
25451a47-184e-46eb-820c-4cbdc0b8f13f,"Ross, Rupert, 1946-",Dancing with a ghost: exploring Indian reality,1992,9,Monograph,Ojibwa,North America,Arctic and Subarctic,hunter-gatherers,,"627,695",https://ehrafworldcultures.yale.edu/sres/25451a47-184e-46eb-820c-4cbdc0b8f13f
6f56d52c-14c0-42e7-99a8-69b1dd5a8a40,"Ross, Rupert, 1946-",Dancing with a ghost: exploring Indian reality,1992,10,Monograph,Ojibwa,North America,Arctic and Subarctic,hunter-gatherers,,"627,695",https://ehrafworldcultures.yale.edu/sres/6f56d52c-14c0-42e7-99a8-69b1dd5a8a40
d8b878d1-dfca-4663-8fb2-a45bccd2868f,"Ross, Rupert, 1946-",Dancing with a ghost: exploring Indian reality,1992,10,Monograph,Ojibwa,North America,Arctic and Subarctic,hunter-gatherers,,"554,627,695",https://ehrafworldcultures.yale.edu/sres/d8b878d1-dfca-4663-8fb2-a45bccd2868f
a40fce58-4d2d-4e1a-b00c-9839f0627baa,"Ross, Rupert, 1946-",Dancing with a ghost: exploring Indian reality,1992,45,Monograph,Ojibwa,North America,Arctic and Subarctic,hunter-gatherers,,"171,627,695",https://ehrafworldcultures.yale.edu/sres/a40fce58-4d2d-4e1a-b00c-9839f0627baa
5745a693-15b1-4e1b-b393-5c7930b03b9d,"Ross, Rupert, 1946-",Dancing with a ghost: exploring Indian reality,1992,46,Monograph,Ojibwa,North America,Arctic and Subarctic,hunter-gatherers,,"171,627,695",https://ehrafworldcultures.yale.edu/sres/5745a693-15b1-4e1b-b393-5c7930b03b9d
9283269c-6140-416a-b68d-851733d55127,"Ross, Rupert, 1946-",Dancing with a ghost: exploring Indian reality,1992,46,Monograph,Ojibwa,North America,Arctic and Subarctic,hunter-gatherers,,"171,627,695",https://ehrafworldcultures.yale.edu/sres/9283269c-6140-416a-b68d-851733d55127
6efcf993-c525-49db-92e7-17ffbcc4a227,"Ross, Rupert, 1946-",Dancing with a ghost: exploring Indian reality,1992,63,Monograph,Ojibwa,North America,Arctic and Subarctic,hunter-gatherers,,"623,627,828",https://ehrafworldcultures.yale.edu/sres/6efcf993-c525-49db-92e7-17ffbcc4a227
e5c529ae-cf2a-4d73-a00e-e2fac06f9b70,"Jenness, Diamond, 1886-1969","The Ojibwa Indians of Parry Island, their social and religious
         life",1935,3,Monograph,Ojibwa,North America,Arctic and Subarctic,hunter-gatherers,,"623,627,671",https://ehrafworldcultures.yale.edu/sres/e5c529ae-cf2a-4d73-a00e-e2fac06f9b70
85bcaa13-59c5-4e34-8831-c237d62101f1,"Kinietz, William Vernon, 1907-",Chippewa village: the story of Katikitegon,1947,84,Monograph,Ojibwa,North America,Arctic and Subarctic,hunter-gatherers,,"627,671",https://ehrafworldcultures.yale.edu/sres/85bcaa13-59c5-4e34-8831-c237d62101f1
196cfed8-0c50-48c7-9570-c4cc0986a2a7,"Kinietz, William Vernon, 1907-",Chippewa village: the story of Katikitegon,1947,84,Monograph,Ojibwa,North America,Arctic and Subarctic,hunter-gatherers,,"627,671",https://ehrafworldcultures.yale.edu/sres/196cfed8-0c50-48c7-9570-c4cc0986a2a7
c8bedcc4-3822-4179-90d3-a964f492e1f1,"Kinietz, William Vernon, 1907-",Chippewa village: the story of Katikitegon,1947,85,Monograph,Ojibwa,North America,Arctic and Subarctic,hunter-gatherers,,"627,671",https://ehrafworldcultures.yale.edu/sres/c8bedcc4-3822-4179-90d3-a964f492e1f1
97fc8ce4-1b57-4528-a755-f5908afcc78f,"Kinietz, William Vernon, 1907-",Chippewa village: the story of Katikitegon,1947,85,Monograph,Ojibwa,North America,Arctic and Subarctic,hunter-gatherers,,"627,671",https://ehrafworldcultures.yale.edu/sres/97fc8ce4-1b57-4528-a755-f5908afcc78f
b97625aa-5590-4e3d-abf9-c76166cc2ced,"Shkilnyk, Anastasia M., 1945-","A poison stronger than love: the destruction of an Ojibwa
         community",1985,102,Monograph,Ojibwa,North America,Arctic and Subarctic,hunter-gatherers,,"177,622,623,627",https://ehrafworldcultures.yale.edu/sres/b97625aa-5590-4e3d-abf9-c76166cc2ced
75c651e7-4264-4294-8d25-00aba14a4508,"Vennum, Thomas",Wild rice and the Ojibway people,1988,178,Monograph,Ojibwa,North America,Arctic and Subarctic,hunter-gatherers,,"222,622,627",https://ehrafworldcultures.yale.edu/sres/75c651e7-4264-4294-8d25-00aba14a4508
25de5c7a-8b02-4e83-935c-f8307f065d78,"Vennum, Thomas",Wild rice and the Ojibway people,1988,180,Monograph,Ojibwa,North America,Arctic and Subarctic,hunter-gatherers,,"622,627",https://ehrafworldcultures.yale.edu/sres/25de5c7a-8b02-4e83-935c-f8307f065d78
a17faf1d-b5b9-408f-b087-ab7bc271eabe,"Vennum, Thomas",Wild rice and the Ojibway people,1988,182,Monograph,Ojibwa,North America,Arctic and Subarctic,hunter-gatherers,,"222,622,624,627",https://ehrafworldcultures.yale.edu/sres/a17faf1d-b5b9-408f-b087-ab7bc271eabe
6c21ea0c-1296-48f1-b5cf-9f29a9a8b52b,"Vennum, Thomas",Wild rice and the Ojibway people,1988,182,Monograph,Ojibwa,North America,Arctic and Subarctic,hunter-gatherers,,"222,476,627,628,746",https://ehrafworldcultures.yale.edu/sres/6c21ea0c-1296-48f1-b5cf-9f29a9a8b52b
a8a417f4-19f4-4589-b8aa-e016f3ead836,"Landes, Ruth, 1908-",The Ojibwa of Canada,1937,88,Essay,Ojibwa,North America,Arctic and Subarctic,hunter-gatherers,,"224,423,454,627",https://ehrafworldcultures.yale.edu/sres/a8a417f4-19f4-4589-b8aa-e016f3ead836
04a51ece-54c5-44b6-a351-6ca7fb983df0,"Landes, Ruth, 1908-",The Ojibwa of Canada,1937,110,Essay,Ojibwa,North America,Arctic and Subarctic,hunter-gatherers,,627,https://ehrafworldcultures.yale.edu/sres/04a51ece-54c5-44b6-a351-6ca7fb983df0
da9ed205-620e-4ef2-9686-2c7a888281e4,"Skinner, Alanson Buck, 1886-1925","Political and ceremonial organization of the
         Plains-Ojibway",1914,488,Essay,Ojibwa,North America,Arctic and Subarctic,hunter-gatherers,,"551,595,627,701",https://ehrafworldcultures.yale.edu/sres/da9ed205-620e-4ef2-9686-2c7a888281e4
bfbdc2f7-8a13-42ca-982e-24bf758d185a,Rogers. Edward S.,The Round Lake Ojibwa,1962,b27,Monograph,Ojibwa,North America,Arctic and Subarctic,hunter-gatherers,,"593,622,627,793,797",https://ehrafworldcultures.yale.edu/sres/bfbdc2f7-8a13-42ca-982e-24bf758d185a
b9f810fa-c687-406c-acff-2bb1fbf21af5,Rogers. Edward S.,The Round Lake Ojibwa,1962,b73,Monograph,Ojibwa,North America,Arctic and Subarctic,hunter-gatherers,,"578,592,627",https://ehrafworldcultures.yale.edu/sres/b9f810fa-c687-406c-acff-2bb1fbf21af5
703e06d4-1b26-4c18-960a-ae351fbb2856,Rogers. Edward S.,The Round Lake Ojibwa,1962,b90,Monograph,Ojibwa,North America,Arctic and Subarctic,hunter-gatherers,,"178,182,622,627,754,793",https://ehrafworldcultures.yale.edu/sres/703e06d4-1b26-4c18-960a-ae351fbb2856
cf8feb71-a7bf-4684-a38c-28130f9c0d52,Rogers. Edward S.,The Round Lake Ojibwa,1962,b90,Monograph,Ojibwa,North America,Arctic and Subarctic,hunter-gatherers,,"178,622,627",https://ehrafworldcultures.yale.edu/sres/cf8feb71-a7bf-4684-a38c-28130f9c0d52
63976839-04e0-407b-892c-28637e84ad34,Rogers. Edward S.,The Round Lake Ojibwa,1962,b91,Monograph,Ojibwa,North America,Arctic and Subarctic,hunter-gatherers,,"622,623,627",https://ehrafworldcultures.yale.edu/sres/63976839-04e0-407b-892c-28637e84ad34
d79bba30-fdd9-4105-9d5d-b09aee91e218,"Dunning, Robert William, 1918-",Social and economic change among the northern Ojibwa,1959,112,Monograph,Ojibwa,North America,Arctic and Subarctic,hunter-gatherers,,"684,835",https://ehrafworldcultures.yale.edu/sres/d79bba30-fdd9-4105-9d5d-b09aee91e218
c80ee100-ba8c-41e9-a7d4-277a8760df71,"Dunning, Robert William, 1918-",Social and economic change among the northern Ojibwa,1959,112,Monograph,Ojibwa,North America,Arctic and Subarctic,hunter-gatherers,,"159,684,835",https://ehrafworldcultures.yale.edu/sres/c80ee100-ba8c-41e9-a7d4-277a8760df71
0efc8d64-7cd7-4184-813d-9d471ccf7364,"Dunning, Robert William, 1918-",Social and economic change among the northern Ojibwa,1959,112,Monograph,Ojibwa,North America,Arctic and Subarctic,hunter-gatherers,,"159,684,787,835",https://ehrafworldcultures.yale.edu/sres/0efc8d64-7cd7-4184-813d-9d471ccf7364
c39b8e3c-73e7-4569-8bd7-e08cebd6dbe7,"Dunning, Robert William, 1918-",Social and economic change among the northern Ojibwa,1959,180,Monograph,Ojibwa,North America,Arctic and Subarctic,hunter-gatherers,,"681,776,783,787",https://ehrafworldcultures.yale.edu/sres/c39b8e3c-73e7-4569-8bd7-e08cebd6dbe7
61f7cabb-b7fc-4f1e-b377-ca774d16acf7,"Dunning, Robert William, 1918-",Social and economic change among the northern Ojibwa,1959,194,Monograph,Ojibwa,North America,Arctic and Subarctic,hunter-gatherers,,"578,685",https://ehrafworldcultures.yale.edu/sres/61f7cabb-b7fc-4f1e-b377-ca774d16acf7
4e3f7a76-bb9b-44a5-96db-4fd86ca1bff1,"Dunning, Robert William, 1918-",Social and economic change among the northern Ojibwa,1959,196,Monograph,Ojibwa,North America,Arctic and Subarctic,hunter-gatherers,,"578,688,848",https://ehrafworldcultures.yale.edu/sres/4e3f7a76-bb9b-44a5-96db-4fd86ca1bff1
d4bf4bce-4fc4-4f2a-b943-e27adaf337c2,"Dunning, Robert William, 1918-",Social and economic change among the northern Ojibwa,1959,196,Monograph,Ojibwa,North America,Arctic and Subarctic,hunter-gatherers,,"578,688",https://ehrafworldcultures.yale.edu/sres/d4bf4bce-4fc4-4f2a-b943-e27adaf337c2
805794ec-0663-4024-9158-47e4fce20b0b,"Dunning, Robert William, 1918-",Social and economic change among the northern Ojibwa,1959,196,Monograph,Ojibwa,North America,Arctic and Subarctic,hunter-gatherers,,"578,688",https://ehrafworldcultures.yale.edu/sres/805794ec-0663-4024-9158-47e4fce20b0b
56f29803-f624-4faa-a8fa-e2a1755b6c86,"Vecsey, Christopher",Traditional Ojibwa religion and its historical changes,1983,148,Monograph,Ojibwa,North America,Arctic and Subarctic,hunter-gatherers,,"688,783,784",https://ehrafworldcultures.yale.edu/sres/56f29803-f624-4faa-a8fa-e2a1755b6c86
9ae5efdd-75fc-4048-a0ce-f792c6dde89d,"Vecsey, Christopher",Traditional Ojibwa religion and its historical changes,1983,51,Monograph,Ojibwa,North America,Arctic and Subarctic,hunter-gatherers,,"685,797",https://ehrafworldcultures.yale.edu/sres/9ae5efdd-75fc-4048-a0ce-f792c6dde89d
e5bf62c8-b3b1-42d1-9ce9-92fe68361f0d,"Hilger, M. Inez (Mary Inez), 1891-",Chippewa child life and its cultural background,1951,121,Monograph,Ojibwa,North America,Arctic and Subarctic,hunter-gatherers,,"224,361,423,685",https://ehrafworldcultures.yale.edu/sres/e5bf62c8-b3b1-42d1-9ce9-92fe68361f0d
204e8f6b-3818-43c0-b68f-c87601f09a3f,"Hilger, M. Inez (Mary Inez), 1891-",Chippewa child life and its cultural background,1951,161,Monograph,Ojibwa,North America,Arctic and Subarctic,hunter-gatherers,,"587,684",https://ehrafworldcultures.yale.edu/sres/204e8f6b-3818-43c0-b68f-c87601f09a3f
b3acc428-4d4b-427b-97fa-e57d82c54975,"Hilger, M. Inez (Mary Inez), 1891-",Chippewa child life and its cultural background,1951,162,Monograph,Ojibwa,North America,Arctic and Subarctic,hunter-gatherers,,"684,837",https://ehrafworldcultures.yale.edu/sres/b3acc428-4d4b-427b-97fa-e57d82c54975
8e5b14ed-b683-49f1-a320-f9364f27f95d,"Hansen, Lise C.","Chiefs and principal men: a question of leadership in treaty
         negotiations",1987,43,Journal Article,Ojibwa,North America,Arctic and Subarctic,hunter-gatherers,,"224,423,685",https://ehrafworldcultures.yale.edu/sres/8e5b14ed-b683-49f1-a320-f9364f27f95d
e3f8e1cf-79a0-44c2-853d-25baf9764a37,"Hansen, Lise C.","Chiefs and principal men: a question of leadership in treaty
         negotiations",1987,43,Journal Article,Ojibwa,North America,Arctic and Subarctic,hunter-gatherers,,"136,224,439,685",https://ehrafworldcultures.yale.edu/sres/e3f8e1cf-79a0-44c2-853d-25baf9764a37
6e9d68d6-0d60-4c64-bafa-81f4c6a3a452,"Hallowell, A. Irving (Alfred Irving),
         1892-1974",The role of dreams in Ojibwa culture,1976,462,Essay,Ojibwa,North America,Arctic and Subarctic,hunter-gatherers,,"431,688,753,761,776",https://ehrafworldcultures.yale.edu/sres/6e9d68d6-0d60-4c64-bafa-81f4c6a3a452
0a7d927f-a9d4-42b5-9f2e-c06991306bc7,"Hallowell, A. Irving (Alfred Irving),
         1892-1974",The role of dreams in Ojibwa culture,1976,470,Essay,Ojibwa,North America,Arctic and Subarctic,hunter-gatherers,,"688,753",https://ehrafworldcultures.yale.edu/sres/0a7d927f-a9d4-42b5-9f2e-c06991306bc7
ee766ac0-bd0f-428d-afde-70b20c99a9f1,"Landes, Ruth, 1908-",The Ojibwa woman,1938,29,Monograph,Ojibwa,North America,Arctic and Subarctic,hunter-gatherers,,"684,754,867",https://ehrafworldcultures.yale.edu/sres/ee766ac0-bd0f-428d-afde-70b20c99a9f1
d8ab7082-f37b-47a6-8e5d-34f54e290ef1,"Landes, Ruth, 1908-",The Ojibwa woman,1938,47,Monograph,Ojibwa,North America,Arctic and Subarctic,hunter-gatherers,,"431,684,754,836",https://ehrafworldcultures.yale.edu/sres/d8ab7082-f37b-47a6-8e5d-34f54e290ef1
6408353f-9871-420d-9058-cc37ce46fb12,"Barrett, S. A. (Samuel Alfred),
         1879-1965","The dream dance of the Chippewa and Menominee Indians of
         northern Wisconsin",1911,257,Monograph,Ojibwa,North America,Arctic and Subarctic,hunter-gatherers,,"346,535,688,778,796",https://ehrafworldcultures.yale.edu/sres/6408353f-9871-420d-9058-cc37ce46fb12
6c9b8911-fd8e-49b6-b233-657f75ad3833,"Barrett, S. A. (Samuel Alfred),
         1879-1965","The dream dance of the Chippewa and Menominee Indians of
         northern Wisconsin",1911,260,Monograph,Ojibwa,North America,Arctic and Subarctic,hunter-gatherers,,"346,535,688,778,796",https://ehrafworldcultures.yale.edu/sres/6c9b8911-fd8e-49b6-b233-657f75ad3833
4cbc2304-1694-4d28-88d3-1f1316de7da9,"Barrett, S. A. (Samuel Alfred),
         1879-1965","The dream dance of the Chippewa and Menominee Indians of
         northern Wisconsin",1911,285,Monograph,Ojibwa,North America,Arctic and Subarctic,hunter-gatherers,,"273,537,688,796",https://ehrafworldcultures.yale.edu/sres/4cbc2304-1694-4d28-88d3-1f1316de7da9
15345329-7cf7-4374-a6a0-705991dc6d0f,"Barrett, S. A. (Samuel Alfred),
         1879-1965","The dream dance of the Chippewa and Menominee Indians of
         northern Wisconsin",1911,286,Monograph,Ojibwa,North America,Arctic and Subarctic,hunter-gatherers,,"537,688,796",https://ehrafworldcultures.yale.edu/sres/15345329-7cf7-4374-a6a0-705991dc6d0f
f05e6f4b-71f3-4bdd-92f3-481ef4bb95da,"Barrett, S. A. (Samuel Alfred),
         1879-1965","The dream dance of the Chippewa and Menominee Indians of
         northern Wisconsin",1911,343,Monograph,Ojibwa,North America,Arctic and Subarctic,hunter-gatherers,,"688,778,787,796",https://ehrafworldcultures.yale.edu/sres/f05e6f4b-71f3-4bdd-92f3-481ef4bb95da
a63cba09-0074-4cf7-8db0-88136e965a80,"Barrett, S. A. (Samuel Alfred),
         1879-1965","The dream dance of the Chippewa and Menominee Indians of
         northern Wisconsin",1911,344,Monograph,Ojibwa,North America,Arctic and Subarctic,hunter-gatherers,,"688,778,787,792,796",https://ehrafworldcultures.yale.edu/sres/a63cba09-0074-4cf7-8db0-88136e965a80
42a82a12-37cd-4be8-9ee2-64dd8b8d3587,"Barrett, S. A. (Samuel Alfred),
         1879-1965","The dream dance of the Chippewa and Menominee Indians of
         northern Wisconsin",1911,344,Monograph,Ojibwa,North America,Arctic and Subarctic,hunter-gatherers,,"688,778,787,796",https://ehrafworldcultures.yale.edu/sres/42a82a12-37cd-4be8-9ee2-64dd8b8d3587
bed383b1-c201-43db-8f6d-8e3f39ae6574,"Barrett, S. A. (Samuel Alfred),
         1879-1965","The dream dance of the Chippewa and Menominee Indians of
         northern Wisconsin",1911,345,Monograph,Ojibwa,North America,Arctic and Subarctic,hunter-gatherers,,"562,688,778,787,796",https://ehrafworldcultures.yale.edu/sres/bed383b1-c201-43db-8f6d-8e3f39ae6574
7adae197-d0fc-457c-93d1-f0e3d145a52a,"Barrett, S. A. (Samuel Alfred),
         1879-1965","The dream dance of the Chippewa and Menominee Indians of
         northern Wisconsin",1911,345,Monograph,Ojibwa,North America,Arctic and Subarctic,hunter-gatherers,,"688,778,783,787,788,796",https://ehrafworldcultures.yale.edu/sres/7adae197-d0fc-457c-93d1-f0e3d145a52a
22412a2a-4018-4243-8e53-9711df46969b,"Barrett, S. A. (Samuel Alfred),
         1879-1965","The dream dance of the Chippewa and Menominee Indians of
         northern Wisconsin",1911,345,Monograph,Ojibwa,North America,Arctic and Subarctic,hunter-gatherers,,"688,778,783,787,788,796",https://ehrafworldcultures.yale.edu/sres/22412a2a-4018-4243-8e53-9711df46969b
50bd54ce-f754-4ffe-9f9f-d96d084e6c27,"Landes, Ruth, 1908-",Ojibwa sociology,1937,90,Monograph,Ojibwa,North America,Arctic and Subarctic,hunter-gatherers,,"224,423,685,754",https://ehrafworldcultures.yale.edu/sres/50bd54ce-f754-4ffe-9f9f-d96d084e6c27
e5d6627d-b0dc-49ca-bd8c-efda7276bca7,"Schmalz, Peter S.",The Ojibwa of southern Ontario,1991,90,Monograph,Ojibwa,North America,Arctic and Subarctic,hunter-gatherers,,"173,273,439,609,682",https://ehrafworldcultures.yale.edu/sres/e5d6627d-b0dc-49ca-bd8c-efda7276bca7
1fa41c30-61db-40ae-bbc9-89eb1bd46765,"Schmalz, Peter S.",The Ojibwa of southern Ontario,1991,90,Monograph,Ojibwa,North America,Arctic and Subarctic,hunter-gatherers,,"439,609,648,682",https://ehrafworldcultures.yale.edu/sres/1fa41c30-61db-40ae-bbc9-89eb1bd46765
15be9c58-cd92-4aaa-9ba9-9b144f365bb5,"Schmalz, Peter S.",The Ojibwa of southern Ontario,1991,91,Monograph,Ojibwa,North America,Arctic and Subarctic,hunter-gatherers,,"648,682",https://ehrafworldcultures.yale.edu/sres/15be9c58-cd92-4aaa-9ba9-9b144f365bb5
3c13ba99-a2c8-4ac5-908f-a3eb0a13764c,"Schmalz, Peter S.",The Ojibwa of southern Ontario,1991,92,Monograph,Ojibwa,North America,Arctic and Subarctic,hunter-gatherers,,"431,439,648,682",https://ehrafworldcultures.yale.edu/sres/3c13ba99-a2c8-4ac5-908f-a3eb0a13764c
fcffb9fd-f328-4401-95c7-22913d99eb50,"Schmalz, Peter S.",The Ojibwa of southern Ontario,1991,92,Monograph,Ojibwa,North America,Arctic and Subarctic,hunter-gatherers,,"431,648,682",https://ehrafworldcultures.yale.edu/sres/fcffb9fd-f328-4401-95c7-22913d99eb50
51452274-c074-4108-8808-73f601c2233a,"Schmalz, Peter S.",The Ojibwa of southern Ontario,1991,93,Monograph,Ojibwa,North America,Arctic and Subarctic,hunter-gatherers,,"648,682",https://ehrafworldcultures.yale.edu/sres/51452274-c074-4108-8808-73f601c2233a
64415c5b-1c3c-48a2-994d-761686b2a46a,"Schmalz, Peter S.",The Ojibwa of southern Ontario,1991,93,Monograph,Ojibwa,North America,Arctic and Subarctic,hunter-gatherers,,"302,648,682,765",https://ehrafworldcultures.yale.edu/sres/64415c5b-1c3c-48a2-994d-761686b2a46a
c4eb20a0-abe9-4556-8f12-e6f9a8808880,"Schmalz, Peter S.",The Ojibwa of southern Ontario,1991,94,Monograph,Ojibwa,North America,Arctic and Subarctic,hunter-gatherers,,"439,682",https://ehrafworldcultures.yale.edu/sres/c4eb20a0-abe9-4556-8f12-e6f9a8808880
6b69715d-4972-4e9a-8b78-e701cb31f5cb,"Schmalz, Peter S.",The Ojibwa of southern Ontario,1991,95,Monograph,Ojibwa,North America,Arctic and Subarctic,hunter-gatherers,,"273,439,657,682",https://ehrafworldcultures.yale.edu/sres/6b69715d-4972-4e9a-8b78-e701cb31f5cb
1e350689-d6f2-45b3-bb27-3a26acf08d54,"Schmalz, Peter S.",The Ojibwa of southern Ontario,1991,102,Monograph,Ojibwa,North America,Arctic and Subarctic,hunter-gatherers,,"273,423,439,648,682",https://ehrafworldcultures.yale.edu/sres/1e350689-d6f2-45b3-bb27-3a26acf08d54
cabc0b4a-707a-44df-beaf-75b140ddbffe,"Schmalz, Peter S.",The Ojibwa of southern Ontario,1991,105,Monograph,Ojibwa,North America,Arctic and Subarctic,hunter-gatherers,,"648,657,682",https://ehrafworldcultures.yale.edu/sres/cabc0b4a-707a-44df-beaf-75b140ddbffe
b0ec40b5-ec89-4870-8189-f68f95df2b73,"Schmalz, Peter S.",The Ojibwa of southern Ontario,1991,108,Monograph,Ojibwa,North America,Arctic and Subarctic,hunter-gatherers,,"000,622,648,682",https://ehrafworldcultures.yale.edu/sres/b0ec40b5-ec89-4870-8189-f68f95df2b73
ca93f699-194f-4e01-8f61-baded79b783c,"Schmalz, Peter S.",The Ojibwa of southern Ontario,1991,109,Monograph,Ojibwa,North America,Arctic and Subarctic,hunter-gatherers,,"648,682,721",https://ehrafworldcultures.yale.edu/sres/ca93f699-194f-4e01-8f61-baded79b783c
e152328f-21c8-4774-9d9b-9f873c300f1e,"Schmalz, Peter S.",The Ojibwa of southern Ontario,1991,130,Monograph,Ojibwa,North America,Arctic and Subarctic,hunter-gatherers,,"311,423,648,685",https://ehrafworldcultures.yale.edu/sres/e152328f-21c8-4774-9d9b-9f873c300f1e
73189411-3760-4591-91b6-45a37d15b12b,"Schmalz, Peter S.",The Ojibwa of southern Ontario,1991,207,Monograph,Ojibwa,North America,Arctic and Subarctic,hunter-gatherers,,"178,183,657,671,689",https://ehrafworldcultures.yale.edu/sres/73189411-3760-4591-91b6-45a37d15b12b
ea9efd88-ece6-44b7-bd9c-412021b7c242,"Bishop, Charles A.","The Northern Ojibwa and the fur trade: an historical and
         ecological study",1974,94,Monograph,Ojibwa,North America,Arctic and Subarctic,hunter-gatherers,,"161,224,439,685",https://ehrafworldcultures.yale.edu/sres/ea9efd88-ece6-44b7-bd9c-412021b7c242
9f912d17-c2ed-437a-829b-24304e879721,"Bishop, Charles A.","The Northern Ojibwa and the fur trade: an historical and
         ecological study",1974,94,Monograph,Ojibwa,North America,Arctic and Subarctic,hunter-gatherers,,"185,224,685",https://ehrafworldcultures.yale.edu/sres/9f912d17-c2ed-437a-829b-24304e879721
2bb6433f-6c91-46b3-9176-f178c177893b,"Bishop, Charles A.","The Northern Ojibwa and the fur trade: an historical and
         ecological study",1974,114,Monograph,Ojibwa,North America,Arctic and Subarctic,hunter-gatherers,,"000,244,262,433,443,685",https://ehrafworldcultures.yale.edu/sres/2bb6433f-6c91-46b3-9176-f178c177893b
d7729cbe-9623-4417-bd4c-eeb3011c4449,"Bishop, Charles A.","The Northern Ojibwa and the fur trade: an historical and
         ecological study",1974,151,Monograph,Ojibwa,North America,Arctic and Subarctic,hunter-gatherers,,"439,609,682,751",https://ehrafworldcultures.yale.edu/sres/d7729cbe-9623-4417-bd4c-eeb3011c4449
083c1c53-99c1-4991-80ff-0db70158b6ea,"Bishop, Charles A.","The Northern Ojibwa and the fur trade: an historical and
         ecological study",1974,172,Monograph,Ojibwa,North America,Arctic and Subarctic,hunter-gatherers,,"602,606,682,736",https://ehrafworldcultures.yale.edu/sres/083c1c53-99c1-4991-80ff-0db70158b6ea
99b909c0-0af8-44d6-a793-989415e66757,"Bishop, Charles A.","The Northern Ojibwa and the fur trade: an historical and
         ecological study",1974,174,Monograph,Ojibwa,North America,Arctic and Subarctic,hunter-gatherers,,"591,606,607,621,682,763,764",https://ehrafworldcultures.yale.edu/sres/99b909c0-0af8-44d6-a793-989415e66757
453701c5-cc15-42be-8fed-090edd1ad9f9,"Bishop, Charles A.","The Northern Ojibwa and the fur trade: an historical and
         ecological study",1974,174,Monograph,Ojibwa,North America,Arctic and Subarctic,hunter-gatherers,,"606,682,763,764,765",https://ehrafworldcultures.yale.edu/sres/453701c5-cc15-42be-8fed-090edd1ad9f9
64760f66-c0f7-4da4-89b6-cfdfb05f42ba,"Bishop, Charles A.","The Northern Ojibwa and the fur trade: an historical and
         ecological study",1974,175,Monograph,Ojibwa,North America,Arctic and Subarctic,hunter-gatherers,,"606,682,763,764,765",https://ehrafworldcultures.yale.edu/sres/64760f66-c0f7-4da4-89b6-cfdfb05f42ba
253ccd81-7b95-4130-a0f3-85d1ae7aa439,"Bishop, Charles A.","The Northern Ojibwa and the fur trade: an historical and
         ecological study",1974,216,Monograph,Ojibwa,North America,Arctic and Subarctic,hunter-gatherers,,"224,423,685",https://ehrafworldcultures.yale.edu/sres/253ccd81-7b95-4130-a0f3-85d1ae7aa439
66342f65-de6c-4baa-8376-75ad2279fbb3,"Bishop, Charles A.","The Northern Ojibwa and the fur trade: an historical and
         ecological study",1974,216,Monograph,Ojibwa,North America,Arctic and Subarctic,hunter-gatherers,,"224,423,685",https://ehrafworldcultures.yale.edu/sres/66342f65-de6c-4baa-8376-75ad2279fbb3
ce1e9959-4b23-4892-9b78-c3b1b193ded9,"Bishop, Charles A.","The Northern Ojibwa and the fur trade: an historical and
         ecological study",1974,216,Monograph,Ojibwa,North America,Arctic and Subarctic,hunter-gatherers,,"423,685",https://ehrafworldcultures.yale.edu/sres/ce1e9959-4b23-4892-9b78-c3b1b193ded9
e998ed5b-b586-4bf3-b3b0-2d2b73d9264a,"Bishop, Charles A.","The Northern Ojibwa and the fur trade: an historical and
         ecological study",1974,217,Monograph,Ojibwa,North America,Arctic and Subarctic,hunter-gatherers,,"423,685",https://ehrafworldcultures.yale.edu/sres/e998ed5b-b586-4bf3-b3b0-2d2b73d9264a
4b7f8ff5-17f7-4bc9-adfd-440507c2186d,"Bishop, Charles A.","The Northern Ojibwa and the fur trade: an historical and
         ecological study",1974,217,Monograph,Ojibwa,North America,Arctic and Subarctic,hunter-gatherers,,"423,685",https://ehrafworldcultures.yale.edu/sres/4b7f8ff5-17f7-4bc9-adfd-440507c2186d
b5237b8d-e646-4f58-a75a-d5157658a364,"Bishop, Charles A.","The Northern Ojibwa and the fur trade: an historical and
         ecological study",1974,217,Monograph,Ojibwa,North America,Arctic and Subarctic,hunter-gatherers,,"224,423,685",https://ehrafworldcultures.yale.edu/sres/b5237b8d-e646-4f58-a75a-d5157658a364
d67cc213-0161-4e54-a096-e5cbd3c7f2ac,"Bishop, Charles A.","The Northern Ojibwa and the fur trade: an historical and
         ecological study",1974,217,Monograph,Ojibwa,North America,Arctic and Subarctic,hunter-gatherers,,"224,423,685",https://ehrafworldcultures.yale.edu/sres/d67cc213-0161-4e54-a096-e5cbd3c7f2ac
f46808f5-4742-426e-ac63-ba4fd1d38ec3,"Bishop, Charles A.","The Northern Ojibwa and the fur trade: an historical and
         ecological study",1974,218,Monograph,Ojibwa,North America,Arctic and Subarctic,hunter-gatherers,,"171,224,423,685",https://ehrafworldcultures.yale.edu/sres/f46808f5-4742-426e-ac63-ba4fd1d38ec3
3ce97401-47c5-4653-8b2f-d9c85be266ef,"Bishop, Charles A.","The Northern Ojibwa and the fur trade: an historical and
         ecological study",1974,218,Monograph,Ojibwa,North America,Arctic and Subarctic,hunter-gatherers,,"224,423,685",https://ehrafworldcultures.yale.edu/sres/3ce97401-47c5-4653-8b2f-d9c85be266ef
05859b22-c4bd-420c-b6c0-09be929eaace,"Bishop, Charles A.","The Northern Ojibwa and the fur trade: an historical and
         ecological study",1974,218,Monograph,Ojibwa,North America,Arctic and Subarctic,hunter-gatherers,,"224,423,685",https://ehrafworldcultures.yale.edu/sres/05859b22-c4bd-420c-b6c0-09be929eaace
bae2203c-dd97-4735-b4d7-fc4feebcf1e0,"Bishop, Charles A.","The Northern Ojibwa and the fur trade: an historical and
         ecological study",1974,219,Monograph,Ojibwa,North America,Arctic and Subarctic,hunter-gatherers,,"185,224,423,685",https://ehrafworldcultures.yale.edu/sres/bae2203c-dd97-4735-b4d7-fc4feebcf1e0
70ce92f5-7f23-4531-8315-480b120fd320,"Bishop, Charles A.","The Northern Ojibwa and the fur trade: an historical and
         ecological study",1974,241,Monograph,Ojibwa,North America,Arctic and Subarctic,hunter-gatherers,,"273,439,578,682",https://ehrafworldcultures.yale.edu/sres/70ce92f5-7f23-4531-8315-480b120fd320
5b912a0f-8067-455c-b3f5-5e43829bd026,"Bishop, Charles A.","The Northern Ojibwa and the fur trade: an historical and
         ecological study",1974,253,Monograph,Ojibwa,North America,Arctic and Subarctic,hunter-gatherers,,"185,224,439,685",https://ehrafworldcultures.yale.edu/sres/5b912a0f-8067-455c-b3f5-5e43829bd026
8cadc164-c8e9-4ca7-8052-21df64f33245,"Bishop, Charles A.","The Northern Ojibwa and the fur trade: an historical and
         ecological study",1974,268,Monograph,Ojibwa,North America,Arctic and Subarctic,hunter-gatherers,,"614,621,682",https://ehrafworldcultures.yale.edu/sres/8cadc164-c8e9-4ca7-8052-21df64f33245
883f4333-2a9f-4910-886c-38b437e1719b,"Doherty, Robert, 1935-","Disputed waters: Native Americans and the Great Lakes
         fishery",1990,79,Monograph,Ojibwa,North America,Arctic and Subarctic,hunter-gatherers,,"124,226,228,648,685",https://ehrafworldcultures.yale.edu/sres/883f4333-2a9f-4910-886c-38b437e1719b
d6723777-2869-409f-be04-04cbea1e8541,"Doherty, Robert, 1935-","Disputed waters: Native Americans and the Great Lakes
         fishery",1990,[105],Monograph,Ojibwa,North America,Arctic and Subarctic,hunter-gatherers,,"123,228,423,648,685",https://ehrafworldcultures.yale.edu/sres/d6723777-2869-409f-be04-04cbea1e8541
8587a867-c287-4194-b526-bda65723709c,"Doherty, Robert, 1935-","Disputed waters: Native Americans and the Great Lakes
         fishery",1990,[105],Monograph,Ojibwa,North America,Arctic and Subarctic,hunter-gatherers,,"113,228,423,648,685",https://ehrafworldcultures.yale.edu/sres/8587a867-c287-4194-b526-bda65723709c
635972cf-96df-4b83-89b3-26e52eea6397,"Tanner, John, 1780?-1847","A narrative of the captivity and adventures of John Tanner,
         (U.S. interpreter at the Saut de Ste. Marie,): during thirty years residence among the
         Indians in the interior of North America",1830,313,Monograph,Ojibwa,North America,Arctic and Subarctic,hunter-gatherers,,"171,551,582,614,684",https://ehrafworldcultures.yale.edu/sres/635972cf-96df-4b83-89b3-26e52eea6397
a8d870c0-9c80-449f-859c-5863b2933b33,"Tanner, John, 1780?-1847","A narrative of the captivity and adventures of John Tanner,
         (U.S. interpreter at the Saut de Ste. Marie,): during thirty years residence among the
         Indians in the interior of North America",1830,61,Monograph,Ojibwa,North America,Arctic and Subarctic,hunter-gatherers,,"273,685,900",https://ehrafworldcultures.yale.edu/sres/a8d870c0-9c80-449f-859c-5863b2933b33
ec2b80bf-30fb-47d5-a87e-3276210d9adf,"Tanner, John, 1780?-1847","A narrative of the captivity and adventures of John Tanner,
         (U.S. interpreter at the Saut de Ste. Marie,): during thirty years residence among the
         Indians in the interior of North America",1830,85,Monograph,Ojibwa,North America,Arctic and Subarctic,hunter-gatherers,,"273,439,685,900",https://ehrafworldcultures.yale.edu/sres/ec2b80bf-30fb-47d5-a87e-3276210d9adf
9a4c4271-cef1-49a2-aedc-f39a92d12c56,"Tanner, John, 1780?-1847","A narrative of the captivity and adventures of John Tanner,
         (U.S. interpreter at the Saut de Ste. Marie,): during thirty years residence among the
         Indians in the interior of North America",1830,92,Monograph,Ojibwa,North America,Arctic and Subarctic,hunter-gatherers,,"103,133,682,900",https://ehrafworldcultures.yale.edu/sres/9a4c4271-cef1-49a2-aedc-f39a92d12c56
95ca6b38-89cf-49e3-a06b-819e8af7e453,"Tanner, John, 1780?-1847","A narrative of the captivity and adventures of John Tanner,
         (U.S. interpreter at the Saut de Ste. Marie,): during thirty years residence among the
         Indians in the interior of North America",1830,115,Monograph,Ojibwa,North America,Arctic and Subarctic,hunter-gatherers,,"431,578,682,900",https://ehrafworldcultures.yale.edu/sres/95ca6b38-89cf-49e3-a06b-819e8af7e453
e9f96c2c-a3ae-454f-97c9-d92a67c263e8,"Tanner, John, 1780?-1847","A narrative of the captivity and adventures of John Tanner,
         (U.S. interpreter at the Saut de Ste. Marie,): during thirty years residence among the
         Indians in the interior of North America",1830,130,Monograph,Ojibwa,North America,Arctic and Subarctic,hunter-gatherers,,"484,685,900",https://ehrafworldcultures.yale.edu/sres/e9f96c2c-a3ae-454f-97c9-d92a67c263e8
4ac38b72-6223-4b4d-bbd3-0f74821ec640,"Tanner, John, 1780?-1847","A narrative of the captivity and adventures of John Tanner,
         (U.S. interpreter at the Saut de Ste. Marie,): during thirty years residence among the
         Indians in the interior of North America",1830,[p. 132],Monograph,Ojibwa,North America,Arctic and Subarctic,hunter-gatherers,,"685,900",https://ehrafworldcultures.yale.edu/sres/4ac38b72-6223-4b4d-bbd3-0f74821ec640
4271ec57-b496-4133-93a0-a8e6cacd701e,"Tanner, John, 1780?-1847","A narrative of the captivity and adventures of John Tanner,
         (U.S. interpreter at the Saut de Ste. Marie,): during thirty years residence among the
         Indians in the interior of North America",1830,[p. 132],Monograph,Ojibwa,North America,Arctic and Subarctic,hunter-gatherers,,"648,685,900",https://ehrafworldcultures.yale.edu/sres/4271ec57-b496-4133-93a0-a8e6cacd701e
4ce94e0e-9e3f-4704-b930-42eec73c62f6,"Tanner, John, 1780?-1847","A narrative of the captivity and adventures of John Tanner,
         (U.S. interpreter at the Saut de Ste. Marie,): during thirty years residence among the
         Indians in the interior of North America",1830,133,Monograph,Ojibwa,North America,Arctic and Subarctic,hunter-gatherers,,"177,685,900",https://ehrafworldcultures.yale.edu/sres/4ce94e0e-9e3f-4704-b930-42eec73c62f6
153d1fdf-b34e-448c-a78e-017331aed29a,"Tanner, John, 1780?-1847","A narrative of the captivity and adventures of John Tanner,
         (U.S. interpreter at the Saut de Ste. Marie,): during thirty years residence among the
         Indians in the interior of North America",1830,136,Monograph,Ojibwa,North America,Arctic and Subarctic,hunter-gatherers,,"177,685,900",https://ehrafworldcultures.yale.edu/sres/153d1fdf-b34e-448c-a78e-017331aed29a
c7bbd0e1-dd8f-4999-95cb-a5007b7e4cb1,"Tanner, John, 1780?-1847","A narrative of the captivity and adventures of John Tanner,
         (U.S. interpreter at the Saut de Ste. Marie,): during thirty years residence among the
         Indians in the interior of North America",1830,137,Monograph,Ojibwa,North America,Arctic and Subarctic,hunter-gatherers,,"685,900",https://ehrafworldcultures.yale.edu/sres/c7bbd0e1-dd8f-4999-95cb-a5007b7e4cb1
34deeb86-2b9d-44e5-9f2d-bf6aa5173501,"Tanner, John, 1780?-1847","A narrative of the captivity and adventures of John Tanner,
         (U.S. interpreter at the Saut de Ste. Marie,): during thirty years residence among the
         Indians in the interior of North America",1830,137,Monograph,Ojibwa,North America,Arctic and Subarctic,hunter-gatherers,,"177,685,900",https://ehrafworldcultures.yale.edu/sres/34deeb86-2b9d-44e5-9f2d-bf6aa5173501
93bc6bfa-f96e-4d49-bc66-9668a7bf9956,"Tanner, John, 1780?-1847","A narrative of the captivity and adventures of John Tanner,
         (U.S. interpreter at the Saut de Ste. Marie,): during thirty years residence among the
         Indians in the interior of North America",1830,137,Monograph,Ojibwa,North America,Arctic and Subarctic,hunter-gatherers,,"177,685,900",https://ehrafworldcultures.yale.edu/sres/93bc6bfa-f96e-4d49-bc66-9668a7bf9956
44d2f25b-1a07-42e1-91c1-feb7f8d2cb27,"Tanner, John, 1780?-1847","A narrative of the captivity and adventures of John Tanner,
         (U.S. interpreter at the Saut de Ste. Marie,): during thirty years residence among the
         Indians in the interior of North America",1830,137,Monograph,Ojibwa,North America,Arctic and Subarctic,hunter-gatherers,,"177,685,900",https://ehrafworldcultures.yale.edu/sres/44d2f25b-1a07-42e1-91c1-feb7f8d2cb27
c27e244b-7608-434d-af55-653a36992502,"Tanner, John, 1780?-1847","A narrative of the captivity and adventures of John Tanner,
         (U.S. interpreter at the Saut de Ste. Marie,): during thirty years residence among the
         Indians in the interior of North America",1830,139,Monograph,Ojibwa,North America,Arctic and Subarctic,hunter-gatherers,,"177,685,900",https://ehrafworldcultures.yale.edu/sres/c27e244b-7608-434d-af55-653a36992502
72e0b348-58dd-497a-b0e2-267608f4e530,"Tanner, John, 1780?-1847","A narrative of the captivity and adventures of John Tanner,
         (U.S. interpreter at the Saut de Ste. Marie,): during thirty years residence among the
         Indians in the interior of North America",1830,140,Monograph,Ojibwa,North America,Arctic and Subarctic,hunter-gatherers,,"685,900",https://ehrafworldcultures.yale.edu/sres/72e0b348-58dd-497a-b0e2-267608f4e530
b2c49229-150d-45ed-ab7a-3fa89cd8a9be,"Tanner, John, 1780?-1847","A narrative of the captivity and adventures of John Tanner,
         (U.S. interpreter at the Saut de Ste. Marie,): during thirty years residence among the
         Indians in the interior of North America",1830,162,Monograph,Ojibwa,North America,Arctic and Subarctic,hunter-gatherers,,"578,682,900",https://ehrafworldcultures.yale.edu/sres/b2c49229-150d-45ed-ab7a-3fa89cd8a9be
062d1ed5-63bc-495c-901b-495eda95315b,"Tanner, John, 1780?-1847","A narrative of the captivity and adventures of John Tanner,
         (U.S. interpreter at the Saut de Ste. Marie,): during thirty years residence among the
         Indians in the interior of North America",1830,165,Monograph,Ojibwa,North America,Arctic and Subarctic,hunter-gatherers,,"212,484,682,900",https://ehrafworldcultures.yale.edu/sres/062d1ed5-63bc-495c-901b-495eda95315b
96d5256d-663b-4d3d-bdc8-3466d38da90d,"Tanner, John, 1780?-1847","A narrative of the captivity and adventures of John Tanner,
         (U.S. interpreter at the Saut de Ste. Marie,): during thirty years residence among the
         Indians in the interior of North America",1830,196,Monograph,Ojibwa,North America,Arctic and Subarctic,hunter-gatherers,,"576,684,726,900",https://ehrafworldcultures.yale.edu/sres/96d5256d-663b-4d3d-bdc8-3466d38da90d
9c2c288a-9611-4824-896b-8b676ec2225e,"Tanner, John, 1780?-1847","A narrative of the captivity and adventures of John Tanner,
         (U.S. interpreter at the Saut de Ste. Marie,): during thirty years residence among the
         Indians in the interior of North America",1830,[p. 199],Monograph,Ojibwa,North America,Arctic and Subarctic,hunter-gatherers,,"578,685,900",https://ehrafworldcultures.yale.edu/sres/9c2c288a-9611-4824-896b-8b676ec2225e
95343f83-3bc9-4276-b716-babc05ed8003,"Tanner, John, 1780?-1847","A narrative of the captivity and adventures of John Tanner,
         (U.S. interpreter at the Saut de Ste. Marie,): during thirty years residence among the
         Indians in the interior of North America",1830,201,Monograph,Ojibwa,North America,Arctic and Subarctic,hunter-gatherers,,"578,685,900",https://ehrafworldcultures.yale.edu/sres/95343f83-3bc9-4276-b716-babc05ed8003
450b3235-402a-454d-b7a1-e16e0cd22e74,"Tanner, John, 1780?-1847","A narrative of the captivity and adventures of John Tanner,
         (U.S. interpreter at the Saut de Ste. Marie,): during thirty years residence among the
         Indians in the interior of North America",1830,203,Monograph,Ojibwa,North America,Arctic and Subarctic,hunter-gatherers,,"683,900",https://ehrafworldcultures.yale.edu/sres/450b3235-402a-454d-b7a1-e16e0cd22e74
6dec20ce-b239-439b-981e-45b8bd25a734,"Tanner, John, 1780?-1847","A narrative of the captivity and adventures of John Tanner,
         (U.S. interpreter at the Saut de Ste. Marie,): during thirty years residence among the
         Indians in the interior of North America",1830,205,Monograph,Ojibwa,North America,Arctic and Subarctic,hunter-gatherers,,"578,606,682,900",https://ehrafworldcultures.yale.edu/sres/6dec20ce-b239-439b-981e-45b8bd25a734
1b40ee9e-05b8-46bd-9833-11de08581efa,"Tanner, John, 1780?-1847","A narrative of the captivity and adventures of John Tanner,
         (U.S. interpreter at the Saut de Ste. Marie,): during thirty years residence among the
         Indians in the interior of North America",1830,220,Monograph,Ojibwa,North America,Arctic and Subarctic,hunter-gatherers,,"648,685,900",https://ehrafworldcultures.yale.edu/sres/1b40ee9e-05b8-46bd-9833-11de08581efa
f7172fc1-fd0d-4d87-8a81-4d21708b6d29,"Tanner, John, 1780?-1847","A narrative of the captivity and adventures of John Tanner,
         (U.S. interpreter at the Saut de Ste. Marie,): during thirty years residence among the
         Indians in the interior of North America",1830,230,Monograph,Ojibwa,North America,Arctic and Subarctic,hunter-gatherers,,"578,606,682,900",https://ehrafworldcultures.yale.edu/sres/f7172fc1-fd0d-4d87-8a81-4d21708b6d29
e34fef1a-cba0-4f37-bc9b-dc004b23979e,"Tanner, John, 1780?-1847","A narrative of the captivity and adventures of John Tanner,
         (U.S. interpreter at the Saut de Ste. Marie,): during thirty years residence among the
         Indians in the interior of North America",1830,231,Monograph,Ojibwa,North America,Arctic and Subarctic,hunter-gatherers,,"165,572,578,682,900",https://ehrafworldcultures.yale.edu/sres/e34fef1a-cba0-4f37-bc9b-dc004b23979e
d28b3bf5-ba3d-41a5-886f-4858b243023e,"Tanner, John, 1780?-1847","A narrative of the captivity and adventures of John Tanner,
         (U.S. interpreter at the Saut de Ste. Marie,): during thirty years residence among the
         Indians in the interior of North America",1830,232,Monograph,Ojibwa,North America,Arctic and Subarctic,hunter-gatherers,,"578,606,682,900",https://ehrafworldcultures.yale.edu/sres/d28b3bf5-ba3d-41a5-886f-4858b243023e
05f9d415-a7b7-4fa7-9b5f-79bae304b379,"Tanner, John, 1780?-1847","A narrative of the captivity and adventures of John Tanner,
         (U.S. interpreter at the Saut de Ste. Marie,): during thirty years residence among the
         Indians in the interior of North America",1830,232,Monograph,Ojibwa,North America,Arctic and Subarctic,hunter-gatherers,,"572,578,682,900",https://ehrafworldcultures.yale.edu/sres/05f9d415-a7b7-4fa7-9b5f-79bae304b379
84d75f3a-9de6-47c2-a710-a1a145fb8f14,"Tanner, John, 1780?-1847","A narrative of the captivity and adventures of John Tanner,
         (U.S. interpreter at the Saut de Ste. Marie,): during thirty years residence among the
         Indians in the interior of North America",1830,233,Monograph,Ojibwa,North America,Arctic and Subarctic,hunter-gatherers,,"682,900",https://ehrafworldcultures.yale.edu/sres/84d75f3a-9de6-47c2-a710-a1a145fb8f14
c8cf7ac8-5153-4aca-8b0c-1b1e1f73aa55,"Tanner, John, 1780?-1847","A narrative of the captivity and adventures of John Tanner,
         (U.S. interpreter at the Saut de Ste. Marie,): during thirty years residence among the
         Indians in the interior of North America",1830,269,Monograph,Ojibwa,North America,Arctic and Subarctic,hunter-gatherers,,"484,571,682,900",https://ehrafworldcultures.yale.edu/sres/c8cf7ac8-5153-4aca-8b0c-1b1e1f73aa55
23ace201-3995-40b5-a699-03da1920b0ca,"Tanner, John, 1780?-1847","A narrative of the captivity and adventures of John Tanner,
         (U.S. interpreter at the Saut de Ste. Marie,): during thirty years residence among the
         Indians in the interior of North America",1830,270,Monograph,Ojibwa,North America,Arctic and Subarctic,hunter-gatherers,,"682,752,900",https://ehrafworldcultures.yale.edu/sres/23ace201-3995-40b5-a699-03da1920b0ca
f4500c08-e792-4d4a-84c2-7cff8e0728b0,"Tanner, John, 1780?-1847","A narrative of the captivity and adventures of John Tanner,
         (U.S. interpreter at the Saut de Ste. Marie,): during thirty years residence among the
         Indians in the interior of North America",1830,274,Monograph,Ojibwa,North America,Arctic and Subarctic,hunter-gatherers,,"682,900",https://ehrafworldcultures.yale.edu/sres/f4500c08-e792-4d4a-84c2-7cff8e0728b0
8e720dea-5e54-4169-8c08-ed180252acf9,"Tanner, John, 1780?-1847","A narrative of the captivity and adventures of John Tanner,
         (U.S. interpreter at the Saut de Ste. Marie,): during thirty years residence among the
         Indians in the interior of North America",1830,275,Monograph,Ojibwa,North America,Arctic and Subarctic,hunter-gatherers,,"682,900",https://ehrafworldcultures.yale.edu/sres/8e720dea-5e54-4169-8c08-ed180252acf9
ff4a8768-6c66-4421-949e-4c66f4091cf7,"Tanner, John, 1780?-1847","A narrative of the captivity and adventures of John Tanner,
         (U.S. interpreter at the Saut de Ste. Marie,): during thirty years residence among the
         Indians in the interior of North America",1830,275,Monograph,Ojibwa,North America,Arctic and Subarctic,hunter-gatherers,,"682,900",https://ehrafworldcultures.yale.edu/sres/ff4a8768-6c66-4421-949e-4c66f4091cf7
e89c28b6-5d13-4186-8d64-2227e53a8bcf,"Tanner, John, 1780?-1847","A narrative of the captivity and adventures of John Tanner,
         (U.S. interpreter at the Saut de Ste. Marie,): during thirty years residence among the
         Indians in the interior of North America",1830,278,Monograph,Ojibwa,North America,Arctic and Subarctic,hunter-gatherers,,"484,682,758,900",https://ehrafworldcultures.yale.edu/sres/e89c28b6-5d13-4186-8d64-2227e53a8bcf
5542f438-14d8-4094-af46-85e7e427dea4,"Cameron, Duncan",The Nipigon country 1804,1890,250,Essay,Ojibwa,North America,Arctic and Subarctic,hunter-gatherers,,"266,682",https://ehrafworldcultures.yale.edu/sres/5542f438-14d8-4094-af46-85e7e427dea4
90ee744e-4f0b-4019-b092-6db68ebf5425,"Cameron, Duncan",The Nipigon country 1804,1890,250,Essay,Ojibwa,North America,Arctic and Subarctic,hunter-gatherers,,"266,682",https://ehrafworldcultures.yale.edu/sres/90ee744e-4f0b-4019-b092-6db68ebf5425
6a30c563-4a13-4ff9-8b47-01792334c61b,"Cameron, Duncan",The Nipigon country 1804,1890,283,Essay,Ojibwa,North America,Arctic and Subarctic,hunter-gatherers,,"439,648,683",https://ehrafworldcultures.yale.edu/sres/6a30c563-4a13-4ff9-8b47-01792334c61b
469cc3cf-2d67-4dc2-9ff8-2975de3215cf,"Cameron, Duncan",The Nipigon country 1804,1890,287,Essay,Ojibwa,North America,Arctic and Subarctic,hunter-gatherers,,"273,683",https://ehrafworldcultures.yale.edu/sres/469cc3cf-2d67-4dc2-9ff8-2975de3215cf
72f40fda-55d4-4a68-86a8-247ed7f53abb,"Cameron, Duncan",The Nipigon country 1804,1890,287,Essay,Ojibwa,North America,Arctic and Subarctic,hunter-gatherers,,683,https://ehrafworldcultures.yale.edu/sres/72f40fda-55d4-4a68-86a8-247ed7f53abb
afea096d-d438-4458-8d06-79d1b7c490da,"Cameron, Duncan",The Nipigon country 1804,1890,288,Essay,Ojibwa,North America,Arctic and Subarctic,hunter-gatherers,,683,https://ehrafworldcultures.yale.edu/sres/afea096d-d438-4458-8d06-79d1b7c490da
2919636b-7f50-4d27-bd50-96be493c1598,"Ross, Rupert, 1946-",Dancing with a ghost: exploring Indian reality,1992,17,Monograph,Ojibwa,North America,Arctic and Subarctic,hunter-gatherers,,"577,685,861",https://ehrafworldcultures.yale.edu/sres/2919636b-7f50-4d27-bd50-96be493c1598
9525ea1e-6e51-4ac4-8222-3cfb68ccde64,"Ross, Rupert, 1946-",Dancing with a ghost: exploring Indian reality,1992,17,Monograph,Ojibwa,North America,Arctic and Subarctic,hunter-gatherers,,"577,685,861",https://ehrafworldcultures.yale.edu/sres/9525ea1e-6e51-4ac4-8222-3cfb68ccde64
62ad7f17-19f8-41dd-842a-e65ad6b7c0f1,"Ross, Rupert, 1946-",Dancing with a ghost: exploring Indian reality,1992,18,Monograph,Ojibwa,North America,Arctic and Subarctic,hunter-gatherers,,"577,685,861",https://ehrafworldcultures.yale.edu/sres/62ad7f17-19f8-41dd-842a-e65ad6b7c0f1
9d8d495e-f690-4e76-8574-d6c4fd5b1d85,"Ross, Rupert, 1946-",Dancing with a ghost: exploring Indian reality,1992,29,Monograph,Ojibwa,North America,Arctic and Subarctic,hunter-gatherers,,"152,211,682,768",https://ehrafworldcultures.yale.edu/sres/9d8d495e-f690-4e76-8574-d6c4fd5b1d85
f62bbc18-af8e-4fae-9eed-a3b41a920064,"Ross, Rupert, 1946-",Dancing with a ghost: exploring Indian reality,1992,30,Monograph,Ojibwa,North America,Arctic and Subarctic,hunter-gatherers,,"152,551,682,695,784",https://ehrafworldcultures.yale.edu/sres/f62bbc18-af8e-4fae-9eed-a3b41a920064
fbe30e00-45e4-43f3-960c-e1f5ffd69dd3,"Ross, Rupert, 1946-",Dancing with a ghost: exploring Indian reality,1992,52,Monograph,Ojibwa,North America,Arctic and Subarctic,hunter-gatherers,,"685,695,754",https://ehrafworldcultures.yale.edu/sres/fbe30e00-45e4-43f3-960c-e1f5ffd69dd3
b229c6e3-f3d2-4a08-8346-787def651e1b,"Ross, Rupert, 1946-",Dancing with a ghost: exploring Indian reality,1992,58,Monograph,Ojibwa,North America,Arctic and Subarctic,hunter-gatherers,,"621,683,695,733",https://ehrafworldcultures.yale.edu/sres/b229c6e3-f3d2-4a08-8346-787def651e1b
77026a97-393f-4b69-9faa-b5512ecdee09,"Ross, Rupert, 1946-",Dancing with a ghost: exploring Indian reality,1992,59,Monograph,Ojibwa,North America,Arctic and Subarctic,hunter-gatherers,,"621,683,695,733",https://ehrafworldcultures.yale.edu/sres/77026a97-393f-4b69-9faa-b5512ecdee09
785a08cc-5343-4ee2-a15e-dda628ba9fa5,"Ross, Rupert, 1946-",Dancing with a ghost: exploring Indian reality,1992,59,Monograph,Ojibwa,North America,Arctic and Subarctic,hunter-gatherers,,"621,683,695,733",https://ehrafworldcultures.yale.edu/sres/785a08cc-5343-4ee2-a15e-dda628ba9fa5
a9fbda4f-add7-4460-a7b9-c84a8952f9a6,"Ross, Rupert, 1946-",Dancing with a ghost: exploring Indian reality,1992,59,Monograph,Ojibwa,North America,Arctic and Subarctic,hunter-gatherers,,"621,683,695,733",https://ehrafworldcultures.yale.edu/sres/a9fbda4f-add7-4460-a7b9-c84a8952f9a6
5696e241-6e51-4446-9e88-6e79c6f2f8f8,"Ross, Rupert, 1946-",Dancing with a ghost: exploring Indian reality,1992,64,Monograph,Ojibwa,North America,Arctic and Subarctic,hunter-gatherers,,"681,828",https://ehrafworldcultures.yale.edu/sres/5696e241-6e51-4446-9e88-6e79c6f2f8f8
d1c4aefe-1935-4ccf-a8f6-031c013aba2e,"Ross, Rupert, 1946-",Dancing with a ghost: exploring Indian reality,1992,64,Monograph,Ojibwa,North America,Arctic and Subarctic,hunter-gatherers,,"577,681",https://ehrafworldcultures.yale.edu/sres/d1c4aefe-1935-4ccf-a8f6-031c013aba2e
5d6ed5ea-8450-440b-abf7-e0f4ac7c51fb,"Ross, Rupert, 1946-",Dancing with a ghost: exploring Indian reality,1992,64,Monograph,Ojibwa,North America,Arctic and Subarctic,hunter-gatherers,,"577,681",https://ehrafworldcultures.yale.edu/sres/5d6ed5ea-8450-440b-abf7-e0f4ac7c51fb
21cbd96e-fbdf-4165-b7ca-3f043c375562,"Ross, Rupert, 1946-",Dancing with a ghost: exploring Indian reality,1992,114,Monograph,Ojibwa,North America,Arctic and Subarctic,hunter-gatherers,,"561,687,782,869",https://ehrafworldcultures.yale.edu/sres/21cbd96e-fbdf-4165-b7ca-3f043c375562
0d3f36a0-f0d5-471b-a69c-8e7820b532ea,"Ross, Rupert, 1946-",Dancing with a ghost: exploring Indian reality,1992,119,Monograph,Ojibwa,North America,Arctic and Subarctic,hunter-gatherers,,"689,733,738,793",https://ehrafworldcultures.yale.edu/sres/0d3f36a0-f0d5-471b-a69c-8e7820b532ea
9b749513-67cd-4af8-b31d-104ec4e1fc77,"Ross, Rupert, 1946-",Dancing with a ghost: exploring Indian reality,1992,122,Monograph,Ojibwa,North America,Arctic and Subarctic,hunter-gatherers,,"207,575,683,738",https://ehrafworldcultures.yale.edu/sres/9b749513-67cd-4af8-b31d-104ec4e1fc77
60ab84bc-004e-400a-a022-6964b914af25,"Ross, Rupert, 1946-",Dancing with a ghost: exploring Indian reality,1992,134,Monograph,Ojibwa,North America,Arctic and Subarctic,hunter-gatherers,,"261,682",https://ehrafworldcultures.yale.edu/sres/60ab84bc-004e-400a-a022-6964b914af25
09037bc5-2656-433b-bdc9-46ce972ba779,"Ross, Rupert, 1946-",Dancing with a ghost: exploring Indian reality,1992,135,Monograph,Ojibwa,North America,Arctic and Subarctic,hunter-gatherers,,"261,681",https://ehrafworldcultures.yale.edu/sres/09037bc5-2656-433b-bdc9-46ce972ba779
f1196741-9e36-494f-b026-5a831255791a,"Ross, Rupert, 1946-",Dancing with a ghost: exploring Indian reality,1992,135,Monograph,Ojibwa,North America,Arctic and Subarctic,hunter-gatherers,,681,https://ehrafworldcultures.yale.edu/sres/f1196741-9e36-494f-b026-5a831255791a
ded89733-e890-40c4-9c51-47a153780f72,"Ross, Rupert, 1946-",Dancing with a ghost: exploring Indian reality,1992,136,Monograph,Ojibwa,North America,Arctic and Subarctic,hunter-gatherers,,"261,681",https://ehrafworldcultures.yale.edu/sres/ded89733-e890-40c4-9c51-47a153780f72
b2168d11-2673-4f5d-a46d-bd7e21637e4a,"Ross, Rupert, 1946-",Dancing with a ghost: exploring Indian reality,1992,138,Monograph,Ojibwa,North America,Arctic and Subarctic,hunter-gatherers,,"622,623,689,693,733",https://ehrafworldcultures.yale.edu/sres/b2168d11-2673-4f5d-a46d-bd7e21637e4a
4f8e5232-718f-44a8-8814-2bfd0fb9bc54,"Ross, Rupert, 1946-",Dancing with a ghost: exploring Indian reality,1992,144,Monograph,Ojibwa,North America,Arctic and Subarctic,hunter-gatherers,,"121,586,681,682",https://ehrafworldcultures.yale.edu/sres/4f8e5232-718f-44a8-8814-2bfd0fb9bc54
cbd36091-1e30-4e21-979e-7132f6ad1435,"Ross, Rupert, 1946-",Dancing with a ghost: exploring Indian reality,1992,153,Monograph,Ojibwa,North America,Arctic and Subarctic,hunter-gatherers,,"684,733,755",https://ehrafworldcultures.yale.edu/sres/cbd36091-1e30-4e21-979e-7132f6ad1435
fe5ce6c6-3e01-4dde-9075-adc5a5a4ff05,"Ross, Rupert, 1946-",Dancing with a ghost: exploring Indian reality,1992,153,Monograph,Ojibwa,North America,Arctic and Subarctic,hunter-gatherers,,"203,684,755",https://ehrafworldcultures.yale.edu/sres/fe5ce6c6-3e01-4dde-9075-adc5a5a4ff05
35960bb7-cdd5-455a-b397-05bef1c551a4,"Ross, Rupert, 1946-",Dancing with a ghost: exploring Indian reality,1992,153,Monograph,Ojibwa,North America,Arctic and Subarctic,hunter-gatherers,,"684,755",https://ehrafworldcultures.yale.edu/sres/35960bb7-cdd5-455a-b397-05bef1c551a4
5b292c06-1714-4780-85bf-0d1280154e23,"Ross, Rupert, 1946-",Dancing with a ghost: exploring Indian reality,1992,154,Monograph,Ojibwa,North America,Arctic and Subarctic,hunter-gatherers,,"121,684,733,755",https://ehrafworldcultures.yale.edu/sres/5b292c06-1714-4780-85bf-0d1280154e23
82c40ed1-0d1d-4276-bf54-3cb162e982a8,"Ross, Rupert, 1946-",Dancing with a ghost: exploring Indian reality,1992,154,Monograph,Ojibwa,North America,Arctic and Subarctic,hunter-gatherers,,"121,684,733,755",https://ehrafworldcultures.yale.edu/sres/82c40ed1-0d1d-4276-bf54-3cb162e982a8
47e2e21c-d107-4ca1-b996-2dccc2bf4824,"Ross, Rupert, 1946-",Dancing with a ghost: exploring Indian reality,1992,162,Monograph,Ojibwa,North America,Arctic and Subarctic,hunter-gatherers,,"621,657,668,684,755",https://ehrafworldcultures.yale.edu/sres/47e2e21c-d107-4ca1-b996-2dccc2bf4824
fd266a52-c188-434c-8f39-af5346d8e13d,"Ross, Rupert, 1946-",Dancing with a ghost: exploring Indian reality,1992,163,Monograph,Ojibwa,North America,Arctic and Subarctic,hunter-gatherers,,"191,623,684",https://ehrafworldcultures.yale.edu/sres/fd266a52-c188-434c-8f39-af5346d8e13d
04885eb5-8221-480f-9eda-9b287e66f400,"Ross, Rupert, 1946-",Dancing with a ghost: exploring Indian reality,1992,163,Monograph,Ojibwa,North America,Arctic and Subarctic,hunter-gatherers,,"171,192,196,623,684,828",https://ehrafworldcultures.yale.edu/sres/04885eb5-8221-480f-9eda-9b287e66f400
58f14824-58be-4db6-80fb-2d974cbe9a40,"Ross, Rupert, 1946-",Dancing with a ghost: exploring Indian reality,1992,164,Monograph,Ojibwa,North America,Arctic and Subarctic,hunter-gatherers,,"171,192,196,623,684,828",https://ehrafworldcultures.yale.edu/sres/58f14824-58be-4db6-80fb-2d974cbe9a40
dff39ed1-22ea-4075-8cf4-b31beb77d217,"Ross, Rupert, 1946-",Dancing with a ghost: exploring Indian reality,1992,170,Monograph,Ojibwa,North America,Arctic and Subarctic,hunter-gatherers,,"561,689,695,733",https://ehrafworldcultures.yale.edu/sres/dff39ed1-22ea-4075-8cf4-b31beb77d217
34726c6e-1023-49be-82ca-6c42566aa7e9,"Ross, Rupert, 1946-",Dancing with a ghost: exploring Indian reality,1992,171,Monograph,Ojibwa,North America,Arctic and Subarctic,hunter-gatherers,,"561,689,695,733",https://ehrafworldcultures.yale.edu/sres/34726c6e-1023-49be-82ca-6c42566aa7e9
76aeebed-e589-4c0f-9792-0ad90ad50bdd,"Ross, Rupert, 1946-",Dancing with a ghost: exploring Indian reality,1992,171,Monograph,Ojibwa,North America,Arctic and Subarctic,hunter-gatherers,,"561,683,695",https://ehrafworldcultures.yale.edu/sres/76aeebed-e589-4c0f-9792-0ad90ad50bdd
081c75c2-6bbb-483d-a39d-71a435054470,"Jenness, Diamond, 1886-1969","The Ojibwa Indians of Parry Island, their social and religious
         life",1935,84,Monograph,Ojibwa,North America,Arctic and Subarctic,hunter-gatherers,,"683,732,754,761,791,826",https://ehrafworldcultures.yale.edu/sres/081c75c2-6bbb-483d-a39d-71a435054470
488d75d1-72d0-4560-b4ce-cc6661364d1d,"Hallowell, A. Irving (Alfred Irving),
         1892-1974","The Ojibwa of Berens River, Manitoba: ethnography into
         history",1991,96,Monograph,Ojibwa,North America,Arctic and Subarctic,hunter-gatherers,,"183,682,754,783",https://ehrafworldcultures.yale.edu/sres/488d75d1-72d0-4560-b4ce-cc6661364d1d
2f6414d3-e885-43df-b18b-d380c9f2533b,"Hickerson, Harold, 1923-",Ethnohistory of Chippewa of Lake Superior,1974,[p.84],"Component part(s), monograph",Ojibwa,North America,Arctic and Subarctic,hunter-gatherers,,"131,175,361,682",https://ehrafworldcultures.yale.edu/sres/2f6414d3-e885-43df-b18b-d380c9f2533b
8f80ed26-19f6-40e5-85c8-78a967c37f5c,"Kinietz, William Vernon, 1907-",Chippewa village: the story of Katikitegon,1947,135,Monograph,Ojibwa,North America,Arctic and Subarctic,hunter-gatherers,,"684,837",https://ehrafworldcultures.yale.edu/sres/8f80ed26-19f6-40e5-85c8-78a967c37f5c
9c3c2966-472c-4aec-abca-d5b7a981cb80,"Grant, Peter",The Saulteux Indians about 1804,1890,321,Essay,Ojibwa,North America,Arctic and Subarctic,hunter-gatherers,,"578,595,681",https://ehrafworldcultures.yale.edu/sres/9c3c2966-472c-4aec-abca-d5b7a981cb80
60de5e58-ee0c-4f41-854f-79935800afec,"Grant, Peter",The Saulteux Indians about 1804,1890,350,Essay,Ojibwa,North America,Arctic and Subarctic,hunter-gatherers,,682,https://ehrafworldcultures.yale.edu/sres/60de5e58-ee0c-4f41-854f-79935800afec
f3525ba2-c051-464f-824a-e6dd3d8681ef,"Grant, Peter",The Saulteux Indians about 1804,1890,357,Essay,Ojibwa,North America,Arctic and Subarctic,hunter-gatherers,,"688,776",https://ehrafworldcultures.yale.edu/sres/f3525ba2-c051-464f-824a-e6dd3d8681ef
13470dfe-0109-4ec6-bfdb-f6b9325aea4e,"Shkilnyk, Anastasia M., 1945-","A poison stronger than love: the destruction of an Ojibwa
         community",1985,11,Monograph,Ojibwa,North America,Arctic and Subarctic,hunter-gatherers,,"161,165,682",https://ehrafworldcultures.yale.edu/sres/13470dfe-0109-4ec6-bfdb-f6b9325aea4e
38dbc360-229b-46c4-95e8-224520faf828,"Shkilnyk, Anastasia M., 1945-","A poison stronger than love: the destruction of an Ojibwa
         community",1985,11,Monograph,Ojibwa,North America,Arctic and Subarctic,hunter-gatherers,,"165,682,762",https://ehrafworldcultures.yale.edu/sres/38dbc360-229b-46c4-95e8-224520faf828
bf0cf83f-49c9-4632-a9a8-ce37c655f6d3,"Shkilnyk, Anastasia M., 1945-","A poison stronger than love: the destruction of an Ojibwa
         community",1985,16,Monograph,Ojibwa,North America,Arctic and Subarctic,hunter-gatherers,,"165,684,762",https://ehrafworldcultures.yale.edu/sres/bf0cf83f-49c9-4632-a9a8-ce37c655f6d3
cc0cf546-5144-4c41-9b5e-fe939fa85e41,"Shkilnyk, Anastasia M., 1945-","A poison stronger than love: the destruction of an Ojibwa
         community",1985,25,Monograph,Ojibwa,North America,Arctic and Subarctic,hunter-gatherers,,"689,733",https://ehrafworldcultures.yale.edu/sres/cc0cf546-5144-4c41-9b5e-fe939fa85e41
fcb9d674-0751-4a0e-b1eb-968550c2f2b4,"Shkilnyk, Anastasia M., 1945-","A poison stronger than love: the destruction of an Ojibwa
         community",1985,25,Monograph,Ojibwa,North America,Arctic and Subarctic,hunter-gatherers,,"689,733",https://ehrafworldcultures.yale.edu/sres/fcb9d674-0751-4a0e-b1eb-968550c2f2b4
258c0e5b-dd4e-4fb4-8cd9-141bb13913a0,"Shkilnyk, Anastasia M., 1945-","A poison stronger than love: the destruction of an Ojibwa
         community",1985,27,Monograph,Ojibwa,North America,Arctic and Subarctic,hunter-gatherers,,"674,689,693,733",https://ehrafworldcultures.yale.edu/sres/258c0e5b-dd4e-4fb4-8cd9-141bb13913a0
736b895e-355e-4d98-90ad-8ed890fc595b,"Shkilnyk, Anastasia M., 1945-","A poison stronger than love: the destruction of an Ojibwa
         community",1985,29,Monograph,Ojibwa,North America,Arctic and Subarctic,hunter-gatherers,,"683,685",https://ehrafworldcultures.yale.edu/sres/736b895e-355e-4d98-90ad-8ed890fc595b
f9261c84-814f-492e-af7c-614a608df920,"Shkilnyk, Anastasia M., 1945-","A poison stronger than love: the destruction of an Ojibwa
         community",1985,31,Monograph,Ojibwa,North America,Arctic and Subarctic,hunter-gatherers,,"685,738",https://ehrafworldcultures.yale.edu/sres/f9261c84-814f-492e-af7c-614a608df920
655c3676-6232-4b86-acf3-81e2ec4a9d30,"Shkilnyk, Anastasia M., 1945-","A poison stronger than love: the destruction of an Ojibwa
         community",1985,31,Monograph,Ojibwa,North America,Arctic and Subarctic,hunter-gatherers,,"685,738",https://ehrafworldcultures.yale.edu/sres/655c3676-6232-4b86-acf3-81e2ec4a9d30
ebd027c8-44e7-4426-8b4e-fd97963bd259,"Shkilnyk, Anastasia M., 1945-","A poison stronger than love: the destruction of an Ojibwa
         community",1985,31,Monograph,Ojibwa,North America,Arctic and Subarctic,hunter-gatherers,,"685,738",https://ehrafworldcultures.yale.edu/sres/ebd027c8-44e7-4426-8b4e-fd97963bd259
bfeec085-ba51-4d39-a5cf-31484ca23c7d,"Shkilnyk, Anastasia M., 1945-","A poison stronger than love: the destruction of an Ojibwa
         community",1985,31,Monograph,Ojibwa,North America,Arctic and Subarctic,hunter-gatherers,,"685,738",https://ehrafworldcultures.yale.edu/sres/bfeec085-ba51-4d39-a5cf-31484ca23c7d
8a858090-13be-45c7-8b8d-11d034692354,"Shkilnyk, Anastasia M., 1945-","A poison stronger than love: the destruction of an Ojibwa
         community",1985,31,Monograph,Ojibwa,North America,Arctic and Subarctic,hunter-gatherers,,"685,738",https://ehrafworldcultures.yale.edu/sres/8a858090-13be-45c7-8b8d-11d034692354
e8fe27e6-b834-4a67-a05a-c8b9c720ecc9,"Shkilnyk, Anastasia M., 1945-","A poison stronger than love: the destruction of an Ojibwa
         community",1985,31,Monograph,Ojibwa,North America,Arctic and Subarctic,hunter-gatherers,,"685,883",https://ehrafworldcultures.yale.edu/sres/e8fe27e6-b834-4a67-a05a-c8b9c720ecc9
c20ce4d6-7d56-48cf-b8f5-cc228c3d57e1,"Shkilnyk, Anastasia M., 1945-","A poison stronger than love: the destruction of an Ojibwa
         community",1985,32,Monograph,Ojibwa,North America,Arctic and Subarctic,hunter-gatherers,,"411,578,682,685,738",https://ehrafworldcultures.yale.edu/sres/c20ce4d6-7d56-48cf-b8f5-cc228c3d57e1
5977847a-cf54-472b-8aad-41bd200acdfe,"Shkilnyk, Anastasia M., 1945-","A poison stronger than love: the destruction of an Ojibwa
         community",1985,32,Monograph,Ojibwa,North America,Arctic and Subarctic,hunter-gatherers,,"684,733,738",https://ehrafworldcultures.yale.edu/sres/5977847a-cf54-472b-8aad-41bd200acdfe
3eaf6de5-b688-4ab8-8452-e3b13ab0573d,"Shkilnyk, Anastasia M., 1945-","A poison stronger than love: the destruction of an Ojibwa
         community",1985,33,Monograph,Ojibwa,North America,Arctic and Subarctic,hunter-gatherers,,"674,685,829",https://ehrafworldcultures.yale.edu/sres/3eaf6de5-b688-4ab8-8452-e3b13ab0573d
2d6c688e-4508-41de-a19d-d9a728249794,"Shkilnyk, Anastasia M., 1945-","A poison stronger than love: the destruction of an Ojibwa
         community",1985,33,Monograph,Ojibwa,North America,Arctic and Subarctic,hunter-gatherers,,"674,685",https://ehrafworldcultures.yale.edu/sres/2d6c688e-4508-41de-a19d-d9a728249794
15405c7c-009e-42eb-aad5-ea4065756733,"Shkilnyk, Anastasia M., 1945-","A poison stronger than love: the destruction of an Ojibwa
         community",1985,33,Monograph,Ojibwa,North America,Arctic and Subarctic,hunter-gatherers,,"685,733",https://ehrafworldcultures.yale.edu/sres/15405c7c-009e-42eb-aad5-ea4065756733
825fbd74-d266-4918-8232-76c8f2a5c682,"Shkilnyk, Anastasia M., 1945-","A poison stronger than love: the destruction of an Ojibwa
         community",1985,33,Monograph,Ojibwa,North America,Arctic and Subarctic,hunter-gatherers,,"685,733",https://ehrafworldcultures.yale.edu/sres/825fbd74-d266-4918-8232-76c8f2a5c682
f4ad9386-9d68-4240-8127-dca2b965b956,"Shkilnyk, Anastasia M., 1945-","A poison stronger than love: the destruction of an Ojibwa
         community",1985,33,Monograph,Ojibwa,North America,Arctic and Subarctic,hunter-gatherers,,"685,733",https://ehrafworldcultures.yale.edu/sres/f4ad9386-9d68-4240-8127-dca2b965b956
b5e52f63-a2e8-4b5a-8ffa-1fe75cf0047c,"Shkilnyk, Anastasia M., 1945-","A poison stronger than love: the destruction of an Ojibwa
         community",1985,34,Monograph,Ojibwa,North America,Arctic and Subarctic,hunter-gatherers,,"683,733,883",https://ehrafworldcultures.yale.edu/sres/b5e52f63-a2e8-4b5a-8ffa-1fe75cf0047c
b04b3137-be60-4bb1-ba3d-d7c101d409a6,"Shkilnyk, Anastasia M., 1945-","A poison stronger than love: the destruction of an Ojibwa
         community",1985,42,Monograph,Ojibwa,North America,Arctic and Subarctic,hunter-gatherers,,"683,733,854",https://ehrafworldcultures.yale.edu/sres/b04b3137-be60-4bb1-ba3d-d7c101d409a6
69cb2f91-f254-4929-9b31-007c5d932381,"Shkilnyk, Anastasia M., 1945-","A poison stronger than love: the destruction of an Ojibwa
         community",1985,43,Monograph,Ojibwa,North America,Arctic and Subarctic,hunter-gatherers,,"575,683,684,883",https://ehrafworldcultures.yale.edu/sres/69cb2f91-f254-4929-9b31-007c5d932381
7a0bb065-a686-44ca-a12d-e213bc627e1f,"Shkilnyk, Anastasia M., 1945-","A poison stronger than love: the destruction of an Ojibwa
         community",1985,43,Monograph,Ojibwa,North America,Arctic and Subarctic,hunter-gatherers,,"164,684,733,854,855",https://ehrafworldcultures.yale.edu/sres/7a0bb065-a686-44ca-a12d-e213bc627e1f
77cffda7-b9d1-4b7a-b3f4-87f321d344bc,"Shkilnyk, Anastasia M., 1945-","A poison stronger than love: the destruction of an Ojibwa
         community",1985,43,Monograph,Ojibwa,North America,Arctic and Subarctic,hunter-gatherers,,"164,578,685,733,762,836,857",https://ehrafworldcultures.yale.edu/sres/77cffda7-b9d1-4b7a-b3f4-87f321d344bc
428cac69-2cac-4a4f-a7d1-fa986da560e1,"Shkilnyk, Anastasia M., 1945-","A poison stronger than love: the destruction of an Ojibwa
         community",1985,45,Monograph,Ojibwa,North America,Arctic and Subarctic,hunter-gatherers,,"684,733",https://ehrafworldcultures.yale.edu/sres/428cac69-2cac-4a4f-a7d1-fa986da560e1
d2ebdbc8-a4f2-4172-b60f-c84435c1c8ac,"Shkilnyk, Anastasia M., 1945-","A poison stronger than love: the destruction of an Ojibwa
         community",1985,46,Monograph,Ojibwa,North America,Arctic and Subarctic,hunter-gatherers,,"684,738",https://ehrafworldcultures.yale.edu/sres/d2ebdbc8-a4f2-4172-b60f-c84435c1c8ac
5973d0a5-fb54-4c0a-83ca-ce29b3ca0958,"Shkilnyk, Anastasia M., 1945-","A poison stronger than love: the destruction of an Ojibwa
         community",1985,46,Monograph,Ojibwa,North America,Arctic and Subarctic,hunter-gatherers,,"684,738,762",https://ehrafworldcultures.yale.edu/sres/5973d0a5-fb54-4c0a-83ca-ce29b3ca0958
f317b694-4c5b-49f5-84f6-248e41afd809,"Shkilnyk, Anastasia M., 1945-","A poison stronger than love: the destruction of an Ojibwa
         community",1985,47,Monograph,Ojibwa,North America,Arctic and Subarctic,hunter-gatherers,,"684,738,762,834",https://ehrafworldcultures.yale.edu/sres/f317b694-4c5b-49f5-84f6-248e41afd809
60d2884e-8368-4a03-8932-72d0fc80cab7,"Shkilnyk, Anastasia M., 1945-","A poison stronger than love: the destruction of an Ojibwa
         community",1985,47,Monograph,Ojibwa,North America,Arctic and Subarctic,hunter-gatherers,,"684,738,762",https://ehrafworldcultures.yale.edu/sres/60d2884e-8368-4a03-8932-72d0fc80cab7
4dcc0bd1-511d-42d7-a2ff-633400b818aa,"Shkilnyk, Anastasia M., 1945-","A poison stronger than love: the destruction of an Ojibwa
         community",1985,48,Monograph,Ojibwa,North America,Arctic and Subarctic,hunter-gatherers,,"165,682,855",https://ehrafworldcultures.yale.edu/sres/4dcc0bd1-511d-42d7-a2ff-633400b818aa
62118160-b6d7-45a0-96fb-38f72eccb273,"Shkilnyk, Anastasia M., 1945-","A poison stronger than love: the destruction of an Ojibwa
         community",1985,88,Monograph,Ojibwa,North America,Arctic and Subarctic,hunter-gatherers,,"114,177,581,582,601,614,684,835,836",https://ehrafworldcultures.yale.edu/sres/62118160-b6d7-45a0-96fb-38f72eccb273
59b2607f-33af-4e92-99b4-d7eeae60e626,"Shkilnyk, Anastasia M., 1945-","A poison stronger than love: the destruction of an Ojibwa
         community",1985,91,Monograph,Ojibwa,North America,Arctic and Subarctic,hunter-gatherers,,"682,684,775",https://ehrafworldcultures.yale.edu/sres/59b2607f-33af-4e92-99b4-d7eeae60e626
ebb9a625-f12b-47b8-bde0-40298a87fe5a,"Shkilnyk, Anastasia M., 1945-","A poison stronger than love: the destruction of an Ojibwa
         community",1985,92,Monograph,Ojibwa,North America,Arctic and Subarctic,hunter-gatherers,,"682,684,775",https://ehrafworldcultures.yale.edu/sres/ebb9a625-f12b-47b8-bde0-40298a87fe5a
ba19407d-d1b0-4aee-b3a9-53f79f940bf5,"Shkilnyk, Anastasia M., 1945-","A poison stronger than love: the destruction of an Ojibwa
         community",1985,125,Monograph,Ojibwa,North America,Arctic and Subarctic,hunter-gatherers,,"563,683,689",https://ehrafworldcultures.yale.edu/sres/ba19407d-d1b0-4aee-b3a9-53f79f940bf5
4ca922e1-d9e8-4617-9599-d3e07fb56ef5,"Hallowell, A. Irving (Alfred Irving),
         1892-1974",Ojibwa world view and disease,1976,410,Essay,Ojibwa,North America,Arctic and Subarctic,hunter-gatherers,,"121,681",https://ehrafworldcultures.yale.edu/sres/4ca922e1-d9e8-4617-9599-d3e07fb56ef5
48e80c9d-af9e-498e-875e-08fb5308bed5,"Hallowell, A. Irving (Alfred Irving),
         1892-1974",Ojibwa world view and disease,1976,411,Essay,Ojibwa,North America,Arctic and Subarctic,hunter-gatherers,,"681,776",https://ehrafworldcultures.yale.edu/sres/48e80c9d-af9e-498e-875e-08fb5308bed5
12e14117-681b-42d8-9e38-03d7076f8fec,"Hallowell, A. Irving (Alfred Irving),
         1892-1974",Ojibwa world view and disease,1976,412,Essay,Ojibwa,North America,Arctic and Subarctic,hunter-gatherers,,"114,577,681,753,783",https://ehrafworldcultures.yale.edu/sres/12e14117-681b-42d8-9e38-03d7076f8fec
966cdf32-b268-4a16-8752-2de6ff8a53f8,"Hallowell, A. Irving (Alfred Irving),
         1892-1974",Ojibwa world view and disease,1976,412,Essay,Ojibwa,North America,Arctic and Subarctic,hunter-gatherers,,"577,681,753,783",https://ehrafworldcultures.yale.edu/sres/966cdf32-b268-4a16-8752-2de6ff8a53f8
82522f1f-c74b-4744-b449-317f966feb34,"Hallowell, A. Irving (Alfred Irving),
         1892-1974",Ojibwa world view and disease,1976,415,Essay,Ojibwa,North America,Arctic and Subarctic,hunter-gatherers,,"121,577,681,753",https://ehrafworldcultures.yale.edu/sres/82522f1f-c74b-4744-b449-317f966feb34
359f8950-f943-4b11-9d62-5c49a4ddde3d,"Hallowell, A. Irving (Alfred Irving),
         1892-1974",Ojibwa world view and disease,1976,417,Essay,Ojibwa,North America,Arctic and Subarctic,hunter-gatherers,,"688,761,784",https://ehrafworldcultures.yale.edu/sres/359f8950-f943-4b11-9d62-5c49a4ddde3d
dcb658e7-9c9f-4c5d-9568-aa751522fb56,"Hallowell, A. Irving (Alfred Irving),
         1892-1974",Ojibwa world view and disease,1976,417,Essay,Ojibwa,North America,Arctic and Subarctic,hunter-gatherers,,"262,688,784",https://ehrafworldcultures.yale.edu/sres/dcb658e7-9c9f-4c5d-9568-aa751522fb56
f42d996c-7f9e-4f98-af03-fdfa68a84e5b,"Hallowell, A. Irving (Alfred Irving),
         1892-1974",Ojibwa world view and disease,1976,417,Essay,Ojibwa,North America,Arctic and Subarctic,hunter-gatherers,,"577,688",https://ehrafworldcultures.yale.edu/sres/f42d996c-7f9e-4f98-af03-fdfa68a84e5b
82ff0024-46dc-45d2-a0da-a924a742c7b5,"Hallowell, A. Irving (Alfred Irving),
         1892-1974",Ojibwa world view and disease,1976,418,Essay,Ojibwa,North America,Arctic and Subarctic,hunter-gatherers,,"155,182,577,688,753",https://ehrafworldcultures.yale.edu/sres/82ff0024-46dc-45d2-a0da-a924a742c7b5
7b2044f3-c58f-402b-8af5-db368f29ac4d,"Hallowell, A. Irving (Alfred Irving),
         1892-1974",Ojibwa world view and disease,1976,421,Essay,Ojibwa,North America,Arctic and Subarctic,hunter-gatherers,,"689,753,756,776",https://ehrafworldcultures.yale.edu/sres/7b2044f3-c58f-402b-8af5-db368f29ac4d
b1d93a31-7faf-4c24-97ee-a197f3e16c0e,"Hallowell, A. Irving (Alfred Irving),
         1892-1974",Ojibwa world view and disease,1976,421,Essay,Ojibwa,North America,Arctic and Subarctic,hunter-gatherers,,"158,689,753,756,761",https://ehrafworldcultures.yale.edu/sres/b1d93a31-7faf-4c24-97ee-a197f3e16c0e
7e6180a5-b176-410e-85f1-424e33ad5554,"Hallowell, A. Irving (Alfred Irving),
         1892-1974",Ojibwa world view and disease,1976,422,Essay,Ojibwa,North America,Arctic and Subarctic,hunter-gatherers,,"158,688,756",https://ehrafworldcultures.yale.edu/sres/7e6180a5-b176-410e-85f1-424e33ad5554
d7d52349-1711-4db6-9b20-585c816fc2d8,"Hallowell, A. Irving (Alfred Irving),
         1892-1974",Ojibwa world view and disease,1976,423,Essay,Ojibwa,North America,Arctic and Subarctic,hunter-gatherers,,"158,688,756",https://ehrafworldcultures.yale.edu/sres/d7d52349-1711-4db6-9b20-585c816fc2d8
4ead2244-f5a6-4ce3-be6a-7d8d3e8d7c91,"Hallowell, A. Irving (Alfred Irving),
         1892-1974",Ojibwa world view and disease,1976,427,Essay,Ojibwa,North America,Arctic and Subarctic,hunter-gatherers,,"181,182,571,681,753",https://ehrafworldcultures.yale.edu/sres/4ead2244-f5a6-4ce3-be6a-7d8d3e8d7c91
5b950da0-2c99-4570-8091-1d375ed9bf43,"Hallowell, A. Irving (Alfred Irving),
         1892-1974",Ojibwa world view and disease,1976,428,Essay,Ojibwa,North America,Arctic and Subarctic,hunter-gatherers,,"431,689,754",https://ehrafworldcultures.yale.edu/sres/5b950da0-2c99-4570-8091-1d375ed9bf43
e21f0b97-68d6-4641-bea8-42644b834e94,"Hallowell, A. Irving (Alfred Irving),
         1892-1974",Ojibwa world view and disease,1976,429,Essay,Ojibwa,North America,Arctic and Subarctic,hunter-gatherers,,"574,689,753,754",https://ehrafworldcultures.yale.edu/sres/e21f0b97-68d6-4641-bea8-42644b834e94
6b0200f3-106e-4631-8f92-e32b57149eea,"Hallowell, A. Irving (Alfred Irving),
         1892-1974",Ojibwa world view and disease,1976,429,Essay,Ojibwa,North America,Arctic and Subarctic,hunter-gatherers,,"574,689,753,754",https://ehrafworldcultures.yale.edu/sres/6b0200f3-106e-4631-8f92-e32b57149eea
3aba65a9-3949-4d02-b672-0777a9bf6977,"Hallowell, A. Irving (Alfred Irving),
         1892-1974",Ojibwa world view and disease,1976,433,Essay,Ojibwa,North America,Arctic and Subarctic,hunter-gatherers,,683,https://ehrafworldcultures.yale.edu/sres/3aba65a9-3949-4d02-b672-0777a9bf6977
abd4264e-28fe-47a6-bd3d-d55334a8f0a4,"Hallowell, A. Irving (Alfred Irving),
         1892-1974",Ojibwa world view and disease,1976,433,Essay,Ojibwa,North America,Arctic and Subarctic,hunter-gatherers,,"689,847",https://ehrafworldcultures.yale.edu/sres/abd4264e-28fe-47a6-bd3d-d55334a8f0a4
5210b534-9988-4123-83a0-09ea683734eb,"Hallowell, A. Irving (Alfred Irving),
         1892-1974",Ojibwa world view and disease,1976,433,Essay,Ojibwa,North America,Arctic and Subarctic,hunter-gatherers,,"682,755,783,847",https://ehrafworldcultures.yale.edu/sres/5210b534-9988-4123-83a0-09ea683734eb
72c1a003-ff05-4074-ae9e-5e0938c655a3,"Hallowell, A. Irving (Alfred Irving),
         1892-1974",Ojibwa world view and disease,1976,434,Essay,Ojibwa,North America,Arctic and Subarctic,hunter-gatherers,,"682,847",https://ehrafworldcultures.yale.edu/sres/72c1a003-ff05-4074-ae9e-5e0938c655a3
f1297d1e-5897-4ca4-9e30-80c2c55cd25f,"Hallowell, A. Irving (Alfred Irving),
         1892-1974",Ojibwa world view and disease,1976,435,Essay,Ojibwa,North America,Arctic and Subarctic,hunter-gatherers,,"682,753,754",https://ehrafworldcultures.yale.edu/sres/f1297d1e-5897-4ca4-9e30-80c2c55cd25f
b44c9302-f513-4ca2-8523-5f4db421b6b3,"Hallowell, A. Irving (Alfred Irving),
         1892-1974",Ojibwa world view and disease,1976,436,Essay,Ojibwa,North America,Arctic and Subarctic,hunter-gatherers,,"683,754,865",https://ehrafworldcultures.yale.edu/sres/b44c9302-f513-4ca2-8523-5f4db421b6b3
5e95791d-5a75-4df8-a7c3-3d587490e319,"Hallowell, A. Irving (Alfred Irving),
         1892-1974",Ojibwa world view and disease,1976,436,Essay,Ojibwa,North America,Arctic and Subarctic,hunter-gatherers,,"522,683,732,754",https://ehrafworldcultures.yale.edu/sres/5e95791d-5a75-4df8-a7c3-3d587490e319
e4928a0d-7cc4-4398-96ec-206609062457,"Hallowell, A. Irving (Alfred Irving),
         1892-1974",Ojibwa world view and disease,1976,437,Essay,Ojibwa,North America,Arctic and Subarctic,hunter-gatherers,,"682,754",https://ehrafworldcultures.yale.edu/sres/e4928a0d-7cc4-4398-96ec-206609062457
fa5eb03f-2f9e-4361-8c00-edf1301e20fc,"Hallowell, A. Irving (Alfred Irving),
         1892-1974",Ojibwa world view and disease,1976,440,Essay,Ojibwa,North America,Arctic and Subarctic,hunter-gatherers,,"684,753,783",https://ehrafworldcultures.yale.edu/sres/fa5eb03f-2f9e-4361-8c00-edf1301e20fc
efe923a6-cadf-4076-9889-659580a0e13c,"Hallowell, A. Irving (Alfred Irving),
         1892-1974",Ojibwa world view and disease,1976,441,Essay,Ojibwa,North America,Arctic and Subarctic,hunter-gatherers,,"554,684,761,787",https://ehrafworldcultures.yale.edu/sres/efe923a6-cadf-4076-9889-659580a0e13c
566d5f77-63b4-4691-b72f-5d1cbc652d1b,"Hallowell, A. Irving (Alfred Irving),
         1892-1974",Ojibwa world view and disease,1976,441,Essay,Ojibwa,North America,Arctic and Subarctic,hunter-gatherers,,"554,684,761,787",https://ehrafworldcultures.yale.edu/sres/566d5f77-63b4-4691-b72f-5d1cbc652d1b
fdd3310c-2091-4681-bcaa-cc7a4d387809,"Hallowell, A. Irving (Alfred Irving),
         1892-1974",Ojibwa world view and disease,1976,442,Essay,Ojibwa,North America,Arctic and Subarctic,hunter-gatherers,,"601,684",https://ehrafworldcultures.yale.edu/sres/fdd3310c-2091-4681-bcaa-cc7a4d387809
02824861-ee4d-4973-863c-47f2ad803bf6,"Hallowell, A. Irving (Alfred Irving),
         1892-1974",Ojibwa world view and disease,1976,443,Essay,Ojibwa,North America,Arctic and Subarctic,hunter-gatherers,,"577,681,753",https://ehrafworldcultures.yale.edu/sres/02824861-ee4d-4973-863c-47f2ad803bf6
aada9396-e282-48b3-a0a4-eb178c18d08a,"Vennum, Thomas",Wild rice and the Ojibway people,1988,83,Monograph,Ojibwa,North America,Arctic and Subarctic,hunter-gatherers,,"222,422,681",https://ehrafworldcultures.yale.edu/sres/aada9396-e282-48b3-a0a4-eb178c18d08a
4fda43dd-cd14-47d7-b766-721cb6347c5b,"Vennum, Thomas",Wild rice and the Ojibway people,1988,89,Monograph,Ojibwa,North America,Arctic and Subarctic,hunter-gatherers,,"177,178,222,422,439,648,685",https://ehrafworldcultures.yale.edu/sres/4fda43dd-cd14-47d7-b766-721cb6347c5b
2905aaa4-ec85-499c-944a-186ba486d818,"Vennum, Thomas",Wild rice and the Ojibway people,1988,97,Monograph,Ojibwa,North America,Arctic and Subarctic,hunter-gatherers,,"137,222,412,462,501,505,681",https://ehrafworldcultures.yale.edu/sres/2905aaa4-ec85-499c-944a-186ba486d818
326fdca1-8a68-4a4d-888b-af7c8e03d06d,"Vennum, Thomas",Wild rice and the Ojibway people,1988,145,Monograph,Ojibwa,North America,Arctic and Subarctic,hunter-gatherers,,"251,422,648,685,722",https://ehrafworldcultures.yale.edu/sres/326fdca1-8a68-4a4d-888b-af7c8e03d06d
1e1616a9-234d-4374-bea2-506fa424f4c0,"Vennum, Thomas",Wild rice and the Ojibway people,1988,145,Monograph,Ojibwa,North America,Arctic and Subarctic,hunter-gatherers,,"136,251,353,685",https://ehrafworldcultures.yale.edu/sres/1e1616a9-234d-4374-bea2-506fa424f4c0
214c8387-056d-4508-b386-5b64769ec5fd,"Vennum, Thomas",Wild rice and the Ojibway people,1988,171,Monograph,Ojibwa,North America,Arctic and Subarctic,hunter-gatherers,,"222,622,681,887",https://ehrafworldcultures.yale.edu/sres/214c8387-056d-4508-b386-5b64769ec5fd
0eb7509f-8e4b-402e-b4fa-9700c5189c77,"Vennum, Thomas",Wild rice and the Ojibway people,1988,176,Monograph,Ojibwa,North America,Arctic and Subarctic,hunter-gatherers,,"171,184,222,622,681",https://ehrafworldcultures.yale.edu/sres/0eb7509f-8e4b-402e-b4fa-9700c5189c77
c5fe9e48-f8c5-41b6-9c6b-628e7e8b1a33,"Vennum, Thomas",Wild rice and the Ojibway people,1988,185,Monograph,Ojibwa,North America,Arctic and Subarctic,hunter-gatherers,,"685,900",https://ehrafworldcultures.yale.edu/sres/c5fe9e48-f8c5-41b6-9c6b-628e7e8b1a33
0fce7b1a-ba05-483c-b246-9ebedd839823,"Vennum, Thomas",Wild rice and the Ojibway people,1988,191,Monograph,Ojibwa,North America,Arctic and Subarctic,hunter-gatherers,,"524,584,671,681",https://ehrafworldcultures.yale.edu/sres/0fce7b1a-ba05-483c-b246-9ebedd839823
56d458f1-32fc-48e9-9a05-29fc9bc2f85e,"Vennum, Thomas",Wild rice and the Ojibway people,1988,231,Monograph,Ojibwa,North America,Arctic and Subarctic,hunter-gatherers,,"186,426,435,439,466,685",https://ehrafworldcultures.yale.edu/sres/56d458f1-32fc-48e9-9a05-29fc9bc2f85e
d5b9e5f9-8556-4f47-82a9-36e086e9737b,"Vennum, Thomas",Wild rice and the Ojibway people,1988,231,Monograph,Ojibwa,North America,Arctic and Subarctic,hunter-gatherers,,"186,432,685,824",https://ehrafworldcultures.yale.edu/sres/d5b9e5f9-8556-4f47-82a9-36e086e9737b
a2aed8de-80a9-4015-b6c4-257028c9c0db,"Vennum, Thomas",Wild rice and the Ojibway people,1988,260,Monograph,Ojibwa,North America,Arctic and Subarctic,hunter-gatherers,,"622,648,657,682",https://ehrafworldcultures.yale.edu/sres/a2aed8de-80a9-4015-b6c4-257028c9c0db
7f60f84a-3af9-46b9-bd15-d139c31c14b1,"Vennum, Thomas",Wild rice and the Ojibway people,1988,264,Monograph,Ojibwa,North America,Arctic and Subarctic,hunter-gatherers,,"177,183,241,461,462,685",https://ehrafworldcultures.yale.edu/sres/7f60f84a-3af9-46b9-bd15-d139c31c14b1
fa31905e-c88c-45c4-8db4-966c81963b7f,"Vennum, Thomas",Wild rice and the Ojibway people,1988,265,Monograph,Ojibwa,North America,Arctic and Subarctic,hunter-gatherers,,"114,222,421,423,671,681",https://ehrafworldcultures.yale.edu/sres/fa31905e-c88c-45c4-8db4-966c81963b7f
e89153a8-aa31-4b9e-9a81-22d51f193f19,"Vennum, Thomas",Wild rice and the Ojibway people,1988,267,Monograph,Ojibwa,North America,Arctic and Subarctic,hunter-gatherers,,"178,222,422,423,685",https://ehrafworldcultures.yale.edu/sres/e89153a8-aa31-4b9e-9a81-22d51f193f19
1965e073-c1c2-4bd3-8b60-ab1493863c87,"Vennum, Thomas",Wild rice and the Ojibway people,1988,268,Monograph,Ojibwa,North America,Arctic and Subarctic,hunter-gatherers,,"197,423,641,648,656,657,685,693",https://ehrafworldcultures.yale.edu/sres/1965e073-c1c2-4bd3-8b60-ab1493863c87
be8a9863-c147-40f3-b46b-922e85aa6f6d,"Vennum, Thomas",Wild rice and the Ojibway people,1988,269,Monograph,Ojibwa,North America,Arctic and Subarctic,hunter-gatherers,,"197,423,641,648,656,657,685,693",https://ehrafworldcultures.yale.edu/sres/be8a9863-c147-40f3-b46b-922e85aa6f6d
f945403c-1287-4748-a3f7-724153954716,"Vennum, Thomas",Wild rice and the Ojibway people,1988,269,Monograph,Ojibwa,North America,Arctic and Subarctic,hunter-gatherers,,"222,656,685",https://ehrafworldcultures.yale.edu/sres/f945403c-1287-4748-a3f7-724153954716
6ae63dda-438f-45a7-91c6-76060444d7aa,"Vennum, Thomas",Wild rice and the Ojibway people,1988,271,Monograph,Ojibwa,North America,Arctic and Subarctic,hunter-gatherers,,"222,628,656,671,685",https://ehrafworldcultures.yale.edu/sres/6ae63dda-438f-45a7-91c6-76060444d7aa
ab3d95c7-eb17-4c7b-a699-d026e961df56,"Vennum, Thomas",Wild rice and the Ojibway people,1988,273,Monograph,Ojibwa,North America,Arctic and Subarctic,hunter-gatherers,,"648,656,685",https://ehrafworldcultures.yale.edu/sres/ab3d95c7-eb17-4c7b-a699-d026e961df56
e3831cc3-86e6-4502-a9a9-13a741c64504,"Vennum, Thomas",Wild rice and the Ojibway people,1988,275,Monograph,Ojibwa,North America,Arctic and Subarctic,hunter-gatherers,,"000,226,227,423,648,685,691",https://ehrafworldcultures.yale.edu/sres/e3831cc3-86e6-4502-a9a9-13a741c64504
4d2f58a7-0147-4542-9d1b-c028aab2deee,"Vennum, Thomas",Wild rice and the Ojibway people,1988,277,Monograph,Ojibwa,North America,Arctic and Subarctic,hunter-gatherers,,"146,224,226,262,439,685",https://ehrafworldcultures.yale.edu/sres/4d2f58a7-0147-4542-9d1b-c028aab2deee
25c6cb7a-cd0f-4751-89f0-16af80ed6f20,"Hallowell, A. Irving (Alfred Irving),
         1892-1974",Culture and experience,1955,120,"Component part(s), monograph",Ojibwa,North America,Arctic and Subarctic,hunter-gatherers,,"622,636,643,681,756",https://ehrafworldcultures.yale.edu/sres/25c6cb7a-cd0f-4751-89f0-16af80ed6f20
5f039607-a323-4e71-b7fa-7a482c992722,"Hallowell, A. Irving (Alfred Irving),
         1892-1974",Culture and experience,1955,156,"Component part(s), monograph",Ojibwa,North America,Arctic and Subarctic,hunter-gatherers,,"681,775,776",https://ehrafworldcultures.yale.edu/sres/5f039607-a323-4e71-b7fa-7a482c992722
4fde5480-c00e-42bb-a7bd-f634b780b2fa,"Hallowell, A. Irving (Alfred Irving),
         1892-1974",Culture and experience,1955,175,"Component part(s), monograph",Ojibwa,North America,Arctic and Subarctic,hunter-gatherers,,"513,689,753,754,774,776,781",https://ehrafworldcultures.yale.edu/sres/4fde5480-c00e-42bb-a7bd-f634b780b2fa
50654fb2-1fc9-4725-9e50-ca686d04550c,"Hallowell, A. Irving (Alfred Irving),
         1892-1974",Culture and experience,1955,256,"Component part(s), monograph",Ojibwa,North America,Arctic and Subarctic,hunter-gatherers,,"152,684,688,753,839",https://ehrafworldcultures.yale.edu/sres/50654fb2-1fc9-4725-9e50-ca686d04550c
a56f8cf7-e981-44ff-90bf-5cf27398767b,"Hallowell, A. Irving (Alfred Irving),
         1892-1974",Culture and experience,1955,261,"Component part(s), monograph",Ojibwa,North America,Arctic and Subarctic,hunter-gatherers,,"152,158,688",https://ehrafworldcultures.yale.edu/sres/a56f8cf7-e981-44ff-90bf-5cf27398767b
b7334b46-2d3c-472a-add7-0d7c670aca84,"Hallowell, A. Irving (Alfred Irving),
         1892-1974",Culture and experience,1955,268,"Component part(s), monograph",Ojibwa,North America,Arctic and Subarctic,hunter-gatherers,,"152,681,684,685,688,689,753",https://ehrafworldcultures.yale.edu/sres/b7334b46-2d3c-472a-add7-0d7c670aca84
513afcd9-7c14-4a57-be64-40bef79b61d9,"Hallowell, A. Irving (Alfred Irving),
         1892-1974",Culture and experience,1955,268,"Component part(s), monograph",Ojibwa,North America,Arctic and Subarctic,hunter-gatherers,,681,https://ehrafworldcultures.yale.edu/sres/513afcd9-7c14-4a57-be64-40bef79b61d9
034c17bd-e3a1-4a9b-8e4d-074ae370a560,"Hallowell, A. Irving (Alfred Irving),
         1892-1974",Culture and experience,1955,268,"Component part(s), monograph",Ojibwa,North America,Arctic and Subarctic,hunter-gatherers,,681,https://ehrafworldcultures.yale.edu/sres/034c17bd-e3a1-4a9b-8e4d-074ae370a560
c3fbfd72-fa7c-4e65-8142-339d111871c9,"Hallowell, A. Irving (Alfred Irving),
         1892-1974",Culture and experience,1955,268,"Component part(s), monograph",Ojibwa,North America,Arctic and Subarctic,hunter-gatherers,,681,https://ehrafworldcultures.yale.edu/sres/c3fbfd72-fa7c-4e65-8142-339d111871c9
7f9dad11-a535-4d04-ae08-4ef7c3433aa6,"Hallowell, A. Irving (Alfred Irving),
         1892-1974",Culture and experience,1955,269,"Component part(s), monograph",Ojibwa,North America,Arctic and Subarctic,hunter-gatherers,,"113,121,152,681,753",https://ehrafworldcultures.yale.edu/sres/7f9dad11-a535-4d04-ae08-4ef7c3433aa6
b94d720a-707a-4a6d-b026-08e9e7029074,"Hallowell, A. Irving (Alfred Irving),
         1892-1974",Culture and experience,1955,269,"Component part(s), monograph",Ojibwa,North America,Arctic and Subarctic,hunter-gatherers,,"113,121,152,681,753",https://ehrafworldcultures.yale.edu/sres/b94d720a-707a-4a6d-b026-08e9e7029074
a1e0ee10-3516-47d5-84c2-f477c0aca7ae,"Hallowell, A. Irving (Alfred Irving),
         1892-1974",Culture and experience,1955,269,"Component part(s), monograph",Ojibwa,North America,Arctic and Subarctic,hunter-gatherers,,"113,121,152,181,681,753,761",https://ehrafworldcultures.yale.edu/sres/a1e0ee10-3516-47d5-84c2-f477c0aca7ae
c67aefc1-194a-46bf-b0cc-4733d6b9fa27,"Hallowell, A. Irving (Alfred Irving),
         1892-1974",Culture and experience,1955,269,"Component part(s), monograph",Ojibwa,North America,Arctic and Subarctic,hunter-gatherers,,"113,121,152,681,753",https://ehrafworldcultures.yale.edu/sres/c67aefc1-194a-46bf-b0cc-4733d6b9fa27
8df8a86a-211c-44a3-9dc9-3bf6e4837901,"Hallowell, A. Irving (Alfred Irving),
         1892-1974",Culture and experience,1955,269,"Component part(s), monograph",Ojibwa,North America,Arctic and Subarctic,hunter-gatherers,,"113,121,152,681,753",https://ehrafworldcultures.yale.edu/sres/8df8a86a-211c-44a3-9dc9-3bf6e4837901
a48b7099-b78f-4c20-84d9-dea8758d6f0d,"Hallowell, A. Irving (Alfred Irving),
         1892-1974",Culture and experience,1955,270,"Component part(s), monograph",Ojibwa,North America,Arctic and Subarctic,hunter-gatherers,,"152,681,753,754",https://ehrafworldcultures.yale.edu/sres/a48b7099-b78f-4c20-84d9-dea8758d6f0d
b6160f52-7b8c-40b7-bd1c-c828a40940c5,"Hallowell, A. Irving (Alfred Irving),
         1892-1974",Culture and experience,1955,271,"Component part(s), monograph",Ojibwa,North America,Arctic and Subarctic,hunter-gatherers,,"152,681,753,754",https://ehrafworldcultures.yale.edu/sres/b6160f52-7b8c-40b7-bd1c-c828a40940c5
d658ec5d-be59-459c-bdd4-935d0e64ffe3,"Hallowell, A. Irving (Alfred Irving),
         1892-1974",Culture and experience,1955,272,"Component part(s), monograph",Ojibwa,North America,Arctic and Subarctic,hunter-gatherers,,"152,182,681,753,756,776,783",https://ehrafworldcultures.yale.edu/sres/d658ec5d-be59-459c-bdd4-935d0e64ffe3
72bc57e8-1878-49ce-b823-d1b9f7ee0d57,"Hallowell, A. Irving (Alfred Irving),
         1892-1974",Culture and experience,1955,273,"Component part(s), monograph",Ojibwa,North America,Arctic and Subarctic,hunter-gatherers,,"684,753,755,783",https://ehrafworldcultures.yale.edu/sres/72bc57e8-1878-49ce-b823-d1b9f7ee0d57
33ef0ae6-5b27-4213-a150-70084b56e9a2,"Hallowell, A. Irving (Alfred Irving),
         1892-1974",Culture and experience,1955,274,"Component part(s), monograph",Ojibwa,North America,Arctic and Subarctic,hunter-gatherers,,"182,681,753",https://ehrafworldcultures.yale.edu/sres/33ef0ae6-5b27-4213-a150-70084b56e9a2
3db255f9-4ad5-43f8-a2f8-8d252b6bf730,"Hallowell, A. Irving (Alfred Irving),
         1892-1974",Culture and experience,1955,274,"Component part(s), monograph",Ojibwa,North America,Arctic and Subarctic,hunter-gatherers,,"182,681,684,753",https://ehrafworldcultures.yale.edu/sres/3db255f9-4ad5-43f8-a2f8-8d252b6bf730
884339eb-6f6c-4c7c-a3e6-baea24ec977d,"Hallowell, A. Irving (Alfred Irving),
         1892-1974",Culture and experience,1955,274,"Component part(s), monograph",Ojibwa,North America,Arctic and Subarctic,hunter-gatherers,,"182,606,681,684,753",https://ehrafworldcultures.yale.edu/sres/884339eb-6f6c-4c7c-a3e6-baea24ec977d
432f6008-7707-4160-9415-3f06dd6c4756,"Hallowell, A. Irving (Alfred Irving),
         1892-1974",Culture and experience,1955,275,"Component part(s), monograph",Ojibwa,North America,Arctic and Subarctic,hunter-gatherers,,"182,681,684,753",https://ehrafworldcultures.yale.edu/sres/432f6008-7707-4160-9415-3f06dd6c4756
c9557327-cc39-4585-9c3f-8ab9ed0ca9dd,"Hallowell, A. Irving (Alfred Irving),
         1892-1974",Culture and experience,1955,275,"Component part(s), monograph",Ojibwa,North America,Arctic and Subarctic,hunter-gatherers,,"182,185,681,753,761,776,783",https://ehrafworldcultures.yale.edu/sres/c9557327-cc39-4585-9c3f-8ab9ed0ca9dd
ef730466-55fe-444c-a3f6-db9494e87b48,"Hallowell, A. Irving (Alfred Irving),
         1892-1974",Culture and experience,1955,276,"Component part(s), monograph",Ojibwa,North America,Arctic and Subarctic,hunter-gatherers,,"113,121,152,182,681,771",https://ehrafworldcultures.yale.edu/sres/ef730466-55fe-444c-a3f6-db9494e87b48
5871db55-30c4-48be-af5f-349c3061c925,"Hallowell, A. Irving (Alfred Irving),
         1892-1974",Culture and experience,1955,278,"Component part(s), monograph",Ojibwa,North America,Arctic and Subarctic,hunter-gatherers,,"113,121,152,156,378,571,578,605,684,861",https://ehrafworldcultures.yale.edu/sres/5871db55-30c4-48be-af5f-349c3061c925
ca690ea0-b9c7-47a9-b8e1-f10c82cbd31c,"Hallowell, A. Irving (Alfred Irving),
         1892-1974",Culture and experience,1955,279,"Component part(s), monograph",Ojibwa,North America,Arctic and Subarctic,hunter-gatherers,,"113,121,152,201,571,578,681,683,754",https://ehrafworldcultures.yale.edu/sres/ca690ea0-b9c7-47a9-b8e1-f10c82cbd31c
5837f516-c390-4b85-bd73-092c7adf569c,"Hallowell, A. Irving (Alfred Irving),
         1892-1974",Culture and experience,1955,282,"Component part(s), monograph",Ojibwa,North America,Arctic and Subarctic,hunter-gatherers,,"113,121,682,683,754,761",https://ehrafworldcultures.yale.edu/sres/5837f516-c390-4b85-bd73-092c7adf569c
526fea06-f265-4b86-b5ab-7d45346c43c6,"Hallowell, A. Irving (Alfred Irving),
         1892-1974",Culture and experience,1955,282,"Component part(s), monograph",Ojibwa,North America,Arctic and Subarctic,hunter-gatherers,,"152,154,685",https://ehrafworldcultures.yale.edu/sres/526fea06-f265-4b86-b5ab-7d45346c43c6
16500d1a-ebd3-49e4-bee7-73e2ad44c00a,"Hallowell, A. Irving (Alfred Irving),
         1892-1974",Culture and experience,1955,287,"Component part(s), monograph",Ojibwa,North America,Arctic and Subarctic,hunter-gatherers,,"152,684,754,842",https://ehrafworldcultures.yale.edu/sres/16500d1a-ebd3-49e4-bee7-73e2ad44c00a
80c03893-0db7-4ded-8f7b-236e15e0568e,"Hallowell, A. Irving (Alfred Irving),
         1892-1974",Culture and experience,1955,294,"Component part(s), monograph",Ojibwa,North America,Arctic and Subarctic,hunter-gatherers,,"183,577,681,753",https://ehrafworldcultures.yale.edu/sres/80c03893-0db7-4ded-8f7b-236e15e0568e
91ad8bc7-5d87-45a0-86b9-65d7e32e6912,"Hallowell, A. Irving (Alfred Irving),
         1892-1974",Culture and experience,1955,299,"Component part(s), monograph",Ojibwa,North America,Arctic and Subarctic,hunter-gatherers,,"681,836,848",https://ehrafworldcultures.yale.edu/sres/91ad8bc7-5d87-45a0-86b9-65d7e32e6912
0e4d4381-60f6-46d2-b4c7-1884e57a953a,"Hallowell, A. Irving (Alfred Irving),
         1892-1974",Culture and experience,1955,301,"Component part(s), monograph",Ojibwa,North America,Arctic and Subarctic,hunter-gatherers,,"681,753,837",https://ehrafworldcultures.yale.edu/sres/0e4d4381-60f6-46d2-b4c7-1884e57a953a
0b01dc66-4f2f-4a0e-9fd4-53178b57cb1f,"Hallowell, A. Irving (Alfred Irving),
         1892-1974",Culture and experience,1955,302,"Component part(s), monograph",Ojibwa,North America,Arctic and Subarctic,hunter-gatherers,,"684,837",https://ehrafworldcultures.yale.edu/sres/0b01dc66-4f2f-4a0e-9fd4-53178b57cb1f
b5acf4a6-bbf9-49d6-95b8-c981b752f526,"Hallowell, A. Irving (Alfred Irving),
         1892-1974",Culture and experience,1955,302,"Component part(s), monograph",Ojibwa,North America,Arctic and Subarctic,hunter-gatherers,,"183,577,681,783",https://ehrafworldcultures.yale.edu/sres/b5acf4a6-bbf9-49d6-95b8-c981b752f526
be3f60d8-6e09-4fa2-8ac5-be7a4b91349f,"Hallowell, A. Irving (Alfred Irving),
         1892-1974",Culture and experience,1955,302,"Component part(s), monograph",Ojibwa,North America,Arctic and Subarctic,hunter-gatherers,,"152,588,681,753,756,761,781,848",https://ehrafworldcultures.yale.edu/sres/be3f60d8-6e09-4fa2-8ac5-be7a4b91349f
b394d030-5883-4e70-b194-48a2665853e7,"Hallowell, A. Irving (Alfred Irving),
         1892-1974",Culture and experience,1955,420,"Component part(s), monograph",Ojibwa,North America,Arctic and Subarctic,hunter-gatherers,,"113,121,681,753",https://ehrafworldcultures.yale.edu/sres/b394d030-5883-4e70-b194-48a2665853e7
a5539091-39a2-4b5f-9ad6-86bacecf8200,"Hallowell, A. Irving (Alfred Irving),
         1892-1974",Culture and experience,1955,421,"Component part(s), monograph",Ojibwa,North America,Arctic and Subarctic,hunter-gatherers,,"113,121,681,753",https://ehrafworldcultures.yale.edu/sres/a5539091-39a2-4b5f-9ad6-86bacecf8200
f1e4dbc3-ac9a-4b9c-8f59-f2634e6f5709,"Hallowell, A. Irving (Alfred Irving),
         1892-1974",Culture and experience,1955,421,"Component part(s), monograph",Ojibwa,North America,Arctic and Subarctic,hunter-gatherers,,"113,121,681,753",https://ehrafworldcultures.yale.edu/sres/f1e4dbc3-ac9a-4b9c-8f59-f2634e6f5709
7325f7ae-5f1d-4573-9f71-caec27e964e2,"Hallowell, A. Irving (Alfred Irving),
         1892-1974",Culture and experience,1955,421,"Component part(s), monograph",Ojibwa,North America,Arctic and Subarctic,hunter-gatherers,,"113,121,681,753",https://ehrafworldcultures.yale.edu/sres/7325f7ae-5f1d-4573-9f71-caec27e964e2
af5e361b-7890-423f-ac74-da08655f7a0d,"Hallowell, A. Irving (Alfred Irving),
         1892-1974",Culture and experience,1955,421,"Component part(s), monograph",Ojibwa,North America,Arctic and Subarctic,hunter-gatherers,,"113,121,681,753",https://ehrafworldcultures.yale.edu/sres/af5e361b-7890-423f-ac74-da08655f7a0d
0ce2f991-5d4a-4bd3-a172-cf229f7b50e4,"Hallowell, A. Irving (Alfred Irving),
         1892-1974",Culture and experience,1955,421,"Component part(s), monograph",Ojibwa,North America,Arctic and Subarctic,hunter-gatherers,,"113,121,681,753",https://ehrafworldcultures.yale.edu/sres/0ce2f991-5d4a-4bd3-a172-cf229f7b50e4
748c81ec-f816-430e-b593-37821a30ee9a,"Hallowell, A. Irving (Alfred Irving),
         1892-1974",Culture and experience,1955,421,"Component part(s), monograph",Ojibwa,North America,Arctic and Subarctic,hunter-gatherers,,"113,121,681,753",https://ehrafworldcultures.yale.edu/sres/748c81ec-f816-430e-b593-37821a30ee9a
276e1534-d330-4e9b-84c1-2db434001f68,"Hallowell, A. Irving (Alfred Irving),
         1892-1974",Culture and experience,1955,421,"Component part(s), monograph",Ojibwa,North America,Arctic and Subarctic,hunter-gatherers,,"113,121,681,753",https://ehrafworldcultures.yale.edu/sres/276e1534-d330-4e9b-84c1-2db434001f68
114769e7-2fb7-45c2-8b89-c3459c0055dd,"Hallowell, A. Irving (Alfred Irving),
         1892-1974",Culture and experience,1955,421,"Component part(s), monograph",Ojibwa,North America,Arctic and Subarctic,hunter-gatherers,,"113,121,681,753",https://ehrafworldcultures.yale.edu/sres/114769e7-2fb7-45c2-8b89-c3459c0055dd
ef1b0d44-a632-4f21-80ce-3ae674229c21,"Hallowell, A. Irving (Alfred Irving),
         1892-1974",Culture and experience,1955,421,"Component part(s), monograph",Ojibwa,North America,Arctic and Subarctic,hunter-gatherers,,"113,121,681,753",https://ehrafworldcultures.yale.edu/sres/ef1b0d44-a632-4f21-80ce-3ae674229c21
6afbed34-177e-4c10-9b8c-735d9d12ad75,"Hallowell, A. Irving (Alfred Irving),
         1892-1974",Culture and experience,1955,421,"Component part(s), monograph",Ojibwa,North America,Arctic and Subarctic,hunter-gatherers,,"113,121,606,681,684,753",https://ehrafworldcultures.yale.edu/sres/6afbed34-177e-4c10-9b8c-735d9d12ad75
ca38591c-429c-4850-8939-9ec3f532a3da,"Hallowell, A. Irving (Alfred Irving),
         1892-1974",Culture and experience,1955,421,"Component part(s), monograph",Ojibwa,North America,Arctic and Subarctic,hunter-gatherers,,"113,121,681,753",https://ehrafworldcultures.yale.edu/sres/ca38591c-429c-4850-8939-9ec3f532a3da
7a03cdc8-980f-48a1-bb5e-cd2c74aff589,"Hallowell, A. Irving (Alfred Irving),
         1892-1974",Culture and experience,1955,421,"Component part(s), monograph",Ojibwa,North America,Arctic and Subarctic,hunter-gatherers,,"113,121,681,753,776,783",https://ehrafworldcultures.yale.edu/sres/7a03cdc8-980f-48a1-bb5e-cd2c74aff589
5d486fcd-0519-40f5-ae13-ff69fec8ec31,"Hallowell, A. Irving (Alfred Irving),
         1892-1974",Culture and experience,1955,423,"Component part(s), monograph",Ojibwa,North America,Arctic and Subarctic,hunter-gatherers,,"113,121,682,683,754",https://ehrafworldcultures.yale.edu/sres/5d486fcd-0519-40f5-ae13-ff69fec8ec31
9cdbff12-daf2-40fa-8d6a-143d0916213e,"Hallowell, A. Irving (Alfred Irving),
         1892-1974",Culture and experience,1955,424,"Component part(s), monograph",Ojibwa,North America,Arctic and Subarctic,hunter-gatherers,,"113,121,685",https://ehrafworldcultures.yale.edu/sres/9cdbff12-daf2-40fa-8d6a-143d0916213e
c2e16c45-639a-44d3-b7ea-9b2f4c0bc70a,"Landes, Ruth, 1908-",The Ojibwa of Canada,1937,107,Essay,Ojibwa,North America,Arctic and Subarctic,hunter-gatherers,,"587,589,614,684",https://ehrafworldcultures.yale.edu/sres/c2e16c45-639a-44d3-b7ea-9b2f4c0bc70a
dfdb7bf4-9d33-4dfb-ad69-7f6beac3a8d6,"Landes, Ruth, 1908-",The Ojibwa of Canada,1937,108,Essay,Ojibwa,North America,Arctic and Subarctic,hunter-gatherers,,"587,589,614,684",https://ehrafworldcultures.yale.edu/sres/dfdb7bf4-9d33-4dfb-ad69-7f6beac3a8d6
848c4fbd-9374-4727-b8da-1ebee3b16fdf,"Landes, Ruth, 1908-",The Ojibwa of Canada,1937,108,Essay,Ojibwa,North America,Arctic and Subarctic,hunter-gatherers,,"587,589,614,684",https://ehrafworldcultures.yale.edu/sres/848c4fbd-9374-4727-b8da-1ebee3b16fdf
95ccef1f-09b8-4d01-95c6-1be5e8f798c3,"Landes, Ruth, 1908-",The Ojibwa of Canada,1937,109,Essay,Ojibwa,North America,Arctic and Subarctic,hunter-gatherers,,"682,683",https://ehrafworldcultures.yale.edu/sres/95ccef1f-09b8-4d01-95c6-1be5e8f798c3
22edb86d-451b-47b3-85ee-a96349a19bb3,"Skinner, Alanson Buck, 1886-1925",Notes on the Eastern Cree and Northern Saulteaux,1911,150,"Component part(s), monograph",Ojibwa,North America,Arctic and Subarctic,hunter-gatherers,,"423,428,578,622,685",https://ehrafworldcultures.yale.edu/sres/22edb86d-451b-47b3-85ee-a96349a19bb3
d87eec57-e4d5-4fc3-8286-bef15dc99a77,"Densmore, Frances, 1867-1957",Chippewa customs,1929,77,Monograph,Ojibwa,North America,Arctic and Subarctic,hunter-gatherers,,"602,689,765",https://ehrafworldcultures.yale.edu/sres/d87eec57-e4d5-4fc3-8286-bef15dc99a77
333a2a19-2a20-41b6-9d41-a38178c63557,"Densmore, Frances, 1867-1957",Chippewa customs,1929,132,Monograph,Ojibwa,North America,Arctic and Subarctic,hunter-gatherers,,682,https://ehrafworldcultures.yale.edu/sres/333a2a19-2a20-41b6-9d41-a38178c63557
ca4cb380-5082-4228-a8e7-7c5faa1e0b5c,"Densmore, Frances, 1867-1957",Chippewa customs,1929,132,Monograph,Ojibwa,North America,Arctic and Subarctic,hunter-gatherers,,682,https://ehrafworldcultures.yale.edu/sres/ca4cb380-5082-4228-a8e7-7c5faa1e0b5c
7b6b1f6c-d11d-4c2e-9298-9cbede0445ef,"Densmore, Frances, 1867-1957",Chippewa customs,1929,132,Monograph,Ojibwa,North America,Arctic and Subarctic,hunter-gatherers,,682,https://ehrafworldcultures.yale.edu/sres/7b6b1f6c-d11d-4c2e-9298-9cbede0445ef
80f04e82-34c1-4ba7-b3e3-1c30616e5dba,"Hilger, M. Inez (Mary Inez), 1891-","A social study of one hundred fifty Chippewa Indian families
         of the White Earth Reservation of Minnesota",1939,6,Monograph,Ojibwa,North America,Arctic and Subarctic,hunter-gatherers,,"648,681,692",https://ehrafworldcultures.yale.edu/sres/80f04e82-34c1-4ba7-b3e3-1c30616e5dba
44c31c4f-df08-461d-9fbd-0dac6426f5bd,"Hilger, M. Inez (Mary Inez), 1891-","A social study of one hundred fifty Chippewa Indian families
         of the White Earth Reservation of Minnesota",1939,81,Monograph,Ojibwa,North America,Arctic and Subarctic,hunter-gatherers,,"586,684",https://ehrafworldcultures.yale.edu/sres/44c31c4f-df08-461d-9fbd-0dac6426f5bd
3d215c3d-cc6c-48ec-a9cf-1a99a2d6b2eb,"Peers, Laura L. (Laura Lynn)","The Ojibwa of Western Canada, 1780 to 1870",1994,239,Monograph,Ojibwa,North America,Arctic and Subarctic,hunter-gatherers,,"231,685,721",https://ehrafworldcultures.yale.edu/sres/3d215c3d-cc6c-48ec-a9cf-1a99a2d6b2eb
58e4384a-b2c5-48b6-bf17-f7993de3c465,"Peers, Laura L. (Laura Lynn)","The Ojibwa of Western Canada, 1780 to 1870",1994,50,Monograph,Ojibwa,North America,Arctic and Subarctic,hunter-gatherers,,"177,231,685,754",https://ehrafworldcultures.yale.edu/sres/58e4384a-b2c5-48b6-bf17-f7993de3c465
489082ef-9cc3-495b-9c21-297dead42aa3,"Peers, Laura L. (Laura Lynn)","The Ojibwa of Western Canada, 1780 to 1870",1994,78,Monograph,Ojibwa,North America,Arctic and Subarctic,hunter-gatherers,,"231,555,685,721",https://ehrafworldcultures.yale.edu/sres/489082ef-9cc3-495b-9c21-297dead42aa3
2638ebd6-2a8f-42b2-8fd9-46cd3178ca08,"Peers, Laura L. (Laura Lynn)","The Ojibwa of Western Canada, 1780 to 1870",1994,84,Monograph,Ojibwa,North America,Arctic and Subarctic,hunter-gatherers,,"562,593,684",https://ehrafworldcultures.yale.edu/sres/2638ebd6-2a8f-42b2-8fd9-46cd3178ca08
4efed051-87e0-47b3-b78c-a7ce2d5a9f06,"Peers, Laura L. (Laura Lynn)","The Ojibwa of Western Canada, 1780 to 1870",1994,95,Monograph,Ojibwa,North America,Arctic and Subarctic,hunter-gatherers,,"000,177,178,181,231,685,721",https://ehrafworldcultures.yale.edu/sres/4efed051-87e0-47b3-b78c-a7ce2d5a9f06
cc6c744e-0a6a-4a6b-8298-70f1ced459ef,"Peers, Laura L. (Laura Lynn)","The Ojibwa of Western Canada, 1780 to 1870",1994,157,Monograph,Ojibwa,North America,Arctic and Subarctic,hunter-gatherers,,"648,682",https://ehrafworldcultures.yale.edu/sres/cc6c744e-0a6a-4a6b-8298-70f1ced459ef
85d0c119-114d-4f12-a02b-48ec3b72d41f,"Peers, Laura L. (Laura Lynn)","The Ojibwa of Western Canada, 1780 to 1870",1994,158,Monograph,Ojibwa,North America,Arctic and Subarctic,hunter-gatherers,,"648,682",https://ehrafworldcultures.yale.edu/sres/85d0c119-114d-4f12-a02b-48ec3b72d41f
16dcda8e-260b-4cc5-b5b6-5d8b2c50fa41,"Theriault, Madeline, 1908-",Moose to moccasins: the story of Ka Kita Wa Pa No Kwe,1992,[84],Monograph,Ojibwa,North America,Arctic and Subarctic,hunter-gatherers,,"159,291,302,313,342,685",https://ehrafworldcultures.yale.edu/sres/16dcda8e-260b-4cc5-b5b6-5d8b2c50fa41
54677abb-1865-4146-b28f-ccb7566fc68c,"Theriault, Madeline, 1908-",Moose to moccasins: the story of Ka Kita Wa Pa No Kwe,1992,94,Monograph,Ojibwa,North America,Arctic and Subarctic,hunter-gatherers,,"159,164,224,423,685",https://ehrafworldcultures.yale.edu/sres/54677abb-1865-4146-b28f-ccb7566fc68c
57ccec20-9afe-4d1a-b45a-52408712b61b,"Theriault, Madeline, 1908-",Moose to moccasins: the story of Ka Kita Wa Pa No Kwe,1992,94,Monograph,Ojibwa,North America,Arctic and Subarctic,hunter-gatherers,,"159,164,224,423,685",https://ehrafworldcultures.yale.edu/sres/57ccec20-9afe-4d1a-b45a-52408712b61b
3ecf6c5d-a196-45bd-8651-d8a4885c7c13,"Theriault, Madeline, 1908-",Moose to moccasins: the story of Ka Kita Wa Pa No Kwe,1992,113,Monograph,Ojibwa,North America,Arctic and Subarctic,hunter-gatherers,,"159,167,291,292,302,586,593,686,691,747,768",https://ehrafworldcultures.yale.edu/sres/3ecf6c5d-a196-45bd-8651-d8a4885c7c13
4a694782-7715-4c47-9fd0-2a37809db326,"Skinner, Alanson Buck, 1886-1925","Political and ceremonial organization of the
         Plains-Ojibway",1914,494,Essay,Ojibwa,North America,Arctic and Subarctic,hunter-gatherers,,"224,625,689",https://ehrafworldcultures.yale.edu/sres/4a694782-7715-4c47-9fd0-2a37809db326
87608fcb-5f25-4856-aa90-4d4aaae5415a,"Skinner, Alanson Buck, 1886-1925","Political and ceremonial organization of the
         Plains-Ojibway",1914,495,Essay,Ojibwa,North America,Arctic and Subarctic,hunter-gatherers,,"224,625,689",https://ehrafworldcultures.yale.edu/sres/87608fcb-5f25-4856-aa90-4d4aaae5415a
4db536b5-a722-451b-8938-db802bf85957,"Wheeler-Voegelin, Erminie, 1903-",The Red Lake and Pembina Chippewa,1974,[p.58],Monograph,Ojibwa,North America,Arctic and Subarctic,hunter-gatherers,,"175,439,443,648,682",https://ehrafworldcultures.yale.edu/sres/4db536b5-a722-451b-8938-db802bf85957
cebc4c82-d288-442b-b680-cf9c2d14a344,"Wheeler-Voegelin, Erminie, 1903-",The Red Lake and Pembina Chippewa,1974,[p.77],Monograph,Ojibwa,North America,Arctic and Subarctic,hunter-gatherers,,"175,648,682",https://ehrafworldcultures.yale.edu/sres/cebc4c82-d288-442b-b680-cf9c2d14a344
b1aabc4d-8d63-4d41-84cc-898990df17a8,"Wheeler-Voegelin, Erminie, 1903-",The Red Lake and Pembina Chippewa,1974,[p. 139],Monograph,Ojibwa,North America,Arctic and Subarctic,hunter-gatherers,,"175,648,685",https://ehrafworldcultures.yale.edu/sres/b1aabc4d-8d63-4d41-84cc-898990df17a8
050e74df-1f7d-4303-b26e-9006e70455d8,"Handrick, Philip","A Chippewa Case: resource control and
            self-determination",1987,40,Journal Article,Ojibwa,North America,Arctic and Subarctic,hunter-gatherers,,"228,578,671,685",https://ehrafworldcultures.yale.edu/sres/050e74df-1f7d-4303-b26e-9006e70455d8
279aaf04-acbc-4f49-91ab-22bac5c6fb75,"Handrick, Philip","A Chippewa Case: resource control and
            self-determination",1987,40,Journal Article,Ojibwa,North America,Arctic and Subarctic,hunter-gatherers,,"228,423,641,642,657,671,685",https://ehrafworldcultures.yale.edu/sres/279aaf04-acbc-4f49-91ab-22bac5c6fb75
218820a1-c048-4e46-afcc-f99522224b9b,"Handrick, Philip","A Chippewa Case: resource control and
            self-determination",1987,41,Journal Article,Ojibwa,North America,Arctic and Subarctic,hunter-gatherers,,"228,685",https://ehrafworldcultures.yale.edu/sres/218820a1-c048-4e46-afcc-f99522224b9b
6e36c7c1-5016-4848-bfc0-dbd819715a0f,"Handrick, Philip","A Chippewa Case: resource control and
            self-determination",1987,42,Journal Article,Ojibwa,North America,Arctic and Subarctic,hunter-gatherers,,"228,685",https://ehrafworldcultures.yale.edu/sres/6e36c7c1-5016-4848-bfc0-dbd819715a0f
bc3de5c5-d1ef-4602-aca1-d314d6623156,"Warren, William Whipple, 1825-1853","History of the Ojibways, based upon traditions and oral
         statements",1885,42,Monograph,Ojibwa,North America,Arctic and Subarctic,hunter-gatherers,,"582,614,684",https://ehrafworldcultures.yale.edu/sres/bc3de5c5-d1ef-4602-aca1-d314d6623156
ee38b4ca-cb84-491d-8c78-f5250848e738,"Warren, William Whipple, 1825-1853","History of the Ojibways, based upon traditions and oral
         statements",1885,109,Monograph,Ojibwa,North America,Arctic and Subarctic,hunter-gatherers,,"173,266,682,756",https://ehrafworldcultures.yale.edu/sres/ee38b4ca-cb84-491d-8c78-f5250848e738
b1814b3f-c901-4c25-9fd5-453dfef1e6ab,"Warren, William Whipple, 1825-1853","History of the Ojibways, based upon traditions and oral
         statements",1885,109,Monograph,Ojibwa,North America,Arctic and Subarctic,hunter-gatherers,,"173,266,682,756",https://ehrafworldcultures.yale.edu/sres/b1814b3f-c901-4c25-9fd5-453dfef1e6ab
0690b99a-e82a-44f6-bed9-570ca626e897,"Warren, William Whipple, 1825-1853","History of the Ojibways, based upon traditions and oral
         statements",1885,110,Monograph,Ojibwa,North America,Arctic and Subarctic,hunter-gatherers,,"173,266,682,756",https://ehrafworldcultures.yale.edu/sres/0690b99a-e82a-44f6-bed9-570ca626e897
cacab79b-b805-4c9c-9987-1919c522c36e,"Warren, William Whipple, 1825-1853","History of the Ojibways, based upon traditions and oral
         statements",1885,166,Monograph,Ojibwa,North America,Arctic and Subarctic,hunter-gatherers,,"682,721",https://ehrafworldcultures.yale.edu/sres/cacab79b-b805-4c9c-9987-1919c522c36e
a3036922-1031-4f74-a6d5-570f77de8e87,"Warren, William Whipple, 1825-1853","History of the Ojibways, based upon traditions and oral
         statements",1885,166,Monograph,Ojibwa,North America,Arctic and Subarctic,hunter-gatherers,,"682,721",https://ehrafworldcultures.yale.edu/sres/a3036922-1031-4f74-a6d5-570f77de8e87
188030ee-d880-4355-b00e-04493f59dfe6,"Warren, William Whipple, 1825-1853","History of the Ojibways, based upon traditions and oral
         statements",1885,167,Monograph,Ojibwa,North America,Arctic and Subarctic,hunter-gatherers,,"682,721",https://ehrafworldcultures.yale.edu/sres/188030ee-d880-4355-b00e-04493f59dfe6
5b6263b6-539a-438c-a75f-6762478524a6,"Warren, William Whipple, 1825-1853","History of the Ojibways, based upon traditions and oral
         statements",1885,167,Monograph,Ojibwa,North America,Arctic and Subarctic,hunter-gatherers,,"682,721",https://ehrafworldcultures.yale.edu/sres/5b6263b6-539a-438c-a75f-6762478524a6
00d2e230-acce-4fe0-be6e-d13b8168fcf9,"Warren, William Whipple, 1825-1853","History of the Ojibways, based upon traditions and oral
         statements",1885,172,Monograph,Ojibwa,North America,Arctic and Subarctic,hunter-gatherers,,"682,726",https://ehrafworldcultures.yale.edu/sres/00d2e230-acce-4fe0-be6e-d13b8168fcf9
995fa8f5-7f23-4073-b506-e5b46144d4a4,"Warren, William Whipple, 1825-1853","History of the Ojibways, based upon traditions and oral
         statements",1885,172,Monograph,Ojibwa,North America,Arctic and Subarctic,hunter-gatherers,,"682,726",https://ehrafworldcultures.yale.edu/sres/995fa8f5-7f23-4073-b506-e5b46144d4a4
4f553965-942a-4020-82a1-ab7c1a3bd5a1,"Warren, William Whipple, 1825-1853","History of the Ojibways, based upon traditions and oral
         statements",1885,173,Monograph,Ojibwa,North America,Arctic and Subarctic,hunter-gatherers,,"682,726",https://ehrafworldcultures.yale.edu/sres/4f553965-942a-4020-82a1-ab7c1a3bd5a1
cc4052d8-0f07-4612-99a6-68d7795b416e,"Warren, William Whipple, 1825-1853","History of the Ojibways, based upon traditions and oral
         statements",1885,173,Monograph,Ojibwa,North America,Arctic and Subarctic,hunter-gatherers,,"682,726",https://ehrafworldcultures.yale.edu/sres/cc4052d8-0f07-4612-99a6-68d7795b416e
537b9ce3-85e3-423d-a6de-9e14fdabbf41,"Warren, William Whipple, 1825-1853","History of the Ojibways, based upon traditions and oral
         statements",1885,173,Monograph,Ojibwa,North America,Arctic and Subarctic,hunter-gatherers,,"682,726",https://ehrafworldcultures.yale.edu/sres/537b9ce3-85e3-423d-a6de-9e14fdabbf41
05eb18cf-b2d7-403b-b704-2555a1c7f386,"Warren, William Whipple, 1825-1853","History of the Ojibways, based upon traditions and oral
         statements",1885,173,Monograph,Ojibwa,North America,Arctic and Subarctic,hunter-gatherers,,"682,726",https://ehrafworldcultures.yale.edu/sres/05eb18cf-b2d7-403b-b704-2555a1c7f386
33367b95-af6c-4b68-bd66-35e4e1795ff2,"Warren, William Whipple, 1825-1853","History of the Ojibways, based upon traditions and oral
         statements",1885,174,Monograph,Ojibwa,North America,Arctic and Subarctic,hunter-gatherers,,"682,726",https://ehrafworldcultures.yale.edu/sres/33367b95-af6c-4b68-bd66-35e4e1795ff2
0b6d6fe5-faba-44fe-bff5-1844f1cb5052,"Warren, William Whipple, 1825-1853","History of the Ojibways, based upon traditions and oral
         statements",1885,174,Monograph,Ojibwa,North America,Arctic and Subarctic,hunter-gatherers,,"682,726",https://ehrafworldcultures.yale.edu/sres/0b6d6fe5-faba-44fe-bff5-1844f1cb5052
5661a818-0839-416c-bf9c-a941ca69a2e7,"Warren, William Whipple, 1825-1853","History of the Ojibways, based upon traditions and oral
         statements",1885,174,Monograph,Ojibwa,North America,Arctic and Subarctic,hunter-gatherers,,"682,726",https://ehrafworldcultures.yale.edu/sres/5661a818-0839-416c-bf9c-a941ca69a2e7
c2ba0df8-67a2-4749-9a62-9f918d349e60,"Warren, William Whipple, 1825-1853","History of the Ojibways, based upon traditions and oral
         statements",1885,257,Monograph,Ojibwa,North America,Arctic and Subarctic,hunter-gatherers,,"361,439,685",https://ehrafworldcultures.yale.edu/sres/c2ba0df8-67a2-4749-9a62-9f918d349e60
df193504-a6eb-49e9-8a7c-92462ab87cf6,"Warren, William Whipple, 1825-1853","History of the Ojibways, based upon traditions and oral
         statements",1885,258,Monograph,Ojibwa,North America,Arctic and Subarctic,hunter-gatherers,,"439,685",https://ehrafworldcultures.yale.edu/sres/df193504-a6eb-49e9-8a7c-92462ab87cf6
01290ed4-6a0a-4f30-bbaa-f1e2f3044980,"Warren, William Whipple, 1825-1853","History of the Ojibways, based upon traditions and oral
         statements",1885,258,Monograph,Ojibwa,North America,Arctic and Subarctic,hunter-gatherers,,"439,685",https://ehrafworldcultures.yale.edu/sres/01290ed4-6a0a-4f30-bbaa-f1e2f3044980
a4a949aa-1c8f-43e3-a91e-9cfb39db87d3,"Warren, William Whipple, 1825-1853","History of the Ojibways, based upon traditions and oral
         statements",1885,259,Monograph,Ojibwa,North America,Arctic and Subarctic,hunter-gatherers,,"439,685",https://ehrafworldcultures.yale.edu/sres/a4a949aa-1c8f-43e3-a91e-9cfb39db87d3
0d8e1b1e-0c3e-4897-8e1c-8bce06fb71e2,"Warren, William Whipple, 1825-1853","History of the Ojibways, based upon traditions and oral
         statements",1885,260,Monograph,Ojibwa,North America,Arctic and Subarctic,hunter-gatherers,,"164,439,685,731",https://ehrafworldcultures.yale.edu/sres/0d8e1b1e-0c3e-4897-8e1c-8bce06fb71e2
9f8b107f-d8d0-4706-a8d0-9cc20a76b43d,"Warren, William Whipple, 1825-1853","History of the Ojibways, based upon traditions and oral
         statements",1885,269,Monograph,Ojibwa,North America,Arctic and Subarctic,hunter-gatherers,,"431,554,608,622,682,728,754",https://ehrafworldcultures.yale.edu/sres/9f8b107f-d8d0-4706-a8d0-9cc20a76b43d
10a1717b-40e3-43e5-be4a-a3dc6a2e82e2,"Warren, William Whipple, 1825-1853","History of the Ojibways, based upon traditions and oral
         statements",1885,294,Monograph,Ojibwa,North America,Arctic and Subarctic,hunter-gatherers,,"177,439,682",https://ehrafworldcultures.yale.edu/sres/10a1717b-40e3-43e5-be4a-a3dc6a2e82e2
d3ec7ebf-2677-4167-8cb5-00ac06ce115f,"Warren, William Whipple, 1825-1853","History of the Ojibways, based upon traditions and oral
         statements",1885,295,Monograph,Ojibwa,North America,Arctic and Subarctic,hunter-gatherers,,"177,439,682",https://ehrafworldcultures.yale.edu/sres/d3ec7ebf-2677-4167-8cb5-00ac06ce115f
05079598-a45f-495a-9cae-7352dde73df8,"Warren, William Whipple, 1825-1853","History of the Ojibways, based upon traditions and oral
         statements",1885,295,Monograph,Ojibwa,North America,Arctic and Subarctic,hunter-gatherers,,"177,439,682",https://ehrafworldcultures.yale.edu/sres/05079598-a45f-495a-9cae-7352dde73df8
d9b1d4ba-db00-4e1d-938a-3fec310a5b5a,"Warren, William Whipple, 1825-1853","History of the Ojibways, based upon traditions and oral
         statements",1885,295,Monograph,Ojibwa,North America,Arctic and Subarctic,hunter-gatherers,,"177,439,682",https://ehrafworldcultures.yale.edu/sres/d9b1d4ba-db00-4e1d-938a-3fec310a5b5a
3bd782e3-425c-4b9a-a9a6-d33b5b4067fa,"Warren, William Whipple, 1825-1853","History of the Ojibways, based upon traditions and oral
         statements",1885,390,Monograph,Ojibwa,North America,Arctic and Subarctic,hunter-gatherers,,"439,609,682",https://ehrafworldcultures.yale.edu/sres/3bd782e3-425c-4b9a-a9a6-d33b5b4067fa
c6cf060b-5c1c-42fa-b8f4-08070aece54d,"Warren, William Whipple, 1825-1853","History of the Ojibways, based upon traditions and oral
         statements",1885,391,Monograph,Ojibwa,North America,Arctic and Subarctic,hunter-gatherers,,"648,682",https://ehrafworldcultures.yale.edu/sres/c6cf060b-5c1c-42fa-b8f4-08070aece54d
9e6316bc-d85b-4bd8-bffe-b2555c197a20,"Warren, William Whipple, 1825-1853","History of the Ojibways, based upon traditions and oral
         statements",1885,391,Monograph,Ojibwa,North America,Arctic and Subarctic,hunter-gatherers,,"439,622,682",https://ehrafworldcultures.yale.edu/sres/9e6316bc-d85b-4bd8-bffe-b2555c197a20
ab4e5ab4-130e-49fa-ae18-bdaf8575fc68,"Warren, William Whipple, 1825-1853","History of the Ojibways, based upon traditions and oral
         statements",1885,392,Monograph,Ojibwa,North America,Arctic and Subarctic,hunter-gatherers,,"439,622,682",https://ehrafworldcultures.yale.edu/sres/ab4e5ab4-130e-49fa-ae18-bdaf8575fc68
68ea2f74-76a7-4aa2-b701-9cde33138dcd,"Warren, William Whipple, 1825-1853","History of the Ojibways, based upon traditions and oral
         statements",1885,393,Monograph,Ojibwa,North America,Arctic and Subarctic,hunter-gatherers,,"648,682",https://ehrafworldcultures.yale.edu/sres/68ea2f74-76a7-4aa2-b701-9cde33138dcd
81bc6a4e-722e-4ad4-a249-561b5edabbd1,"Warren, William Whipple, 1825-1853","History of the Ojibways, based upon traditions and oral
         statements",1885,411,Monograph,Ojibwa,North America,Arctic and Subarctic,hunter-gatherers,,"609,648,682",https://ehrafworldcultures.yale.edu/sres/81bc6a4e-722e-4ad4-a249-561b5edabbd1
5e5b2171-2d23-479a-928b-698db617603d,"Warren, William Whipple, 1825-1853","History of the Ojibways, based upon traditions and oral
         statements",1885,412,Monograph,Ojibwa,North America,Arctic and Subarctic,hunter-gatherers,,"648,682",https://ehrafworldcultures.yale.edu/sres/5e5b2171-2d23-479a-928b-698db617603d
0ab69bc9-8701-47f9-86bc-dd7fcd7bcbcd,"Warren, William Whipple, 1825-1853","History of the Ojibways, based upon traditions and oral
         statements",1885,412,Monograph,Ojibwa,North America,Arctic and Subarctic,hunter-gatherers,,"648,682",https://ehrafworldcultures.yale.edu/sres/0ab69bc9-8701-47f9-86bc-dd7fcd7bcbcd
174ef78a-012e-44d5-9f99-304b2786172e,"Warren, William Whipple, 1825-1853","History of the Ojibways, based upon traditions and oral
         statements",1885,412,Monograph,Ojibwa,North America,Arctic and Subarctic,hunter-gatherers,,"648,682",https://ehrafworldcultures.yale.edu/sres/174ef78a-012e-44d5-9f99-304b2786172e
b7555bc6-a504-4c51-8d57-2072813b2990,"Warren, William Whipple, 1825-1853","History of the Ojibways, based upon traditions and oral
         statements",1885,412,Monograph,Ojibwa,North America,Arctic and Subarctic,hunter-gatherers,,"682,695",https://ehrafworldcultures.yale.edu/sres/b7555bc6-a504-4c51-8d57-2072813b2990
0f9095d4-0fb3-4631-b481-07a6f12fbc05,"Warren, William Whipple, 1825-1853","History of the Ojibways, based upon traditions and oral
         statements",1885,413,Monograph,Ojibwa,North America,Arctic and Subarctic,hunter-gatherers,,"682,695",https://ehrafworldcultures.yale.edu/sres/0f9095d4-0fb3-4631-b481-07a6f12fbc05
cdb4e474-6cbb-4f8d-81dd-a97992a5f379,"Warren, William Whipple, 1825-1853","History of the Ojibways, based upon traditions and oral
         statements",1885,413,Monograph,Ojibwa,North America,Arctic and Subarctic,hunter-gatherers,,"682,695",https://ehrafworldcultures.yale.edu/sres/cdb4e474-6cbb-4f8d-81dd-a97992a5f379
1adf7b32-91fc-4801-a5de-d09eae80e817,"Warren, William Whipple, 1825-1853","History of the Ojibways, based upon traditions and oral
         statements",1885,413,Monograph,Ojibwa,North America,Arctic and Subarctic,hunter-gatherers,,"682,695",https://ehrafworldcultures.yale.edu/sres/1adf7b32-91fc-4801-a5de-d09eae80e817
6c7b5925-7387-4c44-86be-15b229704ef4,"Warren, William Whipple, 1825-1853","History of the Ojibways, based upon traditions and oral
         statements",1885,413,Monograph,Ojibwa,North America,Arctic and Subarctic,hunter-gatherers,,"682,695",https://ehrafworldcultures.yale.edu/sres/6c7b5925-7387-4c44-86be-15b229704ef4
f1016869-9d89-4cd2-9d9c-efd7eb6f39fb,"Warren, William Whipple, 1825-1853","History of the Ojibways, based upon traditions and oral
         statements",1885,456,Monograph,Ojibwa,North America,Arctic and Subarctic,hunter-gatherers,,"609,682",https://ehrafworldcultures.yale.edu/sres/f1016869-9d89-4cd2-9d9c-efd7eb6f39fb
0fd2650e-feb2-41b8-8c5f-72d571b2c572,"Warren, William Whipple, 1825-1853","History of the Ojibways, based upon traditions and oral
         statements",1885,467,Monograph,Ojibwa,North America,Arctic and Subarctic,hunter-gatherers,,"609,682",https://ehrafworldcultures.yale.edu/sres/0fd2650e-feb2-41b8-8c5f-72d571b2c572
e8936a6e-6d24-4a60-b93e-0f123fb4c72c,"Warren, William Whipple, 1825-1853","History of the Ojibways, based upon traditions and oral
         statements",1885,467,Monograph,Ojibwa,North America,Arctic and Subarctic,hunter-gatherers,,"609,682,726",https://ehrafworldcultures.yale.edu/sres/e8936a6e-6d24-4a60-b93e-0f123fb4c72c
cf0417c9-db20-404d-afdc-234a3a4e130d,"Warren, William Whipple, 1825-1853","History of the Ojibways, based upon traditions and oral
         statements",1885,467,Monograph,Ojibwa,North America,Arctic and Subarctic,hunter-gatherers,,"609,657,682",https://ehrafworldcultures.yale.edu/sres/cf0417c9-db20-404d-afdc-234a3a4e130d
32a5912a-ebcc-4d65-813f-2a32edae3918,"Warren, William Whipple, 1825-1853","History of the Ojibways, based upon traditions and oral
         statements",1885,474,Monograph,Ojibwa,North America,Arctic and Subarctic,hunter-gatherers,,"682,726",https://ehrafworldcultures.yale.edu/sres/32a5912a-ebcc-4d65-813f-2a32edae3918
3821ea5a-b6c3-43d3-be47-79e12e5ebde4,"Warren, William Whipple, 1825-1853","History of the Ojibways, based upon traditions and oral
         statements",1885,483,Monograph,Ojibwa,North America,Arctic and Subarctic,hunter-gatherers,,"439,682",https://ehrafworldcultures.yale.edu/sres/3821ea5a-b6c3-43d3-be47-79e12e5ebde4
5bbfcc45-848b-4905-8761-f63f36e4bbed,"Warren, William Whipple, 1825-1853","History of the Ojibways, based upon traditions and oral
         statements",1885,484,Monograph,Ojibwa,North America,Arctic and Subarctic,hunter-gatherers,,682,https://ehrafworldcultures.yale.edu/sres/5bbfcc45-848b-4905-8761-f63f36e4bbed
332d7885-0460-413b-9db7-dca6dc62f2a1,"Warren, William Whipple, 1825-1853","History of the Ojibways, based upon traditions and oral
         statements",1885,484,Monograph,Ojibwa,North America,Arctic and Subarctic,hunter-gatherers,,"682,695",https://ehrafworldcultures.yale.edu/sres/332d7885-0460-413b-9db7-dca6dc62f2a1
f4a52320-21c4-4de7-bc66-a887519b1477,"Warren, William Whipple, 1825-1853","History of the Ojibways, based upon traditions and oral
         statements",1885,484,Monograph,Ojibwa,North America,Arctic and Subarctic,hunter-gatherers,,"273,682,695",https://ehrafworldcultures.yale.edu/sres/f4a52320-21c4-4de7-bc66-a887519b1477
20d8d33a-0cb3-41d7-bd9a-68e1a70baf48,"Warren, William Whipple, 1825-1853","History of the Ojibways, based upon traditions and oral
         statements",1885,487,Monograph,Ojibwa,North America,Arctic and Subarctic,hunter-gatherers,,"657,682,721,797",https://ehrafworldcultures.yale.edu/sres/20d8d33a-0cb3-41d7-bd9a-68e1a70baf48
f00507cd-c854-49b1-b7f3-0d2b52d96d47,"Warren, William Whipple, 1825-1853","History of the Ojibways, based upon traditions and oral
         statements",1885,487,Monograph,Ojibwa,North America,Arctic and Subarctic,hunter-gatherers,,"657,682",https://ehrafworldcultures.yale.edu/sres/f00507cd-c854-49b1-b7f3-0d2b52d96d47
88d8ce7b-fd5e-4a0e-bc96-ad4d2ca775d7,"Warren, William Whipple, 1825-1853","History of the Ojibways, based upon traditions and oral
         statements",1885,488,Monograph,Ojibwa,North America,Arctic and Subarctic,hunter-gatherers,,682,https://ehrafworldcultures.yale.edu/sres/88d8ce7b-fd5e-4a0e-bc96-ad4d2ca775d7
ecabeb3a-2abe-497e-b9c7-5093157bfb76,"Warren, William Whipple, 1825-1853","History of the Ojibways, based upon traditions and oral
         statements",1885,506,Monograph,Ojibwa,North America,Arctic and Subarctic,hunter-gatherers,,"595,622,682",https://ehrafworldcultures.yale.edu/sres/ecabeb3a-2abe-497e-b9c7-5093157bfb76
d9cb6075-5b6e-4c1d-b1f8-54de5bc9cc52,"Steinbring, Jack",Saulteaux of Lake Winnipeg,1981,246,Essay,Ojibwa,North America,Arctic and Subarctic,hunter-gatherers,,"167,175,291,301,302,361,411,622,685",https://ehrafworldcultures.yale.edu/sres/d9cb6075-5b6e-4c1d-b1f8-54de5bc9cc52
d4f2e39a-c660-4d59-af80-29b6f0dd8972,Rogers. Edward S.,The Round Lake Ojibwa,1962,b16,Monograph,Ojibwa,North America,Arctic and Subarctic,hunter-gatherers,,"593,682",https://ehrafworldcultures.yale.edu/sres/d4f2e39a-c660-4d59-af80-29b6f0dd8972
e148294a-8351-473f-9d2e-9b018bf11ef7,Rogers. Edward S.,The Round Lake Ojibwa,1962,b31,Monograph,Ojibwa,North America,Arctic and Subarctic,hunter-gatherers,,"606,682,773",https://ehrafworldcultures.yale.edu/sres/e148294a-8351-473f-9d2e-9b018bf11ef7
057993aa-6266-4c24-ac2b-5bdec4a1985a,"Kohl, Johann Georg, 1808-1878",Kitchi-Gami: wanderings round Lake Superior,1860,68,Monograph,Ojibwa,North America,Arctic and Subarctic,hunter-gatherers,,"425,648,685",https://ehrafworldcultures.yale.edu/sres/057993aa-6266-4c24-ac2b-5bdec4a1985a
86b99804-c8be-4689-a05b-79bab37aa310,"Kohl, Johann Georg, 1808-1878",Kitchi-Gami: wanderings round Lake Superior,1860,68,Monograph,Ojibwa,North America,Arctic and Subarctic,hunter-gatherers,,"425,648,685",https://ehrafworldcultures.yale.edu/sres/86b99804-c8be-4689-a05b-79bab37aa310
565eec21-302d-45f1-b1ab-f048aab9819a,"Kohl, Johann Georg, 1808-1878",Kitchi-Gami: wanderings round Lake Superior,1860,68,Monograph,Ojibwa,North America,Arctic and Subarctic,hunter-gatherers,,"425,648,685",https://ehrafworldcultures.yale.edu/sres/565eec21-302d-45f1-b1ab-f048aab9819a
43b8d30a-3377-42fd-8def-12ee5f58723e,"Kohl, Johann Georg, 1808-1878",Kitchi-Gami: wanderings round Lake Superior,1860,69,Monograph,Ojibwa,North America,Arctic and Subarctic,hunter-gatherers,,"425,648,685",https://ehrafworldcultures.yale.edu/sres/43b8d30a-3377-42fd-8def-12ee5f58723e
535f80fe-be12-41ec-8ba3-d1cd484f62a6,"Kohl, Johann Georg, 1808-1878",Kitchi-Gami: wanderings round Lake Superior,1860,109,Monograph,Ojibwa,North America,Arctic and Subarctic,hunter-gatherers,,"682,752,765",https://ehrafworldcultures.yale.edu/sres/535f80fe-be12-41ec-8ba3-d1cd484f62a6
61a40c5b-2342-435e-b3de-5cf0b33bb51a,"Kohl, Johann Georg, 1808-1878",Kitchi-Gami: wanderings round Lake Superior,1860,109,Monograph,Ojibwa,North America,Arctic and Subarctic,hunter-gatherers,,"537,682,764",https://ehrafworldcultures.yale.edu/sres/61a40c5b-2342-435e-b3de-5cf0b33bb51a
6581e5a2-26b0-43cb-99ec-cfb5f466a5b3,"Kohl, Johann Georg, 1808-1878",Kitchi-Gami: wanderings round Lake Superior,1860,109,Monograph,Ojibwa,North America,Arctic and Subarctic,hunter-gatherers,,"537,682,764",https://ehrafworldcultures.yale.edu/sres/6581e5a2-26b0-43cb-99ec-cfb5f466a5b3
9786be94-ab56-46dd-a8ab-791d83715fcf,"Kohl, Johann Georg, 1808-1878",Kitchi-Gami: wanderings round Lake Superior,1860,268,Monograph,Ojibwa,North America,Arctic and Subarctic,hunter-gatherers,,"671,681",https://ehrafworldcultures.yale.edu/sres/9786be94-ab56-46dd-a8ab-791d83715fcf
ce8953d9-9fa5-4c95-8431-0876adf727e3,"Kohl, Johann Georg, 1808-1878",Kitchi-Gami: wanderings round Lake Superior,1860,269,Monograph,Ojibwa,North America,Arctic and Subarctic,hunter-gatherers,,"671,681",https://ehrafworldcultures.yale.edu/sres/ce8953d9-9fa5-4c95-8431-0876adf727e3
a748819f-c28d-4416-b6a6-854c411de706,"Kohl, Johann Georg, 1808-1878",Kitchi-Gami: wanderings round Lake Superior,1860,269,Monograph,Ojibwa,North America,Arctic and Subarctic,hunter-gatherers,,682,https://ehrafworldcultures.yale.edu/sres/a748819f-c28d-4416-b6a6-854c411de706
92e5b12a-99f1-4590-9b38-fc4aadd29952,"Kohl, Johann Georg, 1808-1878",Kitchi-Gami: wanderings round Lake Superior,1860,269,Monograph,Ojibwa,North America,Arctic and Subarctic,hunter-gatherers,,682,https://ehrafworldcultures.yale.edu/sres/92e5b12a-99f1-4590-9b38-fc4aadd29952
ff8909ff-8157-44ae-8869-fd772168ceed,"Kohl, Johann Georg, 1808-1878",Kitchi-Gami: wanderings round Lake Superior,1860,270,Monograph,Ojibwa,North America,Arctic and Subarctic,hunter-gatherers,,"622,681",https://ehrafworldcultures.yale.edu/sres/ff8909ff-8157-44ae-8869-fd772168ceed
d85e8518-4eca-4859-8cbd-6b39aa1032bf,"Kohl, Johann Georg, 1808-1878",Kitchi-Gami: wanderings round Lake Superior,1860,272,Monograph,Ojibwa,North America,Arctic and Subarctic,hunter-gatherers,,683,https://ehrafworldcultures.yale.edu/sres/d85e8518-4eca-4859-8cbd-6b39aa1032bf
93a2c20e-0112-4961-b204-06e6b846eb49,"Kohl, Johann Georg, 1808-1878",Kitchi-Gami: wanderings round Lake Superior,1860,272,Monograph,Ojibwa,North America,Arctic and Subarctic,hunter-gatherers,,683,https://ehrafworldcultures.yale.edu/sres/93a2c20e-0112-4961-b204-06e6b846eb49
471a32b3-882a-4769-bd2e-a2ff3b0e4779,"Kohl, Johann Georg, 1808-1878",Kitchi-Gami: wanderings round Lake Superior,1860,272,Monograph,Ojibwa,North America,Arctic and Subarctic,hunter-gatherers,,683,https://ehrafworldcultures.yale.edu/sres/471a32b3-882a-4769-bd2e-a2ff3b0e4779
83f9121f-a331-4258-b8b3-a195a76d76a4,"Kohl, Johann Georg, 1808-1878",Kitchi-Gami: wanderings round Lake Superior,1860,273,Monograph,Ojibwa,North America,Arctic and Subarctic,hunter-gatherers,,"554,683,884",https://ehrafworldcultures.yale.edu/sres/83f9121f-a331-4258-b8b3-a195a76d76a4
468ac278-6573-4920-8e8f-231469cfe131,"Kohl, Johann Georg, 1808-1878",Kitchi-Gami: wanderings round Lake Superior,1860,280,Monograph,Ojibwa,North America,Arctic and Subarctic,hunter-gatherers,,"278,682",https://ehrafworldcultures.yale.edu/sres/468ac278-6573-4920-8e8f-231469cfe131
da01f8f7-0607-43e0-9286-4830a7d7183f,"Kohl, Johann Georg, 1808-1878",Kitchi-Gami: wanderings round Lake Superior,1860,281,Monograph,Ojibwa,North America,Arctic and Subarctic,hunter-gatherers,,"262,278,584,682",https://ehrafworldcultures.yale.edu/sres/da01f8f7-0607-43e0-9286-4830a7d7183f
24de7f23-0631-4e2e-83fa-ac4db6237c8f,"Kohl, Johann Georg, 1808-1878",Kitchi-Gami: wanderings round Lake Superior,1860,281,Monograph,Ojibwa,North America,Arctic and Subarctic,hunter-gatherers,,"278,584,682",https://ehrafworldcultures.yale.edu/sres/24de7f23-0631-4e2e-83fa-ac4db6237c8f
7a456d15-822d-406d-a99f-4aafbbdf52c2,"Kohl, Johann Georg, 1808-1878",Kitchi-Gami: wanderings round Lake Superior,1860,358,Monograph,Ojibwa,North America,Arctic and Subarctic,hunter-gatherers,,"682,787",https://ehrafworldcultures.yale.edu/sres/7a456d15-822d-406d-a99f-4aafbbdf52c2
6ffe566d-d017-4a15-bed2-719906013eca,"Kohl, Johann Georg, 1808-1878",Kitchi-Gami: wanderings round Lake Superior,1860,359,Monograph,Ojibwa,North America,Arctic and Subarctic,hunter-gatherers,,"682,787",https://ehrafworldcultures.yale.edu/sres/6ffe566d-d017-4a15-bed2-719906013eca
f63dfb52-f7c3-4b7d-8c50-f6dde5674256,"Meyer, Melissa L. (Melissa Lee)","The White Earth tragedy: ethnicity and dispossession at a
         Minnesota Anishinaabe Reservation, 1889-1920",1994,107,Monograph,Ojibwa,North America,Arctic and Subarctic,hunter-gatherers,,"217,563,685",https://ehrafworldcultures.yale.edu/sres/f63dfb52-f7c3-4b7d-8c50-f6dde5674256
889559f3-752a-4214-9fde-7b1d1af57d26,"Meyer, Melissa L. (Melissa Lee)","The White Earth tragedy: ethnicity and dispossession at a
         Minnesota Anishinaabe Reservation, 1889-1920",1994,138,Monograph,Ojibwa,North America,Arctic and Subarctic,hunter-gatherers,,"217,423,648,685",https://ehrafworldcultures.yale.edu/sres/889559f3-752a-4214-9fde-7b1d1af57d26
0e10fdac-e98a-48d6-b340-df1d57137530,"Meyer, Melissa L. (Melissa Lee)","The White Earth tragedy: ethnicity and dispossession at a
         Minnesota Anishinaabe Reservation, 1889-1920",1994,138,Monograph,Ojibwa,North America,Arctic and Subarctic,hunter-gatherers,,"113,423,648,685",https://ehrafworldcultures.yale.edu/sres/0e10fdac-e98a-48d6-b340-df1d57137530
579d3ce9-b547-48c2-8efb-0d1da6e37636,"Meyer, Melissa L. (Melissa Lee)","The White Earth tragedy: ethnicity and dispossession at a
         Minnesota Anishinaabe Reservation, 1889-1920",1994,138,Monograph,Ojibwa,North America,Arctic and Subarctic,hunter-gatherers,,"423,648,685",https://ehrafworldcultures.yale.edu/sres/579d3ce9-b547-48c2-8efb-0d1da6e37636
90956502-858d-4df8-bc80-10921c40dee9,"Meyer, Melissa L. (Melissa Lee)","The White Earth tragedy: ethnicity and dispossession at a
         Minnesota Anishinaabe Reservation, 1889-1920",1994,148,Monograph,Ojibwa,North America,Arctic and Subarctic,hunter-gatherers,,"217,423,648,685,687",https://ehrafworldcultures.yale.edu/sres/90956502-858d-4df8-bc80-10921c40dee9
07cf5af8-f5ab-4c6a-a4dc-01b883cc28ae,"Meyer, Melissa L. (Melissa Lee)","The White Earth tragedy: ethnicity and dispossession at a
         Minnesota Anishinaabe Reservation, 1889-1920",1994,149,Monograph,Ojibwa,North America,Arctic and Subarctic,hunter-gatherers,,"217,423,648,685",https://ehrafworldcultures.yale.edu/sres/07cf5af8-f5ab-4c6a-a4dc-01b883cc28ae
0a863442-b38d-4bb7-a98c-851bc8012077,"Meyer, Melissa L. (Melissa Lee)","The White Earth tragedy: ethnicity and dispossession at a
         Minnesota Anishinaabe Reservation, 1889-1920",1994,150,Monograph,Ojibwa,North America,Arctic and Subarctic,hunter-gatherers,,"217,423,648,685",https://ehrafworldcultures.yale.edu/sres/0a863442-b38d-4bb7-a98c-851bc8012077
538d96f0-f68e-4c69-b75a-355324594172,"Meyer, Melissa L. (Melissa Lee)","The White Earth tragedy: ethnicity and dispossession at a
         Minnesota Anishinaabe Reservation, 1889-1920",1994,155,Monograph,Ojibwa,North America,Arctic and Subarctic,hunter-gatherers,,"423,648,685",https://ehrafworldcultures.yale.edu/sres/538d96f0-f68e-4c69-b75a-355324594172
988de92f-9837-45f4-b5b9-138afa53af1c,"Meyer, Melissa L. (Melissa Lee)","The White Earth tragedy: ethnicity and dispossession at a
         Minnesota Anishinaabe Reservation, 1889-1920",1994,155,Monograph,Ojibwa,North America,Arctic and Subarctic,hunter-gatherers,,"423,563,648,685",https://ehrafworldcultures.yale.edu/sres/988de92f-9837-45f4-b5b9-138afa53af1c
2e205e7a-cfc2-4fb0-b03b-b697cdd5bac5,"Meyer, Melissa L. (Melissa Lee)","The White Earth tragedy: ethnicity and dispossession at a
         Minnesota Anishinaabe Reservation, 1889-1920",1994,156,Monograph,Ojibwa,North America,Arctic and Subarctic,hunter-gatherers,,"423,648,685",https://ehrafworldcultures.yale.edu/sres/2e205e7a-cfc2-4fb0-b03b-b697cdd5bac5
cea662bf-e0a9-43dc-8795-34c3937919f0,"Meyer, Melissa L. (Melissa Lee)","The White Earth tragedy: ethnicity and dispossession at a
         Minnesota Anishinaabe Reservation, 1889-1920",1994,157,Monograph,Ojibwa,North America,Arctic and Subarctic,hunter-gatherers,,"423,648,685",https://ehrafworldcultures.yale.edu/sres/cea662bf-e0a9-43dc-8795-34c3937919f0
ab960ca9-4ef7-43f0-a755-81a149be3100,"Meyer, Melissa L. (Melissa Lee)","The White Earth tragedy: ethnicity and dispossession at a
         Minnesota Anishinaabe Reservation, 1889-1920",1994,157,Monograph,Ojibwa,North America,Arctic and Subarctic,hunter-gatherers,,"423,648,685",https://ehrafworldcultures.yale.edu/sres/ab960ca9-4ef7-43f0-a755-81a149be3100
31930757-749d-4e00-825b-9253431be500,"Meyer, Melissa L. (Melissa Lee)","The White Earth tragedy: ethnicity and dispossession at a
         Minnesota Anishinaabe Reservation, 1889-1920",1994,157,Monograph,Ojibwa,North America,Arctic and Subarctic,hunter-gatherers,,"423,648,685",https://ehrafworldcultures.yale.edu/sres/31930757-749d-4e00-825b-9253431be500
d8c1387e-d620-45d1-91a9-c07b43b03207,"Meyer, Melissa L. (Melissa Lee)","The White Earth tragedy: ethnicity and dispossession at a
         Minnesota Anishinaabe Reservation, 1889-1920",1994,157,Monograph,Ojibwa,North America,Arctic and Subarctic,hunter-gatherers,,"423,648,685",https://ehrafworldcultures.yale.edu/sres/d8c1387e-d620-45d1-91a9-c07b43b03207
8640cc24-ac96-4ec7-99da-62cefbfaf9fe,"Meyer, Melissa L. (Melissa Lee)","The White Earth tragedy: ethnicity and dispossession at a
         Minnesota Anishinaabe Reservation, 1889-1920",1994,158,Monograph,Ojibwa,North America,Arctic and Subarctic,hunter-gatherers,,"423,685",https://ehrafworldcultures.yale.edu/sres/8640cc24-ac96-4ec7-99da-62cefbfaf9fe
3b75347b-6722-4b36-b623-f9a715359349,"Meyer, Melissa L. (Melissa Lee)","The White Earth tragedy: ethnicity and dispossession at a
         Minnesota Anishinaabe Reservation, 1889-1920",1994,158,Monograph,Ojibwa,North America,Arctic and Subarctic,hunter-gatherers,,"423,685",https://ehrafworldcultures.yale.edu/sres/3b75347b-6722-4b36-b623-f9a715359349
5420e489-f8e0-493c-8de4-a8ac0a0bd260,"Meyer, Melissa L. (Melissa Lee)","The White Earth tragedy: ethnicity and dispossession at a
         Minnesota Anishinaabe Reservation, 1889-1920",1994,159,Monograph,Ojibwa,North America,Arctic and Subarctic,hunter-gatherers,,"423,648,685",https://ehrafworldcultures.yale.edu/sres/5420e489-f8e0-493c-8de4-a8ac0a0bd260
fc2ce2bb-398b-4ddc-a241-817a5502fed7,"Meyer, Melissa L. (Melissa Lee)","The White Earth tragedy: ethnicity and dispossession at a
         Minnesota Anishinaabe Reservation, 1889-1920",1994,159,Monograph,Ojibwa,North America,Arctic and Subarctic,hunter-gatherers,,"423,648,685",https://ehrafworldcultures.yale.edu/sres/fc2ce2bb-398b-4ddc-a241-817a5502fed7
9b8e70d5-1e1c-4ad3-b54d-01a3a336780b,"Meyer, Melissa L. (Melissa Lee)","The White Earth tragedy: ethnicity and dispossession at a
         Minnesota Anishinaabe Reservation, 1889-1920",1994,159,Monograph,Ojibwa,North America,Arctic and Subarctic,hunter-gatherers,,"423,648,685",https://ehrafworldcultures.yale.edu/sres/9b8e70d5-1e1c-4ad3-b54d-01a3a336780b
21050582-5a95-4d87-90dc-310017538d47,"Meyer, Melissa L. (Melissa Lee)","The White Earth tragedy: ethnicity and dispossession at a
         Minnesota Anishinaabe Reservation, 1889-1920",1994,160,Monograph,Ojibwa,North America,Arctic and Subarctic,hunter-gatherers,,"423,648,685",https://ehrafworldcultures.yale.edu/sres/21050582-5a95-4d87-90dc-310017538d47
53c5dbfc-7953-4955-8d37-3a9938a6d4ac,"Meyer, Melissa L. (Melissa Lee)","The White Earth tragedy: ethnicity and dispossession at a
         Minnesota Anishinaabe Reservation, 1889-1920",1994,160,Monograph,Ojibwa,North America,Arctic and Subarctic,hunter-gatherers,,"423,648,685",https://ehrafworldcultures.yale.edu/sres/53c5dbfc-7953-4955-8d37-3a9938a6d4ac
6e06da81-5933-444f-8596-b0faa0a520cc,"Meyer, Melissa L. (Melissa Lee)","The White Earth tragedy: ethnicity and dispossession at a
         Minnesota Anishinaabe Reservation, 1889-1920",1994,160,Monograph,Ojibwa,North America,Arctic and Subarctic,hunter-gatherers,,"217,423,648,685",https://ehrafworldcultures.yale.edu/sres/6e06da81-5933-444f-8596-b0faa0a520cc
b8d20fa3-394c-45b3-ab12-bea0f15b8333,"Meyer, Melissa L. (Melissa Lee)","The White Earth tragedy: ethnicity and dispossession at a
         Minnesota Anishinaabe Reservation, 1889-1920",1994,161,Monograph,Ojibwa,North America,Arctic and Subarctic,hunter-gatherers,,"217,423,648,685",https://ehrafworldcultures.yale.edu/sres/b8d20fa3-394c-45b3-ab12-bea0f15b8333
e4ff0359-d168-4670-891c-dfbb7a11312d,"Meyer, Melissa L. (Melissa Lee)","The White Earth tragedy: ethnicity and dispossession at a
         Minnesota Anishinaabe Reservation, 1889-1920",1994,161,Monograph,Ojibwa,North America,Arctic and Subarctic,hunter-gatherers,,"217,423,563,648,685",https://ehrafworldcultures.yale.edu/sres/e4ff0359-d168-4670-891c-dfbb7a11312d
5ea62be0-1c64-4541-af33-6573fa8b3701,"Meyer, Melissa L. (Melissa Lee)","The White Earth tragedy: ethnicity and dispossession at a
         Minnesota Anishinaabe Reservation, 1889-1920",1994,161,Monograph,Ojibwa,North America,Arctic and Subarctic,hunter-gatherers,,"217,423,563,648,685",https://ehrafworldcultures.yale.edu/sres/5ea62be0-1c64-4541-af33-6573fa8b3701
7031d018-ff25-4f27-ad14-3602e804b201,"Meyer, Melissa L. (Melissa Lee)","The White Earth tragedy: ethnicity and dispossession at a
         Minnesota Anishinaabe Reservation, 1889-1920",1994,161,Monograph,Ojibwa,North America,Arctic and Subarctic,hunter-gatherers,,"217,423,648,685",https://ehrafworldcultures.yale.edu/sres/7031d018-ff25-4f27-ad14-3602e804b201
190f4346-a93a-429d-908b-f98e449856e8,"Meyer, Melissa L. (Melissa Lee)","The White Earth tragedy: ethnicity and dispossession at a
         Minnesota Anishinaabe Reservation, 1889-1920",1994,162,Monograph,Ojibwa,North America,Arctic and Subarctic,hunter-gatherers,,"217,423,563,648,685",https://ehrafworldcultures.yale.edu/sres/190f4346-a93a-429d-908b-f98e449856e8
2909b61f-50bb-4d62-b4e9-53bede5e5e59,"Meyer, Melissa L. (Melissa Lee)","The White Earth tragedy: ethnicity and dispossession at a
         Minnesota Anishinaabe Reservation, 1889-1920",1994,162,Monograph,Ojibwa,North America,Arctic and Subarctic,hunter-gatherers,,"217,423,563,648,685",https://ehrafworldcultures.yale.edu/sres/2909b61f-50bb-4d62-b4e9-53bede5e5e59
c923a020-5971-45f1-ae39-b8b6963e3344,"Meyer, Melissa L. (Melissa Lee)","The White Earth tragedy: ethnicity and dispossession at a
         Minnesota Anishinaabe Reservation, 1889-1920",1994,163,Monograph,Ojibwa,North America,Arctic and Subarctic,hunter-gatherers,,"217,423,563,648,685",https://ehrafworldcultures.yale.edu/sres/c923a020-5971-45f1-ae39-b8b6963e3344
0787efd5-e716-4576-a017-7f49782970e3,"Meyer, Melissa L. (Melissa Lee)","The White Earth tragedy: ethnicity and dispossession at a
         Minnesota Anishinaabe Reservation, 1889-1920",1994,163,Monograph,Ojibwa,North America,Arctic and Subarctic,hunter-gatherers,,"217,423,563,648,685",https://ehrafworldcultures.yale.edu/sres/0787efd5-e716-4576-a017-7f49782970e3
717c7d66-86fb-4751-9718-676db4ec4bc5,"Meyer, Melissa L. (Melissa Lee)","The White Earth tragedy: ethnicity and dispossession at a
         Minnesota Anishinaabe Reservation, 1889-1920",1994,163,Monograph,Ojibwa,North America,Arctic and Subarctic,hunter-gatherers,,"423,563,648,685",https://ehrafworldcultures.yale.edu/sres/717c7d66-86fb-4751-9718-676db4ec4bc5
aab57a0d-08d8-43eb-a11d-23887048e8df,"Meyer, Melissa L. (Melissa Lee)","The White Earth tragedy: ethnicity and dispossession at a
         Minnesota Anishinaabe Reservation, 1889-1920",1994,163,Monograph,Ojibwa,North America,Arctic and Subarctic,hunter-gatherers,,"423,563,648,685",https://ehrafworldcultures.yale.edu/sres/aab57a0d-08d8-43eb-a11d-23887048e8df
7ca65115-aa06-49f6-aacb-39acca620a25,"Meyer, Melissa L. (Melissa Lee)","The White Earth tragedy: ethnicity and dispossession at a
         Minnesota Anishinaabe Reservation, 1889-1920",1994,164,Monograph,Ojibwa,North America,Arctic and Subarctic,hunter-gatherers,,"423,563,648,685",https://ehrafworldcultures.yale.edu/sres/7ca65115-aa06-49f6-aacb-39acca620a25
1f27016d-c0c8-4ccc-abfb-5430e5b7f338,"Meyer, Melissa L. (Melissa Lee)","The White Earth tragedy: ethnicity and dispossession at a
         Minnesota Anishinaabe Reservation, 1889-1920",1994,165,Monograph,Ojibwa,North America,Arctic and Subarctic,hunter-gatherers,,"423,563,648,685",https://ehrafworldcultures.yale.edu/sres/1f27016d-c0c8-4ccc-abfb-5430e5b7f338
cb65f253-11fb-4fa9-aab8-8a29c15552d0,"Meyer, Melissa L. (Melissa Lee)","The White Earth tragedy: ethnicity and dispossession at a
         Minnesota Anishinaabe Reservation, 1889-1920",1994,165,Monograph,Ojibwa,North America,Arctic and Subarctic,hunter-gatherers,,"423,563,648,685",https://ehrafworldcultures.yale.edu/sres/cb65f253-11fb-4fa9-aab8-8a29c15552d0
b7d56825-202a-4e37-8c31-8d20361a35c0,"Meyer, Melissa L. (Melissa Lee)","The White Earth tragedy: ethnicity and dispossession at a
         Minnesota Anishinaabe Reservation, 1889-1920",1994,165,Monograph,Ojibwa,North America,Arctic and Subarctic,hunter-gatherers,,"423,563,648,685",https://ehrafworldcultures.yale.edu/sres/b7d56825-202a-4e37-8c31-8d20361a35c0
332e1311-d33d-494d-b462-652d79e18e24,"Meyer, Melissa L. (Melissa Lee)","The White Earth tragedy: ethnicity and dispossession at a
         Minnesota Anishinaabe Reservation, 1889-1920",1994,165,Monograph,Ojibwa,North America,Arctic and Subarctic,hunter-gatherers,,"423,563,648,685",https://ehrafworldcultures.yale.edu/sres/332e1311-d33d-494d-b462-652d79e18e24
b18f9fc2-c9e9-402d-87ad-e5ee320fa1cb,"Meyer, Melissa L. (Melissa Lee)","The White Earth tragedy: ethnicity and dispossession at a
         Minnesota Anishinaabe Reservation, 1889-1920",1994,166,Monograph,Ojibwa,North America,Arctic and Subarctic,hunter-gatherers,,"423,563,648,685",https://ehrafworldcultures.yale.edu/sres/b18f9fc2-c9e9-402d-87ad-e5ee320fa1cb
e75c28f5-8161-46bc-b884-9bde716b652d,"Meyer, Melissa L. (Melissa Lee)","The White Earth tragedy: ethnicity and dispossession at a
         Minnesota Anishinaabe Reservation, 1889-1920",1994,166,Monograph,Ojibwa,North America,Arctic and Subarctic,hunter-gatherers,,"423,563,648,685",https://ehrafworldcultures.yale.edu/sres/e75c28f5-8161-46bc-b884-9bde716b652d
f9fede9f-2d65-4eb1-afce-3938fc4b89fc,"Meyer, Melissa L. (Melissa Lee)","The White Earth tragedy: ethnicity and dispossession at a
         Minnesota Anishinaabe Reservation, 1889-1920",1994,166,Monograph,Ojibwa,North America,Arctic and Subarctic,hunter-gatherers,,"423,563,648,685",https://ehrafworldcultures.yale.edu/sres/f9fede9f-2d65-4eb1-afce-3938fc4b89fc
6ac78e10-0144-4ba3-b366-fdcf8bfa8f2d,"Meyer, Melissa L. (Melissa Lee)","The White Earth tragedy: ethnicity and dispossession at a
         Minnesota Anishinaabe Reservation, 1889-1920",1994,167,Monograph,Ojibwa,North America,Arctic and Subarctic,hunter-gatherers,,"423,563,648,685",https://ehrafworldcultures.yale.edu/sres/6ac78e10-0144-4ba3-b366-fdcf8bfa8f2d
3415cfe5-93ff-4f4c-a37e-5eb4d73a45f6,"Meyer, Melissa L. (Melissa Lee)","The White Earth tragedy: ethnicity and dispossession at a
         Minnesota Anishinaabe Reservation, 1889-1920",1994,167,Monograph,Ojibwa,North America,Arctic and Subarctic,hunter-gatherers,,"113,423,563,648,685",https://ehrafworldcultures.yale.edu/sres/3415cfe5-93ff-4f4c-a37e-5eb4d73a45f6
5683234e-eff7-45fb-921b-f9dcf77efba5,"Meyer, Melissa L. (Melissa Lee)","The White Earth tragedy: ethnicity and dispossession at a
         Minnesota Anishinaabe Reservation, 1889-1920",1994,167,Monograph,Ojibwa,North America,Arctic and Subarctic,hunter-gatherers,,"143,423,563,648,685",https://ehrafworldcultures.yale.edu/sres/5683234e-eff7-45fb-921b-f9dcf77efba5
3537c448-e283-4258-8aa5-2abbea15927d,"Meyer, Melissa L. (Melissa Lee)","The White Earth tragedy: ethnicity and dispossession at a
         Minnesota Anishinaabe Reservation, 1889-1920",1994,168,Monograph,Ojibwa,North America,Arctic and Subarctic,hunter-gatherers,,"143,217,423,563,648,685",https://ehrafworldcultures.yale.edu/sres/3537c448-e283-4258-8aa5-2abbea15927d
f77e1b7c-5b73-48cf-8aca-cb8c20d9e10b,"Meyer, Melissa L. (Melissa Lee)","The White Earth tragedy: ethnicity and dispossession at a
         Minnesota Anishinaabe Reservation, 1889-1920",1994,168,Monograph,Ojibwa,North America,Arctic and Subarctic,hunter-gatherers,,"113,143,423,563,648,685",https://ehrafworldcultures.yale.edu/sres/f77e1b7c-5b73-48cf-8aca-cb8c20d9e10b
161f60d5-6fd7-467f-83d8-69ffbb53b2a1,"Meyer, Melissa L. (Melissa Lee)","The White Earth tragedy: ethnicity and dispossession at a
         Minnesota Anishinaabe Reservation, 1889-1920",1994,168,Monograph,Ojibwa,North America,Arctic and Subarctic,hunter-gatherers,,"113,143,217,423,563,648,685",https://ehrafworldcultures.yale.edu/sres/161f60d5-6fd7-467f-83d8-69ffbb53b2a1
0ca7c38e-d58e-4381-b86b-4f4e99aff824,"Meyer, Melissa L. (Melissa Lee)","The White Earth tragedy: ethnicity and dispossession at a
         Minnesota Anishinaabe Reservation, 1889-1920",1994,169,Monograph,Ojibwa,North America,Arctic and Subarctic,hunter-gatherers,,"143,217,423,563,648,685",https://ehrafworldcultures.yale.edu/sres/0ca7c38e-d58e-4381-b86b-4f4e99aff824
12773184-3d2e-4450-9f29-a54a4c6f071e,"Meyer, Melissa L. (Melissa Lee)","The White Earth tragedy: ethnicity and dispossession at a
         Minnesota Anishinaabe Reservation, 1889-1920",1994,169,Monograph,Ojibwa,North America,Arctic and Subarctic,hunter-gatherers,,"143,217,423,563,648,685",https://ehrafworldcultures.yale.edu/sres/12773184-3d2e-4450-9f29-a54a4c6f071e
be85ecde-a59b-4c78-9990-a64be44f1e7b,"Meyer, Melissa L. (Melissa Lee)","The White Earth tragedy: ethnicity and dispossession at a
         Minnesota Anishinaabe Reservation, 1889-1920",1994,169,Monograph,Ojibwa,North America,Arctic and Subarctic,hunter-gatherers,,"113,143,423,563,648,685",https://ehrafworldcultures.yale.edu/sres/be85ecde-a59b-4c78-9990-a64be44f1e7b
ca3fc215-0edf-4364-b38f-fe800e994e0b,"Meyer, Melissa L. (Melissa Lee)","The White Earth tragedy: ethnicity and dispossession at a
         Minnesota Anishinaabe Reservation, 1889-1920",1994,170,Monograph,Ojibwa,North America,Arctic and Subarctic,hunter-gatherers,,"143,217,423,563,648,685",https://ehrafworldcultures.yale.edu/sres/ca3fc215-0edf-4364-b38f-fe800e994e0b
439ae9c6-ad35-44c5-bbb7-748b16737100,"Meyer, Melissa L. (Melissa Lee)","The White Earth tragedy: ethnicity and dispossession at a
         Minnesota Anishinaabe Reservation, 1889-1920",1994,170,Monograph,Ojibwa,North America,Arctic and Subarctic,hunter-gatherers,,"143,217,423,563,648,685",https://ehrafworldcultures.yale.edu/sres/439ae9c6-ad35-44c5-bbb7-748b16737100
c08e64f6-1b48-4b9f-885f-bb71122e003b,"Meyer, Melissa L. (Melissa Lee)","The White Earth tragedy: ethnicity and dispossession at a
         Minnesota Anishinaabe Reservation, 1889-1920",1994,170,Monograph,Ojibwa,North America,Arctic and Subarctic,hunter-gatherers,,"113,143,423,563,648,685",https://ehrafworldcultures.yale.edu/sres/c08e64f6-1b48-4b9f-885f-bb71122e003b
459ac43c-43a6-4502-8152-42fb1bc5452f,"Meyer, Melissa L. (Melissa Lee)","The White Earth tragedy: ethnicity and dispossession at a
         Minnesota Anishinaabe Reservation, 1889-1920",1994,170,Monograph,Ojibwa,North America,Arctic and Subarctic,hunter-gatherers,,"113,143,423,563,648,685",https://ehrafworldcultures.yale.edu/sres/459ac43c-43a6-4502-8152-42fb1bc5452f
bbc8383d-0659-46f5-929a-f637432307a9,"Meyer, Melissa L. (Melissa Lee)","The White Earth tragedy: ethnicity and dispossession at a
         Minnesota Anishinaabe Reservation, 1889-1920",1994,171,Monograph,Ojibwa,North America,Arctic and Subarctic,hunter-gatherers,,"171,423,685",https://ehrafworldcultures.yale.edu/sres/bbc8383d-0659-46f5-929a-f637432307a9
1a6ff621-39ba-46d2-9029-dd2048fd26ba,"Meyer, Melissa L. (Melissa Lee)","The White Earth tragedy: ethnicity and dispossession at a
         Minnesota Anishinaabe Reservation, 1889-1920",1994,171,Monograph,Ojibwa,North America,Arctic and Subarctic,hunter-gatherers,,"113,171,423,685",https://ehrafworldcultures.yale.edu/sres/1a6ff621-39ba-46d2-9029-dd2048fd26ba
997cf9c5-5c7d-480b-83de-812ff0ea86e0,"Meyer, Melissa L. (Melissa Lee)","The White Earth tragedy: ethnicity and dispossession at a
         Minnesota Anishinaabe Reservation, 1889-1920",1994,171,Monograph,Ojibwa,North America,Arctic and Subarctic,hunter-gatherers,,"648,685",https://ehrafworldcultures.yale.edu/sres/997cf9c5-5c7d-480b-83de-812ff0ea86e0
b3880911-cfb9-40b2-a26b-884918b30254,"Meyer, Melissa L. (Melissa Lee)","The White Earth tragedy: ethnicity and dispossession at a
         Minnesota Anishinaabe Reservation, 1889-1920",1994,175,Monograph,Ojibwa,North America,Arctic and Subarctic,hunter-gatherers,,"648,685,814",https://ehrafworldcultures.yale.edu/sres/b3880911-cfb9-40b2-a26b-884918b30254
da684978-50c9-4832-9d7c-f85e19de316d,"Meyer, Melissa L. (Melissa Lee)","The White Earth tragedy: ethnicity and dispossession at a
         Minnesota Anishinaabe Reservation, 1889-1920",1994,181,Monograph,Ojibwa,North America,Arctic and Subarctic,hunter-gatherers,,"217,665,685",https://ehrafworldcultures.yale.edu/sres/da684978-50c9-4832-9d7c-f85e19de316d
8b5d9226-1975-4c33-9061-e7a9d3002d57,"Meyer, Melissa L. (Melissa Lee)","The White Earth tragedy: ethnicity and dispossession at a
         Minnesota Anishinaabe Reservation, 1889-1920",1994,182,Monograph,Ojibwa,North America,Arctic and Subarctic,hunter-gatherers,,"563,648,665,685",https://ehrafworldcultures.yale.edu/sres/8b5d9226-1975-4c33-9061-e7a9d3002d57
76816ef7-0ebd-463e-960f-3005ad6af536,"Meyer, Melissa L. (Melissa Lee)","The White Earth tragedy: ethnicity and dispossession at a
         Minnesota Anishinaabe Reservation, 1889-1920",1994,196,Monograph,Ojibwa,North America,Arctic and Subarctic,hunter-gatherers,,"423,646,648,662,665,685",https://ehrafworldcultures.yale.edu/sres/76816ef7-0ebd-463e-960f-3005ad6af536
b8a6f3b6-a80d-4688-a09f-73e4a781c3a3,"Meyer, Melissa L. (Melissa Lee)","The White Earth tragedy: ethnicity and dispossession at a
         Minnesota Anishinaabe Reservation, 1889-1920",1994,196,Monograph,Ojibwa,North America,Arctic and Subarctic,hunter-gatherers,,"217,423,646,648,662,665,685",https://ehrafworldcultures.yale.edu/sres/b8a6f3b6-a80d-4688-a09f-73e4a781c3a3
5e367bca-dff6-44b7-b8d0-d6f179c00e9f,"Meyer, Melissa L. (Melissa Lee)","The White Earth tragedy: ethnicity and dispossession at a
         Minnesota Anishinaabe Reservation, 1889-1920",1994,196,Monograph,Ojibwa,North America,Arctic and Subarctic,hunter-gatherers,,"217,423,646,648,662,665,685",https://ehrafworldcultures.yale.edu/sres/5e367bca-dff6-44b7-b8d0-d6f179c00e9f
4bd531c8-bf8f-4a90-a826-6f21c486cbc3,"Meyer, Melissa L. (Melissa Lee)","The White Earth tragedy: ethnicity and dispossession at a
         Minnesota Anishinaabe Reservation, 1889-1920",1994,197,Monograph,Ojibwa,North America,Arctic and Subarctic,hunter-gatherers,,"646,662,665,683,691",https://ehrafworldcultures.yale.edu/sres/4bd531c8-bf8f-4a90-a826-6f21c486cbc3
39cb45ca-7322-4048-b199-522cd5acd5b6,"Meyer, Melissa L. (Melissa Lee)","The White Earth tragedy: ethnicity and dispossession at a
         Minnesota Anishinaabe Reservation, 1889-1920",1994,208,Monograph,Ojibwa,North America,Arctic and Subarctic,hunter-gatherers,,"217,423,648,685",https://ehrafworldcultures.yale.edu/sres/39cb45ca-7322-4048-b199-522cd5acd5b6
8d6e62ba-6f76-42e0-8bc2-eae6b38d1402,"Meyer, Melissa L. (Melissa Lee)","The White Earth tragedy: ethnicity and dispossession at a
         Minnesota Anishinaabe Reservation, 1889-1920",1994,209,Monograph,Ojibwa,North America,Arctic and Subarctic,hunter-gatherers,,"423,685",https://ehrafworldcultures.yale.edu/sres/8d6e62ba-6f76-42e0-8bc2-eae6b38d1402
d64ac700-fd25-4d79-9914-432224e57c61,"Meyer, Melissa L. (Melissa Lee)","The White Earth tragedy: ethnicity and dispossession at a
         Minnesota Anishinaabe Reservation, 1889-1920",1994,209,Monograph,Ojibwa,North America,Arctic and Subarctic,hunter-gatherers,,"217,423,685,884",https://ehrafworldcultures.yale.edu/sres/d64ac700-fd25-4d79-9914-432224e57c61
800eacac-dacc-4b75-af5c-c20d3c508b75,"Meyer, Melissa L. (Melissa Lee)","The White Earth tragedy: ethnicity and dispossession at a
         Minnesota Anishinaabe Reservation, 1889-1920",1994,210,Monograph,Ojibwa,North America,Arctic and Subarctic,hunter-gatherers,,"372,423,491,685",https://ehrafworldcultures.yale.edu/sres/800eacac-dacc-4b75-af5c-c20d3c508b75
ba23e197-0837-4ca1-972a-17c58615c326,"Meyer, Melissa L. (Melissa Lee)","The White Earth tragedy: ethnicity and dispossession at a
         Minnesota Anishinaabe Reservation, 1889-1920",1994,211,Monograph,Ojibwa,North America,Arctic and Subarctic,hunter-gatherers,,"217,313,411,463,668,685",https://ehrafworldcultures.yale.edu/sres/ba23e197-0837-4ca1-972a-17c58615c326
de0f8452-a072-48b5-b855-2bf494da7c3b,"Meyer, Melissa L. (Melissa Lee)","The White Earth tragedy: ethnicity and dispossession at a
         Minnesota Anishinaabe Reservation, 1889-1920",1994,213,Monograph,Ojibwa,North America,Arctic and Subarctic,hunter-gatherers,,"217,429,454,657,685",https://ehrafworldcultures.yale.edu/sres/de0f8452-a072-48b5-b855-2bf494da7c3b
95e3134c-b8c6-44c3-8a9e-4f7cf4f6788d,"Meyer, Melissa L. (Melissa Lee)","The White Earth tragedy: ethnicity and dispossession at a
         Minnesota Anishinaabe Reservation, 1889-1920",1994,217,Monograph,Ojibwa,North America,Arctic and Subarctic,hunter-gatherers,,"222,312,318,685",https://ehrafworldcultures.yale.edu/sres/95e3134c-b8c6-44c3-8a9e-4f7cf4f6788d
8934337b-a91c-4b6a-b542-3971a3b824a1,"Meyer, Melissa L. (Melissa Lee)","The White Earth tragedy: ethnicity and dispossession at a
         Minnesota Anishinaabe Reservation, 1889-1920",1994,224,Monograph,Ojibwa,North America,Arctic and Subarctic,hunter-gatherers,,"173,177,217,423,682",https://ehrafworldcultures.yale.edu/sres/8934337b-a91c-4b6a-b542-3971a3b824a1
e013bdab-3841-490b-81d9-010f2e1f12c4,"Meyer, Melissa L. (Melissa Lee)","The White Earth tragedy: ethnicity and dispossession at a
         Minnesota Anishinaabe Reservation, 1889-1920",1994,229,Monograph,Ojibwa,North America,Arctic and Subarctic,hunter-gatherers,,"217,423,648,685",https://ehrafworldcultures.yale.edu/sres/e013bdab-3841-490b-81d9-010f2e1f12c4
07e0c6ee-a9ac-4e59-8c58-057e5575e3b7,"Meyer, Melissa L. (Melissa Lee)","The White Earth tragedy: ethnicity and dispossession at a
         Minnesota Anishinaabe Reservation, 1889-1920",1994,230,Monograph,Ojibwa,North America,Arctic and Subarctic,hunter-gatherers,,"423,648,685",https://ehrafworldcultures.yale.edu/sres/07e0c6ee-a9ac-4e59-8c58-057e5575e3b7
25282c88-b075-4afe-a106-287ea938c30a,"Meyer, Melissa L. (Melissa Lee)","The White Earth tragedy: ethnicity and dispossession at a
         Minnesota Anishinaabe Reservation, 1889-1920",1994,230,Monograph,Ojibwa,North America,Arctic and Subarctic,hunter-gatherers,,"217,423,648,685",https://ehrafworldcultures.yale.edu/sres/25282c88-b075-4afe-a106-287ea938c30a
ce1042d9-859b-4d94-bf43-e28eb6a49cf4,"Meyer, Melissa L. (Melissa Lee)","The White Earth tragedy: ethnicity and dispossession at a
         Minnesota Anishinaabe Reservation, 1889-1920",1994,231,Monograph,Ojibwa,North America,Arctic and Subarctic,hunter-gatherers,,"113,423,648,685",https://ehrafworldcultures.yale.edu/sres/ce1042d9-859b-4d94-bf43-e28eb6a49cf4
7df3a05d-0e90-4b5b-addd-ce6919a996df,"Meyer, Melissa L. (Melissa Lee)","The White Earth tragedy: ethnicity and dispossession at a
         Minnesota Anishinaabe Reservation, 1889-1920",1994,231,Monograph,Ojibwa,North America,Arctic and Subarctic,hunter-gatherers,,"113,423,648,685",https://ehrafworldcultures.yale.edu/sres/7df3a05d-0e90-4b5b-addd-ce6919a996df
f0c98389-f0c6-48a1-8572-c31ed93d59be,"Meyer, Melissa L. (Melissa Lee)","The White Earth tragedy: ethnicity and dispossession at a
         Minnesota Anishinaabe Reservation, 1889-1920",1994,232,Monograph,Ojibwa,North America,Arctic and Subarctic,hunter-gatherers,,"423,648,685",https://ehrafworldcultures.yale.edu/sres/f0c98389-f0c6-48a1-8572-c31ed93d59be
30170152-39dd-4784-afa9-7153fcdecaf0,"Meyer, Melissa L. (Melissa Lee)","The White Earth tragedy: ethnicity and dispossession at a
         Minnesota Anishinaabe Reservation, 1889-1920",1994,232,Monograph,Ojibwa,North America,Arctic and Subarctic,hunter-gatherers,,"113,217,423,641,648,668,685,686,687",https://ehrafworldcultures.yale.edu/sres/30170152-39dd-4784-afa9-7153fcdecaf0
885d1d31-146c-4b0e-b530-84d6db2465a3,"Meyer, Melissa L. (Melissa Lee)","The White Earth tragedy: ethnicity and dispossession at a
         Minnesota Anishinaabe Reservation, 1889-1920",1994,234,Monograph,Ojibwa,North America,Arctic and Subarctic,hunter-gatherers,,"159,423,563,685",https://ehrafworldcultures.yale.edu/sres/885d1d31-146c-4b0e-b530-84d6db2465a3
cb362e37-bb2e-4b1e-8be5-555d6f7c9873,"Meyer, Melissa L. (Melissa Lee)","The White Earth tragedy: ethnicity and dispossession at a
         Minnesota Anishinaabe Reservation, 1889-1920",1994,234,Monograph,Ojibwa,North America,Arctic and Subarctic,hunter-gatherers,,"113,143,159,423,563,685",https://ehrafworldcultures.yale.edu/sres/cb362e37-bb2e-4b1e-8be5-555d6f7c9873
93f0b736-89a7-420c-aff7-b417870e7928,"Meyer, Melissa L. (Melissa Lee)","The White Earth tragedy: ethnicity and dispossession at a
         Minnesota Anishinaabe Reservation, 1889-1920",1994,235,Monograph,Ojibwa,North America,Arctic and Subarctic,hunter-gatherers,,"217,683,733,735,829",https://ehrafworldcultures.yale.edu/sres/93f0b736-89a7-420c-aff7-b417870e7928
