uuid,Primary_Author,Title,Published,Page,DocType,Culture,Region,Subregion,Subsistence,OCM,IDs,Permalink
43aacff2-71a1-48a1-b584-c848004f9f90,"Pospisil, Leopold J.","Structural change and primitive law: consequences of a Papuan
         legal case",1969,213,Essay,Kapauku,Oceania,Melanesia,intensive agriculturalists,,"554,577,583,626,684,696",https://ehrafworldcultures.yale.edu/sres/43aacff2-71a1-48a1-b584-c848004f9f90
8ae4cae1-9bd6-4a1e-8195-2d243e8fbde1,"Gratton, Nancy",Culture summary: Kapauku,1998,7,Manuscript,Kapauku,Oceania,Melanesia,intensive agriculturalists,,"622,626,627,681,692,695",https://ehrafworldcultures.yale.edu/sres/8ae4cae1-9bd6-4a1e-8195-2d243e8fbde1
2ba3c7b7-5fae-494a-b72b-3fd359e17c1c,"Pospisil, Leopold J.",Kapauku Papuans and their law,1958,165,Monograph,Kapauku,Oceania,Melanesia,intensive agriculturalists,,"177,684,696,835",https://ehrafworldcultures.yale.edu/sres/2ba3c7b7-5fae-494a-b72b-3fd359e17c1c
a8804451-e8e7-4cd2-a7c8-aa41a7f55f44,"Pospisil, Leopold J.",Kapauku Papuans and their law,1958,165,Monograph,Kapauku,Oceania,Melanesia,intensive agriculturalists,,"177,684,696,835",https://ehrafworldcultures.yale.edu/sres/a8804451-e8e7-4cd2-a7c8-aa41a7f55f44
cc6925f5-8c44-4c2e-9260-a06da3ef9a4d,"Pospisil, Leopold J.",Kapauku Papuans and their law,1958,165,Monograph,Kapauku,Oceania,Melanesia,intensive agriculturalists,,"177,684,696,835",https://ehrafworldcultures.yale.edu/sres/cc6925f5-8c44-4c2e-9260-a06da3ef9a4d
1864eb33-581f-40f5-a194-6aa34c840bb2,"Pospisil, Leopold J.",Kapauku Papuans and their law,1958,165,Monograph,Kapauku,Oceania,Melanesia,intensive agriculturalists,,"177,684,696,835",https://ehrafworldcultures.yale.edu/sres/1864eb33-581f-40f5-a194-6aa34c840bb2
9819d962-e995-4e46-b3e8-0cf5915bdcdd,"Pospisil, Leopold J.",Kapauku Papuans and their law,1958,166,Monograph,Kapauku,Oceania,Melanesia,intensive agriculturalists,,"177,684,696,835",https://ehrafworldcultures.yale.edu/sres/9819d962-e995-4e46-b3e8-0cf5915bdcdd
9fc693ce-144e-4da8-b218-2573a528473a,"Pospisil, Leopold J.",Kapauku Papuans and their law,1958,166,Monograph,Kapauku,Oceania,Melanesia,intensive agriculturalists,,"177,684,696,835",https://ehrafworldcultures.yale.edu/sres/9fc693ce-144e-4da8-b218-2573a528473a
4244b582-334f-4cea-85be-5a23e5659524,"Pospisil, Leopold J.",Kapauku Papuans and their law,1958,190,Monograph,Kapauku,Oceania,Melanesia,intensive agriculturalists,,"685,696",https://ehrafworldcultures.yale.edu/sres/4244b582-334f-4cea-85be-5a23e5659524
02816509-09b3-45a5-9d3d-03288772f855,"Pospisil, Leopold J.",Kapauku Papuans and their law,1958,269,Monograph,Kapauku,Oceania,Melanesia,intensive agriculturalists,,"681,696",https://ehrafworldcultures.yale.edu/sres/02816509-09b3-45a5-9d3d-03288772f855
0ee60cb1-183c-4f13-b98f-8e214e3241ee,"Pospisil, Leopold J.","Modern and traditional administration of justice in New
         Guinea",1981,106,Journal Article,Kapauku,Oceania,Melanesia,intensive agriculturalists,,"535,622,681,692,695,696",https://ehrafworldcultures.yale.edu/sres/0ee60cb1-183c-4f13-b98f-8e214e3241ee
6aebb62d-9044-4553-93d8-a65576a9bd14,"Pospisil, Leopold J.","Modern and traditional administration of justice in New
         Guinea",1981,108,Journal Article,Kapauku,Oceania,Melanesia,intensive agriculturalists,,"181,682,694,696,697",https://ehrafworldcultures.yale.edu/sres/6aebb62d-9044-4553-93d8-a65576a9bd14
701c804e-2eed-4d2b-8b49-0383500871ef,"Pospisil, Leopold J.",The Kapauku Papuans of West New Guinea,1978,115,Monograph,Kapauku,Oceania,Melanesia,intensive agriculturalists,,"142,177,178,241,291,302,312,342,343,361,412,415,499,681,693,696",https://ehrafworldcultures.yale.edu/sres/701c804e-2eed-4d2b-8b49-0383500871ef
f85dd473-0b24-4f36-8442-4b871b06c960,"Pospisil, Leopold J.","Structural change and primitive law: consequences of a Papuan
         legal case",1969,212,Essay,Kapauku,Oceania,Melanesia,intensive agriculturalists,,"152,577,581,583,588,606,622,684,696,835",https://ehrafworldcultures.yale.edu/sres/f85dd473-0b24-4f36-8442-4b871b06c960
49ec6a98-69fa-45e4-97c6-fb2e5dc789ac,"Pospisil, Leopold J.",Kapauku Papuan economy,1963,44,Monograph,Kapauku,Oceania,Melanesia,intensive agriculturalists,,"121,181,554,626,670,681,697",https://ehrafworldcultures.yale.edu/sres/49ec6a98-69fa-45e4-97c6-fb2e5dc789ac
e65ddf15-d370-4253-82a5-c4c6f99e610b,"Pospisil, Leopold J.",Kapauku Papuans and their law,1958,200,Monograph,Kapauku,Oceania,Melanesia,intensive agriculturalists,,"626,672,685",https://ehrafworldcultures.yale.edu/sres/e65ddf15-d370-4253-82a5-c4c6f99e610b
df9b995e-8427-49cb-badb-be5146b68bf4,"Pospisil, Leopold J.",Kapauku Papuans and their law,1958,220,Monograph,Kapauku,Oceania,Melanesia,intensive agriculturalists,,"426,626,686",https://ehrafworldcultures.yale.edu/sres/df9b995e-8427-49cb-badb-be5146b68bf4
359236eb-9d32-4a69-9c23-741416bdfcca,"Pospisil, Leopold J.","Modern and traditional administration of justice in New
         Guinea",1981,97,Journal Article,Kapauku,Oceania,Melanesia,intensive agriculturalists,,"165,556,626,681,697",https://ehrafworldcultures.yale.edu/sres/359236eb-9d32-4a69-9c23-741416bdfcca
55d3ad23-8cb8-43e8-8e7b-334b620033ec,"Pospisil, Leopold J.",Kapauku Papuan political structure,1958,13,Journal Article,Kapauku,Oceania,Melanesia,intensive agriculturalists,,"571,592,627,681",https://ehrafworldcultures.yale.edu/sres/55d3ad23-8cb8-43e8-8e7b-334b620033ec
f3384da4-15c4-45ed-a654-c6fb51c9308e,"Pospisil, Leopold J.",Kapauku Papuans and their law,1958,153,Monograph,Kapauku,Oceania,Melanesia,intensive agriculturalists,,"627,683",https://ehrafworldcultures.yale.edu/sres/f3384da4-15c4-45ed-a654-c6fb51c9308e
877c1ff2-a867-491b-bf74-e8c38902784f,"Pospisil, Leopold J.",Kapauku Papuans and their law,1958,187,Monograph,Kapauku,Oceania,Melanesia,intensive agriculturalists,,"578,627,685",https://ehrafworldcultures.yale.edu/sres/877c1ff2-a867-491b-bf74-e8c38902784f
72fab907-23b5-4020-862a-fb8b7cef925e,"Pospisil, Leopold J.",Kapauku Papuans and their law,1958,187,Monograph,Kapauku,Oceania,Melanesia,intensive agriculturalists,,"578,627,685",https://ehrafworldcultures.yale.edu/sres/72fab907-23b5-4020-862a-fb8b7cef925e
f2de2885-54cb-4afc-919a-439dbb46c2c7,"Pospisil, Leopold J.",Kapauku Papuans and their law,1958,187,Monograph,Kapauku,Oceania,Melanesia,intensive agriculturalists,,"578,627,685",https://ehrafworldcultures.yale.edu/sres/f2de2885-54cb-4afc-919a-439dbb46c2c7
052fe77a-356c-4d21-92ca-0a537a7e4e78,"Pospisil, Leopold J.",Kapauku Papuans and their law,1958,187,Monograph,Kapauku,Oceania,Melanesia,intensive agriculturalists,,"578,627,685",https://ehrafworldcultures.yale.edu/sres/052fe77a-356c-4d21-92ca-0a537a7e4e78
e25d626c-55b6-48a0-aa11-f7a61c703894,"Pospisil, Leopold J.",Kapauku Papuans and their law,1958,187,Monograph,Kapauku,Oceania,Melanesia,intensive agriculturalists,,"578,627,685",https://ehrafworldcultures.yale.edu/sres/e25d626c-55b6-48a0-aa11-f7a61c703894
7fa043ec-4017-432e-af0b-644b9454bec0,"Pospisil, Leopold J.",Kapauku Papuans and their law,1958,187,Monograph,Kapauku,Oceania,Melanesia,intensive agriculturalists,,"578,627,685",https://ehrafworldcultures.yale.edu/sres/7fa043ec-4017-432e-af0b-644b9454bec0
1745eb3d-a344-4d30-9a33-680fb19848bc,"Pospisil, Leopold J.",Kapauku Papuans and their law,1958,187,Monograph,Kapauku,Oceania,Melanesia,intensive agriculturalists,,"578,627,685",https://ehrafworldcultures.yale.edu/sres/1745eb3d-a344-4d30-9a33-680fb19848bc
e03e39c3-ddac-43d2-aa1a-8b1dabaaf696,"Pospisil, Leopold J.",Kapauku Papuans and their law,1958,187,Monograph,Kapauku,Oceania,Melanesia,intensive agriculturalists,,"578,627,685",https://ehrafworldcultures.yale.edu/sres/e03e39c3-ddac-43d2-aa1a-8b1dabaaf696
766dddaf-9055-4a26-8e7f-7337c110ed66,"Pospisil, Leopold J.",Kapauku Papuans and their law,1958,188,Monograph,Kapauku,Oceania,Melanesia,intensive agriculturalists,,"578,627,685",https://ehrafworldcultures.yale.edu/sres/766dddaf-9055-4a26-8e7f-7337c110ed66
b5379789-4be3-4df8-85bc-d794d985caca,"Pospisil, Leopold J.",Kapauku Papuans and their law,1958,188,Monograph,Kapauku,Oceania,Melanesia,intensive agriculturalists,,"578,627,685",https://ehrafworldcultures.yale.edu/sres/b5379789-4be3-4df8-85bc-d794d985caca
aab3995c-8cd3-413e-9c2d-101fb2e1e01d,"Pospisil, Leopold J.",Kapauku Papuans and their law,1958,188,Monograph,Kapauku,Oceania,Melanesia,intensive agriculturalists,,"578,627,685",https://ehrafworldcultures.yale.edu/sres/aab3995c-8cd3-413e-9c2d-101fb2e1e01d
fd1f12bd-2e97-4f97-989b-68680284fa14,"Pospisil, Leopold J.",Kapauku Papuans and their law,1958,197,Monograph,Kapauku,Oceania,Melanesia,intensive agriculturalists,,"627,685",https://ehrafworldcultures.yale.edu/sres/fd1f12bd-2e97-4f97-989b-68680284fa14
4e9c0831-6af0-48db-9045-acbc0b5315c0,"Pospisil, Leopold J.",Kapauku Papuans and their law,1958,198,Monograph,Kapauku,Oceania,Melanesia,intensive agriculturalists,,"578,627,672,685",https://ehrafworldcultures.yale.edu/sres/4e9c0831-6af0-48db-9045-acbc0b5315c0
ff0020e8-fe11-485e-9364-d963ceb09885,"Pospisil, Leopold J.",Kapauku Papuans and their law,1958,230,Monograph,Kapauku,Oceania,Melanesia,intensive agriculturalists,,"627,686",https://ehrafworldcultures.yale.edu/sres/ff0020e8-fe11-485e-9364-d963ceb09885
385ec5cd-0e6d-41d8-8d8a-ceefeb1c94d7,"Pospisil, Leopold J.",Kapauku Papuans and their law,1958,230,Monograph,Kapauku,Oceania,Melanesia,intensive agriculturalists,,"627,686",https://ehrafworldcultures.yale.edu/sres/385ec5cd-0e6d-41d8-8d8a-ceefeb1c94d7
9d039881-8ffc-45bb-b6ea-f7bd91dbc612,"Pospisil, Leopold J.",Kapauku Papuans and their law,1958,230,Monograph,Kapauku,Oceania,Melanesia,intensive agriculturalists,,"627,686",https://ehrafworldcultures.yale.edu/sres/9d039881-8ffc-45bb-b6ea-f7bd91dbc612
65ba50d6-93cb-43b9-88d6-beb1fc6e1f64,"Pospisil, Leopold J.",Kapauku Papuans and their law,1958,230,Monograph,Kapauku,Oceania,Melanesia,intensive agriculturalists,,"627,686",https://ehrafworldcultures.yale.edu/sres/65ba50d6-93cb-43b9-88d6-beb1fc6e1f64
a00da28a-b29f-4949-94c2-9f6d42c4b4a4,"Pospisil, Leopold J.",Kapauku Papuans and their law,1958,230,Monograph,Kapauku,Oceania,Melanesia,intensive agriculturalists,,"627,686",https://ehrafworldcultures.yale.edu/sres/a00da28a-b29f-4949-94c2-9f6d42c4b4a4
65741c36-4371-4514-8b64-ae00b8657937,"Pospisil, Leopold J.",Kapauku Papuans and their law,1958,230,Monograph,Kapauku,Oceania,Melanesia,intensive agriculturalists,,"627,686",https://ehrafworldcultures.yale.edu/sres/65741c36-4371-4514-8b64-ae00b8657937
b520c5e6-da82-457e-8e52-d53c474dffe5,"Pospisil, Leopold J.",Kapauku Papuans and their law,1958,230,Monograph,Kapauku,Oceania,Melanesia,intensive agriculturalists,,"627,686",https://ehrafworldcultures.yale.edu/sres/b520c5e6-da82-457e-8e52-d53c474dffe5
28604599-762a-4e2e-8ef6-ea01f16ecfce,"Pospisil, Leopold J.",Kapauku Papuans and their law,1958,231,Monograph,Kapauku,Oceania,Melanesia,intensive agriculturalists,,"627,686",https://ehrafworldcultures.yale.edu/sres/28604599-762a-4e2e-8ef6-ea01f16ecfce
c4bf96f7-5a2d-478b-8873-f2296142ca41,"Pospisil, Leopold J.",Kapauku Papuans and their law,1958,231,Monograph,Kapauku,Oceania,Melanesia,intensive agriculturalists,,"627,686",https://ehrafworldcultures.yale.edu/sres/c4bf96f7-5a2d-478b-8873-f2296142ca41
0d61d608-4d46-462f-87c8-1a853c20a23b,"Pospisil, Leopold J.",Kapauku Papuans and their law,1958,231,Monograph,Kapauku,Oceania,Melanesia,intensive agriculturalists,,"627,686",https://ehrafworldcultures.yale.edu/sres/0d61d608-4d46-462f-87c8-1a853c20a23b
354888e7-6a36-4887-ae97-be3646780790,"Pospisil, Leopold J.",Kapauku Papuans and their law,1958,231,Monograph,Kapauku,Oceania,Melanesia,intensive agriculturalists,,"627,686",https://ehrafworldcultures.yale.edu/sres/354888e7-6a36-4887-ae97-be3646780790
ab7ffb97-0a58-4739-a1ad-3f8fb2da0157,"Pospisil, Leopold J.",Kapauku Papuans and their law,1958,231,Monograph,Kapauku,Oceania,Melanesia,intensive agriculturalists,,"627,686",https://ehrafworldcultures.yale.edu/sres/ab7ffb97-0a58-4739-a1ad-3f8fb2da0157
d4f7d5e0-3fb5-491b-bcd9-1bf6e7aa17e3,"Pospisil, Leopold J.",Kapauku Papuans and their law,1958,231,Monograph,Kapauku,Oceania,Melanesia,intensive agriculturalists,,"627,686",https://ehrafworldcultures.yale.edu/sres/d4f7d5e0-3fb5-491b-bcd9-1bf6e7aa17e3
f87edac1-8c11-43f7-88cc-e7428afa54db,"Pospisil, Leopold J.",Kapauku Papuans and their law,1958,231,Monograph,Kapauku,Oceania,Melanesia,intensive agriculturalists,,"627,686",https://ehrafworldcultures.yale.edu/sres/f87edac1-8c11-43f7-88cc-e7428afa54db
4c14b8fd-029a-418b-8c09-cd97d26bb0a1,"Pospisil, Leopold J.",Kapauku Papuans and their law,1958,231,Monograph,Kapauku,Oceania,Melanesia,intensive agriculturalists,,"627,686",https://ehrafworldcultures.yale.edu/sres/4c14b8fd-029a-418b-8c09-cd97d26bb0a1
7e569b44-6335-4b5b-9a2d-4b5b5a95fc41,"Pospisil, Leopold J.",Kapauku Papuans and their law,1958,231,Monograph,Kapauku,Oceania,Melanesia,intensive agriculturalists,,"627,686",https://ehrafworldcultures.yale.edu/sres/7e569b44-6335-4b5b-9a2d-4b5b5a95fc41
ed57c100-6e4f-47e9-a901-056e4307814f,"Pospisil, Leopold J.",Kapauku Papuans and their law,1958,231,Monograph,Kapauku,Oceania,Melanesia,intensive agriculturalists,,"627,686",https://ehrafworldcultures.yale.edu/sres/ed57c100-6e4f-47e9-a901-056e4307814f
cc804fa5-5e73-41c9-b364-06f630879574,"Pospisil, Leopold J.",Kapauku Papuans and their law,1958,231,Monograph,Kapauku,Oceania,Melanesia,intensive agriculturalists,,"627,686",https://ehrafworldcultures.yale.edu/sres/cc804fa5-5e73-41c9-b364-06f630879574
c201ddc5-d85e-4880-a4f4-f558b9baf335,"Pospisil, Leopold J.",Kapauku Papuans and their law,1958,231,Monograph,Kapauku,Oceania,Melanesia,intensive agriculturalists,,"627,686",https://ehrafworldcultures.yale.edu/sres/c201ddc5-d85e-4880-a4f4-f558b9baf335
f340aeb3-38fe-43de-acfd-eb33293b373a,"Pospisil, Leopold J.","Structural change and primitive law: consequences of a Papuan
         legal case",1969,214,Essay,Kapauku,Oceania,Melanesia,intensive agriculturalists,,"583,613,627,672,684,686",https://ehrafworldcultures.yale.edu/sres/f340aeb3-38fe-43de-acfd-eb33293b373a
84835a3d-c53e-471e-a48f-4b1b0894fe5a,"Pospisil, Leopold J.",Kapauku Papuans and their law,1958,264,Monograph,Kapauku,Oceania,Melanesia,intensive agriculturalists,,"516,671,696",https://ehrafworldcultures.yale.edu/sres/84835a3d-c53e-471e-a48f-4b1b0894fe5a
4eb7ddf3-4815-414c-a1cf-4fd5300cc237,"Pospisil, Leopold J.","Modern and traditional administration of justice in New
         Guinea",1981,99,Journal Article,Kapauku,Oceania,Melanesia,intensive agriculturalists,,"622,647,674,692,693,696",https://ehrafworldcultures.yale.edu/sres/4eb7ddf3-4815-414c-a1cf-4fd5300cc237
98f529b6-79f3-4507-a0f2-73399ba1d15f,"Pospisil, Leopold J.",The Kapauku Papuans of West New Guinea,1978,58,Monograph,Kapauku,Oceania,Melanesia,intensive agriculturalists,,"577,622,631,648,696,721,726",https://ehrafworldcultures.yale.edu/sres/98f529b6-79f3-4507-a0f2-73399ba1d15f
43457b64-8bbe-4eb1-a2e2-fcdcc41ba8e8,"Pospisil, Leopold J.",Kapauku Papuan economy,1963,21,Monograph,Kapauku,Oceania,Melanesia,intensive agriculturalists,,"124,626",https://ehrafworldcultures.yale.edu/sres/43457b64-8bbe-4eb1-a2e2-fcdcc41ba8e8
84b71f18-8f0f-4a5b-8885-a37b0441a1cd,"Pospisil, Leopold J.",Kapauku Papuan economy,1963,45,Monograph,Kapauku,Oceania,Melanesia,intensive agriculturalists,,"157,164,426,554,556,622,626,756,888",https://ehrafworldcultures.yale.edu/sres/84b71f18-8f0f-4a5b-8885-a37b0441a1cd
82a6170d-0a22-486c-b796-53fff0f9cdea,"Pospisil, Leopold J.",Kapauku Papuan economy,1963,63,Monograph,Kapauku,Oceania,Melanesia,intensive agriculturalists,,"562,581,582,587,626,754,842",https://ehrafworldcultures.yale.edu/sres/82a6170d-0a22-486c-b796-53fff0f9cdea
a02a15d4-0971-48a0-a01e-dbc567bcb6b5,"Pospisil, Leopold J.",Kapauku Papuan economy,1963,146,Monograph,Kapauku,Oceania,Melanesia,intensive agriculturalists,,"462,626",https://ehrafworldcultures.yale.edu/sres/a02a15d4-0971-48a0-a01e-dbc567bcb6b5
08dfe95d-8af2-427b-a587-1b900b59e379,"Pospisil, Leopold J.",Kapauku Papuan economy,1963,156,Monograph,Kapauku,Oceania,Melanesia,intensive agriculturalists,,"464,465,626,674",https://ehrafworldcultures.yale.edu/sres/08dfe95d-8af2-427b-a587-1b900b59e379
1bb89dbf-3c99-4062-82a3-c9e499cb66c1,"Pospisil, Leopold J.",Kapauku Papuan economy,1963,157,Monograph,Kapauku,Oceania,Melanesia,intensive agriculturalists,,"626,753,784,824",https://ehrafworldcultures.yale.edu/sres/1bb89dbf-3c99-4062-82a3-c9e499cb66c1
c617e24b-8157-4fe0-92bd-f2b9c1292f86,"Pospisil, Leopold J.",Kapauku Papuan economy,1963,295,Monograph,Kapauku,Oceania,Melanesia,intensive agriculturalists,,"423,626",https://ehrafworldcultures.yale.edu/sres/c617e24b-8157-4fe0-92bd-f2b9c1292f86
af864c40-564e-4b3b-8f0d-631b1b40cb79,"Pospisil, Leopold J.",Kapauku Papuans and their law,1958,29,Monograph,Kapauku,Oceania,Melanesia,intensive agriculturalists,,"626,754",https://ehrafworldcultures.yale.edu/sres/af864c40-564e-4b3b-8f0d-631b1b40cb79
d2c52a67-58fe-4b67-ad57-5da9c5f8ccad,"Pospisil, Leopold J.",Kapauku Papuans and their law,1958,81,Monograph,Kapauku,Oceania,Melanesia,intensive agriculturalists,,"602,622,626",https://ehrafworldcultures.yale.edu/sres/d2c52a67-58fe-4b67-ad57-5da9c5f8ccad
4d5c094b-27b1-46f8-a821-a710030a3be5,"Pospisil, Leopold J.",Kapauku Papuans and their law,1958,82,Monograph,Kapauku,Oceania,Melanesia,intensive agriculturalists,,"622,626,736",https://ehrafworldcultures.yale.edu/sres/4d5c094b-27b1-46f8-a821-a710030a3be5
9b1fedae-8ac1-40a3-ae30-3f4d210687fc,"Pospisil, Leopold J.",Kapauku Papuans and their law,1958,82,Monograph,Kapauku,Oceania,Melanesia,intensive agriculturalists,,"578,622,626",https://ehrafworldcultures.yale.edu/sres/9b1fedae-8ac1-40a3-ae30-3f4d210687fc
d98ad22f-7871-4ee3-9527-9e693abaf981,"Pospisil, Leopold J.",Kapauku Papuans and their law,1958,109,Monograph,Kapauku,Oceania,Melanesia,intensive agriculturalists,,"157,579,602,621,622,626",https://ehrafworldcultures.yale.edu/sres/d98ad22f-7871-4ee3-9527-9e693abaf981
c4182e5c-6ce0-4694-8f9e-7de6fb83e185,"Pospisil, Leopold J.",Kapauku Papuans and their law,1958,109,Monograph,Kapauku,Oceania,Melanesia,intensive agriculturalists,,"579,621,626",https://ehrafworldcultures.yale.edu/sres/c4182e5c-6ce0-4694-8f9e-7de6fb83e185
7230ecb4-f62e-42c4-a2d4-2636f3da7db6,"Pospisil, Leopold J.",Kapauku Papuans and their law,1958,133,Monograph,Kapauku,Oceania,Melanesia,intensive agriculturalists,,"562,578,584,593,595,626,857",https://ehrafworldcultures.yale.edu/sres/7230ecb4-f62e-42c4-a2d4-2636f3da7db6
f5789d1b-24c4-43aa-8dac-d5265eaf2af6,"Pospisil, Leopold J.","Modern and traditional administration of justice in New
         Guinea",1981,96,Journal Article,Kapauku,Oceania,Melanesia,intensive agriculturalists,,"181,626,671,763,812",https://ehrafworldcultures.yale.edu/sres/f5789d1b-24c4-43aa-8dac-d5265eaf2af6
19fa133f-8908-4eda-a15e-62076dbb339f,"Pospisil, Leopold J.",The Kapauku Papuans of West New Guinea,1978,48,Monograph,Kapauku,Oceania,Melanesia,intensive agriculturalists,,"181,626",https://ehrafworldcultures.yale.edu/sres/19fa133f-8908-4eda-a15e-62076dbb339f
2e14f935-7333-4634-b162-14f598f23ca8,"Pospisil, Leopold J.",The Kapauku Papuans of West New Guinea,1978,48,Monograph,Kapauku,Oceania,Melanesia,intensive agriculturalists,,"452,556,622,626",https://ehrafworldcultures.yale.edu/sres/2e14f935-7333-4634-b162-14f598f23ca8
dc765ab0-3538-42be-a7fd-2708804ba1eb,"Pospisil, Leopold J.",The Kapauku Papuans of West New Guinea,1978,92,Monograph,Kapauku,Oceania,Melanesia,intensive agriculturalists,,626,https://ehrafworldcultures.yale.edu/sres/dc765ab0-3538-42be-a7fd-2708804ba1eb
882a5a92-c53e-4a1f-90f8-70f61c234439,"Pospisil, Leopold J.",Kapauku Papuan political structure,1958,12,Journal Article,Kapauku,Oceania,Melanesia,intensive agriculturalists,,"613,621,622,627",https://ehrafworldcultures.yale.edu/sres/882a5a92-c53e-4a1f-90f8-70f61c234439
9aa572ad-7d52-4ec2-b327-74e4ecaae248,"Pospisil, Leopold J.",Kapauku Papuan political structure,1958,15,Journal Article,Kapauku,Oceania,Melanesia,intensive agriculturalists,,"627,631,665",https://ehrafworldcultures.yale.edu/sres/9aa572ad-7d52-4ec2-b327-74e4ecaae248
d412eacc-098d-4a74-82bf-103deadd1aaa,"Pospisil, Leopold J.",Kapauku Papuan economy,1963,38,Monograph,Kapauku,Oceania,Melanesia,intensive agriculturalists,,"192,592,627",https://ehrafworldcultures.yale.edu/sres/d412eacc-098d-4a74-82bf-103deadd1aaa
89f4134f-5cbe-4101-8d30-1203ea225751,"Pospisil, Leopold J.",Kapauku Papuan economy,1963,41,Monograph,Kapauku,Oceania,Melanesia,intensive agriculturalists,,"578,613,627,631",https://ehrafworldcultures.yale.edu/sres/89f4134f-5cbe-4101-8d30-1203ea225751
695bd6e3-5086-4c1c-88aa-dfffd820f79f,"Pospisil, Leopold J.",Kapauku Papuan economy,1963,58,Monograph,Kapauku,Oceania,Melanesia,intensive agriculturalists,,"157,554,556,558,578,613,621,622,627,628,631,668",https://ehrafworldcultures.yale.edu/sres/695bd6e3-5086-4c1c-88aa-dfffd820f79f
d0090d5c-eb45-4a74-9260-f9f5c6c5b073,"Pospisil, Leopold J.",Kapauku Papuan economy,1963,59,Monograph,Kapauku,Oceania,Melanesia,intensive agriculturalists,,"578,613,621,622,627,628,631,668",https://ehrafworldcultures.yale.edu/sres/d0090d5c-eb45-4a74-9260-f9f5c6c5b073
e99f4bfd-1db1-4391-a791-022bb9d9ebec,"Pospisil, Leopold J.",Kapauku Papuan economy,1963,295,Monograph,Kapauku,Oceania,Melanesia,intensive agriculturalists,,"224,231,627,672",https://ehrafworldcultures.yale.edu/sres/e99f4bfd-1db1-4391-a791-022bb9d9ebec
f07414cc-5457-4ab2-beef-c39dabe3079e,"Pospisil, Leopold J.",Kapauku Papuans and their law,1958,21,Monograph,Kapauku,Oceania,Melanesia,intensive agriculturalists,,"436,627,761,764,775",https://ehrafworldcultures.yale.edu/sres/f07414cc-5457-4ab2-beef-c39dabe3079e
2cc93fb3-247e-49f4-99a0-e1cc4c99a79a,"Pospisil, Leopold J.",Kapauku Papuans and their law,1958,82,Monograph,Kapauku,Oceania,Melanesia,intensive agriculturalists,,"622,627",https://ehrafworldcultures.yale.edu/sres/2cc93fb3-247e-49f4-99a0-e1cc4c99a79a
46ca317f-9462-41d6-9655-8f0aa8b48820,"Pospisil, Leopold J.",Kapauku Papuans and their law,1958,87,Monograph,Kapauku,Oceania,Melanesia,intensive agriculturalists,,"557,572,627",https://ehrafworldcultures.yale.edu/sres/46ca317f-9462-41d6-9655-8f0aa8b48820
2f77b84b-c656-46ff-a36a-46894fae737d,"Pospisil, Leopold J.",Kapauku Papuans and their law,1958,88,Monograph,Kapauku,Oceania,Melanesia,intensive agriculturalists,,"557,572,627",https://ehrafworldcultures.yale.edu/sres/2f77b84b-c656-46ff-a36a-46894fae737d
0de54e73-f667-47ff-b994-cb8022cdf4bf,"Pospisil, Leopold J.",Kapauku Papuans and their law,1958,88,Monograph,Kapauku,Oceania,Melanesia,intensive agriculturalists,,"557,572,627",https://ehrafworldcultures.yale.edu/sres/0de54e73-f667-47ff-b994-cb8022cdf4bf
d24c1bff-360f-45d1-881e-38fac4c9c90e,"Pospisil, Leopold J.",Kapauku Papuans and their law,1958,88,Monograph,Kapauku,Oceania,Melanesia,intensive agriculturalists,,"557,572,627",https://ehrafworldcultures.yale.edu/sres/d24c1bff-360f-45d1-881e-38fac4c9c90e
bb989dcc-b5aa-4525-be88-f39777632657,"Pospisil, Leopold J.",Kapauku Papuans and their law,1958,254,Monograph,Kapauku,Oceania,Melanesia,intensive agriculturalists,,"627,695",https://ehrafworldcultures.yale.edu/sres/bb989dcc-b5aa-4525-be88-f39777632657
050410b7-ce7d-479f-978d-4ec6f1354f26,"Pospisil, Leopold J.",Kapauku Papuans and their law,1958,254,Monograph,Kapauku,Oceania,Melanesia,intensive agriculturalists,,"152,627,695",https://ehrafworldcultures.yale.edu/sres/050410b7-ce7d-479f-978d-4ec6f1354f26
156028dd-1d84-4ced-9190-ac76f0c1542f,"Pospisil, Leopold J.","'I am very sorry I cannot kill you any more': war and peace
         among the Kapauku",1993,114,"Component part(s), monograph",Kapauku,Oceania,Melanesia,intensive agriculturalists,,"411,614,627,631,726",https://ehrafworldcultures.yale.edu/sres/156028dd-1d84-4ced-9190-ac76f0c1542f
fab31ea8-6762-4758-a021-3a468d74acb1,"Pospisil, Leopold J.","'I am very sorry I cannot kill you any more': war and peace
         among the Kapauku",1993,116,"Component part(s), monograph",Kapauku,Oceania,Melanesia,intensive agriculturalists,,"614,622,627,631,721",https://ehrafworldcultures.yale.edu/sres/fab31ea8-6762-4758-a021-3a468d74acb1
9e686310-0d11-4293-b1f9-56da0ae51a16,"Pospisil, Leopold J.",The Kapauku Papuans of West New Guinea,1978,39,Monograph,Kapauku,Oceania,Melanesia,intensive agriculturalists,,"423,578,613,622,627,672",https://ehrafworldcultures.yale.edu/sres/9e686310-0d11-4293-b1f9-56da0ae51a16
cc6ca720-e3f1-41e1-aa2a-4f90fa5d64d0,"Pospisil, Leopold J.",The Kapauku Papuans of West New Guinea,1978,51,Monograph,Kapauku,Oceania,Melanesia,intensive agriculturalists,,"574,622,627,631",https://ehrafworldcultures.yale.edu/sres/cc6ca720-e3f1-41e1-aa2a-4f90fa5d64d0
d09d0d4c-9498-409d-aeb1-ea9bb3860614,"Pospisil, Leopold J.",The Kapauku Papuans of West New Guinea,1978,90,Monograph,Kapauku,Oceania,Melanesia,intensive agriculturalists,,"181,556,622,623,627",https://ehrafworldcultures.yale.edu/sres/d09d0d4c-9498-409d-aeb1-ea9bb3860614
640ed646-9c21-43a9-a040-d76f01bc0849,"Pospisil, Leopold J.",Kapauku Papuan political structure,1958,10,Journal Article,Kapauku,Oceania,Melanesia,intensive agriculturalists,,"614,631,682",https://ehrafworldcultures.yale.edu/sres/640ed646-9c21-43a9-a040-d76f01bc0849
3bf4f994-d1de-426d-b343-80e0f68ec110,"Pospisil, Leopold J.",Kapauku Papuan political structure,1958,19,Journal Article,Kapauku,Oceania,Melanesia,intensive agriculturalists,,"631,671,681",https://ehrafworldcultures.yale.edu/sres/3bf4f994-d1de-426d-b343-80e0f68ec110
4ce77f3c-065f-4032-902d-7a6a044dfd47,"Pospisil, Leopold J.",Kapauku Papuan political structure,1958,19,Journal Article,Kapauku,Oceania,Melanesia,intensive agriculturalists,,"184,614,684,835",https://ehrafworldcultures.yale.edu/sres/4ce77f3c-065f-4032-902d-7a6a044dfd47
fe56f704-1da6-4f6f-8141-1ecf270e58e0,"Pospisil, Leopold J.",Kapauku Papuan political structure,1958,20,Journal Article,Kapauku,Oceania,Melanesia,intensive agriculturalists,,"184,614,631,684,835",https://ehrafworldcultures.yale.edu/sres/fe56f704-1da6-4f6f-8141-1ecf270e58e0
de3c41c7-1128-4405-b6a0-b570c515abb8,"Pospisil, Leopold J.",Kapauku Papuan economy,1963,30,Monograph,Kapauku,Oceania,Melanesia,intensive agriculturalists,,"583,601,602,612,682",https://ehrafworldcultures.yale.edu/sres/de3c41c7-1128-4405-b6a0-b570c515abb8
7d9a8833-59bd-4459-a8bd-9905c7bfef68,"Pospisil, Leopold J.",Kapauku Papuan economy,1963,31,Monograph,Kapauku,Oceania,Melanesia,intensive agriculturalists,,"583,602,682",https://ehrafworldcultures.yale.edu/sres/7d9a8833-59bd-4459-a8bd-9905c7bfef68
6e5e2b8e-3762-462e-8e22-ee06b50604ea,"Pospisil, Leopold J.",Kapauku Papuan economy,1963,49,Monograph,Kapauku,Oceania,Melanesia,intensive agriculturalists,,"681,692",https://ehrafworldcultures.yale.edu/sres/6e5e2b8e-3762-462e-8e22-ee06b50604ea
d275767c-c82b-4e34-94bd-9f57ddcd3cf3,"Pospisil, Leopold J.",Kapauku Papuan economy,1963,49,Monograph,Kapauku,Oceania,Melanesia,intensive agriculturalists,,"178,577,614,622,631,662,671,684",https://ehrafworldcultures.yale.edu/sres/d275767c-c82b-4e34-94bd-9f57ddcd3cf3
cfd08b8e-82bd-44d8-85d9-c3ff1f5a1505,"Pospisil, Leopold J.",Kapauku Papuan economy,1963,102,Monograph,Kapauku,Oceania,Melanesia,intensive agriculturalists,,"242,244,685,691",https://ehrafworldcultures.yale.edu/sres/cfd08b8e-82bd-44d8-85d9-c3ff1f5a1505
2ed0ee1c-1e10-45f2-8b6a-67369a4609b3,"Pospisil, Leopold J.",Kapauku Papuan economy,1963,106,Monograph,Kapauku,Oceania,Melanesia,intensive agriculturalists,,"241,688,726,784,846",https://ehrafworldcultures.yale.edu/sres/2ed0ee1c-1e10-45f2-8b6a-67369a4609b3
76c4c5de-8aa4-4b1d-a6c1-d041a191dc5d,"Pospisil, Leopold J.",Kapauku Papuan economy,1963,127,Monograph,Kapauku,Oceania,Melanesia,intensive agriculturalists,,"137,245,262,681",https://ehrafworldcultures.yale.edu/sres/76c4c5de-8aa4-4b1d-a6c1-d041a191dc5d
799a50e6-730d-4352-8d15-032b112de00e,"Pospisil, Leopold J.",Kapauku Papuan economy,1963,128,Monograph,Kapauku,Oceania,Melanesia,intensive agriculturalists,,"423,613,685",https://ehrafworldcultures.yale.edu/sres/799a50e6-730d-4352-8d15-032b112de00e
24551e6f-4749-4876-9824-cd05780a0f20,"Pospisil, Leopold J.",Kapauku Papuan economy,1963,138,Monograph,Kapauku,Oceania,Melanesia,intensive agriculturalists,,"427,686",https://ehrafworldcultures.yale.edu/sres/24551e6f-4749-4876-9824-cd05780a0f20
11e9d987-24f1-43f0-b064-d8bcb6819f43,"Pospisil, Leopold J.",Kapauku Papuan economy,1963,167,Monograph,Kapauku,Oceania,Melanesia,intensive agriculturalists,,"102,133,241,244,311,351,361,368,487,491,501,685,797",https://ehrafworldcultures.yale.edu/sres/11e9d987-24f1-43f0-b064-d8bcb6819f43
c8e24b27-df0b-47e2-83a8-caa9533772d8,"Pospisil, Leopold J.",Kapauku Papuan economy,1963,198,Monograph,Kapauku,Oceania,Melanesia,intensive agriculturalists,,"423,613,686,692",https://ehrafworldcultures.yale.edu/sres/c8e24b27-df0b-47e2-83a8-caa9533772d8
ca5291ec-d14b-497b-9546-afaad1ee6dc2,"Pospisil, Leopold J.",Kapauku Papuan economy,1963,209,Monograph,Kapauku,Oceania,Melanesia,intensive agriculturalists,,"231,685,691",https://ehrafworldcultures.yale.edu/sres/ca5291ec-d14b-497b-9546-afaad1ee6dc2
934b4035-2e76-4b5c-a5bb-840543961163,"Pospisil, Leopold J.",Kapauku Papuan economy,1963,209,Monograph,Kapauku,Oceania,Melanesia,intensive agriculturalists,,"231,672,685",https://ehrafworldcultures.yale.edu/sres/934b4035-2e76-4b5c-a5bb-840543961163
206769c2-773d-451e-9216-4f3501a88c3c,"Pospisil, Leopold J.",Kapauku Papuan economy,1963,209,Monograph,Kapauku,Oceania,Melanesia,intensive agriculturalists,,"231,672,685",https://ehrafworldcultures.yale.edu/sres/206769c2-773d-451e-9216-4f3501a88c3c
532b095b-2335-4788-be9f-509303beccdd,"Pospisil, Leopold J.",Kapauku Papuan economy,1963,305,Monograph,Kapauku,Oceania,Melanesia,intensive agriculturalists,,"231,436,583,681",https://ehrafworldcultures.yale.edu/sres/532b095b-2335-4788-be9f-509303beccdd
1eea0d3b-2580-4294-ad6b-a4ca050f2ddb,"Pospisil, Leopold J.",Kapauku Papuan economy,1963,350,Monograph,Kapauku,Oceania,Melanesia,intensive agriculturalists,,"426,593,684",https://ehrafworldcultures.yale.edu/sres/1eea0d3b-2580-4294-ad6b-a4ca050f2ddb
ea056b4c-e22e-434c-a8d1-330248e257fc,"Pospisil, Leopold J.",Kapauku Papuan economy,1963,359,Monograph,Kapauku,Oceania,Melanesia,intensive agriculturalists,,"426,428,431,682",https://ehrafworldcultures.yale.edu/sres/ea056b4c-e22e-434c-a8d1-330248e257fc
b7ff0397-3caa-4e6a-9334-884fe401e6b1,"Pospisil, Leopold J.",Kapauku Papuan economy,1963,360,Monograph,Kapauku,Oceania,Melanesia,intensive agriculturalists,,"425,631,686",https://ehrafworldcultures.yale.edu/sres/b7ff0397-3caa-4e6a-9334-884fe401e6b1
ebc4e0a1-f61e-4eef-a4e5-c536b563f8d7,"Pospisil, Leopold J.",Kapauku Papuan economy,1963,360,Monograph,Kapauku,Oceania,Melanesia,intensive agriculturalists,,"177,425,686",https://ehrafworldcultures.yale.edu/sres/ebc4e0a1-f61e-4eef-a4e5-c536b563f8d7
70a98385-7edb-44ac-ab8e-d9d68706a75f,"Pospisil, Leopold J.",Kapauku Papuan economy,1963,363,Monograph,Kapauku,Oceania,Melanesia,intensive agriculturalists,,"264,521,689,827",https://ehrafworldcultures.yale.edu/sres/70a98385-7edb-44ac-ab8e-d9d68706a75f
a157907a-3b1d-4947-840d-ab4e02722245,"Pospisil, Leopold J.",Kapauku Papuan economy,1963,364,Monograph,Kapauku,Oceania,Melanesia,intensive agriculturalists,,"262,562,688",https://ehrafworldcultures.yale.edu/sres/a157907a-3b1d-4947-840d-ab4e02722245
f5312b5c-2bb6-4d99-be5f-9173386b9529,"Pospisil, Leopold J.",Kapauku Papuan economy,1963,393,Monograph,Kapauku,Oceania,Melanesia,intensive agriculturalists,,"182,192,556,671,684,685,686,692",https://ehrafworldcultures.yale.edu/sres/f5312b5c-2bb6-4d99-be5f-9173386b9529
bbe7158c-7f82-47d6-a7b4-7720c201d860,"Pospisil, Leopold J.",Kapauku Papuan economy,1963,401,Monograph,Kapauku,Oceania,Melanesia,intensive agriculturalists,,"183,556,622,685",https://ehrafworldcultures.yale.edu/sres/bbe7158c-7f82-47d6-a7b4-7720c201d860
6a8882dc-ca0e-44ca-b31e-84db7a8706e4,"Pospisil, Leopold J.",Kapauku Papuan economy,1963,213,Monograph,Kapauku,Oceania,Melanesia,intensive agriculturalists,,"231,425,681,682",https://ehrafworldcultures.yale.edu/sres/6a8882dc-ca0e-44ca-b31e-84db7a8706e4
fcb080cd-34a6-4b25-8cdd-7828963fa94b,"Pospisil, Leopold J.",Kapauku Papuan economy,1963,214,Monograph,Kapauku,Oceania,Melanesia,intensive agriculturalists,,"231,422,675,685",https://ehrafworldcultures.yale.edu/sres/fcb080cd-34a6-4b25-8cdd-7828963fa94b
4ed918f5-73f0-4637-9334-00290d2ec730,"Pospisil, Leopold J.",Kapauku Papuan economy,1963,253,Monograph,Kapauku,Oceania,Melanesia,intensive agriculturalists,,"222,313,421,613,685,823",https://ehrafworldcultures.yale.edu/sres/4ed918f5-73f0-4637-9334-00290d2ec730
42425d55-350b-4d7f-a9c8-0751555c28f1,"Pospisil, Leopold J.",Kapauku Papuans and their law,1958,32,Monograph,Kapauku,Oceania,Melanesia,intensive agriculturalists,,"266,593,681,754,776",https://ehrafworldcultures.yale.edu/sres/42425d55-350b-4d7f-a9c8-0751555c28f1
1fb8dcaf-e93f-4676-8b06-dcc1f1183781,"Pospisil, Leopold J.",Kapauku Papuans and their law,1958,47,Monograph,Kapauku,Oceania,Melanesia,intensive agriculturalists,,"548,582,684,836",https://ehrafworldcultures.yale.edu/sres/1fb8dcaf-e93f-4676-8b06-dcc1f1183781
7d209055-8e79-41cc-81b9-e813467fda98,"Pospisil, Leopold J.",Kapauku Papuans and their law,1958,75,Monograph,Kapauku,Oceania,Melanesia,intensive agriculturalists,,"614,631,682,721",https://ehrafworldcultures.yale.edu/sres/7d209055-8e79-41cc-81b9-e813467fda98
a3fa4b65-b3c0-415f-9939-0fcc14c1225f,"Pospisil, Leopold J.",Kapauku Papuans and their law,1958,75,Monograph,Kapauku,Oceania,Melanesia,intensive agriculturalists,,"613,682",https://ehrafworldcultures.yale.edu/sres/a3fa4b65-b3c0-415f-9939-0fcc14c1225f
e3390291-6956-455d-aed6-164c00a6c29c,"Pospisil, Leopold J.",Kapauku Papuans and their law,1958,77,Monograph,Kapauku,Oceania,Melanesia,intensive agriculturalists,,"156,577,681,697",https://ehrafworldcultures.yale.edu/sres/e3390291-6956-455d-aed6-164c00a6c29c
5c0ec568-63bc-48ff-8dae-056ea6fc9b35,"Pospisil, Leopold J.",Kapauku Papuans and their law,1958,77,Monograph,Kapauku,Oceania,Melanesia,intensive agriculturalists,,"156,577,681,697,774",https://ehrafworldcultures.yale.edu/sres/5c0ec568-63bc-48ff-8dae-056ea6fc9b35
f20c3ae4-c44b-40e9-8c84-298759190f7b,"Pospisil, Leopold J.",Kapauku Papuans and their law,1958,78,Monograph,Kapauku,Oceania,Melanesia,intensive agriculturalists,,"156,577,681",https://ehrafworldcultures.yale.edu/sres/f20c3ae4-c44b-40e9-8c84-298759190f7b
8edb5776-e625-47f7-a788-211e004ad519,"Pospisil, Leopold J.",Kapauku Papuans and their law,1958,79,Monograph,Kapauku,Oceania,Melanesia,intensive agriculturalists,,"184,556,577,622,689",https://ehrafworldcultures.yale.edu/sres/8edb5776-e625-47f7-a788-211e004ad519
d307e393-9629-4947-a75c-45686bd3ae93,"Pospisil, Leopold J.",Kapauku Papuans and their law,1958,90,Monograph,Kapauku,Oceania,Melanesia,intensive agriculturalists,,"689,721",https://ehrafworldcultures.yale.edu/sres/d307e393-9629-4947-a75c-45686bd3ae93
9d7afffa-3a3c-45a6-9bc0-db0ff640a5f5,"Pospisil, Leopold J.",Kapauku Papuans and their law,1958,93,Monograph,Kapauku,Oceania,Melanesia,intensive agriculturalists,,"302,688,722,834",https://ehrafworldcultures.yale.edu/sres/9d7afffa-3a3c-45a6-9bc0-db0ff640a5f5
40b5179d-29f7-4c20-9c29-ec21748a7246,"Pospisil, Leopold J.",Kapauku Papuans and their law,1958,98,Monograph,Kapauku,Oceania,Melanesia,intensive agriculturalists,,"177,311,423,685",https://ehrafworldcultures.yale.edu/sres/40b5179d-29f7-4c20-9c29-ec21748a7246
1a3c92b4-6818-4eda-b271-36f008a75e22,"Pospisil, Leopold J.",Kapauku Papuans and their law,1958,98,Monograph,Kapauku,Oceania,Melanesia,intensive agriculturalists,,"311,423,685",https://ehrafworldcultures.yale.edu/sres/1a3c92b4-6818-4eda-b271-36f008a75e22
37582d59-270b-437d-9726-3ddbef1eebdb,"Pospisil, Leopold J.",Kapauku Papuans and their law,1958,110,Monograph,Kapauku,Oceania,Melanesia,intensive agriculturalists,,"621,622,689",https://ehrafworldcultures.yale.edu/sres/37582d59-270b-437d-9726-3ddbef1eebdb
3dbe887f-39fe-4da7-88ee-adb61e392aa4,"Pospisil, Leopold J.",Kapauku Papuans and their law,1958,129,Monograph,Kapauku,Oceania,Melanesia,intensive agriculturalists,,"426,452,686",https://ehrafworldcultures.yale.edu/sres/3dbe887f-39fe-4da7-88ee-adb61e392aa4
56bf1318-e899-4ca4-8945-175faab43ca5,"Pospisil, Leopold J.",Kapauku Papuans and their law,1958,145,Monograph,Kapauku,Oceania,Melanesia,intensive agriculturalists,,"674,683",https://ehrafworldcultures.yale.edu/sres/56bf1318-e899-4ca4-8945-175faab43ca5
53a414e0-9844-4450-98a4-8482840e92ba,"Pospisil, Leopold J.",Kapauku Papuans and their law,1958,146,Monograph,Kapauku,Oceania,Melanesia,intensive agriculturalists,,682,https://ehrafworldcultures.yale.edu/sres/53a414e0-9844-4450-98a4-8482840e92ba
6ba7f0dc-aa32-420c-8cfc-588214dfb285,"Pospisil, Leopold J.",Kapauku Papuans and their law,1958,146,Monograph,Kapauku,Oceania,Melanesia,intensive agriculturalists,,682,https://ehrafworldcultures.yale.edu/sres/6ba7f0dc-aa32-420c-8cfc-588214dfb285
d1de182f-ae5e-4780-a35c-daa486dc8a94,"Pospisil, Leopold J.",Kapauku Papuans and their law,1958,146,Monograph,Kapauku,Oceania,Melanesia,intensive agriculturalists,,682,https://ehrafworldcultures.yale.edu/sres/d1de182f-ae5e-4780-a35c-daa486dc8a94
38bab5a5-8819-4bff-8d34-6170bf9a10c3,"Pospisil, Leopold J.",Kapauku Papuans and their law,1958,146,Monograph,Kapauku,Oceania,Melanesia,intensive agriculturalists,,682,https://ehrafworldcultures.yale.edu/sres/38bab5a5-8819-4bff-8d34-6170bf9a10c3
ac3d64e1-c7c8-48d4-b190-a36933d7ab20,"Pospisil, Leopold J.",Kapauku Papuans and their law,1958,146,Monograph,Kapauku,Oceania,Melanesia,intensive agriculturalists,,682,https://ehrafworldcultures.yale.edu/sres/ac3d64e1-c7c8-48d4-b190-a36933d7ab20
4c897eee-3380-4417-a454-117d40755aa1,"Pospisil, Leopold J.",Kapauku Papuans and their law,1958,146,Monograph,Kapauku,Oceania,Melanesia,intensive agriculturalists,,682,https://ehrafworldcultures.yale.edu/sres/4c897eee-3380-4417-a454-117d40755aa1
2eace2f8-0b41-4817-921c-a4b2d0f229bb,"Pospisil, Leopold J.",Kapauku Papuans and their law,1958,146,Monograph,Kapauku,Oceania,Melanesia,intensive agriculturalists,,682,https://ehrafworldcultures.yale.edu/sres/2eace2f8-0b41-4817-921c-a4b2d0f229bb
90dcb872-1b59-4346-8690-486bdbd5a6b1,"Pospisil, Leopold J.",Kapauku Papuans and their law,1958,146,Monograph,Kapauku,Oceania,Melanesia,intensive agriculturalists,,682,https://ehrafworldcultures.yale.edu/sres/90dcb872-1b59-4346-8690-486bdbd5a6b1
f1e8f7c4-db16-4a1b-944d-a03ae84acfd2,"Pospisil, Leopold J.",Kapauku Papuans and their law,1958,146,Monograph,Kapauku,Oceania,Melanesia,intensive agriculturalists,,682,https://ehrafworldcultures.yale.edu/sres/f1e8f7c4-db16-4a1b-944d-a03ae84acfd2
bbbaffae-eaa2-4510-8fb4-70b61ab08eef,"Pospisil, Leopold J.",Kapauku Papuans and their law,1958,146,Monograph,Kapauku,Oceania,Melanesia,intensive agriculturalists,,682,https://ehrafworldcultures.yale.edu/sres/bbbaffae-eaa2-4510-8fb4-70b61ab08eef
b7783ef5-c0c9-4e67-baff-b03287fcf0fa,"Pospisil, Leopold J.",Kapauku Papuans and their law,1958,147,Monograph,Kapauku,Oceania,Melanesia,intensive agriculturalists,,682,https://ehrafworldcultures.yale.edu/sres/b7783ef5-c0c9-4e67-baff-b03287fcf0fa
3a19c493-1598-4f25-8f8d-19873e743ea4,"Pospisil, Leopold J.",Kapauku Papuans and their law,1958,147,Monograph,Kapauku,Oceania,Melanesia,intensive agriculturalists,,682,https://ehrafworldcultures.yale.edu/sres/3a19c493-1598-4f25-8f8d-19873e743ea4
005c2e41-be78-4063-b9da-c63ca6371f11,"Pospisil, Leopold J.",Kapauku Papuans and their law,1958,147,Monograph,Kapauku,Oceania,Melanesia,intensive agriculturalists,,"628,682",https://ehrafworldcultures.yale.edu/sres/005c2e41-be78-4063-b9da-c63ca6371f11
d0c42dbd-f925-412e-b859-b7cf88a68092,"Pospisil, Leopold J.",Kapauku Papuans and their law,1958,147,Monograph,Kapauku,Oceania,Melanesia,intensive agriculturalists,,"628,682",https://ehrafworldcultures.yale.edu/sres/d0c42dbd-f925-412e-b859-b7cf88a68092
f1307d0f-1c46-42b7-a57a-a30cae0b88bc,"Pospisil, Leopold J.",Kapauku Papuans and their law,1958,147,Monograph,Kapauku,Oceania,Melanesia,intensive agriculturalists,,"628,682",https://ehrafworldcultures.yale.edu/sres/f1307d0f-1c46-42b7-a57a-a30cae0b88bc
27e200ed-1af6-4c9c-b37d-aed2a8150afb,"Pospisil, Leopold J.",Kapauku Papuans and their law,1958,147,Monograph,Kapauku,Oceania,Melanesia,intensive agriculturalists,,"628,682",https://ehrafworldcultures.yale.edu/sres/27e200ed-1af6-4c9c-b37d-aed2a8150afb
ea5b9e81-6dfa-4914-be8e-288c4b5447bd,"Pospisil, Leopold J.",Kapauku Papuans and their law,1958,147,Monograph,Kapauku,Oceania,Melanesia,intensive agriculturalists,,"628,682",https://ehrafworldcultures.yale.edu/sres/ea5b9e81-6dfa-4914-be8e-288c4b5447bd
54523094-3ce2-4222-ae91-f92ba3aa879f,"Pospisil, Leopold J.",Kapauku Papuans and their law,1958,147,Monograph,Kapauku,Oceania,Melanesia,intensive agriculturalists,,"628,682",https://ehrafworldcultures.yale.edu/sres/54523094-3ce2-4222-ae91-f92ba3aa879f
b05e4e3d-1cb3-4181-9970-d2f5a6dfe19b,"Pospisil, Leopold J.",Kapauku Papuans and their law,1958,147,Monograph,Kapauku,Oceania,Melanesia,intensive agriculturalists,,"628,682",https://ehrafworldcultures.yale.edu/sres/b05e4e3d-1cb3-4181-9970-d2f5a6dfe19b
820e0d09-90eb-4586-9b5c-be63e7292c42,"Pospisil, Leopold J.",Kapauku Papuans and their law,1958,147,Monograph,Kapauku,Oceania,Melanesia,intensive agriculturalists,,682,https://ehrafworldcultures.yale.edu/sres/820e0d09-90eb-4586-9b5c-be63e7292c42
3f7d1268-4d5f-4e22-ba75-3272a4552b46,"Pospisil, Leopold J.",Kapauku Papuans and their law,1958,147,Monograph,Kapauku,Oceania,Melanesia,intensive agriculturalists,,682,https://ehrafworldcultures.yale.edu/sres/3f7d1268-4d5f-4e22-ba75-3272a4552b46
9b1beb14-d4a0-4f3f-8201-91d2d409a50d,"Pospisil, Leopold J.",Kapauku Papuans and their law,1958,147,Monograph,Kapauku,Oceania,Melanesia,intensive agriculturalists,,682,https://ehrafworldcultures.yale.edu/sres/9b1beb14-d4a0-4f3f-8201-91d2d409a50d
e6d05a39-ed66-4a98-a724-53cbe533e029,"Pospisil, Leopold J.",Kapauku Papuans and their law,1958,148,Monograph,Kapauku,Oceania,Melanesia,intensive agriculturalists,,682,https://ehrafworldcultures.yale.edu/sres/e6d05a39-ed66-4a98-a724-53cbe533e029
09d63360-8f58-40d1-9d4a-3d6a1440a1c8,"Pospisil, Leopold J.",Kapauku Papuans and their law,1958,148,Monograph,Kapauku,Oceania,Melanesia,intensive agriculturalists,,682,https://ehrafworldcultures.yale.edu/sres/09d63360-8f58-40d1-9d4a-3d6a1440a1c8
48ee86ca-340e-4a13-8798-31e1cab15c28,"Pospisil, Leopold J.",Kapauku Papuans and their law,1958,148,Monograph,Kapauku,Oceania,Melanesia,intensive agriculturalists,,682,https://ehrafworldcultures.yale.edu/sres/48ee86ca-340e-4a13-8798-31e1cab15c28
2d09c993-fedc-4ca3-b328-10485c235887,"Pospisil, Leopold J.",Kapauku Papuans and their law,1958,148,Monograph,Kapauku,Oceania,Melanesia,intensive agriculturalists,,"628,682",https://ehrafworldcultures.yale.edu/sres/2d09c993-fedc-4ca3-b328-10485c235887
08ec2053-b275-45ae-9e54-d8df34908720,"Pospisil, Leopold J.",Kapauku Papuans and their law,1958,148,Monograph,Kapauku,Oceania,Melanesia,intensive agriculturalists,,"628,682",https://ehrafworldcultures.yale.edu/sres/08ec2053-b275-45ae-9e54-d8df34908720
3e337706-0059-4f2a-bbcd-a6ce43cff18f,"Pospisil, Leopold J.",Kapauku Papuans and their law,1958,148,Monograph,Kapauku,Oceania,Melanesia,intensive agriculturalists,,"628,682",https://ehrafworldcultures.yale.edu/sres/3e337706-0059-4f2a-bbcd-a6ce43cff18f
d20c27a6-36fa-4a0b-97ee-07da511db477,"Pospisil, Leopold J.",Kapauku Papuans and their law,1958,148,Monograph,Kapauku,Oceania,Melanesia,intensive agriculturalists,,"628,682",https://ehrafworldcultures.yale.edu/sres/d20c27a6-36fa-4a0b-97ee-07da511db477
15526684-e08a-405e-8fa6-e3179b570330,"Pospisil, Leopold J.",Kapauku Papuans and their law,1958,148,Monograph,Kapauku,Oceania,Melanesia,intensive agriculturalists,,"628,682",https://ehrafworldcultures.yale.edu/sres/15526684-e08a-405e-8fa6-e3179b570330
1ba44c77-9c20-4e6d-a4f7-ab80c6d9b127,"Pospisil, Leopold J.",Kapauku Papuans and their law,1958,148,Monograph,Kapauku,Oceania,Melanesia,intensive agriculturalists,,"682,828",https://ehrafworldcultures.yale.edu/sres/1ba44c77-9c20-4e6d-a4f7-ab80c6d9b127
15196e31-beeb-404b-a4dd-9a28a64a7913,"Pospisil, Leopold J.",Kapauku Papuans and their law,1958,148,Monograph,Kapauku,Oceania,Melanesia,intensive agriculturalists,,"682,828",https://ehrafworldcultures.yale.edu/sres/15196e31-beeb-404b-a4dd-9a28a64a7913
1bb68cc8-0a5c-478a-8185-b4f92ed13531,"Pospisil, Leopold J.",Kapauku Papuans and their law,1958,148,Monograph,Kapauku,Oceania,Melanesia,intensive agriculturalists,,"682,828",https://ehrafworldcultures.yale.edu/sres/1bb68cc8-0a5c-478a-8185-b4f92ed13531
722dff10-1c8b-4f73-a707-3fb83170ca9b,"Pospisil, Leopold J.",Kapauku Papuans and their law,1958,148,Monograph,Kapauku,Oceania,Melanesia,intensive agriculturalists,,"682,828",https://ehrafworldcultures.yale.edu/sres/722dff10-1c8b-4f73-a707-3fb83170ca9b
dc45ea33-32fe-4b30-8727-29cff87186c9,"Pospisil, Leopold J.",Kapauku Papuans and their law,1958,149,Monograph,Kapauku,Oceania,Melanesia,intensive agriculturalists,,"682,828",https://ehrafworldcultures.yale.edu/sres/dc45ea33-32fe-4b30-8727-29cff87186c9
8e89b2cd-f557-431b-9488-f7173fd8b833,"Pospisil, Leopold J.",Kapauku Papuans and their law,1958,149,Monograph,Kapauku,Oceania,Melanesia,intensive agriculturalists,,"672,682,828",https://ehrafworldcultures.yale.edu/sres/8e89b2cd-f557-431b-9488-f7173fd8b833
aef06946-924e-4ad8-9c44-a88eaffc5918,"Pospisil, Leopold J.",Kapauku Papuans and their law,1958,149,Monograph,Kapauku,Oceania,Melanesia,intensive agriculturalists,,"672,682",https://ehrafworldcultures.yale.edu/sres/aef06946-924e-4ad8-9c44-a88eaffc5918
a8c18ef5-37ea-44c3-ad0d-ba79c3da8191,"Pospisil, Leopold J.",Kapauku Papuans and their law,1958,149,Monograph,Kapauku,Oceania,Melanesia,intensive agriculturalists,,682,https://ehrafworldcultures.yale.edu/sres/a8c18ef5-37ea-44c3-ad0d-ba79c3da8191
1cf537ee-7556-47a8-ac05-aa2f1ca597aa,"Pospisil, Leopold J.",Kapauku Papuans and their law,1958,149,Monograph,Kapauku,Oceania,Melanesia,intensive agriculturalists,,682,https://ehrafworldcultures.yale.edu/sres/1cf537ee-7556-47a8-ac05-aa2f1ca597aa
97f1d9a9-ab51-4ad4-bdfb-cd7e664067fe,"Pospisil, Leopold J.",Kapauku Papuans and their law,1958,149,Monograph,Kapauku,Oceania,Melanesia,intensive agriculturalists,,682,https://ehrafworldcultures.yale.edu/sres/97f1d9a9-ab51-4ad4-bdfb-cd7e664067fe
553b70c0-993b-4783-ba8f-f0c5fc096896,"Pospisil, Leopold J.",Kapauku Papuans and their law,1958,149,Monograph,Kapauku,Oceania,Melanesia,intensive agriculturalists,,682,https://ehrafworldcultures.yale.edu/sres/553b70c0-993b-4783-ba8f-f0c5fc096896
c3af7fe0-6c7f-4836-8531-16529e701482,"Pospisil, Leopold J.",Kapauku Papuans and their law,1958,149,Monograph,Kapauku,Oceania,Melanesia,intensive agriculturalists,,682,https://ehrafworldcultures.yale.edu/sres/c3af7fe0-6c7f-4836-8531-16529e701482
ea276a4a-83a7-40fd-bea4-73a3796c550e,"Pospisil, Leopold J.",Kapauku Papuans and their law,1958,149,Monograph,Kapauku,Oceania,Melanesia,intensive agriculturalists,,682,https://ehrafworldcultures.yale.edu/sres/ea276a4a-83a7-40fd-bea4-73a3796c550e
28eaadad-e172-4cb2-b079-fb0d845ca1c9,"Pospisil, Leopold J.",Kapauku Papuans and their law,1958,149,Monograph,Kapauku,Oceania,Melanesia,intensive agriculturalists,,"672,682",https://ehrafworldcultures.yale.edu/sres/28eaadad-e172-4cb2-b079-fb0d845ca1c9
a58941ca-de8f-466a-afbb-d7d1f2151d27,"Pospisil, Leopold J.",Kapauku Papuans and their law,1958,150,Monograph,Kapauku,Oceania,Melanesia,intensive agriculturalists,,"672,682",https://ehrafworldcultures.yale.edu/sres/a58941ca-de8f-466a-afbb-d7d1f2151d27
a442181e-78b8-4cc2-bc4b-ea69dabaf7b9,"Pospisil, Leopold J.",Kapauku Papuans and their law,1958,150,Monograph,Kapauku,Oceania,Melanesia,intensive agriculturalists,,"672,682",https://ehrafworldcultures.yale.edu/sres/a442181e-78b8-4cc2-bc4b-ea69dabaf7b9
68181c03-a881-4401-8fdd-4c1f092079b3,"Pospisil, Leopold J.",Kapauku Papuans and their law,1958,150,Monograph,Kapauku,Oceania,Melanesia,intensive agriculturalists,,"672,682",https://ehrafworldcultures.yale.edu/sres/68181c03-a881-4401-8fdd-4c1f092079b3
d1227169-49c9-4d70-9165-cdcd3482230d,"Pospisil, Leopold J.",Kapauku Papuans and their law,1958,150,Monograph,Kapauku,Oceania,Melanesia,intensive agriculturalists,,"628,682",https://ehrafworldcultures.yale.edu/sres/d1227169-49c9-4d70-9165-cdcd3482230d
642aa141-2d9c-41d1-9ddc-5b1af0ffd532,"Pospisil, Leopold J.",Kapauku Papuans and their law,1958,150,Monograph,Kapauku,Oceania,Melanesia,intensive agriculturalists,,"628,682",https://ehrafworldcultures.yale.edu/sres/642aa141-2d9c-41d1-9ddc-5b1af0ffd532
d88a07a1-ffa6-4fc9-aa5c-949deb22a385,"Pospisil, Leopold J.",Kapauku Papuans and their law,1958,150,Monograph,Kapauku,Oceania,Melanesia,intensive agriculturalists,,"628,682",https://ehrafworldcultures.yale.edu/sres/d88a07a1-ffa6-4fc9-aa5c-949deb22a385
aa61bed9-2c9f-42f3-99ba-f06a30d92842,"Pospisil, Leopold J.",Kapauku Papuans and their law,1958,150,Monograph,Kapauku,Oceania,Melanesia,intensive agriculturalists,,"628,682",https://ehrafworldcultures.yale.edu/sres/aa61bed9-2c9f-42f3-99ba-f06a30d92842
0464a30a-b1ae-44e4-a424-d89fb0932e11,"Pospisil, Leopold J.",Kapauku Papuans and their law,1958,150,Monograph,Kapauku,Oceania,Melanesia,intensive agriculturalists,,"628,682",https://ehrafworldcultures.yale.edu/sres/0464a30a-b1ae-44e4-a424-d89fb0932e11
4a8301f9-2c49-49da-8094-136c99ce37a5,"Pospisil, Leopold J.",Kapauku Papuans and their law,1958,150,Monograph,Kapauku,Oceania,Melanesia,intensive agriculturalists,,"591,682",https://ehrafworldcultures.yale.edu/sres/4a8301f9-2c49-49da-8094-136c99ce37a5
279ef433-05ba-4233-a212-ca25572e32be,"Pospisil, Leopold J.",Kapauku Papuans and their law,1958,150,Monograph,Kapauku,Oceania,Melanesia,intensive agriculturalists,,"591,682",https://ehrafworldcultures.yale.edu/sres/279ef433-05ba-4233-a212-ca25572e32be
232546ee-8aeb-4d85-9a75-8b4458e232c2,"Pospisil, Leopold J.",Kapauku Papuans and their law,1958,151,Monograph,Kapauku,Oceania,Melanesia,intensive agriculturalists,,"591,682",https://ehrafworldcultures.yale.edu/sres/232546ee-8aeb-4d85-9a75-8b4458e232c2
34c193a0-899b-44b8-af43-c11febd069dd,"Pospisil, Leopold J.",Kapauku Papuans and their law,1958,151,Monograph,Kapauku,Oceania,Melanesia,intensive agriculturalists,,"591,682",https://ehrafworldcultures.yale.edu/sres/34c193a0-899b-44b8-af43-c11febd069dd
811e8707-91d7-4461-83c4-d46be23e5796,"Pospisil, Leopold J.",Kapauku Papuans and their law,1958,151,Monograph,Kapauku,Oceania,Melanesia,intensive agriculturalists,,"591,682",https://ehrafworldcultures.yale.edu/sres/811e8707-91d7-4461-83c4-d46be23e5796
2621de78-e1a2-4d99-85d5-21c1828de0af,"Pospisil, Leopold J.",Kapauku Papuans and their law,1958,151,Monograph,Kapauku,Oceania,Melanesia,intensive agriculturalists,,"591,682",https://ehrafworldcultures.yale.edu/sres/2621de78-e1a2-4d99-85d5-21c1828de0af
6dd34bbf-a7c6-487a-9176-37b7ed7baf41,"Pospisil, Leopold J.",Kapauku Papuans and their law,1958,151,Monograph,Kapauku,Oceania,Melanesia,intensive agriculturalists,,"591,682",https://ehrafworldcultures.yale.edu/sres/6dd34bbf-a7c6-487a-9176-37b7ed7baf41
eda98f8e-a5ea-4795-b68d-f3b8794648e3,"Pospisil, Leopold J.",Kapauku Papuans and their law,1958,151,Monograph,Kapauku,Oceania,Melanesia,intensive agriculturalists,,"672,682,684",https://ehrafworldcultures.yale.edu/sres/eda98f8e-a5ea-4795-b68d-f3b8794648e3
7f1330b6-78ae-4464-94a7-8a02e177c4ee,"Pospisil, Leopold J.",Kapauku Papuans and their law,1958,151,Monograph,Kapauku,Oceania,Melanesia,intensive agriculturalists,,"672,682,684",https://ehrafworldcultures.yale.edu/sres/7f1330b6-78ae-4464-94a7-8a02e177c4ee
6e2cf19f-2149-4e31-b6a9-eaea3666d2c6,"Pospisil, Leopold J.",Kapauku Papuans and their law,1958,151,Monograph,Kapauku,Oceania,Melanesia,intensive agriculturalists,,"672,682,684",https://ehrafworldcultures.yale.edu/sres/6e2cf19f-2149-4e31-b6a9-eaea3666d2c6
6333b2bc-e57f-48e9-8c18-9292970aab79,"Pospisil, Leopold J.",Kapauku Papuans and their law,1958,151,Monograph,Kapauku,Oceania,Melanesia,intensive agriculturalists,,"672,682,684",https://ehrafworldcultures.yale.edu/sres/6333b2bc-e57f-48e9-8c18-9292970aab79
0f152aa0-d6b0-4a1b-835f-575aecb30ef9,"Pospisil, Leopold J.",Kapauku Papuans and their law,1958,151,Monograph,Kapauku,Oceania,Melanesia,intensive agriculturalists,,"672,682,684",https://ehrafworldcultures.yale.edu/sres/0f152aa0-d6b0-4a1b-835f-575aecb30ef9
8091f863-5e71-43ab-b6ac-5ecb0c873cc8,"Pospisil, Leopold J.",Kapauku Papuans and their law,1958,151,Monograph,Kapauku,Oceania,Melanesia,intensive agriculturalists,,682,https://ehrafworldcultures.yale.edu/sres/8091f863-5e71-43ab-b6ac-5ecb0c873cc8
358eded3-47a4-44ef-88d1-74c854f4a854,"Pospisil, Leopold J.",Kapauku Papuans and their law,1958,152,Monograph,Kapauku,Oceania,Melanesia,intensive agriculturalists,,682,https://ehrafworldcultures.yale.edu/sres/358eded3-47a4-44ef-88d1-74c854f4a854
68609af1-4586-48de-936c-f75fda7b57f2,"Pospisil, Leopold J.",Kapauku Papuans and their law,1958,152,Monograph,Kapauku,Oceania,Melanesia,intensive agriculturalists,,682,https://ehrafworldcultures.yale.edu/sres/68609af1-4586-48de-936c-f75fda7b57f2
2684f2a8-8904-471d-8ac6-7eea09edc958,"Pospisil, Leopold J.",Kapauku Papuans and their law,1958,152,Monograph,Kapauku,Oceania,Melanesia,intensive agriculturalists,,682,https://ehrafworldcultures.yale.edu/sres/2684f2a8-8904-471d-8ac6-7eea09edc958
0a5051cd-8a5f-4141-b2d5-416943877d9b,"Pospisil, Leopold J.",Kapauku Papuans and their law,1958,152,Monograph,Kapauku,Oceania,Melanesia,intensive agriculturalists,,682,https://ehrafworldcultures.yale.edu/sres/0a5051cd-8a5f-4141-b2d5-416943877d9b
c2b21e98-d86f-4922-9d4d-0fca51797afb,"Pospisil, Leopold J.",Kapauku Papuans and their law,1958,152,Monograph,Kapauku,Oceania,Melanesia,intensive agriculturalists,,682,https://ehrafworldcultures.yale.edu/sres/c2b21e98-d86f-4922-9d4d-0fca51797afb
61fa0988-5289-4990-a9e2-0faf1777d1e9,"Pospisil, Leopold J.",Kapauku Papuans and their law,1958,152,Monograph,Kapauku,Oceania,Melanesia,intensive agriculturalists,,682,https://ehrafworldcultures.yale.edu/sres/61fa0988-5289-4990-a9e2-0faf1777d1e9
6eeb47a1-985e-474e-99cb-c4763e43df96,"Pospisil, Leopold J.",Kapauku Papuans and their law,1958,152,Monograph,Kapauku,Oceania,Melanesia,intensive agriculturalists,,682,https://ehrafworldcultures.yale.edu/sres/6eeb47a1-985e-474e-99cb-c4763e43df96
d068185e-aa67-4ed5-8e50-c931d350aa32,"Pospisil, Leopold J.",Kapauku Papuans and their law,1958,152,Monograph,Kapauku,Oceania,Melanesia,intensive agriculturalists,,682,https://ehrafworldcultures.yale.edu/sres/d068185e-aa67-4ed5-8e50-c931d350aa32
498f5251-812d-4612-89db-1f6965e7a9f5,"Pospisil, Leopold J.",Kapauku Papuans and their law,1958,152,Monograph,Kapauku,Oceania,Melanesia,intensive agriculturalists,,682,https://ehrafworldcultures.yale.edu/sres/498f5251-812d-4612-89db-1f6965e7a9f5
2749e963-8ac9-49d4-a829-f6b7ff43b8d1,"Pospisil, Leopold J.",Kapauku Papuans and their law,1958,152,Monograph,Kapauku,Oceania,Melanesia,intensive agriculturalists,,682,https://ehrafworldcultures.yale.edu/sres/2749e963-8ac9-49d4-a829-f6b7ff43b8d1
f66d7f4c-e907-49a5-a828-f4cfe082acca,"Pospisil, Leopold J.",Kapauku Papuans and their law,1958,152,Monograph,Kapauku,Oceania,Melanesia,intensive agriculturalists,,682,https://ehrafworldcultures.yale.edu/sres/f66d7f4c-e907-49a5-a828-f4cfe082acca
eb109bff-aede-45e0-b811-bd1cbea3346d,"Pospisil, Leopold J.",Kapauku Papuans and their law,1958,152,Monograph,Kapauku,Oceania,Melanesia,intensive agriculturalists,,"591,682",https://ehrafworldcultures.yale.edu/sres/eb109bff-aede-45e0-b811-bd1cbea3346d
81f0860b-8626-4283-966b-37b579e3a12b,"Pospisil, Leopold J.",Kapauku Papuans and their law,1958,152,Monograph,Kapauku,Oceania,Melanesia,intensive agriculturalists,,683,https://ehrafworldcultures.yale.edu/sres/81f0860b-8626-4283-966b-37b579e3a12b
c38a3a8d-ec3f-45a4-a5e4-90dbc109a159,"Pospisil, Leopold J.",Kapauku Papuans and their law,1958,153,Monograph,Kapauku,Oceania,Melanesia,intensive agriculturalists,,683,https://ehrafworldcultures.yale.edu/sres/c38a3a8d-ec3f-45a4-a5e4-90dbc109a159
33435e95-659a-4ba3-ac85-ac34942a20ff,"Pospisil, Leopold J.",Kapauku Papuans and their law,1958,153,Monograph,Kapauku,Oceania,Melanesia,intensive agriculturalists,,683,https://ehrafworldcultures.yale.edu/sres/33435e95-659a-4ba3-ac85-ac34942a20ff
8d44f7bc-cbb1-4976-81e0-2c81031025b0,"Pospisil, Leopold J.",Kapauku Papuans and their law,1958,153,Monograph,Kapauku,Oceania,Melanesia,intensive agriculturalists,,683,https://ehrafworldcultures.yale.edu/sres/8d44f7bc-cbb1-4976-81e0-2c81031025b0
5d3f7090-f3d9-46a7-acb5-7a8143f13cc5,"Pospisil, Leopold J.",Kapauku Papuans and their law,1958,153,Monograph,Kapauku,Oceania,Melanesia,intensive agriculturalists,,683,https://ehrafworldcultures.yale.edu/sres/5d3f7090-f3d9-46a7-acb5-7a8143f13cc5
680d4a7c-ab69-4ba9-8843-b8029ff390d8,"Pospisil, Leopold J.",Kapauku Papuans and their law,1958,153,Monograph,Kapauku,Oceania,Melanesia,intensive agriculturalists,,683,https://ehrafworldcultures.yale.edu/sres/680d4a7c-ab69-4ba9-8843-b8029ff390d8
1c7d4802-11c7-4a1e-a115-ce85993057c2,"Pospisil, Leopold J.",Kapauku Papuans and their law,1958,153,Monograph,Kapauku,Oceania,Melanesia,intensive agriculturalists,,683,https://ehrafworldcultures.yale.edu/sres/1c7d4802-11c7-4a1e-a115-ce85993057c2
21eee85c-ae42-4301-a30c-a9a149e4dc14,"Pospisil, Leopold J.",Kapauku Papuans and their law,1958,153,Monograph,Kapauku,Oceania,Melanesia,intensive agriculturalists,,683,https://ehrafworldcultures.yale.edu/sres/21eee85c-ae42-4301-a30c-a9a149e4dc14
fca59d32-b684-4036-82e1-e1f48f262c7f,"Pospisil, Leopold J.",Kapauku Papuans and their law,1958,153,Monograph,Kapauku,Oceania,Melanesia,intensive agriculturalists,,683,https://ehrafworldcultures.yale.edu/sres/fca59d32-b684-4036-82e1-e1f48f262c7f
9566b423-50d1-4131-a7fa-3a0227366e0b,"Pospisil, Leopold J.",Kapauku Papuans and their law,1958,153,Monograph,Kapauku,Oceania,Melanesia,intensive agriculturalists,,683,https://ehrafworldcultures.yale.edu/sres/9566b423-50d1-4131-a7fa-3a0227366e0b
ed7f53d9-9f1d-488c-9e96-debbae04169e,"Pospisil, Leopold J.",Kapauku Papuans and their law,1958,153,Monograph,Kapauku,Oceania,Melanesia,intensive agriculturalists,,683,https://ehrafworldcultures.yale.edu/sres/ed7f53d9-9f1d-488c-9e96-debbae04169e
29ea5329-323e-48a0-96c5-57e34c524173,"Pospisil, Leopold J.",Kapauku Papuans and their law,1958,153,Monograph,Kapauku,Oceania,Melanesia,intensive agriculturalists,,682,https://ehrafworldcultures.yale.edu/sres/29ea5329-323e-48a0-96c5-57e34c524173
918367ee-00f3-4f49-8d3b-6bd25ae2fc11,"Pospisil, Leopold J.",Kapauku Papuans and their law,1958,153,Monograph,Kapauku,Oceania,Melanesia,intensive agriculturalists,,682,https://ehrafworldcultures.yale.edu/sres/918367ee-00f3-4f49-8d3b-6bd25ae2fc11
fe63ce41-7e50-4ea9-9173-ff2a8c11db70,"Pospisil, Leopold J.",Kapauku Papuans and their law,1958,154,Monograph,Kapauku,Oceania,Melanesia,intensive agriculturalists,,682,https://ehrafworldcultures.yale.edu/sres/fe63ce41-7e50-4ea9-9173-ff2a8c11db70
87e954a6-31db-4073-8615-ab2a79a88c1b,"Pospisil, Leopold J.",Kapauku Papuans and their law,1958,154,Monograph,Kapauku,Oceania,Melanesia,intensive agriculturalists,,682,https://ehrafworldcultures.yale.edu/sres/87e954a6-31db-4073-8615-ab2a79a88c1b
86407562-51c2-42d6-aea4-1701fec22fb8,"Pospisil, Leopold J.",Kapauku Papuans and their law,1958,154,Monograph,Kapauku,Oceania,Melanesia,intensive agriculturalists,,682,https://ehrafworldcultures.yale.edu/sres/86407562-51c2-42d6-aea4-1701fec22fb8
af2a2ae9-e821-4396-9ae8-22a88c0e5d2b,"Pospisil, Leopold J.",Kapauku Papuans and their law,1958,154,Monograph,Kapauku,Oceania,Melanesia,intensive agriculturalists,,"584,682",https://ehrafworldcultures.yale.edu/sres/af2a2ae9-e821-4396-9ae8-22a88c0e5d2b
7553f934-06a8-47f4-82af-ac4a07c28f72,"Pospisil, Leopold J.",Kapauku Papuans and their law,1958,154,Monograph,Kapauku,Oceania,Melanesia,intensive agriculturalists,,"584,682",https://ehrafworldcultures.yale.edu/sres/7553f934-06a8-47f4-82af-ac4a07c28f72
e8f57779-87dc-4855-9a0a-5cd77a4f9d4d,"Pospisil, Leopold J.",Kapauku Papuans and their law,1958,154,Monograph,Kapauku,Oceania,Melanesia,intensive agriculturalists,,"682,683,721,754",https://ehrafworldcultures.yale.edu/sres/e8f57779-87dc-4855-9a0a-5cd77a4f9d4d
3c2683c7-7ebf-4a0a-9207-b6f393295b8a,"Pospisil, Leopold J.",Kapauku Papuans and their law,1958,154,Monograph,Kapauku,Oceania,Melanesia,intensive agriculturalists,,"682,683,754",https://ehrafworldcultures.yale.edu/sres/3c2683c7-7ebf-4a0a-9207-b6f393295b8a
1278a04f-5a8a-4bf1-b888-e2c9193eefcd,"Pospisil, Leopold J.",Kapauku Papuans and their law,1958,154,Monograph,Kapauku,Oceania,Melanesia,intensive agriculturalists,,"682,683,754",https://ehrafworldcultures.yale.edu/sres/1278a04f-5a8a-4bf1-b888-e2c9193eefcd
bd32e70b-d129-4c83-8173-cb9763c83a2d,"Pospisil, Leopold J.",Kapauku Papuans and their law,1958,154,Monograph,Kapauku,Oceania,Melanesia,intensive agriculturalists,,"682,683,754",https://ehrafworldcultures.yale.edu/sres/bd32e70b-d129-4c83-8173-cb9763c83a2d
d71709fa-dea3-41f2-8477-0eff6b59f1b9,"Pospisil, Leopold J.",Kapauku Papuans and their law,1958,154,Monograph,Kapauku,Oceania,Melanesia,intensive agriculturalists,,"682,683,754",https://ehrafworldcultures.yale.edu/sres/d71709fa-dea3-41f2-8477-0eff6b59f1b9
97ebad85-449d-4739-91ea-519adb9bf9e9,"Pospisil, Leopold J.",Kapauku Papuans and their law,1958,154,Monograph,Kapauku,Oceania,Melanesia,intensive agriculturalists,,"682,683,754",https://ehrafworldcultures.yale.edu/sres/97ebad85-449d-4739-91ea-519adb9bf9e9
54326fb0-1353-4487-a54b-c6cd0bb95e04,"Pospisil, Leopold J.",Kapauku Papuans and their law,1958,154,Monograph,Kapauku,Oceania,Melanesia,intensive agriculturalists,,"682,683,754",https://ehrafworldcultures.yale.edu/sres/54326fb0-1353-4487-a54b-c6cd0bb95e04
28e5c706-50a0-4ff7-9db3-8e89e177cd79,"Pospisil, Leopold J.",Kapauku Papuans and their law,1958,155,Monograph,Kapauku,Oceania,Melanesia,intensive agriculturalists,,"628,682,683,754",https://ehrafworldcultures.yale.edu/sres/28e5c706-50a0-4ff7-9db3-8e89e177cd79
8c25bcb0-a623-4deb-9f62-c4d7cc8a0106,"Pospisil, Leopold J.",Kapauku Papuans and their law,1958,155,Monograph,Kapauku,Oceania,Melanesia,intensive agriculturalists,,"628,682,683,754",https://ehrafworldcultures.yale.edu/sres/8c25bcb0-a623-4deb-9f62-c4d7cc8a0106
b4606124-1334-4474-8379-9baec9f1f92c,"Pospisil, Leopold J.",Kapauku Papuans and their law,1958,155,Monograph,Kapauku,Oceania,Melanesia,intensive agriculturalists,,"628,682,683,754",https://ehrafworldcultures.yale.edu/sres/b4606124-1334-4474-8379-9baec9f1f92c
773efe84-560a-4265-8b4a-6a39997667f1,"Pospisil, Leopold J.",Kapauku Papuans and their law,1958,155,Monograph,Kapauku,Oceania,Melanesia,intensive agriculturalists,,"628,682,683,754",https://ehrafworldcultures.yale.edu/sres/773efe84-560a-4265-8b4a-6a39997667f1
70110220-02b5-4fc5-a0ae-610b06d520dd,"Pospisil, Leopold J.",Kapauku Papuans and their law,1958,155,Monograph,Kapauku,Oceania,Melanesia,intensive agriculturalists,,"628,682,683,754",https://ehrafworldcultures.yale.edu/sres/70110220-02b5-4fc5-a0ae-610b06d520dd
01439689-801b-4c7a-b5bf-bd580c61f726,"Pospisil, Leopold J.",Kapauku Papuans and their law,1958,155,Monograph,Kapauku,Oceania,Melanesia,intensive agriculturalists,,"628,682,683,754",https://ehrafworldcultures.yale.edu/sres/01439689-801b-4c7a-b5bf-bd580c61f726
540a2142-f00b-4296-9510-b3bcb15a28c1,"Pospisil, Leopold J.",Kapauku Papuans and their law,1958,155,Monograph,Kapauku,Oceania,Melanesia,intensive agriculturalists,,"688,784",https://ehrafworldcultures.yale.edu/sres/540a2142-f00b-4296-9510-b3bcb15a28c1
fd3ded6b-b4f6-4885-ad36-5d4da7974b75,"Pospisil, Leopold J.",Kapauku Papuans and their law,1958,155,Monograph,Kapauku,Oceania,Melanesia,intensive agriculturalists,,"688,784",https://ehrafworldcultures.yale.edu/sres/fd3ded6b-b4f6-4885-ad36-5d4da7974b75
ced60a98-3630-4608-b3f3-f9ade49d779a,"Pospisil, Leopold J.",Kapauku Papuans and their law,1958,155,Monograph,Kapauku,Oceania,Melanesia,intensive agriculturalists,,"688,784",https://ehrafworldcultures.yale.edu/sres/ced60a98-3630-4608-b3f3-f9ade49d779a
56a6960f-89a7-4908-933a-125d45ef44f3,"Pospisil, Leopold J.",Kapauku Papuans and their law,1958,156,Monograph,Kapauku,Oceania,Melanesia,intensive agriculturalists,,"688,784",https://ehrafworldcultures.yale.edu/sres/56a6960f-89a7-4908-933a-125d45ef44f3
d1f86eb8-b95d-42f9-ac30-8694daed6312,"Pospisil, Leopold J.",Kapauku Papuans and their law,1958,156,Monograph,Kapauku,Oceania,Melanesia,intensive agriculturalists,,"688,784",https://ehrafworldcultures.yale.edu/sres/d1f86eb8-b95d-42f9-ac30-8694daed6312
17d6085a-0622-4766-8d7b-b1054c35e77d,"Pospisil, Leopold J.",Kapauku Papuans and their law,1958,156,Monograph,Kapauku,Oceania,Melanesia,intensive agriculturalists,,"688,784",https://ehrafworldcultures.yale.edu/sres/17d6085a-0622-4766-8d7b-b1054c35e77d
594302cb-0048-4a42-851b-da309b537b08,"Pospisil, Leopold J.",Kapauku Papuans and their law,1958,156,Monograph,Kapauku,Oceania,Melanesia,intensive agriculturalists,,"688,784",https://ehrafworldcultures.yale.edu/sres/594302cb-0048-4a42-851b-da309b537b08
f18df335-7fd8-42f6-b58a-774dbe25b1a1,"Pospisil, Leopold J.",Kapauku Papuans and their law,1958,156,Monograph,Kapauku,Oceania,Melanesia,intensive agriculturalists,,"688,753,784,824",https://ehrafworldcultures.yale.edu/sres/f18df335-7fd8-42f6-b58a-774dbe25b1a1
39ac8302-7701-4cff-b81f-ad70fa1e1902,"Pospisil, Leopold J.",Kapauku Papuans and their law,1958,156,Monograph,Kapauku,Oceania,Melanesia,intensive agriculturalists,,"688,784",https://ehrafworldcultures.yale.edu/sres/39ac8302-7701-4cff-b81f-ad70fa1e1902
02cfe6b8-4ddd-4da9-bd7b-4f99e835d39d,"Pospisil, Leopold J.",Kapauku Papuans and their law,1958,156,Monograph,Kapauku,Oceania,Melanesia,intensive agriculturalists,,"688,784",https://ehrafworldcultures.yale.edu/sres/02cfe6b8-4ddd-4da9-bd7b-4f99e835d39d
2e65042c-8693-4e55-b37d-bb9c8ab0a063,"Pospisil, Leopold J.",Kapauku Papuans and their law,1958,156,Monograph,Kapauku,Oceania,Melanesia,intensive agriculturalists,,"688,784",https://ehrafworldcultures.yale.edu/sres/2e65042c-8693-4e55-b37d-bb9c8ab0a063
bb7e2dee-4d69-4bdb-ae6a-6af3b49d0964,"Pospisil, Leopold J.",Kapauku Papuans and their law,1958,156,Monograph,Kapauku,Oceania,Melanesia,intensive agriculturalists,,"688,784",https://ehrafworldcultures.yale.edu/sres/bb7e2dee-4d69-4bdb-ae6a-6af3b49d0964
ec1deaaf-2435-4458-9c95-4f49c6a78f60,"Pospisil, Leopold J.",Kapauku Papuans and their law,1958,156,Monograph,Kapauku,Oceania,Melanesia,intensive agriculturalists,,"688,784",https://ehrafworldcultures.yale.edu/sres/ec1deaaf-2435-4458-9c95-4f49c6a78f60
08addf8d-1010-4daa-9df2-92f6a815b900,"Pospisil, Leopold J.",Kapauku Papuans and their law,1958,156,Monograph,Kapauku,Oceania,Melanesia,intensive agriculturalists,,"262,688,784,824,842",https://ehrafworldcultures.yale.edu/sres/08addf8d-1010-4daa-9df2-92f6a815b900
1ba3b729-8bee-4ad8-b5a3-1ab2ac565bf5,"Pospisil, Leopold J.",Kapauku Papuans and their law,1958,156,Monograph,Kapauku,Oceania,Melanesia,intensive agriculturalists,,"688,784",https://ehrafworldcultures.yale.edu/sres/1ba3b729-8bee-4ad8-b5a3-1ab2ac565bf5
e9a28fd2-9fb5-452a-a810-81a4ecefc4b4,"Pospisil, Leopold J.",Kapauku Papuans and their law,1958,157,Monograph,Kapauku,Oceania,Melanesia,intensive agriculturalists,,"688,784",https://ehrafworldcultures.yale.edu/sres/e9a28fd2-9fb5-452a-a810-81a4ecefc4b4
65eec649-a988-41eb-8145-8d03f4c32c31,"Pospisil, Leopold J.",Kapauku Papuans and their law,1958,157,Monograph,Kapauku,Oceania,Melanesia,intensive agriculturalists,,"688,784",https://ehrafworldcultures.yale.edu/sres/65eec649-a988-41eb-8145-8d03f4c32c31
34f7f820-f73b-4a1a-8350-4d87dee5f76f,"Pospisil, Leopold J.",Kapauku Papuans and their law,1958,157,Monograph,Kapauku,Oceania,Melanesia,intensive agriculturalists,,"688,784",https://ehrafworldcultures.yale.edu/sres/34f7f820-f73b-4a1a-8350-4d87dee5f76f
d47ee47e-b86a-4119-9c79-d26ffe17ff13,"Pospisil, Leopold J.",Kapauku Papuans and their law,1958,157,Monograph,Kapauku,Oceania,Melanesia,intensive agriculturalists,,"688,784",https://ehrafworldcultures.yale.edu/sres/d47ee47e-b86a-4119-9c79-d26ffe17ff13
b0feff67-365d-4359-b238-a85c11cc58c4,"Pospisil, Leopold J.",Kapauku Papuans and their law,1958,157,Monograph,Kapauku,Oceania,Melanesia,intensive agriculturalists,,"688,768,784",https://ehrafworldcultures.yale.edu/sres/b0feff67-365d-4359-b238-a85c11cc58c4
00868ab3-b6cc-4947-8943-81b164c5c3bd,"Pospisil, Leopold J.",Kapauku Papuans and their law,1958,157,Monograph,Kapauku,Oceania,Melanesia,intensive agriculturalists,,"688,784",https://ehrafworldcultures.yale.edu/sres/00868ab3-b6cc-4947-8943-81b164c5c3bd
5de4f362-4eab-402f-b31e-ebd80a96e29f,"Pospisil, Leopold J.",Kapauku Papuans and their law,1958,157,Monograph,Kapauku,Oceania,Melanesia,intensive agriculturalists,,"688,784",https://ehrafworldcultures.yale.edu/sres/5de4f362-4eab-402f-b31e-ebd80a96e29f
fdb9f62e-3cf0-47f0-9796-b5cc17f32d6b,"Pospisil, Leopold J.",Kapauku Papuans and their law,1958,157,Monograph,Kapauku,Oceania,Melanesia,intensive agriculturalists,,"688,784",https://ehrafworldcultures.yale.edu/sres/fdb9f62e-3cf0-47f0-9796-b5cc17f32d6b
9cd86ac6-193e-4ff7-89b2-5ec67b8c23ac,"Pospisil, Leopold J.",Kapauku Papuans and their law,1958,157,Monograph,Kapauku,Oceania,Melanesia,intensive agriculturalists,,"688,778,784",https://ehrafworldcultures.yale.edu/sres/9cd86ac6-193e-4ff7-89b2-5ec67b8c23ac
b29b5e32-cfa3-41db-895a-88fb87a04981,"Pospisil, Leopold J.",Kapauku Papuans and their law,1958,157,Monograph,Kapauku,Oceania,Melanesia,intensive agriculturalists,,"688,784",https://ehrafworldcultures.yale.edu/sres/b29b5e32-cfa3-41db-895a-88fb87a04981
1ae71e8b-a544-4bd3-a64c-bfe505f677e5,"Pospisil, Leopold J.",Kapauku Papuans and their law,1958,157,Monograph,Kapauku,Oceania,Melanesia,intensive agriculturalists,,"262,688,784",https://ehrafworldcultures.yale.edu/sres/1ae71e8b-a544-4bd3-a64c-bfe505f677e5
78b7eef3-d6a8-479f-96be-3acfe9d72d0a,"Pospisil, Leopold J.",Kapauku Papuans and their law,1958,157,Monograph,Kapauku,Oceania,Melanesia,intensive agriculturalists,,"688,784",https://ehrafworldcultures.yale.edu/sres/78b7eef3-d6a8-479f-96be-3acfe9d72d0a
e3a03ed0-9b7e-427b-99a2-c1ec854ed080,"Pospisil, Leopold J.",Kapauku Papuans and their law,1958,157,Monograph,Kapauku,Oceania,Melanesia,intensive agriculturalists,,"688,784",https://ehrafworldcultures.yale.edu/sres/e3a03ed0-9b7e-427b-99a2-c1ec854ed080
5a996918-d393-445e-8e91-01c520955953,"Pospisil, Leopold J.",Kapauku Papuans and their law,1958,157,Monograph,Kapauku,Oceania,Melanesia,intensive agriculturalists,,"688,784",https://ehrafworldcultures.yale.edu/sres/5a996918-d393-445e-8e91-01c520955953
38033c2b-f3e2-4089-bbf2-6200fd5de45b,"Pospisil, Leopold J.",Kapauku Papuans and their law,1958,157,Monograph,Kapauku,Oceania,Melanesia,intensive agriculturalists,,"688,784",https://ehrafworldcultures.yale.edu/sres/38033c2b-f3e2-4089-bbf2-6200fd5de45b
ac219afa-17d8-4913-a614-9b0dab0728cc,"Pospisil, Leopold J.",Kapauku Papuans and their law,1958,157,Monograph,Kapauku,Oceania,Melanesia,intensive agriculturalists,,"688,784",https://ehrafworldcultures.yale.edu/sres/ac219afa-17d8-4913-a614-9b0dab0728cc
93d83a34-caf6-4e8c-83fc-8752b248cfad,"Pospisil, Leopold J.",Kapauku Papuans and their law,1958,157,Monograph,Kapauku,Oceania,Melanesia,intensive agriculturalists,,"262,614,688,784",https://ehrafworldcultures.yale.edu/sres/93d83a34-caf6-4e8c-83fc-8752b248cfad
1a245c20-28cb-4dbc-a0a8-aa5b96d0e0cf,"Pospisil, Leopold J.",Kapauku Papuans and their law,1958,157,Monograph,Kapauku,Oceania,Melanesia,intensive agriculturalists,,"688,784",https://ehrafworldcultures.yale.edu/sres/1a245c20-28cb-4dbc-a0a8-aa5b96d0e0cf
58ce0be0-7081-4a14-b604-4960ca682348,"Pospisil, Leopold J.",Kapauku Papuans and their law,1958,158,Monograph,Kapauku,Oceania,Melanesia,intensive agriculturalists,,"688,784",https://ehrafworldcultures.yale.edu/sres/58ce0be0-7081-4a14-b604-4960ca682348
eb889531-e848-4d27-9812-1a6c33e4615f,"Pospisil, Leopold J.",Kapauku Papuans and their law,1958,158,Monograph,Kapauku,Oceania,Melanesia,intensive agriculturalists,,"688,784",https://ehrafworldcultures.yale.edu/sres/eb889531-e848-4d27-9812-1a6c33e4615f
58dcd4bf-e1d5-4242-9bbf-70906bd71fbe,"Pospisil, Leopold J.",Kapauku Papuans and their law,1958,158,Monograph,Kapauku,Oceania,Melanesia,intensive agriculturalists,,"688,784,841",https://ehrafworldcultures.yale.edu/sres/58dcd4bf-e1d5-4242-9bbf-70906bd71fbe
811fbd5b-3970-4bda-adb9-7a80249fd90a,"Pospisil, Leopold J.",Kapauku Papuans and their law,1958,158,Monograph,Kapauku,Oceania,Melanesia,intensive agriculturalists,,"688,784",https://ehrafworldcultures.yale.edu/sres/811fbd5b-3970-4bda-adb9-7a80249fd90a
b95b9208-5ac2-4ce8-ad2c-2829178a0710,"Pospisil, Leopold J.",Kapauku Papuans and their law,1958,158,Monograph,Kapauku,Oceania,Melanesia,intensive agriculturalists,,"688,784",https://ehrafworldcultures.yale.edu/sres/b95b9208-5ac2-4ce8-ad2c-2829178a0710
76b902e2-3f34-46e2-889e-33385908b8f4,"Pospisil, Leopold J.",Kapauku Papuans and their law,1958,158,Monograph,Kapauku,Oceania,Melanesia,intensive agriculturalists,,"688,784",https://ehrafworldcultures.yale.edu/sres/76b902e2-3f34-46e2-889e-33385908b8f4
b0c59d0f-8514-48cd-b116-5997c48537df,"Pospisil, Leopold J.",Kapauku Papuans and their law,1958,158,Monograph,Kapauku,Oceania,Melanesia,intensive agriculturalists,,"688,784",https://ehrafworldcultures.yale.edu/sres/b0c59d0f-8514-48cd-b116-5997c48537df
4f7e57a1-2e07-4396-88c2-0f2689de5f7d,"Pospisil, Leopold J.",Kapauku Papuans and their law,1958,158,Monograph,Kapauku,Oceania,Melanesia,intensive agriculturalists,,"688,784",https://ehrafworldcultures.yale.edu/sres/4f7e57a1-2e07-4396-88c2-0f2689de5f7d
a79542eb-f16b-432e-8ac5-66e0d42fd18a,"Pospisil, Leopold J.",Kapauku Papuans and their law,1958,158,Monograph,Kapauku,Oceania,Melanesia,intensive agriculturalists,,"688,784",https://ehrafworldcultures.yale.edu/sres/a79542eb-f16b-432e-8ac5-66e0d42fd18a
ae4dd5d3-da95-455b-8b84-398b25dbd466,"Pospisil, Leopold J.",Kapauku Papuans and their law,1958,158,Monograph,Kapauku,Oceania,Melanesia,intensive agriculturalists,,"688,765,784",https://ehrafworldcultures.yale.edu/sres/ae4dd5d3-da95-455b-8b84-398b25dbd466
24b56468-3b1c-46d1-97f6-1718a8115ca4,"Pospisil, Leopold J.",Kapauku Papuans and their law,1958,158,Monograph,Kapauku,Oceania,Melanesia,intensive agriculturalists,,"688,784",https://ehrafworldcultures.yale.edu/sres/24b56468-3b1c-46d1-97f6-1718a8115ca4
41ac8f58-1bae-40a8-88b8-a0ffdfc4f80d,"Pospisil, Leopold J.",Kapauku Papuans and their law,1958,158,Monograph,Kapauku,Oceania,Melanesia,intensive agriculturalists,,"688,784",https://ehrafworldcultures.yale.edu/sres/41ac8f58-1bae-40a8-88b8-a0ffdfc4f80d
570bb657-e5e9-44d6-92f1-c7fbf78c808d,"Pospisil, Leopold J.",Kapauku Papuans and their law,1958,158,Monograph,Kapauku,Oceania,Melanesia,intensive agriculturalists,,"587,688,784",https://ehrafworldcultures.yale.edu/sres/570bb657-e5e9-44d6-92f1-c7fbf78c808d
325e46d3-4a61-4c0a-b015-57a5f43fbd7b,"Pospisil, Leopold J.",Kapauku Papuans and their law,1958,158,Monograph,Kapauku,Oceania,Melanesia,intensive agriculturalists,,"688,784",https://ehrafworldcultures.yale.edu/sres/325e46d3-4a61-4c0a-b015-57a5f43fbd7b
c3020be8-a4b7-4b80-9302-5e983538a726,"Pospisil, Leopold J.",Kapauku Papuans and their law,1958,158,Monograph,Kapauku,Oceania,Melanesia,intensive agriculturalists,,"578,688,784",https://ehrafworldcultures.yale.edu/sres/c3020be8-a4b7-4b80-9302-5e983538a726
99ed2049-5ff6-4b41-b8c0-86d95ae682f3,"Pospisil, Leopold J.",Kapauku Papuans and their law,1958,159,Monograph,Kapauku,Oceania,Melanesia,intensive agriculturalists,,"688,726,784",https://ehrafworldcultures.yale.edu/sres/99ed2049-5ff6-4b41-b8c0-86d95ae682f3
d9c92d97-30e7-4c82-8646-f1fdcbed4beb,"Pospisil, Leopold J.",Kapauku Papuans and their law,1958,159,Monograph,Kapauku,Oceania,Melanesia,intensive agriculturalists,,"688,784",https://ehrafworldcultures.yale.edu/sres/d9c92d97-30e7-4c82-8646-f1fdcbed4beb
4590ee38-a575-4d2f-8ac1-9462f4b45c5c,"Pospisil, Leopold J.",Kapauku Papuans and their law,1958,159,Monograph,Kapauku,Oceania,Melanesia,intensive agriculturalists,,"535,688,784",https://ehrafworldcultures.yale.edu/sres/4590ee38-a575-4d2f-8ac1-9462f4b45c5c
0893de95-f5f3-4acc-852f-dcdd166dd767,"Pospisil, Leopold J.",Kapauku Papuans and their law,1958,159,Monograph,Kapauku,Oceania,Melanesia,intensive agriculturalists,,"688,784",https://ehrafworldcultures.yale.edu/sres/0893de95-f5f3-4acc-852f-dcdd166dd767
da5b5905-d84c-4a5f-92b2-a07692d3fcf8,"Pospisil, Leopold J.",Kapauku Papuans and their law,1958,159,Monograph,Kapauku,Oceania,Melanesia,intensive agriculturalists,,"688,784",https://ehrafworldcultures.yale.edu/sres/da5b5905-d84c-4a5f-92b2-a07692d3fcf8
fd11eeb6-8258-4330-b4cd-4a67255f8562,"Pospisil, Leopold J.",Kapauku Papuans and their law,1958,159,Monograph,Kapauku,Oceania,Melanesia,intensive agriculturalists,,"688,784",https://ehrafworldcultures.yale.edu/sres/fd11eeb6-8258-4330-b4cd-4a67255f8562
c51ff886-54e5-4efd-b5e8-acf58a25b3ac,"Pospisil, Leopold J.",Kapauku Papuans and their law,1958,159,Monograph,Kapauku,Oceania,Melanesia,intensive agriculturalists,,"577,689",https://ehrafworldcultures.yale.edu/sres/c51ff886-54e5-4efd-b5e8-acf58a25b3ac
4af91c71-e5d9-4d7e-a3ba-6cc819d91e44,"Pospisil, Leopold J.",Kapauku Papuans and their law,1958,159,Monograph,Kapauku,Oceania,Melanesia,intensive agriculturalists,,"577,689",https://ehrafworldcultures.yale.edu/sres/4af91c71-e5d9-4d7e-a3ba-6cc819d91e44
ededac9f-f079-4da5-82fb-dbac1e9723ac,"Pospisil, Leopold J.",Kapauku Papuans and their law,1958,159,Monograph,Kapauku,Oceania,Melanesia,intensive agriculturalists,,"577,689",https://ehrafworldcultures.yale.edu/sres/ededac9f-f079-4da5-82fb-dbac1e9723ac
dbbd135b-8d08-4c13-906b-f17723522651,"Pospisil, Leopold J.",Kapauku Papuans and their law,1958,159,Monograph,Kapauku,Oceania,Melanesia,intensive agriculturalists,,"577,689",https://ehrafworldcultures.yale.edu/sres/dbbd135b-8d08-4c13-906b-f17723522651
9fe0489e-3fb3-4fc2-ab6a-6e22dbd8c894,"Pospisil, Leopold J.",Kapauku Papuans and their law,1958,159,Monograph,Kapauku,Oceania,Melanesia,intensive agriculturalists,,"577,689",https://ehrafworldcultures.yale.edu/sres/9fe0489e-3fb3-4fc2-ab6a-6e22dbd8c894
c52696fc-ec3a-4ba9-afcb-7fa646e08197,"Pospisil, Leopold J.",Kapauku Papuans and their law,1958,159,Monograph,Kapauku,Oceania,Melanesia,intensive agriculturalists,,"577,689",https://ehrafworldcultures.yale.edu/sres/c52696fc-ec3a-4ba9-afcb-7fa646e08197
e7120c5d-5cc3-4f29-a752-480c8fc89fc9,"Pospisil, Leopold J.",Kapauku Papuans and their law,1958,159,Monograph,Kapauku,Oceania,Melanesia,intensive agriculturalists,,"578,689",https://ehrafworldcultures.yale.edu/sres/e7120c5d-5cc3-4f29-a752-480c8fc89fc9
e7dbc41b-4025-4cbf-b2ff-acf9880553fa,"Pospisil, Leopold J.",Kapauku Papuans and their law,1958,160,Monograph,Kapauku,Oceania,Melanesia,intensive agriculturalists,,"578,689",https://ehrafworldcultures.yale.edu/sres/e7dbc41b-4025-4cbf-b2ff-acf9880553fa
e95656d2-4735-4ecb-9e1f-9365f6911d19,"Pospisil, Leopold J.",Kapauku Papuans and their law,1958,160,Monograph,Kapauku,Oceania,Melanesia,intensive agriculturalists,,689,https://ehrafworldcultures.yale.edu/sres/e95656d2-4735-4ecb-9e1f-9365f6911d19
71a2591e-4ed4-45eb-a1d4-604aaf3c0683,"Pospisil, Leopold J.",Kapauku Papuans and their law,1958,160,Monograph,Kapauku,Oceania,Melanesia,intensive agriculturalists,,689,https://ehrafworldcultures.yale.edu/sres/71a2591e-4ed4-45eb-a1d4-604aaf3c0683
32aa35f8-b79f-4e7b-a077-9f23a77f9440,"Pospisil, Leopold J.",Kapauku Papuans and their law,1958,160,Monograph,Kapauku,Oceania,Melanesia,intensive agriculturalists,,689,https://ehrafworldcultures.yale.edu/sres/32aa35f8-b79f-4e7b-a077-9f23a77f9440
e9f280b5-5313-40aa-81ce-55690bf3e40f,"Pospisil, Leopold J.",Kapauku Papuans and their law,1958,160,Monograph,Kapauku,Oceania,Melanesia,intensive agriculturalists,,689,https://ehrafworldcultures.yale.edu/sres/e9f280b5-5313-40aa-81ce-55690bf3e40f
b3731c47-5889-4209-9da2-cf4ccff03792,"Pospisil, Leopold J.",Kapauku Papuans and their law,1958,160,Monograph,Kapauku,Oceania,Melanesia,intensive agriculturalists,,689,https://ehrafworldcultures.yale.edu/sres/b3731c47-5889-4209-9da2-cf4ccff03792
d0626838-6303-4bc2-91ad-4c41fc75a561,"Pospisil, Leopold J.",Kapauku Papuans and their law,1958,160,Monograph,Kapauku,Oceania,Melanesia,intensive agriculturalists,,689,https://ehrafworldcultures.yale.edu/sres/d0626838-6303-4bc2-91ad-4c41fc75a561
884342c2-a8f3-4113-a763-10491eeb68b4,"Pospisil, Leopold J.",Kapauku Papuans and their law,1958,160,Monograph,Kapauku,Oceania,Melanesia,intensive agriculturalists,,689,https://ehrafworldcultures.yale.edu/sres/884342c2-a8f3-4113-a763-10491eeb68b4
7080a555-3deb-406c-b3ae-018661e0d3e6,"Pospisil, Leopold J.",Kapauku Papuans and their law,1958,161,Monograph,Kapauku,Oceania,Melanesia,intensive agriculturalists,,689,https://ehrafworldcultures.yale.edu/sres/7080a555-3deb-406c-b3ae-018661e0d3e6
e9dcae89-5dd6-4aba-ac68-38010f689598,"Pospisil, Leopold J.",Kapauku Papuans and their law,1958,161,Monograph,Kapauku,Oceania,Melanesia,intensive agriculturalists,,689,https://ehrafworldcultures.yale.edu/sres/e9dcae89-5dd6-4aba-ac68-38010f689598
439f66de-ef9a-48f3-829e-69aaca9db144,"Pospisil, Leopold J.",Kapauku Papuans and their law,1958,161,Monograph,Kapauku,Oceania,Melanesia,intensive agriculturalists,,"628,689",https://ehrafworldcultures.yale.edu/sres/439f66de-ef9a-48f3-829e-69aaca9db144
dd8c2a44-85d8-43cc-ad52-5e61c650e77e,"Pospisil, Leopold J.",Kapauku Papuans and their law,1958,161,Monograph,Kapauku,Oceania,Melanesia,intensive agriculturalists,,684,https://ehrafworldcultures.yale.edu/sres/dd8c2a44-85d8-43cc-ad52-5e61c650e77e
7638174b-580f-4a6c-8602-7202e6138ad5,"Pospisil, Leopold J.",Kapauku Papuans and their law,1958,161,Monograph,Kapauku,Oceania,Melanesia,intensive agriculturalists,,684,https://ehrafworldcultures.yale.edu/sres/7638174b-580f-4a6c-8602-7202e6138ad5
49f7f333-e9be-4c5d-81dd-00d2cab4ba32,"Pospisil, Leopold J.",Kapauku Papuans and their law,1958,161,Monograph,Kapauku,Oceania,Melanesia,intensive agriculturalists,,684,https://ehrafworldcultures.yale.edu/sres/49f7f333-e9be-4c5d-81dd-00d2cab4ba32
cab554c1-9795-4983-87c4-cd0895d4287d,"Pospisil, Leopold J.",Kapauku Papuans and their law,1958,161,Monograph,Kapauku,Oceania,Melanesia,intensive agriculturalists,,684,https://ehrafworldcultures.yale.edu/sres/cab554c1-9795-4983-87c4-cd0895d4287d
a6c32954-fff4-4295-ad80-bbe3dc44889b,"Pospisil, Leopold J.",Kapauku Papuans and their law,1958,161,Monograph,Kapauku,Oceania,Melanesia,intensive agriculturalists,,684,https://ehrafworldcultures.yale.edu/sres/a6c32954-fff4-4295-ad80-bbe3dc44889b
3e950668-a41e-4ae2-83ea-f7e4fd968704,"Pospisil, Leopold J.",Kapauku Papuans and their law,1958,161,Monograph,Kapauku,Oceania,Melanesia,intensive agriculturalists,,684,https://ehrafworldcultures.yale.edu/sres/3e950668-a41e-4ae2-83ea-f7e4fd968704
6dd10825-3dc3-429f-bfea-2f20aeea4f1a,"Pospisil, Leopold J.",Kapauku Papuans and their law,1958,161,Monograph,Kapauku,Oceania,Melanesia,intensive agriculturalists,,684,https://ehrafworldcultures.yale.edu/sres/6dd10825-3dc3-429f-bfea-2f20aeea4f1a
04a286f7-2bc8-4156-9e78-2f4e5b2cf875,"Pospisil, Leopold J.",Kapauku Papuans and their law,1958,161,Monograph,Kapauku,Oceania,Melanesia,intensive agriculturalists,,684,https://ehrafworldcultures.yale.edu/sres/04a286f7-2bc8-4156-9e78-2f4e5b2cf875
90555dbb-c79b-4809-ac04-125b58421185,"Pospisil, Leopold J.",Kapauku Papuans and their law,1958,162,Monograph,Kapauku,Oceania,Melanesia,intensive agriculturalists,,684,https://ehrafworldcultures.yale.edu/sres/90555dbb-c79b-4809-ac04-125b58421185
574eba21-149d-4cc1-8af5-ec078dbf0530,"Pospisil, Leopold J.",Kapauku Papuans and their law,1958,162,Monograph,Kapauku,Oceania,Melanesia,intensive agriculturalists,,684,https://ehrafworldcultures.yale.edu/sres/574eba21-149d-4cc1-8af5-ec078dbf0530
137a01a5-0395-4815-947e-48c600c33755,"Pospisil, Leopold J.",Kapauku Papuans and their law,1958,162,Monograph,Kapauku,Oceania,Melanesia,intensive agriculturalists,,684,https://ehrafworldcultures.yale.edu/sres/137a01a5-0395-4815-947e-48c600c33755
bda784c5-1e02-42fe-ba80-ecf0b82df587,"Pospisil, Leopold J.",Kapauku Papuans and their law,1958,162,Monograph,Kapauku,Oceania,Melanesia,intensive agriculturalists,,684,https://ehrafworldcultures.yale.edu/sres/bda784c5-1e02-42fe-ba80-ecf0b82df587
5be47912-5578-416f-ab7f-7a3d0f474966,"Pospisil, Leopold J.",Kapauku Papuans and their law,1958,162,Monograph,Kapauku,Oceania,Melanesia,intensive agriculturalists,,684,https://ehrafworldcultures.yale.edu/sres/5be47912-5578-416f-ab7f-7a3d0f474966
55e3a25a-86f6-41c4-a747-b75bb0dab7fc,"Pospisil, Leopold J.",Kapauku Papuans and their law,1958,162,Monograph,Kapauku,Oceania,Melanesia,intensive agriculturalists,,684,https://ehrafworldcultures.yale.edu/sres/55e3a25a-86f6-41c4-a747-b75bb0dab7fc
fa01de76-5242-48c7-b54b-bafe0b527c9a,"Pospisil, Leopold J.",Kapauku Papuans and their law,1958,162,Monograph,Kapauku,Oceania,Melanesia,intensive agriculturalists,,684,https://ehrafworldcultures.yale.edu/sres/fa01de76-5242-48c7-b54b-bafe0b527c9a
180dc855-c14b-4cdb-9d1c-6bad2bada9c0,"Pospisil, Leopold J.",Kapauku Papuans and their law,1958,162,Monograph,Kapauku,Oceania,Melanesia,intensive agriculturalists,,684,https://ehrafworldcultures.yale.edu/sres/180dc855-c14b-4cdb-9d1c-6bad2bada9c0
c4a7175b-2e7c-4b8a-87bf-a1da79ba30e6,"Pospisil, Leopold J.",Kapauku Papuans and their law,1958,162,Monograph,Kapauku,Oceania,Melanesia,intensive agriculturalists,,684,https://ehrafworldcultures.yale.edu/sres/c4a7175b-2e7c-4b8a-87bf-a1da79ba30e6
8fc90213-bcd2-4564-83c8-e1ece16d9e8e,"Pospisil, Leopold J.",Kapauku Papuans and their law,1958,162,Monograph,Kapauku,Oceania,Melanesia,intensive agriculturalists,,684,https://ehrafworldcultures.yale.edu/sres/8fc90213-bcd2-4564-83c8-e1ece16d9e8e
1ddb96d8-2174-49f1-a5fa-8450e5cd4a6a,"Pospisil, Leopold J.",Kapauku Papuans and their law,1958,162,Monograph,Kapauku,Oceania,Melanesia,intensive agriculturalists,,684,https://ehrafworldcultures.yale.edu/sres/1ddb96d8-2174-49f1-a5fa-8450e5cd4a6a
f40704e1-6cc4-4995-9d5c-034f4bb120ca,"Pospisil, Leopold J.",Kapauku Papuans and their law,1958,162,Monograph,Kapauku,Oceania,Melanesia,intensive agriculturalists,,684,https://ehrafworldcultures.yale.edu/sres/f40704e1-6cc4-4995-9d5c-034f4bb120ca
bf7dec73-f7da-40d3-8a5e-f99af12855b4,"Pospisil, Leopold J.",Kapauku Papuans and their law,1958,162,Monograph,Kapauku,Oceania,Melanesia,intensive agriculturalists,,684,https://ehrafworldcultures.yale.edu/sres/bf7dec73-f7da-40d3-8a5e-f99af12855b4
f7cc68c0-e75f-4a70-a56d-ad3623c3afe8,"Pospisil, Leopold J.",Kapauku Papuans and their law,1958,163,Monograph,Kapauku,Oceania,Melanesia,intensive agriculturalists,,684,https://ehrafworldcultures.yale.edu/sres/f7cc68c0-e75f-4a70-a56d-ad3623c3afe8
c751675a-86bf-4f10-9cae-135149300610,"Pospisil, Leopold J.",Kapauku Papuans and their law,1958,163,Monograph,Kapauku,Oceania,Melanesia,intensive agriculturalists,,"583,684",https://ehrafworldcultures.yale.edu/sres/c751675a-86bf-4f10-9cae-135149300610
a3855467-7b67-440a-a6da-58081ba81f9b,"Pospisil, Leopold J.",Kapauku Papuans and their law,1958,163,Monograph,Kapauku,Oceania,Melanesia,intensive agriculturalists,,684,https://ehrafworldcultures.yale.edu/sres/a3855467-7b67-440a-a6da-58081ba81f9b
3309e621-6263-4bb8-b13f-3f5b9c3cbf2d,"Pospisil, Leopold J.",Kapauku Papuans and their law,1958,163,Monograph,Kapauku,Oceania,Melanesia,intensive agriculturalists,,684,https://ehrafworldcultures.yale.edu/sres/3309e621-6263-4bb8-b13f-3f5b9c3cbf2d
e0c0669a-4828-4a64-bd23-7d8b3b3ddb31,"Pospisil, Leopold J.",Kapauku Papuans and their law,1958,163,Monograph,Kapauku,Oceania,Melanesia,intensive agriculturalists,,684,https://ehrafworldcultures.yale.edu/sres/e0c0669a-4828-4a64-bd23-7d8b3b3ddb31
3f462288-a8c7-496e-b5ad-29c5b4bbe7ea,"Pospisil, Leopold J.",Kapauku Papuans and their law,1958,163,Monograph,Kapauku,Oceania,Melanesia,intensive agriculturalists,,684,https://ehrafworldcultures.yale.edu/sres/3f462288-a8c7-496e-b5ad-29c5b4bbe7ea
65d5119c-4bff-40eb-b156-49a64a00c603,"Pospisil, Leopold J.",Kapauku Papuans and their law,1958,163,Monograph,Kapauku,Oceania,Melanesia,intensive agriculturalists,,"628,684",https://ehrafworldcultures.yale.edu/sres/65d5119c-4bff-40eb-b156-49a64a00c603
5f302082-f3e3-4fa5-bee7-254af367452e,"Pospisil, Leopold J.",Kapauku Papuans and their law,1958,163,Monograph,Kapauku,Oceania,Melanesia,intensive agriculturalists,,684,https://ehrafworldcultures.yale.edu/sres/5f302082-f3e3-4fa5-bee7-254af367452e
436c05b1-399e-4075-95b1-100d1debbbf3,"Pospisil, Leopold J.",Kapauku Papuans and their law,1958,163,Monograph,Kapauku,Oceania,Melanesia,intensive agriculturalists,,684,https://ehrafworldcultures.yale.edu/sres/436c05b1-399e-4075-95b1-100d1debbbf3
8f478930-b4fe-464a-b4b4-75ebaee14d77,"Pospisil, Leopold J.",Kapauku Papuans and their law,1958,163,Monograph,Kapauku,Oceania,Melanesia,intensive agriculturalists,,684,https://ehrafworldcultures.yale.edu/sres/8f478930-b4fe-464a-b4b4-75ebaee14d77
457a79c4-eff2-4c6a-9747-77055aae65f0,"Pospisil, Leopold J.",Kapauku Papuans and their law,1958,163,Monograph,Kapauku,Oceania,Melanesia,intensive agriculturalists,,684,https://ehrafworldcultures.yale.edu/sres/457a79c4-eff2-4c6a-9747-77055aae65f0
dfdbf02e-f117-468a-a6bb-96adc2cb705a,"Pospisil, Leopold J.",Kapauku Papuans and their law,1958,164,Monograph,Kapauku,Oceania,Melanesia,intensive agriculturalists,,684,https://ehrafworldcultures.yale.edu/sres/dfdbf02e-f117-468a-a6bb-96adc2cb705a
002df276-7500-4233-afad-8a081f578a55,"Pospisil, Leopold J.",Kapauku Papuans and their law,1958,164,Monograph,Kapauku,Oceania,Melanesia,intensive agriculturalists,,684,https://ehrafworldcultures.yale.edu/sres/002df276-7500-4233-afad-8a081f578a55
2accd5f2-d101-4e1c-a47f-6a0a7b099252,"Pospisil, Leopold J.",Kapauku Papuans and their law,1958,164,Monograph,Kapauku,Oceania,Melanesia,intensive agriculturalists,,684,https://ehrafworldcultures.yale.edu/sres/2accd5f2-d101-4e1c-a47f-6a0a7b099252
844bacee-076f-4395-a259-69dbafd58069,"Pospisil, Leopold J.",Kapauku Papuans and their law,1958,164,Monograph,Kapauku,Oceania,Melanesia,intensive agriculturalists,,684,https://ehrafworldcultures.yale.edu/sres/844bacee-076f-4395-a259-69dbafd58069
66b27576-0931-494a-9ac9-3ed92dbcffbd,"Pospisil, Leopold J.",Kapauku Papuans and their law,1958,164,Monograph,Kapauku,Oceania,Melanesia,intensive agriculturalists,,684,https://ehrafworldcultures.yale.edu/sres/66b27576-0931-494a-9ac9-3ed92dbcffbd
e9b56b89-81f9-400a-afc3-b5556acd0b9d,"Pospisil, Leopold J.",Kapauku Papuans and their law,1958,164,Monograph,Kapauku,Oceania,Melanesia,intensive agriculturalists,,684,https://ehrafworldcultures.yale.edu/sres/e9b56b89-81f9-400a-afc3-b5556acd0b9d
5dbc6e31-70c9-47fc-9132-aa8503e81c9e,"Pospisil, Leopold J.",Kapauku Papuans and their law,1958,164,Monograph,Kapauku,Oceania,Melanesia,intensive agriculturalists,,684,https://ehrafworldcultures.yale.edu/sres/5dbc6e31-70c9-47fc-9132-aa8503e81c9e
9548201d-2212-473a-813b-a0dc216afd9b,"Pospisil, Leopold J.",Kapauku Papuans and their law,1958,164,Monograph,Kapauku,Oceania,Melanesia,intensive agriculturalists,,"684,721",https://ehrafworldcultures.yale.edu/sres/9548201d-2212-473a-813b-a0dc216afd9b
90ce3e85-8b03-4191-8a62-310bb3e5d673,"Pospisil, Leopold J.",Kapauku Papuans and their law,1958,164,Monograph,Kapauku,Oceania,Melanesia,intensive agriculturalists,,"614,684",https://ehrafworldcultures.yale.edu/sres/90ce3e85-8b03-4191-8a62-310bb3e5d673
d8cf39c0-810d-4277-99ee-bde8a93b5127,"Pospisil, Leopold J.",Kapauku Papuans and their law,1958,164,Monograph,Kapauku,Oceania,Melanesia,intensive agriculturalists,,684,https://ehrafworldcultures.yale.edu/sres/d8cf39c0-810d-4277-99ee-bde8a93b5127
035b4909-46f0-4e97-b78d-b844e5aa4365,"Pospisil, Leopold J.",Kapauku Papuans and their law,1958,164,Monograph,Kapauku,Oceania,Melanesia,intensive agriculturalists,,684,https://ehrafworldcultures.yale.edu/sres/035b4909-46f0-4e97-b78d-b844e5aa4365
c28e8542-6ae7-407b-8270-eb0775ba9ce1,"Pospisil, Leopold J.",Kapauku Papuans and their law,1958,164,Monograph,Kapauku,Oceania,Melanesia,intensive agriculturalists,,684,https://ehrafworldcultures.yale.edu/sres/c28e8542-6ae7-407b-8270-eb0775ba9ce1
b603731d-80b6-4234-bc26-ee44c88b965f,"Pospisil, Leopold J.",Kapauku Papuans and their law,1958,164,Monograph,Kapauku,Oceania,Melanesia,intensive agriculturalists,,684,https://ehrafworldcultures.yale.edu/sres/b603731d-80b6-4234-bc26-ee44c88b965f
1b7f548a-ef08-42d6-8432-7de10b145fb4,"Pospisil, Leopold J.",Kapauku Papuans and their law,1958,164,Monograph,Kapauku,Oceania,Melanesia,intensive agriculturalists,,684,https://ehrafworldcultures.yale.edu/sres/1b7f548a-ef08-42d6-8432-7de10b145fb4
2aa12235-e3e2-48d6-b935-e314867e2a1c,"Pospisil, Leopold J.",Kapauku Papuans and their law,1958,165,Monograph,Kapauku,Oceania,Melanesia,intensive agriculturalists,,684,https://ehrafworldcultures.yale.edu/sres/2aa12235-e3e2-48d6-b935-e314867e2a1c
ee002413-bb5a-4be9-8609-75fe01ce31b1,"Pospisil, Leopold J.",Kapauku Papuans and their law,1958,165,Monograph,Kapauku,Oceania,Melanesia,intensive agriculturalists,,684,https://ehrafworldcultures.yale.edu/sres/ee002413-bb5a-4be9-8609-75fe01ce31b1
3d93b066-c297-4853-b2d5-932da7c443d8,"Pospisil, Leopold J.",Kapauku Papuans and their law,1958,165,Monograph,Kapauku,Oceania,Melanesia,intensive agriculturalists,,684,https://ehrafworldcultures.yale.edu/sres/3d93b066-c297-4853-b2d5-932da7c443d8
8e456453-556a-4089-80fa-6b41ed705dc1,"Pospisil, Leopold J.",Kapauku Papuans and their law,1958,165,Monograph,Kapauku,Oceania,Melanesia,intensive agriculturalists,,684,https://ehrafworldcultures.yale.edu/sres/8e456453-556a-4089-80fa-6b41ed705dc1
6427e0a5-3d2f-430f-86b8-5c1ebd10a544,"Pospisil, Leopold J.",Kapauku Papuans and their law,1958,165,Monograph,Kapauku,Oceania,Melanesia,intensive agriculturalists,,684,https://ehrafworldcultures.yale.edu/sres/6427e0a5-3d2f-430f-86b8-5c1ebd10a544
5771fb4b-1004-42c0-8307-338531153947,"Pospisil, Leopold J.",Kapauku Papuans and their law,1958,165,Monograph,Kapauku,Oceania,Melanesia,intensive agriculturalists,,684,https://ehrafworldcultures.yale.edu/sres/5771fb4b-1004-42c0-8307-338531153947
48e21037-8194-44e6-a5df-0de15ef45b64,"Pospisil, Leopold J.",Kapauku Papuans and their law,1958,166,Monograph,Kapauku,Oceania,Melanesia,intensive agriculturalists,,"582,684",https://ehrafworldcultures.yale.edu/sres/48e21037-8194-44e6-a5df-0de15ef45b64
cb7dd01e-6f11-4947-b9b2-9581e10b389a,"Pospisil, Leopold J.",Kapauku Papuans and their law,1958,166,Monograph,Kapauku,Oceania,Melanesia,intensive agriculturalists,,"582,684",https://ehrafworldcultures.yale.edu/sres/cb7dd01e-6f11-4947-b9b2-9581e10b389a
c093756f-7ccc-46ae-8196-b6119bcde61b,"Pospisil, Leopold J.",Kapauku Papuans and their law,1958,166,Monograph,Kapauku,Oceania,Melanesia,intensive agriculturalists,,"582,684",https://ehrafworldcultures.yale.edu/sres/c093756f-7ccc-46ae-8196-b6119bcde61b
2153b713-7ec6-4a48-bc9a-0fc308a95096,"Pospisil, Leopold J.",Kapauku Papuans and their law,1958,166,Monograph,Kapauku,Oceania,Melanesia,intensive agriculturalists,,"582,684",https://ehrafworldcultures.yale.edu/sres/2153b713-7ec6-4a48-bc9a-0fc308a95096
b11d1dc9-d899-40f3-9172-55eb656c7505,"Pospisil, Leopold J.",Kapauku Papuans and their law,1958,166,Monograph,Kapauku,Oceania,Melanesia,intensive agriculturalists,,"582,684",https://ehrafworldcultures.yale.edu/sres/b11d1dc9-d899-40f3-9172-55eb656c7505
524d9f12-6d3d-4d97-971b-c020012331e8,"Pospisil, Leopold J.",Kapauku Papuans and their law,1958,166,Monograph,Kapauku,Oceania,Melanesia,intensive agriculturalists,,"582,684",https://ehrafworldcultures.yale.edu/sres/524d9f12-6d3d-4d97-971b-c020012331e8
8abc456d-7473-4fd7-923e-80a866da167c,"Pospisil, Leopold J.",Kapauku Papuans and their law,1958,166,Monograph,Kapauku,Oceania,Melanesia,intensive agriculturalists,,"587,684",https://ehrafworldcultures.yale.edu/sres/8abc456d-7473-4fd7-923e-80a866da167c
1ea2cbc8-0547-401e-a517-3caa636fdf2f,"Pospisil, Leopold J.",Kapauku Papuans and their law,1958,166,Monograph,Kapauku,Oceania,Melanesia,intensive agriculturalists,,"587,684",https://ehrafworldcultures.yale.edu/sres/1ea2cbc8-0547-401e-a517-3caa636fdf2f
327be0bf-611b-4ae9-ab6c-8bd52bbcc865,"Pospisil, Leopold J.",Kapauku Papuans and their law,1958,166,Monograph,Kapauku,Oceania,Melanesia,intensive agriculturalists,,"587,684",https://ehrafworldcultures.yale.edu/sres/327be0bf-611b-4ae9-ab6c-8bd52bbcc865
97af8c7c-17e1-4da2-88f2-c168d0f2982e,"Pospisil, Leopold J.",Kapauku Papuans and their law,1958,167,Monograph,Kapauku,Oceania,Melanesia,intensive agriculturalists,,"582,684",https://ehrafworldcultures.yale.edu/sres/97af8c7c-17e1-4da2-88f2-c168d0f2982e
14dd5754-1724-47ab-b224-6e3646a018a9,"Pospisil, Leopold J.",Kapauku Papuans and their law,1958,167,Monograph,Kapauku,Oceania,Melanesia,intensive agriculturalists,,"582,684",https://ehrafworldcultures.yale.edu/sres/14dd5754-1724-47ab-b224-6e3646a018a9
99505968-6e87-4941-9471-2f5f53327046,"Pospisil, Leopold J.",Kapauku Papuans and their law,1958,167,Monograph,Kapauku,Oceania,Melanesia,intensive agriculturalists,,"582,684",https://ehrafworldcultures.yale.edu/sres/99505968-6e87-4941-9471-2f5f53327046
b8abe3aa-8709-4a88-9fc8-4ade1f6c1a53,"Pospisil, Leopold J.",Kapauku Papuans and their law,1958,167,Monograph,Kapauku,Oceania,Melanesia,intensive agriculturalists,,"582,587,684",https://ehrafworldcultures.yale.edu/sres/b8abe3aa-8709-4a88-9fc8-4ade1f6c1a53
0dd8c982-c744-4632-be5a-b1027eed5f3f,"Pospisil, Leopold J.",Kapauku Papuans and their law,1958,167,Monograph,Kapauku,Oceania,Melanesia,intensive agriculturalists,,"582,684",https://ehrafworldcultures.yale.edu/sres/0dd8c982-c744-4632-be5a-b1027eed5f3f
45db825b-1d79-4e2b-9988-fee2b82a65b4,"Pospisil, Leopold J.",Kapauku Papuans and their law,1958,167,Monograph,Kapauku,Oceania,Melanesia,intensive agriculturalists,,"582,684",https://ehrafworldcultures.yale.edu/sres/45db825b-1d79-4e2b-9988-fee2b82a65b4
f7e1f950-2d76-4241-9e4b-612b0ec326a4,"Pospisil, Leopold J.",Kapauku Papuans and their law,1958,167,Monograph,Kapauku,Oceania,Melanesia,intensive agriculturalists,,"582,684",https://ehrafworldcultures.yale.edu/sres/f7e1f950-2d76-4241-9e4b-612b0ec326a4
fe5caacd-bf45-4a25-b1f4-17628c6a4651,"Pospisil, Leopold J.",Kapauku Papuans and their law,1958,167,Monograph,Kapauku,Oceania,Melanesia,intensive agriculturalists,,"582,684",https://ehrafworldcultures.yale.edu/sres/fe5caacd-bf45-4a25-b1f4-17628c6a4651
cf69cb31-d03b-4a92-aa99-4a84bced0acd,"Pospisil, Leopold J.",Kapauku Papuans and their law,1958,167,Monograph,Kapauku,Oceania,Melanesia,intensive agriculturalists,,"582,684",https://ehrafworldcultures.yale.edu/sres/cf69cb31-d03b-4a92-aa99-4a84bced0acd
30dfed06-744f-434f-b593-c1ffb99a30f3,"Pospisil, Leopold J.",Kapauku Papuans and their law,1958,167,Monograph,Kapauku,Oceania,Melanesia,intensive agriculturalists,,"582,684",https://ehrafworldcultures.yale.edu/sres/30dfed06-744f-434f-b593-c1ffb99a30f3
361b3e41-139b-4678-a8ff-4639905adbd6,"Pospisil, Leopold J.",Kapauku Papuans and their law,1958,167,Monograph,Kapauku,Oceania,Melanesia,intensive agriculturalists,,"582,684",https://ehrafworldcultures.yale.edu/sres/361b3e41-139b-4678-a8ff-4639905adbd6
75e2a107-0b69-46f2-8fa4-999e4dea8a5d,"Pospisil, Leopold J.",Kapauku Papuans and their law,1958,167,Monograph,Kapauku,Oceania,Melanesia,intensive agriculturalists,,"582,609,684",https://ehrafworldcultures.yale.edu/sres/75e2a107-0b69-46f2-8fa4-999e4dea8a5d
20ec3909-d946-47c9-b69f-b819c0b3314f,"Pospisil, Leopold J.",Kapauku Papuans and their law,1958,167,Monograph,Kapauku,Oceania,Melanesia,intensive agriculturalists,,"582,684",https://ehrafworldcultures.yale.edu/sres/20ec3909-d946-47c9-b69f-b819c0b3314f
28134bdb-c662-43c5-9148-69a176d230b7,"Pospisil, Leopold J.",Kapauku Papuans and their law,1958,167,Monograph,Kapauku,Oceania,Melanesia,intensive agriculturalists,,"582,684",https://ehrafworldcultures.yale.edu/sres/28134bdb-c662-43c5-9148-69a176d230b7
6650e3bb-5117-4fff-9446-f085685fde2b,"Pospisil, Leopold J.",Kapauku Papuans and their law,1958,167,Monograph,Kapauku,Oceania,Melanesia,intensive agriculturalists,,"582,684",https://ehrafworldcultures.yale.edu/sres/6650e3bb-5117-4fff-9446-f085685fde2b
8b9f62e1-9762-4b3f-b786-0a5fc76290fc,"Pospisil, Leopold J.",Kapauku Papuans and their law,1958,167,Monograph,Kapauku,Oceania,Melanesia,intensive agriculturalists,,"562,672,684",https://ehrafworldcultures.yale.edu/sres/8b9f62e1-9762-4b3f-b786-0a5fc76290fc
ac06edbb-7d52-4262-9d7c-ccea9fb57b92,"Pospisil, Leopold J.",Kapauku Papuans and their law,1958,167,Monograph,Kapauku,Oceania,Melanesia,intensive agriculturalists,,"581,684",https://ehrafworldcultures.yale.edu/sres/ac06edbb-7d52-4262-9d7c-ccea9fb57b92
23ec4c76-d1a4-4d9b-99cf-fd7473b2408a,"Pospisil, Leopold J.",Kapauku Papuans and their law,1958,168,Monograph,Kapauku,Oceania,Melanesia,intensive agriculturalists,,684,https://ehrafworldcultures.yale.edu/sres/23ec4c76-d1a4-4d9b-99cf-fd7473b2408a
d5c1c97c-dcdf-427e-96a2-e0dcb1d81c28,"Pospisil, Leopold J.",Kapauku Papuans and their law,1958,168,Monograph,Kapauku,Oceania,Melanesia,intensive agriculturalists,,684,https://ehrafworldcultures.yale.edu/sres/d5c1c97c-dcdf-427e-96a2-e0dcb1d81c28
7111789e-ce3c-471f-95ab-9000fdaa1742,"Pospisil, Leopold J.",Kapauku Papuans and their law,1958,168,Monograph,Kapauku,Oceania,Melanesia,intensive agriculturalists,,684,https://ehrafworldcultures.yale.edu/sres/7111789e-ce3c-471f-95ab-9000fdaa1742
976fd126-678c-41cd-82c6-612dde6c1a8f,"Pospisil, Leopold J.",Kapauku Papuans and their law,1958,168,Monograph,Kapauku,Oceania,Melanesia,intensive agriculturalists,,684,https://ehrafworldcultures.yale.edu/sres/976fd126-678c-41cd-82c6-612dde6c1a8f
0b69358b-d368-45f1-80fe-f2c528bd7cf7,"Pospisil, Leopold J.",Kapauku Papuans and their law,1958,168,Monograph,Kapauku,Oceania,Melanesia,intensive agriculturalists,,684,https://ehrafworldcultures.yale.edu/sres/0b69358b-d368-45f1-80fe-f2c528bd7cf7
733edada-5329-473f-ba6c-43f03572fc48,"Pospisil, Leopold J.",Kapauku Papuans and their law,1958,168,Monograph,Kapauku,Oceania,Melanesia,intensive agriculturalists,,"684,692",https://ehrafworldcultures.yale.edu/sres/733edada-5329-473f-ba6c-43f03572fc48
eb2de252-d56c-44b8-b487-a36bd7abed49,"Pospisil, Leopold J.",Kapauku Papuans and their law,1958,169,Monograph,Kapauku,Oceania,Melanesia,intensive agriculturalists,,"684,692",https://ehrafworldcultures.yale.edu/sres/eb2de252-d56c-44b8-b487-a36bd7abed49
19f1c450-bf98-4e82-80dc-95fe06a088fd,"Pospisil, Leopold J.",Kapauku Papuans and their law,1958,169,Monograph,Kapauku,Oceania,Melanesia,intensive agriculturalists,,684,https://ehrafworldcultures.yale.edu/sres/19f1c450-bf98-4e82-80dc-95fe06a088fd
105f2c7f-d2bc-41a4-84b8-f5ce2259c8e7,"Pospisil, Leopold J.",Kapauku Papuans and their law,1958,169,Monograph,Kapauku,Oceania,Melanesia,intensive agriculturalists,,"672,684",https://ehrafworldcultures.yale.edu/sres/105f2c7f-d2bc-41a4-84b8-f5ce2259c8e7
914a9295-796e-422f-af12-3aff4cf6b1f0,"Pospisil, Leopold J.",Kapauku Papuans and their law,1958,169,Monograph,Kapauku,Oceania,Melanesia,intensive agriculturalists,,"672,684",https://ehrafworldcultures.yale.edu/sres/914a9295-796e-422f-af12-3aff4cf6b1f0
698011cd-0e1d-4888-a3f0-1e9e8217c132,"Pospisil, Leopold J.",Kapauku Papuans and their law,1958,169,Monograph,Kapauku,Oceania,Melanesia,intensive agriculturalists,,"672,684",https://ehrafworldcultures.yale.edu/sres/698011cd-0e1d-4888-a3f0-1e9e8217c132
45edddfb-4435-4c84-9683-bf4ff2c2380b,"Pospisil, Leopold J.",Kapauku Papuans and their law,1958,169,Monograph,Kapauku,Oceania,Melanesia,intensive agriculturalists,,"672,684",https://ehrafworldcultures.yale.edu/sres/45edddfb-4435-4c84-9683-bf4ff2c2380b
009f5b56-b21f-4445-89e1-11d8181c2b57,"Pospisil, Leopold J.",Kapauku Papuans and their law,1958,169,Monograph,Kapauku,Oceania,Melanesia,intensive agriculturalists,,"672,684",https://ehrafworldcultures.yale.edu/sres/009f5b56-b21f-4445-89e1-11d8181c2b57
755931ab-10c7-4eff-bd00-6d55254d1b05,"Pospisil, Leopold J.",Kapauku Papuans and their law,1958,169,Monograph,Kapauku,Oceania,Melanesia,intensive agriculturalists,,"672,684",https://ehrafworldcultures.yale.edu/sres/755931ab-10c7-4eff-bd00-6d55254d1b05
d30c7092-290f-4acd-8bd4-92925d7a9a33,"Pospisil, Leopold J.",Kapauku Papuans and their law,1958,169,Monograph,Kapauku,Oceania,Melanesia,intensive agriculturalists,,684,https://ehrafworldcultures.yale.edu/sres/d30c7092-290f-4acd-8bd4-92925d7a9a33
bce94233-0868-49d8-a7e4-64ddbcb64c6f,"Pospisil, Leopold J.",Kapauku Papuans and their law,1958,169,Monograph,Kapauku,Oceania,Melanesia,intensive agriculturalists,,684,https://ehrafworldcultures.yale.edu/sres/bce94233-0868-49d8-a7e4-64ddbcb64c6f
d2e88fec-1286-4721-92c4-9f83c87b4178,"Pospisil, Leopold J.",Kapauku Papuans and their law,1958,170,Monograph,Kapauku,Oceania,Melanesia,intensive agriculturalists,,"177,684",https://ehrafworldcultures.yale.edu/sres/d2e88fec-1286-4721-92c4-9f83c87b4178
a2f682f3-5ee3-4a1f-933d-78a1e756656d,"Pospisil, Leopold J.",Kapauku Papuans and their law,1958,170,Monograph,Kapauku,Oceania,Melanesia,intensive agriculturalists,,684,https://ehrafworldcultures.yale.edu/sres/a2f682f3-5ee3-4a1f-933d-78a1e756656d
b09863b5-d0c7-47a5-8aaa-8d60697d54be,"Pospisil, Leopold J.",Kapauku Papuans and their law,1958,170,Monograph,Kapauku,Oceania,Melanesia,intensive agriculturalists,,684,https://ehrafworldcultures.yale.edu/sres/b09863b5-d0c7-47a5-8aaa-8d60697d54be
0e2c44fb-bc8f-4831-86a4-a43c30487741,"Pospisil, Leopold J.",Kapauku Papuans and their law,1958,170,Monograph,Kapauku,Oceania,Melanesia,intensive agriculturalists,,684,https://ehrafworldcultures.yale.edu/sres/0e2c44fb-bc8f-4831-86a4-a43c30487741
8795cc6b-cb80-4248-89dc-11b2a1adcd4b,"Pospisil, Leopold J.",Kapauku Papuans and their law,1958,170,Monograph,Kapauku,Oceania,Melanesia,intensive agriculturalists,,"684,692",https://ehrafworldcultures.yale.edu/sres/8795cc6b-cb80-4248-89dc-11b2a1adcd4b
42da62e9-ab93-43c6-b4f1-a7b016ce0cc0,"Pospisil, Leopold J.",Kapauku Papuans and their law,1958,170,Monograph,Kapauku,Oceania,Melanesia,intensive agriculturalists,,"684,692",https://ehrafworldcultures.yale.edu/sres/42da62e9-ab93-43c6-b4f1-a7b016ce0cc0
06b34146-613e-4811-8061-2d714d692fe4,"Pospisil, Leopold J.",Kapauku Papuans and their law,1958,170,Monograph,Kapauku,Oceania,Melanesia,intensive agriculturalists,,684,https://ehrafworldcultures.yale.edu/sres/06b34146-613e-4811-8061-2d714d692fe4
2fc09f5c-58ec-4304-806f-1eec16d3aecc,"Pospisil, Leopold J.",Kapauku Papuans and their law,1958,171,Monograph,Kapauku,Oceania,Melanesia,intensive agriculturalists,,684,https://ehrafworldcultures.yale.edu/sres/2fc09f5c-58ec-4304-806f-1eec16d3aecc
5925c4ff-70f4-48c0-85e5-262dee4c0e8b,"Pospisil, Leopold J.",Kapauku Papuans and their law,1958,171,Monograph,Kapauku,Oceania,Melanesia,intensive agriculturalists,,684,https://ehrafworldcultures.yale.edu/sres/5925c4ff-70f4-48c0-85e5-262dee4c0e8b
def94739-ac74-493e-bfda-0fc47a6507af,"Pospisil, Leopold J.",Kapauku Papuans and their law,1958,171,Monograph,Kapauku,Oceania,Melanesia,intensive agriculturalists,,684,https://ehrafworldcultures.yale.edu/sres/def94739-ac74-493e-bfda-0fc47a6507af
dda4ef58-e6f6-419f-ae73-c888857e2d64,"Pospisil, Leopold J.",Kapauku Papuans and their law,1958,171,Monograph,Kapauku,Oceania,Melanesia,intensive agriculturalists,,684,https://ehrafworldcultures.yale.edu/sres/dda4ef58-e6f6-419f-ae73-c888857e2d64
69b4221f-bfed-4858-80b6-e0a7dc9dc25f,"Pospisil, Leopold J.",Kapauku Papuans and their law,1958,171,Monograph,Kapauku,Oceania,Melanesia,intensive agriculturalists,,684,https://ehrafworldcultures.yale.edu/sres/69b4221f-bfed-4858-80b6-e0a7dc9dc25f
2e03b68d-7c39-4e4a-b829-069f4f34c5c7,"Pospisil, Leopold J.",Kapauku Papuans and their law,1958,171,Monograph,Kapauku,Oceania,Melanesia,intensive agriculturalists,,684,https://ehrafworldcultures.yale.edu/sres/2e03b68d-7c39-4e4a-b829-069f4f34c5c7
313f5fc0-e083-4bd5-83fa-5b0eb4d4d0f8,"Pospisil, Leopold J.",Kapauku Papuans and their law,1958,171,Monograph,Kapauku,Oceania,Melanesia,intensive agriculturalists,,684,https://ehrafworldcultures.yale.edu/sres/313f5fc0-e083-4bd5-83fa-5b0eb4d4d0f8
9ae2a4da-7b23-4979-8c01-d5c875def323,"Pospisil, Leopold J.",Kapauku Papuans and their law,1958,171,Monograph,Kapauku,Oceania,Melanesia,intensive agriculturalists,,684,https://ehrafworldcultures.yale.edu/sres/9ae2a4da-7b23-4979-8c01-d5c875def323
eb026680-c503-4ed0-96b2-bd9f4e24ad13,"Pospisil, Leopold J.",Kapauku Papuans and their law,1958,171,Monograph,Kapauku,Oceania,Melanesia,intensive agriculturalists,,"672,684",https://ehrafworldcultures.yale.edu/sres/eb026680-c503-4ed0-96b2-bd9f4e24ad13
31623fbb-8d67-4aaa-9a5c-77d4da8debd0,"Pospisil, Leopold J.",Kapauku Papuans and their law,1958,172,Monograph,Kapauku,Oceania,Melanesia,intensive agriculturalists,,"672,684",https://ehrafworldcultures.yale.edu/sres/31623fbb-8d67-4aaa-9a5c-77d4da8debd0
51496aa2-2f0c-4dec-af05-3428e1b4bd4e,"Pospisil, Leopold J.",Kapauku Papuans and their law,1958,172,Monograph,Kapauku,Oceania,Melanesia,intensive agriculturalists,,684,https://ehrafworldcultures.yale.edu/sres/51496aa2-2f0c-4dec-af05-3428e1b4bd4e
a76a66c4-2c98-4443-9a6e-408702b8c478,"Pospisil, Leopold J.",Kapauku Papuans and their law,1958,172,Monograph,Kapauku,Oceania,Melanesia,intensive agriculturalists,,684,https://ehrafworldcultures.yale.edu/sres/a76a66c4-2c98-4443-9a6e-408702b8c478
e8287119-a898-4d1a-9ede-d92a82e37db2,"Pospisil, Leopold J.",Kapauku Papuans and their law,1958,172,Monograph,Kapauku,Oceania,Melanesia,intensive agriculturalists,,684,https://ehrafworldcultures.yale.edu/sres/e8287119-a898-4d1a-9ede-d92a82e37db2
474f849d-68a6-4709-b3ab-2b06003abc45,"Pospisil, Leopold J.",Kapauku Papuans and their law,1958,172,Monograph,Kapauku,Oceania,Melanesia,intensive agriculturalists,,684,https://ehrafworldcultures.yale.edu/sres/474f849d-68a6-4709-b3ab-2b06003abc45
5bcbf5d9-44e6-4d20-aacf-5cf6fb233d9d,"Pospisil, Leopold J.",Kapauku Papuans and their law,1958,172,Monograph,Kapauku,Oceania,Melanesia,intensive agriculturalists,,684,https://ehrafworldcultures.yale.edu/sres/5bcbf5d9-44e6-4d20-aacf-5cf6fb233d9d
9662cf44-f810-43ca-bc73-c2ad7165d0f3,"Pospisil, Leopold J.",Kapauku Papuans and their law,1958,172,Monograph,Kapauku,Oceania,Melanesia,intensive agriculturalists,,684,https://ehrafworldcultures.yale.edu/sres/9662cf44-f810-43ca-bc73-c2ad7165d0f3
8a414b94-c392-4120-b2ad-ec1734d2991c,"Pospisil, Leopold J.",Kapauku Papuans and their law,1958,172,Monograph,Kapauku,Oceania,Melanesia,intensive agriculturalists,,"648,684",https://ehrafworldcultures.yale.edu/sres/8a414b94-c392-4120-b2ad-ec1734d2991c
551b58ec-2eff-4289-9df9-6dbea2762530,"Pospisil, Leopold J.",Kapauku Papuans and their law,1958,172,Monograph,Kapauku,Oceania,Melanesia,intensive agriculturalists,,684,https://ehrafworldcultures.yale.edu/sres/551b58ec-2eff-4289-9df9-6dbea2762530
e18ffdf9-d3ac-44ba-a1da-5ada4f103c55,"Pospisil, Leopold J.",Kapauku Papuans and their law,1958,172,Monograph,Kapauku,Oceania,Melanesia,intensive agriculturalists,,684,https://ehrafworldcultures.yale.edu/sres/e18ffdf9-d3ac-44ba-a1da-5ada4f103c55
ceb895ab-542b-4b46-b565-5f8cb3b54414,"Pospisil, Leopold J.",Kapauku Papuans and their law,1958,172,Monograph,Kapauku,Oceania,Melanesia,intensive agriculturalists,,684,https://ehrafworldcultures.yale.edu/sres/ceb895ab-542b-4b46-b565-5f8cb3b54414
ee4c07ac-7410-4cb4-aeb2-2ce0fb7dcc46,"Pospisil, Leopold J.",Kapauku Papuans and their law,1958,172,Monograph,Kapauku,Oceania,Melanesia,intensive agriculturalists,,684,https://ehrafworldcultures.yale.edu/sres/ee4c07ac-7410-4cb4-aeb2-2ce0fb7dcc46
8f697c48-4232-458a-ba32-70f15acbbb59,"Pospisil, Leopold J.",Kapauku Papuans and their law,1958,172,Monograph,Kapauku,Oceania,Melanesia,intensive agriculturalists,,684,https://ehrafworldcultures.yale.edu/sres/8f697c48-4232-458a-ba32-70f15acbbb59
c00fe1ef-af14-418f-9093-b9b0f7ba3ba7,"Pospisil, Leopold J.",Kapauku Papuans and their law,1958,172,Monograph,Kapauku,Oceania,Melanesia,intensive agriculturalists,,684,https://ehrafworldcultures.yale.edu/sres/c00fe1ef-af14-418f-9093-b9b0f7ba3ba7
2c20993c-524d-4dd1-94a8-c8c7ff3f4fd8,"Pospisil, Leopold J.",Kapauku Papuans and their law,1958,174,Monograph,Kapauku,Oceania,Melanesia,intensive agriculturalists,,"586,684",https://ehrafworldcultures.yale.edu/sres/2c20993c-524d-4dd1-94a8-c8c7ff3f4fd8
b8e7c376-482d-49e4-b959-3d218f0098ef,"Pospisil, Leopold J.",Kapauku Papuans and their law,1958,174,Monograph,Kapauku,Oceania,Melanesia,intensive agriculturalists,,"586,684",https://ehrafworldcultures.yale.edu/sres/b8e7c376-482d-49e4-b959-3d218f0098ef
8922aaa6-afcc-4dd9-b20b-68ed6ecbd003,"Pospisil, Leopold J.",Kapauku Papuans and their law,1958,174,Monograph,Kapauku,Oceania,Melanesia,intensive agriculturalists,,"586,684",https://ehrafworldcultures.yale.edu/sres/8922aaa6-afcc-4dd9-b20b-68ed6ecbd003
1571a45d-28a2-414e-8291-4a83dc902e2f,"Pospisil, Leopold J.",Kapauku Papuans and their law,1958,174,Monograph,Kapauku,Oceania,Melanesia,intensive agriculturalists,,"586,684",https://ehrafworldcultures.yale.edu/sres/1571a45d-28a2-414e-8291-4a83dc902e2f
66c5f9f1-0b43-4c3c-84fe-071b54faa3ed,"Pospisil, Leopold J.",Kapauku Papuans and their law,1958,174,Monograph,Kapauku,Oceania,Melanesia,intensive agriculturalists,,"586,684",https://ehrafworldcultures.yale.edu/sres/66c5f9f1-0b43-4c3c-84fe-071b54faa3ed
382e9527-2240-4644-95cf-f9e576310b7a,"Pospisil, Leopold J.",Kapauku Papuans and their law,1958,174,Monograph,Kapauku,Oceania,Melanesia,intensive agriculturalists,,"586,684",https://ehrafworldcultures.yale.edu/sres/382e9527-2240-4644-95cf-f9e576310b7a
94a7f94a-2f0a-4424-a0bd-244a75633ca6,"Pospisil, Leopold J.",Kapauku Papuans and their law,1958,174,Monograph,Kapauku,Oceania,Melanesia,intensive agriculturalists,,"586,684",https://ehrafworldcultures.yale.edu/sres/94a7f94a-2f0a-4424-a0bd-244a75633ca6
f1a40936-9c2a-466d-ad7a-194def8b1b8b,"Pospisil, Leopold J.",Kapauku Papuans and their law,1958,174,Monograph,Kapauku,Oceania,Melanesia,intensive agriculturalists,,"586,684",https://ehrafworldcultures.yale.edu/sres/f1a40936-9c2a-466d-ad7a-194def8b1b8b
adfe7854-c53b-4335-b315-9b3bbfec311f,"Pospisil, Leopold J.",Kapauku Papuans and their law,1958,174,Monograph,Kapauku,Oceania,Melanesia,intensive agriculturalists,,"586,684",https://ehrafworldcultures.yale.edu/sres/adfe7854-c53b-4335-b315-9b3bbfec311f
6a1ef569-d349-42fc-be7e-6c6aa6d1164a,"Pospisil, Leopold J.",Kapauku Papuans and their law,1958,174,Monograph,Kapauku,Oceania,Melanesia,intensive agriculturalists,,"586,684",https://ehrafworldcultures.yale.edu/sres/6a1ef569-d349-42fc-be7e-6c6aa6d1164a
449ff6b4-bbd7-429f-9e11-3ab8bb952d07,"Pospisil, Leopold J.",Kapauku Papuans and their law,1958,174,Monograph,Kapauku,Oceania,Melanesia,intensive agriculturalists,,"586,684",https://ehrafworldcultures.yale.edu/sres/449ff6b4-bbd7-429f-9e11-3ab8bb952d07
cad3210f-a1cb-4725-9ea7-130f046f7e3a,"Pospisil, Leopold J.",Kapauku Papuans and their law,1958,175,Monograph,Kapauku,Oceania,Melanesia,intensive agriculturalists,,"586,684",https://ehrafworldcultures.yale.edu/sres/cad3210f-a1cb-4725-9ea7-130f046f7e3a
841cc49c-f0bb-4a09-9427-f61babf68fec,"Pospisil, Leopold J.",Kapauku Papuans and their law,1958,176,Monograph,Kapauku,Oceania,Melanesia,intensive agriculturalists,,"685,695",https://ehrafworldcultures.yale.edu/sres/841cc49c-f0bb-4a09-9427-f61babf68fec
93f16748-0366-4f33-ae5d-7fe39cf5f725,"Pospisil, Leopold J.",Kapauku Papuans and their law,1958,176,Monograph,Kapauku,Oceania,Melanesia,intensive agriculturalists,,"671,685,695",https://ehrafworldcultures.yale.edu/sres/93f16748-0366-4f33-ae5d-7fe39cf5f725
fd8d90cc-570e-4230-86e0-994e57c11147,"Pospisil, Leopold J.",Kapauku Papuans and their law,1958,176,Monograph,Kapauku,Oceania,Melanesia,intensive agriculturalists,,"685,695",https://ehrafworldcultures.yale.edu/sres/fd8d90cc-570e-4230-86e0-994e57c11147
cd0584ab-7246-41dd-acf2-1860b5069095,"Pospisil, Leopold J.",Kapauku Papuans and their law,1958,176,Monograph,Kapauku,Oceania,Melanesia,intensive agriculturalists,,"685,695",https://ehrafworldcultures.yale.edu/sres/cd0584ab-7246-41dd-acf2-1860b5069095
f8231907-901c-4fce-856f-c9bd7c40b6cf,"Pospisil, Leopold J.",Kapauku Papuans and their law,1958,176,Monograph,Kapauku,Oceania,Melanesia,intensive agriculturalists,,"685,695",https://ehrafworldcultures.yale.edu/sres/f8231907-901c-4fce-856f-c9bd7c40b6cf
c01aca70-d6ca-4706-ac8d-1e32bd301265,"Pospisil, Leopold J.",Kapauku Papuans and their law,1958,176,Monograph,Kapauku,Oceania,Melanesia,intensive agriculturalists,,"685,695",https://ehrafworldcultures.yale.edu/sres/c01aca70-d6ca-4706-ac8d-1e32bd301265
7394315e-bbac-48e9-9dd6-4c10a5400d5b,"Pospisil, Leopold J.",Kapauku Papuans and their law,1958,176,Monograph,Kapauku,Oceania,Melanesia,intensive agriculturalists,,"423,685",https://ehrafworldcultures.yale.edu/sres/7394315e-bbac-48e9-9dd6-4c10a5400d5b
bb988972-c522-4e82-9d4e-cdb1710f796c,"Pospisil, Leopold J.",Kapauku Papuans and their law,1958,177,Monograph,Kapauku,Oceania,Melanesia,intensive agriculturalists,,"423,425,685",https://ehrafworldcultures.yale.edu/sres/bb988972-c522-4e82-9d4e-cdb1710f796c
a54331c7-aa9d-4746-b94d-b2f7ae7ffba1,"Pospisil, Leopold J.",Kapauku Papuans and their law,1958,177,Monograph,Kapauku,Oceania,Melanesia,intensive agriculturalists,,"423,685",https://ehrafworldcultures.yale.edu/sres/a54331c7-aa9d-4746-b94d-b2f7ae7ffba1
2f9c2531-6ca8-4f4a-a78a-c9051e7cccee,"Pospisil, Leopold J.",Kapauku Papuans and their law,1958,177,Monograph,Kapauku,Oceania,Melanesia,intensive agriculturalists,,685,https://ehrafworldcultures.yale.edu/sres/2f9c2531-6ca8-4f4a-a78a-c9051e7cccee
b4844d0f-64d7-49a6-9710-55f99e3f4a35,"Pospisil, Leopold J.",Kapauku Papuans and their law,1958,177,Monograph,Kapauku,Oceania,Melanesia,intensive agriculturalists,,685,https://ehrafworldcultures.yale.edu/sres/b4844d0f-64d7-49a6-9710-55f99e3f4a35
7ba87406-6b13-46fa-af14-51a1eb03e40a,"Pospisil, Leopold J.",Kapauku Papuans and their law,1958,177,Monograph,Kapauku,Oceania,Melanesia,intensive agriculturalists,,685,https://ehrafworldcultures.yale.edu/sres/7ba87406-6b13-46fa-af14-51a1eb03e40a
11282836-ad1e-4459-987c-0179f773e781,"Pospisil, Leopold J.",Kapauku Papuans and their law,1958,177,Monograph,Kapauku,Oceania,Melanesia,intensive agriculturalists,,685,https://ehrafworldcultures.yale.edu/sres/11282836-ad1e-4459-987c-0179f773e781
9215b3ad-64fe-47ee-85fa-57394769726f,"Pospisil, Leopold J.",Kapauku Papuans and their law,1958,177,Monograph,Kapauku,Oceania,Melanesia,intensive agriculturalists,,"579,685",https://ehrafworldcultures.yale.edu/sres/9215b3ad-64fe-47ee-85fa-57394769726f
8e46b678-8c58-4c7b-adac-567c9ac6657a,"Pospisil, Leopold J.",Kapauku Papuans and their law,1958,177,Monograph,Kapauku,Oceania,Melanesia,intensive agriculturalists,,"579,685",https://ehrafworldcultures.yale.edu/sres/8e46b678-8c58-4c7b-adac-567c9ac6657a
b9aa5423-f850-4bdf-a9fe-7cca8c398259,"Pospisil, Leopold J.",Kapauku Papuans and their law,1958,178,Monograph,Kapauku,Oceania,Melanesia,intensive agriculturalists,,"579,685",https://ehrafworldcultures.yale.edu/sres/b9aa5423-f850-4bdf-a9fe-7cca8c398259
afe30375-cf1e-4355-bd53-e808456f186d,"Pospisil, Leopold J.",Kapauku Papuans and their law,1958,178,Monograph,Kapauku,Oceania,Melanesia,intensive agriculturalists,,"579,685",https://ehrafworldcultures.yale.edu/sres/afe30375-cf1e-4355-bd53-e808456f186d
8ace8016-ce9b-4301-8aed-caa1eb11edcc,"Pospisil, Leopold J.",Kapauku Papuans and their law,1958,178,Monograph,Kapauku,Oceania,Melanesia,intensive agriculturalists,,"579,685",https://ehrafworldcultures.yale.edu/sres/8ace8016-ce9b-4301-8aed-caa1eb11edcc
9777d1d7-18fa-4346-bc3b-7bd360543830,"Pospisil, Leopold J.",Kapauku Papuans and their law,1958,178,Monograph,Kapauku,Oceania,Melanesia,intensive agriculturalists,,"579,685",https://ehrafworldcultures.yale.edu/sres/9777d1d7-18fa-4346-bc3b-7bd360543830
3615f2d7-306c-43b0-9f2f-6eccc50817f4,"Pospisil, Leopold J.",Kapauku Papuans and their law,1958,178,Monograph,Kapauku,Oceania,Melanesia,intensive agriculturalists,,"579,685",https://ehrafworldcultures.yale.edu/sres/3615f2d7-306c-43b0-9f2f-6eccc50817f4
ad74c63b-8626-4ad8-bf18-417af30af6c3,"Pospisil, Leopold J.",Kapauku Papuans and their law,1958,178,Monograph,Kapauku,Oceania,Melanesia,intensive agriculturalists,,"579,685",https://ehrafworldcultures.yale.edu/sres/ad74c63b-8626-4ad8-bf18-417af30af6c3
2a9274b3-0907-48fe-81b2-9200391bfe5f,"Pospisil, Leopold J.",Kapauku Papuans and their law,1958,178,Monograph,Kapauku,Oceania,Melanesia,intensive agriculturalists,,"579,685",https://ehrafworldcultures.yale.edu/sres/2a9274b3-0907-48fe-81b2-9200391bfe5f
7006f85b-a899-4fee-8b60-72485ae74df5,"Pospisil, Leopold J.",Kapauku Papuans and their law,1958,178,Monograph,Kapauku,Oceania,Melanesia,intensive agriculturalists,,"579,685",https://ehrafworldcultures.yale.edu/sres/7006f85b-a899-4fee-8b60-72485ae74df5
e1def673-229e-429e-bf78-a2bc1ad18b0c,"Pospisil, Leopold J.",Kapauku Papuans and their law,1958,178,Monograph,Kapauku,Oceania,Melanesia,intensive agriculturalists,,"579,685",https://ehrafworldcultures.yale.edu/sres/e1def673-229e-429e-bf78-a2bc1ad18b0c
7a3415fd-2af1-4c98-a78b-ca644c7b9600,"Pospisil, Leopold J.",Kapauku Papuans and their law,1958,178,Monograph,Kapauku,Oceania,Melanesia,intensive agriculturalists,,"579,685",https://ehrafworldcultures.yale.edu/sres/7a3415fd-2af1-4c98-a78b-ca644c7b9600
c7cdbc7b-341d-44c6-bc5f-8a6e373743d5,"Pospisil, Leopold J.",Kapauku Papuans and their law,1958,178,Monograph,Kapauku,Oceania,Melanesia,intensive agriculturalists,,"579,685",https://ehrafworldcultures.yale.edu/sres/c7cdbc7b-341d-44c6-bc5f-8a6e373743d5
bc113a56-baca-43c4-b64e-609a1c67d0af,"Pospisil, Leopold J.",Kapauku Papuans and their law,1958,178,Monograph,Kapauku,Oceania,Melanesia,intensive agriculturalists,,"579,685",https://ehrafworldcultures.yale.edu/sres/bc113a56-baca-43c4-b64e-609a1c67d0af
869ef9f3-4f47-428e-b86f-dbd3ae9d3d7c,"Pospisil, Leopold J.",Kapauku Papuans and their law,1958,178,Monograph,Kapauku,Oceania,Melanesia,intensive agriculturalists,,685,https://ehrafworldcultures.yale.edu/sres/869ef9f3-4f47-428e-b86f-dbd3ae9d3d7c
fb1a558c-2fdf-45d9-904a-1d0a0dde710d,"Pospisil, Leopold J.",Kapauku Papuans and their law,1958,178,Monograph,Kapauku,Oceania,Melanesia,intensive agriculturalists,,685,https://ehrafworldcultures.yale.edu/sres/fb1a558c-2fdf-45d9-904a-1d0a0dde710d
6a3c4f2a-1581-47b8-b313-9be9bdb62838,"Pospisil, Leopold J.",Kapauku Papuans and their law,1958,179,Monograph,Kapauku,Oceania,Melanesia,intensive agriculturalists,,685,https://ehrafworldcultures.yale.edu/sres/6a3c4f2a-1581-47b8-b313-9be9bdb62838
e42643c9-a16d-4db6-bdb5-519c76cd6e46,"Pospisil, Leopold J.",Kapauku Papuans and their law,1958,179,Monograph,Kapauku,Oceania,Melanesia,intensive agriculturalists,,"464,685",https://ehrafworldcultures.yale.edu/sres/e42643c9-a16d-4db6-bdb5-519c76cd6e46
26fbbde1-1b98-4675-a230-cd52c6002189,"Pospisil, Leopold J.",Kapauku Papuans and their law,1958,179,Monograph,Kapauku,Oceania,Melanesia,intensive agriculturalists,,685,https://ehrafworldcultures.yale.edu/sres/26fbbde1-1b98-4675-a230-cd52c6002189
d677bd49-480a-4405-b96a-be816d29e18b,"Pospisil, Leopold J.",Kapauku Papuans and their law,1958,179,Monograph,Kapauku,Oceania,Melanesia,intensive agriculturalists,,685,https://ehrafworldcultures.yale.edu/sres/d677bd49-480a-4405-b96a-be816d29e18b
ec660497-b3cd-4f2e-a023-9e9e76addf71,"Pospisil, Leopold J.",Kapauku Papuans and their law,1958,179,Monograph,Kapauku,Oceania,Melanesia,intensive agriculturalists,,685,https://ehrafworldcultures.yale.edu/sres/ec660497-b3cd-4f2e-a023-9e9e76addf71
bfb8a90e-1739-4861-b495-5995479c6db2,"Pospisil, Leopold J.",Kapauku Papuans and their law,1958,179,Monograph,Kapauku,Oceania,Melanesia,intensive agriculturalists,,685,https://ehrafworldcultures.yale.edu/sres/bfb8a90e-1739-4861-b495-5995479c6db2
e6b16302-196e-4250-8a6d-94272adc6ba0,"Pospisil, Leopold J.",Kapauku Papuans and their law,1958,179,Monograph,Kapauku,Oceania,Melanesia,intensive agriculturalists,,685,https://ehrafworldcultures.yale.edu/sres/e6b16302-196e-4250-8a6d-94272adc6ba0
e218865e-ffb3-4ce7-869f-8d28ec9cdf17,"Pospisil, Leopold J.",Kapauku Papuans and their law,1958,179,Monograph,Kapauku,Oceania,Melanesia,intensive agriculturalists,,"198,685",https://ehrafworldcultures.yale.edu/sres/e218865e-ffb3-4ce7-869f-8d28ec9cdf17
948a4ba2-a961-4f0a-a15a-3b3f163761b5,"Pospisil, Leopold J.",Kapauku Papuans and their law,1958,179,Monograph,Kapauku,Oceania,Melanesia,intensive agriculturalists,,685,https://ehrafworldcultures.yale.edu/sres/948a4ba2-a961-4f0a-a15a-3b3f163761b5
b6d9be11-1f4f-4b1a-bfdc-ee4e01516542,"Pospisil, Leopold J.",Kapauku Papuans and their law,1958,180,Monograph,Kapauku,Oceania,Melanesia,intensive agriculturalists,,685,https://ehrafworldcultures.yale.edu/sres/b6d9be11-1f4f-4b1a-bfdc-ee4e01516542
e57c4be6-3b32-49f2-b349-7e539014dcde,"Pospisil, Leopold J.",Kapauku Papuans and their law,1958,180,Monograph,Kapauku,Oceania,Melanesia,intensive agriculturalists,,685,https://ehrafworldcultures.yale.edu/sres/e57c4be6-3b32-49f2-b349-7e539014dcde
4e26bfe9-1a25-40bd-bfdd-a32b819f49c9,"Pospisil, Leopold J.",Kapauku Papuans and their law,1958,180,Monograph,Kapauku,Oceania,Melanesia,intensive agriculturalists,,685,https://ehrafworldcultures.yale.edu/sres/4e26bfe9-1a25-40bd-bfdd-a32b819f49c9
0256b51e-44a2-43e2-8b3c-3e16fad6a447,"Pospisil, Leopold J.",Kapauku Papuans and their law,1958,180,Monograph,Kapauku,Oceania,Melanesia,intensive agriculturalists,,"579,685",https://ehrafworldcultures.yale.edu/sres/0256b51e-44a2-43e2-8b3c-3e16fad6a447
9e4e28d8-708a-42ab-a88c-f779304f4f60,"Pospisil, Leopold J.",Kapauku Papuans and their law,1958,180,Monograph,Kapauku,Oceania,Melanesia,intensive agriculturalists,,685,https://ehrafworldcultures.yale.edu/sres/9e4e28d8-708a-42ab-a88c-f779304f4f60
0b70195b-738d-4cd1-96b2-08bace96a284,"Pospisil, Leopold J.",Kapauku Papuans and their law,1958,180,Monograph,Kapauku,Oceania,Melanesia,intensive agriculturalists,,"428,685",https://ehrafworldcultures.yale.edu/sres/0b70195b-738d-4cd1-96b2-08bace96a284
f41dd613-40e4-47ef-b6c4-0aa7b4b84b97,"Pospisil, Leopold J.",Kapauku Papuans and their law,1958,180,Monograph,Kapauku,Oceania,Melanesia,intensive agriculturalists,,685,https://ehrafworldcultures.yale.edu/sres/f41dd613-40e4-47ef-b6c4-0aa7b4b84b97
10ab8c15-aa73-4ac5-af07-f2c333e0e31f,"Pospisil, Leopold J.",Kapauku Papuans and their law,1958,180,Monograph,Kapauku,Oceania,Melanesia,intensive agriculturalists,,685,https://ehrafworldcultures.yale.edu/sres/10ab8c15-aa73-4ac5-af07-f2c333e0e31f
27acb075-1dfb-498e-8484-b8078368f3be,"Pospisil, Leopold J.",Kapauku Papuans and their law,1958,180,Monograph,Kapauku,Oceania,Melanesia,intensive agriculturalists,,685,https://ehrafworldcultures.yale.edu/sres/27acb075-1dfb-498e-8484-b8078368f3be
230f8243-1bfb-499c-b5a6-add7979d29c7,"Pospisil, Leopold J.",Kapauku Papuans and their law,1958,180,Monograph,Kapauku,Oceania,Melanesia,intensive agriculturalists,,"579,685",https://ehrafworldcultures.yale.edu/sres/230f8243-1bfb-499c-b5a6-add7979d29c7
568db815-abac-462d-b3b7-0600b6b6a18a,"Pospisil, Leopold J.",Kapauku Papuans and their law,1958,180,Monograph,Kapauku,Oceania,Melanesia,intensive agriculturalists,,685,https://ehrafworldcultures.yale.edu/sres/568db815-abac-462d-b3b7-0600b6b6a18a
3a64a558-7af9-4c29-82cb-758ee9687ddc,"Pospisil, Leopold J.",Kapauku Papuans and their law,1958,181,Monograph,Kapauku,Oceania,Melanesia,intensive agriculturalists,,685,https://ehrafworldcultures.yale.edu/sres/3a64a558-7af9-4c29-82cb-758ee9687ddc
756adec4-b2e3-4291-acf4-abeab7089873,"Pospisil, Leopold J.",Kapauku Papuans and their law,1958,181,Monograph,Kapauku,Oceania,Melanesia,intensive agriculturalists,,"313,423,685",https://ehrafworldcultures.yale.edu/sres/756adec4-b2e3-4291-acf4-abeab7089873
3572eb89-83df-4e4c-9cc2-09f1d7eafb62,"Pospisil, Leopold J.",Kapauku Papuans and their law,1958,181,Monograph,Kapauku,Oceania,Melanesia,intensive agriculturalists,,685,https://ehrafworldcultures.yale.edu/sres/3572eb89-83df-4e4c-9cc2-09f1d7eafb62
2fc363b1-cfc3-4df9-bd8c-53d15d95bd22,"Pospisil, Leopold J.",Kapauku Papuans and their law,1958,181,Monograph,Kapauku,Oceania,Melanesia,intensive agriculturalists,,685,https://ehrafworldcultures.yale.edu/sres/2fc363b1-cfc3-4df9-bd8c-53d15d95bd22
d95ab57e-7728-4c3d-9e0f-0b1b9f60f2e6,"Pospisil, Leopold J.",Kapauku Papuans and their law,1958,181,Monograph,Kapauku,Oceania,Melanesia,intensive agriculturalists,,685,https://ehrafworldcultures.yale.edu/sres/d95ab57e-7728-4c3d-9e0f-0b1b9f60f2e6
e2a91b7f-f64a-4569-ac9a-9ea5871ec0b3,"Pospisil, Leopold J.",Kapauku Papuans and their law,1958,181,Monograph,Kapauku,Oceania,Melanesia,intensive agriculturalists,,685,https://ehrafworldcultures.yale.edu/sres/e2a91b7f-f64a-4569-ac9a-9ea5871ec0b3
c77b5ce2-5873-4ce8-b9bb-400d28aa33c6,"Pospisil, Leopold J.",Kapauku Papuans and their law,1958,181,Monograph,Kapauku,Oceania,Melanesia,intensive agriculturalists,,"579,685",https://ehrafworldcultures.yale.edu/sres/c77b5ce2-5873-4ce8-b9bb-400d28aa33c6
278b9914-0d3d-4bfe-81ed-bcc3481d4b5d,"Pospisil, Leopold J.",Kapauku Papuans and their law,1958,181,Monograph,Kapauku,Oceania,Melanesia,intensive agriculturalists,,685,https://ehrafworldcultures.yale.edu/sres/278b9914-0d3d-4bfe-81ed-bcc3481d4b5d
bf7f038f-8062-421a-a1ef-9912441ed7cb,"Pospisil, Leopold J.",Kapauku Papuans and their law,1958,181,Monograph,Kapauku,Oceania,Melanesia,intensive agriculturalists,,"423,685",https://ehrafworldcultures.yale.edu/sres/bf7f038f-8062-421a-a1ef-9912441ed7cb
1e2f2b0c-80f3-4efe-8310-fe8452e913cd,"Pospisil, Leopold J.",Kapauku Papuans and their law,1958,181,Monograph,Kapauku,Oceania,Melanesia,intensive agriculturalists,,685,https://ehrafworldcultures.yale.edu/sres/1e2f2b0c-80f3-4efe-8310-fe8452e913cd
642f588f-2554-4a10-aa2c-e49c66ca27ff,"Pospisil, Leopold J.",Kapauku Papuans and their law,1958,181,Monograph,Kapauku,Oceania,Melanesia,intensive agriculturalists,,685,https://ehrafworldcultures.yale.edu/sres/642f588f-2554-4a10-aa2c-e49c66ca27ff
01dd658e-ca22-4a0b-b68c-b81afa61c045,"Pospisil, Leopold J.",Kapauku Papuans and their law,1958,181,Monograph,Kapauku,Oceania,Melanesia,intensive agriculturalists,,685,https://ehrafworldcultures.yale.edu/sres/01dd658e-ca22-4a0b-b68c-b81afa61c045
89ed6253-a45f-4d29-94ab-5f0dab560481,"Pospisil, Leopold J.",Kapauku Papuans and their law,1958,181,Monograph,Kapauku,Oceania,Melanesia,intensive agriculturalists,,685,https://ehrafworldcultures.yale.edu/sres/89ed6253-a45f-4d29-94ab-5f0dab560481
318718d5-d8cc-4169-81c9-2bd839c83765,"Pospisil, Leopold J.",Kapauku Papuans and their law,1958,181,Monograph,Kapauku,Oceania,Melanesia,intensive agriculturalists,,"423,685",https://ehrafworldcultures.yale.edu/sres/318718d5-d8cc-4169-81c9-2bd839c83765
7b7449b8-b0d8-4037-8e7a-5b2c8fc73a73,"Pospisil, Leopold J.",Kapauku Papuans and their law,1958,182,Monograph,Kapauku,Oceania,Melanesia,intensive agriculturalists,,"423,685",https://ehrafworldcultures.yale.edu/sres/7b7449b8-b0d8-4037-8e7a-5b2c8fc73a73
e31ff5b8-7dea-43bd-8b30-859b9788af65,"Pospisil, Leopold J.",Kapauku Papuans and their law,1958,182,Monograph,Kapauku,Oceania,Melanesia,intensive agriculturalists,,"423,685",https://ehrafworldcultures.yale.edu/sres/e31ff5b8-7dea-43bd-8b30-859b9788af65
8cf76b40-354c-4c95-ac1e-dcd28ff07bd6,"Pospisil, Leopold J.",Kapauku Papuans and their law,1958,182,Monograph,Kapauku,Oceania,Melanesia,intensive agriculturalists,,"423,685",https://ehrafworldcultures.yale.edu/sres/8cf76b40-354c-4c95-ac1e-dcd28ff07bd6
dc30fb8b-9ebc-4c1d-94de-ecca044c921c,"Pospisil, Leopold J.",Kapauku Papuans and their law,1958,182,Monograph,Kapauku,Oceania,Melanesia,intensive agriculturalists,,"423,685",https://ehrafworldcultures.yale.edu/sres/dc30fb8b-9ebc-4c1d-94de-ecca044c921c
7dcef9ba-98eb-4c8c-9f2e-c0d954472a7a,"Pospisil, Leopold J.",Kapauku Papuans and their law,1958,182,Monograph,Kapauku,Oceania,Melanesia,intensive agriculturalists,,"423,685",https://ehrafworldcultures.yale.edu/sres/7dcef9ba-98eb-4c8c-9f2e-c0d954472a7a
ddf6bc89-5ff9-424c-a5b3-9a4e0fb2a712,"Pospisil, Leopold J.",Kapauku Papuans and their law,1958,182,Monograph,Kapauku,Oceania,Melanesia,intensive agriculturalists,,"224,422,685",https://ehrafworldcultures.yale.edu/sres/ddf6bc89-5ff9-424c-a5b3-9a4e0fb2a712
15fb59e2-3c92-42ac-9563-da6fbcd6e243,"Pospisil, Leopold J.",Kapauku Papuans and their law,1958,182,Monograph,Kapauku,Oceania,Melanesia,intensive agriculturalists,,"224,422,685",https://ehrafworldcultures.yale.edu/sres/15fb59e2-3c92-42ac-9563-da6fbcd6e243
6d8d4091-b73e-4dc1-a6b0-82bb84c268b6,"Pospisil, Leopold J.",Kapauku Papuans and their law,1958,182,Monograph,Kapauku,Oceania,Melanesia,intensive agriculturalists,,685,https://ehrafworldcultures.yale.edu/sres/6d8d4091-b73e-4dc1-a6b0-82bb84c268b6
019ebb62-3d74-4274-9a4d-f4b89661bdec,"Pospisil, Leopold J.",Kapauku Papuans and their law,1958,182,Monograph,Kapauku,Oceania,Melanesia,intensive agriculturalists,,685,https://ehrafworldcultures.yale.edu/sres/019ebb62-3d74-4274-9a4d-f4b89661bdec
070b8b8d-7d1e-42c2-b3a2-02019ae7f6f5,"Pospisil, Leopold J.",Kapauku Papuans and their law,1958,182,Monograph,Kapauku,Oceania,Melanesia,intensive agriculturalists,,685,https://ehrafworldcultures.yale.edu/sres/070b8b8d-7d1e-42c2-b3a2-02019ae7f6f5
ae52fe3f-87fd-4317-aa57-e7d3a3479de2,"Pospisil, Leopold J.",Kapauku Papuans and their law,1958,182,Monograph,Kapauku,Oceania,Melanesia,intensive agriculturalists,,685,https://ehrafworldcultures.yale.edu/sres/ae52fe3f-87fd-4317-aa57-e7d3a3479de2
8ad0b039-5cd9-4df2-8197-0f314f1d1f19,"Pospisil, Leopold J.",Kapauku Papuans and their law,1958,183,Monograph,Kapauku,Oceania,Melanesia,intensive agriculturalists,,685,https://ehrafworldcultures.yale.edu/sres/8ad0b039-5cd9-4df2-8197-0f314f1d1f19
d01bb447-b086-4783-93af-2bce9905779e,"Pospisil, Leopold J.",Kapauku Papuans and their law,1958,183,Monograph,Kapauku,Oceania,Melanesia,intensive agriculturalists,,685,https://ehrafworldcultures.yale.edu/sres/d01bb447-b086-4783-93af-2bce9905779e
014c241c-0b54-4e1a-8212-b4663f23a8b1,"Pospisil, Leopold J.",Kapauku Papuans and their law,1958,183,Monograph,Kapauku,Oceania,Melanesia,intensive agriculturalists,,"224,685",https://ehrafworldcultures.yale.edu/sres/014c241c-0b54-4e1a-8212-b4663f23a8b1
cec23d08-0735-4e67-a941-568c3000ef7a,"Pospisil, Leopold J.",Kapauku Papuans and their law,1958,183,Monograph,Kapauku,Oceania,Melanesia,intensive agriculturalists,,685,https://ehrafworldcultures.yale.edu/sres/cec23d08-0735-4e67-a941-568c3000ef7a
8e67d667-fe3e-46b7-95cb-601b8f1fb82a,"Pospisil, Leopold J.",Kapauku Papuans and their law,1958,183,Monograph,Kapauku,Oceania,Melanesia,intensive agriculturalists,,685,https://ehrafworldcultures.yale.edu/sres/8e67d667-fe3e-46b7-95cb-601b8f1fb82a
5d5ceb0e-8e27-4990-9601-aa08d92ecf27,"Pospisil, Leopold J.",Kapauku Papuans and their law,1958,183,Monograph,Kapauku,Oceania,Melanesia,intensive agriculturalists,,"579,685",https://ehrafworldcultures.yale.edu/sres/5d5ceb0e-8e27-4990-9601-aa08d92ecf27
6834f887-b0f6-4bfe-8c4c-9da68964835c,"Pospisil, Leopold J.",Kapauku Papuans and their law,1958,183,Monograph,Kapauku,Oceania,Melanesia,intensive agriculturalists,,685,https://ehrafworldcultures.yale.edu/sres/6834f887-b0f6-4bfe-8c4c-9da68964835c
ce509d46-f45c-426f-91ae-742dc39ed676,"Pospisil, Leopold J.",Kapauku Papuans and their law,1958,183,Monograph,Kapauku,Oceania,Melanesia,intensive agriculturalists,,685,https://ehrafworldcultures.yale.edu/sres/ce509d46-f45c-426f-91ae-742dc39ed676
906cc541-e7a7-413a-8c6b-3424e3adf94f,"Pospisil, Leopold J.",Kapauku Papuans and their law,1958,183,Monograph,Kapauku,Oceania,Melanesia,intensive agriculturalists,,685,https://ehrafworldcultures.yale.edu/sres/906cc541-e7a7-413a-8c6b-3424e3adf94f
d42d82df-492c-42e8-9741-71d968f86224,"Pospisil, Leopold J.",Kapauku Papuans and their law,1958,183,Monograph,Kapauku,Oceania,Melanesia,intensive agriculturalists,,685,https://ehrafworldcultures.yale.edu/sres/d42d82df-492c-42e8-9741-71d968f86224
b98f979c-b86a-49d6-b60d-e79e01cb4e2d,"Pospisil, Leopold J.",Kapauku Papuans and their law,1958,183,Monograph,Kapauku,Oceania,Melanesia,intensive agriculturalists,,685,https://ehrafworldcultures.yale.edu/sres/b98f979c-b86a-49d6-b60d-e79e01cb4e2d
93fa3bc9-67cb-4151-bc29-21c4dc83c470,"Pospisil, Leopold J.",Kapauku Papuans and their law,1958,183,Monograph,Kapauku,Oceania,Melanesia,intensive agriculturalists,,685,https://ehrafworldcultures.yale.edu/sres/93fa3bc9-67cb-4151-bc29-21c4dc83c470
4e7ce1ea-ebbc-47be-9182-e5f15a956313,"Pospisil, Leopold J.",Kapauku Papuans and their law,1958,183,Monograph,Kapauku,Oceania,Melanesia,intensive agriculturalists,,685,https://ehrafworldcultures.yale.edu/sres/4e7ce1ea-ebbc-47be-9182-e5f15a956313
990848e7-c2e4-42bd-9b6a-353326d65735,"Pospisil, Leopold J.",Kapauku Papuans and their law,1958,184,Monograph,Kapauku,Oceania,Melanesia,intensive agriculturalists,,685,https://ehrafworldcultures.yale.edu/sres/990848e7-c2e4-42bd-9b6a-353326d65735
1fbb1867-ecbf-4336-8a8b-a0d4a1059df5,"Pospisil, Leopold J.",Kapauku Papuans and their law,1958,184,Monograph,Kapauku,Oceania,Melanesia,intensive agriculturalists,,"224,685",https://ehrafworldcultures.yale.edu/sres/1fbb1867-ecbf-4336-8a8b-a0d4a1059df5
96d8d0fc-ec7f-4e56-943f-6343ab99d794,"Pospisil, Leopold J.",Kapauku Papuans and their law,1958,184,Monograph,Kapauku,Oceania,Melanesia,intensive agriculturalists,,685,https://ehrafworldcultures.yale.edu/sres/96d8d0fc-ec7f-4e56-943f-6343ab99d794
ebd9c305-2420-481a-80ed-1510402fc8ab,"Pospisil, Leopold J.",Kapauku Papuans and their law,1958,184,Monograph,Kapauku,Oceania,Melanesia,intensive agriculturalists,,"422,672,685",https://ehrafworldcultures.yale.edu/sres/ebd9c305-2420-481a-80ed-1510402fc8ab
9d222870-9cda-4d3a-b73e-5dc3a77e4700,"Pospisil, Leopold J.",Kapauku Papuans and their law,1958,184,Monograph,Kapauku,Oceania,Melanesia,intensive agriculturalists,,"422,672,685",https://ehrafworldcultures.yale.edu/sres/9d222870-9cda-4d3a-b73e-5dc3a77e4700
57a92e38-e954-4d22-92f8-6414215d2719,"Pospisil, Leopold J.",Kapauku Papuans and their law,1958,184,Monograph,Kapauku,Oceania,Melanesia,intensive agriculturalists,,"422,672,685",https://ehrafworldcultures.yale.edu/sres/57a92e38-e954-4d22-92f8-6414215d2719
9234ebee-211d-46c0-bb79-cbe8a0ebde27,"Pospisil, Leopold J.",Kapauku Papuans and their law,1958,184,Monograph,Kapauku,Oceania,Melanesia,intensive agriculturalists,,685,https://ehrafworldcultures.yale.edu/sres/9234ebee-211d-46c0-bb79-cbe8a0ebde27
39a4945b-0d0e-42fb-9e40-3330cba0237e,"Pospisil, Leopold J.",Kapauku Papuans and their law,1958,184,Monograph,Kapauku,Oceania,Melanesia,intensive agriculturalists,,685,https://ehrafworldcultures.yale.edu/sres/39a4945b-0d0e-42fb-9e40-3330cba0237e
8a152bf8-b84c-4fd7-ad72-8f453c55fb1b,"Pospisil, Leopold J.",Kapauku Papuans and their law,1958,184,Monograph,Kapauku,Oceania,Melanesia,intensive agriculturalists,,685,https://ehrafworldcultures.yale.edu/sres/8a152bf8-b84c-4fd7-ad72-8f453c55fb1b
4bac8c95-7fae-4e6d-b8ea-a598cd4b912f,"Pospisil, Leopold J.",Kapauku Papuans and their law,1958,185,Monograph,Kapauku,Oceania,Melanesia,intensive agriculturalists,,685,https://ehrafworldcultures.yale.edu/sres/4bac8c95-7fae-4e6d-b8ea-a598cd4b912f
e76ad36f-b55d-44b4-bba7-8b1ba3ae2096,"Pospisil, Leopold J.",Kapauku Papuans and their law,1958,185,Monograph,Kapauku,Oceania,Melanesia,intensive agriculturalists,,685,https://ehrafworldcultures.yale.edu/sres/e76ad36f-b55d-44b4-bba7-8b1ba3ae2096
4098e962-e6a9-4bc3-9bad-629f461dc6b3,"Pospisil, Leopold J.",Kapauku Papuans and their law,1958,185,Monograph,Kapauku,Oceania,Melanesia,intensive agriculturalists,,685,https://ehrafworldcultures.yale.edu/sres/4098e962-e6a9-4bc3-9bad-629f461dc6b3
306cba14-34f2-447c-9df9-d3d6c664dae8,"Pospisil, Leopold J.",Kapauku Papuans and their law,1958,185,Monograph,Kapauku,Oceania,Melanesia,intensive agriculturalists,,685,https://ehrafworldcultures.yale.edu/sres/306cba14-34f2-447c-9df9-d3d6c664dae8
1bfa3fdf-5ec4-4f8b-9a76-d6f7e80283ce,"Pospisil, Leopold J.",Kapauku Papuans and their law,1958,185,Monograph,Kapauku,Oceania,Melanesia,intensive agriculturalists,,685,https://ehrafworldcultures.yale.edu/sres/1bfa3fdf-5ec4-4f8b-9a76-d6f7e80283ce
f7f776a7-634d-4139-8528-055961b7a2e3,"Pospisil, Leopold J.",Kapauku Papuans and their law,1958,185,Monograph,Kapauku,Oceania,Melanesia,intensive agriculturalists,,685,https://ehrafworldcultures.yale.edu/sres/f7f776a7-634d-4139-8528-055961b7a2e3
4cb8941f-7f06-477e-9ee0-91aa351fe70f,"Pospisil, Leopold J.",Kapauku Papuans and their law,1958,185,Monograph,Kapauku,Oceania,Melanesia,intensive agriculturalists,,685,https://ehrafworldcultures.yale.edu/sres/4cb8941f-7f06-477e-9ee0-91aa351fe70f
91d18ded-95c3-47b8-92f3-4cc3a6c7e53b,"Pospisil, Leopold J.",Kapauku Papuans and their law,1958,185,Monograph,Kapauku,Oceania,Melanesia,intensive agriculturalists,,685,https://ehrafworldcultures.yale.edu/sres/91d18ded-95c3-47b8-92f3-4cc3a6c7e53b
fa11f9a1-12f3-40f5-920f-37a1ad6cf851,"Pospisil, Leopold J.",Kapauku Papuans and their law,1958,185,Monograph,Kapauku,Oceania,Melanesia,intensive agriculturalists,,685,https://ehrafworldcultures.yale.edu/sres/fa11f9a1-12f3-40f5-920f-37a1ad6cf851
22c2c73e-5ab8-410a-9ae0-bb0a7eb3eab6,"Pospisil, Leopold J.",Kapauku Papuans and their law,1958,185,Monograph,Kapauku,Oceania,Melanesia,intensive agriculturalists,,685,https://ehrafworldcultures.yale.edu/sres/22c2c73e-5ab8-410a-9ae0-bb0a7eb3eab6
acaad457-41d9-4d09-a098-c76eb63f7dc6,"Pospisil, Leopold J.",Kapauku Papuans and their law,1958,185,Monograph,Kapauku,Oceania,Melanesia,intensive agriculturalists,,685,https://ehrafworldcultures.yale.edu/sres/acaad457-41d9-4d09-a098-c76eb63f7dc6
354d15f0-3f0f-4914-a696-47931ba54ffa,"Pospisil, Leopold J.",Kapauku Papuans and their law,1958,185,Monograph,Kapauku,Oceania,Melanesia,intensive agriculturalists,,685,https://ehrafworldcultures.yale.edu/sres/354d15f0-3f0f-4914-a696-47931ba54ffa
a013ae79-f0dd-4e30-93b9-5b34f5e8c76b,"Pospisil, Leopold J.",Kapauku Papuans and their law,1958,186,Monograph,Kapauku,Oceania,Melanesia,intensive agriculturalists,,"262,685",https://ehrafworldcultures.yale.edu/sres/a013ae79-f0dd-4e30-93b9-5b34f5e8c76b
486a6c1f-10bc-41fc-8874-23e74d1df851,"Pospisil, Leopold J.",Kapauku Papuans and their law,1958,186,Monograph,Kapauku,Oceania,Melanesia,intensive agriculturalists,,685,https://ehrafworldcultures.yale.edu/sres/486a6c1f-10bc-41fc-8874-23e74d1df851
432db462-330e-4eff-983f-969ae7b4a5fe,"Pospisil, Leopold J.",Kapauku Papuans and their law,1958,186,Monograph,Kapauku,Oceania,Melanesia,intensive agriculturalists,,685,https://ehrafworldcultures.yale.edu/sres/432db462-330e-4eff-983f-969ae7b4a5fe
818cc463-05a9-4442-b631-c624e195c552,"Pospisil, Leopold J.",Kapauku Papuans and their law,1958,186,Monograph,Kapauku,Oceania,Melanesia,intensive agriculturalists,,685,https://ehrafworldcultures.yale.edu/sres/818cc463-05a9-4442-b631-c624e195c552
aaed4f84-d438-4463-845d-e70d6b81e90b,"Pospisil, Leopold J.",Kapauku Papuans and their law,1958,186,Monograph,Kapauku,Oceania,Melanesia,intensive agriculturalists,,685,https://ehrafworldcultures.yale.edu/sres/aaed4f84-d438-4463-845d-e70d6b81e90b
a9ae13ae-8aa7-4095-ba2b-7d5734c515b2,"Pospisil, Leopold J.",Kapauku Papuans and their law,1958,186,Monograph,Kapauku,Oceania,Melanesia,intensive agriculturalists,,685,https://ehrafworldcultures.yale.edu/sres/a9ae13ae-8aa7-4095-ba2b-7d5734c515b2
eb2eab94-8ff0-4a25-8cba-929d34e2cbf3,"Pospisil, Leopold J.",Kapauku Papuans and their law,1958,186,Monograph,Kapauku,Oceania,Melanesia,intensive agriculturalists,,685,https://ehrafworldcultures.yale.edu/sres/eb2eab94-8ff0-4a25-8cba-929d34e2cbf3
3630f171-9d2a-4e5a-9533-d95506a4655f,"Pospisil, Leopold J.",Kapauku Papuans and their law,1958,186,Monograph,Kapauku,Oceania,Melanesia,intensive agriculturalists,,685,https://ehrafworldcultures.yale.edu/sres/3630f171-9d2a-4e5a-9533-d95506a4655f
1ea6979f-3796-4372-af8b-0cf5d088d951,"Pospisil, Leopold J.",Kapauku Papuans and their law,1958,186,Monograph,Kapauku,Oceania,Melanesia,intensive agriculturalists,,685,https://ehrafworldcultures.yale.edu/sres/1ea6979f-3796-4372-af8b-0cf5d088d951
f7abc4b6-bfb3-4480-ad22-83624aad3c04,"Pospisil, Leopold J.",Kapauku Papuans and their law,1958,186,Monograph,Kapauku,Oceania,Melanesia,intensive agriculturalists,,685,https://ehrafworldcultures.yale.edu/sres/f7abc4b6-bfb3-4480-ad22-83624aad3c04
fc05f616-d658-424a-99a7-b26415f0ea34,"Pospisil, Leopold J.",Kapauku Papuans and their law,1958,186,Monograph,Kapauku,Oceania,Melanesia,intensive agriculturalists,,685,https://ehrafworldcultures.yale.edu/sres/fc05f616-d658-424a-99a7-b26415f0ea34
5f675ec0-be7b-483b-bd6b-93621ffbad0c,"Pospisil, Leopold J.",Kapauku Papuans and their law,1958,186,Monograph,Kapauku,Oceania,Melanesia,intensive agriculturalists,,685,https://ehrafworldcultures.yale.edu/sres/5f675ec0-be7b-483b-bd6b-93621ffbad0c
9ceb2b92-0a34-4f16-a74e-4ec496f30f1b,"Pospisil, Leopold J.",Kapauku Papuans and their law,1958,187,Monograph,Kapauku,Oceania,Melanesia,intensive agriculturalists,,685,https://ehrafworldcultures.yale.edu/sres/9ceb2b92-0a34-4f16-a74e-4ec496f30f1b
cf6f8e3c-b079-40d4-b5e5-9f353b3cd302,"Pospisil, Leopold J.",Kapauku Papuans and their law,1958,187,Monograph,Kapauku,Oceania,Melanesia,intensive agriculturalists,,685,https://ehrafworldcultures.yale.edu/sres/cf6f8e3c-b079-40d4-b5e5-9f353b3cd302
bdc05afe-89e6-4bcf-a2fc-d230d7570050,"Pospisil, Leopold J.",Kapauku Papuans and their law,1958,187,Monograph,Kapauku,Oceania,Melanesia,intensive agriculturalists,,685,https://ehrafworldcultures.yale.edu/sres/bdc05afe-89e6-4bcf-a2fc-d230d7570050
e8ede451-2a76-46bc-8a5f-99d6181616eb,"Pospisil, Leopold J.",Kapauku Papuans and their law,1958,188,Monograph,Kapauku,Oceania,Melanesia,intensive agriculturalists,,685,https://ehrafworldcultures.yale.edu/sres/e8ede451-2a76-46bc-8a5f-99d6181616eb
b2212be1-d225-426b-960a-c75b9a3fafb9,"Pospisil, Leopold J.",Kapauku Papuans and their law,1958,188,Monograph,Kapauku,Oceania,Melanesia,intensive agriculturalists,,685,https://ehrafworldcultures.yale.edu/sres/b2212be1-d225-426b-960a-c75b9a3fafb9
2d2a4401-5bfc-4dfa-81db-31482b661cdd,"Pospisil, Leopold J.",Kapauku Papuans and their law,1958,188,Monograph,Kapauku,Oceania,Melanesia,intensive agriculturalists,,685,https://ehrafworldcultures.yale.edu/sres/2d2a4401-5bfc-4dfa-81db-31482b661cdd
a55e20ca-dd48-49d1-86f9-13bf141bff1b,"Pospisil, Leopold J.",Kapauku Papuans and their law,1958,188,Monograph,Kapauku,Oceania,Melanesia,intensive agriculturalists,,685,https://ehrafworldcultures.yale.edu/sres/a55e20ca-dd48-49d1-86f9-13bf141bff1b
0bcf6b1a-0680-4192-8d0f-70487d6173dc,"Pospisil, Leopold J.",Kapauku Papuans and their law,1958,188,Monograph,Kapauku,Oceania,Melanesia,intensive agriculturalists,,685,https://ehrafworldcultures.yale.edu/sres/0bcf6b1a-0680-4192-8d0f-70487d6173dc
1341ef47-33c1-41bb-afab-6cf62cf8d5ca,"Pospisil, Leopold J.",Kapauku Papuans and their law,1958,188,Monograph,Kapauku,Oceania,Melanesia,intensive agriculturalists,,685,https://ehrafworldcultures.yale.edu/sres/1341ef47-33c1-41bb-afab-6cf62cf8d5ca
7671e10f-9f4c-4dd9-bcd1-b9e2ac5cab3c,"Pospisil, Leopold J.",Kapauku Papuans and their law,1958,188,Monograph,Kapauku,Oceania,Melanesia,intensive agriculturalists,,"648,685",https://ehrafworldcultures.yale.edu/sres/7671e10f-9f4c-4dd9-bcd1-b9e2ac5cab3c
f9eec984-6034-4d29-b675-e79989b24ceb,"Pospisil, Leopold J.",Kapauku Papuans and their law,1958,188,Monograph,Kapauku,Oceania,Melanesia,intensive agriculturalists,,"648,685",https://ehrafworldcultures.yale.edu/sres/f9eec984-6034-4d29-b675-e79989b24ceb
5b486e9d-1fcc-42be-8c6f-b09bc53c16a3,"Pospisil, Leopold J.",Kapauku Papuans and their law,1958,188,Monograph,Kapauku,Oceania,Melanesia,intensive agriculturalists,,"648,685",https://ehrafworldcultures.yale.edu/sres/5b486e9d-1fcc-42be-8c6f-b09bc53c16a3
6fae9222-c0d1-481b-9cde-276325ac1b64,"Pospisil, Leopold J.",Kapauku Papuans and their law,1958,188,Monograph,Kapauku,Oceania,Melanesia,intensive agriculturalists,,"648,685",https://ehrafworldcultures.yale.edu/sres/6fae9222-c0d1-481b-9cde-276325ac1b64
26101ab2-ce8e-438a-98c5-92faa0bf1686,"Pospisil, Leopold J.",Kapauku Papuans and their law,1958,189,Monograph,Kapauku,Oceania,Melanesia,intensive agriculturalists,,"648,685",https://ehrafworldcultures.yale.edu/sres/26101ab2-ce8e-438a-98c5-92faa0bf1686
66515e4f-1252-4c25-8280-ee3ee1557ccf,"Pospisil, Leopold J.",Kapauku Papuans and their law,1958,189,Monograph,Kapauku,Oceania,Melanesia,intensive agriculturalists,,"648,685",https://ehrafworldcultures.yale.edu/sres/66515e4f-1252-4c25-8280-ee3ee1557ccf
ef58f247-f863-4649-a23a-adaf0372b77e,"Pospisil, Leopold J.",Kapauku Papuans and their law,1958,189,Monograph,Kapauku,Oceania,Melanesia,intensive agriculturalists,,685,https://ehrafworldcultures.yale.edu/sres/ef58f247-f863-4649-a23a-adaf0372b77e
670a7e50-6f59-414c-bfc4-85ae7d972708,"Pospisil, Leopold J.",Kapauku Papuans and their law,1958,189,Monograph,Kapauku,Oceania,Melanesia,intensive agriculturalists,,685,https://ehrafworldcultures.yale.edu/sres/670a7e50-6f59-414c-bfc4-85ae7d972708
0745326a-de7a-4c14-826b-a4c4bedbb6f7,"Pospisil, Leopold J.",Kapauku Papuans and their law,1958,189,Monograph,Kapauku,Oceania,Melanesia,intensive agriculturalists,,685,https://ehrafworldcultures.yale.edu/sres/0745326a-de7a-4c14-826b-a4c4bedbb6f7
d2b2731d-c3ae-447b-a96e-0bdbfb3c0274,"Pospisil, Leopold J.",Kapauku Papuans and their law,1958,189,Monograph,Kapauku,Oceania,Melanesia,intensive agriculturalists,,685,https://ehrafworldcultures.yale.edu/sres/d2b2731d-c3ae-447b-a96e-0bdbfb3c0274
16769aba-fa68-4711-95bd-a9b4a9fd912b,"Pospisil, Leopold J.",Kapauku Papuans and their law,1958,189,Monograph,Kapauku,Oceania,Melanesia,intensive agriculturalists,,685,https://ehrafworldcultures.yale.edu/sres/16769aba-fa68-4711-95bd-a9b4a9fd912b
2ead3959-d60c-4213-a194-608152e7a4f5,"Pospisil, Leopold J.",Kapauku Papuans and their law,1958,189,Monograph,Kapauku,Oceania,Melanesia,intensive agriculturalists,,685,https://ehrafworldcultures.yale.edu/sres/2ead3959-d60c-4213-a194-608152e7a4f5
aaac39aa-f0ae-4db0-aa6e-3ffd8dee8d09,"Pospisil, Leopold J.",Kapauku Papuans and their law,1958,189,Monograph,Kapauku,Oceania,Melanesia,intensive agriculturalists,,685,https://ehrafworldcultures.yale.edu/sres/aaac39aa-f0ae-4db0-aa6e-3ffd8dee8d09
540650bc-ec08-4232-a503-6b01045824f8,"Pospisil, Leopold J.",Kapauku Papuans and their law,1958,189,Monograph,Kapauku,Oceania,Melanesia,intensive agriculturalists,,685,https://ehrafworldcultures.yale.edu/sres/540650bc-ec08-4232-a503-6b01045824f8
0644002c-89ed-4897-b9db-aa4f17d620cb,"Pospisil, Leopold J.",Kapauku Papuans and their law,1958,189,Monograph,Kapauku,Oceania,Melanesia,intensive agriculturalists,,685,https://ehrafworldcultures.yale.edu/sres/0644002c-89ed-4897-b9db-aa4f17d620cb
7f92ec19-1fd9-44e6-b68d-de0ca6065c48,"Pospisil, Leopold J.",Kapauku Papuans and their law,1958,189,Monograph,Kapauku,Oceania,Melanesia,intensive agriculturalists,,685,https://ehrafworldcultures.yale.edu/sres/7f92ec19-1fd9-44e6-b68d-de0ca6065c48
8a824957-0ca8-4a6b-b0a7-85353f6e29ce,"Pospisil, Leopold J.",Kapauku Papuans and their law,1958,189,Monograph,Kapauku,Oceania,Melanesia,intensive agriculturalists,,685,https://ehrafworldcultures.yale.edu/sres/8a824957-0ca8-4a6b-b0a7-85353f6e29ce
f0b6d82e-705b-41bf-8659-4bd9edaed827,"Pospisil, Leopold J.",Kapauku Papuans and their law,1958,190,Monograph,Kapauku,Oceania,Melanesia,intensive agriculturalists,,685,https://ehrafworldcultures.yale.edu/sres/f0b6d82e-705b-41bf-8659-4bd9edaed827
ce24967e-11af-4610-a2c3-6e6158ce3fd7,"Pospisil, Leopold J.",Kapauku Papuans and their law,1958,190,Monograph,Kapauku,Oceania,Melanesia,intensive agriculturalists,,685,https://ehrafworldcultures.yale.edu/sres/ce24967e-11af-4610-a2c3-6e6158ce3fd7
9bfe09f7-e449-46af-bc36-883e7cd7e713,"Pospisil, Leopold J.",Kapauku Papuans and their law,1958,190,Monograph,Kapauku,Oceania,Melanesia,intensive agriculturalists,,685,https://ehrafworldcultures.yale.edu/sres/9bfe09f7-e449-46af-bc36-883e7cd7e713
a7be905c-8d57-4c72-b3b2-521c8db8c299,"Pospisil, Leopold J.",Kapauku Papuans and their law,1958,190,Monograph,Kapauku,Oceania,Melanesia,intensive agriculturalists,,685,https://ehrafworldcultures.yale.edu/sres/a7be905c-8d57-4c72-b3b2-521c8db8c299
5b6d1c90-43fb-4786-9ab1-414c1dda25b7,"Pospisil, Leopold J.",Kapauku Papuans and their law,1958,190,Monograph,Kapauku,Oceania,Melanesia,intensive agriculturalists,,685,https://ehrafworldcultures.yale.edu/sres/5b6d1c90-43fb-4786-9ab1-414c1dda25b7
7192441d-4e9a-46b2-b90c-04d6de0d2ed5,"Pospisil, Leopold J.",Kapauku Papuans and their law,1958,190,Monograph,Kapauku,Oceania,Melanesia,intensive agriculturalists,,685,https://ehrafworldcultures.yale.edu/sres/7192441d-4e9a-46b2-b90c-04d6de0d2ed5
1babaeff-a195-46ee-ae18-ecb77eef0a9c,"Pospisil, Leopold J.",Kapauku Papuans and their law,1958,190,Monograph,Kapauku,Oceania,Melanesia,intensive agriculturalists,,685,https://ehrafworldcultures.yale.edu/sres/1babaeff-a195-46ee-ae18-ecb77eef0a9c
0d1ba6f1-8268-45f0-87e7-b4369f498c6e,"Pospisil, Leopold J.",Kapauku Papuans and their law,1958,190,Monograph,Kapauku,Oceania,Melanesia,intensive agriculturalists,,685,https://ehrafworldcultures.yale.edu/sres/0d1ba6f1-8268-45f0-87e7-b4369f498c6e
c06fe29a-193a-46da-98d9-8ae144cc700a,"Pospisil, Leopold J.",Kapauku Papuans and their law,1958,190,Monograph,Kapauku,Oceania,Melanesia,intensive agriculturalists,,685,https://ehrafworldcultures.yale.edu/sres/c06fe29a-193a-46da-98d9-8ae144cc700a
7f0cb760-1027-4fe9-b8eb-2896d1bcdfa9,"Pospisil, Leopold J.",Kapauku Papuans and their law,1958,190,Monograph,Kapauku,Oceania,Melanesia,intensive agriculturalists,,685,https://ehrafworldcultures.yale.edu/sres/7f0cb760-1027-4fe9-b8eb-2896d1bcdfa9
52f86224-4d91-4608-9190-61a836d23538,"Pospisil, Leopold J.",Kapauku Papuans and their law,1958,190,Monograph,Kapauku,Oceania,Melanesia,intensive agriculturalists,,685,https://ehrafworldcultures.yale.edu/sres/52f86224-4d91-4608-9190-61a836d23538
b81e60f2-6223-462d-8e80-5ef6699ffacd,"Pospisil, Leopold J.",Kapauku Papuans and their law,1958,191,Monograph,Kapauku,Oceania,Melanesia,intensive agriculturalists,,"673,685",https://ehrafworldcultures.yale.edu/sres/b81e60f2-6223-462d-8e80-5ef6699ffacd
5af63ff0-e2f5-4eff-9591-4ed4239dfee6,"Pospisil, Leopold J.",Kapauku Papuans and their law,1958,191,Monograph,Kapauku,Oceania,Melanesia,intensive agriculturalists,,685,https://ehrafworldcultures.yale.edu/sres/5af63ff0-e2f5-4eff-9591-4ed4239dfee6
c27122c3-4cb4-4e9f-9b7a-3a29b723db74,"Pospisil, Leopold J.",Kapauku Papuans and their law,1958,191,Monograph,Kapauku,Oceania,Melanesia,intensive agriculturalists,,685,https://ehrafworldcultures.yale.edu/sres/c27122c3-4cb4-4e9f-9b7a-3a29b723db74
25785acb-7f58-4e15-b78a-229d49335e5c,"Pospisil, Leopold J.",Kapauku Papuans and their law,1958,191,Monograph,Kapauku,Oceania,Melanesia,intensive agriculturalists,,685,https://ehrafworldcultures.yale.edu/sres/25785acb-7f58-4e15-b78a-229d49335e5c
140285bb-6c16-47fa-b102-dc7c054d5f3a,"Pospisil, Leopold J.",Kapauku Papuans and their law,1958,191,Monograph,Kapauku,Oceania,Melanesia,intensive agriculturalists,,685,https://ehrafworldcultures.yale.edu/sres/140285bb-6c16-47fa-b102-dc7c054d5f3a
cdc39ad8-3a35-48b6-a8f7-038fc30d0868,"Pospisil, Leopold J.",Kapauku Papuans and their law,1958,191,Monograph,Kapauku,Oceania,Melanesia,intensive agriculturalists,,685,https://ehrafworldcultures.yale.edu/sres/cdc39ad8-3a35-48b6-a8f7-038fc30d0868
06a71867-6022-424f-ba50-d760c61c1c7a,"Pospisil, Leopold J.",Kapauku Papuans and their law,1958,191,Monograph,Kapauku,Oceania,Melanesia,intensive agriculturalists,,685,https://ehrafworldcultures.yale.edu/sres/06a71867-6022-424f-ba50-d760c61c1c7a
a68cd6bf-e0a4-474a-9b22-a065d6a865aa,"Pospisil, Leopold J.",Kapauku Papuans and their law,1958,191,Monograph,Kapauku,Oceania,Melanesia,intensive agriculturalists,,685,https://ehrafworldcultures.yale.edu/sres/a68cd6bf-e0a4-474a-9b22-a065d6a865aa
91f633f8-c865-4456-bd5e-058745e62e45,"Pospisil, Leopold J.",Kapauku Papuans and their law,1958,192,Monograph,Kapauku,Oceania,Melanesia,intensive agriculturalists,,"422,673,685",https://ehrafworldcultures.yale.edu/sres/91f633f8-c865-4456-bd5e-058745e62e45
c512df56-d2e0-4882-ad85-c082e6fe6286,"Pospisil, Leopold J.",Kapauku Papuans and their law,1958,192,Monograph,Kapauku,Oceania,Melanesia,intensive agriculturalists,,685,https://ehrafworldcultures.yale.edu/sres/c512df56-d2e0-4882-ad85-c082e6fe6286
4e3adaff-59d7-4994-b2cb-ca5af0923826,"Pospisil, Leopold J.",Kapauku Papuans and their law,1958,192,Monograph,Kapauku,Oceania,Melanesia,intensive agriculturalists,,685,https://ehrafworldcultures.yale.edu/sres/4e3adaff-59d7-4994-b2cb-ca5af0923826
5ca9e46e-e938-4085-831b-930af06091ac,"Pospisil, Leopold J.",Kapauku Papuans and their law,1958,192,Monograph,Kapauku,Oceania,Melanesia,intensive agriculturalists,,685,https://ehrafworldcultures.yale.edu/sres/5ca9e46e-e938-4085-831b-930af06091ac
785b5904-ba17-4465-a78e-3c76167e9888,"Pospisil, Leopold J.",Kapauku Papuans and their law,1958,192,Monograph,Kapauku,Oceania,Melanesia,intensive agriculturalists,,685,https://ehrafworldcultures.yale.edu/sres/785b5904-ba17-4465-a78e-3c76167e9888
63658217-1f57-4eec-8196-5928eb25d633,"Pospisil, Leopold J.",Kapauku Papuans and their law,1958,192,Monograph,Kapauku,Oceania,Melanesia,intensive agriculturalists,,685,https://ehrafworldcultures.yale.edu/sres/63658217-1f57-4eec-8196-5928eb25d633
47493783-14b4-456b-b451-8f1f1c0a204e,"Pospisil, Leopold J.",Kapauku Papuans and their law,1958,192,Monograph,Kapauku,Oceania,Melanesia,intensive agriculturalists,,685,https://ehrafworldcultures.yale.edu/sres/47493783-14b4-456b-b451-8f1f1c0a204e
2f5e68f2-0806-4f2d-80c1-e18bd8f9bb4f,"Pospisil, Leopold J.",Kapauku Papuans and their law,1958,192,Monograph,Kapauku,Oceania,Melanesia,intensive agriculturalists,,685,https://ehrafworldcultures.yale.edu/sres/2f5e68f2-0806-4f2d-80c1-e18bd8f9bb4f
a11da9fa-22a7-4e8b-a9f2-8520d2d14fee,"Pospisil, Leopold J.",Kapauku Papuans and their law,1958,192,Monograph,Kapauku,Oceania,Melanesia,intensive agriculturalists,,685,https://ehrafworldcultures.yale.edu/sres/a11da9fa-22a7-4e8b-a9f2-8520d2d14fee
4f044dce-f945-46d2-8082-4960a34d1df3,"Pospisil, Leopold J.",Kapauku Papuans and their law,1958,192,Monograph,Kapauku,Oceania,Melanesia,intensive agriculturalists,,685,https://ehrafworldcultures.yale.edu/sres/4f044dce-f945-46d2-8082-4960a34d1df3
4c4110c3-ed42-40fc-b34c-b6f25e1d2229,"Pospisil, Leopold J.",Kapauku Papuans and their law,1958,192,Monograph,Kapauku,Oceania,Melanesia,intensive agriculturalists,,685,https://ehrafworldcultures.yale.edu/sres/4c4110c3-ed42-40fc-b34c-b6f25e1d2229
55a48406-a5ae-4ac4-84a6-d584bd515d55,"Pospisil, Leopold J.",Kapauku Papuans and their law,1958,192,Monograph,Kapauku,Oceania,Melanesia,intensive agriculturalists,,685,https://ehrafworldcultures.yale.edu/sres/55a48406-a5ae-4ac4-84a6-d584bd515d55
007d9273-425d-47e2-baa5-89af5c907d6e,"Pospisil, Leopold J.",Kapauku Papuans and their law,1958,193,Monograph,Kapauku,Oceania,Melanesia,intensive agriculturalists,,"579,685",https://ehrafworldcultures.yale.edu/sres/007d9273-425d-47e2-baa5-89af5c907d6e
2ad318e2-63f1-4999-bf3e-f25907ed3f02,"Pospisil, Leopold J.",Kapauku Papuans and their law,1958,193,Monograph,Kapauku,Oceania,Melanesia,intensive agriculturalists,,685,https://ehrafworldcultures.yale.edu/sres/2ad318e2-63f1-4999-bf3e-f25907ed3f02
93c0b318-815b-49cf-aba5-f527c0288453,"Pospisil, Leopold J.",Kapauku Papuans and their law,1958,193,Monograph,Kapauku,Oceania,Melanesia,intensive agriculturalists,,685,https://ehrafworldcultures.yale.edu/sres/93c0b318-815b-49cf-aba5-f527c0288453
d2f5de8d-9d40-4481-8ac2-344fb07165d9,"Pospisil, Leopold J.",Kapauku Papuans and their law,1958,193,Monograph,Kapauku,Oceania,Melanesia,intensive agriculturalists,,685,https://ehrafworldcultures.yale.edu/sres/d2f5de8d-9d40-4481-8ac2-344fb07165d9
11db374e-8873-4985-bcec-54c802caa144,"Pospisil, Leopold J.",Kapauku Papuans and their law,1958,193,Monograph,Kapauku,Oceania,Melanesia,intensive agriculturalists,,685,https://ehrafworldcultures.yale.edu/sres/11db374e-8873-4985-bcec-54c802caa144
6cabfb6c-49d4-434c-a6fb-6fea826e226c,"Pospisil, Leopold J.",Kapauku Papuans and their law,1958,193,Monograph,Kapauku,Oceania,Melanesia,intensive agriculturalists,,685,https://ehrafworldcultures.yale.edu/sres/6cabfb6c-49d4-434c-a6fb-6fea826e226c
4ad5d006-2d07-4ec8-aae1-6b5d502567ac,"Pospisil, Leopold J.",Kapauku Papuans and their law,1958,193,Monograph,Kapauku,Oceania,Melanesia,intensive agriculturalists,,685,https://ehrafworldcultures.yale.edu/sres/4ad5d006-2d07-4ec8-aae1-6b5d502567ac
109fef9e-684d-4c63-ae48-6fd80b2edd39,"Pospisil, Leopold J.",Kapauku Papuans and their law,1958,193,Monograph,Kapauku,Oceania,Melanesia,intensive agriculturalists,,"685,721",https://ehrafworldcultures.yale.edu/sres/109fef9e-684d-4c63-ae48-6fd80b2edd39
a362a295-c845-44a3-8646-a6d5c13d43cb,"Pospisil, Leopold J.",Kapauku Papuans and their law,1958,193,Monograph,Kapauku,Oceania,Melanesia,intensive agriculturalists,,"685,721",https://ehrafworldcultures.yale.edu/sres/a362a295-c845-44a3-8646-a6d5c13d43cb
59bbec35-3fdd-4411-b7a3-bbbde2fb3b14,"Pospisil, Leopold J.",Kapauku Papuans and their law,1958,193,Monograph,Kapauku,Oceania,Melanesia,intensive agriculturalists,,"685,721",https://ehrafworldcultures.yale.edu/sres/59bbec35-3fdd-4411-b7a3-bbbde2fb3b14
c9784296-6d7a-44fd-90ae-b99b7e4d4556,"Pospisil, Leopold J.",Kapauku Papuans and their law,1958,194,Monograph,Kapauku,Oceania,Melanesia,intensive agriculturalists,,685,https://ehrafworldcultures.yale.edu/sres/c9784296-6d7a-44fd-90ae-b99b7e4d4556
1be375a0-8ce9-489f-80ae-69211b8abd5b,"Pospisil, Leopold J.",Kapauku Papuans and their law,1958,194,Monograph,Kapauku,Oceania,Melanesia,intensive agriculturalists,,685,https://ehrafworldcultures.yale.edu/sres/1be375a0-8ce9-489f-80ae-69211b8abd5b
e5924a2a-8417-4999-b030-80070c6c7619,"Pospisil, Leopold J.",Kapauku Papuans and their law,1958,194,Monograph,Kapauku,Oceania,Melanesia,intensive agriculturalists,,685,https://ehrafworldcultures.yale.edu/sres/e5924a2a-8417-4999-b030-80070c6c7619
ba10a2e8-3a8a-40c1-a6dc-477482f3ad41,"Pospisil, Leopold J.",Kapauku Papuans and their law,1958,194,Monograph,Kapauku,Oceania,Melanesia,intensive agriculturalists,,685,https://ehrafworldcultures.yale.edu/sres/ba10a2e8-3a8a-40c1-a6dc-477482f3ad41
a08fc29c-5f16-40bf-baf0-a72a9cbc16b7,"Pospisil, Leopold J.",Kapauku Papuans and their law,1958,194,Monograph,Kapauku,Oceania,Melanesia,intensive agriculturalists,,685,https://ehrafworldcultures.yale.edu/sres/a08fc29c-5f16-40bf-baf0-a72a9cbc16b7
fd5f5016-2722-4c0a-ba8d-415b50ce8ac5,"Pospisil, Leopold J.",Kapauku Papuans and their law,1958,194,Monograph,Kapauku,Oceania,Melanesia,intensive agriculturalists,,685,https://ehrafworldcultures.yale.edu/sres/fd5f5016-2722-4c0a-ba8d-415b50ce8ac5
be073ae9-5040-4581-bde1-55d296cbab07,"Pospisil, Leopold J.",Kapauku Papuans and their law,1958,194,Monograph,Kapauku,Oceania,Melanesia,intensive agriculturalists,,685,https://ehrafworldcultures.yale.edu/sres/be073ae9-5040-4581-bde1-55d296cbab07
794052f1-d65e-4bc8-9728-ab36a07d281a,"Pospisil, Leopold J.",Kapauku Papuans and their law,1958,194,Monograph,Kapauku,Oceania,Melanesia,intensive agriculturalists,,685,https://ehrafworldcultures.yale.edu/sres/794052f1-d65e-4bc8-9728-ab36a07d281a
c849e602-956b-4e07-9efb-8a7d56dc4d2e,"Pospisil, Leopold J.",Kapauku Papuans and their law,1958,194,Monograph,Kapauku,Oceania,Melanesia,intensive agriculturalists,,685,https://ehrafworldcultures.yale.edu/sres/c849e602-956b-4e07-9efb-8a7d56dc4d2e
5db5a98b-0668-45f7-a2ef-71d21abd31f3,"Pospisil, Leopold J.",Kapauku Papuans and their law,1958,194,Monograph,Kapauku,Oceania,Melanesia,intensive agriculturalists,,685,https://ehrafworldcultures.yale.edu/sres/5db5a98b-0668-45f7-a2ef-71d21abd31f3
da794946-b6b5-452f-853d-b327fae4a633,"Pospisil, Leopold J.",Kapauku Papuans and their law,1958,194,Monograph,Kapauku,Oceania,Melanesia,intensive agriculturalists,,685,https://ehrafworldcultures.yale.edu/sres/da794946-b6b5-452f-853d-b327fae4a633
a4ec3804-1fd9-49ca-bb5e-2af0ef5023b2,"Pospisil, Leopold J.",Kapauku Papuans and their law,1958,195,Monograph,Kapauku,Oceania,Melanesia,intensive agriculturalists,,685,https://ehrafworldcultures.yale.edu/sres/a4ec3804-1fd9-49ca-bb5e-2af0ef5023b2
2e2a42e7-1009-4f1a-93c1-d8236bd4752b,"Pospisil, Leopold J.",Kapauku Papuans and their law,1958,195,Monograph,Kapauku,Oceania,Melanesia,intensive agriculturalists,,685,https://ehrafworldcultures.yale.edu/sres/2e2a42e7-1009-4f1a-93c1-d8236bd4752b
b33e9aa0-5904-41a0-b7a1-41b1b8bf32b9,"Pospisil, Leopold J.",Kapauku Papuans and their law,1958,195,Monograph,Kapauku,Oceania,Melanesia,intensive agriculturalists,,685,https://ehrafworldcultures.yale.edu/sres/b33e9aa0-5904-41a0-b7a1-41b1b8bf32b9
137e48c8-5ce5-4a54-965d-9cb9a7824784,"Pospisil, Leopold J.",Kapauku Papuans and their law,1958,195,Monograph,Kapauku,Oceania,Melanesia,intensive agriculturalists,,685,https://ehrafworldcultures.yale.edu/sres/137e48c8-5ce5-4a54-965d-9cb9a7824784
e6a1d0c2-ff77-4a84-8558-f3570ddfc3c3,"Pospisil, Leopold J.",Kapauku Papuans and their law,1958,195,Monograph,Kapauku,Oceania,Melanesia,intensive agriculturalists,,685,https://ehrafworldcultures.yale.edu/sres/e6a1d0c2-ff77-4a84-8558-f3570ddfc3c3
0990a819-b5c3-4445-86f3-889355f2e998,"Pospisil, Leopold J.",Kapauku Papuans and their law,1958,195,Monograph,Kapauku,Oceania,Melanesia,intensive agriculturalists,,685,https://ehrafworldcultures.yale.edu/sres/0990a819-b5c3-4445-86f3-889355f2e998
e82f93e8-6c0e-4b13-8d13-cc3a2dc2b7bb,"Pospisil, Leopold J.",Kapauku Papuans and their law,1958,195,Monograph,Kapauku,Oceania,Melanesia,intensive agriculturalists,,685,https://ehrafworldcultures.yale.edu/sres/e82f93e8-6c0e-4b13-8d13-cc3a2dc2b7bb
d28c2756-4700-4bb5-9e88-6f9a2ad7ef33,"Pospisil, Leopold J.",Kapauku Papuans and their law,1958,195,Monograph,Kapauku,Oceania,Melanesia,intensive agriculturalists,,685,https://ehrafworldcultures.yale.edu/sres/d28c2756-4700-4bb5-9e88-6f9a2ad7ef33
f0653161-7aa6-4e55-af6c-368e69f2e303,"Pospisil, Leopold J.",Kapauku Papuans and their law,1958,195,Monograph,Kapauku,Oceania,Melanesia,intensive agriculturalists,,685,https://ehrafworldcultures.yale.edu/sres/f0653161-7aa6-4e55-af6c-368e69f2e303
4fc59876-11be-46fa-a95f-0de40497e42b,"Pospisil, Leopold J.",Kapauku Papuans and their law,1958,195,Monograph,Kapauku,Oceania,Melanesia,intensive agriculturalists,,685,https://ehrafworldcultures.yale.edu/sres/4fc59876-11be-46fa-a95f-0de40497e42b
21d72a93-46b0-4b8c-b536-68912c6054de,"Pospisil, Leopold J.",Kapauku Papuans and their law,1958,195,Monograph,Kapauku,Oceania,Melanesia,intensive agriculturalists,,685,https://ehrafworldcultures.yale.edu/sres/21d72a93-46b0-4b8c-b536-68912c6054de
f6e8f42d-59ec-4a3c-9de4-cd400081428e,"Pospisil, Leopold J.",Kapauku Papuans and their law,1958,195,Monograph,Kapauku,Oceania,Melanesia,intensive agriculturalists,,685,https://ehrafworldcultures.yale.edu/sres/f6e8f42d-59ec-4a3c-9de4-cd400081428e
e30ab589-49d5-4547-a3bf-c5f6ca854241,"Pospisil, Leopold J.",Kapauku Papuans and their law,1958,195,Monograph,Kapauku,Oceania,Melanesia,intensive agriculturalists,,685,https://ehrafworldcultures.yale.edu/sres/e30ab589-49d5-4547-a3bf-c5f6ca854241
6a3a738e-fb4b-4db1-af82-593ae598a2ab,"Pospisil, Leopold J.",Kapauku Papuans and their law,1958,195,Monograph,Kapauku,Oceania,Melanesia,intensive agriculturalists,,685,https://ehrafworldcultures.yale.edu/sres/6a3a738e-fb4b-4db1-af82-593ae598a2ab
a8109df0-1ae2-4f5b-bf3f-4ae3ccb4e566,"Pospisil, Leopold J.",Kapauku Papuans and their law,1958,196,Monograph,Kapauku,Oceania,Melanesia,intensive agriculturalists,,685,https://ehrafworldcultures.yale.edu/sres/a8109df0-1ae2-4f5b-bf3f-4ae3ccb4e566
13887ae6-51d6-449c-bb3a-cd3c2481db67,"Pospisil, Leopold J.",Kapauku Papuans and their law,1958,196,Monograph,Kapauku,Oceania,Melanesia,intensive agriculturalists,,685,https://ehrafworldcultures.yale.edu/sres/13887ae6-51d6-449c-bb3a-cd3c2481db67
1eb784c5-338a-46a2-beba-43229bcf8dc8,"Pospisil, Leopold J.",Kapauku Papuans and their law,1958,196,Monograph,Kapauku,Oceania,Melanesia,intensive agriculturalists,,685,https://ehrafworldcultures.yale.edu/sres/1eb784c5-338a-46a2-beba-43229bcf8dc8
02a08013-8fc6-42b9-9d48-d61dcb74d8ef,"Pospisil, Leopold J.",Kapauku Papuans and their law,1958,196,Monograph,Kapauku,Oceania,Melanesia,intensive agriculturalists,,685,https://ehrafworldcultures.yale.edu/sres/02a08013-8fc6-42b9-9d48-d61dcb74d8ef
66a07047-273b-4ddf-85b2-a25a45f9944d,"Pospisil, Leopold J.",Kapauku Papuans and their law,1958,196,Monograph,Kapauku,Oceania,Melanesia,intensive agriculturalists,,685,https://ehrafworldcultures.yale.edu/sres/66a07047-273b-4ddf-85b2-a25a45f9944d
6f75cd38-5786-4f63-a48f-36c958169215,"Pospisil, Leopold J.",Kapauku Papuans and their law,1958,196,Monograph,Kapauku,Oceania,Melanesia,intensive agriculturalists,,685,https://ehrafworldcultures.yale.edu/sres/6f75cd38-5786-4f63-a48f-36c958169215
98f2ee80-76bc-49d9-a76c-82f338fdda02,"Pospisil, Leopold J.",Kapauku Papuans and their law,1958,196,Monograph,Kapauku,Oceania,Melanesia,intensive agriculturalists,,685,https://ehrafworldcultures.yale.edu/sres/98f2ee80-76bc-49d9-a76c-82f338fdda02
ccf8b869-e13b-426a-9969-04f5320a8b8d,"Pospisil, Leopold J.",Kapauku Papuans and their law,1958,196,Monograph,Kapauku,Oceania,Melanesia,intensive agriculturalists,,685,https://ehrafworldcultures.yale.edu/sres/ccf8b869-e13b-426a-9969-04f5320a8b8d
e68269fd-ab5c-411e-b7bf-cacecf76c480,"Pospisil, Leopold J.",Kapauku Papuans and their law,1958,196,Monograph,Kapauku,Oceania,Melanesia,intensive agriculturalists,,685,https://ehrafworldcultures.yale.edu/sres/e68269fd-ab5c-411e-b7bf-cacecf76c480
6a4bb16d-773a-4a27-ab9b-7058c3ee49a7,"Pospisil, Leopold J.",Kapauku Papuans and their law,1958,197,Monograph,Kapauku,Oceania,Melanesia,intensive agriculturalists,,685,https://ehrafworldcultures.yale.edu/sres/6a4bb16d-773a-4a27-ab9b-7058c3ee49a7
e4764a4d-47cc-4f57-815e-f2d0edcfbb9e,"Pospisil, Leopold J.",Kapauku Papuans and their law,1958,197,Monograph,Kapauku,Oceania,Melanesia,intensive agriculturalists,,"672,685",https://ehrafworldcultures.yale.edu/sres/e4764a4d-47cc-4f57-815e-f2d0edcfbb9e
84551cfb-dd62-4505-a2b3-bf7d20e6831b,"Pospisil, Leopold J.",Kapauku Papuans and their law,1958,197,Monograph,Kapauku,Oceania,Melanesia,intensive agriculturalists,,"672,685",https://ehrafworldcultures.yale.edu/sres/84551cfb-dd62-4505-a2b3-bf7d20e6831b
0ac90ebd-05ea-4a44-9a4d-51258c692927,"Pospisil, Leopold J.",Kapauku Papuans and their law,1958,197,Monograph,Kapauku,Oceania,Melanesia,intensive agriculturalists,,"672,685",https://ehrafworldcultures.yale.edu/sres/0ac90ebd-05ea-4a44-9a4d-51258c692927
ad865ed4-b5c1-4b49-b2d1-becc78959415,"Pospisil, Leopold J.",Kapauku Papuans and their law,1958,197,Monograph,Kapauku,Oceania,Melanesia,intensive agriculturalists,,"672,685",https://ehrafworldcultures.yale.edu/sres/ad865ed4-b5c1-4b49-b2d1-becc78959415
f4497931-39aa-4e25-9a89-94f028302e4a,"Pospisil, Leopold J.",Kapauku Papuans and their law,1958,197,Monograph,Kapauku,Oceania,Melanesia,intensive agriculturalists,,"672,685",https://ehrafworldcultures.yale.edu/sres/f4497931-39aa-4e25-9a89-94f028302e4a
3a6c7f02-f30f-4bad-a473-4d6c1749b290,"Pospisil, Leopold J.",Kapauku Papuans and their law,1958,197,Monograph,Kapauku,Oceania,Melanesia,intensive agriculturalists,,"672,685",https://ehrafworldcultures.yale.edu/sres/3a6c7f02-f30f-4bad-a473-4d6c1749b290
3022d64f-89a5-430d-b609-a8a7fe69a113,"Pospisil, Leopold J.",Kapauku Papuans and their law,1958,197,Monograph,Kapauku,Oceania,Melanesia,intensive agriculturalists,,"672,685",https://ehrafworldcultures.yale.edu/sres/3022d64f-89a5-430d-b609-a8a7fe69a113
29afcedf-61c7-4c9e-8c4e-037fc8acba6e,"Pospisil, Leopold J.",Kapauku Papuans and their law,1958,197,Monograph,Kapauku,Oceania,Melanesia,intensive agriculturalists,,"672,685",https://ehrafworldcultures.yale.edu/sres/29afcedf-61c7-4c9e-8c4e-037fc8acba6e
36a98c55-c90a-4ad5-bb16-ca085cfa3256,"Pospisil, Leopold J.",Kapauku Papuans and their law,1958,197,Monograph,Kapauku,Oceania,Melanesia,intensive agriculturalists,,"672,685",https://ehrafworldcultures.yale.edu/sres/36a98c55-c90a-4ad5-bb16-ca085cfa3256
70b87425-7222-43b1-bd4b-0c4e1ab59d0b,"Pospisil, Leopold J.",Kapauku Papuans and their law,1958,198,Monograph,Kapauku,Oceania,Melanesia,intensive agriculturalists,,"672,685",https://ehrafworldcultures.yale.edu/sres/70b87425-7222-43b1-bd4b-0c4e1ab59d0b
9e8c933b-1a6e-4c60-8877-0267216fecbe,"Pospisil, Leopold J.",Kapauku Papuans and their law,1958,198,Monograph,Kapauku,Oceania,Melanesia,intensive agriculturalists,,"672,685",https://ehrafworldcultures.yale.edu/sres/9e8c933b-1a6e-4c60-8877-0267216fecbe
38419398-f0cd-494e-9318-a4d7dacdfa35,"Pospisil, Leopold J.",Kapauku Papuans and their law,1958,198,Monograph,Kapauku,Oceania,Melanesia,intensive agriculturalists,,"672,685",https://ehrafworldcultures.yale.edu/sres/38419398-f0cd-494e-9318-a4d7dacdfa35
8a21763b-e9e8-442c-816f-b589f5550a05,"Pospisil, Leopold J.",Kapauku Papuans and their law,1958,198,Monograph,Kapauku,Oceania,Melanesia,intensive agriculturalists,,"672,685",https://ehrafworldcultures.yale.edu/sres/8a21763b-e9e8-442c-816f-b589f5550a05
6397e5ee-dec6-42ed-97ac-f76e92f4d0f8,"Pospisil, Leopold J.",Kapauku Papuans and their law,1958,198,Monograph,Kapauku,Oceania,Melanesia,intensive agriculturalists,,"672,685",https://ehrafworldcultures.yale.edu/sres/6397e5ee-dec6-42ed-97ac-f76e92f4d0f8
47f2796e-5efb-47b4-9df6-68511de9249c,"Pospisil, Leopold J.",Kapauku Papuans and their law,1958,198,Monograph,Kapauku,Oceania,Melanesia,intensive agriculturalists,,"672,685",https://ehrafworldcultures.yale.edu/sres/47f2796e-5efb-47b4-9df6-68511de9249c
76695ce7-9aa1-4670-a0bf-49c2a4a11f46,"Pospisil, Leopold J.",Kapauku Papuans and their law,1958,198,Monograph,Kapauku,Oceania,Melanesia,intensive agriculturalists,,"672,685",https://ehrafworldcultures.yale.edu/sres/76695ce7-9aa1-4670-a0bf-49c2a4a11f46
78620d33-aa25-4e77-9495-b9a18faa3a84,"Pospisil, Leopold J.",Kapauku Papuans and their law,1958,198,Monograph,Kapauku,Oceania,Melanesia,intensive agriculturalists,,"672,685",https://ehrafworldcultures.yale.edu/sres/78620d33-aa25-4e77-9495-b9a18faa3a84
0be268cd-30a6-4e32-bd80-12a270ec8fbd,"Pospisil, Leopold J.",Kapauku Papuans and their law,1958,198,Monograph,Kapauku,Oceania,Melanesia,intensive agriculturalists,,"672,685",https://ehrafworldcultures.yale.edu/sres/0be268cd-30a6-4e32-bd80-12a270ec8fbd
6e121628-024f-4301-9a34-24178c444f59,"Pospisil, Leopold J.",Kapauku Papuans and their law,1958,198,Monograph,Kapauku,Oceania,Melanesia,intensive agriculturalists,,"672,685",https://ehrafworldcultures.yale.edu/sres/6e121628-024f-4301-9a34-24178c444f59
c46302f1-46e6-43f3-8939-224b9b829fb7,"Pospisil, Leopold J.",Kapauku Papuans and their law,1958,198,Monograph,Kapauku,Oceania,Melanesia,intensive agriculturalists,,"672,685",https://ehrafworldcultures.yale.edu/sres/c46302f1-46e6-43f3-8939-224b9b829fb7
0b89b260-a1c9-4fee-86bb-fa5f0f119ff8,"Pospisil, Leopold J.",Kapauku Papuans and their law,1958,198,Monograph,Kapauku,Oceania,Melanesia,intensive agriculturalists,,"672,685",https://ehrafworldcultures.yale.edu/sres/0b89b260-a1c9-4fee-86bb-fa5f0f119ff8
28eb6311-c169-4aab-9e91-523f0f3926cc,"Pospisil, Leopold J.",Kapauku Papuans and their law,1958,198,Monograph,Kapauku,Oceania,Melanesia,intensive agriculturalists,,"672,685",https://ehrafworldcultures.yale.edu/sres/28eb6311-c169-4aab-9e91-523f0f3926cc
20291dcd-6e50-41e8-8659-93530dcbd8c1,"Pospisil, Leopold J.",Kapauku Papuans and their law,1958,199,Monograph,Kapauku,Oceania,Melanesia,intensive agriculturalists,,"198,202,672,685",https://ehrafworldcultures.yale.edu/sres/20291dcd-6e50-41e8-8659-93530dcbd8c1
354b4a87-7631-4041-ac63-b9f42a7c5899,"Pospisil, Leopold J.",Kapauku Papuans and their law,1958,199,Monograph,Kapauku,Oceania,Melanesia,intensive agriculturalists,,"672,685",https://ehrafworldcultures.yale.edu/sres/354b4a87-7631-4041-ac63-b9f42a7c5899
969f5634-5f7e-4cb9-96c7-f82b561261eb,"Pospisil, Leopold J.",Kapauku Papuans and their law,1958,199,Monograph,Kapauku,Oceania,Melanesia,intensive agriculturalists,,"672,685",https://ehrafworldcultures.yale.edu/sres/969f5634-5f7e-4cb9-96c7-f82b561261eb
1f65c904-8100-4510-8ed6-c51206a331ac,"Pospisil, Leopold J.",Kapauku Papuans and their law,1958,199,Monograph,Kapauku,Oceania,Melanesia,intensive agriculturalists,,"672,685",https://ehrafworldcultures.yale.edu/sres/1f65c904-8100-4510-8ed6-c51206a331ac
b120b4e6-00fa-473f-bb20-c16971b5a711,"Pospisil, Leopold J.",Kapauku Papuans and their law,1958,199,Monograph,Kapauku,Oceania,Melanesia,intensive agriculturalists,,"672,685",https://ehrafworldcultures.yale.edu/sres/b120b4e6-00fa-473f-bb20-c16971b5a711
f6eca70c-e895-411d-b2c1-547222732559,"Pospisil, Leopold J.",Kapauku Papuans and their law,1958,199,Monograph,Kapauku,Oceania,Melanesia,intensive agriculturalists,,"672,685",https://ehrafworldcultures.yale.edu/sres/f6eca70c-e895-411d-b2c1-547222732559
3a96a8c7-ef86-481d-8e0b-a20ed917ffe9,"Pospisil, Leopold J.",Kapauku Papuans and their law,1958,199,Monograph,Kapauku,Oceania,Melanesia,intensive agriculturalists,,"672,685",https://ehrafworldcultures.yale.edu/sres/3a96a8c7-ef86-481d-8e0b-a20ed917ffe9
039a254d-ff63-444b-a61f-cabffbbbd067,"Pospisil, Leopold J.",Kapauku Papuans and their law,1958,199,Monograph,Kapauku,Oceania,Melanesia,intensive agriculturalists,,"672,685",https://ehrafworldcultures.yale.edu/sres/039a254d-ff63-444b-a61f-cabffbbbd067
fbcf5d1b-1423-4ebd-b100-672cfb3e1c4c,"Pospisil, Leopold J.",Kapauku Papuans and their law,1958,199,Monograph,Kapauku,Oceania,Melanesia,intensive agriculturalists,,"672,685",https://ehrafworldcultures.yale.edu/sres/fbcf5d1b-1423-4ebd-b100-672cfb3e1c4c
40f2f8c8-10af-4b6a-999a-d0299a4bd445,"Pospisil, Leopold J.",Kapauku Papuans and their law,1958,199,Monograph,Kapauku,Oceania,Melanesia,intensive agriculturalists,,"672,685",https://ehrafworldcultures.yale.edu/sres/40f2f8c8-10af-4b6a-999a-d0299a4bd445
74601f27-f7e8-48cd-b839-21fc7903f69f,"Pospisil, Leopold J.",Kapauku Papuans and their law,1958,199,Monograph,Kapauku,Oceania,Melanesia,intensive agriculturalists,,"672,685",https://ehrafworldcultures.yale.edu/sres/74601f27-f7e8-48cd-b839-21fc7903f69f
0e851987-b026-43ef-806a-eeb617cb2f73,"Pospisil, Leopold J.",Kapauku Papuans and their law,1958,200,Monograph,Kapauku,Oceania,Melanesia,intensive agriculturalists,,"672,685",https://ehrafworldcultures.yale.edu/sres/0e851987-b026-43ef-806a-eeb617cb2f73
01ae69c5-a7d3-47f1-b5a9-75895ae9effd,"Pospisil, Leopold J.",Kapauku Papuans and their law,1958,200,Monograph,Kapauku,Oceania,Melanesia,intensive agriculturalists,,"423,685",https://ehrafworldcultures.yale.edu/sres/01ae69c5-a7d3-47f1-b5a9-75895ae9effd
7b7174f7-1787-4e28-83b0-da93e346176e,"Pospisil, Leopold J.",Kapauku Papuans and their law,1958,200,Monograph,Kapauku,Oceania,Melanesia,intensive agriculturalists,,"423,685",https://ehrafworldcultures.yale.edu/sres/7b7174f7-1787-4e28-83b0-da93e346176e
6a65748c-c26f-4179-b06d-559447e8a880,"Pospisil, Leopold J.",Kapauku Papuans and their law,1958,200,Monograph,Kapauku,Oceania,Melanesia,intensive agriculturalists,,"423,586,595,685",https://ehrafworldcultures.yale.edu/sres/6a65748c-c26f-4179-b06d-559447e8a880
1ef85b5f-1a14-4f1c-acdd-d3aee61a4045,"Pospisil, Leopold J.",Kapauku Papuans and their law,1958,200,Monograph,Kapauku,Oceania,Melanesia,intensive agriculturalists,,"595,685",https://ehrafworldcultures.yale.edu/sres/1ef85b5f-1a14-4f1c-acdd-d3aee61a4045
5b84cb46-0ab3-499d-b231-03cafc25b95f,"Pospisil, Leopold J.",Kapauku Papuans and their law,1958,200,Monograph,Kapauku,Oceania,Melanesia,intensive agriculturalists,,"595,685",https://ehrafworldcultures.yale.edu/sres/5b84cb46-0ab3-499d-b231-03cafc25b95f
a6df49e6-3286-405e-8ad1-2c8a9ed1c034,"Pospisil, Leopold J.",Kapauku Papuans and their law,1958,200,Monograph,Kapauku,Oceania,Melanesia,intensive agriculturalists,,"595,685",https://ehrafworldcultures.yale.edu/sres/a6df49e6-3286-405e-8ad1-2c8a9ed1c034
c7643f88-82b3-45a7-9c02-d7c4a7dd039f,"Pospisil, Leopold J.",Kapauku Papuans and their law,1958,200,Monograph,Kapauku,Oceania,Melanesia,intensive agriculturalists,,"423,685",https://ehrafworldcultures.yale.edu/sres/c7643f88-82b3-45a7-9c02-d7c4a7dd039f
2184e99a-f0c3-410b-a638-9b2ef6743d99,"Pospisil, Leopold J.",Kapauku Papuans and their law,1958,200,Monograph,Kapauku,Oceania,Melanesia,intensive agriculturalists,,"423,685",https://ehrafworldcultures.yale.edu/sres/2184e99a-f0c3-410b-a638-9b2ef6743d99
8bfe72d2-5862-49dc-9a88-be4b3fdc0d01,"Pospisil, Leopold J.",Kapauku Papuans and their law,1958,200,Monograph,Kapauku,Oceania,Melanesia,intensive agriculturalists,,"423,685",https://ehrafworldcultures.yale.edu/sres/8bfe72d2-5862-49dc-9a88-be4b3fdc0d01
b4b8d3a8-e4c3-41ff-9707-e08a33a66928,"Pospisil, Leopold J.",Kapauku Papuans and their law,1958,200,Monograph,Kapauku,Oceania,Melanesia,intensive agriculturalists,,"595,685",https://ehrafworldcultures.yale.edu/sres/b4b8d3a8-e4c3-41ff-9707-e08a33a66928
17164d21-f65a-49df-bbef-efde85c298ca,"Pospisil, Leopold J.",Kapauku Papuans and their law,1958,201,Monograph,Kapauku,Oceania,Melanesia,intensive agriculturalists,,"595,685",https://ehrafworldcultures.yale.edu/sres/17164d21-f65a-49df-bbef-efde85c298ca
8081c1ff-098f-4dd2-8261-e86a3c4496b1,"Pospisil, Leopold J.",Kapauku Papuans and their law,1958,201,Monograph,Kapauku,Oceania,Melanesia,intensive agriculturalists,,"423,685",https://ehrafworldcultures.yale.edu/sres/8081c1ff-098f-4dd2-8261-e86a3c4496b1
a561bea8-0e5d-402a-9093-c731699d4f9f,"Pospisil, Leopold J.",Kapauku Papuans and their law,1958,201,Monograph,Kapauku,Oceania,Melanesia,intensive agriculturalists,,"423,685",https://ehrafworldcultures.yale.edu/sres/a561bea8-0e5d-402a-9093-c731699d4f9f
691c5b28-4bf0-464c-b863-e19a35431d4e,"Pospisil, Leopold J.",Kapauku Papuans and their law,1958,202,Monograph,Kapauku,Oceania,Melanesia,intensive agriculturalists,,"428,685",https://ehrafworldcultures.yale.edu/sres/691c5b28-4bf0-464c-b863-e19a35431d4e
a0e90aa1-8699-4722-b628-2bad439a6cd1,"Pospisil, Leopold J.",Kapauku Papuans and their law,1958,202,Monograph,Kapauku,Oceania,Melanesia,intensive agriculturalists,,"428,685",https://ehrafworldcultures.yale.edu/sres/a0e90aa1-8699-4722-b628-2bad439a6cd1
d857ca3a-bb77-447a-b025-b5841416829f,"Pospisil, Leopold J.",Kapauku Papuans and their law,1958,202,Monograph,Kapauku,Oceania,Melanesia,intensive agriculturalists,,"428,685",https://ehrafworldcultures.yale.edu/sres/d857ca3a-bb77-447a-b025-b5841416829f
df0bdacf-c297-4726-a4bd-caf20d32346a,"Pospisil, Leopold J.",Kapauku Papuans and their law,1958,202,Monograph,Kapauku,Oceania,Melanesia,intensive agriculturalists,,685,https://ehrafworldcultures.yale.edu/sres/df0bdacf-c297-4726-a4bd-caf20d32346a
ace2b089-4900-4f22-b60c-422352cba8f7,"Pospisil, Leopold J.",Kapauku Papuans and their law,1958,202,Monograph,Kapauku,Oceania,Melanesia,intensive agriculturalists,,685,https://ehrafworldcultures.yale.edu/sres/ace2b089-4900-4f22-b60c-422352cba8f7
bf056125-3d81-4e82-9645-892549665f14,"Pospisil, Leopold J.",Kapauku Papuans and their law,1958,202,Monograph,Kapauku,Oceania,Melanesia,intensive agriculturalists,,685,https://ehrafworldcultures.yale.edu/sres/bf056125-3d81-4e82-9645-892549665f14
58e2b062-ac55-473b-9dfc-90da040d0f3f,"Pospisil, Leopold J.",Kapauku Papuans and their law,1958,202,Monograph,Kapauku,Oceania,Melanesia,intensive agriculturalists,,"426,686",https://ehrafworldcultures.yale.edu/sres/58e2b062-ac55-473b-9dfc-90da040d0f3f
6f1ce401-05b0-43c2-8941-ea585e424c4d,"Pospisil, Leopold J.",Kapauku Papuans and their law,1958,203,Monograph,Kapauku,Oceania,Melanesia,intensive agriculturalists,,685,https://ehrafworldcultures.yale.edu/sres/6f1ce401-05b0-43c2-8941-ea585e424c4d
c7cbe23a-5093-4cdf-acbe-96410ca9d2d6,"Pospisil, Leopold J.",Kapauku Papuans and their law,1958,203,Monograph,Kapauku,Oceania,Melanesia,intensive agriculturalists,,"428,685",https://ehrafworldcultures.yale.edu/sres/c7cbe23a-5093-4cdf-acbe-96410ca9d2d6
cb8bf859-9e1a-4b8d-9d36-646f6ee11ef2,"Pospisil, Leopold J.",Kapauku Papuans and their law,1958,203,Monograph,Kapauku,Oceania,Melanesia,intensive agriculturalists,,"428,685",https://ehrafworldcultures.yale.edu/sres/cb8bf859-9e1a-4b8d-9d36-646f6ee11ef2
9b1102a0-598c-4c57-aaf3-5f282b2da055,"Pospisil, Leopold J.",Kapauku Papuans and their law,1958,203,Monograph,Kapauku,Oceania,Melanesia,intensive agriculturalists,,"428,685",https://ehrafworldcultures.yale.edu/sres/9b1102a0-598c-4c57-aaf3-5f282b2da055
83ab61ac-3c06-49e8-9c19-93300fba6e8e,"Pospisil, Leopold J.",Kapauku Papuans and their law,1958,203,Monograph,Kapauku,Oceania,Melanesia,intensive agriculturalists,,"428,685",https://ehrafworldcultures.yale.edu/sres/83ab61ac-3c06-49e8-9c19-93300fba6e8e
92aa0afe-af65-49a5-b170-8a2ff1f3ae38,"Pospisil, Leopold J.",Kapauku Papuans and their law,1958,203,Monograph,Kapauku,Oceania,Melanesia,intensive agriculturalists,,"428,685",https://ehrafworldcultures.yale.edu/sres/92aa0afe-af65-49a5-b170-8a2ff1f3ae38
4fde8f02-7681-45c3-8b3f-67cb1fdbcffa,"Pospisil, Leopold J.",Kapauku Papuans and their law,1958,203,Monograph,Kapauku,Oceania,Melanesia,intensive agriculturalists,,"428,685",https://ehrafworldcultures.yale.edu/sres/4fde8f02-7681-45c3-8b3f-67cb1fdbcffa
93a99afc-f9e2-4d14-8119-92ff743e0042,"Pospisil, Leopold J.",Kapauku Papuans and their law,1958,203,Monograph,Kapauku,Oceania,Melanesia,intensive agriculturalists,,"428,685",https://ehrafworldcultures.yale.edu/sres/93a99afc-f9e2-4d14-8119-92ff743e0042
01c887e3-01fb-4ffe-bffd-64bb36f9a639,"Pospisil, Leopold J.",Kapauku Papuans and their law,1958,203,Monograph,Kapauku,Oceania,Melanesia,intensive agriculturalists,,"428,685",https://ehrafworldcultures.yale.edu/sres/01c887e3-01fb-4ffe-bffd-64bb36f9a639
cd4f1479-a99a-40d1-a2aa-c3fea40a7553,"Pospisil, Leopold J.",Kapauku Papuans and their law,1958,203,Monograph,Kapauku,Oceania,Melanesia,intensive agriculturalists,,"428,685",https://ehrafworldcultures.yale.edu/sres/cd4f1479-a99a-40d1-a2aa-c3fea40a7553
cc953252-a6a3-4e18-a7db-5840daecb587,"Pospisil, Leopold J.",Kapauku Papuans and their law,1958,203,Monograph,Kapauku,Oceania,Melanesia,intensive agriculturalists,,"428,685",https://ehrafworldcultures.yale.edu/sres/cc953252-a6a3-4e18-a7db-5840daecb587
9ef54bdf-782f-4ece-85f9-0af11a10c270,"Pospisil, Leopold J.",Kapauku Papuans and their law,1958,203,Monograph,Kapauku,Oceania,Melanesia,intensive agriculturalists,,"428,685",https://ehrafworldcultures.yale.edu/sres/9ef54bdf-782f-4ece-85f9-0af11a10c270
13d7a538-30d5-4648-b326-5afe71bb6a94,"Pospisil, Leopold J.",Kapauku Papuans and their law,1958,203,Monograph,Kapauku,Oceania,Melanesia,intensive agriculturalists,,"428,429,685",https://ehrafworldcultures.yale.edu/sres/13d7a538-30d5-4648-b326-5afe71bb6a94
8222e7a4-5663-4b30-8a01-d9079181adcb,"Pospisil, Leopold J.",Kapauku Papuans and their law,1958,204,Monograph,Kapauku,Oceania,Melanesia,intensive agriculturalists,,"428,429,685",https://ehrafworldcultures.yale.edu/sres/8222e7a4-5663-4b30-8a01-d9079181adcb
5e226823-b533-4dee-b33f-568c1bc6ad5c,"Pospisil, Leopold J.",Kapauku Papuans and their law,1958,204,Monograph,Kapauku,Oceania,Melanesia,intensive agriculturalists,,"428,429,685",https://ehrafworldcultures.yale.edu/sres/5e226823-b533-4dee-b33f-568c1bc6ad5c
d92a4127-a8ad-48e4-a393-1e6d156a1e3e,"Pospisil, Leopold J.",Kapauku Papuans and their law,1958,204,Monograph,Kapauku,Oceania,Melanesia,intensive agriculturalists,,"428,429,685",https://ehrafworldcultures.yale.edu/sres/d92a4127-a8ad-48e4-a393-1e6d156a1e3e
a17bc644-110e-49fe-ac2b-b1b3b16cad2b,"Pospisil, Leopold J.",Kapauku Papuans and their law,1958,204,Monograph,Kapauku,Oceania,Melanesia,intensive agriculturalists,,"428,429,685",https://ehrafworldcultures.yale.edu/sres/a17bc644-110e-49fe-ac2b-b1b3b16cad2b
9190f1e3-2a9c-432e-bd5a-c3f8b6568eaf,"Pospisil, Leopold J.",Kapauku Papuans and their law,1958,204,Monograph,Kapauku,Oceania,Melanesia,intensive agriculturalists,,"428,429,685",https://ehrafworldcultures.yale.edu/sres/9190f1e3-2a9c-432e-bd5a-c3f8b6568eaf
4ae1e605-94c0-4bc5-9871-5e516bc583dd,"Pospisil, Leopold J.",Kapauku Papuans and their law,1958,204,Monograph,Kapauku,Oceania,Melanesia,intensive agriculturalists,,"428,429,685",https://ehrafworldcultures.yale.edu/sres/4ae1e605-94c0-4bc5-9871-5e516bc583dd
33044547-ffda-45e5-9d60-7c426d1129d3,"Pospisil, Leopold J.",Kapauku Papuans and their law,1958,204,Monograph,Kapauku,Oceania,Melanesia,intensive agriculturalists,,"428,429,685",https://ehrafworldcultures.yale.edu/sres/33044547-ffda-45e5-9d60-7c426d1129d3
a03cbfcd-3bd7-4daa-bb7d-60377337a853,"Pospisil, Leopold J.",Kapauku Papuans and their law,1958,204,Monograph,Kapauku,Oceania,Melanesia,intensive agriculturalists,,"428,429,685",https://ehrafworldcultures.yale.edu/sres/a03cbfcd-3bd7-4daa-bb7d-60377337a853
d45e8ff9-a719-4e96-912b-6010fbbcda74,"Pospisil, Leopold J.",Kapauku Papuans and their law,1958,204,Monograph,Kapauku,Oceania,Melanesia,intensive agriculturalists,,"428,429,685",https://ehrafworldcultures.yale.edu/sres/d45e8ff9-a719-4e96-912b-6010fbbcda74
ab0b4236-7b58-42a7-9e0d-d40e94ff84c5,"Pospisil, Leopold J.",Kapauku Papuans and their law,1958,204,Monograph,Kapauku,Oceania,Melanesia,intensive agriculturalists,,"428,429,685",https://ehrafworldcultures.yale.edu/sres/ab0b4236-7b58-42a7-9e0d-d40e94ff84c5
aa27cc9b-a9de-4db0-882f-601598eb8981,"Pospisil, Leopold J.",Kapauku Papuans and their law,1958,204,Monograph,Kapauku,Oceania,Melanesia,intensive agriculturalists,,"428,429,685",https://ehrafworldcultures.yale.edu/sres/aa27cc9b-a9de-4db0-882f-601598eb8981
cdbb76e3-e00d-40f5-86a3-0f1fab18c0b9,"Pospisil, Leopold J.",Kapauku Papuans and their law,1958,204,Monograph,Kapauku,Oceania,Melanesia,intensive agriculturalists,,"428,583,685",https://ehrafworldcultures.yale.edu/sres/cdbb76e3-e00d-40f5-86a3-0f1fab18c0b9
05909ecd-9e58-4c4d-83d7-8e380e310dc1,"Pospisil, Leopold J.",Kapauku Papuans and their law,1958,204,Monograph,Kapauku,Oceania,Melanesia,intensive agriculturalists,,"428,583,685",https://ehrafworldcultures.yale.edu/sres/05909ecd-9e58-4c4d-83d7-8e380e310dc1
bf8bad35-3ab6-4112-8472-32c6527c5662,"Pospisil, Leopold J.",Kapauku Papuans and their law,1958,205,Monograph,Kapauku,Oceania,Melanesia,intensive agriculturalists,,"428,685",https://ehrafworldcultures.yale.edu/sres/bf8bad35-3ab6-4112-8472-32c6527c5662
19708428-9ad4-4dd3-8dcd-275b1116d076,"Pospisil, Leopold J.",Kapauku Papuans and their law,1958,205,Monograph,Kapauku,Oceania,Melanesia,intensive agriculturalists,,"423,428,685",https://ehrafworldcultures.yale.edu/sres/19708428-9ad4-4dd3-8dcd-275b1116d076
e9ccf99a-664d-40c8-a03e-c461046ac9c0,"Pospisil, Leopold J.",Kapauku Papuans and their law,1958,205,Monograph,Kapauku,Oceania,Melanesia,intensive agriculturalists,,"423,428,685",https://ehrafworldcultures.yale.edu/sres/e9ccf99a-664d-40c8-a03e-c461046ac9c0
8cbd66a6-a061-4165-a901-65cd04128679,"Pospisil, Leopold J.",Kapauku Papuans and their law,1958,205,Monograph,Kapauku,Oceania,Melanesia,intensive agriculturalists,,"423,428,685",https://ehrafworldcultures.yale.edu/sres/8cbd66a6-a061-4165-a901-65cd04128679
a64581cc-952c-44a8-9723-16ce04f7e562,"Pospisil, Leopold J.",Kapauku Papuans and their law,1958,205,Monograph,Kapauku,Oceania,Melanesia,intensive agriculturalists,,"423,428,685",https://ehrafworldcultures.yale.edu/sres/a64581cc-952c-44a8-9723-16ce04f7e562
b2609ae8-8a9f-4768-be06-a629206b5a4f,"Pospisil, Leopold J.",Kapauku Papuans and their law,1958,206,Monograph,Kapauku,Oceania,Melanesia,intensive agriculturalists,,"423,428,685",https://ehrafworldcultures.yale.edu/sres/b2609ae8-8a9f-4768-be06-a629206b5a4f
0afff84b-3584-4839-8ffa-2a41380d55ff,"Pospisil, Leopold J.",Kapauku Papuans and their law,1958,206,Monograph,Kapauku,Oceania,Melanesia,intensive agriculturalists,,"423,428,685",https://ehrafworldcultures.yale.edu/sres/0afff84b-3584-4839-8ffa-2a41380d55ff
fcc9cc80-c6d4-4b57-a0a6-211cbf8acba3,"Pospisil, Leopold J.",Kapauku Papuans and their law,1958,206,Monograph,Kapauku,Oceania,Melanesia,intensive agriculturalists,,"428,685",https://ehrafworldcultures.yale.edu/sres/fcc9cc80-c6d4-4b57-a0a6-211cbf8acba3
b5d4b2bb-9983-449a-8104-99e42182834a,"Pospisil, Leopold J.",Kapauku Papuans and their law,1958,206,Monograph,Kapauku,Oceania,Melanesia,intensive agriculturalists,,"428,685",https://ehrafworldcultures.yale.edu/sres/b5d4b2bb-9983-449a-8104-99e42182834a
40e2cd13-ea11-4026-8870-c882e7a85229,"Pospisil, Leopold J.",Kapauku Papuans and their law,1958,206,Monograph,Kapauku,Oceania,Melanesia,intensive agriculturalists,,"428,685",https://ehrafworldcultures.yale.edu/sres/40e2cd13-ea11-4026-8870-c882e7a85229
3079cf62-3aca-4a9a-952f-c311c5498ab3,"Pospisil, Leopold J.",Kapauku Papuans and their law,1958,206,Monograph,Kapauku,Oceania,Melanesia,intensive agriculturalists,,"428,685",https://ehrafworldcultures.yale.edu/sres/3079cf62-3aca-4a9a-952f-c311c5498ab3
28d483f7-343a-4f93-b09c-0a4bde658886,"Pospisil, Leopold J.",Kapauku Papuans and their law,1958,206,Monograph,Kapauku,Oceania,Melanesia,intensive agriculturalists,,"428,685",https://ehrafworldcultures.yale.edu/sres/28d483f7-343a-4f93-b09c-0a4bde658886
32185cd8-11af-434e-89d3-8a9dbcbda059,"Pospisil, Leopold J.",Kapauku Papuans and their law,1958,207,Monograph,Kapauku,Oceania,Melanesia,intensive agriculturalists,,"428,685",https://ehrafworldcultures.yale.edu/sres/32185cd8-11af-434e-89d3-8a9dbcbda059
bc53ae5d-ccf1-4a99-8ce5-ca54d28a8640,"Pospisil, Leopold J.",Kapauku Papuans and their law,1958,207,Monograph,Kapauku,Oceania,Melanesia,intensive agriculturalists,,"428,685",https://ehrafworldcultures.yale.edu/sres/bc53ae5d-ccf1-4a99-8ce5-ca54d28a8640
090052da-f345-4df8-9d82-95912c3c4481,"Pospisil, Leopold J.",Kapauku Papuans and their law,1958,207,Monograph,Kapauku,Oceania,Melanesia,intensive agriculturalists,,"428,685",https://ehrafworldcultures.yale.edu/sres/090052da-f345-4df8-9d82-95912c3c4481
7b473daa-5537-458a-b2a0-fccd1f740a57,"Pospisil, Leopold J.",Kapauku Papuans and their law,1958,207,Monograph,Kapauku,Oceania,Melanesia,intensive agriculturalists,,"428,685",https://ehrafworldcultures.yale.edu/sres/7b473daa-5537-458a-b2a0-fccd1f740a57
a700321a-c779-4c56-9bcc-299d92e8939d,"Pospisil, Leopold J.",Kapauku Papuans and their law,1958,207,Monograph,Kapauku,Oceania,Melanesia,intensive agriculturalists,,"428,685",https://ehrafworldcultures.yale.edu/sres/a700321a-c779-4c56-9bcc-299d92e8939d
f905e85e-2244-4361-8f47-0bf79296f370,"Pospisil, Leopold J.",Kapauku Papuans and their law,1958,207,Monograph,Kapauku,Oceania,Melanesia,intensive agriculturalists,,"428,685",https://ehrafworldcultures.yale.edu/sres/f905e85e-2244-4361-8f47-0bf79296f370
a7f669f6-71dd-4970-bb34-3cdae997e554,"Pospisil, Leopold J.",Kapauku Papuans and their law,1958,207,Monograph,Kapauku,Oceania,Melanesia,intensive agriculturalists,,"428,685",https://ehrafworldcultures.yale.edu/sres/a7f669f6-71dd-4970-bb34-3cdae997e554
6c4acccb-0fee-4b88-a817-dbfc2e49cc5e,"Pospisil, Leopold J.",Kapauku Papuans and their law,1958,207,Monograph,Kapauku,Oceania,Melanesia,intensive agriculturalists,,"428,685",https://ehrafworldcultures.yale.edu/sres/6c4acccb-0fee-4b88-a817-dbfc2e49cc5e
48162f66-d900-45de-b0c4-20c093e0e867,"Pospisil, Leopold J.",Kapauku Papuans and their law,1958,207,Monograph,Kapauku,Oceania,Melanesia,intensive agriculturalists,,"428,685",https://ehrafworldcultures.yale.edu/sres/48162f66-d900-45de-b0c4-20c093e0e867
aa377015-0c07-4f4e-b838-72cc9301d33b,"Pospisil, Leopold J.",Kapauku Papuans and their law,1958,207,Monograph,Kapauku,Oceania,Melanesia,intensive agriculturalists,,"428,685",https://ehrafworldcultures.yale.edu/sres/aa377015-0c07-4f4e-b838-72cc9301d33b
c8eab9a0-02e5-4309-9609-07152f16dbc2,"Pospisil, Leopold J.",Kapauku Papuans and their law,1958,207,Monograph,Kapauku,Oceania,Melanesia,intensive agriculturalists,,"428,685",https://ehrafworldcultures.yale.edu/sres/c8eab9a0-02e5-4309-9609-07152f16dbc2
62b6b55e-cec8-4bc6-bfed-5df4ddb9e7fa,"Pospisil, Leopold J.",Kapauku Papuans and their law,1958,208,Monograph,Kapauku,Oceania,Melanesia,intensive agriculturalists,,"428,685",https://ehrafworldcultures.yale.edu/sres/62b6b55e-cec8-4bc6-bfed-5df4ddb9e7fa
c3a06ba3-f342-4a1c-83cb-ab69594fc673,"Pospisil, Leopold J.",Kapauku Papuans and their law,1958,208,Monograph,Kapauku,Oceania,Melanesia,intensive agriculturalists,,"428,685",https://ehrafworldcultures.yale.edu/sres/c3a06ba3-f342-4a1c-83cb-ab69594fc673
4fb78f2b-2d95-4e9e-87a8-300bca5724fa,"Pospisil, Leopold J.",Kapauku Papuans and their law,1958,208,Monograph,Kapauku,Oceania,Melanesia,intensive agriculturalists,,"428,685",https://ehrafworldcultures.yale.edu/sres/4fb78f2b-2d95-4e9e-87a8-300bca5724fa
8657924b-bc55-452e-a316-7d8f00a68266,"Pospisil, Leopold J.",Kapauku Papuans and their law,1958,208,Monograph,Kapauku,Oceania,Melanesia,intensive agriculturalists,,"428,685",https://ehrafworldcultures.yale.edu/sres/8657924b-bc55-452e-a316-7d8f00a68266
c92f3b9c-0c11-4d56-9a30-23498d8e328c,"Pospisil, Leopold J.",Kapauku Papuans and their law,1958,208,Monograph,Kapauku,Oceania,Melanesia,intensive agriculturalists,,"428,685",https://ehrafworldcultures.yale.edu/sres/c92f3b9c-0c11-4d56-9a30-23498d8e328c
29e288ba-cadb-4845-a479-cc0dd820bee4,"Pospisil, Leopold J.",Kapauku Papuans and their law,1958,208,Monograph,Kapauku,Oceania,Melanesia,intensive agriculturalists,,"675,686",https://ehrafworldcultures.yale.edu/sres/29e288ba-cadb-4845-a479-cc0dd820bee4
8a4523ab-548a-46d8-93a6-57e7518743e0,"Pospisil, Leopold J.",Kapauku Papuans and their law,1958,208,Monograph,Kapauku,Oceania,Melanesia,intensive agriculturalists,,"675,686",https://ehrafworldcultures.yale.edu/sres/8a4523ab-548a-46d8-93a6-57e7518743e0
1bedb0a4-9153-41d8-b0d8-ae625484b559,"Pospisil, Leopold J.",Kapauku Papuans and their law,1958,208,Monograph,Kapauku,Oceania,Melanesia,intensive agriculturalists,,"675,686",https://ehrafworldcultures.yale.edu/sres/1bedb0a4-9153-41d8-b0d8-ae625484b559
618c2c62-cf13-4764-959a-9a25d7689db8,"Pospisil, Leopold J.",Kapauku Papuans and their law,1958,209,Monograph,Kapauku,Oceania,Melanesia,intensive agriculturalists,,"425,432,686",https://ehrafworldcultures.yale.edu/sres/618c2c62-cf13-4764-959a-9a25d7689db8
33dae25c-f2a2-4b48-a9ac-cd18d486e11c,"Pospisil, Leopold J.",Kapauku Papuans and their law,1958,209,Monograph,Kapauku,Oceania,Melanesia,intensive agriculturalists,,"425,432,686",https://ehrafworldcultures.yale.edu/sres/33dae25c-f2a2-4b48-a9ac-cd18d486e11c
61747b4d-bb9e-407a-b3e0-769a25fdded5,"Pospisil, Leopold J.",Kapauku Papuans and their law,1958,209,Monograph,Kapauku,Oceania,Melanesia,intensive agriculturalists,,"425,432,686",https://ehrafworldcultures.yale.edu/sres/61747b4d-bb9e-407a-b3e0-769a25fdded5
4c13fec7-48d5-48a8-a664-4fef17dcee75,"Pospisil, Leopold J.",Kapauku Papuans and their law,1958,209,Monograph,Kapauku,Oceania,Melanesia,intensive agriculturalists,,"425,432,686",https://ehrafworldcultures.yale.edu/sres/4c13fec7-48d5-48a8-a664-4fef17dcee75
9d36ae9f-e773-4b80-af4e-595daefb3c5d,"Pospisil, Leopold J.",Kapauku Papuans and their law,1958,209,Monograph,Kapauku,Oceania,Melanesia,intensive agriculturalists,,"425,432,686",https://ehrafworldcultures.yale.edu/sres/9d36ae9f-e773-4b80-af4e-595daefb3c5d
69641f4d-27d3-4fbd-8a37-add635009591,"Pospisil, Leopold J.",Kapauku Papuans and their law,1958,210,Monograph,Kapauku,Oceania,Melanesia,intensive agriculturalists,,"425,432,686",https://ehrafworldcultures.yale.edu/sres/69641f4d-27d3-4fbd-8a37-add635009591
523fa2b2-b3e2-421f-8eae-f3da9a4526a7,"Pospisil, Leopold J.",Kapauku Papuans and their law,1958,210,Monograph,Kapauku,Oceania,Melanesia,intensive agriculturalists,,"425,432,686",https://ehrafworldcultures.yale.edu/sres/523fa2b2-b3e2-421f-8eae-f3da9a4526a7
df591bd8-8795-4743-93b6-327c628611a4,"Pospisil, Leopold J.",Kapauku Papuans and their law,1958,210,Monograph,Kapauku,Oceania,Melanesia,intensive agriculturalists,,"425,432,686",https://ehrafworldcultures.yale.edu/sres/df591bd8-8795-4743-93b6-327c628611a4
e5d0833d-78a0-44e3-9d22-281ae3740b52,"Pospisil, Leopold J.",Kapauku Papuans and their law,1958,210,Monograph,Kapauku,Oceania,Melanesia,intensive agriculturalists,,"425,432,686",https://ehrafworldcultures.yale.edu/sres/e5d0833d-78a0-44e3-9d22-281ae3740b52
963c247c-fb60-4bc2-8082-5b1cf25824ef,"Pospisil, Leopold J.",Kapauku Papuans and their law,1958,210,Monograph,Kapauku,Oceania,Melanesia,intensive agriculturalists,,"425,432,686",https://ehrafworldcultures.yale.edu/sres/963c247c-fb60-4bc2-8082-5b1cf25824ef
d463b560-f81b-4bd9-834c-31dd4540c74c,"Pospisil, Leopold J.",Kapauku Papuans and their law,1958,210,Monograph,Kapauku,Oceania,Melanesia,intensive agriculturalists,,"425,432,686",https://ehrafworldcultures.yale.edu/sres/d463b560-f81b-4bd9-834c-31dd4540c74c
fa9940b8-2fd3-416e-ba83-95ee3aa8f6b6,"Pospisil, Leopold J.",Kapauku Papuans and their law,1958,210,Monograph,Kapauku,Oceania,Melanesia,intensive agriculturalists,,"425,432,686",https://ehrafworldcultures.yale.edu/sres/fa9940b8-2fd3-416e-ba83-95ee3aa8f6b6
ddd26142-d18a-4015-9133-4aaec145b1c2,"Pospisil, Leopold J.",Kapauku Papuans and their law,1958,210,Monograph,Kapauku,Oceania,Melanesia,intensive agriculturalists,,"425,432,686",https://ehrafworldcultures.yale.edu/sres/ddd26142-d18a-4015-9133-4aaec145b1c2
eca4d1f5-2d88-432b-a9ac-1e971b3ad590,"Pospisil, Leopold J.",Kapauku Papuans and their law,1958,210,Monograph,Kapauku,Oceania,Melanesia,intensive agriculturalists,,"425,432,686",https://ehrafworldcultures.yale.edu/sres/eca4d1f5-2d88-432b-a9ac-1e971b3ad590
58160cc3-11b1-41fb-8dd8-7ad8fb5f369e,"Pospisil, Leopold J.",Kapauku Papuans and their law,1958,210,Monograph,Kapauku,Oceania,Melanesia,intensive agriculturalists,,"425,432,686",https://ehrafworldcultures.yale.edu/sres/58160cc3-11b1-41fb-8dd8-7ad8fb5f369e
81250756-6878-4c2b-a09d-1e301d483450,"Pospisil, Leopold J.",Kapauku Papuans and their law,1958,210,Monograph,Kapauku,Oceania,Melanesia,intensive agriculturalists,,"425,432,686",https://ehrafworldcultures.yale.edu/sres/81250756-6878-4c2b-a09d-1e301d483450
3d013282-476d-4ffc-8d8d-00c07a5cf4f0,"Pospisil, Leopold J.",Kapauku Papuans and their law,1958,210,Monograph,Kapauku,Oceania,Melanesia,intensive agriculturalists,,"425,432,686",https://ehrafworldcultures.yale.edu/sres/3d013282-476d-4ffc-8d8d-00c07a5cf4f0
f2c71bc9-a557-447f-9e5c-71920d24976b,"Pospisil, Leopold J.",Kapauku Papuans and their law,1958,210,Monograph,Kapauku,Oceania,Melanesia,intensive agriculturalists,,"425,432,686",https://ehrafworldcultures.yale.edu/sres/f2c71bc9-a557-447f-9e5c-71920d24976b
7854ed04-1fc5-4824-bf04-1ed32f259534,"Pospisil, Leopold J.",Kapauku Papuans and their law,1958,210,Monograph,Kapauku,Oceania,Melanesia,intensive agriculturalists,,"425,432,686",https://ehrafworldcultures.yale.edu/sres/7854ed04-1fc5-4824-bf04-1ed32f259534
2a05b002-ce32-4e29-9972-982c8a1693c5,"Pospisil, Leopold J.",Kapauku Papuans and their law,1958,211,Monograph,Kapauku,Oceania,Melanesia,intensive agriculturalists,,"425,432,686",https://ehrafworldcultures.yale.edu/sres/2a05b002-ce32-4e29-9972-982c8a1693c5
4c0542e3-48f7-462d-bad3-e3498867add7,"Pospisil, Leopold J.",Kapauku Papuans and their law,1958,211,Monograph,Kapauku,Oceania,Melanesia,intensive agriculturalists,,"425,432,686",https://ehrafworldcultures.yale.edu/sres/4c0542e3-48f7-462d-bad3-e3498867add7
ffacbb3b-e821-4a05-bc7c-93c56196f268,"Pospisil, Leopold J.",Kapauku Papuans and their law,1958,211,Monograph,Kapauku,Oceania,Melanesia,intensive agriculturalists,,"425,432,686",https://ehrafworldcultures.yale.edu/sres/ffacbb3b-e821-4a05-bc7c-93c56196f268
7f0f582b-79a7-46de-a2cd-316c5012514e,"Pospisil, Leopold J.",Kapauku Papuans and their law,1958,211,Monograph,Kapauku,Oceania,Melanesia,intensive agriculturalists,,"425,432,686",https://ehrafworldcultures.yale.edu/sres/7f0f582b-79a7-46de-a2cd-316c5012514e
27655b25-7624-4424-99cd-13c95521cff3,"Pospisil, Leopold J.",Kapauku Papuans and their law,1958,211,Monograph,Kapauku,Oceania,Melanesia,intensive agriculturalists,,"425,432,686",https://ehrafworldcultures.yale.edu/sres/27655b25-7624-4424-99cd-13c95521cff3
ad3e4b59-478a-4dad-b8f3-a6429bbdf366,"Pospisil, Leopold J.",Kapauku Papuans and their law,1958,211,Monograph,Kapauku,Oceania,Melanesia,intensive agriculturalists,,"425,432,686",https://ehrafworldcultures.yale.edu/sres/ad3e4b59-478a-4dad-b8f3-a6429bbdf366
0d72b69d-95f9-4ff8-986f-12d8de6528fd,"Pospisil, Leopold J.",Kapauku Papuans and their law,1958,211,Monograph,Kapauku,Oceania,Melanesia,intensive agriculturalists,,"425,432,686",https://ehrafworldcultures.yale.edu/sres/0d72b69d-95f9-4ff8-986f-12d8de6528fd
e040b3a4-e332-4c9c-a7e7-8523fdeb0b9d,"Pospisil, Leopold J.",Kapauku Papuans and their law,1958,211,Monograph,Kapauku,Oceania,Melanesia,intensive agriculturalists,,"425,432,686",https://ehrafworldcultures.yale.edu/sres/e040b3a4-e332-4c9c-a7e7-8523fdeb0b9d
ddf70870-0e5b-4588-bcc5-72f9065d676c,"Pospisil, Leopold J.",Kapauku Papuans and their law,1958,211,Monograph,Kapauku,Oceania,Melanesia,intensive agriculturalists,,"425,432,686",https://ehrafworldcultures.yale.edu/sres/ddf70870-0e5b-4588-bcc5-72f9065d676c
054c60b9-3114-4620-b172-ab514bf7b82f,"Pospisil, Leopold J.",Kapauku Papuans and their law,1958,211,Monograph,Kapauku,Oceania,Melanesia,intensive agriculturalists,,"425,432,686",https://ehrafworldcultures.yale.edu/sres/054c60b9-3114-4620-b172-ab514bf7b82f
89144e17-1dc7-4d95-959b-fe95a642da22,"Pospisil, Leopold J.",Kapauku Papuans and their law,1958,211,Monograph,Kapauku,Oceania,Melanesia,intensive agriculturalists,,"425,432,686",https://ehrafworldcultures.yale.edu/sres/89144e17-1dc7-4d95-959b-fe95a642da22
df53da5c-d9cc-4f2e-9fa6-0d772b89cdb9,"Pospisil, Leopold J.",Kapauku Papuans and their law,1958,211,Monograph,Kapauku,Oceania,Melanesia,intensive agriculturalists,,"425,432,686",https://ehrafworldcultures.yale.edu/sres/df53da5c-d9cc-4f2e-9fa6-0d772b89cdb9
4fed9a32-97c0-4987-9155-b383a91133d8,"Pospisil, Leopold J.",Kapauku Papuans and their law,1958,211,Monograph,Kapauku,Oceania,Melanesia,intensive agriculturalists,,"425,432,686",https://ehrafworldcultures.yale.edu/sres/4fed9a32-97c0-4987-9155-b383a91133d8
359f0a34-bc50-4a82-bacd-efa668217393,"Pospisil, Leopold J.",Kapauku Papuans and their law,1958,211,Monograph,Kapauku,Oceania,Melanesia,intensive agriculturalists,,"425,432,686",https://ehrafworldcultures.yale.edu/sres/359f0a34-bc50-4a82-bacd-efa668217393
afb66e37-b502-477f-af89-96ccef264d6e,"Pospisil, Leopold J.",Kapauku Papuans and their law,1958,211,Monograph,Kapauku,Oceania,Melanesia,intensive agriculturalists,,"425,432,686",https://ehrafworldcultures.yale.edu/sres/afb66e37-b502-477f-af89-96ccef264d6e
31c9d6dd-4f66-437c-9ecb-25325c73fd7c,"Pospisil, Leopold J.",Kapauku Papuans and their law,1958,212,Monograph,Kapauku,Oceania,Melanesia,intensive agriculturalists,,"425,432,686",https://ehrafworldcultures.yale.edu/sres/31c9d6dd-4f66-437c-9ecb-25325c73fd7c
904edc8b-ba50-4dfc-be73-8f9e2c8eeb35,"Pospisil, Leopold J.",Kapauku Papuans and their law,1958,212,Monograph,Kapauku,Oceania,Melanesia,intensive agriculturalists,,"425,432,686",https://ehrafworldcultures.yale.edu/sres/904edc8b-ba50-4dfc-be73-8f9e2c8eeb35
c27527c5-f66e-4b05-85f8-ccdd47624558,"Pospisil, Leopold J.",Kapauku Papuans and their law,1958,212,Monograph,Kapauku,Oceania,Melanesia,intensive agriculturalists,,"425,432,686",https://ehrafworldcultures.yale.edu/sres/c27527c5-f66e-4b05-85f8-ccdd47624558
666b2291-ecb4-410a-821c-1511fea20ce5,"Pospisil, Leopold J.",Kapauku Papuans and their law,1958,212,Monograph,Kapauku,Oceania,Melanesia,intensive agriculturalists,,"425,432,686",https://ehrafworldcultures.yale.edu/sres/666b2291-ecb4-410a-821c-1511fea20ce5
0ba28d58-6ea8-4acc-ac8d-f81eba02a302,"Pospisil, Leopold J.",Kapauku Papuans and their law,1958,212,Monograph,Kapauku,Oceania,Melanesia,intensive agriculturalists,,"425,432,686",https://ehrafworldcultures.yale.edu/sres/0ba28d58-6ea8-4acc-ac8d-f81eba02a302
3bade219-4fad-4dfb-8e39-3af2b1c37c78,"Pospisil, Leopold J.",Kapauku Papuans and their law,1958,212,Monograph,Kapauku,Oceania,Melanesia,intensive agriculturalists,,"425,432,686",https://ehrafworldcultures.yale.edu/sres/3bade219-4fad-4dfb-8e39-3af2b1c37c78
6ab29eb3-6d1b-4487-86db-64f4153662af,"Pospisil, Leopold J.",Kapauku Papuans and their law,1958,212,Monograph,Kapauku,Oceania,Melanesia,intensive agriculturalists,,"425,432,686",https://ehrafworldcultures.yale.edu/sres/6ab29eb3-6d1b-4487-86db-64f4153662af
5fe5e146-7632-4222-bce2-35bdcb12d6d5,"Pospisil, Leopold J.",Kapauku Papuans and their law,1958,212,Monograph,Kapauku,Oceania,Melanesia,intensive agriculturalists,,"425,432,686",https://ehrafworldcultures.yale.edu/sres/5fe5e146-7632-4222-bce2-35bdcb12d6d5
6a210e9e-8d94-46ad-b354-12cd1b227cae,"Pospisil, Leopold J.",Kapauku Papuans and their law,1958,212,Monograph,Kapauku,Oceania,Melanesia,intensive agriculturalists,,"425,432,686",https://ehrafworldcultures.yale.edu/sres/6a210e9e-8d94-46ad-b354-12cd1b227cae
be31ba80-2cc7-4043-a4a3-69d3dc7fdfff,"Pospisil, Leopold J.",Kapauku Papuans and their law,1958,212,Monograph,Kapauku,Oceania,Melanesia,intensive agriculturalists,,"425,432,686",https://ehrafworldcultures.yale.edu/sres/be31ba80-2cc7-4043-a4a3-69d3dc7fdfff
b93fab45-2c3e-4ead-b6a5-a31f0c384335,"Pospisil, Leopold J.",Kapauku Papuans and their law,1958,212,Monograph,Kapauku,Oceania,Melanesia,intensive agriculturalists,,"425,432,686",https://ehrafworldcultures.yale.edu/sres/b93fab45-2c3e-4ead-b6a5-a31f0c384335
8583832e-0777-4706-bd7b-7d8f18772474,"Pospisil, Leopold J.",Kapauku Papuans and their law,1958,212,Monograph,Kapauku,Oceania,Melanesia,intensive agriculturalists,,"425,432,686",https://ehrafworldcultures.yale.edu/sres/8583832e-0777-4706-bd7b-7d8f18772474
9fa53dd2-0db2-480b-957f-9d62ac48c5c5,"Pospisil, Leopold J.",Kapauku Papuans and their law,1958,212,Monograph,Kapauku,Oceania,Melanesia,intensive agriculturalists,,"425,432,686",https://ehrafworldcultures.yale.edu/sres/9fa53dd2-0db2-480b-957f-9d62ac48c5c5
260a083b-8e04-457e-b57f-954baa473a2c,"Pospisil, Leopold J.",Kapauku Papuans and their law,1958,212,Monograph,Kapauku,Oceania,Melanesia,intensive agriculturalists,,"425,432,686",https://ehrafworldcultures.yale.edu/sres/260a083b-8e04-457e-b57f-954baa473a2c
bc8314d0-3a43-4011-988d-73637644a0d9,"Pospisil, Leopold J.",Kapauku Papuans and their law,1958,213,Monograph,Kapauku,Oceania,Melanesia,intensive agriculturalists,,"425,432,686",https://ehrafworldcultures.yale.edu/sres/bc8314d0-3a43-4011-988d-73637644a0d9
0d21deec-cfdb-46fd-9c97-b7804c1d6f56,"Pospisil, Leopold J.",Kapauku Papuans and their law,1958,213,Monograph,Kapauku,Oceania,Melanesia,intensive agriculturalists,,"425,432,686",https://ehrafworldcultures.yale.edu/sres/0d21deec-cfdb-46fd-9c97-b7804c1d6f56
5068f428-24ff-47f4-a603-c0fcde5eb7c5,"Pospisil, Leopold J.",Kapauku Papuans and their law,1958,213,Monograph,Kapauku,Oceania,Melanesia,intensive agriculturalists,,"425,432,686",https://ehrafworldcultures.yale.edu/sres/5068f428-24ff-47f4-a603-c0fcde5eb7c5
ec21dad5-53ae-4eeb-bd7b-c2b32e920aef,"Pospisil, Leopold J.",Kapauku Papuans and their law,1958,213,Monograph,Kapauku,Oceania,Melanesia,intensive agriculturalists,,"425,432,686",https://ehrafworldcultures.yale.edu/sres/ec21dad5-53ae-4eeb-bd7b-c2b32e920aef
1d841eef-c5eb-41bd-bfb2-3a1e18a61767,"Pospisil, Leopold J.",Kapauku Papuans and their law,1958,213,Monograph,Kapauku,Oceania,Melanesia,intensive agriculturalists,,"425,432,686",https://ehrafworldcultures.yale.edu/sres/1d841eef-c5eb-41bd-bfb2-3a1e18a61767
837a477a-8f7f-4235-b196-4fb4395eebb2,"Pospisil, Leopold J.",Kapauku Papuans and their law,1958,213,Monograph,Kapauku,Oceania,Melanesia,intensive agriculturalists,,"425,432,686",https://ehrafworldcultures.yale.edu/sres/837a477a-8f7f-4235-b196-4fb4395eebb2
3f54a836-3843-41c5-98da-9d7e6ba04c39,"Pospisil, Leopold J.",Kapauku Papuans and their law,1958,213,Monograph,Kapauku,Oceania,Melanesia,intensive agriculturalists,,"425,432,686",https://ehrafworldcultures.yale.edu/sres/3f54a836-3843-41c5-98da-9d7e6ba04c39
84fd06c9-22a3-46ab-a62a-9e4b68da33a8,"Pospisil, Leopold J.",Kapauku Papuans and their law,1958,213,Monograph,Kapauku,Oceania,Melanesia,intensive agriculturalists,,"425,432,686",https://ehrafworldcultures.yale.edu/sres/84fd06c9-22a3-46ab-a62a-9e4b68da33a8
fd0fb62c-a63b-4f69-84b0-270e7315c61a,"Pospisil, Leopold J.",Kapauku Papuans and their law,1958,213,Monograph,Kapauku,Oceania,Melanesia,intensive agriculturalists,,"425,432,686",https://ehrafworldcultures.yale.edu/sres/fd0fb62c-a63b-4f69-84b0-270e7315c61a
02ecaa16-5fd4-457d-a950-a40fb33b502a,"Pospisil, Leopold J.",Kapauku Papuans and their law,1958,213,Monograph,Kapauku,Oceania,Melanesia,intensive agriculturalists,,"425,432,686",https://ehrafworldcultures.yale.edu/sres/02ecaa16-5fd4-457d-a950-a40fb33b502a
23fd3d66-204f-4e84-ba6b-f97fd76201e5,"Pospisil, Leopold J.",Kapauku Papuans and their law,1958,213,Monograph,Kapauku,Oceania,Melanesia,intensive agriculturalists,,"425,432,686",https://ehrafworldcultures.yale.edu/sres/23fd3d66-204f-4e84-ba6b-f97fd76201e5
c8a67358-1119-46af-a76a-3678f3dbead5,"Pospisil, Leopold J.",Kapauku Papuans and their law,1958,213,Monograph,Kapauku,Oceania,Melanesia,intensive agriculturalists,,"425,432,686",https://ehrafworldcultures.yale.edu/sres/c8a67358-1119-46af-a76a-3678f3dbead5
e1ca9f02-0f02-4378-b4ea-0f4f4ee20a75,"Pospisil, Leopold J.",Kapauku Papuans and their law,1958,213,Monograph,Kapauku,Oceania,Melanesia,intensive agriculturalists,,"425,432,686",https://ehrafworldcultures.yale.edu/sres/e1ca9f02-0f02-4378-b4ea-0f4f4ee20a75
4c730d2b-8c02-4462-be60-ceb56e5adce1,"Pospisil, Leopold J.",Kapauku Papuans and their law,1958,213,Monograph,Kapauku,Oceania,Melanesia,intensive agriculturalists,,"425,432,686",https://ehrafworldcultures.yale.edu/sres/4c730d2b-8c02-4462-be60-ceb56e5adce1
40b27f00-b5bd-4e58-b886-66678cd8d503,"Pospisil, Leopold J.",Kapauku Papuans and their law,1958,214,Monograph,Kapauku,Oceania,Melanesia,intensive agriculturalists,,"425,432,686",https://ehrafworldcultures.yale.edu/sres/40b27f00-b5bd-4e58-b886-66678cd8d503
5967005b-187f-45a0-bf1b-c1c53d6d53bc,"Pospisil, Leopold J.",Kapauku Papuans and their law,1958,214,Monograph,Kapauku,Oceania,Melanesia,intensive agriculturalists,,"425,432,686",https://ehrafworldcultures.yale.edu/sres/5967005b-187f-45a0-bf1b-c1c53d6d53bc
4952911a-3760-4f69-b407-a3ff492b845e,"Pospisil, Leopold J.",Kapauku Papuans and their law,1958,214,Monograph,Kapauku,Oceania,Melanesia,intensive agriculturalists,,"425,432,686",https://ehrafworldcultures.yale.edu/sres/4952911a-3760-4f69-b407-a3ff492b845e
3d37dedd-e7c3-4c01-8973-178ed14d06f9,"Pospisil, Leopold J.",Kapauku Papuans and their law,1958,214,Monograph,Kapauku,Oceania,Melanesia,intensive agriculturalists,,"425,432,686",https://ehrafworldcultures.yale.edu/sres/3d37dedd-e7c3-4c01-8973-178ed14d06f9
c812c3cc-074c-4407-9f28-69e170977bbf,"Pospisil, Leopold J.",Kapauku Papuans and their law,1958,214,Monograph,Kapauku,Oceania,Melanesia,intensive agriculturalists,,"425,432,686",https://ehrafworldcultures.yale.edu/sres/c812c3cc-074c-4407-9f28-69e170977bbf
5af351e9-691f-4097-a2f6-dc7ab863d7ae,"Pospisil, Leopold J.",Kapauku Papuans and their law,1958,214,Monograph,Kapauku,Oceania,Melanesia,intensive agriculturalists,,"425,432,686",https://ehrafworldcultures.yale.edu/sres/5af351e9-691f-4097-a2f6-dc7ab863d7ae
886e4fa6-f5c7-422b-84a7-4fc8e5b7f2e1,"Pospisil, Leopold J.",Kapauku Papuans and their law,1958,214,Monograph,Kapauku,Oceania,Melanesia,intensive agriculturalists,,"425,432,686",https://ehrafworldcultures.yale.edu/sres/886e4fa6-f5c7-422b-84a7-4fc8e5b7f2e1
728cd805-374c-46a7-838b-6795b22d6833,"Pospisil, Leopold J.",Kapauku Papuans and their law,1958,214,Monograph,Kapauku,Oceania,Melanesia,intensive agriculturalists,,"425,432,686",https://ehrafworldcultures.yale.edu/sres/728cd805-374c-46a7-838b-6795b22d6833
d7d28acf-5967-47ff-8046-98887c6be16c,"Pospisil, Leopold J.",Kapauku Papuans and their law,1958,214,Monograph,Kapauku,Oceania,Melanesia,intensive agriculturalists,,"425,432,686",https://ehrafworldcultures.yale.edu/sres/d7d28acf-5967-47ff-8046-98887c6be16c
49aea670-1085-416e-afed-6aaec4bfebb4,"Pospisil, Leopold J.",Kapauku Papuans and their law,1958,214,Monograph,Kapauku,Oceania,Melanesia,intensive agriculturalists,,"425,432,686",https://ehrafworldcultures.yale.edu/sres/49aea670-1085-416e-afed-6aaec4bfebb4
bfa2d9d9-cd43-4a94-8c57-da29bd163213,"Pospisil, Leopold J.",Kapauku Papuans and their law,1958,214,Monograph,Kapauku,Oceania,Melanesia,intensive agriculturalists,,"425,432,686",https://ehrafworldcultures.yale.edu/sres/bfa2d9d9-cd43-4a94-8c57-da29bd163213
bfc48108-6e1e-49af-9619-4e1d7009a91e,"Pospisil, Leopold J.",Kapauku Papuans and their law,1958,214,Monograph,Kapauku,Oceania,Melanesia,intensive agriculturalists,,"425,432,686",https://ehrafworldcultures.yale.edu/sres/bfc48108-6e1e-49af-9619-4e1d7009a91e
34da8712-329f-43c5-85cf-088b0bf2e518,"Pospisil, Leopold J.",Kapauku Papuans and their law,1958,214,Monograph,Kapauku,Oceania,Melanesia,intensive agriculturalists,,"425,432,686",https://ehrafworldcultures.yale.edu/sres/34da8712-329f-43c5-85cf-088b0bf2e518
daf18f2d-51fa-4e14-a2ff-c05e28c881c8,"Pospisil, Leopold J.",Kapauku Papuans and their law,1958,214,Monograph,Kapauku,Oceania,Melanesia,intensive agriculturalists,,"425,432,686",https://ehrafworldcultures.yale.edu/sres/daf18f2d-51fa-4e14-a2ff-c05e28c881c8
fc977a48-f7fa-4dfb-8d9b-7a459a67baed,"Pospisil, Leopold J.",Kapauku Papuans and their law,1958,214,Monograph,Kapauku,Oceania,Melanesia,intensive agriculturalists,,"425,432,686",https://ehrafworldcultures.yale.edu/sres/fc977a48-f7fa-4dfb-8d9b-7a459a67baed
32c6b973-4d8a-4458-8826-aba453d67ab3,"Pospisil, Leopold J.",Kapauku Papuans and their law,1958,215,Monograph,Kapauku,Oceania,Melanesia,intensive agriculturalists,,"425,432,686",https://ehrafworldcultures.yale.edu/sres/32c6b973-4d8a-4458-8826-aba453d67ab3
9d6366b6-d085-45ee-a6fb-bc31d1ab0e48,"Pospisil, Leopold J.",Kapauku Papuans and their law,1958,215,Monograph,Kapauku,Oceania,Melanesia,intensive agriculturalists,,"425,432,686",https://ehrafworldcultures.yale.edu/sres/9d6366b6-d085-45ee-a6fb-bc31d1ab0e48
30c6f01f-3c5d-4758-976b-3240fed500da,"Pospisil, Leopold J.",Kapauku Papuans and their law,1958,215,Monograph,Kapauku,Oceania,Melanesia,intensive agriculturalists,,"425,432,686",https://ehrafworldcultures.yale.edu/sres/30c6f01f-3c5d-4758-976b-3240fed500da
42654e9d-a65f-46e8-8ab7-8c3a777ae282,"Pospisil, Leopold J.",Kapauku Papuans and their law,1958,215,Monograph,Kapauku,Oceania,Melanesia,intensive agriculturalists,,"425,432,686",https://ehrafworldcultures.yale.edu/sres/42654e9d-a65f-46e8-8ab7-8c3a777ae282
0a7516b4-3826-44e6-88ba-a92f6ee23e4b,"Pospisil, Leopold J.",Kapauku Papuans and their law,1958,215,Monograph,Kapauku,Oceania,Melanesia,intensive agriculturalists,,"425,432,686",https://ehrafworldcultures.yale.edu/sres/0a7516b4-3826-44e6-88ba-a92f6ee23e4b
8ddbb33d-5210-43b1-911b-1a35a8b7ff07,"Pospisil, Leopold J.",Kapauku Papuans and their law,1958,215,Monograph,Kapauku,Oceania,Melanesia,intensive agriculturalists,,"425,432,686",https://ehrafworldcultures.yale.edu/sres/8ddbb33d-5210-43b1-911b-1a35a8b7ff07
89ea1f97-0c4b-44c0-8490-9fb7869e0c8b,"Pospisil, Leopold J.",Kapauku Papuans and their law,1958,215,Monograph,Kapauku,Oceania,Melanesia,intensive agriculturalists,,"425,432,686",https://ehrafworldcultures.yale.edu/sres/89ea1f97-0c4b-44c0-8490-9fb7869e0c8b
0acc185c-eefb-4e6c-87d7-526f20793a89,"Pospisil, Leopold J.",Kapauku Papuans and their law,1958,215,Monograph,Kapauku,Oceania,Melanesia,intensive agriculturalists,,"425,432,686",https://ehrafworldcultures.yale.edu/sres/0acc185c-eefb-4e6c-87d7-526f20793a89
3d3db995-776c-419d-907e-813f768fdf84,"Pospisil, Leopold J.",Kapauku Papuans and their law,1958,215,Monograph,Kapauku,Oceania,Melanesia,intensive agriculturalists,,"425,432,686",https://ehrafworldcultures.yale.edu/sres/3d3db995-776c-419d-907e-813f768fdf84
e857108b-6ce5-4a5e-af6d-488b527ac848,"Pospisil, Leopold J.",Kapauku Papuans and their law,1958,215,Monograph,Kapauku,Oceania,Melanesia,intensive agriculturalists,,"425,432,686",https://ehrafworldcultures.yale.edu/sres/e857108b-6ce5-4a5e-af6d-488b527ac848
ac1333ba-4c20-4021-a0f7-b7d4d7fcc5c3,"Pospisil, Leopold J.",Kapauku Papuans and their law,1958,215,Monograph,Kapauku,Oceania,Melanesia,intensive agriculturalists,,"425,432,686",https://ehrafworldcultures.yale.edu/sres/ac1333ba-4c20-4021-a0f7-b7d4d7fcc5c3
3ab88fe6-6beb-41ca-a3c2-e7589b1f04e3,"Pospisil, Leopold J.",Kapauku Papuans and their law,1958,215,Monograph,Kapauku,Oceania,Melanesia,intensive agriculturalists,,"425,432,686",https://ehrafworldcultures.yale.edu/sres/3ab88fe6-6beb-41ca-a3c2-e7589b1f04e3
4aaecd4b-bcfd-4290-b80e-f542f486b364,"Pospisil, Leopold J.",Kapauku Papuans and their law,1958,215,Monograph,Kapauku,Oceania,Melanesia,intensive agriculturalists,,"425,432,686",https://ehrafworldcultures.yale.edu/sres/4aaecd4b-bcfd-4290-b80e-f542f486b364
306fd47a-fe49-4ae7-b3e3-22658458efdf,"Pospisil, Leopold J.",Kapauku Papuans and their law,1958,215,Monograph,Kapauku,Oceania,Melanesia,intensive agriculturalists,,"425,432,686",https://ehrafworldcultures.yale.edu/sres/306fd47a-fe49-4ae7-b3e3-22658458efdf
0f3beea1-66de-4c9e-80cf-6cbe04da1602,"Pospisil, Leopold J.",Kapauku Papuans and their law,1958,216,Monograph,Kapauku,Oceania,Melanesia,intensive agriculturalists,,"425,432,686",https://ehrafworldcultures.yale.edu/sres/0f3beea1-66de-4c9e-80cf-6cbe04da1602
30015721-4633-47bb-b113-305c1f76eaf1,"Pospisil, Leopold J.",Kapauku Papuans and their law,1958,216,Monograph,Kapauku,Oceania,Melanesia,intensive agriculturalists,,"425,432,686",https://ehrafworldcultures.yale.edu/sres/30015721-4633-47bb-b113-305c1f76eaf1
9627cb52-34ed-4ef7-bea8-b82648bdd5b3,"Pospisil, Leopold J.",Kapauku Papuans and their law,1958,216,Monograph,Kapauku,Oceania,Melanesia,intensive agriculturalists,,"425,432,686",https://ehrafworldcultures.yale.edu/sres/9627cb52-34ed-4ef7-bea8-b82648bdd5b3
751aaf2e-f46d-47dd-85cd-ecc1ad20cd19,"Pospisil, Leopold J.",Kapauku Papuans and their law,1958,216,Monograph,Kapauku,Oceania,Melanesia,intensive agriculturalists,,"425,432,686",https://ehrafworldcultures.yale.edu/sres/751aaf2e-f46d-47dd-85cd-ecc1ad20cd19
eaadd9cf-543e-4884-9f6d-891751e89b1d,"Pospisil, Leopold J.",Kapauku Papuans and their law,1958,216,Monograph,Kapauku,Oceania,Melanesia,intensive agriculturalists,,"425,432,686",https://ehrafworldcultures.yale.edu/sres/eaadd9cf-543e-4884-9f6d-891751e89b1d
6ed0a36e-267f-4544-8e0c-fbe157f33c03,"Pospisil, Leopold J.",Kapauku Papuans and their law,1958,216,Monograph,Kapauku,Oceania,Melanesia,intensive agriculturalists,,"425,432,686",https://ehrafworldcultures.yale.edu/sres/6ed0a36e-267f-4544-8e0c-fbe157f33c03
838d1ad3-5abb-49eb-b387-4748068f5216,"Pospisil, Leopold J.",Kapauku Papuans and their law,1958,216,Monograph,Kapauku,Oceania,Melanesia,intensive agriculturalists,,"425,432,686",https://ehrafworldcultures.yale.edu/sres/838d1ad3-5abb-49eb-b387-4748068f5216
77394f0c-ab50-42f8-a1f1-0703873a1f1b,"Pospisil, Leopold J.",Kapauku Papuans and their law,1958,216,Monograph,Kapauku,Oceania,Melanesia,intensive agriculturalists,,"425,432,686",https://ehrafworldcultures.yale.edu/sres/77394f0c-ab50-42f8-a1f1-0703873a1f1b
c56e30e7-f690-4ecc-ab8b-730743b02120,"Pospisil, Leopold J.",Kapauku Papuans and their law,1958,216,Monograph,Kapauku,Oceania,Melanesia,intensive agriculturalists,,"425,432,686",https://ehrafworldcultures.yale.edu/sres/c56e30e7-f690-4ecc-ab8b-730743b02120
d9011437-8383-4137-be18-8cf0b431771c,"Pospisil, Leopold J.",Kapauku Papuans and their law,1958,216,Monograph,Kapauku,Oceania,Melanesia,intensive agriculturalists,,"425,432,686",https://ehrafworldcultures.yale.edu/sres/d9011437-8383-4137-be18-8cf0b431771c
53649e60-5327-4784-937b-5b5cab3216ba,"Pospisil, Leopold J.",Kapauku Papuans and their law,1958,216,Monograph,Kapauku,Oceania,Melanesia,intensive agriculturalists,,"425,432,686",https://ehrafworldcultures.yale.edu/sres/53649e60-5327-4784-937b-5b5cab3216ba
dcbdb7cd-78de-4906-bc88-67a7f58f8506,"Pospisil, Leopold J.",Kapauku Papuans and their law,1958,216,Monograph,Kapauku,Oceania,Melanesia,intensive agriculturalists,,"425,437,686",https://ehrafworldcultures.yale.edu/sres/dcbdb7cd-78de-4906-bc88-67a7f58f8506
53ceebf0-3b4d-4367-abfb-5587eaaec482,"Pospisil, Leopold J.",Kapauku Papuans and their law,1958,216,Monograph,Kapauku,Oceania,Melanesia,intensive agriculturalists,,"425,437,686",https://ehrafworldcultures.yale.edu/sres/53ceebf0-3b4d-4367-abfb-5587eaaec482
b0594602-03fa-4194-b72d-44fe25737c95,"Pospisil, Leopold J.",Kapauku Papuans and their law,1958,217,Monograph,Kapauku,Oceania,Melanesia,intensive agriculturalists,,"425,437,686",https://ehrafworldcultures.yale.edu/sres/b0594602-03fa-4194-b72d-44fe25737c95
b3377e77-eeff-426c-bb79-d67f9eea0fc3,"Pospisil, Leopold J.",Kapauku Papuans and their law,1958,217,Monograph,Kapauku,Oceania,Melanesia,intensive agriculturalists,,"425,437,686",https://ehrafworldcultures.yale.edu/sres/b3377e77-eeff-426c-bb79-d67f9eea0fc3
d510ce28-ccad-4cfd-bf42-2c15c76f4093,"Pospisil, Leopold J.",Kapauku Papuans and their law,1958,217,Monograph,Kapauku,Oceania,Melanesia,intensive agriculturalists,,"425,437,686",https://ehrafworldcultures.yale.edu/sres/d510ce28-ccad-4cfd-bf42-2c15c76f4093
4761d4c7-bd57-45dc-bdd4-f873d15bfd7a,"Pospisil, Leopold J.",Kapauku Papuans and their law,1958,217,Monograph,Kapauku,Oceania,Melanesia,intensive agriculturalists,,"425,437,686",https://ehrafworldcultures.yale.edu/sres/4761d4c7-bd57-45dc-bdd4-f873d15bfd7a
ef0fa3b1-37c0-40f3-a9ea-8b9a613a6f6e,"Pospisil, Leopold J.",Kapauku Papuans and their law,1958,217,Monograph,Kapauku,Oceania,Melanesia,intensive agriculturalists,,"675,686",https://ehrafworldcultures.yale.edu/sres/ef0fa3b1-37c0-40f3-a9ea-8b9a613a6f6e
6e24d44c-a1cd-4b6c-96d6-39854b6847ae,"Pospisil, Leopold J.",Kapauku Papuans and their law,1958,217,Monograph,Kapauku,Oceania,Melanesia,intensive agriculturalists,,"675,686",https://ehrafworldcultures.yale.edu/sres/6e24d44c-a1cd-4b6c-96d6-39854b6847ae
63f8472e-0f8c-4f20-968a-c3ac99a29965,"Pospisil, Leopold J.",Kapauku Papuans and their law,1958,217,Monograph,Kapauku,Oceania,Melanesia,intensive agriculturalists,,"675,686",https://ehrafworldcultures.yale.edu/sres/63f8472e-0f8c-4f20-968a-c3ac99a29965
64d7b80e-606e-45a8-917d-e4136c3510aa,"Pospisil, Leopold J.",Kapauku Papuans and their law,1958,217,Monograph,Kapauku,Oceania,Melanesia,intensive agriculturalists,,"675,686",https://ehrafworldcultures.yale.edu/sres/64d7b80e-606e-45a8-917d-e4136c3510aa
83e5554e-02a9-4403-9813-e181b51c95c7,"Pospisil, Leopold J.",Kapauku Papuans and their law,1958,217,Monograph,Kapauku,Oceania,Melanesia,intensive agriculturalists,,"675,686",https://ehrafworldcultures.yale.edu/sres/83e5554e-02a9-4403-9813-e181b51c95c7
7f2405d0-8f2c-48f6-bb61-3c77ca4370cb,"Pospisil, Leopold J.",Kapauku Papuans and their law,1958,217,Monograph,Kapauku,Oceania,Melanesia,intensive agriculturalists,,"675,686",https://ehrafworldcultures.yale.edu/sres/7f2405d0-8f2c-48f6-bb61-3c77ca4370cb
5cc3fcb1-a78a-4e1b-9251-3947f3a1d932,"Pospisil, Leopold J.",Kapauku Papuans and their law,1958,218,Monograph,Kapauku,Oceania,Melanesia,intensive agriculturalists,,"675,686",https://ehrafworldcultures.yale.edu/sres/5cc3fcb1-a78a-4e1b-9251-3947f3a1d932
d57c7562-f1d1-49b8-9c41-81fdba8b2089,"Pospisil, Leopold J.",Kapauku Papuans and their law,1958,218,Monograph,Kapauku,Oceania,Melanesia,intensive agriculturalists,,"675,686",https://ehrafworldcultures.yale.edu/sres/d57c7562-f1d1-49b8-9c41-81fdba8b2089
7ebde40c-16c3-4e22-b9bf-72b21f3d5009,"Pospisil, Leopold J.",Kapauku Papuans and their law,1958,218,Monograph,Kapauku,Oceania,Melanesia,intensive agriculturalists,,"675,686",https://ehrafworldcultures.yale.edu/sres/7ebde40c-16c3-4e22-b9bf-72b21f3d5009
a4c3a18a-314c-4983-815f-cc7ec5400836,"Pospisil, Leopold J.",Kapauku Papuans and their law,1958,218,Monograph,Kapauku,Oceania,Melanesia,intensive agriculturalists,,"675,686",https://ehrafworldcultures.yale.edu/sres/a4c3a18a-314c-4983-815f-cc7ec5400836
f9c0f5b6-5d7a-4923-9a37-72ce0c49c3e9,"Pospisil, Leopold J.",Kapauku Papuans and their law,1958,218,Monograph,Kapauku,Oceania,Melanesia,intensive agriculturalists,,"675,686",https://ehrafworldcultures.yale.edu/sres/f9c0f5b6-5d7a-4923-9a37-72ce0c49c3e9
e9884726-88b6-409e-95bb-2fd3950cce76,"Pospisil, Leopold J.",Kapauku Papuans and their law,1958,218,Monograph,Kapauku,Oceania,Melanesia,intensive agriculturalists,,"675,686",https://ehrafworldcultures.yale.edu/sres/e9884726-88b6-409e-95bb-2fd3950cce76
d8ee50bd-feb6-4930-b72a-90b48bc8b5d9,"Pospisil, Leopold J.",Kapauku Papuans and their law,1958,218,Monograph,Kapauku,Oceania,Melanesia,intensive agriculturalists,,"675,686",https://ehrafworldcultures.yale.edu/sres/d8ee50bd-feb6-4930-b72a-90b48bc8b5d9
39b6b863-b563-453c-9325-3267cbd99b5f,"Pospisil, Leopold J.",Kapauku Papuans and their law,1958,218,Monograph,Kapauku,Oceania,Melanesia,intensive agriculturalists,,"675,686",https://ehrafworldcultures.yale.edu/sres/39b6b863-b563-453c-9325-3267cbd99b5f
d6be4009-15ae-4914-9dd1-70b93d64f29e,"Pospisil, Leopold J.",Kapauku Papuans and their law,1958,218,Monograph,Kapauku,Oceania,Melanesia,intensive agriculturalists,,"675,686",https://ehrafworldcultures.yale.edu/sres/d6be4009-15ae-4914-9dd1-70b93d64f29e
84d2a282-6b04-4f38-82e6-3a4f185f3a31,"Pospisil, Leopold J.",Kapauku Papuans and their law,1958,218,Monograph,Kapauku,Oceania,Melanesia,intensive agriculturalists,,"427,686",https://ehrafworldcultures.yale.edu/sres/84d2a282-6b04-4f38-82e6-3a4f185f3a31
2a67f7a2-6521-4a57-9bf5-8c8bd1857146,"Pospisil, Leopold J.",Kapauku Papuans and their law,1958,219,Monograph,Kapauku,Oceania,Melanesia,intensive agriculturalists,,"427,686",https://ehrafworldcultures.yale.edu/sres/2a67f7a2-6521-4a57-9bf5-8c8bd1857146
742ac618-4d4d-44fa-867f-eded637ae6cf,"Pospisil, Leopold J.",Kapauku Papuans and their law,1958,219,Monograph,Kapauku,Oceania,Melanesia,intensive agriculturalists,,"427,686",https://ehrafworldcultures.yale.edu/sres/742ac618-4d4d-44fa-867f-eded637ae6cf
b597ac3d-b987-4953-9806-a5fafe3e3144,"Pospisil, Leopold J.",Kapauku Papuans and their law,1958,219,Monograph,Kapauku,Oceania,Melanesia,intensive agriculturalists,,"427,686",https://ehrafworldcultures.yale.edu/sres/b597ac3d-b987-4953-9806-a5fafe3e3144
41da807d-7a39-4e81-8a21-bec0ad863756,"Pospisil, Leopold J.",Kapauku Papuans and their law,1958,219,Monograph,Kapauku,Oceania,Melanesia,intensive agriculturalists,,"427,686",https://ehrafworldcultures.yale.edu/sres/41da807d-7a39-4e81-8a21-bec0ad863756
2d40517a-9158-4c1f-9fff-01abc810ae49,"Pospisil, Leopold J.",Kapauku Papuans and their law,1958,219,Monograph,Kapauku,Oceania,Melanesia,intensive agriculturalists,,"427,686",https://ehrafworldcultures.yale.edu/sres/2d40517a-9158-4c1f-9fff-01abc810ae49
ac048fd6-f1d6-42e6-a8ef-b0bfe5c0a5f0,"Pospisil, Leopold J.",Kapauku Papuans and their law,1958,219,Monograph,Kapauku,Oceania,Melanesia,intensive agriculturalists,,"427,686",https://ehrafworldcultures.yale.edu/sres/ac048fd6-f1d6-42e6-a8ef-b0bfe5c0a5f0
1280355a-16d5-4d98-b612-9dbe3b316831,"Pospisil, Leopold J.",Kapauku Papuans and their law,1958,219,Monograph,Kapauku,Oceania,Melanesia,intensive agriculturalists,,"427,686",https://ehrafworldcultures.yale.edu/sres/1280355a-16d5-4d98-b612-9dbe3b316831
f8e326bb-0484-45fb-920e-79971e202338,"Pospisil, Leopold J.",Kapauku Papuans and their law,1958,219,Monograph,Kapauku,Oceania,Melanesia,intensive agriculturalists,,"427,686",https://ehrafworldcultures.yale.edu/sres/f8e326bb-0484-45fb-920e-79971e202338
8b42e468-a4a0-474d-a3e4-ccbf8628def4,"Pospisil, Leopold J.",Kapauku Papuans and their law,1958,219,Monograph,Kapauku,Oceania,Melanesia,intensive agriculturalists,,"426,452,686",https://ehrafworldcultures.yale.edu/sres/8b42e468-a4a0-474d-a3e4-ccbf8628def4
75691493-3931-497d-a431-a3bccf38b98f,"Pospisil, Leopold J.",Kapauku Papuans and their law,1958,219,Monograph,Kapauku,Oceania,Melanesia,intensive agriculturalists,,"426,686",https://ehrafworldcultures.yale.edu/sres/75691493-3931-497d-a431-a3bccf38b98f
f0003fd3-f301-4176-935e-461e97cc4a34,"Pospisil, Leopold J.",Kapauku Papuans and their law,1958,220,Monograph,Kapauku,Oceania,Melanesia,intensive agriculturalists,,"426,686",https://ehrafworldcultures.yale.edu/sres/f0003fd3-f301-4176-935e-461e97cc4a34
ca3def91-94ef-4947-bb02-d90fd3fac2a5,"Pospisil, Leopold J.",Kapauku Papuans and their law,1958,220,Monograph,Kapauku,Oceania,Melanesia,intensive agriculturalists,,"426,686",https://ehrafworldcultures.yale.edu/sres/ca3def91-94ef-4947-bb02-d90fd3fac2a5
7cf26f10-b7b1-41ae-a505-d7f419e21af5,"Pospisil, Leopold J.",Kapauku Papuans and their law,1958,220,Monograph,Kapauku,Oceania,Melanesia,intensive agriculturalists,,"426,686",https://ehrafworldcultures.yale.edu/sres/7cf26f10-b7b1-41ae-a505-d7f419e21af5
72dc634e-f94d-4865-a0ad-b347a25c3cf1,"Pospisil, Leopold J.",Kapauku Papuans and their law,1958,220,Monograph,Kapauku,Oceania,Melanesia,intensive agriculturalists,,"426,686",https://ehrafworldcultures.yale.edu/sres/72dc634e-f94d-4865-a0ad-b347a25c3cf1
ead5ac01-a973-4963-ab7b-2eeee4945a54,"Pospisil, Leopold J.",Kapauku Papuans and their law,1958,220,Monograph,Kapauku,Oceania,Melanesia,intensive agriculturalists,,"426,686",https://ehrafworldcultures.yale.edu/sres/ead5ac01-a973-4963-ab7b-2eeee4945a54
6696a831-cb82-47f7-938c-46e4a89f2f23,"Pospisil, Leopold J.",Kapauku Papuans and their law,1958,220,Monograph,Kapauku,Oceania,Melanesia,intensive agriculturalists,,"426,686",https://ehrafworldcultures.yale.edu/sres/6696a831-cb82-47f7-938c-46e4a89f2f23
9a2776a1-7d61-44c6-919b-e42a1ec0827c,"Pospisil, Leopold J.",Kapauku Papuans and their law,1958,220,Monograph,Kapauku,Oceania,Melanesia,intensive agriculturalists,,"426,686",https://ehrafworldcultures.yale.edu/sres/9a2776a1-7d61-44c6-919b-e42a1ec0827c
00890cdc-e7e6-4828-a839-751b60cda655,"Pospisil, Leopold J.",Kapauku Papuans and their law,1958,220,Monograph,Kapauku,Oceania,Melanesia,intensive agriculturalists,,"426,686",https://ehrafworldcultures.yale.edu/sres/00890cdc-e7e6-4828-a839-751b60cda655
44765d48-4ec5-420f-88dd-e0baf42b7d54,"Pospisil, Leopold J.",Kapauku Papuans and their law,1958,220,Monograph,Kapauku,Oceania,Melanesia,intensive agriculturalists,,"426,578,686",https://ehrafworldcultures.yale.edu/sres/44765d48-4ec5-420f-88dd-e0baf42b7d54
169e6fc7-ba17-4e9d-82cc-ba4cfa78b024,"Pospisil, Leopold J.",Kapauku Papuans and their law,1958,220,Monograph,Kapauku,Oceania,Melanesia,intensive agriculturalists,,"426,686",https://ehrafworldcultures.yale.edu/sres/169e6fc7-ba17-4e9d-82cc-ba4cfa78b024
a0fbf4e8-b478-437c-a097-f310eb77a827,"Pospisil, Leopold J.",Kapauku Papuans and their law,1958,220,Monograph,Kapauku,Oceania,Melanesia,intensive agriculturalists,,"426,686",https://ehrafworldcultures.yale.edu/sres/a0fbf4e8-b478-437c-a097-f310eb77a827
8f397eae-4562-4242-b818-71476000b95f,"Pospisil, Leopold J.",Kapauku Papuans and their law,1958,220,Monograph,Kapauku,Oceania,Melanesia,intensive agriculturalists,,"426,686",https://ehrafworldcultures.yale.edu/sres/8f397eae-4562-4242-b818-71476000b95f
93676c12-98f1-429a-baab-bde96c55044b,"Pospisil, Leopold J.",Kapauku Papuans and their law,1958,220,Monograph,Kapauku,Oceania,Melanesia,intensive agriculturalists,,"426,686",https://ehrafworldcultures.yale.edu/sres/93676c12-98f1-429a-baab-bde96c55044b
0c553136-3fe5-4209-bac2-803b930c0749,"Pospisil, Leopold J.",Kapauku Papuans and their law,1958,220,Monograph,Kapauku,Oceania,Melanesia,intensive agriculturalists,,"426,686",https://ehrafworldcultures.yale.edu/sres/0c553136-3fe5-4209-bac2-803b930c0749
08a2f788-4665-455b-85dd-000317ac39a4,"Pospisil, Leopold J.",Kapauku Papuans and their law,1958,220,Monograph,Kapauku,Oceania,Melanesia,intensive agriculturalists,,"426,579,686",https://ehrafworldcultures.yale.edu/sres/08a2f788-4665-455b-85dd-000317ac39a4
86a5c673-e5f5-4226-a5ce-11b88dffd018,"Pospisil, Leopold J.",Kapauku Papuans and their law,1958,221,Monograph,Kapauku,Oceania,Melanesia,intensive agriculturalists,,"426,578,686,761",https://ehrafworldcultures.yale.edu/sres/86a5c673-e5f5-4226-a5ce-11b88dffd018
36280197-4f3c-4629-a4ab-6a23fbdd73a4,"Pospisil, Leopold J.",Kapauku Papuans and their law,1958,221,Monograph,Kapauku,Oceania,Melanesia,intensive agriculturalists,,"426,686",https://ehrafworldcultures.yale.edu/sres/36280197-4f3c-4629-a4ab-6a23fbdd73a4
8ab3881d-6670-44cf-a4bb-b1816590b0e4,"Pospisil, Leopold J.",Kapauku Papuans and their law,1958,221,Monograph,Kapauku,Oceania,Melanesia,intensive agriculturalists,,"426,686",https://ehrafworldcultures.yale.edu/sres/8ab3881d-6670-44cf-a4bb-b1816590b0e4
05a737c4-8883-4cf7-a580-514a37c18086,"Pospisil, Leopold J.",Kapauku Papuans and their law,1958,221,Monograph,Kapauku,Oceania,Melanesia,intensive agriculturalists,,"426,686",https://ehrafworldcultures.yale.edu/sres/05a737c4-8883-4cf7-a580-514a37c18086
2dbb214e-a1e7-48e1-b14c-364aa768c3e1,"Pospisil, Leopold J.",Kapauku Papuans and their law,1958,221,Monograph,Kapauku,Oceania,Melanesia,intensive agriculturalists,,"426,686",https://ehrafworldcultures.yale.edu/sres/2dbb214e-a1e7-48e1-b14c-364aa768c3e1
9766cf08-5866-44e6-8a77-41f291cba7f8,"Pospisil, Leopold J.",Kapauku Papuans and their law,1958,221,Monograph,Kapauku,Oceania,Melanesia,intensive agriculturalists,,"426,686",https://ehrafworldcultures.yale.edu/sres/9766cf08-5866-44e6-8a77-41f291cba7f8
d70e7a15-d2f0-42f6-ad91-1483d518d702,"Pospisil, Leopold J.",Kapauku Papuans and their law,1958,221,Monograph,Kapauku,Oceania,Melanesia,intensive agriculturalists,,"426,672,686",https://ehrafworldcultures.yale.edu/sres/d70e7a15-d2f0-42f6-ad91-1483d518d702
ecb2b75c-9f25-4b3b-9064-64f7a4dbf5ab,"Pospisil, Leopold J.",Kapauku Papuans and their law,1958,221,Monograph,Kapauku,Oceania,Melanesia,intensive agriculturalists,,"426,686",https://ehrafworldcultures.yale.edu/sres/ecb2b75c-9f25-4b3b-9064-64f7a4dbf5ab
a6b3df16-121d-4150-ba62-533e306a289b,"Pospisil, Leopold J.",Kapauku Papuans and their law,1958,221,Monograph,Kapauku,Oceania,Melanesia,intensive agriculturalists,,"426,686",https://ehrafworldcultures.yale.edu/sres/a6b3df16-121d-4150-ba62-533e306a289b
6f90690b-dd18-445f-ac8e-06c6284cc2a0,"Pospisil, Leopold J.",Kapauku Papuans and their law,1958,222,Monograph,Kapauku,Oceania,Melanesia,intensive agriculturalists,,"426,686",https://ehrafworldcultures.yale.edu/sres/6f90690b-dd18-445f-ac8e-06c6284cc2a0
13c8d99e-016f-40e3-a01e-591c96a19b02,"Pospisil, Leopold J.",Kapauku Papuans and their law,1958,222,Monograph,Kapauku,Oceania,Melanesia,intensive agriculturalists,,"426,686",https://ehrafworldcultures.yale.edu/sres/13c8d99e-016f-40e3-a01e-591c96a19b02
51402270-63bf-4578-8e96-d5f026f9709f,"Pospisil, Leopold J.",Kapauku Papuans and their law,1958,222,Monograph,Kapauku,Oceania,Melanesia,intensive agriculturalists,,"426,686",https://ehrafworldcultures.yale.edu/sres/51402270-63bf-4578-8e96-d5f026f9709f
14bb7aa1-cff8-48d5-8507-71c252856ba4,"Pospisil, Leopold J.",Kapauku Papuans and their law,1958,222,Monograph,Kapauku,Oceania,Melanesia,intensive agriculturalists,,"426,686",https://ehrafworldcultures.yale.edu/sres/14bb7aa1-cff8-48d5-8507-71c252856ba4
81e4a83b-de96-4e17-a1c1-fb9c6eb751e1,"Pospisil, Leopold J.",Kapauku Papuans and their law,1958,222,Monograph,Kapauku,Oceania,Melanesia,intensive agriculturalists,,"426,686",https://ehrafworldcultures.yale.edu/sres/81e4a83b-de96-4e17-a1c1-fb9c6eb751e1
d0bc514f-85db-4e8a-913a-145553bd4a32,"Pospisil, Leopold J.",Kapauku Papuans and their law,1958,222,Monograph,Kapauku,Oceania,Melanesia,intensive agriculturalists,,"426,686",https://ehrafworldcultures.yale.edu/sres/d0bc514f-85db-4e8a-913a-145553bd4a32
718a0bed-72a4-46f1-b631-b3ae8652d464,"Pospisil, Leopold J.",Kapauku Papuans and their law,1958,222,Monograph,Kapauku,Oceania,Melanesia,intensive agriculturalists,,"426,686",https://ehrafworldcultures.yale.edu/sres/718a0bed-72a4-46f1-b631-b3ae8652d464
5e9e2dd4-3095-4e69-8e6c-2e82f9e069b0,"Pospisil, Leopold J.",Kapauku Papuans and their law,1958,222,Monograph,Kapauku,Oceania,Melanesia,intensive agriculturalists,,"426,686",https://ehrafworldcultures.yale.edu/sres/5e9e2dd4-3095-4e69-8e6c-2e82f9e069b0
1ec8aaee-0131-41c5-a2ec-463ed952def4,"Pospisil, Leopold J.",Kapauku Papuans and their law,1958,222,Monograph,Kapauku,Oceania,Melanesia,intensive agriculturalists,,"426,686",https://ehrafworldcultures.yale.edu/sres/1ec8aaee-0131-41c5-a2ec-463ed952def4
9bb2998f-2e18-4e77-9e71-672c87c553b6,"Pospisil, Leopold J.",Kapauku Papuans and their law,1958,222,Monograph,Kapauku,Oceania,Melanesia,intensive agriculturalists,,"426,686",https://ehrafworldcultures.yale.edu/sres/9bb2998f-2e18-4e77-9e71-672c87c553b6
3f4c8122-d552-417e-bac7-f7ccbf41dd6d,"Pospisil, Leopold J.",Kapauku Papuans and their law,1958,222,Monograph,Kapauku,Oceania,Melanesia,intensive agriculturalists,,"426,686",https://ehrafworldcultures.yale.edu/sres/3f4c8122-d552-417e-bac7-f7ccbf41dd6d
c4b6b69f-76e5-495b-839d-6ae81da7ebac,"Pospisil, Leopold J.",Kapauku Papuans and their law,1958,223,Monograph,Kapauku,Oceania,Melanesia,intensive agriculturalists,,"426,686",https://ehrafworldcultures.yale.edu/sres/c4b6b69f-76e5-495b-839d-6ae81da7ebac
d95856f7-82e8-4bc6-94c1-f46c49770a51,"Pospisil, Leopold J.",Kapauku Papuans and their law,1958,223,Monograph,Kapauku,Oceania,Melanesia,intensive agriculturalists,,"426,686",https://ehrafworldcultures.yale.edu/sres/d95856f7-82e8-4bc6-94c1-f46c49770a51
59575b16-c9e6-41ff-be91-d1fe453781dc,"Pospisil, Leopold J.",Kapauku Papuans and their law,1958,223,Monograph,Kapauku,Oceania,Melanesia,intensive agriculturalists,,"426,686",https://ehrafworldcultures.yale.edu/sres/59575b16-c9e6-41ff-be91-d1fe453781dc
e240acaa-0046-498b-8147-f84a2411bbe6,"Pospisil, Leopold J.",Kapauku Papuans and their law,1958,223,Monograph,Kapauku,Oceania,Melanesia,intensive agriculturalists,,"426,686",https://ehrafworldcultures.yale.edu/sres/e240acaa-0046-498b-8147-f84a2411bbe6
9658c151-5ae5-488f-a1c0-cf7a75d099cd,"Pospisil, Leopold J.",Kapauku Papuans and their law,1958,223,Monograph,Kapauku,Oceania,Melanesia,intensive agriculturalists,,"426,686",https://ehrafworldcultures.yale.edu/sres/9658c151-5ae5-488f-a1c0-cf7a75d099cd
62a52c47-c78c-482b-b61b-4f4051b88235,"Pospisil, Leopold J.",Kapauku Papuans and their law,1958,224,Monograph,Kapauku,Oceania,Melanesia,intensive agriculturalists,,"426,686",https://ehrafworldcultures.yale.edu/sres/62a52c47-c78c-482b-b61b-4f4051b88235
32db89ea-502a-4230-aaed-3f5bafe90dd5,"Pospisil, Leopold J.",Kapauku Papuans and their law,1958,224,Monograph,Kapauku,Oceania,Melanesia,intensive agriculturalists,,"426,686",https://ehrafworldcultures.yale.edu/sres/32db89ea-502a-4230-aaed-3f5bafe90dd5
4305a5d6-4e79-4c11-be8e-18d7fe4af522,"Pospisil, Leopold J.",Kapauku Papuans and their law,1958,224,Monograph,Kapauku,Oceania,Melanesia,intensive agriculturalists,,"426,686",https://ehrafworldcultures.yale.edu/sres/4305a5d6-4e79-4c11-be8e-18d7fe4af522
b2d9926f-688d-488b-a1b9-3d2be0518578,"Pospisil, Leopold J.",Kapauku Papuans and their law,1958,224,Monograph,Kapauku,Oceania,Melanesia,intensive agriculturalists,,"426,686",https://ehrafworldcultures.yale.edu/sres/b2d9926f-688d-488b-a1b9-3d2be0518578
afcae47e-a09b-423a-a806-4213e4efb6b2,"Pospisil, Leopold J.",Kapauku Papuans and their law,1958,224,Monograph,Kapauku,Oceania,Melanesia,intensive agriculturalists,,"426,686",https://ehrafworldcultures.yale.edu/sres/afcae47e-a09b-423a-a806-4213e4efb6b2
6d43ed36-4d65-4fc6-b31c-37f471feb3d9,"Pospisil, Leopold J.",Kapauku Papuans and their law,1958,224,Monograph,Kapauku,Oceania,Melanesia,intensive agriculturalists,,"426,686",https://ehrafworldcultures.yale.edu/sres/6d43ed36-4d65-4fc6-b31c-37f471feb3d9
b079454d-25f5-4cb2-8072-ab931a480bc5,"Pospisil, Leopold J.",Kapauku Papuans and their law,1958,225,Monograph,Kapauku,Oceania,Melanesia,intensive agriculturalists,,"426,686",https://ehrafworldcultures.yale.edu/sres/b079454d-25f5-4cb2-8072-ab931a480bc5
109afff4-c684-4875-b7d1-3697209ecd90,"Pospisil, Leopold J.",Kapauku Papuans and their law,1958,225,Monograph,Kapauku,Oceania,Melanesia,intensive agriculturalists,,"426,686",https://ehrafworldcultures.yale.edu/sres/109afff4-c684-4875-b7d1-3697209ecd90
8ac1a8e1-ea5d-4389-be31-bad16da2e3b4,"Pospisil, Leopold J.",Kapauku Papuans and their law,1958,225,Monograph,Kapauku,Oceania,Melanesia,intensive agriculturalists,,"426,572,686",https://ehrafworldcultures.yale.edu/sres/8ac1a8e1-ea5d-4389-be31-bad16da2e3b4
2437d1d5-6c78-4ddd-b3cd-4a4e01e3fcb4,"Pospisil, Leopold J.",Kapauku Papuans and their law,1958,225,Monograph,Kapauku,Oceania,Melanesia,intensive agriculturalists,,"426,648,686",https://ehrafworldcultures.yale.edu/sres/2437d1d5-6c78-4ddd-b3cd-4a4e01e3fcb4
4f85eaba-07a4-4e18-94c2-22a43eb00da8,"Pospisil, Leopold J.",Kapauku Papuans and their law,1958,225,Monograph,Kapauku,Oceania,Melanesia,intensive agriculturalists,,"426,686",https://ehrafworldcultures.yale.edu/sres/4f85eaba-07a4-4e18-94c2-22a43eb00da8
1d00d14d-d526-4312-93bb-3f2164d7b1a5,"Pospisil, Leopold J.",Kapauku Papuans and their law,1958,225,Monograph,Kapauku,Oceania,Melanesia,intensive agriculturalists,,"426,686",https://ehrafworldcultures.yale.edu/sres/1d00d14d-d526-4312-93bb-3f2164d7b1a5
4065499a-8501-42d9-971c-d003e187d711,"Pospisil, Leopold J.",Kapauku Papuans and their law,1958,225,Monograph,Kapauku,Oceania,Melanesia,intensive agriculturalists,,"426,686",https://ehrafworldcultures.yale.edu/sres/4065499a-8501-42d9-971c-d003e187d711
d1b46b6c-defa-42de-8812-bb255a56d5f2,"Pospisil, Leopold J.",Kapauku Papuans and their law,1958,225,Monograph,Kapauku,Oceania,Melanesia,intensive agriculturalists,,"426,686",https://ehrafworldcultures.yale.edu/sres/d1b46b6c-defa-42de-8812-bb255a56d5f2
300bd0dd-4531-4a8a-80ab-b10b9371ab6d,"Pospisil, Leopold J.",Kapauku Papuans and their law,1958,225,Monograph,Kapauku,Oceania,Melanesia,intensive agriculturalists,,"426,686",https://ehrafworldcultures.yale.edu/sres/300bd0dd-4531-4a8a-80ab-b10b9371ab6d
e8594fac-bd71-40e1-bf30-3ffdfe8cdf4e,"Pospisil, Leopold J.",Kapauku Papuans and their law,1958,225,Monograph,Kapauku,Oceania,Melanesia,intensive agriculturalists,,"426,686",https://ehrafworldcultures.yale.edu/sres/e8594fac-bd71-40e1-bf30-3ffdfe8cdf4e
fb62bfc0-53c8-4db7-83d8-b456ca0e2715,"Pospisil, Leopold J.",Kapauku Papuans and their law,1958,225,Monograph,Kapauku,Oceania,Melanesia,intensive agriculturalists,,"426,686",https://ehrafworldcultures.yale.edu/sres/fb62bfc0-53c8-4db7-83d8-b456ca0e2715
b009e0c9-c0e8-409a-91ea-0282c5bf924f,"Pospisil, Leopold J.",Kapauku Papuans and their law,1958,225,Monograph,Kapauku,Oceania,Melanesia,intensive agriculturalists,,"426,686",https://ehrafworldcultures.yale.edu/sres/b009e0c9-c0e8-409a-91ea-0282c5bf924f
790aa37b-489b-4704-b98c-3303213f7a44,"Pospisil, Leopold J.",Kapauku Papuans and their law,1958,225,Monograph,Kapauku,Oceania,Melanesia,intensive agriculturalists,,"426,686",https://ehrafworldcultures.yale.edu/sres/790aa37b-489b-4704-b98c-3303213f7a44
e945e99c-1d68-4f29-b57a-18f9aaa7ca67,"Pospisil, Leopold J.",Kapauku Papuans and their law,1958,225,Monograph,Kapauku,Oceania,Melanesia,intensive agriculturalists,,"426,686",https://ehrafworldcultures.yale.edu/sres/e945e99c-1d68-4f29-b57a-18f9aaa7ca67
4561b512-3214-4f4e-a0ee-566cc0f26822,"Pospisil, Leopold J.",Kapauku Papuans and their law,1958,225,Monograph,Kapauku,Oceania,Melanesia,intensive agriculturalists,,"426,686",https://ehrafworldcultures.yale.edu/sres/4561b512-3214-4f4e-a0ee-566cc0f26822
a6a757e1-c508-4986-80e8-3d5237dd660b,"Pospisil, Leopold J.",Kapauku Papuans and their law,1958,226,Monograph,Kapauku,Oceania,Melanesia,intensive agriculturalists,,"426,686",https://ehrafworldcultures.yale.edu/sres/a6a757e1-c508-4986-80e8-3d5237dd660b
a11467f6-a8c4-4c9c-9dab-4fec6b88bdc2,"Pospisil, Leopold J.",Kapauku Papuans and their law,1958,226,Monograph,Kapauku,Oceania,Melanesia,intensive agriculturalists,,"426,686",https://ehrafworldcultures.yale.edu/sres/a11467f6-a8c4-4c9c-9dab-4fec6b88bdc2
86b1b1cb-9fca-4a05-93d1-a29e22cae455,"Pospisil, Leopold J.",Kapauku Papuans and their law,1958,226,Monograph,Kapauku,Oceania,Melanesia,intensive agriculturalists,,"426,686",https://ehrafworldcultures.yale.edu/sres/86b1b1cb-9fca-4a05-93d1-a29e22cae455
bf03652c-e698-4e1f-8ac8-0db39dd3e2a4,"Pospisil, Leopold J.",Kapauku Papuans and their law,1958,226,Monograph,Kapauku,Oceania,Melanesia,intensive agriculturalists,,"426,686",https://ehrafworldcultures.yale.edu/sres/bf03652c-e698-4e1f-8ac8-0db39dd3e2a4
1e077eeb-0e21-4d3c-9d17-b98d958f99c0,"Pospisil, Leopold J.",Kapauku Papuans and their law,1958,226,Monograph,Kapauku,Oceania,Melanesia,intensive agriculturalists,,"426,686",https://ehrafworldcultures.yale.edu/sres/1e077eeb-0e21-4d3c-9d17-b98d958f99c0
84f52ecf-7429-49ce-904e-388fed3b38cc,"Pospisil, Leopold J.",Kapauku Papuans and their law,1958,226,Monograph,Kapauku,Oceania,Melanesia,intensive agriculturalists,,"426,686",https://ehrafworldcultures.yale.edu/sres/84f52ecf-7429-49ce-904e-388fed3b38cc
0fb59377-1d7c-413e-a383-2e4a257c343a,"Pospisil, Leopold J.",Kapauku Papuans and their law,1958,226,Monograph,Kapauku,Oceania,Melanesia,intensive agriculturalists,,"426,686",https://ehrafworldcultures.yale.edu/sres/0fb59377-1d7c-413e-a383-2e4a257c343a
26bcd352-3649-42a2-8ee5-f8ab3454d83b,"Pospisil, Leopold J.",Kapauku Papuans and their law,1958,226,Monograph,Kapauku,Oceania,Melanesia,intensive agriculturalists,,"426,686",https://ehrafworldcultures.yale.edu/sres/26bcd352-3649-42a2-8ee5-f8ab3454d83b
2ba08f41-b133-4326-990f-666cc6bb29a4,"Pospisil, Leopold J.",Kapauku Papuans and their law,1958,226,Monograph,Kapauku,Oceania,Melanesia,intensive agriculturalists,,"426,686",https://ehrafworldcultures.yale.edu/sres/2ba08f41-b133-4326-990f-666cc6bb29a4
248fba46-1cfd-4c08-8c5c-b53b88cce4a3,"Pospisil, Leopold J.",Kapauku Papuans and their law,1958,226,Monograph,Kapauku,Oceania,Melanesia,intensive agriculturalists,,"426,686",https://ehrafworldcultures.yale.edu/sres/248fba46-1cfd-4c08-8c5c-b53b88cce4a3
7cb7d910-5640-4bff-8477-67713534409c,"Pospisil, Leopold J.",Kapauku Papuans and their law,1958,226,Monograph,Kapauku,Oceania,Melanesia,intensive agriculturalists,,"426,686",https://ehrafworldcultures.yale.edu/sres/7cb7d910-5640-4bff-8477-67713534409c
c9df2390-2040-4184-8279-0cc1e1397818,"Pospisil, Leopold J.",Kapauku Papuans and their law,1958,226,Monograph,Kapauku,Oceania,Melanesia,intensive agriculturalists,,"426,686",https://ehrafworldcultures.yale.edu/sres/c9df2390-2040-4184-8279-0cc1e1397818
95fdf50c-831d-4a5d-aa77-cfa8a74488fc,"Pospisil, Leopold J.",Kapauku Papuans and their law,1958,226,Monograph,Kapauku,Oceania,Melanesia,intensive agriculturalists,,"426,686",https://ehrafworldcultures.yale.edu/sres/95fdf50c-831d-4a5d-aa77-cfa8a74488fc
15344c5a-44e8-42b8-8937-c8f1cd1c4cb0,"Pospisil, Leopold J.",Kapauku Papuans and their law,1958,226,Monograph,Kapauku,Oceania,Melanesia,intensive agriculturalists,,"426,583,686",https://ehrafworldcultures.yale.edu/sres/15344c5a-44e8-42b8-8937-c8f1cd1c4cb0
a1018d31-aabf-4f2c-b6a4-75272fe1322f,"Pospisil, Leopold J.",Kapauku Papuans and their law,1958,227,Monograph,Kapauku,Oceania,Melanesia,intensive agriculturalists,,"426,583,686",https://ehrafworldcultures.yale.edu/sres/a1018d31-aabf-4f2c-b6a4-75272fe1322f
5f48ae4a-9b2d-4848-ba2a-c588dd5cf6cb,"Pospisil, Leopold J.",Kapauku Papuans and their law,1958,227,Monograph,Kapauku,Oceania,Melanesia,intensive agriculturalists,,"426,583,686",https://ehrafworldcultures.yale.edu/sres/5f48ae4a-9b2d-4848-ba2a-c588dd5cf6cb
4b10fab1-d251-4220-9c86-c304e85c8b5f,"Pospisil, Leopold J.",Kapauku Papuans and their law,1958,227,Monograph,Kapauku,Oceania,Melanesia,intensive agriculturalists,,"426,583,686",https://ehrafworldcultures.yale.edu/sres/4b10fab1-d251-4220-9c86-c304e85c8b5f
76e19fde-f6cc-429d-9bde-8716d46d159d,"Pospisil, Leopold J.",Kapauku Papuans and their law,1958,227,Monograph,Kapauku,Oceania,Melanesia,intensive agriculturalists,,"426,583,686",https://ehrafworldcultures.yale.edu/sres/76e19fde-f6cc-429d-9bde-8716d46d159d
b5484a99-61d0-48b9-bc10-c9615f4f553c,"Pospisil, Leopold J.",Kapauku Papuans and their law,1958,227,Monograph,Kapauku,Oceania,Melanesia,intensive agriculturalists,,"426,583,686",https://ehrafworldcultures.yale.edu/sres/b5484a99-61d0-48b9-bc10-c9615f4f553c
75fc663c-99d6-42a2-9d47-6ef58b991cdb,"Pospisil, Leopold J.",Kapauku Papuans and their law,1958,227,Monograph,Kapauku,Oceania,Melanesia,intensive agriculturalists,,"426,583,686",https://ehrafworldcultures.yale.edu/sres/75fc663c-99d6-42a2-9d47-6ef58b991cdb
e1a1a4ac-0161-42d7-9653-8df3f1e0aab1,"Pospisil, Leopold J.",Kapauku Papuans and their law,1958,227,Monograph,Kapauku,Oceania,Melanesia,intensive agriculturalists,,"426,583,686",https://ehrafworldcultures.yale.edu/sres/e1a1a4ac-0161-42d7-9653-8df3f1e0aab1
55b1f468-9cec-4825-a2be-46c49484a452,"Pospisil, Leopold J.",Kapauku Papuans and their law,1958,227,Monograph,Kapauku,Oceania,Melanesia,intensive agriculturalists,,"426,583,686",https://ehrafworldcultures.yale.edu/sres/55b1f468-9cec-4825-a2be-46c49484a452
9dca6d8b-7000-4497-8dc9-7d5baf4966bd,"Pospisil, Leopold J.",Kapauku Papuans and their law,1958,227,Monograph,Kapauku,Oceania,Melanesia,intensive agriculturalists,,"426,583,686",https://ehrafworldcultures.yale.edu/sres/9dca6d8b-7000-4497-8dc9-7d5baf4966bd
e0dec123-9592-46a3-a6b3-59876548e1b6,"Pospisil, Leopold J.",Kapauku Papuans and their law,1958,227,Monograph,Kapauku,Oceania,Melanesia,intensive agriculturalists,,"426,583,686",https://ehrafworldcultures.yale.edu/sres/e0dec123-9592-46a3-a6b3-59876548e1b6
1feba0ea-a7b5-46cb-a04f-d644a3839b11,"Pospisil, Leopold J.",Kapauku Papuans and their law,1958,227,Monograph,Kapauku,Oceania,Melanesia,intensive agriculturalists,,"426,583,686",https://ehrafworldcultures.yale.edu/sres/1feba0ea-a7b5-46cb-a04f-d644a3839b11
97b9e5b4-04e3-42c5-9d66-e8f277c68992,"Pospisil, Leopold J.",Kapauku Papuans and their law,1958,227,Monograph,Kapauku,Oceania,Melanesia,intensive agriculturalists,,"426,583,686",https://ehrafworldcultures.yale.edu/sres/97b9e5b4-04e3-42c5-9d66-e8f277c68992
1a246ddd-e336-4ecc-8310-477007887919,"Pospisil, Leopold J.",Kapauku Papuans and their law,1958,228,Monograph,Kapauku,Oceania,Melanesia,intensive agriculturalists,,"426,583,686",https://ehrafworldcultures.yale.edu/sres/1a246ddd-e336-4ecc-8310-477007887919
8ed69049-e831-45d3-a6c9-55e867608ca7,"Pospisil, Leopold J.",Kapauku Papuans and their law,1958,228,Monograph,Kapauku,Oceania,Melanesia,intensive agriculturalists,,"426,583,686",https://ehrafworldcultures.yale.edu/sres/8ed69049-e831-45d3-a6c9-55e867608ca7
ef7aa439-ae68-4ff9-a99b-06dea46736bd,"Pospisil, Leopold J.",Kapauku Papuans and their law,1958,228,Monograph,Kapauku,Oceania,Melanesia,intensive agriculturalists,,"426,583,686",https://ehrafworldcultures.yale.edu/sres/ef7aa439-ae68-4ff9-a99b-06dea46736bd
a361cb52-0c06-478c-8d7a-56e9ad1c4a76,"Pospisil, Leopold J.",Kapauku Papuans and their law,1958,228,Monograph,Kapauku,Oceania,Melanesia,intensive agriculturalists,,"426,572,686",https://ehrafworldcultures.yale.edu/sres/a361cb52-0c06-478c-8d7a-56e9ad1c4a76
4ef5c523-c798-4c5e-8d74-784029f970af,"Pospisil, Leopold J.",Kapauku Papuans and their law,1958,228,Monograph,Kapauku,Oceania,Melanesia,intensive agriculturalists,,"426,572,686",https://ehrafworldcultures.yale.edu/sres/4ef5c523-c798-4c5e-8d74-784029f970af
b176c840-578e-4852-9de8-4fddd39bc706,"Pospisil, Leopold J.",Kapauku Papuans and their law,1958,228,Monograph,Kapauku,Oceania,Melanesia,intensive agriculturalists,,"426,572,686",https://ehrafworldcultures.yale.edu/sres/b176c840-578e-4852-9de8-4fddd39bc706
5e83a22b-7d42-4357-9772-1efcdbd460b8,"Pospisil, Leopold J.",Kapauku Papuans and their law,1958,228,Monograph,Kapauku,Oceania,Melanesia,intensive agriculturalists,,"426,572,686",https://ehrafworldcultures.yale.edu/sres/5e83a22b-7d42-4357-9772-1efcdbd460b8
15dc1b54-adb7-4b27-a611-370a1369f64f,"Pospisil, Leopold J.",Kapauku Papuans and their law,1958,228,Monograph,Kapauku,Oceania,Melanesia,intensive agriculturalists,,"426,572,686",https://ehrafworldcultures.yale.edu/sres/15dc1b54-adb7-4b27-a611-370a1369f64f
a248ab03-bc44-4f43-aa08-c0d9ff73547b,"Pospisil, Leopold J.",Kapauku Papuans and their law,1958,228,Monograph,Kapauku,Oceania,Melanesia,intensive agriculturalists,,"426,572,686",https://ehrafworldcultures.yale.edu/sres/a248ab03-bc44-4f43-aa08-c0d9ff73547b
b94839e1-03af-4a1d-b143-9fdfcef47e84,"Pospisil, Leopold J.",Kapauku Papuans and their law,1958,228,Monograph,Kapauku,Oceania,Melanesia,intensive agriculturalists,,"426,686",https://ehrafworldcultures.yale.edu/sres/b94839e1-03af-4a1d-b143-9fdfcef47e84
a722ffa2-1929-48fa-925e-1b0a8a9c33ff,"Pospisil, Leopold J.",Kapauku Papuans and their law,1958,228,Monograph,Kapauku,Oceania,Melanesia,intensive agriculturalists,,"426,686",https://ehrafworldcultures.yale.edu/sres/a722ffa2-1929-48fa-925e-1b0a8a9c33ff
017ef1e7-fdbe-4922-9e44-5d60b7ba5fb5,"Pospisil, Leopold J.",Kapauku Papuans and their law,1958,228,Monograph,Kapauku,Oceania,Melanesia,intensive agriculturalists,,"464,686",https://ehrafworldcultures.yale.edu/sres/017ef1e7-fdbe-4922-9e44-5d60b7ba5fb5
e5e38196-4e11-4a73-a398-0577060f6d32,"Pospisil, Leopold J.",Kapauku Papuans and their law,1958,229,Monograph,Kapauku,Oceania,Melanesia,intensive agriculturalists,,"464,686",https://ehrafworldcultures.yale.edu/sres/e5e38196-4e11-4a73-a398-0577060f6d32
398c3594-c38e-4245-be4f-77c5d26ad586,"Pospisil, Leopold J.",Kapauku Papuans and their law,1958,229,Monograph,Kapauku,Oceania,Melanesia,intensive agriculturalists,,"464,686",https://ehrafworldcultures.yale.edu/sres/398c3594-c38e-4245-be4f-77c5d26ad586
b0920029-7bd6-40ad-979e-ded4e739444d,"Pospisil, Leopold J.",Kapauku Papuans and their law,1958,229,Monograph,Kapauku,Oceania,Melanesia,intensive agriculturalists,,"464,686",https://ehrafworldcultures.yale.edu/sres/b0920029-7bd6-40ad-979e-ded4e739444d
0b468e2d-35ed-46a4-b2ad-de37f4b8861e,"Pospisil, Leopold J.",Kapauku Papuans and their law,1958,229,Monograph,Kapauku,Oceania,Melanesia,intensive agriculturalists,,"464,686",https://ehrafworldcultures.yale.edu/sres/0b468e2d-35ed-46a4-b2ad-de37f4b8861e
cb56c0bb-e420-4af5-ab6f-12fbaf64a04d,"Pospisil, Leopold J.",Kapauku Papuans and their law,1958,229,Monograph,Kapauku,Oceania,Melanesia,intensive agriculturalists,,"464,686",https://ehrafworldcultures.yale.edu/sres/cb56c0bb-e420-4af5-ab6f-12fbaf64a04d
c11f3388-d213-4243-bbf9-cf61c279cff5,"Pospisil, Leopold J.",Kapauku Papuans and their law,1958,229,Monograph,Kapauku,Oceania,Melanesia,intensive agriculturalists,,"464,686",https://ehrafworldcultures.yale.edu/sres/c11f3388-d213-4243-bbf9-cf61c279cff5
4271f8a2-9d27-4c4a-b81b-5857504601ef,"Pospisil, Leopold J.",Kapauku Papuans and their law,1958,229,Monograph,Kapauku,Oceania,Melanesia,intensive agriculturalists,,"464,686",https://ehrafworldcultures.yale.edu/sres/4271f8a2-9d27-4c4a-b81b-5857504601ef
23bb9ec5-5091-4c2d-b9e6-7d46581fc412,"Pospisil, Leopold J.",Kapauku Papuans and their law,1958,229,Monograph,Kapauku,Oceania,Melanesia,intensive agriculturalists,,"464,686",https://ehrafworldcultures.yale.edu/sres/23bb9ec5-5091-4c2d-b9e6-7d46581fc412
dcccdc56-942a-4b55-a9da-8cbc982d1cf4,"Pospisil, Leopold J.",Kapauku Papuans and their law,1958,229,Monograph,Kapauku,Oceania,Melanesia,intensive agriculturalists,,"464,686",https://ehrafworldcultures.yale.edu/sres/dcccdc56-942a-4b55-a9da-8cbc982d1cf4
aa3d9419-29e4-4c2a-8708-9b9eb80f7e66,"Pospisil, Leopold J.",Kapauku Papuans and their law,1958,229,Monograph,Kapauku,Oceania,Melanesia,intensive agriculturalists,,"464,686",https://ehrafworldcultures.yale.edu/sres/aa3d9419-29e4-4c2a-8708-9b9eb80f7e66
be00dff5-f48c-43e5-8808-7a888bfc82f9,"Pospisil, Leopold J.",Kapauku Papuans and their law,1958,229,Monograph,Kapauku,Oceania,Melanesia,intensive agriculturalists,,"464,686",https://ehrafworldcultures.yale.edu/sres/be00dff5-f48c-43e5-8808-7a888bfc82f9
74694942-9a53-4407-9b66-dfc667f4c6f0,"Pospisil, Leopold J.",Kapauku Papuans and their law,1958,229,Monograph,Kapauku,Oceania,Melanesia,intensive agriculturalists,,"431,686",https://ehrafworldcultures.yale.edu/sres/74694942-9a53-4407-9b66-dfc667f4c6f0
54f78b85-7bb9-4641-a793-6125644c2ee4,"Pospisil, Leopold J.",Kapauku Papuans and their law,1958,229,Monograph,Kapauku,Oceania,Melanesia,intensive agriculturalists,,"431,686",https://ehrafworldcultures.yale.edu/sres/54f78b85-7bb9-4641-a793-6125644c2ee4
82f70d90-8b71-408f-a9da-a7824859f05c,"Pospisil, Leopold J.",Kapauku Papuans and their law,1958,229,Monograph,Kapauku,Oceania,Melanesia,intensive agriculturalists,,"431,686",https://ehrafworldcultures.yale.edu/sres/82f70d90-8b71-408f-a9da-a7824859f05c
1718cfb9-e6e5-4865-8f92-17c21fa459cd,"Pospisil, Leopold J.",Kapauku Papuans and their law,1958,230,Monograph,Kapauku,Oceania,Melanesia,intensive agriculturalists,,"431,686",https://ehrafworldcultures.yale.edu/sres/1718cfb9-e6e5-4865-8f92-17c21fa459cd
a70a14cd-0ada-4f97-9ff6-cfb17cd667c2,"Pospisil, Leopold J.",Kapauku Papuans and their law,1958,230,Monograph,Kapauku,Oceania,Melanesia,intensive agriculturalists,,"431,686",https://ehrafworldcultures.yale.edu/sres/a70a14cd-0ada-4f97-9ff6-cfb17cd667c2
ac5b054e-6b8f-4e37-9d53-d24bedded821,"Pospisil, Leopold J.",Kapauku Papuans and their law,1958,230,Monograph,Kapauku,Oceania,Melanesia,intensive agriculturalists,,"431,686",https://ehrafworldcultures.yale.edu/sres/ac5b054e-6b8f-4e37-9d53-d24bedded821
c409fb1d-1847-4fa5-87d5-464b17ccccf9,"Pospisil, Leopold J.",Kapauku Papuans and their law,1958,230,Monograph,Kapauku,Oceania,Melanesia,intensive agriculturalists,,"431,686",https://ehrafworldcultures.yale.edu/sres/c409fb1d-1847-4fa5-87d5-464b17ccccf9
7d91527f-702d-4e84-8711-044b414e579e,"Pospisil, Leopold J.",Kapauku Papuans and their law,1958,231,Monograph,Kapauku,Oceania,Melanesia,intensive agriculturalists,,686,https://ehrafworldcultures.yale.edu/sres/7d91527f-702d-4e84-8711-044b414e579e
91e96c2a-6a25-472f-8cc7-2225fd2632c9,"Pospisil, Leopold J.",Kapauku Papuans and their law,1958,231,Monograph,Kapauku,Oceania,Melanesia,intensive agriculturalists,,686,https://ehrafworldcultures.yale.edu/sres/91e96c2a-6a25-472f-8cc7-2225fd2632c9
5800f389-76ea-4126-9aac-24f70289aad1,"Pospisil, Leopold J.",Kapauku Papuans and their law,1958,231,Monograph,Kapauku,Oceania,Melanesia,intensive agriculturalists,,686,https://ehrafworldcultures.yale.edu/sres/5800f389-76ea-4126-9aac-24f70289aad1
cf177586-eb1b-4f8c-b9c0-82bda1c3c22f,"Pospisil, Leopold J.",Kapauku Papuans and their law,1958,232,Monograph,Kapauku,Oceania,Melanesia,intensive agriculturalists,,686,https://ehrafworldcultures.yale.edu/sres/cf177586-eb1b-4f8c-b9c0-82bda1c3c22f
8d377aa0-2dc1-40aa-b6a4-3ef89974a971,"Pospisil, Leopold J.",Kapauku Papuans and their law,1958,232,Monograph,Kapauku,Oceania,Melanesia,intensive agriculturalists,,"661,686",https://ehrafworldcultures.yale.edu/sres/8d377aa0-2dc1-40aa-b6a4-3ef89974a971
b1ce9edd-0efe-495b-943d-77b26fbb9bd4,"Pospisil, Leopold J.",Kapauku Papuans and their law,1958,232,Monograph,Kapauku,Oceania,Melanesia,intensive agriculturalists,,"661,686",https://ehrafworldcultures.yale.edu/sres/b1ce9edd-0efe-495b-943d-77b26fbb9bd4
badb2097-d301-4951-b2e5-39aa1459fee3,"Pospisil, Leopold J.",Kapauku Papuans and their law,1958,232,Monograph,Kapauku,Oceania,Melanesia,intensive agriculturalists,,"661,686",https://ehrafworldcultures.yale.edu/sres/badb2097-d301-4951-b2e5-39aa1459fee3
9950677f-1c27-46cb-9609-ca1c2edc27d3,"Pospisil, Leopold J.",Kapauku Papuans and their law,1958,232,Monograph,Kapauku,Oceania,Melanesia,intensive agriculturalists,,"661,686",https://ehrafworldcultures.yale.edu/sres/9950677f-1c27-46cb-9609-ca1c2edc27d3
718e30e6-ab9e-4df6-999b-3d36c009b825,"Pospisil, Leopold J.",Kapauku Papuans and their law,1958,232,Monograph,Kapauku,Oceania,Melanesia,intensive agriculturalists,,"661,686",https://ehrafworldcultures.yale.edu/sres/718e30e6-ab9e-4df6-999b-3d36c009b825
b6dad73c-2c56-44da-8cdd-135d763d7102,"Pospisil, Leopold J.",Kapauku Papuans and their law,1958,232,Monograph,Kapauku,Oceania,Melanesia,intensive agriculturalists,,"661,686",https://ehrafworldcultures.yale.edu/sres/b6dad73c-2c56-44da-8cdd-135d763d7102
dc657f23-017c-4c8c-ace4-bfb19e622bd3,"Pospisil, Leopold J.",Kapauku Papuans and their law,1958,232,Monograph,Kapauku,Oceania,Melanesia,intensive agriculturalists,,"661,686",https://ehrafworldcultures.yale.edu/sres/dc657f23-017c-4c8c-ace4-bfb19e622bd3
14897bf5-8858-4552-a8af-e654b3fbf156,"Pospisil, Leopold J.",Kapauku Papuans and their law,1958,233,Monograph,Kapauku,Oceania,Melanesia,intensive agriculturalists,,"661,686",https://ehrafworldcultures.yale.edu/sres/14897bf5-8858-4552-a8af-e654b3fbf156
3ed626f1-af3d-4400-acf4-68ecce9afd7f,"Pospisil, Leopold J.",Kapauku Papuans and their law,1958,233,Monograph,Kapauku,Oceania,Melanesia,intensive agriculturalists,,"661,686",https://ehrafworldcultures.yale.edu/sres/3ed626f1-af3d-4400-acf4-68ecce9afd7f
18993f26-e9ea-44aa-b227-eddb267f8fcc,"Pospisil, Leopold J.",Kapauku Papuans and their law,1958,233,Monograph,Kapauku,Oceania,Melanesia,intensive agriculturalists,,"661,686",https://ehrafworldcultures.yale.edu/sres/18993f26-e9ea-44aa-b227-eddb267f8fcc
3c3a8167-c1d1-4175-8e7c-202659bade7a,"Pospisil, Leopold J.",Kapauku Papuans and their law,1958,233,Monograph,Kapauku,Oceania,Melanesia,intensive agriculturalists,,"661,686",https://ehrafworldcultures.yale.edu/sres/3c3a8167-c1d1-4175-8e7c-202659bade7a
5d593ca0-8787-42a4-9ca4-ef07835c94e8,"Pospisil, Leopold J.",Kapauku Papuans and their law,1958,233,Monograph,Kapauku,Oceania,Melanesia,intensive agriculturalists,,"661,686",https://ehrafworldcultures.yale.edu/sres/5d593ca0-8787-42a4-9ca4-ef07835c94e8
f90600f4-d30a-49f5-bbab-75e0819cab80,"Pospisil, Leopold J.",Kapauku Papuans and their law,1958,233,Monograph,Kapauku,Oceania,Melanesia,intensive agriculturalists,,"661,686",https://ehrafworldcultures.yale.edu/sres/f90600f4-d30a-49f5-bbab-75e0819cab80
558d62e5-9982-4236-8722-4ec875348854,"Pospisil, Leopold J.",Kapauku Papuans and their law,1958,233,Monograph,Kapauku,Oceania,Melanesia,intensive agriculturalists,,"661,686",https://ehrafworldcultures.yale.edu/sres/558d62e5-9982-4236-8722-4ec875348854
943e4e8f-b85f-4353-a4a5-22f3f97a366c,"Pospisil, Leopold J.",Kapauku Papuans and their law,1958,233,Monograph,Kapauku,Oceania,Melanesia,intensive agriculturalists,,"661,686",https://ehrafworldcultures.yale.edu/sres/943e4e8f-b85f-4353-a4a5-22f3f97a366c
fb005046-9636-419f-bb99-eee411bb8daf,"Pospisil, Leopold J.",Kapauku Papuans and their law,1958,233,Monograph,Kapauku,Oceania,Melanesia,intensive agriculturalists,,"661,686",https://ehrafworldcultures.yale.edu/sres/fb005046-9636-419f-bb99-eee411bb8daf
78379c32-6b00-4d13-b11a-895df20079c8,"Pospisil, Leopold J.",Kapauku Papuans and their law,1958,233,Monograph,Kapauku,Oceania,Melanesia,intensive agriculturalists,,"661,686",https://ehrafworldcultures.yale.edu/sres/78379c32-6b00-4d13-b11a-895df20079c8
62f33aef-caa0-48c9-b8e8-a7ffcc64cd20,"Pospisil, Leopold J.",Kapauku Papuans and their law,1958,233,Monograph,Kapauku,Oceania,Melanesia,intensive agriculturalists,,"661,686",https://ehrafworldcultures.yale.edu/sres/62f33aef-caa0-48c9-b8e8-a7ffcc64cd20
b8fbfc15-6d28-4bf7-a13c-a3b37512da12,"Pospisil, Leopold J.",Kapauku Papuans and their law,1958,233,Monograph,Kapauku,Oceania,Melanesia,intensive agriculturalists,,"661,686",https://ehrafworldcultures.yale.edu/sres/b8fbfc15-6d28-4bf7-a13c-a3b37512da12
25e83616-316d-4633-b095-5c6d38d9d7f6,"Pospisil, Leopold J.",Kapauku Papuans and their law,1958,233,Monograph,Kapauku,Oceania,Melanesia,intensive agriculturalists,,"661,686",https://ehrafworldcultures.yale.edu/sres/25e83616-316d-4633-b095-5c6d38d9d7f6
90ecf607-69e2-408e-9466-e5af620458ca,"Pospisil, Leopold J.",Kapauku Papuans and their law,1958,233,Monograph,Kapauku,Oceania,Melanesia,intensive agriculturalists,,"661,686",https://ehrafworldcultures.yale.edu/sres/90ecf607-69e2-408e-9466-e5af620458ca
ccfdd711-caf1-401f-a9b7-6d45fc62bc28,"Pospisil, Leopold J.",Kapauku Papuans and their law,1958,233,Monograph,Kapauku,Oceania,Melanesia,intensive agriculturalists,,"661,686",https://ehrafworldcultures.yale.edu/sres/ccfdd711-caf1-401f-a9b7-6d45fc62bc28
dd41e14b-02c4-4d91-9ce1-f791b56eb928,"Pospisil, Leopold J.",Kapauku Papuans and their law,1958,233,Monograph,Kapauku,Oceania,Melanesia,intensive agriculturalists,,"661,686",https://ehrafworldcultures.yale.edu/sres/dd41e14b-02c4-4d91-9ce1-f791b56eb928
316b7da9-a62e-4afe-94d1-25f50d2a362a,"Pospisil, Leopold J.",Kapauku Papuans and their law,1958,233,Monograph,Kapauku,Oceania,Melanesia,intensive agriculturalists,,"661,686",https://ehrafworldcultures.yale.edu/sres/316b7da9-a62e-4afe-94d1-25f50d2a362a
2133211d-dc1a-4abe-8dcb-3c4decf06fe4,"Pospisil, Leopold J.",Kapauku Papuans and their law,1958,233,Monograph,Kapauku,Oceania,Melanesia,intensive agriculturalists,,"661,686",https://ehrafworldcultures.yale.edu/sres/2133211d-dc1a-4abe-8dcb-3c4decf06fe4
50cf17c5-79f2-402d-a4fc-249f92f3cd39,"Pospisil, Leopold J.",Kapauku Papuans and their law,1958,234,Monograph,Kapauku,Oceania,Melanesia,intensive agriculturalists,,"661,686",https://ehrafworldcultures.yale.edu/sres/50cf17c5-79f2-402d-a4fc-249f92f3cd39
65e32c70-465d-4ab5-bfc5-115d2a5fca78,"Pospisil, Leopold J.",Kapauku Papuans and their law,1958,234,Monograph,Kapauku,Oceania,Melanesia,intensive agriculturalists,,"661,686",https://ehrafworldcultures.yale.edu/sres/65e32c70-465d-4ab5-bfc5-115d2a5fca78
1306d7f6-fa90-4757-a7df-24f3d9b3d70e,"Pospisil, Leopold J.",Kapauku Papuans and their law,1958,234,Monograph,Kapauku,Oceania,Melanesia,intensive agriculturalists,,"661,686",https://ehrafworldcultures.yale.edu/sres/1306d7f6-fa90-4757-a7df-24f3d9b3d70e
78a0a840-0e0e-40d2-a9d4-7d33f4df07f3,"Pospisil, Leopold J.",Kapauku Papuans and their law,1958,234,Monograph,Kapauku,Oceania,Melanesia,intensive agriculturalists,,"661,686",https://ehrafworldcultures.yale.edu/sres/78a0a840-0e0e-40d2-a9d4-7d33f4df07f3
03500fa8-4b7b-420b-b64e-7953af8d1258,"Pospisil, Leopold J.",Kapauku Papuans and their law,1958,234,Monograph,Kapauku,Oceania,Melanesia,intensive agriculturalists,,"661,686",https://ehrafworldcultures.yale.edu/sres/03500fa8-4b7b-420b-b64e-7953af8d1258
608c52c4-3f11-4e7b-b9ab-f4be27906dc8,"Pospisil, Leopold J.",Kapauku Papuans and their law,1958,234,Monograph,Kapauku,Oceania,Melanesia,intensive agriculturalists,,687,https://ehrafworldcultures.yale.edu/sres/608c52c4-3f11-4e7b-b9ab-f4be27906dc8
a8f305a1-5778-4b50-a594-2e146cd56e1b,"Pospisil, Leopold J.",Kapauku Papuans and their law,1958,234,Monograph,Kapauku,Oceania,Melanesia,intensive agriculturalists,,687,https://ehrafworldcultures.yale.edu/sres/a8f305a1-5778-4b50-a594-2e146cd56e1b
b6f159df-6930-47a9-9e4f-ef552aba5090,"Pospisil, Leopold J.",Kapauku Papuans and their law,1958,234,Monograph,Kapauku,Oceania,Melanesia,intensive agriculturalists,,687,https://ehrafworldcultures.yale.edu/sres/b6f159df-6930-47a9-9e4f-ef552aba5090
2a8f97a2-b624-4168-aa8f-5ff88fc44e87,"Pospisil, Leopold J.",Kapauku Papuans and their law,1958,234,Monograph,Kapauku,Oceania,Melanesia,intensive agriculturalists,,687,https://ehrafworldcultures.yale.edu/sres/2a8f97a2-b624-4168-aa8f-5ff88fc44e87
c84f7fc1-5795-44f8-bd6a-2c8c7706af92,"Pospisil, Leopold J.",Kapauku Papuans and their law,1958,234,Monograph,Kapauku,Oceania,Melanesia,intensive agriculturalists,,687,https://ehrafworldcultures.yale.edu/sres/c84f7fc1-5795-44f8-bd6a-2c8c7706af92
07a47c79-e279-494f-9f4b-1c91f671232f,"Pospisil, Leopold J.",Kapauku Papuans and their law,1958,234,Monograph,Kapauku,Oceania,Melanesia,intensive agriculturalists,,687,https://ehrafworldcultures.yale.edu/sres/07a47c79-e279-494f-9f4b-1c91f671232f
ff0681fb-a395-4262-ab4d-2f680423b333,"Pospisil, Leopold J.",Kapauku Papuans and their law,1958,234,Monograph,Kapauku,Oceania,Melanesia,intensive agriculturalists,,687,https://ehrafworldcultures.yale.edu/sres/ff0681fb-a395-4262-ab4d-2f680423b333
e861b92a-6604-43ef-8362-084f5c26cce1,"Pospisil, Leopold J.",Kapauku Papuans and their law,1958,234,Monograph,Kapauku,Oceania,Melanesia,intensive agriculturalists,,687,https://ehrafworldcultures.yale.edu/sres/e861b92a-6604-43ef-8362-084f5c26cce1
f5862533-74c8-4d45-a5b0-1e0fe992e026,"Pospisil, Leopold J.",Kapauku Papuans and their law,1958,234,Monograph,Kapauku,Oceania,Melanesia,intensive agriculturalists,,687,https://ehrafworldcultures.yale.edu/sres/f5862533-74c8-4d45-a5b0-1e0fe992e026
94732aab-2e43-4082-a051-a99990ea15d1,"Pospisil, Leopold J.",Kapauku Papuans and their law,1958,234,Monograph,Kapauku,Oceania,Melanesia,intensive agriculturalists,,687,https://ehrafworldcultures.yale.edu/sres/94732aab-2e43-4082-a051-a99990ea15d1
e43c4278-3d43-4bdf-95c7-7bd47744ff84,"Pospisil, Leopold J.",Kapauku Papuans and their law,1958,234,Monograph,Kapauku,Oceania,Melanesia,intensive agriculturalists,,687,https://ehrafworldcultures.yale.edu/sres/e43c4278-3d43-4bdf-95c7-7bd47744ff84
3770e1b4-9e18-4f8e-b27b-f7aa3ca0d550,"Pospisil, Leopold J.",Kapauku Papuans and their law,1958,235,Monograph,Kapauku,Oceania,Melanesia,intensive agriculturalists,,687,https://ehrafworldcultures.yale.edu/sres/3770e1b4-9e18-4f8e-b27b-f7aa3ca0d550
e0bdd19a-346b-4bc3-9876-1a1e27baf9e7,"Pospisil, Leopold J.",Kapauku Papuans and their law,1958,235,Monograph,Kapauku,Oceania,Melanesia,intensive agriculturalists,,687,https://ehrafworldcultures.yale.edu/sres/e0bdd19a-346b-4bc3-9876-1a1e27baf9e7
444f1947-e742-450c-9bb6-216d9b0ab125,"Pospisil, Leopold J.",Kapauku Papuans and their law,1958,235,Monograph,Kapauku,Oceania,Melanesia,intensive agriculturalists,,687,https://ehrafworldcultures.yale.edu/sres/444f1947-e742-450c-9bb6-216d9b0ab125
4394ed8f-6517-404f-9143-4cf005496bbb,"Pospisil, Leopold J.",Kapauku Papuans and their law,1958,235,Monograph,Kapauku,Oceania,Melanesia,intensive agriculturalists,,687,https://ehrafworldcultures.yale.edu/sres/4394ed8f-6517-404f-9143-4cf005496bbb
d5a832d7-b60a-482d-9d25-55f8a1bd7ea0,"Pospisil, Leopold J.",Kapauku Papuans and their law,1958,235,Monograph,Kapauku,Oceania,Melanesia,intensive agriculturalists,,687,https://ehrafworldcultures.yale.edu/sres/d5a832d7-b60a-482d-9d25-55f8a1bd7ea0
30035f9c-0275-4d61-9269-03e703677ebc,"Pospisil, Leopold J.",Kapauku Papuans and their law,1958,235,Monograph,Kapauku,Oceania,Melanesia,intensive agriculturalists,,"312,476,687",https://ehrafworldcultures.yale.edu/sres/30035f9c-0275-4d61-9269-03e703677ebc
0b6b4a46-e91e-44fa-9578-1856f170bb51,"Pospisil, Leopold J.",Kapauku Papuans and their law,1958,235,Monograph,Kapauku,Oceania,Melanesia,intensive agriculturalists,,687,https://ehrafworldcultures.yale.edu/sres/0b6b4a46-e91e-44fa-9578-1856f170bb51
3b3253bc-819c-4d77-9d76-a5c3e60a50ed,"Pospisil, Leopold J.",Kapauku Papuans and their law,1958,235,Monograph,Kapauku,Oceania,Melanesia,intensive agriculturalists,,687,https://ehrafworldcultures.yale.edu/sres/3b3253bc-819c-4d77-9d76-a5c3e60a50ed
abab37a7-6fff-4350-9d90-5326de555c8d,"Pospisil, Leopold J.",Kapauku Papuans and their law,1958,235,Monograph,Kapauku,Oceania,Melanesia,intensive agriculturalists,,687,https://ehrafworldcultures.yale.edu/sres/abab37a7-6fff-4350-9d90-5326de555c8d
94c60585-edad-4294-8ef3-271f377aa167,"Pospisil, Leopold J.",Kapauku Papuans and their law,1958,235,Monograph,Kapauku,Oceania,Melanesia,intensive agriculturalists,,687,https://ehrafworldcultures.yale.edu/sres/94c60585-edad-4294-8ef3-271f377aa167
3c54f264-43e4-4026-b224-abc542ec13c7,"Pospisil, Leopold J.",Kapauku Papuans and their law,1958,235,Monograph,Kapauku,Oceania,Melanesia,intensive agriculturalists,,687,https://ehrafworldcultures.yale.edu/sres/3c54f264-43e4-4026-b224-abc542ec13c7
404992dd-94b3-45c0-851c-5190fc1c2f52,"Pospisil, Leopold J.",Kapauku Papuans and their law,1958,235,Monograph,Kapauku,Oceania,Melanesia,intensive agriculturalists,,687,https://ehrafworldcultures.yale.edu/sres/404992dd-94b3-45c0-851c-5190fc1c2f52
b071aa9e-1fc0-424a-895a-da6c09df58cc,"Pospisil, Leopold J.",Kapauku Papuans and their law,1958,236,Monograph,Kapauku,Oceania,Melanesia,intensive agriculturalists,,687,https://ehrafworldcultures.yale.edu/sres/b071aa9e-1fc0-424a-895a-da6c09df58cc
c8565700-b1b0-494d-a71e-4ac14ba36fcb,"Pospisil, Leopold J.",Kapauku Papuans and their law,1958,236,Monograph,Kapauku,Oceania,Melanesia,intensive agriculturalists,,687,https://ehrafworldcultures.yale.edu/sres/c8565700-b1b0-494d-a71e-4ac14ba36fcb
cd83b936-a3e2-405f-af57-5362048d8f0a,"Pospisil, Leopold J.",Kapauku Papuans and their law,1958,236,Monograph,Kapauku,Oceania,Melanesia,intensive agriculturalists,,687,https://ehrafworldcultures.yale.edu/sres/cd83b936-a3e2-405f-af57-5362048d8f0a
adc4ac0b-4aa1-42c5-9980-da84faa4b00e,"Pospisil, Leopold J.",Kapauku Papuans and their law,1958,236,Monograph,Kapauku,Oceania,Melanesia,intensive agriculturalists,,687,https://ehrafworldcultures.yale.edu/sres/adc4ac0b-4aa1-42c5-9980-da84faa4b00e
e39b7e55-6e49-4036-810a-214396d650c3,"Pospisil, Leopold J.",Kapauku Papuans and their law,1958,236,Monograph,Kapauku,Oceania,Melanesia,intensive agriculturalists,,687,https://ehrafworldcultures.yale.edu/sres/e39b7e55-6e49-4036-810a-214396d650c3
1a037bea-253d-44d7-ac70-58497d7b57a2,"Pospisil, Leopold J.",Kapauku Papuans and their law,1958,236,Monograph,Kapauku,Oceania,Melanesia,intensive agriculturalists,,687,https://ehrafworldcultures.yale.edu/sres/1a037bea-253d-44d7-ac70-58497d7b57a2
f49e5819-d606-41d8-bfd4-ce6705e110a2,"Pospisil, Leopold J.",Kapauku Papuans and their law,1958,236,Monograph,Kapauku,Oceania,Melanesia,intensive agriculturalists,,687,https://ehrafworldcultures.yale.edu/sres/f49e5819-d606-41d8-bfd4-ce6705e110a2
8a7dd5ed-03de-43ac-8782-6013bd3725d5,"Pospisil, Leopold J.",Kapauku Papuans and their law,1958,236,Monograph,Kapauku,Oceania,Melanesia,intensive agriculturalists,,687,https://ehrafworldcultures.yale.edu/sres/8a7dd5ed-03de-43ac-8782-6013bd3725d5
c0b2169d-7cde-479e-9ced-97354dec3572,"Pospisil, Leopold J.",Kapauku Papuans and their law,1958,236,Monograph,Kapauku,Oceania,Melanesia,intensive agriculturalists,,687,https://ehrafworldcultures.yale.edu/sres/c0b2169d-7cde-479e-9ced-97354dec3572
91f8c83c-88f1-45af-b8bb-e0c0de8e8767,"Pospisil, Leopold J.",Kapauku Papuans and their law,1958,236,Monograph,Kapauku,Oceania,Melanesia,intensive agriculturalists,,687,https://ehrafworldcultures.yale.edu/sres/91f8c83c-88f1-45af-b8bb-e0c0de8e8767
8b919af4-362a-40f2-999a-e3dcdc4f85c8,"Pospisil, Leopold J.",Kapauku Papuans and their law,1958,236,Monograph,Kapauku,Oceania,Melanesia,intensive agriculturalists,,687,https://ehrafworldcultures.yale.edu/sres/8b919af4-362a-40f2-999a-e3dcdc4f85c8
bb776805-8375-4c9a-89e4-70f805a97308,"Pospisil, Leopold J.",Kapauku Papuans and their law,1958,236,Monograph,Kapauku,Oceania,Melanesia,intensive agriculturalists,,687,https://ehrafworldcultures.yale.edu/sres/bb776805-8375-4c9a-89e4-70f805a97308
51dca9e1-262f-4293-8550-85eef5d6687c,"Pospisil, Leopold J.",Kapauku Papuans and their law,1958,237,Monograph,Kapauku,Oceania,Melanesia,intensive agriculturalists,,"648,687,703",https://ehrafworldcultures.yale.edu/sres/51dca9e1-262f-4293-8550-85eef5d6687c
c9808236-7c23-41f3-a08a-0135be034174,"Pospisil, Leopold J.",Kapauku Papuans and their law,1958,237,Monograph,Kapauku,Oceania,Melanesia,intensive agriculturalists,,687,https://ehrafworldcultures.yale.edu/sres/c9808236-7c23-41f3-a08a-0135be034174
4f47676a-edf8-4869-980e-39140126ed1e,"Pospisil, Leopold J.",Kapauku Papuans and their law,1958,237,Monograph,Kapauku,Oceania,Melanesia,intensive agriculturalists,,"672,687",https://ehrafworldcultures.yale.edu/sres/4f47676a-edf8-4869-980e-39140126ed1e
1aa50527-86e0-4e6d-8a4d-7431d9f088d8,"Pospisil, Leopold J.",Kapauku Papuans and their law,1958,237,Monograph,Kapauku,Oceania,Melanesia,intensive agriculturalists,,687,https://ehrafworldcultures.yale.edu/sres/1aa50527-86e0-4e6d-8a4d-7431d9f088d8
b0186af0-fb79-483a-be24-2f5c3eb7cd28,"Pospisil, Leopold J.",Kapauku Papuans and their law,1958,237,Monograph,Kapauku,Oceania,Melanesia,intensive agriculturalists,,687,https://ehrafworldcultures.yale.edu/sres/b0186af0-fb79-483a-be24-2f5c3eb7cd28
eab98faa-5f2e-4cfd-8c32-7ebbdf36160f,"Pospisil, Leopold J.",Kapauku Papuans and their law,1958,237,Monograph,Kapauku,Oceania,Melanesia,intensive agriculturalists,,687,https://ehrafworldcultures.yale.edu/sres/eab98faa-5f2e-4cfd-8c32-7ebbdf36160f
8572a7aa-5613-4a42-9e18-513e94111c8a,"Pospisil, Leopold J.",Kapauku Papuans and their law,1958,237,Monograph,Kapauku,Oceania,Melanesia,intensive agriculturalists,,"687,787",https://ehrafworldcultures.yale.edu/sres/8572a7aa-5613-4a42-9e18-513e94111c8a
3e495efa-a67d-412e-9b6d-e6577a0e7968,"Pospisil, Leopold J.",Kapauku Papuans and their law,1958,237,Monograph,Kapauku,Oceania,Melanesia,intensive agriculturalists,,"687,755",https://ehrafworldcultures.yale.edu/sres/3e495efa-a67d-412e-9b6d-e6577a0e7968
1f0d0f11-92df-4c50-a07a-5185ea3b693b,"Pospisil, Leopold J.",Kapauku Papuans and their law,1958,237,Monograph,Kapauku,Oceania,Melanesia,intensive agriculturalists,,"681,687",https://ehrafworldcultures.yale.edu/sres/1f0d0f11-92df-4c50-a07a-5185ea3b693b
24c17ada-dc29-441d-a056-16cc1bb5b571,"Pospisil, Leopold J.",Kapauku Papuans and their law,1958,237,Monograph,Kapauku,Oceania,Melanesia,intensive agriculturalists,,687,https://ehrafworldcultures.yale.edu/sres/24c17ada-dc29-441d-a056-16cc1bb5b571
1bbe26d6-891b-48f8-9e2f-36ca009e9b49,"Pospisil, Leopold J.",Kapauku Papuans and their law,1958,237,Monograph,Kapauku,Oceania,Melanesia,intensive agriculturalists,,"687,726",https://ehrafworldcultures.yale.edu/sres/1bbe26d6-891b-48f8-9e2f-36ca009e9b49
d300ae66-819d-48a5-87c9-2ee8e6bffc0a,"Pospisil, Leopold J.",Kapauku Papuans and their law,1958,237,Monograph,Kapauku,Oceania,Melanesia,intensive agriculturalists,,"687,726",https://ehrafworldcultures.yale.edu/sres/d300ae66-819d-48a5-87c9-2ee8e6bffc0a
1535d6c3-7d18-4692-be49-d25ea748ac29,"Pospisil, Leopold J.",Kapauku Papuans and their law,1958,237,Monograph,Kapauku,Oceania,Melanesia,intensive agriculturalists,,"687,726",https://ehrafworldcultures.yale.edu/sres/1535d6c3-7d18-4692-be49-d25ea748ac29
a9278f99-a0fe-4b00-9481-840d9af973dd,"Pospisil, Leopold J.",Kapauku Papuans and their law,1958,238,Monograph,Kapauku,Oceania,Melanesia,intensive agriculturalists,,687,https://ehrafworldcultures.yale.edu/sres/a9278f99-a0fe-4b00-9481-840d9af973dd
bd3b0328-d0f3-4933-9b35-389e7569c179,"Pospisil, Leopold J.",Kapauku Papuans and their law,1958,238,Monograph,Kapauku,Oceania,Melanesia,intensive agriculturalists,,687,https://ehrafworldcultures.yale.edu/sres/bd3b0328-d0f3-4933-9b35-389e7569c179
f068b14c-2f38-4599-9515-0e1823f94d46,"Pospisil, Leopold J.",Kapauku Papuans and their law,1958,238,Monograph,Kapauku,Oceania,Melanesia,intensive agriculturalists,,"593,684",https://ehrafworldcultures.yale.edu/sres/f068b14c-2f38-4599-9515-0e1823f94d46
4c93bebe-dab2-4038-8073-c4a53a348af3,"Pospisil, Leopold J.",Kapauku Papuans and their law,1958,238,Monograph,Kapauku,Oceania,Melanesia,intensive agriculturalists,,"593,684",https://ehrafworldcultures.yale.edu/sres/4c93bebe-dab2-4038-8073-c4a53a348af3
d60eb7d2-e531-4c40-8232-d0db0488a7b3,"Pospisil, Leopold J.",Kapauku Papuans and their law,1958,238,Monograph,Kapauku,Oceania,Melanesia,intensive agriculturalists,,"593,684",https://ehrafworldcultures.yale.edu/sres/d60eb7d2-e531-4c40-8232-d0db0488a7b3
43dbdef7-22a1-406a-8ba4-2e14e5439f3e,"Pospisil, Leopold J.",Kapauku Papuans and their law,1958,238,Monograph,Kapauku,Oceania,Melanesia,intensive agriculturalists,,"593,684",https://ehrafworldcultures.yale.edu/sres/43dbdef7-22a1-406a-8ba4-2e14e5439f3e
b256bc20-7e49-41e2-9517-b55ee5ec7c14,"Pospisil, Leopold J.",Kapauku Papuans and their law,1958,238,Monograph,Kapauku,Oceania,Melanesia,intensive agriculturalists,,"593,684",https://ehrafworldcultures.yale.edu/sres/b256bc20-7e49-41e2-9517-b55ee5ec7c14
182f65f8-1e6a-47cb-8431-1a3230fb95ef,"Pospisil, Leopold J.",Kapauku Papuans and their law,1958,238,Monograph,Kapauku,Oceania,Melanesia,intensive agriculturalists,,"593,684",https://ehrafworldcultures.yale.edu/sres/182f65f8-1e6a-47cb-8431-1a3230fb95ef
c9800679-5054-4446-bf37-3c4aa054268d,"Pospisil, Leopold J.",Kapauku Papuans and their law,1958,238,Monograph,Kapauku,Oceania,Melanesia,intensive agriculturalists,,"593,684",https://ehrafworldcultures.yale.edu/sres/c9800679-5054-4446-bf37-3c4aa054268d
6203dcd1-33df-461c-995e-a93dd9016794,"Pospisil, Leopold J.",Kapauku Papuans and their law,1958,238,Monograph,Kapauku,Oceania,Melanesia,intensive agriculturalists,,"593,684",https://ehrafworldcultures.yale.edu/sres/6203dcd1-33df-461c-995e-a93dd9016794
9501ba1c-4ea3-4823-81d6-7f31499586b1,"Pospisil, Leopold J.",Kapauku Papuans and their law,1958,238,Monograph,Kapauku,Oceania,Melanesia,intensive agriculturalists,,"593,684",https://ehrafworldcultures.yale.edu/sres/9501ba1c-4ea3-4823-81d6-7f31499586b1
57951786-457e-4a00-b4a1-8beccb626caa,"Pospisil, Leopold J.",Kapauku Papuans and their law,1958,238,Monograph,Kapauku,Oceania,Melanesia,intensive agriculturalists,,"593,684",https://ehrafworldcultures.yale.edu/sres/57951786-457e-4a00-b4a1-8beccb626caa
d180b662-2b7b-42a0-91a7-be65bf57c2a0,"Pospisil, Leopold J.",Kapauku Papuans and their law,1958,238,Monograph,Kapauku,Oceania,Melanesia,intensive agriculturalists,,"593,684",https://ehrafworldcultures.yale.edu/sres/d180b662-2b7b-42a0-91a7-be65bf57c2a0
4511d7a8-758d-4178-b3a9-9b6e479e5585,"Pospisil, Leopold J.",Kapauku Papuans and their law,1958,238,Monograph,Kapauku,Oceania,Melanesia,intensive agriculturalists,,"593,684",https://ehrafworldcultures.yale.edu/sres/4511d7a8-758d-4178-b3a9-9b6e479e5585
75f6fc73-98e5-4233-9929-f1a2386d70c7,"Pospisil, Leopold J.",Kapauku Papuans and their law,1958,238,Monograph,Kapauku,Oceania,Melanesia,intensive agriculturalists,,"593,684",https://ehrafworldcultures.yale.edu/sres/75f6fc73-98e5-4233-9929-f1a2386d70c7
0c2a34da-f8e1-44bb-8b7e-cda17d15b865,"Pospisil, Leopold J.",Kapauku Papuans and their law,1958,238,Monograph,Kapauku,Oceania,Melanesia,intensive agriculturalists,,684,https://ehrafworldcultures.yale.edu/sres/0c2a34da-f8e1-44bb-8b7e-cda17d15b865
946d3eee-fedb-4c60-9c22-5796fad468ef,"Pospisil, Leopold J.",Kapauku Papuans and their law,1958,239,Monograph,Kapauku,Oceania,Melanesia,intensive agriculturalists,,684,https://ehrafworldcultures.yale.edu/sres/946d3eee-fedb-4c60-9c22-5796fad468ef
3b3ab9ac-8d47-4f30-ad5e-9f6769026113,"Pospisil, Leopold J.",Kapauku Papuans and their law,1958,239,Monograph,Kapauku,Oceania,Melanesia,intensive agriculturalists,,684,https://ehrafworldcultures.yale.edu/sres/3b3ab9ac-8d47-4f30-ad5e-9f6769026113
7d656954-e3ac-4731-abc0-221236a47e46,"Pospisil, Leopold J.",Kapauku Papuans and their law,1958,239,Monograph,Kapauku,Oceania,Melanesia,intensive agriculturalists,,684,https://ehrafworldcultures.yale.edu/sres/7d656954-e3ac-4731-abc0-221236a47e46
def215d6-4c61-4d59-8b6c-dd321cbb7ecf,"Pospisil, Leopold J.",Kapauku Papuans and their law,1958,239,Monograph,Kapauku,Oceania,Melanesia,intensive agriculturalists,,684,https://ehrafworldcultures.yale.edu/sres/def215d6-4c61-4d59-8b6c-dd321cbb7ecf
e9da0c8a-f098-4b80-9bf5-80dec4868b7e,"Pospisil, Leopold J.",Kapauku Papuans and their law,1958,239,Monograph,Kapauku,Oceania,Melanesia,intensive agriculturalists,,684,https://ehrafworldcultures.yale.edu/sres/e9da0c8a-f098-4b80-9bf5-80dec4868b7e
0c2f3949-778e-42ef-8dc5-950c4915f5a4,"Pospisil, Leopold J.",Kapauku Papuans and their law,1958,239,Monograph,Kapauku,Oceania,Melanesia,intensive agriculturalists,,684,https://ehrafworldcultures.yale.edu/sres/0c2f3949-778e-42ef-8dc5-950c4915f5a4
c30ceca7-2589-4fbb-bae2-c9fc572357d4,"Pospisil, Leopold J.",Kapauku Papuans and their law,1958,239,Monograph,Kapauku,Oceania,Melanesia,intensive agriculturalists,,684,https://ehrafworldcultures.yale.edu/sres/c30ceca7-2589-4fbb-bae2-c9fc572357d4
f535a20d-0864-4eff-be31-ed5d1196bb11,"Pospisil, Leopold J.",Kapauku Papuans and their law,1958,239,Monograph,Kapauku,Oceania,Melanesia,intensive agriculturalists,,684,https://ehrafworldcultures.yale.edu/sres/f535a20d-0864-4eff-be31-ed5d1196bb11
4d454ed6-97d7-4812-81c7-ee0915187e95,"Pospisil, Leopold J.",Kapauku Papuans and their law,1958,239,Monograph,Kapauku,Oceania,Melanesia,intensive agriculturalists,,684,https://ehrafworldcultures.yale.edu/sres/4d454ed6-97d7-4812-81c7-ee0915187e95
d5a0e3ef-5956-4fbc-8650-2b07c1e305df,"Pospisil, Leopold J.",Kapauku Papuans and their law,1958,239,Monograph,Kapauku,Oceania,Melanesia,intensive agriculturalists,,684,https://ehrafworldcultures.yale.edu/sres/d5a0e3ef-5956-4fbc-8650-2b07c1e305df
73c87425-ea2f-409c-96ff-0a419847df5c,"Pospisil, Leopold J.",Kapauku Papuans and their law,1958,239,Monograph,Kapauku,Oceania,Melanesia,intensive agriculturalists,,684,https://ehrafworldcultures.yale.edu/sres/73c87425-ea2f-409c-96ff-0a419847df5c
7948d163-d7af-407e-ac9e-0df663ab1b5f,"Pospisil, Leopold J.",Kapauku Papuans and their law,1958,239,Monograph,Kapauku,Oceania,Melanesia,intensive agriculturalists,,684,https://ehrafworldcultures.yale.edu/sres/7948d163-d7af-407e-ac9e-0df663ab1b5f
1bddc912-721d-4c5d-b976-4cdad9a746b0,"Pospisil, Leopold J.",Kapauku Papuans and their law,1958,239,Monograph,Kapauku,Oceania,Melanesia,intensive agriculturalists,,684,https://ehrafworldcultures.yale.edu/sres/1bddc912-721d-4c5d-b976-4cdad9a746b0
3589a013-26c3-4263-be7c-a6c328073dec,"Pospisil, Leopold J.",Kapauku Papuans and their law,1958,239,Monograph,Kapauku,Oceania,Melanesia,intensive agriculturalists,,684,https://ehrafworldcultures.yale.edu/sres/3589a013-26c3-4263-be7c-a6c328073dec
1b21f69c-bb99-449a-8abe-3aba48869f02,"Pospisil, Leopold J.",Kapauku Papuans and their law,1958,239,Monograph,Kapauku,Oceania,Melanesia,intensive agriculturalists,,684,https://ehrafworldcultures.yale.edu/sres/1b21f69c-bb99-449a-8abe-3aba48869f02
7f891ec9-a448-439e-a124-6bb2fbeeef1a,"Pospisil, Leopold J.",Kapauku Papuans and their law,1958,239,Monograph,Kapauku,Oceania,Melanesia,intensive agriculturalists,,684,https://ehrafworldcultures.yale.edu/sres/7f891ec9-a448-439e-a124-6bb2fbeeef1a
68a64ef7-0834-4ffb-8318-2b3a67ce0d73,"Pospisil, Leopold J.",Kapauku Papuans and their law,1958,239,Monograph,Kapauku,Oceania,Melanesia,intensive agriculturalists,,684,https://ehrafworldcultures.yale.edu/sres/68a64ef7-0834-4ffb-8318-2b3a67ce0d73
5a64ccce-13fe-4ede-a171-bc16014f85ef,"Pospisil, Leopold J.",Kapauku Papuans and their law,1958,240,Monograph,Kapauku,Oceania,Melanesia,intensive agriculturalists,,684,https://ehrafworldcultures.yale.edu/sres/5a64ccce-13fe-4ede-a171-bc16014f85ef
efa87d8f-ce07-4d00-8ecb-9dc2abdfcac9,"Pospisil, Leopold J.",Kapauku Papuans and their law,1958,240,Monograph,Kapauku,Oceania,Melanesia,intensive agriculturalists,,684,https://ehrafworldcultures.yale.edu/sres/efa87d8f-ce07-4d00-8ecb-9dc2abdfcac9
7271bce1-4f99-46a5-8b78-28e1ed652dff,"Pospisil, Leopold J.",Kapauku Papuans and their law,1958,240,Monograph,Kapauku,Oceania,Melanesia,intensive agriculturalists,,684,https://ehrafworldcultures.yale.edu/sres/7271bce1-4f99-46a5-8b78-28e1ed652dff
71c12401-84ec-4b5e-a6e6-f39291868ab6,"Pospisil, Leopold J.",Kapauku Papuans and their law,1958,240,Monograph,Kapauku,Oceania,Melanesia,intensive agriculturalists,,684,https://ehrafworldcultures.yale.edu/sres/71c12401-84ec-4b5e-a6e6-f39291868ab6
c2d40621-9844-4f9c-a19c-d240f8754b21,"Pospisil, Leopold J.",Kapauku Papuans and their law,1958,240,Monograph,Kapauku,Oceania,Melanesia,intensive agriculturalists,,684,https://ehrafworldcultures.yale.edu/sres/c2d40621-9844-4f9c-a19c-d240f8754b21
8f28e7a3-e0c1-4679-bc1b-63539d8ca9b2,"Pospisil, Leopold J.",Kapauku Papuans and their law,1958,240,Monograph,Kapauku,Oceania,Melanesia,intensive agriculturalists,,684,https://ehrafworldcultures.yale.edu/sres/8f28e7a3-e0c1-4679-bc1b-63539d8ca9b2
8b90ecd5-2dcb-49b1-a16f-5dfc15ba977e,"Pospisil, Leopold J.",Kapauku Papuans and their law,1958,240,Monograph,Kapauku,Oceania,Melanesia,intensive agriculturalists,,684,https://ehrafworldcultures.yale.edu/sres/8b90ecd5-2dcb-49b1-a16f-5dfc15ba977e
55936672-f785-4870-a273-2c6db7eba38b,"Pospisil, Leopold J.",Kapauku Papuans and their law,1958,240,Monograph,Kapauku,Oceania,Melanesia,intensive agriculturalists,,684,https://ehrafworldcultures.yale.edu/sres/55936672-f785-4870-a273-2c6db7eba38b
ea012533-a7ab-4163-b242-062f4e7f92d4,"Pospisil, Leopold J.",Kapauku Papuans and their law,1958,240,Monograph,Kapauku,Oceania,Melanesia,intensive agriculturalists,,684,https://ehrafworldcultures.yale.edu/sres/ea012533-a7ab-4163-b242-062f4e7f92d4
19945f20-ae9a-451c-b0ce-713496ea3e9d,"Pospisil, Leopold J.",Kapauku Papuans and their law,1958,240,Monograph,Kapauku,Oceania,Melanesia,intensive agriculturalists,,684,https://ehrafworldcultures.yale.edu/sres/19945f20-ae9a-451c-b0ce-713496ea3e9d
2ef92384-3484-402c-bce5-76f1e701d9cb,"Pospisil, Leopold J.",Kapauku Papuans and their law,1958,240,Monograph,Kapauku,Oceania,Melanesia,intensive agriculturalists,,684,https://ehrafworldcultures.yale.edu/sres/2ef92384-3484-402c-bce5-76f1e701d9cb
f6e911b2-ebee-4551-9f04-508f547d9099,"Pospisil, Leopold J.",Kapauku Papuans and their law,1958,240,Monograph,Kapauku,Oceania,Melanesia,intensive agriculturalists,,684,https://ehrafworldcultures.yale.edu/sres/f6e911b2-ebee-4551-9f04-508f547d9099
b9a652ac-5eab-4334-9953-1880d479b37e,"Pospisil, Leopold J.",Kapauku Papuans and their law,1958,240,Monograph,Kapauku,Oceania,Melanesia,intensive agriculturalists,,684,https://ehrafworldcultures.yale.edu/sres/b9a652ac-5eab-4334-9953-1880d479b37e
eebc6198-e82e-460d-a85e-ad7f4afe639f,"Pospisil, Leopold J.",Kapauku Papuans and their law,1958,240,Monograph,Kapauku,Oceania,Melanesia,intensive agriculturalists,,684,https://ehrafworldcultures.yale.edu/sres/eebc6198-e82e-460d-a85e-ad7f4afe639f
25027fde-b79e-422f-945a-82e04816e16b,"Pospisil, Leopold J.",Kapauku Papuans and their law,1958,240,Monograph,Kapauku,Oceania,Melanesia,intensive agriculturalists,,684,https://ehrafworldcultures.yale.edu/sres/25027fde-b79e-422f-945a-82e04816e16b
1b15d791-68fb-43cf-a737-7f143779bab1,"Pospisil, Leopold J.",Kapauku Papuans and their law,1958,240,Monograph,Kapauku,Oceania,Melanesia,intensive agriculturalists,,684,https://ehrafworldcultures.yale.edu/sres/1b15d791-68fb-43cf-a737-7f143779bab1
d826e809-3529-4680-9621-766f5d27c593,"Pospisil, Leopold J.",Kapauku Papuans and their law,1958,241,Monograph,Kapauku,Oceania,Melanesia,intensive agriculturalists,,684,https://ehrafworldcultures.yale.edu/sres/d826e809-3529-4680-9621-766f5d27c593
e817f72a-9541-4fb2-a3b9-7531938ce4c6,"Pospisil, Leopold J.",Kapauku Papuans and their law,1958,241,Monograph,Kapauku,Oceania,Melanesia,intensive agriculturalists,,684,https://ehrafworldcultures.yale.edu/sres/e817f72a-9541-4fb2-a3b9-7531938ce4c6
75197d63-b0b0-4f3b-b01c-b100122152e6,"Pospisil, Leopold J.",Kapauku Papuans and their law,1958,241,Monograph,Kapauku,Oceania,Melanesia,intensive agriculturalists,,684,https://ehrafworldcultures.yale.edu/sres/75197d63-b0b0-4f3b-b01c-b100122152e6
d47e5f20-073b-4583-8c34-16754b066066,"Pospisil, Leopold J.",Kapauku Papuans and their law,1958,241,Monograph,Kapauku,Oceania,Melanesia,intensive agriculturalists,,684,https://ehrafworldcultures.yale.edu/sres/d47e5f20-073b-4583-8c34-16754b066066
b4876c8a-fd17-42e3-8e42-539398d73556,"Pospisil, Leopold J.",Kapauku Papuans and their law,1958,241,Monograph,Kapauku,Oceania,Melanesia,intensive agriculturalists,,684,https://ehrafworldcultures.yale.edu/sres/b4876c8a-fd17-42e3-8e42-539398d73556
eff56a1c-a982-4b5e-82b0-28b0ff33c2f5,"Pospisil, Leopold J.",Kapauku Papuans and their law,1958,241,Monograph,Kapauku,Oceania,Melanesia,intensive agriculturalists,,684,https://ehrafworldcultures.yale.edu/sres/eff56a1c-a982-4b5e-82b0-28b0ff33c2f5
70231330-5469-4b9b-8be4-dda19b932696,"Pospisil, Leopold J.",Kapauku Papuans and their law,1958,241,Monograph,Kapauku,Oceania,Melanesia,intensive agriculturalists,,684,https://ehrafworldcultures.yale.edu/sres/70231330-5469-4b9b-8be4-dda19b932696
ec4efc70-c891-42a1-9ff1-95c36b9509b7,"Pospisil, Leopold J.",Kapauku Papuans and their law,1958,241,Monograph,Kapauku,Oceania,Melanesia,intensive agriculturalists,,684,https://ehrafworldcultures.yale.edu/sres/ec4efc70-c891-42a1-9ff1-95c36b9509b7
e1af3a22-480d-40dc-b150-0f90b56b42ac,"Pospisil, Leopold J.",Kapauku Papuans and their law,1958,241,Monograph,Kapauku,Oceania,Melanesia,intensive agriculturalists,,"586,595,684",https://ehrafworldcultures.yale.edu/sres/e1af3a22-480d-40dc-b150-0f90b56b42ac
07f6de31-ecfd-4f72-980f-4ac91bea3b80,"Pospisil, Leopold J.",Kapauku Papuans and their law,1958,241,Monograph,Kapauku,Oceania,Melanesia,intensive agriculturalists,,684,https://ehrafworldcultures.yale.edu/sres/07f6de31-ecfd-4f72-980f-4ac91bea3b80
34965cb0-d52d-4112-aa23-08e6b7265e08,"Pospisil, Leopold J.",Kapauku Papuans and their law,1958,241,Monograph,Kapauku,Oceania,Melanesia,intensive agriculturalists,,684,https://ehrafworldcultures.yale.edu/sres/34965cb0-d52d-4112-aa23-08e6b7265e08
0cebc39e-04b7-400b-b13a-7396da08216e,"Pospisil, Leopold J.",Kapauku Papuans and their law,1958,241,Monograph,Kapauku,Oceania,Melanesia,intensive agriculturalists,,684,https://ehrafworldcultures.yale.edu/sres/0cebc39e-04b7-400b-b13a-7396da08216e
9fedc48b-674d-40f1-8175-d363c6a11f89,"Pospisil, Leopold J.",Kapauku Papuans and their law,1958,241,Monograph,Kapauku,Oceania,Melanesia,intensive agriculturalists,,684,https://ehrafworldcultures.yale.edu/sres/9fedc48b-674d-40f1-8175-d363c6a11f89
a8cae45f-471c-4074-8013-2ad63fa889de,"Pospisil, Leopold J.",Kapauku Papuans and their law,1958,242,Monograph,Kapauku,Oceania,Melanesia,intensive agriculturalists,,684,https://ehrafworldcultures.yale.edu/sres/a8cae45f-471c-4074-8013-2ad63fa889de
c2dc3228-85eb-41b6-a209-6149052aa0fd,"Pospisil, Leopold J.",Kapauku Papuans and their law,1958,242,Monograph,Kapauku,Oceania,Melanesia,intensive agriculturalists,,684,https://ehrafworldcultures.yale.edu/sres/c2dc3228-85eb-41b6-a209-6149052aa0fd
584f64d0-2e68-4b0e-8673-827cb032b57d,"Pospisil, Leopold J.",Kapauku Papuans and their law,1958,242,Monograph,Kapauku,Oceania,Melanesia,intensive agriculturalists,,684,https://ehrafworldcultures.yale.edu/sres/584f64d0-2e68-4b0e-8673-827cb032b57d
b8eea21a-58a7-4548-aaf8-4c3acb13966d,"Pospisil, Leopold J.",Kapauku Papuans and their law,1958,242,Monograph,Kapauku,Oceania,Melanesia,intensive agriculturalists,,684,https://ehrafworldcultures.yale.edu/sres/b8eea21a-58a7-4548-aaf8-4c3acb13966d
a880fcfe-38c1-4cf7-9e76-e71c3fbed24b,"Pospisil, Leopold J.",Kapauku Papuans and their law,1958,242,Monograph,Kapauku,Oceania,Melanesia,intensive agriculturalists,,684,https://ehrafworldcultures.yale.edu/sres/a880fcfe-38c1-4cf7-9e76-e71c3fbed24b
e955fd43-746d-458f-b176-e57dc2d7dc33,"Pospisil, Leopold J.",Kapauku Papuans and their law,1958,242,Monograph,Kapauku,Oceania,Melanesia,intensive agriculturalists,,684,https://ehrafworldcultures.yale.edu/sres/e955fd43-746d-458f-b176-e57dc2d7dc33
177fac0b-b941-4c16-bcbf-f915a1fc42e2,"Pospisil, Leopold J.",Kapauku Papuans and their law,1958,242,Monograph,Kapauku,Oceania,Melanesia,intensive agriculturalists,,684,https://ehrafworldcultures.yale.edu/sres/177fac0b-b941-4c16-bcbf-f915a1fc42e2
0792b70e-42de-49c9-bbbd-7fcae895f1b3,"Pospisil, Leopold J.",Kapauku Papuans and their law,1958,242,Monograph,Kapauku,Oceania,Melanesia,intensive agriculturalists,,684,https://ehrafworldcultures.yale.edu/sres/0792b70e-42de-49c9-bbbd-7fcae895f1b3
93eb6c19-94bf-4768-bb2b-438716c46920,"Pospisil, Leopold J.",Kapauku Papuans and their law,1958,242,Monograph,Kapauku,Oceania,Melanesia,intensive agriculturalists,,684,https://ehrafworldcultures.yale.edu/sres/93eb6c19-94bf-4768-bb2b-438716c46920
c1cf2004-e83b-42f3-ba77-1274f6f21863,"Pospisil, Leopold J.",Kapauku Papuans and their law,1958,242,Monograph,Kapauku,Oceania,Melanesia,intensive agriculturalists,,684,https://ehrafworldcultures.yale.edu/sres/c1cf2004-e83b-42f3-ba77-1274f6f21863
f05a7c1f-3a6f-43c8-b6b6-931a462c60d9,"Pospisil, Leopold J.",Kapauku Papuans and their law,1958,242,Monograph,Kapauku,Oceania,Melanesia,intensive agriculturalists,,684,https://ehrafworldcultures.yale.edu/sres/f05a7c1f-3a6f-43c8-b6b6-931a462c60d9
751eedf9-1115-45ad-b18d-4a6428d5c348,"Pospisil, Leopold J.",Kapauku Papuans and their law,1958,242,Monograph,Kapauku,Oceania,Melanesia,intensive agriculturalists,,684,https://ehrafworldcultures.yale.edu/sres/751eedf9-1115-45ad-b18d-4a6428d5c348
b6e63fde-4cce-4d2d-9856-6097034ac399,"Pospisil, Leopold J.",Kapauku Papuans and their law,1958,242,Monograph,Kapauku,Oceania,Melanesia,intensive agriculturalists,,684,https://ehrafworldcultures.yale.edu/sres/b6e63fde-4cce-4d2d-9856-6097034ac399
cdb721fa-3c32-44a9-959d-cf06c66eaafa,"Pospisil, Leopold J.",Kapauku Papuans and their law,1958,242,Monograph,Kapauku,Oceania,Melanesia,intensive agriculturalists,,684,https://ehrafworldcultures.yale.edu/sres/cdb721fa-3c32-44a9-959d-cf06c66eaafa
f0ef729d-089a-430a-b8bc-4d4d832eedf4,"Pospisil, Leopold J.",Kapauku Papuans and their law,1958,242,Monograph,Kapauku,Oceania,Melanesia,intensive agriculturalists,,684,https://ehrafworldcultures.yale.edu/sres/f0ef729d-089a-430a-b8bc-4d4d832eedf4
e644aa3a-b82b-4a09-aa1b-4ced6ddb4d5a,"Pospisil, Leopold J.",Kapauku Papuans and their law,1958,243,Monograph,Kapauku,Oceania,Melanesia,intensive agriculturalists,,684,https://ehrafworldcultures.yale.edu/sres/e644aa3a-b82b-4a09-aa1b-4ced6ddb4d5a
3090121a-35d4-43e6-9c84-360c0ffbee18,"Pospisil, Leopold J.",Kapauku Papuans and their law,1958,243,Monograph,Kapauku,Oceania,Melanesia,intensive agriculturalists,,684,https://ehrafworldcultures.yale.edu/sres/3090121a-35d4-43e6-9c84-360c0ffbee18
ce56ce6f-69d8-4bfe-beb7-af5651478985,"Pospisil, Leopold J.",Kapauku Papuans and their law,1958,243,Monograph,Kapauku,Oceania,Melanesia,intensive agriculturalists,,684,https://ehrafworldcultures.yale.edu/sres/ce56ce6f-69d8-4bfe-beb7-af5651478985
b883488d-98ae-45ac-a481-ae04ffc118a6,"Pospisil, Leopold J.",Kapauku Papuans and their law,1958,243,Monograph,Kapauku,Oceania,Melanesia,intensive agriculturalists,,684,https://ehrafworldcultures.yale.edu/sres/b883488d-98ae-45ac-a481-ae04ffc118a6
ff81502b-7299-467e-9dab-6fa2b5e7a463,"Pospisil, Leopold J.",Kapauku Papuans and their law,1958,243,Monograph,Kapauku,Oceania,Melanesia,intensive agriculturalists,,684,https://ehrafworldcultures.yale.edu/sres/ff81502b-7299-467e-9dab-6fa2b5e7a463
a600ad32-5cc1-4410-add1-8e1b873d4d21,"Pospisil, Leopold J.",Kapauku Papuans and their law,1958,243,Monograph,Kapauku,Oceania,Melanesia,intensive agriculturalists,,684,https://ehrafworldcultures.yale.edu/sres/a600ad32-5cc1-4410-add1-8e1b873d4d21
13ad4242-0952-4571-9e2d-480da241ab21,"Pospisil, Leopold J.",Kapauku Papuans and their law,1958,243,Monograph,Kapauku,Oceania,Melanesia,intensive agriculturalists,,684,https://ehrafworldcultures.yale.edu/sres/13ad4242-0952-4571-9e2d-480da241ab21
dc0b9719-35a7-4790-9c0c-44764255db33,"Pospisil, Leopold J.",Kapauku Papuans and their law,1958,243,Monograph,Kapauku,Oceania,Melanesia,intensive agriculturalists,,"595,684",https://ehrafworldcultures.yale.edu/sres/dc0b9719-35a7-4790-9c0c-44764255db33
9d6f8a8e-e68f-4fb1-9a1d-31075b19f688,"Pospisil, Leopold J.",Kapauku Papuans and their law,1958,243,Monograph,Kapauku,Oceania,Melanesia,intensive agriculturalists,,684,https://ehrafworldcultures.yale.edu/sres/9d6f8a8e-e68f-4fb1-9a1d-31075b19f688
5b7ef9ed-a53c-4384-a3d7-5f1596ce414e,"Pospisil, Leopold J.",Kapauku Papuans and their law,1958,243,Monograph,Kapauku,Oceania,Melanesia,intensive agriculturalists,,684,https://ehrafworldcultures.yale.edu/sres/5b7ef9ed-a53c-4384-a3d7-5f1596ce414e
db911e73-7753-4274-9101-1aeeb74fd89b,"Pospisil, Leopold J.",Kapauku Papuans and their law,1958,243,Monograph,Kapauku,Oceania,Melanesia,intensive agriculturalists,,684,https://ehrafworldcultures.yale.edu/sres/db911e73-7753-4274-9101-1aeeb74fd89b
c5eccf9f-486a-42c6-8bf2-70eedace8d30,"Pospisil, Leopold J.",Kapauku Papuans and their law,1958,243,Monograph,Kapauku,Oceania,Melanesia,intensive agriculturalists,,684,https://ehrafworldcultures.yale.edu/sres/c5eccf9f-486a-42c6-8bf2-70eedace8d30
6723fa07-d51a-4ba2-a406-f0583400ff11,"Pospisil, Leopold J.",Kapauku Papuans and their law,1958,243,Monograph,Kapauku,Oceania,Melanesia,intensive agriculturalists,,684,https://ehrafworldcultures.yale.edu/sres/6723fa07-d51a-4ba2-a406-f0583400ff11
c9933c89-51a8-428a-b679-3334794df4c4,"Pospisil, Leopold J.",Kapauku Papuans and their law,1958,243,Monograph,Kapauku,Oceania,Melanesia,intensive agriculturalists,,"184,689",https://ehrafworldcultures.yale.edu/sres/c9933c89-51a8-428a-b679-3334794df4c4
2561d1fd-f86c-4c4a-add4-10149a5ac44a,"Pospisil, Leopold J.",Kapauku Papuans and their law,1958,244,Monograph,Kapauku,Oceania,Melanesia,intensive agriculturalists,,"184,689",https://ehrafworldcultures.yale.edu/sres/2561d1fd-f86c-4c4a-add4-10149a5ac44a
0b6c267b-1497-4cec-a714-552ccb503563,"Pospisil, Leopold J.",Kapauku Papuans and their law,1958,244,Monograph,Kapauku,Oceania,Melanesia,intensive agriculturalists,,"184,689",https://ehrafworldcultures.yale.edu/sres/0b6c267b-1497-4cec-a714-552ccb503563
1ef7a4ea-e8a1-4f7b-9aca-e3ddcadb7687,"Pospisil, Leopold J.",Kapauku Papuans and their law,1958,244,Monograph,Kapauku,Oceania,Melanesia,intensive agriculturalists,,"184,689",https://ehrafworldcultures.yale.edu/sres/1ef7a4ea-e8a1-4f7b-9aca-e3ddcadb7687
e8cb6ca8-490b-4a1c-b21b-cc31d3f5bfda,"Pospisil, Leopold J.",Kapauku Papuans and their law,1958,244,Monograph,Kapauku,Oceania,Melanesia,intensive agriculturalists,,"184,689",https://ehrafworldcultures.yale.edu/sres/e8cb6ca8-490b-4a1c-b21b-cc31d3f5bfda
9838b66a-a612-44ce-a589-ebcf79d4cbf1,"Pospisil, Leopold J.",Kapauku Papuans and their law,1958,244,Monograph,Kapauku,Oceania,Melanesia,intensive agriculturalists,,"184,689",https://ehrafworldcultures.yale.edu/sres/9838b66a-a612-44ce-a589-ebcf79d4cbf1
e6b7f4c3-c867-41aa-b8ed-f4e5fee82519,"Pospisil, Leopold J.",Kapauku Papuans and their law,1958,244,Monograph,Kapauku,Oceania,Melanesia,intensive agriculturalists,,"184,689",https://ehrafworldcultures.yale.edu/sres/e6b7f4c3-c867-41aa-b8ed-f4e5fee82519
1aa6a749-b367-4a1e-9ed8-b9067ab7a71f,"Pospisil, Leopold J.",Kapauku Papuans and their law,1958,244,Monograph,Kapauku,Oceania,Melanesia,intensive agriculturalists,,"184,689",https://ehrafworldcultures.yale.edu/sres/1aa6a749-b367-4a1e-9ed8-b9067ab7a71f
cf665305-2d35-493f-91a0-27a7d76cbb35,"Pospisil, Leopold J.",Kapauku Papuans and their law,1958,244,Monograph,Kapauku,Oceania,Melanesia,intensive agriculturalists,,"184,689",https://ehrafworldcultures.yale.edu/sres/cf665305-2d35-493f-91a0-27a7d76cbb35
ced5d8ee-4db2-400f-b283-df8717f3a7f1,"Pospisil, Leopold J.",Kapauku Papuans and their law,1958,244,Monograph,Kapauku,Oceania,Melanesia,intensive agriculturalists,,"184,602,689",https://ehrafworldcultures.yale.edu/sres/ced5d8ee-4db2-400f-b283-df8717f3a7f1
ea92690f-2364-4e96-bf8d-57ae82feb0eb,"Pospisil, Leopold J.",Kapauku Papuans and their law,1958,244,Monograph,Kapauku,Oceania,Melanesia,intensive agriculturalists,,"184,602,689",https://ehrafworldcultures.yale.edu/sres/ea92690f-2364-4e96-bf8d-57ae82feb0eb
6d464638-57fe-4159-85d8-5f3da0e8296e,"Pospisil, Leopold J.",Kapauku Papuans and their law,1958,244,Monograph,Kapauku,Oceania,Melanesia,intensive agriculturalists,,"184,602,689",https://ehrafworldcultures.yale.edu/sres/6d464638-57fe-4159-85d8-5f3da0e8296e
bb04f743-68a1-46ba-9636-51d87c050875,"Pospisil, Leopold J.",Kapauku Papuans and their law,1958,245,Monograph,Kapauku,Oceania,Melanesia,intensive agriculturalists,,"184,602,689",https://ehrafworldcultures.yale.edu/sres/bb04f743-68a1-46ba-9636-51d87c050875
17d3dbdd-341f-4972-8c35-5c1f2d8c21a9,"Pospisil, Leopold J.",Kapauku Papuans and their law,1958,245,Monograph,Kapauku,Oceania,Melanesia,intensive agriculturalists,,687,https://ehrafworldcultures.yale.edu/sres/17d3dbdd-341f-4972-8c35-5c1f2d8c21a9
97c2fde5-8308-411c-8efc-b50d918800ed,"Pospisil, Leopold J.",Kapauku Papuans and their law,1958,245,Monograph,Kapauku,Oceania,Melanesia,intensive agriculturalists,,687,https://ehrafworldcultures.yale.edu/sres/97c2fde5-8308-411c-8efc-b50d918800ed
4bcf5a17-4c7b-4cd6-9877-8899455bb17a,"Pospisil, Leopold J.",Kapauku Papuans and their law,1958,245,Monograph,Kapauku,Oceania,Melanesia,intensive agriculturalists,,687,https://ehrafworldcultures.yale.edu/sres/4bcf5a17-4c7b-4cd6-9877-8899455bb17a
786c47b1-1f7f-46e2-9366-75ec2f7de56e,"Pospisil, Leopold J.",Kapauku Papuans and their law,1958,245,Monograph,Kapauku,Oceania,Melanesia,intensive agriculturalists,,687,https://ehrafworldcultures.yale.edu/sres/786c47b1-1f7f-46e2-9366-75ec2f7de56e
8381aacf-e282-49b9-b50f-f2f541537fa9,"Pospisil, Leopold J.",Kapauku Papuans and their law,1958,245,Monograph,Kapauku,Oceania,Melanesia,intensive agriculturalists,,"674,687",https://ehrafworldcultures.yale.edu/sres/8381aacf-e282-49b9-b50f-f2f541537fa9
2739fb3f-41dd-4484-883b-e99551534426,"Pospisil, Leopold J.",Kapauku Papuans and their law,1958,245,Monograph,Kapauku,Oceania,Melanesia,intensive agriculturalists,,687,https://ehrafworldcultures.yale.edu/sres/2739fb3f-41dd-4484-883b-e99551534426
30b80ca0-3752-4866-9421-7bfdf67e86df,"Pospisil, Leopold J.",Kapauku Papuans and their law,1958,245,Monograph,Kapauku,Oceania,Melanesia,intensive agriculturalists,,687,https://ehrafworldcultures.yale.edu/sres/30b80ca0-3752-4866-9421-7bfdf67e86df
d3925832-1b2d-48f7-8186-a69ce906d7ee,"Pospisil, Leopold J.",Kapauku Papuans and their law,1958,245,Monograph,Kapauku,Oceania,Melanesia,intensive agriculturalists,,687,https://ehrafworldcultures.yale.edu/sres/d3925832-1b2d-48f7-8186-a69ce906d7ee
6d82581e-2b13-4387-b5ea-ac14102be924,"Pospisil, Leopold J.",Kapauku Papuans and their law,1958,245,Monograph,Kapauku,Oceania,Melanesia,intensive agriculturalists,,687,https://ehrafworldcultures.yale.edu/sres/6d82581e-2b13-4387-b5ea-ac14102be924
5861875e-9938-4cd6-b3b6-92b0a284773b,"Pospisil, Leopold J.",Kapauku Papuans and their law,1958,246,Monograph,Kapauku,Oceania,Melanesia,intensive agriculturalists,,687,https://ehrafworldcultures.yale.edu/sres/5861875e-9938-4cd6-b3b6-92b0a284773b
3d2ec317-f590-4d7f-b8eb-cde0beea3e46,"Pospisil, Leopold J.",Kapauku Papuans and their law,1958,246,Monograph,Kapauku,Oceania,Melanesia,intensive agriculturalists,,687,https://ehrafworldcultures.yale.edu/sres/3d2ec317-f590-4d7f-b8eb-cde0beea3e46
f6cb6df1-3fde-4e94-a434-627c122525c4,"Pospisil, Leopold J.",Kapauku Papuans and their law,1958,246,Monograph,Kapauku,Oceania,Melanesia,intensive agriculturalists,,687,https://ehrafworldcultures.yale.edu/sres/f6cb6df1-3fde-4e94-a434-627c122525c4
964e0020-6a95-4685-8cba-fae7cd363e3e,"Pospisil, Leopold J.",Kapauku Papuans and their law,1958,246,Monograph,Kapauku,Oceania,Melanesia,intensive agriculturalists,,"641,687",https://ehrafworldcultures.yale.edu/sres/964e0020-6a95-4685-8cba-fae7cd363e3e
8ecc1266-4f7a-4e90-9520-39eba361ae61,"Pospisil, Leopold J.",Kapauku Papuans and their law,1958,246,Monograph,Kapauku,Oceania,Melanesia,intensive agriculturalists,,"641,687",https://ehrafworldcultures.yale.edu/sres/8ecc1266-4f7a-4e90-9520-39eba361ae61
0a11fab3-faa1-4968-99ca-6cdb6105ae5f,"Pospisil, Leopold J.",Kapauku Papuans and their law,1958,246,Monograph,Kapauku,Oceania,Melanesia,intensive agriculturalists,,687,https://ehrafworldcultures.yale.edu/sres/0a11fab3-faa1-4968-99ca-6cdb6105ae5f
4076f423-4f33-4ac1-8597-2281e0acdef0,"Pospisil, Leopold J.",Kapauku Papuans and their law,1958,246,Monograph,Kapauku,Oceania,Melanesia,intensive agriculturalists,,687,https://ehrafworldcultures.yale.edu/sres/4076f423-4f33-4ac1-8597-2281e0acdef0
23a97654-cbc8-4dc1-b1fb-3c725f31b51d,"Pospisil, Leopold J.",Kapauku Papuans and their law,1958,246,Monograph,Kapauku,Oceania,Melanesia,intensive agriculturalists,,687,https://ehrafworldcultures.yale.edu/sres/23a97654-cbc8-4dc1-b1fb-3c725f31b51d
1387e2a3-6bad-4d16-ad95-0c41a9a05836,"Pospisil, Leopold J.",Kapauku Papuans and their law,1958,246,Monograph,Kapauku,Oceania,Melanesia,intensive agriculturalists,,687,https://ehrafworldcultures.yale.edu/sres/1387e2a3-6bad-4d16-ad95-0c41a9a05836
971c428f-b388-488b-9c72-64470446a96c,"Pospisil, Leopold J.",Kapauku Papuans and their law,1958,246,Monograph,Kapauku,Oceania,Melanesia,intensive agriculturalists,,687,https://ehrafworldcultures.yale.edu/sres/971c428f-b388-488b-9c72-64470446a96c
d3911e76-0cee-4d1a-903f-581c772f686d,"Pospisil, Leopold J.",Kapauku Papuans and their law,1958,246,Monograph,Kapauku,Oceania,Melanesia,intensive agriculturalists,,687,https://ehrafworldcultures.yale.edu/sres/d3911e76-0cee-4d1a-903f-581c772f686d
edcbeba8-aa33-45a2-8e7d-66f1a28b03d6,"Pospisil, Leopold J.",Kapauku Papuans and their law,1958,246,Monograph,Kapauku,Oceania,Melanesia,intensive agriculturalists,,687,https://ehrafworldcultures.yale.edu/sres/edcbeba8-aa33-45a2-8e7d-66f1a28b03d6
72f9a26a-7873-4b31-ae5b-555b2fb0da1d,"Pospisil, Leopold J.",Kapauku Papuans and their law,1958,246,Monograph,Kapauku,Oceania,Melanesia,intensive agriculturalists,,687,https://ehrafworldcultures.yale.edu/sres/72f9a26a-7873-4b31-ae5b-555b2fb0da1d
0a449c2b-38e4-463a-b0cb-7decd9e9c151,"Pospisil, Leopold J.",Kapauku Papuans and their law,1958,246,Monograph,Kapauku,Oceania,Melanesia,intensive agriculturalists,,687,https://ehrafworldcultures.yale.edu/sres/0a449c2b-38e4-463a-b0cb-7decd9e9c151
208ad0ab-351a-4f82-87a2-2d113bfc1c23,"Pospisil, Leopold J.",Kapauku Papuans and their law,1958,246,Monograph,Kapauku,Oceania,Melanesia,intensive agriculturalists,,687,https://ehrafworldcultures.yale.edu/sres/208ad0ab-351a-4f82-87a2-2d113bfc1c23
7db010f0-932f-45eb-8353-545ee061cd2d,"Pospisil, Leopold J.",Kapauku Papuans and their law,1958,247,Monograph,Kapauku,Oceania,Melanesia,intensive agriculturalists,,687,https://ehrafworldcultures.yale.edu/sres/7db010f0-932f-45eb-8353-545ee061cd2d
c90a4ca7-3e63-4800-b44b-1ffbe8633d2e,"Pospisil, Leopold J.",Kapauku Papuans and their law,1958,247,Monograph,Kapauku,Oceania,Melanesia,intensive agriculturalists,,687,https://ehrafworldcultures.yale.edu/sres/c90a4ca7-3e63-4800-b44b-1ffbe8633d2e
072692e6-d291-43e5-acfa-7a43e5582588,"Pospisil, Leopold J.",Kapauku Papuans and their law,1958,247,Monograph,Kapauku,Oceania,Melanesia,intensive agriculturalists,,687,https://ehrafworldcultures.yale.edu/sres/072692e6-d291-43e5-acfa-7a43e5582588
0a5301fa-18f8-4f2c-a145-445c76bef4ca,"Pospisil, Leopold J.",Kapauku Papuans and their law,1958,247,Monograph,Kapauku,Oceania,Melanesia,intensive agriculturalists,,687,https://ehrafworldcultures.yale.edu/sres/0a5301fa-18f8-4f2c-a145-445c76bef4ca
d009a0e7-372e-4803-ba7d-12fceba6d67c,"Pospisil, Leopold J.",Kapauku Papuans and their law,1958,247,Monograph,Kapauku,Oceania,Melanesia,intensive agriculturalists,,"593,687",https://ehrafworldcultures.yale.edu/sres/d009a0e7-372e-4803-ba7d-12fceba6d67c
f59cc155-fd22-472a-b532-3fb96bf6be68,"Pospisil, Leopold J.",Kapauku Papuans and their law,1958,247,Monograph,Kapauku,Oceania,Melanesia,intensive agriculturalists,,687,https://ehrafworldcultures.yale.edu/sres/f59cc155-fd22-472a-b532-3fb96bf6be68
f28f269b-8ac1-4685-9357-d3f576dfe91f,"Pospisil, Leopold J.",Kapauku Papuans and their law,1958,247,Monograph,Kapauku,Oceania,Melanesia,intensive agriculturalists,,687,https://ehrafworldcultures.yale.edu/sres/f28f269b-8ac1-4685-9357-d3f576dfe91f
1eba371c-db27-4afb-b8d6-bf5a4157d3b1,"Pospisil, Leopold J.",Kapauku Papuans and their law,1958,247,Monograph,Kapauku,Oceania,Melanesia,intensive agriculturalists,,687,https://ehrafworldcultures.yale.edu/sres/1eba371c-db27-4afb-b8d6-bf5a4157d3b1
0502f772-0084-4f08-a8ec-1c626d4067d6,"Pospisil, Leopold J.",Kapauku Papuans and their law,1958,247,Monograph,Kapauku,Oceania,Melanesia,intensive agriculturalists,,687,https://ehrafworldcultures.yale.edu/sres/0502f772-0084-4f08-a8ec-1c626d4067d6
7b0a7291-e09f-4b05-9bfc-7911141da8db,"Pospisil, Leopold J.",Kapauku Papuans and their law,1958,247,Monograph,Kapauku,Oceania,Melanesia,intensive agriculturalists,,687,https://ehrafworldcultures.yale.edu/sres/7b0a7291-e09f-4b05-9bfc-7911141da8db
3845eb3d-0127-4153-8451-128923a3cba6,"Pospisil, Leopold J.",Kapauku Papuans and their law,1958,247,Monograph,Kapauku,Oceania,Melanesia,intensive agriculturalists,,"593,687",https://ehrafworldcultures.yale.edu/sres/3845eb3d-0127-4153-8451-128923a3cba6
ef17a731-c9bc-4fe8-a2ea-63a151364025,"Pospisil, Leopold J.",Kapauku Papuans and their law,1958,250,Monograph,Kapauku,Oceania,Melanesia,intensive agriculturalists,,"671,681",https://ehrafworldcultures.yale.edu/sres/ef17a731-c9bc-4fe8-a2ea-63a151364025
b8f4b298-cdbe-4f64-a9e5-3758d2e17687,"Pospisil, Leopold J.",Kapauku Papuans and their law,1958,251,Monograph,Kapauku,Oceania,Melanesia,intensive agriculturalists,,"671,681",https://ehrafworldcultures.yale.edu/sres/b8f4b298-cdbe-4f64-a9e5-3758d2e17687
b811696b-8bcc-4f93-a63a-98b7f33ab232,"Pospisil, Leopold J.",Kapauku Papuans and their law,1958,251,Monograph,Kapauku,Oceania,Melanesia,intensive agriculturalists,,"671,681",https://ehrafworldcultures.yale.edu/sres/b811696b-8bcc-4f93-a63a-98b7f33ab232
c86c3183-4f17-4661-a718-06e48e3c7275,"Pospisil, Leopold J.",Kapauku Papuans and their law,1958,252,Monograph,Kapauku,Oceania,Melanesia,intensive agriculturalists,,"671,681",https://ehrafworldcultures.yale.edu/sres/c86c3183-4f17-4661-a718-06e48e3c7275
975612f4-d88c-4181-a88e-a7b00c77eca6,"Pospisil, Leopold J.",Kapauku Papuans and their law,1958,252,Monograph,Kapauku,Oceania,Melanesia,intensive agriculturalists,,"671,681",https://ehrafworldcultures.yale.edu/sres/975612f4-d88c-4181-a88e-a7b00c77eca6
b165a3de-892a-43fb-93a7-794e0a3f7b03,"Pospisil, Leopold J.",Kapauku Papuans and their law,1958,252,Monograph,Kapauku,Oceania,Melanesia,intensive agriculturalists,,"671,681",https://ehrafworldcultures.yale.edu/sres/b165a3de-892a-43fb-93a7-794e0a3f7b03
04cb234b-a3e7-4bdc-a430-be57b17e52bf,"Pospisil, Leopold J.",Kapauku Papuans and their law,1958,252,Monograph,Kapauku,Oceania,Melanesia,intensive agriculturalists,,"671,681",https://ehrafworldcultures.yale.edu/sres/04cb234b-a3e7-4bdc-a430-be57b17e52bf
30b59dd6-3323-41d3-af7c-0abaf34fe295,"Pospisil, Leopold J.",Kapauku Papuans and their law,1958,252,Monograph,Kapauku,Oceania,Melanesia,intensive agriculturalists,,"671,681",https://ehrafworldcultures.yale.edu/sres/30b59dd6-3323-41d3-af7c-0abaf34fe295
fdde8f69-718e-4854-b202-059a8fb50004,"Pospisil, Leopold J.",Kapauku Papuans and their law,1958,252,Monograph,Kapauku,Oceania,Melanesia,intensive agriculturalists,,"671,681",https://ehrafworldcultures.yale.edu/sres/fdde8f69-718e-4854-b202-059a8fb50004
c329bf5d-465f-4883-9a5d-4fe74c4ca03d,"Pospisil, Leopold J.",Kapauku Papuans and their law,1958,267,Monograph,Kapauku,Oceania,Melanesia,intensive agriculturalists,,"671,681",https://ehrafworldcultures.yale.edu/sres/c329bf5d-465f-4883-9a5d-4fe74c4ca03d
1a152bec-3e54-4adc-b968-367ed2a90fa4,"Pospisil, Leopold J.",Kapauku Papuans and their law,1958,267,Monograph,Kapauku,Oceania,Melanesia,intensive agriculturalists,,"114,671,681",https://ehrafworldcultures.yale.edu/sres/1a152bec-3e54-4adc-b968-367ed2a90fa4
62b2486e-8de4-4836-bbe8-a13c3c71d59c,"Pospisil, Leopold J.",Kapauku Papuans and their law,1958,267,Monograph,Kapauku,Oceania,Melanesia,intensive agriculturalists,,"671,681",https://ehrafworldcultures.yale.edu/sres/62b2486e-8de4-4836-bbe8-a13c3c71d59c
a534067e-c110-4978-af75-f57afc5ffc7a,"Pospisil, Leopold J.",Kapauku Papuans and their law,1958,267,Monograph,Kapauku,Oceania,Melanesia,intensive agriculturalists,,"671,681",https://ehrafworldcultures.yale.edu/sres/a534067e-c110-4978-af75-f57afc5ffc7a
b9e43e7d-2961-417b-b25c-44535a7ea003,"Pospisil, Leopold J.",Kapauku Papuans and their law,1958,267,Monograph,Kapauku,Oceania,Melanesia,intensive agriculturalists,,"671,681",https://ehrafworldcultures.yale.edu/sres/b9e43e7d-2961-417b-b25c-44535a7ea003
a49f763b-cb6d-4333-a9fd-68bc1d6659d1,"Pospisil, Leopold J.",Kapauku Papuans and their law,1958,268,Monograph,Kapauku,Oceania,Melanesia,intensive agriculturalists,,"671,681",https://ehrafworldcultures.yale.edu/sres/a49f763b-cb6d-4333-a9fd-68bc1d6659d1
1a913ce0-bf8f-4572-a76e-26606487cccd,"Pospisil, Leopold J.",Kapauku Papuans and their law,1958,268,Monograph,Kapauku,Oceania,Melanesia,intensive agriculturalists,,"671,681",https://ehrafworldcultures.yale.edu/sres/1a913ce0-bf8f-4572-a76e-26606487cccd
d4fcf9de-bf01-42fe-a117-d76e2ce84612,"Pospisil, Leopold J.",Kapauku Papuans and their law,1958,268,Monograph,Kapauku,Oceania,Melanesia,intensive agriculturalists,,681,https://ehrafworldcultures.yale.edu/sres/d4fcf9de-bf01-42fe-a117-d76e2ce84612
fdb4475f-46ef-4c2e-a007-97585a8f2af8,"Pospisil, Leopold J.",Kapauku Papuans and their law,1958,268,Monograph,Kapauku,Oceania,Melanesia,intensive agriculturalists,,681,https://ehrafworldcultures.yale.edu/sres/fdb4475f-46ef-4c2e-a007-97585a8f2af8
1117960a-a17a-49f2-ab5e-bc3e0501ec6a,"Pospisil, Leopold J.",Kapauku Papuans and their law,1958,268,Monograph,Kapauku,Oceania,Melanesia,intensive agriculturalists,,681,https://ehrafworldcultures.yale.edu/sres/1117960a-a17a-49f2-ab5e-bc3e0501ec6a
6267bec7-c29a-4f16-9f08-579a53e843b9,"Pospisil, Leopold J.",Kapauku Papuans and their law,1958,268,Monograph,Kapauku,Oceania,Melanesia,intensive agriculturalists,,681,https://ehrafworldcultures.yale.edu/sres/6267bec7-c29a-4f16-9f08-579a53e843b9
0e84a95c-9ba7-4dc9-9293-9e2359fa13db,"Pospisil, Leopold J.",Kapauku Papuans and their law,1958,268,Monograph,Kapauku,Oceania,Melanesia,intensive agriculturalists,,681,https://ehrafworldcultures.yale.edu/sres/0e84a95c-9ba7-4dc9-9293-9e2359fa13db
943c462e-fd90-49f9-9482-a6cd72044c6b,"Pospisil, Leopold J.",Kapauku Papuans and their law,1958,268,Monograph,Kapauku,Oceania,Melanesia,intensive agriculturalists,,681,https://ehrafworldcultures.yale.edu/sres/943c462e-fd90-49f9-9482-a6cd72044c6b
cd09d308-d7cb-4a40-861b-f0ef2ed88d4f,"Pospisil, Leopold J.",Kapauku Papuans and their law,1958,269,Monograph,Kapauku,Oceania,Melanesia,intensive agriculturalists,,681,https://ehrafworldcultures.yale.edu/sres/cd09d308-d7cb-4a40-861b-f0ef2ed88d4f
f5a8f01b-2b17-4741-bbb7-6d2698ea965f,"Pospisil, Leopold J.",Kapauku Papuans and their law,1958,269,Monograph,Kapauku,Oceania,Melanesia,intensive agriculturalists,,681,https://ehrafworldcultures.yale.edu/sres/f5a8f01b-2b17-4741-bbb7-6d2698ea965f
60e2f95b-1fb5-47bd-9f6d-b3bac7438fc9,"Pospisil, Leopold J.",Kapauku Papuans and their law,1958,269,Monograph,Kapauku,Oceania,Melanesia,intensive agriculturalists,,681,https://ehrafworldcultures.yale.edu/sres/60e2f95b-1fb5-47bd-9f6d-b3bac7438fc9
2d3c0000-c35d-4e6f-9388-8eef194db9e4,"Pospisil, Leopold J.",Kapauku Papuans and their law,1958,269,Monograph,Kapauku,Oceania,Melanesia,intensive agriculturalists,,681,https://ehrafworldcultures.yale.edu/sres/2d3c0000-c35d-4e6f-9388-8eef194db9e4
dee77ada-f01a-4695-b6b3-715fee1e283a,"Pospisil, Leopold J.",Kapauku Papuans and their law,1958,269,Monograph,Kapauku,Oceania,Melanesia,intensive agriculturalists,,681,https://ehrafworldcultures.yale.edu/sres/dee77ada-f01a-4695-b6b3-715fee1e283a
0612b63e-1149-46e2-9bd3-f3dc2086f355,"Pospisil, Leopold J.",Kapauku Papuans and their law,1958,269,Monograph,Kapauku,Oceania,Melanesia,intensive agriculturalists,,681,https://ehrafworldcultures.yale.edu/sres/0612b63e-1149-46e2-9bd3-f3dc2086f355
08be446b-98b5-4f97-af9f-b75b3bef4774,"Pospisil, Leopold J.",Kapauku Papuans and their law,1958,269,Monograph,Kapauku,Oceania,Melanesia,intensive agriculturalists,,681,https://ehrafworldcultures.yale.edu/sres/08be446b-98b5-4f97-af9f-b75b3bef4774
e1ebd316-267c-4522-a780-fb0ee6ef191f,"Pospisil, Leopold J.",Kapauku Papuans and their law,1958,269,Monograph,Kapauku,Oceania,Melanesia,intensive agriculturalists,,681,https://ehrafworldcultures.yale.edu/sres/e1ebd316-267c-4522-a780-fb0ee6ef191f
dcde6530-ec00-4593-8d2c-4a495ac4c011,"Pospisil, Leopold J.",Kapauku Papuans and their law,1958,269,Monograph,Kapauku,Oceania,Melanesia,intensive agriculturalists,,681,https://ehrafworldcultures.yale.edu/sres/dcde6530-ec00-4593-8d2c-4a495ac4c011
af0581e8-4303-48ae-b3a0-3318ab3a3fcd,"Pospisil, Leopold J.",Kapauku Papuans and their law,1958,269,Monograph,Kapauku,Oceania,Melanesia,intensive agriculturalists,,681,https://ehrafworldcultures.yale.edu/sres/af0581e8-4303-48ae-b3a0-3318ab3a3fcd
2fe1ba33-c5bb-424e-8706-8d06d27b4cc0,"Pospisil, Leopold J.",Kapauku Papuans and their law,1958,269,Monograph,Kapauku,Oceania,Melanesia,intensive agriculturalists,,681,https://ehrafworldcultures.yale.edu/sres/2fe1ba33-c5bb-424e-8706-8d06d27b4cc0
a6d224a8-5292-4fd1-909f-384362f76350,"Pospisil, Leopold J.",Kapauku Papuans and their law,1958,269,Monograph,Kapauku,Oceania,Melanesia,intensive agriculturalists,,681,https://ehrafworldcultures.yale.edu/sres/a6d224a8-5292-4fd1-909f-384362f76350
3fb0458a-8c49-4528-94a6-444d01d11e79,"Pospisil, Leopold J.",Kapauku Papuans and their law,1958,269,Monograph,Kapauku,Oceania,Melanesia,intensive agriculturalists,,681,https://ehrafworldcultures.yale.edu/sres/3fb0458a-8c49-4528-94a6-444d01d11e79
0c8b5c08-7ac8-44a8-a88d-75f9929c55e0,"Pospisil, Leopold J.",Kapauku Papuans and their law,1958,269,Monograph,Kapauku,Oceania,Melanesia,intensive agriculturalists,,681,https://ehrafworldcultures.yale.edu/sres/0c8b5c08-7ac8-44a8-a88d-75f9929c55e0
44b6282d-0fec-44cc-a0e6-9bb827707776,"Pospisil, Leopold J.",Kapauku Papuans and their law,1958,269,Monograph,Kapauku,Oceania,Melanesia,intensive agriculturalists,,681,https://ehrafworldcultures.yale.edu/sres/44b6282d-0fec-44cc-a0e6-9bb827707776
f35f036d-a9c2-460f-a8cf-49d1c2a812c7,"Pospisil, Leopold J.",Kapauku Papuans and their law,1958,269,Monograph,Kapauku,Oceania,Melanesia,intensive agriculturalists,,681,https://ehrafworldcultures.yale.edu/sres/f35f036d-a9c2-460f-a8cf-49d1c2a812c7
322b3043-269d-4ec3-9cba-81e77ba5f918,"Pospisil, Leopold J.",Kapauku Papuans and their law,1958,269,Monograph,Kapauku,Oceania,Melanesia,intensive agriculturalists,,681,https://ehrafworldcultures.yale.edu/sres/322b3043-269d-4ec3-9cba-81e77ba5f918
61ffcbe8-2231-4bd8-9726-79f657e526b9,"Pospisil, Leopold J.",Kapauku Papuans and their law,1958,269,Monograph,Kapauku,Oceania,Melanesia,intensive agriculturalists,,681,https://ehrafworldcultures.yale.edu/sres/61ffcbe8-2231-4bd8-9726-79f657e526b9
4e1166ce-d003-4aab-931c-87e1c4d9b341,"Pospisil, Leopold J.",Kapauku Papuans and their law,1958,270,Monograph,Kapauku,Oceania,Melanesia,intensive agriculturalists,,681,https://ehrafworldcultures.yale.edu/sres/4e1166ce-d003-4aab-931c-87e1c4d9b341
5025df95-80b0-4f8c-842b-79f372dbac55,"Pospisil, Leopold J.",Kapauku Papuans and their law,1958,270,Monograph,Kapauku,Oceania,Melanesia,intensive agriculturalists,,681,https://ehrafworldcultures.yale.edu/sres/5025df95-80b0-4f8c-842b-79f372dbac55
efb2b5f0-cf29-4a87-963b-c5298bd1b639,"Pospisil, Leopold J.",Kapauku Papuans and their law,1958,270,Monograph,Kapauku,Oceania,Melanesia,intensive agriculturalists,,681,https://ehrafworldcultures.yale.edu/sres/efb2b5f0-cf29-4a87-963b-c5298bd1b639
345ec36f-08bc-4ddf-ab2a-5a91beaf47c6,"Pospisil, Leopold J.",Kapauku Papuans and their law,1958,270,Monograph,Kapauku,Oceania,Melanesia,intensive agriculturalists,,681,https://ehrafworldcultures.yale.edu/sres/345ec36f-08bc-4ddf-ab2a-5a91beaf47c6
42596295-f51c-4f10-b6bd-c059af14b550,"Pospisil, Leopold J.",Kapauku Papuans and their law,1958,270,Monograph,Kapauku,Oceania,Melanesia,intensive agriculturalists,,681,https://ehrafworldcultures.yale.edu/sres/42596295-f51c-4f10-b6bd-c059af14b550
44805e44-9e2e-4687-bee7-f74a70f06201,"Pospisil, Leopold J.",Kapauku Papuans and their law,1958,270,Monograph,Kapauku,Oceania,Melanesia,intensive agriculturalists,,681,https://ehrafworldcultures.yale.edu/sres/44805e44-9e2e-4687-bee7-f74a70f06201
e65e1b0b-e2b9-4137-9374-6ba39ca3b64d,"Pospisil, Leopold J.",Kapauku Papuans and their law,1958,270,Monograph,Kapauku,Oceania,Melanesia,intensive agriculturalists,,681,https://ehrafworldcultures.yale.edu/sres/e65e1b0b-e2b9-4137-9374-6ba39ca3b64d
5fb21d7b-76e2-4bcb-9bdc-99f09e660297,"Pospisil, Leopold J.",Kapauku Papuans and their law,1958,270,Monograph,Kapauku,Oceania,Melanesia,intensive agriculturalists,,681,https://ehrafworldcultures.yale.edu/sres/5fb21d7b-76e2-4bcb-9bdc-99f09e660297
6089c994-7971-4932-b890-6aef5e314316,"Pospisil, Leopold J.",Kapauku Papuans and their law,1958,270,Monograph,Kapauku,Oceania,Melanesia,intensive agriculturalists,,681,https://ehrafworldcultures.yale.edu/sres/6089c994-7971-4932-b890-6aef5e314316
2d5ff61b-838a-41c3-8ca7-d194e019a79b,"Pospisil, Leopold J.",Kapauku Papuans and their law,1958,270,Monograph,Kapauku,Oceania,Melanesia,intensive agriculturalists,,681,https://ehrafworldcultures.yale.edu/sres/2d5ff61b-838a-41c3-8ca7-d194e019a79b
2ab8b45d-95ef-4ab8-a502-9bebf451d110,"Pospisil, Leopold J.",Kapauku Papuans and their law,1958,270,Monograph,Kapauku,Oceania,Melanesia,intensive agriculturalists,,681,https://ehrafworldcultures.yale.edu/sres/2ab8b45d-95ef-4ab8-a502-9bebf451d110
ac469327-b6a9-4eab-b092-8f104373e8dd,"Pospisil, Leopold J.",Kapauku Papuans and their law,1958,270,Monograph,Kapauku,Oceania,Melanesia,intensive agriculturalists,,681,https://ehrafworldcultures.yale.edu/sres/ac469327-b6a9-4eab-b092-8f104373e8dd
abe637e1-55a0-4fa1-8df3-f81e890eb650,"Pospisil, Leopold J.",Kapauku Papuans and their law,1958,270,Monograph,Kapauku,Oceania,Melanesia,intensive agriculturalists,,681,https://ehrafworldcultures.yale.edu/sres/abe637e1-55a0-4fa1-8df3-f81e890eb650
0e64d01a-7fd1-42a4-a32f-b7b621afd2dd,"Pospisil, Leopold J.",Kapauku Papuans and their law,1958,270,Monograph,Kapauku,Oceania,Melanesia,intensive agriculturalists,,681,https://ehrafworldcultures.yale.edu/sres/0e64d01a-7fd1-42a4-a32f-b7b621afd2dd
1cc47f03-5a3e-4b20-aea6-3108afc1c1d8,"Pospisil, Leopold J.",Kapauku Papuans and their law,1958,270,Monograph,Kapauku,Oceania,Melanesia,intensive agriculturalists,,681,https://ehrafworldcultures.yale.edu/sres/1cc47f03-5a3e-4b20-aea6-3108afc1c1d8
4eba88ca-f965-4fd8-beb2-a642052bec11,"Pospisil, Leopold J.",Kapauku Papuans and their law,1958,270,Monograph,Kapauku,Oceania,Melanesia,intensive agriculturalists,,681,https://ehrafworldcultures.yale.edu/sres/4eba88ca-f965-4fd8-beb2-a642052bec11
86c1ee3e-de59-4cf9-a2dd-7b79c4e157da,"Pospisil, Leopold J.",Kapauku Papuans and their law,1958,270,Monograph,Kapauku,Oceania,Melanesia,intensive agriculturalists,,681,https://ehrafworldcultures.yale.edu/sres/86c1ee3e-de59-4cf9-a2dd-7b79c4e157da
e8c7c79a-66b6-4fe1-b981-bd459f2dc7b3,"Pospisil, Leopold J.",Kapauku Papuans and their law,1958,270,Monograph,Kapauku,Oceania,Melanesia,intensive agriculturalists,,681,https://ehrafworldcultures.yale.edu/sres/e8c7c79a-66b6-4fe1-b981-bd459f2dc7b3
828c0755-ebec-4925-be94-f59c6726b8e8,"Pospisil, Leopold J.",Kapauku Papuans and their law,1958,270,Monograph,Kapauku,Oceania,Melanesia,intensive agriculturalists,,681,https://ehrafworldcultures.yale.edu/sres/828c0755-ebec-4925-be94-f59c6726b8e8
13169322-a26d-46e2-89f3-df3be7c080c2,"Pospisil, Leopold J.",Kapauku Papuans and their law,1958,270,Monograph,Kapauku,Oceania,Melanesia,intensive agriculturalists,,681,https://ehrafworldcultures.yale.edu/sres/13169322-a26d-46e2-89f3-df3be7c080c2
87c2d6e6-5970-48d0-abb0-2140421b2fcb,"Pospisil, Leopold J.",Kapauku Papuans and their law,1958,270,Monograph,Kapauku,Oceania,Melanesia,intensive agriculturalists,,681,https://ehrafworldcultures.yale.edu/sres/87c2d6e6-5970-48d0-abb0-2140421b2fcb
cae87816-16da-4a20-aad1-00e6fc12b228,"Pospisil, Leopold J.",Kapauku Papuans and their law,1958,271,Monograph,Kapauku,Oceania,Melanesia,intensive agriculturalists,,681,https://ehrafworldcultures.yale.edu/sres/cae87816-16da-4a20-aad1-00e6fc12b228
66e252c6-2f03-437d-9c8b-852d0eaebd99,"Pospisil, Leopold J.",Kapauku Papuans and their law,1958,271,Monograph,Kapauku,Oceania,Melanesia,intensive agriculturalists,,681,https://ehrafworldcultures.yale.edu/sres/66e252c6-2f03-437d-9c8b-852d0eaebd99
79eff1f7-bb1e-40c9-9567-dff343a337b5,"Pospisil, Leopold J.",Kapauku Papuans and their law,1958,271,Monograph,Kapauku,Oceania,Melanesia,intensive agriculturalists,,681,https://ehrafworldcultures.yale.edu/sres/79eff1f7-bb1e-40c9-9567-dff343a337b5
d577cace-51aa-41bd-8181-6a8b5095738e,"Pospisil, Leopold J.",Kapauku Papuans and their law,1958,271,Monograph,Kapauku,Oceania,Melanesia,intensive agriculturalists,,681,https://ehrafworldcultures.yale.edu/sres/d577cace-51aa-41bd-8181-6a8b5095738e
4943fe82-db5e-447e-9af1-f21c9b515a74,"Pospisil, Leopold J.",Kapauku Papuans and their law,1958,271,Monograph,Kapauku,Oceania,Melanesia,intensive agriculturalists,,681,https://ehrafworldcultures.yale.edu/sres/4943fe82-db5e-447e-9af1-f21c9b515a74
754a134d-9b63-4961-bdf6-553d09cc46e2,"Pospisil, Leopold J.",Kapauku Papuans and their law,1958,271,Monograph,Kapauku,Oceania,Melanesia,intensive agriculturalists,,681,https://ehrafworldcultures.yale.edu/sres/754a134d-9b63-4961-bdf6-553d09cc46e2
f58f1994-7887-4b72-a670-1d0cb10e0c53,"Pospisil, Leopold J.",Kapauku Papuans and their law,1958,271,Monograph,Kapauku,Oceania,Melanesia,intensive agriculturalists,,681,https://ehrafworldcultures.yale.edu/sres/f58f1994-7887-4b72-a670-1d0cb10e0c53
56ba596b-b5a2-4b96-97d4-e7e73cac1ca6,"Pospisil, Leopold J.",Kapauku Papuans and their law,1958,271,Monograph,Kapauku,Oceania,Melanesia,intensive agriculturalists,,681,https://ehrafworldcultures.yale.edu/sres/56ba596b-b5a2-4b96-97d4-e7e73cac1ca6
f6e0ee07-76eb-4374-8290-ce10bed84758,"Pospisil, Leopold J.",Kapauku Papuans and their law,1958,271,Monograph,Kapauku,Oceania,Melanesia,intensive agriculturalists,,681,https://ehrafworldcultures.yale.edu/sres/f6e0ee07-76eb-4374-8290-ce10bed84758
c7623aec-5b41-4929-9667-7726f74d5324,"Pospisil, Leopold J.",Kapauku Papuans and their law,1958,271,Monograph,Kapauku,Oceania,Melanesia,intensive agriculturalists,,681,https://ehrafworldcultures.yale.edu/sres/c7623aec-5b41-4929-9667-7726f74d5324
a6176247-b2c1-4395-bd6f-de7b18f78931,"Pospisil, Leopold J.",Kapauku Papuans and their law,1958,271,Monograph,Kapauku,Oceania,Melanesia,intensive agriculturalists,,681,https://ehrafworldcultures.yale.edu/sres/a6176247-b2c1-4395-bd6f-de7b18f78931
23c440f7-7ef3-4a5f-9188-729844387e10,"Pospisil, Leopold J.",Kapauku Papuans and their law,1958,271,Monograph,Kapauku,Oceania,Melanesia,intensive agriculturalists,,681,https://ehrafworldcultures.yale.edu/sres/23c440f7-7ef3-4a5f-9188-729844387e10
73f4b5ca-a1ad-49b2-916b-977bcabad7f3,"Pospisil, Leopold J.",Kapauku Papuans and their law,1958,271,Monograph,Kapauku,Oceania,Melanesia,intensive agriculturalists,,681,https://ehrafworldcultures.yale.edu/sres/73f4b5ca-a1ad-49b2-916b-977bcabad7f3
68c3d894-a9a8-45dc-918b-2cd2cf8bf98b,"Pospisil, Leopold J.",Kapauku Papuans and their law,1958,271,Monograph,Kapauku,Oceania,Melanesia,intensive agriculturalists,,681,https://ehrafworldcultures.yale.edu/sres/68c3d894-a9a8-45dc-918b-2cd2cf8bf98b
ef10a146-0a30-46d8-9324-83d28158e158,"Pospisil, Leopold J.",Kapauku Papuans and their law,1958,271,Monograph,Kapauku,Oceania,Melanesia,intensive agriculturalists,,681,https://ehrafworldcultures.yale.edu/sres/ef10a146-0a30-46d8-9324-83d28158e158
bbda4440-db44-46de-b1a9-fca1cf5d71d4,"Pospisil, Leopold J.",Kapauku Papuans and their law,1958,271,Monograph,Kapauku,Oceania,Melanesia,intensive agriculturalists,,681,https://ehrafworldcultures.yale.edu/sres/bbda4440-db44-46de-b1a9-fca1cf5d71d4
28875f39-7880-43a2-82bf-8c608aabf9ae,"Pospisil, Leopold J.",Kapauku Papuans and their law,1958,271,Monograph,Kapauku,Oceania,Melanesia,intensive agriculturalists,,681,https://ehrafworldcultures.yale.edu/sres/28875f39-7880-43a2-82bf-8c608aabf9ae
80f1a427-cd9c-499b-be41-6ccf1a3c3b6a,"Pospisil, Leopold J.",Kapauku Papuans and their law,1958,271,Monograph,Kapauku,Oceania,Melanesia,intensive agriculturalists,,681,https://ehrafworldcultures.yale.edu/sres/80f1a427-cd9c-499b-be41-6ccf1a3c3b6a
67788313-4343-4b6d-888b-7475afb39f11,"Pospisil, Leopold J.",Kapauku Papuans and their law,1958,272,Monograph,Kapauku,Oceania,Melanesia,intensive agriculturalists,,681,https://ehrafworldcultures.yale.edu/sres/67788313-4343-4b6d-888b-7475afb39f11
b4b12998-bb68-4820-9ad3-9d1306b7f965,"Pospisil, Leopold J.",Kapauku Papuans and their law,1958,272,Monograph,Kapauku,Oceania,Melanesia,intensive agriculturalists,,681,https://ehrafworldcultures.yale.edu/sres/b4b12998-bb68-4820-9ad3-9d1306b7f965
ed392359-67f7-4980-946d-1decd7762054,"Pospisil, Leopold J.",Kapauku Papuans and their law,1958,272,Monograph,Kapauku,Oceania,Melanesia,intensive agriculturalists,,681,https://ehrafworldcultures.yale.edu/sres/ed392359-67f7-4980-946d-1decd7762054
c30b3ad7-b3bd-43d4-be07-1a5cae2415cc,"Pospisil, Leopold J.",Kapauku Papuans and their law,1958,272,Monograph,Kapauku,Oceania,Melanesia,intensive agriculturalists,,681,https://ehrafworldcultures.yale.edu/sres/c30b3ad7-b3bd-43d4-be07-1a5cae2415cc
6a785c1b-d792-4e40-86a6-fe72e1d9d9d3,"Pospisil, Leopold J.",Kapauku Papuans and their law,1958,272,Monograph,Kapauku,Oceania,Melanesia,intensive agriculturalists,,681,https://ehrafworldcultures.yale.edu/sres/6a785c1b-d792-4e40-86a6-fe72e1d9d9d3
955920c9-1262-4822-8440-6cf20d8509ff,"Pospisil, Leopold J.",Kapauku Papuans and their law,1958,272,Monograph,Kapauku,Oceania,Melanesia,intensive agriculturalists,,681,https://ehrafworldcultures.yale.edu/sres/955920c9-1262-4822-8440-6cf20d8509ff
cb708079-a102-4f36-b32c-a281cc567c5d,"Pospisil, Leopold J.",Kapauku Papuans and their law,1958,272,Monograph,Kapauku,Oceania,Melanesia,intensive agriculturalists,,681,https://ehrafworldcultures.yale.edu/sres/cb708079-a102-4f36-b32c-a281cc567c5d
f76e10dd-fcfb-4608-82dd-9550462fea35,"Pospisil, Leopold J.",Kapauku Papuans and their law,1958,272,Monograph,Kapauku,Oceania,Melanesia,intensive agriculturalists,,681,https://ehrafworldcultures.yale.edu/sres/f76e10dd-fcfb-4608-82dd-9550462fea35
7c4e1930-b841-4961-81e0-add749fdbd4f,"Pospisil, Leopold J.",Kapauku Papuans and their law,1958,272,Monograph,Kapauku,Oceania,Melanesia,intensive agriculturalists,,681,https://ehrafworldcultures.yale.edu/sres/7c4e1930-b841-4961-81e0-add749fdbd4f
36a3bcee-e71b-4151-8c51-3bad7fef51b7,"Pospisil, Leopold J.",Kapauku Papuans and their law,1958,272,Monograph,Kapauku,Oceania,Melanesia,intensive agriculturalists,,681,https://ehrafworldcultures.yale.edu/sres/36a3bcee-e71b-4151-8c51-3bad7fef51b7
4dd4f2c1-5668-44f0-9036-c1ae1b3ff0a7,"Pospisil, Leopold J.",Kapauku Papuans and their law,1958,272,Monograph,Kapauku,Oceania,Melanesia,intensive agriculturalists,,681,https://ehrafworldcultures.yale.edu/sres/4dd4f2c1-5668-44f0-9036-c1ae1b3ff0a7
efaa698e-6bc9-4c58-be32-3d1955508de2,"Pospisil, Leopold J.",Kapauku Papuans and their law,1958,272,Monograph,Kapauku,Oceania,Melanesia,intensive agriculturalists,,681,https://ehrafworldcultures.yale.edu/sres/efaa698e-6bc9-4c58-be32-3d1955508de2
43556346-4498-48e9-a771-8bb56ba9c3d8,"Pospisil, Leopold J.",Kapauku Papuans and their law,1958,272,Monograph,Kapauku,Oceania,Melanesia,intensive agriculturalists,,681,https://ehrafworldcultures.yale.edu/sres/43556346-4498-48e9-a771-8bb56ba9c3d8
796917dc-0704-4175-ad48-ebe6317d7ef9,"Pospisil, Leopold J.",Kapauku Papuans and their law,1958,272,Monograph,Kapauku,Oceania,Melanesia,intensive agriculturalists,,681,https://ehrafworldcultures.yale.edu/sres/796917dc-0704-4175-ad48-ebe6317d7ef9
a08cb066-b9b5-4b49-86c8-5f745f28e32d,"Pospisil, Leopold J.",Kapauku Papuans and their law,1958,273,Monograph,Kapauku,Oceania,Melanesia,intensive agriculturalists,,"593,684",https://ehrafworldcultures.yale.edu/sres/a08cb066-b9b5-4b49-86c8-5f745f28e32d
0ce19d96-2981-4e7c-bd24-0807cbdcefd1,"Pospisil, Leopold J.",Kapauku Papuans and their law,1958,273,Monograph,Kapauku,Oceania,Melanesia,intensive agriculturalists,,"593,687,689",https://ehrafworldcultures.yale.edu/sres/0ce19d96-2981-4e7c-bd24-0807cbdcefd1
eff7b8bd-649b-4f39-b652-733bfe3e291b,"Pospisil, Leopold J.",Kapauku Papuans and their law,1958,273,Monograph,Kapauku,Oceania,Melanesia,intensive agriculturalists,,681,https://ehrafworldcultures.yale.edu/sres/eff7b8bd-649b-4f39-b652-733bfe3e291b
d5a7071d-74fb-409e-ab86-64e6d853ff4f,"Pospisil, Leopold J.",Kapauku Papuans and their law,1958,275,Monograph,Kapauku,Oceania,Melanesia,intensive agriculturalists,,"184,592,681",https://ehrafworldcultures.yale.edu/sres/d5a7071d-74fb-409e-ab86-64e6d853ff4f
56bf16a4-52b0-43bb-aa25-8284ee978c1c,"Pospisil, Leopold J.",Kapauku Papuans and their law,1958,276,Monograph,Kapauku,Oceania,Melanesia,intensive agriculturalists,,"184,592,681,831",https://ehrafworldcultures.yale.edu/sres/56bf16a4-52b0-43bb-aa25-8284ee978c1c
610b8a8c-20e3-4e1c-9b71-b3afd0cbd6b7,"Pospisil, Leopold J.",Kapauku Papuans and their law,1958,285,Monograph,Kapauku,Oceania,Melanesia,intensive agriculturalists,,"177,684,837",https://ehrafworldcultures.yale.edu/sres/610b8a8c-20e3-4e1c-9b71-b3afd0cbd6b7
12b40e8f-2923-4f35-b443-297a2ea3c6f5,"Pospisil, Leopold J.","Modern and traditional administration of justice in New
         Guinea",1981,102,Journal Article,Kapauku,Oceania,Melanesia,intensive agriculturalists,,"184,571,671,684",https://ehrafworldcultures.yale.edu/sres/12b40e8f-2923-4f35-b443-297a2ea3c6f5
46e4caea-8d1d-4ddd-851a-f66c33a9ec72,"Pospisil, Leopold J.","Modern and traditional administration of justice in New
         Guinea",1981,110,Journal Article,Kapauku,Oceania,Melanesia,intensive agriculturalists,,"121,178,681",https://ehrafworldcultures.yale.edu/sres/46e4caea-8d1d-4ddd-851a-f66c33a9ec72
2f0e01c1-ae13-406f-bab9-1db0c66a45c3,"Pospisil, Leopold J.","Modern and traditional administration of justice in New
         Guinea",1981,114,Journal Article,Kapauku,Oceania,Melanesia,intensive agriculturalists,,"121,178,577,622,631,647,671,675,681,692,695",https://ehrafworldcultures.yale.edu/sres/2f0e01c1-ae13-406f-bab9-1db0c66a45c3
0b828d47-1144-4779-ba85-e151c97a6a3c,"Pospisil, Leopold J.",The Kapauku Papuans and their kinship organization,1960,190,Journal Article,Kapauku,Oceania,Melanesia,intensive agriculturalists,,"582,583,586,595,684",https://ehrafworldcultures.yale.edu/sres/0b828d47-1144-4779-ba85-e151c97a6a3c
deef577d-f495-4cce-a164-a37c982570f1,"Pospisil, Leopold J.",The Kapauku Papuans of West New Guinea,1978,15,Monograph,Kapauku,Oceania,Melanesia,intensive agriculturalists,,"222,423,613,685",https://ehrafworldcultures.yale.edu/sres/deef577d-f495-4cce-a164-a37c982570f1
f0df0e9b-cf85-4fb6-9e22-ab1d76a4ed53,"Pospisil, Leopold J.",The Kapauku Papuans of West New Guinea,1978,19,Monograph,Kapauku,Oceania,Melanesia,intensive agriculturalists,,"423,427,435,577,681",https://ehrafworldcultures.yale.edu/sres/f0df0e9b-cf85-4fb6-9e22-ab1d76a4ed53
bc5a3927-301d-4187-b41b-d0cb9b01bfe6,"Pospisil, Leopold J.",The Kapauku Papuans of West New Guinea,1978,20,Monograph,Kapauku,Oceania,Melanesia,intensive agriculturalists,,"435,681",https://ehrafworldcultures.yale.edu/sres/bc5a3927-301d-4187-b41b-d0cb9b01bfe6
478c4b7e-cba0-4972-b847-2982443e91d8,"Pospisil, Leopold J.",The Kapauku Papuans of West New Guinea,1978,20,Monograph,Kapauku,Oceania,Melanesia,intensive agriculturalists,,"435,681",https://ehrafworldcultures.yale.edu/sres/478c4b7e-cba0-4972-b847-2982443e91d8
177406ab-6595-4821-8e8a-e42be2628be7,"Pospisil, Leopold J.",The Kapauku Papuans of West New Guinea,1978,26,Monograph,Kapauku,Oceania,Melanesia,intensive agriculturalists,,"426,558,671,686",https://ehrafworldcultures.yale.edu/sres/177406ab-6595-4821-8e8a-e42be2628be7
76cea3cb-e90b-44e1-bbf0-d852704d5662,"Pospisil, Leopold J.",The Kapauku Papuans of West New Guinea,1978,29,Monograph,Kapauku,Oceania,Melanesia,intensive agriculturalists,,"123,241,426,593,686,858,867",https://ehrafworldcultures.yale.edu/sres/76cea3cb-e90b-44e1-bbf0-d852704d5662
48e7ab36-4e44-4599-8383-ca54f40d6021,"Pospisil, Leopold J.",The Kapauku Papuans of West New Guinea,1978,31,Monograph,Kapauku,Oceania,Melanesia,intensive agriculturalists,,"426,452,556,681",https://ehrafworldcultures.yale.edu/sres/48e7ab36-4e44-4599-8383-ca54f40d6021
6f5a286a-5354-4ac6-84d7-15da304e48e0,"Pospisil, Leopold J.",The Kapauku Papuans of West New Guinea,1978,37,Monograph,Kapauku,Oceania,Melanesia,intensive agriculturalists,,"582,587,684,784",https://ehrafworldcultures.yale.edu/sres/6f5a286a-5354-4ac6-84d7-15da304e48e0
feb1ef4d-5f3a-4c64-9c6b-5fccb22d77c3,"Pospisil, Leopold J.",The Kapauku Papuans of West New Guinea,1978,38,Monograph,Kapauku,Oceania,Melanesia,intensive agriculturalists,,"614,684,784,835",https://ehrafworldcultures.yale.edu/sres/feb1ef4d-5f3a-4c64-9c6b-5fccb22d77c3
e6667a27-12cb-4ab3-b0d6-8a3d01561660,"Pospisil, Leopold J.",The Kapauku Papuans of West New Guinea,1978,38,Monograph,Kapauku,Oceania,Melanesia,intensive agriculturalists,,"616,631,682,721",https://ehrafworldcultures.yale.edu/sres/e6667a27-12cb-4ab3-b0d6-8a3d01561660
e8cc9bcc-e82e-4c08-8d27-7f0f403e070a,"Pospisil, Leopold J.",The Kapauku Papuans of West New Guinea,1978,41,Monograph,Kapauku,Oceania,Melanesia,intensive agriculturalists,,"123,157,432,562,594,595,672,684",https://ehrafworldcultures.yale.edu/sres/e8cc9bcc-e82e-4c08-8d27-7f0f403e070a
6d015996-b1f7-4e57-a040-de96bcb0613e,"Pospisil, Leopold J.",The Kapauku Papuans of West New Guinea,1978,49,Monograph,Kapauku,Oceania,Melanesia,intensive agriculturalists,,"554,556,681,682",https://ehrafworldcultures.yale.edu/sres/6d015996-b1f7-4e57-a040-de96bcb0613e
da1f3c8b-cfff-4c90-be86-1727656e628e,"Pospisil, Leopold J.",The Kapauku Papuans of West New Guinea,1978,53,Monograph,Kapauku,Oceania,Melanesia,intensive agriculturalists,,"121,571,613,614,631,671,684",https://ehrafworldcultures.yale.edu/sres/da1f3c8b-cfff-4c90-be86-1727656e628e
0785c38a-4f85-4053-ab07-7d5b73655a26,"Pospisil, Leopold J.",The Kapauku Papuans of West New Guinea,1978,54,Monograph,Kapauku,Oceania,Melanesia,intensive agriculturalists,,"592,594,631,681",https://ehrafworldcultures.yale.edu/sres/0785c38a-4f85-4053-ab07-7d5b73655a26
5f61bd38-f2c0-4d87-b841-28b74df5d0d3,"Pospisil, Leopold J.",The Kapauku Papuans of West New Guinea,1978,55,Monograph,Kapauku,Oceania,Melanesia,intensive agriculturalists,,"671,684,784",https://ehrafworldcultures.yale.edu/sres/5f61bd38-f2c0-4d87-b841-28b74df5d0d3
f23e23f3-6f80-45c7-9a5c-dc71cec58047,"Pospisil, Leopold J.",The Kapauku Papuans of West New Guinea,1978,55,Monograph,Kapauku,Oceania,Melanesia,intensive agriculturalists,,"181,671,682,683",https://ehrafworldcultures.yale.edu/sres/f23e23f3-6f80-45c7-9a5c-dc71cec58047
8a3fb0cb-a489-4a55-af2e-8a15004a2f30,"Pospisil, Leopold J.",The Kapauku Papuans of West New Guinea,1978,62,Monograph,Kapauku,Oceania,Melanesia,intensive agriculturalists,,"672,681,691,701,728",https://ehrafworldcultures.yale.edu/sres/8a3fb0cb-a489-4a55-af2e-8a15004a2f30
a2b07836-c63b-4928-b332-f6946555b8c6,"Pospisil, Leopold J.",The Kapauku Papuans of West New Guinea,1978,105,Monograph,Kapauku,Oceania,Melanesia,intensive agriculturalists,,"114,178,684",https://ehrafworldcultures.yale.edu/sres/a2b07836-c63b-4928-b332-f6946555b8c6
97d1affe-2099-4ba8-ba0f-7e0e1961c09e,"Pospisil, Leopold J.",The Kapauku Papuans of West New Guinea,1978,106,Monograph,Kapauku,Oceania,Melanesia,intensive agriculturalists,,"178,583,622,684,835",https://ehrafworldcultures.yale.edu/sres/97d1affe-2099-4ba8-ba0f-7e0e1961c09e
0ad2c5c9-d8aa-41c5-a006-7c287dc9e5ef,"Pospisil, Leopold J.",The Kapauku Papuans of West New Guinea,1978,106,Monograph,Kapauku,Oceania,Melanesia,intensive agriculturalists,,"171,178,622,671,684,835",https://ehrafworldcultures.yale.edu/sres/0ad2c5c9-d8aa-41c5-a006-7c287dc9e5ef
e077495e-a97b-47c9-8a3c-a5c4c6d6fb08,"Pospisil, Leopold J.","Structural change and primitive law: consequences of a Papuan
         legal case",1969,214,Essay,Kapauku,Oceania,Melanesia,intensive agriculturalists,,"178,557,583,671,686,835",https://ehrafworldcultures.yale.edu/sres/e077495e-a97b-47c9-8a3c-a5c4c6d6fb08
e205de07-df83-4c4d-ac06-c0722b0c7a97,"Pospisil, Leopold J.","Structural change and primitive law: consequences of a Papuan
         legal case",1969,216,Essay,Kapauku,Oceania,Melanesia,intensive agriculturalists,,"178,582,684",https://ehrafworldcultures.yale.edu/sres/e205de07-df83-4c4d-ac06-c0722b0c7a97
41c92fb0-b9cf-4250-841c-bb6ca9c2d757,"Pospisil, Leopold J.","Structural change and primitive law: consequences of a Papuan
         legal case",1969,216,Essay,Kapauku,Oceania,Melanesia,intensive agriculturalists,,"125,184,208,582,614,671,684,835",https://ehrafworldcultures.yale.edu/sres/41c92fb0-b9cf-4250-841c-bb6ca9c2d757
0818a1b9-4e82-4247-8253-3edab6dd6b8d,"Pospisil, Leopold J.","Structural change and primitive law: consequences of a Papuan
         legal case",1969,224,Essay,Kapauku,Oceania,Melanesia,intensive agriculturalists,,"121,125,178,208,241,361,614,616,671,684,835",https://ehrafworldcultures.yale.edu/sres/0818a1b9-4e82-4247-8253-3edab6dd6b8d
968b602c-0995-4455-bfc2-4ee12e75a061,"Pospisil, Leopold J.","Social change and primitive law: consequences of a Papuan
         legal case",1958,832,Journal Article,Kapauku,Oceania,Melanesia,intensive agriculturalists,,"178,684,835",https://ehrafworldcultures.yale.edu/sres/968b602c-0995-4455-bfc2-4ee12e75a061
d6f3cab1-3219-4055-a7dc-d07e1ecd992f,"Pospisil, Leopold J.","Social change and primitive law: consequences of a Papuan
         legal case",1958,833,Journal Article,Kapauku,Oceania,Melanesia,intensive agriculturalists,,"178,684,835",https://ehrafworldcultures.yale.edu/sres/d6f3cab1-3219-4055-a7dc-d07e1ecd992f
