uuid,Primary_Author,Title,Published,Page,DocType,Culture,Region,Subregion,Subsistence,OCM,IDs,Permalink
e0efa167-94a5-4c53-902b-e25907333f47,"Barton, Roy Franklin, 1883-1947",Ifugao law,1919,100,Monograph,Ifugao,Asia,Southeast Asia,intensive agriculturalists,,"627,628,696",https://ehrafworldcultures.yale.edu/sres/e0efa167-94a5-4c53-902b-e25907333f47
5c9b7865-012c-4208-97ea-5b57e140a876,"Barton, Roy Franklin, 1883-1947",Ifugao law,1919,100,Monograph,Ifugao,Asia,Southeast Asia,intensive agriculturalists,,"627,628,696",https://ehrafworldcultures.yale.edu/sres/5c9b7865-012c-4208-97ea-5b57e140a876
355b9ed2-3141-4709-b025-2b747bc78f5e,"Barton, Roy Franklin, 1883-1947",Ifugao economics,1922,426,Monograph,Ifugao,Asia,Southeast Asia,intensive agriculturalists,,"426,686,696,776,782",https://ehrafworldcultures.yale.edu/sres/355b9ed2-3141-4709-b025-2b747bc78f5e
973ac114-457f-4a7a-9717-11b171b256c3,"Barton, Roy Franklin, 1883-1947",Ifugao economics,1922,430,Monograph,Ifugao,Asia,Southeast Asia,intensive agriculturalists,,"436,681,696",https://ehrafworldcultures.yale.edu/sres/973ac114-457f-4a7a-9717-11b171b256c3
fd5e0df2-4a6c-4b6a-8104-8c512371e85f,"Barton, Roy Franklin, 1883-1947","The half-way sun: life among the headhunters of the
         Philippines",1930,237,Monograph,Ifugao,Asia,Southeast Asia,intensive agriculturalists,,"682,696",https://ehrafworldcultures.yale.edu/sres/fd5e0df2-4a6c-4b6a-8104-8c512371e85f
16cd1186-7093-4196-949d-ed577a7d6915,"Dumia, Mariano A., 1947-",The Ifugao world,1979,18,Monograph,Ifugao,Asia,Southeast Asia,intensive agriculturalists,,"582,626,684,835",https://ehrafworldcultures.yale.edu/sres/16cd1186-7093-4196-949d-ed577a7d6915
9a3d9da7-e583-4e31-8686-b2ad54b436e7,"Barton, Roy Franklin, 1883-1947",The religion of the Ifugao,1946,47,Monograph,Ifugao,Asia,Southeast Asia,intensive agriculturalists,,"426,626,686,776",https://ehrafworldcultures.yale.edu/sres/9a3d9da7-e583-4e31-8686-b2ad54b436e7
213eb9a8-ab62-44b0-9b7d-3295e854e552,"Barton, Roy Franklin, 1883-1947",The religion of the Ifugao,1946,55,Monograph,Ifugao,Asia,Southeast Asia,intensive agriculturalists,,"178,421,565,626,685,776",https://ehrafworldcultures.yale.edu/sres/213eb9a8-ab62-44b0-9b7d-3295e854e552
1f262d1b-473a-452e-87d8-f9e4f78dbed6,"Barton, Roy Franklin, 1883-1947",The religion of the Ifugao,1946,55,Monograph,Ifugao,Asia,Southeast Asia,intensive agriculturalists,,"626,685,776,778,784",https://ehrafworldcultures.yale.edu/sres/1f262d1b-473a-452e-87d8-f9e4f78dbed6
937971ea-eb78-44da-98f9-7d16f7eebe79,"Barton, Roy Franklin, 1883-1947",Ifugao law,1919,94,Monograph,Ifugao,Asia,Southeast Asia,intensive agriculturalists,,"626,681",https://ehrafworldcultures.yale.edu/sres/937971ea-eb78-44da-98f9-7d16f7eebe79
3bd6b0a5-ee62-4f91-963e-56e78ae55cb2,"Barton, Roy Franklin, 1883-1947",Ifugao law,1919,95,Monograph,Ifugao,Asia,Southeast Asia,intensive agriculturalists,,"554,558,577,626,681",https://ehrafworldcultures.yale.edu/sres/3bd6b0a5-ee62-4f91-963e-56e78ae55cb2
329166c6-b25f-40e3-92e6-11d697ee47bf,"Beyer, H. Otley (Henry Otley),
         1883-1966",An Ifugao burial ceremony,1911,248,Journal Article,Ifugao,Asia,Southeast Asia,intensive agriculturalists,,"191,261,626,685,766,793",https://ehrafworldcultures.yale.edu/sres/329166c6-b25f-40e3-92e6-11d697ee47bf
ba105962-d15c-4b12-bc49-cc184fca8180,"Malone, Martin J.",Culture summary: Ifugao,1999,4,Manuscript,Ifugao,Asia,Southeast Asia,intensive agriculturalists,,"565,626,628,681,692,721",https://ehrafworldcultures.yale.edu/sres/ba105962-d15c-4b12-bc49-cc184fca8180
b5225ab6-83f3-4202-9510-ff2b0e2967c2,"Barton, Roy Franklin, 1883-1947","Philippine pagans: the autobiographies of three
         Ifugaos",1938,91,Monograph,Ifugao,Asia,Southeast Asia,intensive agriculturalists,,"626,684,837",https://ehrafworldcultures.yale.edu/sres/b5225ab6-83f3-4202-9510-ff2b0e2967c2
aa5ce719-f50c-4825-a666-f0dec954d8e7,"Barton, Roy Franklin, 1883-1947",Ifugao law,1919,104,Monograph,Ifugao,Asia,Southeast Asia,intensive agriculturalists,,"177,184,186,291,423,425,563,577,578,627,628,676,683,685,686,834",https://ehrafworldcultures.yale.edu/sres/aa5ce719-f50c-4825-a666-f0dec954d8e7
ff3d3681-b1de-4027-ac7b-1c58f21ab060,"Villaverde, Juan",The Ifugaos of Quiangan and vicinity,1909,246,Journal Article,Ifugao,Asia,Southeast Asia,intensive agriculturalists,,"554,602,627,628,672,682,726,727",https://ehrafworldcultures.yale.edu/sres/ff3d3681-b1de-4027-ac7b-1c58f21ab060
f8bcb45e-15f8-423c-af02-9707472e4583,"Lambrecht, Francis",The Mayawyaw ritual: parts 1-5,1932,177,Monograph,Ifugao,Asia,Southeast Asia,intensive agriculturalists,,"437,627,684",https://ehrafworldcultures.yale.edu/sres/f8bcb45e-15f8-423c-af02-9707472e4583
5abbcba4-4db9-44b0-b1c3-759e52a2f57d,"Lambrecht, Francis",The Mayawyaw ritual: parts 1-5,1932,177,Monograph,Ifugao,Asia,Southeast Asia,intensive agriculturalists,,"437,627,684",https://ehrafworldcultures.yale.edu/sres/5abbcba4-4db9-44b0-b1c3-759e52a2f57d
bbfd69a0-b532-4678-a43f-e2eff12c58d4,"Lambrecht, Francis",The Mayawyaw ritual: parts 1-5,1932,178,Monograph,Ifugao,Asia,Southeast Asia,intensive agriculturalists,,"437,627,684",https://ehrafworldcultures.yale.edu/sres/bbfd69a0-b532-4678-a43f-e2eff12c58d4
f7d499ac-2040-4645-a576-c1713fab351f,"Lambrecht, Francis",The Mayawyaw ritual: parts 1-5,1932,179,Monograph,Ifugao,Asia,Southeast Asia,intensive agriculturalists,,"159,437,593,627,684,848",https://ehrafworldcultures.yale.edu/sres/f7d499ac-2040-4645-a576-c1713fab351f
702eb5d5-e8da-4490-9aac-840a1a4c6248,"Lambrecht, Francis","Ancestors' knowledge among the Ifugaos and its importance in
         the religious and social life of the tribe",1954,365,Journal Article,Ifugao,Asia,Southeast Asia,intensive agriculturalists,,"423,425,578,627,681",https://ehrafworldcultures.yale.edu/sres/702eb5d5-e8da-4490-9aac-840a1a4c6248
7beb32c6-f36a-4189-8937-7825aa2b5b7a,"Lambrecht, Francis",The Mayawyaw ritual: parts 1-5,1932,435,Monograph,Ifugao,Asia,Southeast Asia,intensive agriculturalists,,"578,627,682",https://ehrafworldcultures.yale.edu/sres/7beb32c6-f36a-4189-8937-7825aa2b5b7a
9e5d86c8-f26b-4c77-b079-ec6612f085e3,"Lambrecht, Francis",The Mayawyaw ritual: parts 1-5,1932,435,Monograph,Ifugao,Asia,Southeast Asia,intensive agriculturalists,,"578,627,682",https://ehrafworldcultures.yale.edu/sres/9e5d86c8-f26b-4c77-b079-ec6612f085e3
29b23615-b989-480f-983e-a7a4362360cb,"Lambrecht, Francis",The Mayawyaw ritual: parts 1-5,1932,435,Monograph,Ifugao,Asia,Southeast Asia,intensive agriculturalists,,"578,627,682",https://ehrafworldcultures.yale.edu/sres/29b23615-b989-480f-983e-a7a4362360cb
470cb60c-4600-4f3d-9b7f-fc67d0ec78fa,"Lambrecht, Francis",The Mayawyaw ritual: parts 1-5,1932,435,Monograph,Ifugao,Asia,Southeast Asia,intensive agriculturalists,,"578,627,682",https://ehrafworldcultures.yale.edu/sres/470cb60c-4600-4f3d-9b7f-fc67d0ec78fa
3c5cb0b6-4274-4dc9-9214-3f13459bd229,"Lambrecht, Francis",The Mayawyaw ritual: parts 1-5,1932,436,Monograph,Ifugao,Asia,Southeast Asia,intensive agriculturalists,,"437,627,682",https://ehrafworldcultures.yale.edu/sres/3c5cb0b6-4274-4dc9-9214-3f13459bd229
0a1f8cd0-9e4f-4951-aafa-b49bb4f6d3a2,"Lambrecht, Francis",The Mayawyaw ritual: parts 1-5,1932,436,Monograph,Ifugao,Asia,Southeast Asia,intensive agriculturalists,,"437,627,682",https://ehrafworldcultures.yale.edu/sres/0a1f8cd0-9e4f-4951-aafa-b49bb4f6d3a2
48486c6e-2503-4671-8fc0-3b93bb68e290,"Lambrecht, Francis",The Mayawyaw ritual: parts 1-5,1932,436,Monograph,Ifugao,Asia,Southeast Asia,intensive agriculturalists,,"435,437,627,682",https://ehrafworldcultures.yale.edu/sres/48486c6e-2503-4671-8fc0-3b93bb68e290
f71d1c75-e163-4300-822d-f9ea0e12f4af,"Lambrecht, Francis",The Mayawyaw ritual: parts 1-5,1932,437,Monograph,Ifugao,Asia,Southeast Asia,intensive agriculturalists,,"437,627,683,782",https://ehrafworldcultures.yale.edu/sres/f71d1c75-e163-4300-822d-f9ea0e12f4af
1b6d5d65-2f43-45a7-a012-aa981fab9a2b,"Lambrecht, Francis",The Mayawyaw ritual: parts 1-5,1932,437,Monograph,Ifugao,Asia,Southeast Asia,intensive agriculturalists,,"437,627,683",https://ehrafworldcultures.yale.edu/sres/1b6d5d65-2f43-45a7-a012-aa981fab9a2b
745da3e7-f423-4e05-8bdd-d4a3679b142a,"Lambrecht, Francis",The Mayawyaw ritual: parts 1-5,1932,437,Monograph,Ifugao,Asia,Southeast Asia,intensive agriculturalists,,"437,627,683",https://ehrafworldcultures.yale.edu/sres/745da3e7-f423-4e05-8bdd-d4a3679b142a
d4002881-f882-4dda-b19a-085efd75917a,"Lambrecht, Francis",The Mayawyaw ritual: parts 1-5,1932,438,Monograph,Ifugao,Asia,Southeast Asia,intensive agriculturalists,,"437,627,683",https://ehrafworldcultures.yale.edu/sres/d4002881-f882-4dda-b19a-085efd75917a
a2a2c7bc-d959-4e6e-9388-72ef586dc53b,"Lambrecht, Francis",The Mayawyaw ritual: parts 1-5,1932,438,Monograph,Ifugao,Asia,Southeast Asia,intensive agriculturalists,,"437,627,683",https://ehrafworldcultures.yale.edu/sres/a2a2c7bc-d959-4e6e-9388-72ef586dc53b
de9defa7-8822-4463-8423-fd920ae8fa54,"Lambrecht, Francis",The Mayawyaw ritual: parts 1-5,1932,438,Monograph,Ifugao,Asia,Southeast Asia,intensive agriculturalists,,"437,627,683",https://ehrafworldcultures.yale.edu/sres/de9defa7-8822-4463-8423-fd920ae8fa54
cf9cbd1a-09e2-4079-8ac8-0279d4ae9a89,"Lambrecht, Francis",The Mayawyaw ritual: parts 1-5,1932,662,Monograph,Ifugao,Asia,Southeast Asia,intensive agriculturalists,,"627,685,787",https://ehrafworldcultures.yale.edu/sres/cf9cbd1a-09e2-4079-8ac8-0279d4ae9a89
57021769-9be8-400a-aa8f-a6fe17254816,"Lambrecht, Francis",The Mayawyaw ritual: parts 1-5,1932,724,Monograph,Ifugao,Asia,Southeast Asia,intensive agriculturalists,,"624,627,681",https://ehrafworldcultures.yale.edu/sres/57021769-9be8-400a-aa8f-a6fe17254816
02d36d66-06e9-494f-8c42-879ec242d760,"Lambrecht, Francis",The Mayawyaw ritual: parts 1-5,1932,724,Monograph,Ifugao,Asia,Southeast Asia,intensive agriculturalists,,"624,627,681",https://ehrafworldcultures.yale.edu/sres/02d36d66-06e9-494f-8c42-879ec242d760
24efe76b-ebfb-430c-b845-6b5ed57b501b,"Lambrecht, Francis",The Mayawyaw ritual: parts 1-5,1932,725,Monograph,Ifugao,Asia,Southeast Asia,intensive agriculturalists,,"624,627,681",https://ehrafworldcultures.yale.edu/sres/24efe76b-ebfb-430c-b845-6b5ed57b501b
d30718f9-b91f-4526-a948-62efd639e03a,"Lambrecht, Francis",The Mayawyaw ritual: parts 1-5,1932,725,Monograph,Ifugao,Asia,Southeast Asia,intensive agriculturalists,,"624,627,681",https://ehrafworldcultures.yale.edu/sres/d30718f9-b91f-4526-a948-62efd639e03a
304cc65d-2d36-47cf-becd-782950e66d49,"Lambrecht, Francis",The Mayawyaw ritual: parts 1-5,1932,725,Monograph,Ifugao,Asia,Southeast Asia,intensive agriculturalists,,"624,627,681",https://ehrafworldcultures.yale.edu/sres/304cc65d-2d36-47cf-becd-782950e66d49
5ecb8166-4cfa-4223-b71f-d45ffdb082c6,"Lambrecht, Francis",The Mayawyaw ritual: parts 1-5,1932,726,Monograph,Ifugao,Asia,Southeast Asia,intensive agriculturalists,,"627,683",https://ehrafworldcultures.yale.edu/sres/5ecb8166-4cfa-4223-b71f-d45ffdb082c6
e7fda197-9bed-41e2-bebc-61d35b910bb2,"Lambrecht, Francis",The Mayawyaw ritual: parts 1-5,1932,726,Monograph,Ifugao,Asia,Southeast Asia,intensive agriculturalists,,"627,683",https://ehrafworldcultures.yale.edu/sres/e7fda197-9bed-41e2-bebc-61d35b910bb2
86cf7601-5c5e-4def-8293-8e9f9077202a,"Lambrecht, Francis",The Mayawyaw ritual: parts 1-5,1932,727,Monograph,Ifugao,Asia,Southeast Asia,intensive agriculturalists,,"627,683",https://ehrafworldcultures.yale.edu/sres/86cf7601-5c5e-4def-8293-8e9f9077202a
0ee46eaa-83c9-4d39-8c10-3bc8052b5ac0,"Lambrecht, Francis",The Mayawyaw ritual: parts 1-5,1932,727,Monograph,Ifugao,Asia,Southeast Asia,intensive agriculturalists,,"627,683",https://ehrafworldcultures.yale.edu/sres/0ee46eaa-83c9-4d39-8c10-3bc8052b5ac0
bfc848e1-16a2-4675-bf0d-939ec9cddb30,"Lambrecht, Francis",The Mayawyaw ritual: parts 1-5,1932,727,Monograph,Ifugao,Asia,Southeast Asia,intensive agriculturalists,,"627,683",https://ehrafworldcultures.yale.edu/sres/bfc848e1-16a2-4675-bf0d-939ec9cddb30
622580e5-66e3-4583-95cc-2a194a2d30fa,"Lambrecht, Francis",The Mayawyaw ritual: parts 1-5,1932,728,Monograph,Ifugao,Asia,Southeast Asia,intensive agriculturalists,,"627,683",https://ehrafworldcultures.yale.edu/sres/622580e5-66e3-4583-95cc-2a194a2d30fa
27879367-1e95-4c4f-988d-4170d74b51bb,"Lambrecht, Francis",The Mayawyaw ritual: parts 1-5,1932,728,Monograph,Ifugao,Asia,Southeast Asia,intensive agriculturalists,,"627,683",https://ehrafworldcultures.yale.edu/sres/27879367-1e95-4c4f-988d-4170d74b51bb
f4b27028-e038-4049-b759-7715e392b60b,"Lambrecht, Francis",The Mayawyaw ritual: parts 1-5,1932,728,Monograph,Ifugao,Asia,Southeast Asia,intensive agriculturalists,,"627,684",https://ehrafworldcultures.yale.edu/sres/f4b27028-e038-4049-b759-7715e392b60b
5d45e9f4-ef36-42b9-be90-ed06fc4cfca6,"Lambrecht, Francis",The Mayawyaw ritual: parts 1-5,1932,728,Monograph,Ifugao,Asia,Southeast Asia,intensive agriculturalists,,"627,683,789",https://ehrafworldcultures.yale.edu/sres/5d45e9f4-ef36-42b9-be90-ed06fc4cfca6
08ecb3ce-3870-476f-8df3-60d63764cdfa,"Lambrecht, Francis",The Mayawyaw ritual: parts 1-5,1932,729,Monograph,Ifugao,Asia,Southeast Asia,intensive agriculturalists,,"627,683",https://ehrafworldcultures.yale.edu/sres/08ecb3ce-3870-476f-8df3-60d63764cdfa
0f3bd6a0-2e6e-4e47-9e8f-65c94c02155a,"Lambrecht, Francis",The Mayawyaw ritual: parts 1-5,1932,729,Monograph,Ifugao,Asia,Southeast Asia,intensive agriculturalists,,"627,684",https://ehrafworldcultures.yale.edu/sres/0f3bd6a0-2e6e-4e47-9e8f-65c94c02155a
7de42184-f4d1-4a0b-9ba7-38d0b92081a2,"Barton, Roy Franklin, 1883-1947",Ifugao law,1919,119,Monograph,Ifugao,Asia,Southeast Asia,intensive agriculturalists,,"578,696,728",https://ehrafworldcultures.yale.edu/sres/7de42184-f4d1-4a0b-9ba7-38d0b92081a2
08d2a8fb-a261-4631-8406-d8e3b3f23b71,"Barton, Roy Franklin, 1883-1947",Ifugao law,1919,119,Monograph,Ifugao,Asia,Southeast Asia,intensive agriculturalists,,"539,578,696,754,789,796",https://ehrafworldcultures.yale.edu/sres/08d2a8fb-a261-4631-8406-d8e3b3f23b71
e2566e5c-3c98-48e5-a0df-46260ddc2343,"Barton, Roy Franklin, 1883-1947",Ifugao law,1919,119,Monograph,Ifugao,Asia,Southeast Asia,intensive agriculturalists,,"539,578,696,754,789",https://ehrafworldcultures.yale.edu/sres/e2566e5c-3c98-48e5-a0df-46260ddc2343
faf126fc-3805-4b44-bf7b-175b08efb64c,"Barton, Roy Franklin, 1883-1947",Ifugao law,1919,119,Monograph,Ifugao,Asia,Southeast Asia,intensive agriculturalists,,"539,578,696,754,789",https://ehrafworldcultures.yale.edu/sres/faf126fc-3805-4b44-bf7b-175b08efb64c
3720b419-546a-4c1b-bc3a-f19b8b3c85b3,"Barton, Roy Franklin, 1883-1947","The half-way sun: life among the headhunters of the
         Philippines",1930,94,Monograph,Ifugao,Asia,Southeast Asia,intensive agriculturalists,,696,https://ehrafworldcultures.yale.edu/sres/3720b419-546a-4c1b-bc3a-f19b8b3c85b3
7859415a-57c4-418d-8e37-5fab3ce8399c,"Barton, Roy Franklin, 1883-1947","The half-way sun: life among the headhunters of the
         Philippines",1930,236,Monograph,Ifugao,Asia,Southeast Asia,intensive agriculturalists,,"311,696",https://ehrafworldcultures.yale.edu/sres/7859415a-57c4-418d-8e37-5fab3ce8399c
e10be041-9686-435c-a099-648ff56bbe84,"Barton, Roy Franklin, 1883-1947","The half-way sun: life among the headhunters of the
         Philippines",1930,238,Monograph,Ifugao,Asia,Southeast Asia,intensive agriculturalists,,696,https://ehrafworldcultures.yale.edu/sres/e10be041-9686-435c-a099-648ff56bbe84
f261b0ff-5f9d-4905-bc33-b3a698c9d881,"Barton, Roy Franklin, 1883-1947",Ifugao law,1919,38,Monograph,Ifugao,Asia,Southeast Asia,intensive agriculturalists,,"593,626,858",https://ehrafworldcultures.yale.edu/sres/f261b0ff-5f9d-4905-bc33-b3a698c9d881
c4f9670f-8e60-481b-99a2-a54e5eb2239c,"Barton, Roy Franklin, 1883-1947",The religion of the Ifugao,1946,47,Monograph,Ifugao,Asia,Southeast Asia,intensive agriculturalists,,"426,626,776",https://ehrafworldcultures.yale.edu/sres/c4f9670f-8e60-481b-99a2-a54e5eb2239c
ede11064-bff5-4e07-bfea-a8fc13d71922,"Barton, Roy Franklin, 1883-1947",The religion of the Ifugao,1946,47,Monograph,Ifugao,Asia,Southeast Asia,intensive agriculturalists,,"426,626,776",https://ehrafworldcultures.yale.edu/sres/ede11064-bff5-4e07-bfea-a8fc13d71922
0a6e76fc-3056-4523-a1d3-a9b1b5cd5632,"Barton, Roy Franklin, 1883-1947",The religion of the Ifugao,1946,48,Monograph,Ifugao,Asia,Southeast Asia,intensive agriculturalists,,"426,626,776",https://ehrafworldcultures.yale.edu/sres/0a6e76fc-3056-4523-a1d3-a9b1b5cd5632
432a9447-f697-4aaf-b408-c12cfb712bd8,"Barton, Roy Franklin, 1883-1947",The religion of the Ifugao,1946,48,Monograph,Ifugao,Asia,Southeast Asia,intensive agriculturalists,,"426,626,776",https://ehrafworldcultures.yale.edu/sres/432a9447-f697-4aaf-b408-c12cfb712bd8
bbc17c50-2b42-447d-93b3-320479a91950,"Barton, Roy Franklin, 1883-1947",Ifugao law,1919,95,Monograph,Ifugao,Asia,Southeast Asia,intensive agriculturalists,,"426,554,558,577,578,626",https://ehrafworldcultures.yale.edu/sres/bbc17c50-2b42-447d-93b3-320479a91950
2bc26cdd-5225-4c5b-9f75-acfe22eb4e0c,"Barton, Roy Franklin, 1883-1947",Ifugao law,1919,95,Monograph,Ifugao,Asia,Southeast Asia,intensive agriculturalists,,"554,578,621,626",https://ehrafworldcultures.yale.edu/sres/2bc26cdd-5225-4c5b-9f75-acfe22eb4e0c
ee73708b-0a68-430d-8762-f52a1eeb6665,"Barton, Roy Franklin, 1883-1947",Ifugao law,1919,95,Monograph,Ifugao,Asia,Southeast Asia,intensive agriculturalists,,"554,557,558,626",https://ehrafworldcultures.yale.edu/sres/ee73708b-0a68-430d-8762-f52a1eeb6665
13ae88e7-204b-455d-be30-8e293b6280e9,"Barton, Roy Franklin, 1883-1947",The harvest feast of the Kiangan Ifugao,1911,101,Journal Article,Ifugao,Asia,Southeast Asia,intensive agriculturalists,,"231,243,626,796",https://ehrafworldcultures.yale.edu/sres/13ae88e7-204b-455d-be30-8e293b6280e9
5a18fd14-0413-4e78-9f79-3c5961766b54,"Lambrecht, Francis",The Mayawyaw ritual: parts 1-5,1932,717,Monograph,Ifugao,Asia,Southeast Asia,intensive agriculturalists,,626,https://ehrafworldcultures.yale.edu/sres/5a18fd14-0413-4e78-9f79-3c5961766b54
a291ca9d-f0a4-4a7e-a18f-5831953a7789,"Dumia, Mariano A., 1947-",The Ifugao world,1979,12,Monograph,Ifugao,Asia,Southeast Asia,intensive agriculturalists,,627,https://ehrafworldcultures.yale.edu/sres/a291ca9d-f0a4-4a7e-a18f-5831953a7789
51217cd8-8daa-406d-be55-74db734bc276,"Dumia, Mariano A., 1947-",The Ifugao world,1979,12,Monograph,Ifugao,Asia,Southeast Asia,intensive agriculturalists,,627,https://ehrafworldcultures.yale.edu/sres/51217cd8-8daa-406d-be55-74db734bc276
c1e64f82-b554-4af2-b5a4-1cea2620a93f,"Dumia, Mariano A., 1947-",The Ifugao world,1979,12,Monograph,Ifugao,Asia,Southeast Asia,intensive agriculturalists,,"627,756",https://ehrafworldcultures.yale.edu/sres/c1e64f82-b554-4af2-b5a4-1cea2620a93f
e56e75e8-f6e2-45ed-887f-8b9e5feb165b,"Dumia, Mariano A., 1947-",The Ifugao world,1979,13,Monograph,Ifugao,Asia,Southeast Asia,intensive agriculturalists,,"425,526,614,627,756",https://ehrafworldcultures.yale.edu/sres/e56e75e8-f6e2-45ed-887f-8b9e5feb165b
a1b1cb8f-6328-40f1-b6c6-388e75b43c8d,"Dumia, Mariano A., 1947-",The Ifugao world,1979,13,Monograph,Ifugao,Asia,Southeast Asia,intensive agriculturalists,,"423,526,614,627,628",https://ehrafworldcultures.yale.edu/sres/a1b1cb8f-6328-40f1-b6c6-388e75b43c8d
191dfa40-ad39-4497-8e69-3997fc5f2e67,"Dumia, Mariano A., 1947-",The Ifugao world,1979,13,Monograph,Ifugao,Asia,Southeast Asia,intensive agriculturalists,,"627,752",https://ehrafworldcultures.yale.edu/sres/191dfa40-ad39-4497-8e69-3997fc5f2e67
433ac868-997b-446f-96e4-3425aa80d67f,"Barton, Roy Franklin, 1883-1947",Ifugao law,1919,69,Monograph,Ifugao,Asia,Southeast Asia,intensive agriculturalists,,"164,554,627,672,732",https://ehrafworldcultures.yale.edu/sres/433ac868-997b-446f-96e4-3425aa80d67f
20452431-d7bf-446f-b8e1-62e655fe9203,"Barton, Roy Franklin, 1883-1947",Ifugao law,1919,92,Monograph,Ifugao,Asia,Southeast Asia,intensive agriculturalists,,"612,619,627",https://ehrafworldcultures.yale.edu/sres/20452431-d7bf-446f-b8e1-62e655fe9203
4c862816-e93c-4164-af63-9829063f826d,"Barton, Roy Franklin, 1883-1947",Ifugao law,1919,93,Monograph,Ifugao,Asia,Southeast Asia,intensive agriculturalists,,"602,612,627",https://ehrafworldcultures.yale.edu/sres/4c862816-e93c-4164-af63-9829063f826d
afc93547-517e-47ae-bca2-125c1be8048a,"Barton, Roy Franklin, 1883-1947",Ifugao law,1919,93,Monograph,Ifugao,Asia,Southeast Asia,intensive agriculturalists,,"602,612,627",https://ehrafworldcultures.yale.edu/sres/afc93547-517e-47ae-bca2-125c1be8048a
ebdcf3ae-4d64-4613-b7a9-dd0ecf8daae7,"Barton, Roy Franklin, 1883-1947",Ifugao law,1919,93,Monograph,Ifugao,Asia,Southeast Asia,intensive agriculturalists,,"602,612,627",https://ehrafworldcultures.yale.edu/sres/ebdcf3ae-4d64-4613-b7a9-dd0ecf8daae7
69c64c6c-4f90-4d52-94fe-ef366adbca90,"Barton, Roy Franklin, 1883-1947",Ifugao law,1919,93,Monograph,Ifugao,Asia,Southeast Asia,intensive agriculturalists,,"602,612,621,627",https://ehrafworldcultures.yale.edu/sres/69c64c6c-4f90-4d52-94fe-ef366adbca90
af53bb8a-19c9-4968-ae53-d693e63ea52f,"Barton, Roy Franklin, 1883-1947",Ifugao law,1919,93,Monograph,Ifugao,Asia,Southeast Asia,intensive agriculturalists,,"554,565,602,612,627",https://ehrafworldcultures.yale.edu/sres/af53bb8a-19c9-4968-ae53-d693e63ea52f
fbe476bb-0811-4d2b-b02f-2c73f863be04,"Barton, Roy Franklin, 1883-1947",Ifugao law,1919,94,Monograph,Ifugao,Asia,Southeast Asia,intensive agriculturalists,,"602,627,694",https://ehrafworldcultures.yale.edu/sres/fbe476bb-0811-4d2b-b02f-2c73f863be04
c645ef9f-0072-49d4-b0a1-8c1f5f13a5cc,"Barton, Roy Franklin, 1883-1947","The half-way sun: life among the headhunters of the
         Philippines",1930,302,Monograph,Ifugao,Asia,Southeast Asia,intensive agriculturalists,,"621,627,628,721",https://ehrafworldcultures.yale.edu/sres/c645ef9f-0072-49d4-b0a1-8c1f5f13a5cc
682c78b9-db93-4245-ac85-70319544b401,"Barton, Roy Franklin, 1883-1947","The half-way sun: life among the headhunters of the
         Philippines",1930,303,Monograph,Ifugao,Asia,Southeast Asia,intensive agriculturalists,,"621,627,628,721",https://ehrafworldcultures.yale.edu/sres/682c78b9-db93-4245-ac85-70319544b401
7483f8bb-abc5-49ef-a461-bf17f4cc1644,"Barton, Roy Franklin, 1883-1947","Philippine pagans: the autobiographies of three
         Ifugaos",1938,15,Monograph,Ifugao,Asia,Southeast Asia,intensive agriculturalists,,"556,624,627",https://ehrafworldcultures.yale.edu/sres/7483f8bb-abc5-49ef-a461-bf17f4cc1644
06acd3b5-cd2f-4a1d-9d03-c8658d10b3f7,"Villaverde, Juan",The Ifugaos of Quiangan and vicinity,1909,246,Journal Article,Ifugao,Asia,Southeast Asia,intensive agriculturalists,,"627,692",https://ehrafworldcultures.yale.edu/sres/06acd3b5-cd2f-4a1d-9d03-c8658d10b3f7
563d3374-7b69-4c8e-8139-c0b6f58ce391,"Daguio, Amador Taguinod","Hudhud Hi Aliguyon: a translation of an Ifugao harvest song
         with introduction and notes",1952,29,Monograph,Ifugao,Asia,Southeast Asia,intensive agriculturalists,,"538,574,627,788",https://ehrafworldcultures.yale.edu/sres/563d3374-7b69-4c8e-8139-c0b6f58ce391
8b4e66a7-13f4-4eb2-9786-7e98ad06b8e5,"Daguio, Amador Taguinod","Hudhud Hi Aliguyon: a translation of an Ifugao harvest song
         with introduction and notes",1952,30,Monograph,Ifugao,Asia,Southeast Asia,intensive agriculturalists,,"574,627,788",https://ehrafworldcultures.yale.edu/sres/8b4e66a7-13f4-4eb2-9786-7e98ad06b8e5
794340d5-1743-4118-bf94-de29a3664f04,"Daguio, Amador Taguinod","Hudhud Hi Aliguyon: a translation of an Ifugao harvest song
         with introduction and notes",1952,30,Monograph,Ifugao,Asia,Southeast Asia,intensive agriculturalists,,"574,627,788",https://ehrafworldcultures.yale.edu/sres/794340d5-1743-4118-bf94-de29a3664f04
cd44355e-fd3e-41d1-8e1e-07eaceb3eb05,"Barton, Roy Franklin, 1883-1947",The mythology of the Ifugaos,1955,244,Monograph,Ifugao,Asia,Southeast Asia,intensive agriculturalists,,"586,627,628",https://ehrafworldcultures.yale.edu/sres/cd44355e-fd3e-41d1-8e1e-07eaceb3eb05
e7326966-b160-41c7-af38-ff3ebd4170cc,"Lambrecht, Francis",The Mayawyaw ritual: parts 1-5,1932,434,Monograph,Ifugao,Asia,Southeast Asia,intensive agriculturalists,,"627,628,721",https://ehrafworldcultures.yale.edu/sres/e7326966-b160-41c7-af38-ff3ebd4170cc
ddb1c4bb-c981-4e14-82c8-6a6dca3acbb0,"Lambrecht, Francis",The Mayawyaw ritual: parts 1-5,1932,439,Monograph,Ifugao,Asia,Southeast Asia,intensive agriculturalists,,"627,766,782",https://ehrafworldcultures.yale.edu/sres/ddb1c4bb-c981-4e14-82c8-6a6dca3acbb0
4522df99-7798-4029-aa00-7f3b43c61c58,"Lambrecht, Francis",The Mayawyaw ritual: parts 1-5,1932,600,Monograph,Ifugao,Asia,Southeast Asia,intensive agriculturalists,,"422,437,627",https://ehrafworldcultures.yale.edu/sres/4522df99-7798-4029-aa00-7f3b43c61c58
7bc3f9a6-bbf2-40e3-b4bf-2ab3fd773aa4,"Lambrecht, Francis",The Mayawyaw ritual: parts 1-5,1932,718,Monograph,Ifugao,Asia,Southeast Asia,intensive agriculturalists,,627,https://ehrafworldcultures.yale.edu/sres/7bc3f9a6-bbf2-40e3-b4bf-2ab3fd773aa4
5f352a64-cd13-430b-8869-bcccbb1d8336,"Dumia, Mariano A., 1947-",The Ifugao world,1979,11,Monograph,Ifugao,Asia,Southeast Asia,intensive agriculturalists,,681,https://ehrafworldcultures.yale.edu/sres/5f352a64-cd13-430b-8869-bcccbb1d8336
ea606e6e-64e8-422a-9a37-3532c837197d,"Dumia, Mariano A., 1947-",The Ifugao world,1979,12,Monograph,Ifugao,Asia,Southeast Asia,intensive agriculturalists,,681,https://ehrafworldcultures.yale.edu/sres/ea606e6e-64e8-422a-9a37-3532c837197d
78fc94ae-bcf6-40e6-b51f-048a453a14cc,"Dumia, Mariano A., 1947-",The Ifugao world,1979,17,Monograph,Ifugao,Asia,Southeast Asia,intensive agriculturalists,,"581,584,684",https://ehrafworldcultures.yale.edu/sres/78fc94ae-bcf6-40e6-b51f-048a453a14cc
9f6d1b0b-b718-40d4-aadc-8d87d2c5553c,"Dumia, Mariano A., 1947-",The Ifugao world,1979,17,Monograph,Ifugao,Asia,Southeast Asia,intensive agriculturalists,,"586,684,842,848",https://ehrafworldcultures.yale.edu/sres/9f6d1b0b-b718-40d4-aadc-8d87d2c5553c
8f19939d-025f-4b97-bce3-923d77525362,"Dumia, Mariano A., 1947-",The Ifugao world,1979,21,Monograph,Ifugao,Asia,Southeast Asia,intensive agriculturalists,,"682,764",https://ehrafworldcultures.yale.edu/sres/8f19939d-025f-4b97-bce3-923d77525362
d8a4bbd9-6e3a-4f7b-9486-bbd0a0a4f0ae,"Dumia, Mariano A., 1947-",The Ifugao world,1979,42,Monograph,Ifugao,Asia,Southeast Asia,intensive agriculturalists,,"674,682",https://ehrafworldcultures.yale.edu/sres/d8a4bbd9-6e3a-4f7b-9486-bbd0a0a4f0ae
362f134d-023c-4ada-a7c7-4b69518ab62f,"Dumia, Mariano A., 1947-",The Ifugao world,1979,42,Monograph,Ifugao,Asia,Southeast Asia,intensive agriculturalists,,"674,682",https://ehrafworldcultures.yale.edu/sres/362f134d-023c-4ada-a7c7-4b69518ab62f
fc84b4ba-009f-427d-91ea-68740bac36d2,"Dumia, Mariano A., 1947-",The Ifugao world,1979,42,Monograph,Ifugao,Asia,Southeast Asia,intensive agriculturalists,,"674,682",https://ehrafworldcultures.yale.edu/sres/fc84b4ba-009f-427d-91ea-68740bac36d2
9640ee37-6a68-41ca-9fc4-cd0d7836ceb1,"Dumia, Mariano A., 1947-",The Ifugao world,1979,42,Monograph,Ifugao,Asia,Southeast Asia,intensive agriculturalists,,"674,682",https://ehrafworldcultures.yale.edu/sres/9640ee37-6a68-41ca-9fc4-cd0d7836ceb1
d75505ae-15ef-4304-b44a-c9f7798e41b1,"Dumia, Mariano A., 1947-",The Ifugao world,1979,43,Monograph,Ifugao,Asia,Southeast Asia,intensive agriculturalists,,"671,685,687",https://ehrafworldcultures.yale.edu/sres/d75505ae-15ef-4304-b44a-c9f7798e41b1
7e8ad799-d4a7-48de-951c-f3d120dc1e91,"Dumia, Mariano A., 1947-",The Ifugao world,1979,74,Monograph,Ifugao,Asia,Southeast Asia,intensive agriculturalists,,"443,579,685",https://ehrafworldcultures.yale.edu/sres/7e8ad799-d4a7-48de-951c-f3d120dc1e91
09792140-71c6-4d81-b3b2-9644f4b88f39,"Dumia, Mariano A., 1947-",The Ifugao world,1979,79,Monograph,Ifugao,Asia,Southeast Asia,intensive agriculturalists,,"635,667,682",https://ehrafworldcultures.yale.edu/sres/09792140-71c6-4d81-b3b2-9644f4b88f39
388295aa-6cc2-4f9b-a4c2-212248a28408,"Dumia, Mariano A., 1947-",The Ifugao world,1979,79,Monograph,Ifugao,Asia,Southeast Asia,intensive agriculturalists,,"635,667,682",https://ehrafworldcultures.yale.edu/sres/388295aa-6cc2-4f9b-a4c2-212248a28408
436895b1-37dc-41b5-8d2e-d685278b6a58,"Dumia, Mariano A., 1947-",The Ifugao world,1979,79,Monograph,Ifugao,Asia,Southeast Asia,intensive agriculturalists,,"635,667,682",https://ehrafworldcultures.yale.edu/sres/436895b1-37dc-41b5-8d2e-d685278b6a58
48658896-1035-47f5-af59-7f60b446bee3,"Dumia, Mariano A., 1947-",The Ifugao world,1979,80,Monograph,Ifugao,Asia,Southeast Asia,intensive agriculturalists,,"423,628,682",https://ehrafworldcultures.yale.edu/sres/48658896-1035-47f5-af59-7f60b446bee3
2b975cbe-9dd6-4b9d-85a1-9779372a8352,"Dumia, Mariano A., 1947-",The Ifugao world,1979,82,Monograph,Ifugao,Asia,Southeast Asia,intensive agriculturalists,,"625,681,782",https://ehrafworldcultures.yale.edu/sres/2b975cbe-9dd6-4b9d-85a1-9779372a8352
69e574f7-5c0c-4e7f-87a3-6632611d8af8,"Lambrecht, Francis",The Mayawyaw ritual: VI. illness and its ritual,1955,108,Journal Article,Ifugao,Asia,Southeast Asia,intensive agriculturalists,,"685,753,755,793",https://ehrafworldcultures.yale.edu/sres/69e574f7-5c0c-4e7f-87a3-6632611d8af8
c44f5156-a91d-4d2a-b6b5-1ff0cdf7f137,"Lambrecht, Francis",The Mayawyaw ritual: VI. illness and its ritual,1955,108,Journal Article,Ifugao,Asia,Southeast Asia,intensive agriculturalists,,"685,753,755,793,858",https://ehrafworldcultures.yale.edu/sres/c44f5156-a91d-4d2a-b6b5-1ff0cdf7f137
c4771e3c-a16e-4cd2-8904-548cd0b25659,"Lambrecht, Francis",The Mayawyaw ritual: VI. illness and its ritual,1955,109,Journal Article,Ifugao,Asia,Southeast Asia,intensive agriculturalists,,"685,753,755,793",https://ehrafworldcultures.yale.edu/sres/c4771e3c-a16e-4cd2-8904-548cd0b25659
e6768d63-7b3a-49c7-8f7f-d2474f0d2a23,"Lambrecht, Francis",The Mayawyaw ritual: VI. illness and its ritual,1955,109,Journal Article,Ifugao,Asia,Southeast Asia,intensive agriculturalists,,"539,685,753,755,793",https://ehrafworldcultures.yale.edu/sres/e6768d63-7b3a-49c7-8f7f-d2474f0d2a23
1d210cea-7cac-4096-ab2c-a7d1f8210c50,"Lambrecht, Francis",The Mayawyaw ritual: VI. illness and its ritual,1955,109,Journal Article,Ifugao,Asia,Southeast Asia,intensive agriculturalists,,"685,753,755,793",https://ehrafworldcultures.yale.edu/sres/1d210cea-7cac-4096-ab2c-a7d1f8210c50
bdbc1cbf-27ae-48b4-a1da-6280b5734c00,"Lambrecht, Francis",The Mayawyaw ritual: VI. illness and its ritual,1955,109,Journal Article,Ifugao,Asia,Southeast Asia,intensive agriculturalists,,"685,753,755,793",https://ehrafworldcultures.yale.edu/sres/bdbc1cbf-27ae-48b4-a1da-6280b5734c00
9c95c157-d71d-4e57-8bcb-f3ed6e9689e7,"Lambrecht, Francis",The Mayawyaw ritual: VI. illness and its ritual,1955,109,Journal Article,Ifugao,Asia,Southeast Asia,intensive agriculturalists,,"539,685,753,755,793",https://ehrafworldcultures.yale.edu/sres/9c95c157-d71d-4e57-8bcb-f3ed6e9689e7
b1f026cf-2b1e-4338-b8af-22f0335d7674,"Lambrecht, Francis",The Mayawyaw ritual: VI. illness and its ritual,1955,109,Journal Article,Ifugao,Asia,Southeast Asia,intensive agriculturalists,,"685,753,755,793",https://ehrafworldcultures.yale.edu/sres/b1f026cf-2b1e-4338-b8af-22f0335d7674
5b66fca3-2e33-4cb5-901f-d543b0e5c84a,"Lambrecht, Francis",The Mayawyaw ritual: VI. illness and its ritual,1955,110,Journal Article,Ifugao,Asia,Southeast Asia,intensive agriculturalists,,"465,539,685,755,775,793",https://ehrafworldcultures.yale.edu/sres/5b66fca3-2e33-4cb5-901f-d543b0e5c84a
5b999eae-9d14-4391-95fb-9313da79b658,"Lambrecht, Francis",The Mayawyaw ritual: VI. illness and its ritual,1955,110,Journal Article,Ifugao,Asia,Southeast Asia,intensive agriculturalists,,"465,602,685,755,793",https://ehrafworldcultures.yale.edu/sres/5b999eae-9d14-4391-95fb-9313da79b658
fffd70f7-17e1-4ddb-a82a-393f2124d208,"Lambrecht, Francis",The Mayawyaw ritual: VI. illness and its ritual,1955,110,Journal Article,Ifugao,Asia,Southeast Asia,intensive agriculturalists,,"465,685,755,784,793",https://ehrafworldcultures.yale.edu/sres/fffd70f7-17e1-4ddb-a82a-393f2124d208
c11ce5fd-1d3b-4794-a23c-3d97bbff080e,"Lambrecht, Francis",The Mayawyaw ritual: VI. illness and its ritual,1955,111,Journal Article,Ifugao,Asia,Southeast Asia,intensive agriculturalists,,"539,685,755,775,776,782,793",https://ehrafworldcultures.yale.edu/sres/c11ce5fd-1d3b-4794-a23c-3d97bbff080e
12308c18-b28c-420b-bf62-7cabe6016d28,"Lambrecht, Francis",The Mayawyaw ritual: VI. illness and its ritual,1955,111,Journal Article,Ifugao,Asia,Southeast Asia,intensive agriculturalists,,"685,755,775,776,782,793",https://ehrafworldcultures.yale.edu/sres/12308c18-b28c-420b-bf62-7cabe6016d28
b39f5e44-1094-4c25-aa96-3ac33c7d8813,"Lambrecht, Francis",The Mayawyaw ritual: VI. illness and its ritual,1955,111,Journal Article,Ifugao,Asia,Southeast Asia,intensive agriculturalists,,"685,755,775,776,782,793",https://ehrafworldcultures.yale.edu/sres/b39f5e44-1094-4c25-aa96-3ac33c7d8813
30a20ed5-e40a-425e-aaf2-b21ba0863c8f,"Lambrecht, Francis",The Mayawyaw ritual: VI. illness and its ritual,1955,111,Journal Article,Ifugao,Asia,Southeast Asia,intensive agriculturalists,,"685,755,775,776,782,793",https://ehrafworldcultures.yale.edu/sres/30a20ed5-e40a-425e-aaf2-b21ba0863c8f
1eeab894-0299-41f8-8bd1-49e2439f3fb8,"Lambrecht, Francis",The Mayawyaw ritual: VI. illness and its ritual,1955,111,Journal Article,Ifugao,Asia,Southeast Asia,intensive agriculturalists,,"685,755,775,776,782,793",https://ehrafworldcultures.yale.edu/sres/1eeab894-0299-41f8-8bd1-49e2439f3fb8
e42fb6e7-5deb-4e6d-85d1-bf2c70c656c8,"Lambrecht, Francis",The Mayawyaw ritual: VI. illness and its ritual,1955,155,Journal Article,Ifugao,Asia,Southeast Asia,intensive agriculturalists,,"685,755,775,776,782,787,793,855",https://ehrafworldcultures.yale.edu/sres/e42fb6e7-5deb-4e6d-85d1-bf2c70c656c8
1ee80302-f33e-448e-b4cb-449ff6f43280,"Barton, Roy Franklin, 1883-1947",Ifugao law,1919,6,Monograph,Ifugao,Asia,Southeast Asia,intensive agriculturalists,,"121,682",https://ehrafworldcultures.yale.edu/sres/1ee80302-f33e-448e-b4cb-449ff6f43280
4e6fb55d-d168-4321-950f-75fd4839d92f,"Barton, Roy Franklin, 1883-1947",Ifugao law,1919,6,Monograph,Ifugao,Asia,Southeast Asia,intensive agriculturalists,,"121,682",https://ehrafworldcultures.yale.edu/sres/4e6fb55d-d168-4321-950f-75fd4839d92f
7c2982b2-e73d-478d-bacc-f76048173d53,"Barton, Roy Franklin, 1883-1947",Ifugao law,1919,6,Monograph,Ifugao,Asia,Southeast Asia,intensive agriculturalists,,"121,682",https://ehrafworldcultures.yale.edu/sres/7c2982b2-e73d-478d-bacc-f76048173d53
4b1113db-549e-4334-a339-26575e3afc43,"Barton, Roy Franklin, 1883-1947",Ifugao law,1919,6,Monograph,Ifugao,Asia,Southeast Asia,intensive agriculturalists,,"121,682",https://ehrafworldcultures.yale.edu/sres/4b1113db-549e-4334-a339-26575e3afc43
913063b9-6106-4601-9a81-831027a089a2,"Barton, Roy Franklin, 1883-1947",Ifugao law,1919,6,Monograph,Ifugao,Asia,Southeast Asia,intensive agriculturalists,,"121,682",https://ehrafworldcultures.yale.edu/sres/913063b9-6106-4601-9a81-831027a089a2
b8f60551-0321-48df-afe4-5210a062d696,"Barton, Roy Franklin, 1883-1947",Ifugao law,1919,15,Monograph,Ifugao,Asia,Southeast Asia,intensive agriculturalists,,"184,565,671,681",https://ehrafworldcultures.yale.edu/sres/b8f60551-0321-48df-afe4-5210a062d696
eb3b429b-488a-4ae8-9f7f-11ca6aa7e553,"Barton, Roy Franklin, 1883-1947",Ifugao law,1919,15,Monograph,Ifugao,Asia,Southeast Asia,intensive agriculturalists,,"671,681",https://ehrafworldcultures.yale.edu/sres/eb3b429b-488a-4ae8-9f7f-11ca6aa7e553
2383223c-c4f6-473f-8a45-a65ce2cc4b2a,"Barton, Roy Franklin, 1883-1947",Ifugao law,1919,17,Monograph,Ifugao,Asia,Southeast Asia,intensive agriculturalists,,"593,595,684",https://ehrafworldcultures.yale.edu/sres/2383223c-c4f6-473f-8a45-a65ce2cc4b2a
88af0d6f-5719-4fe1-bc44-e0e7b697da42,"Barton, Roy Franklin, 1883-1947",Ifugao law,1919,17,Monograph,Ifugao,Asia,Southeast Asia,intensive agriculturalists,,"593,595,684",https://ehrafworldcultures.yale.edu/sres/88af0d6f-5719-4fe1-bc44-e0e7b697da42
ff6639a5-b613-4754-9ba5-6b2791184049,"Barton, Roy Franklin, 1883-1947",Ifugao law,1919,17,Monograph,Ifugao,Asia,Southeast Asia,intensive agriculturalists,,"593,595,684",https://ehrafworldcultures.yale.edu/sres/ff6639a5-b613-4754-9ba5-6b2791184049
2d14bf37-baad-4ee3-8031-4745317e9bfd,"Barton, Roy Franklin, 1883-1947",Ifugao law,1919,24,Monograph,Ifugao,Asia,Southeast Asia,intensive agriculturalists,,"584,593,684,837",https://ehrafworldcultures.yale.edu/sres/2d14bf37-baad-4ee3-8031-4745317e9bfd
66659524-890c-405f-b0f4-176e83e36e9d,"Barton, Roy Franklin, 1883-1947",Ifugao law,1919,29,Monograph,Ifugao,Asia,Southeast Asia,intensive agriculturalists,,"587,593,684",https://ehrafworldcultures.yale.edu/sres/66659524-890c-405f-b0f4-176e83e36e9d
b6a90d68-d845-40f0-9fcc-a87d99c33c31,"Barton, Roy Franklin, 1883-1947",Ifugao law,1919,29,Monograph,Ifugao,Asia,Southeast Asia,intensive agriculturalists,,"587,593,684",https://ehrafworldcultures.yale.edu/sres/b6a90d68-d845-40f0-9fcc-a87d99c33c31
e133dbea-6b3a-4c9d-82d2-96dff6346f68,"Barton, Roy Franklin, 1883-1947",Ifugao law,1919,29,Monograph,Ifugao,Asia,Southeast Asia,intensive agriculturalists,,"587,593,684",https://ehrafworldcultures.yale.edu/sres/e133dbea-6b3a-4c9d-82d2-96dff6346f68
cafe1e19-f9d4-4381-bf3d-44d0430d12e0,"Barton, Roy Franklin, 1883-1947",Ifugao law,1919,29,Monograph,Ifugao,Asia,Southeast Asia,intensive agriculturalists,,"587,593,684",https://ehrafworldcultures.yale.edu/sres/cafe1e19-f9d4-4381-bf3d-44d0430d12e0
fc126c3a-f6c1-4213-ab6f-75f6b7a9f36d,"Barton, Roy Franklin, 1883-1947",Ifugao law,1919,29,Monograph,Ifugao,Asia,Southeast Asia,intensive agriculturalists,,"587,593,684",https://ehrafworldcultures.yale.edu/sres/fc126c3a-f6c1-4213-ab6f-75f6b7a9f36d
c2143a28-41e0-481d-8096-f355203f1f06,"Barton, Roy Franklin, 1883-1947",Ifugao law,1919,29,Monograph,Ifugao,Asia,Southeast Asia,intensive agriculturalists,,"587,593,684",https://ehrafworldcultures.yale.edu/sres/c2143a28-41e0-481d-8096-f355203f1f06
ec985bd5-1901-41b3-a659-1e3060f39fad,"Barton, Roy Franklin, 1883-1947",Ifugao law,1919,29,Monograph,Ifugao,Asia,Southeast Asia,intensive agriculturalists,,"587,593,684",https://ehrafworldcultures.yale.edu/sres/ec985bd5-1901-41b3-a659-1e3060f39fad
7d2a79a8-601a-4941-be6a-89ca57e111e0,"Barton, Roy Franklin, 1883-1947",Ifugao law,1919,36,Monograph,Ifugao,Asia,Southeast Asia,intensive agriculturalists,,"567,628,686",https://ehrafworldcultures.yale.edu/sres/7d2a79a8-601a-4941-be6a-89ca57e111e0
ac2c61e2-8883-4e58-bbcb-7f43046728cc,"Barton, Roy Franklin, 1883-1947",Ifugao law,1919,49,Monograph,Ifugao,Asia,Southeast Asia,intensive agriculturalists,,"432,685,789",https://ehrafworldcultures.yale.edu/sres/ac2c61e2-8883-4e58-bbcb-7f43046728cc
91919e4c-d74c-4738-b3cb-a93b9f2188ab,"Barton, Roy Franklin, 1883-1947",Ifugao law,1919,50,Monograph,Ifugao,Asia,Southeast Asia,intensive agriculturalists,,"432,685",https://ehrafworldcultures.yale.edu/sres/91919e4c-d74c-4738-b3cb-a93b9f2188ab
4028e8ac-2905-45bb-bbc2-62afb0ad4486,"Barton, Roy Franklin, 1883-1947",The religion of the Ifugao,1946,38,Monograph,Ifugao,Asia,Southeast Asia,intensive agriculturalists,,"681,775,776",https://ehrafworldcultures.yale.edu/sres/4028e8ac-2905-45bb-bbc2-62afb0ad4486
167024ca-cb41-4c17-855d-56819e6ee78e,"Barton, Roy Franklin, 1883-1947",The religion of the Ifugao,1946,38,Monograph,Ifugao,Asia,Southeast Asia,intensive agriculturalists,,"681,775,776",https://ehrafworldcultures.yale.edu/sres/167024ca-cb41-4c17-855d-56819e6ee78e
bbcb489b-b21a-4b9b-9e41-ba8a134fbac6,"Barton, Roy Franklin, 1883-1947",The religion of the Ifugao,1946,55,Monograph,Ifugao,Asia,Southeast Asia,intensive agriculturalists,,"685,784",https://ehrafworldcultures.yale.edu/sres/bbcb489b-b21a-4b9b-9e41-ba8a134fbac6
3b37ec76-1895-402b-b964-6d0483b291ab,"Barton, Roy Franklin, 1883-1947",Ifugao law,1919,59,Monograph,Ifugao,Asia,Southeast Asia,intensive agriculturalists,,"423,432,672,675,685",https://ehrafworldcultures.yale.edu/sres/3b37ec76-1895-402b-b964-6d0483b291ab
c1b5a875-3f15-40ce-a5a0-053562804582,"Barton, Roy Franklin, 1883-1947",Ifugao law,1919,59,Monograph,Ifugao,Asia,Southeast Asia,intensive agriculturalists,,"423,432,672,675,685",https://ehrafworldcultures.yale.edu/sres/c1b5a875-3f15-40ce-a5a0-053562804582
40fb23a3-a848-4e8c-b878-aee4483a7e78,"Barton, Roy Franklin, 1883-1947",Ifugao law,1919,59,Monograph,Ifugao,Asia,Southeast Asia,intensive agriculturalists,,"423,432,672,675,685",https://ehrafworldcultures.yale.edu/sres/40fb23a3-a848-4e8c-b878-aee4483a7e78
68e95cf7-0e90-483c-a90a-b63e24100580,"Barton, Roy Franklin, 1883-1947",Ifugao law,1919,59,Monograph,Ifugao,Asia,Southeast Asia,intensive agriculturalists,,"423,432,672,675,685",https://ehrafworldcultures.yale.edu/sres/68e95cf7-0e90-483c-a90a-b63e24100580
1dfd606a-8ac9-4c75-9879-d806f9bc9ac6,"Barton, Roy Franklin, 1883-1947",Ifugao law,1919,59,Monograph,Ifugao,Asia,Southeast Asia,intensive agriculturalists,,"423,432,672,675,685",https://ehrafworldcultures.yale.edu/sres/1dfd606a-8ac9-4c75-9879-d806f9bc9ac6
d5a30e45-95b8-41d5-bb8c-dc85ae08ff40,"Barton, Roy Franklin, 1883-1947",Ifugao law,1919,60,Monograph,Ifugao,Asia,Southeast Asia,intensive agriculturalists,,"312,423,685",https://ehrafworldcultures.yale.edu/sres/d5a30e45-95b8-41d5-bb8c-dc85ae08ff40
c20c24c7-e124-424a-9162-34da969cb8ea,"Barton, Roy Franklin, 1883-1947",Ifugao law,1919,60,Monograph,Ifugao,Asia,Southeast Asia,intensive agriculturalists,,"312,423,685",https://ehrafworldcultures.yale.edu/sres/c20c24c7-e124-424a-9162-34da969cb8ea
dfd6d5ab-0ffa-464c-b438-b505e14d0e53,"Barton, Roy Franklin, 1883-1947",Ifugao law,1919,61,Monograph,Ifugao,Asia,Southeast Asia,intensive agriculturalists,,681,https://ehrafworldcultures.yale.edu/sres/dfd6d5ab-0ffa-464c-b438-b505e14d0e53
eb966916-78f8-4bce-b0c2-3ac11cd6b6f5,"Barton, Roy Franklin, 1883-1947",Ifugao law,1919,61,Monograph,Ifugao,Asia,Southeast Asia,intensive agriculturalists,,"681,802",https://ehrafworldcultures.yale.edu/sres/eb966916-78f8-4bce-b0c2-3ac11cd6b6f5
b82681b6-9b6a-43e3-9147-7f8877ca4ac5,"Barton, Roy Franklin, 1883-1947",Ifugao law,1919,61,Monograph,Ifugao,Asia,Southeast Asia,intensive agriculturalists,,681,https://ehrafworldcultures.yale.edu/sres/b82681b6-9b6a-43e3-9147-7f8877ca4ac5
a54ee286-f390-4e8d-a756-5ea2b4acbd25,"Barton, Roy Franklin, 1883-1947",Ifugao law,1919,61,Monograph,Ifugao,Asia,Southeast Asia,intensive agriculturalists,,681,https://ehrafworldcultures.yale.edu/sres/a54ee286-f390-4e8d-a756-5ea2b4acbd25
d9a92c38-dc89-4df5-83cb-eb4986b1a67e,"Barton, Roy Franklin, 1883-1947",Ifugao law,1919,61,Monograph,Ifugao,Asia,Southeast Asia,intensive agriculturalists,,681,https://ehrafworldcultures.yale.edu/sres/d9a92c38-dc89-4df5-83cb-eb4986b1a67e
104be800-3a87-418c-b06f-2bbbe5f616de,"Barton, Roy Franklin, 1883-1947",Ifugao law,1919,61,Monograph,Ifugao,Asia,Southeast Asia,intensive agriculturalists,,"681,684",https://ehrafworldcultures.yale.edu/sres/104be800-3a87-418c-b06f-2bbbe5f616de
3ec81b58-6c00-44d7-bf4f-73d3fbd24bda,"Barton, Roy Franklin, 1883-1947",Ifugao law,1919,62,Monograph,Ifugao,Asia,Southeast Asia,intensive agriculturalists,,"681,684",https://ehrafworldcultures.yale.edu/sres/3ec81b58-6c00-44d7-bf4f-73d3fbd24bda
dd39cc83-9e65-4988-9416-374288541490,"Barton, Roy Franklin, 1883-1947",Ifugao law,1919,63,Monograph,Ifugao,Asia,Southeast Asia,intensive agriculturalists,,681,https://ehrafworldcultures.yale.edu/sres/dd39cc83-9e65-4988-9416-374288541490
4f02336f-722a-4bb7-a4b7-8e86265dfe19,"Barton, Roy Franklin, 1883-1947",Ifugao law,1919,63,Monograph,Ifugao,Asia,Southeast Asia,intensive agriculturalists,,"182,593,671,673,681",https://ehrafworldcultures.yale.edu/sres/4f02336f-722a-4bb7-a4b7-8e86265dfe19
39963b3f-8fd1-4bb8-81fa-9ddab21ed55d,"Barton, Roy Franklin, 1883-1947",Ifugao law,1919,63,Monograph,Ifugao,Asia,Southeast Asia,intensive agriculturalists,,"182,593,671,673,681",https://ehrafworldcultures.yale.edu/sres/39963b3f-8fd1-4bb8-81fa-9ddab21ed55d
26b5ade0-2946-466d-89b4-5386e679157c,"Barton, Roy Franklin, 1883-1947",Ifugao law,1919,66,Monograph,Ifugao,Asia,Southeast Asia,intensive agriculturalists,,"672,684",https://ehrafworldcultures.yale.edu/sres/26b5ade0-2946-466d-89b4-5386e679157c
3cc01032-06a7-416a-b725-04c98cdfc8a5,"Barton, Roy Franklin, 1883-1947",Ifugao law,1919,70,Monograph,Ifugao,Asia,Southeast Asia,intensive agriculturalists,,"683,754",https://ehrafworldcultures.yale.edu/sres/3cc01032-06a7-416a-b725-04c98cdfc8a5
41f1a31b-ce9c-4491-ac6d-8b3160628a0a,"Barton, Roy Franklin, 1883-1947",Ifugao law,1919,71,Monograph,Ifugao,Asia,Southeast Asia,intensive agriculturalists,,683,https://ehrafworldcultures.yale.edu/sres/41f1a31b-ce9c-4491-ac6d-8b3160628a0a
bf823e9d-bfac-475b-871d-088b6b728fcf,"Barton, Roy Franklin, 1883-1947",Ifugao law,1919,71,Monograph,Ifugao,Asia,Southeast Asia,intensive agriculturalists,,683,https://ehrafworldcultures.yale.edu/sres/bf823e9d-bfac-475b-871d-088b6b728fcf
9dde5243-a39a-404c-83a0-dc450b8e1643,"Barton, Roy Franklin, 1883-1947",Ifugao law,1919,71,Monograph,Ifugao,Asia,Southeast Asia,intensive agriculturalists,,683,https://ehrafworldcultures.yale.edu/sres/9dde5243-a39a-404c-83a0-dc450b8e1643
e6681876-40d0-4f40-86d9-18ef6820dd21,"Barton, Roy Franklin, 1883-1947",Ifugao law,1919,71,Monograph,Ifugao,Asia,Southeast Asia,intensive agriculturalists,,683,https://ehrafworldcultures.yale.edu/sres/e6681876-40d0-4f40-86d9-18ef6820dd21
3b5a6041-4828-4c2b-8eec-b018b2c8990c,"Barton, Roy Franklin, 1883-1947",Ifugao law,1919,71,Monograph,Ifugao,Asia,Southeast Asia,intensive agriculturalists,,683,https://ehrafworldcultures.yale.edu/sres/3b5a6041-4828-4c2b-8eec-b018b2c8990c
fbaf2acb-68d5-4fa0-a624-d4c2ccf0ad86,"Barton, Roy Franklin, 1883-1947",Ifugao law,1919,72,Monograph,Ifugao,Asia,Southeast Asia,intensive agriculturalists,,"683,754",https://ehrafworldcultures.yale.edu/sres/fbaf2acb-68d5-4fa0-a624-d4c2ccf0ad86
f9ceccd9-8cec-4a14-8494-c5e8f40206cb,"Barton, Roy Franklin, 1883-1947",Ifugao law,1919,72,Monograph,Ifugao,Asia,Southeast Asia,intensive agriculturalists,,"683,695",https://ehrafworldcultures.yale.edu/sres/f9ceccd9-8cec-4a14-8494-c5e8f40206cb
660723ea-e693-4ba2-bad4-1843bcf6c1f7,"Barton, Roy Franklin, 1883-1947",Ifugao law,1919,72,Monograph,Ifugao,Asia,Southeast Asia,intensive agriculturalists,,"684,837",https://ehrafworldcultures.yale.edu/sres/660723ea-e693-4ba2-bad4-1843bcf6c1f7
29e38a5e-1a6b-4907-9fb5-cd817913df3c,"Barton, Roy Franklin, 1883-1947",Ifugao law,1919,73,Monograph,Ifugao,Asia,Southeast Asia,intensive agriculturalists,,"578,684,837",https://ehrafworldcultures.yale.edu/sres/29e38a5e-1a6b-4907-9fb5-cd817913df3c
b2353a4a-c27b-4bed-96b3-81c8ee2758df,"Barton, Roy Franklin, 1883-1947",Ifugao law,1919,73,Monograph,Ifugao,Asia,Southeast Asia,intensive agriculturalists,,"684,837",https://ehrafworldcultures.yale.edu/sres/b2353a4a-c27b-4bed-96b3-81c8ee2758df
abc24c15-2d24-43f6-9d74-6bc9bae8c94d,"Barton, Roy Franklin, 1883-1947",Ifugao law,1919,73,Monograph,Ifugao,Asia,Southeast Asia,intensive agriculturalists,,684,https://ehrafworldcultures.yale.edu/sres/abc24c15-2d24-43f6-9d74-6bc9bae8c94d
2bc4f6d5-a776-4561-a5e0-19e1ac2afb83,"Barton, Roy Franklin, 1883-1947",Ifugao law,1919,73,Monograph,Ifugao,Asia,Southeast Asia,intensive agriculturalists,,"577,684",https://ehrafworldcultures.yale.edu/sres/2bc4f6d5-a776-4561-a5e0-19e1ac2afb83
40e78bc2-6815-4151-bddb-04611a9f48e4,"Barton, Roy Franklin, 1883-1947",Ifugao law,1919,73,Monograph,Ifugao,Asia,Southeast Asia,intensive agriculturalists,,684,https://ehrafworldcultures.yale.edu/sres/40e78bc2-6815-4151-bddb-04611a9f48e4
0d81621d-7915-4c32-b185-0f3ff8b44b7b,"Barton, Roy Franklin, 1883-1947",Ifugao law,1919,74,Monograph,Ifugao,Asia,Southeast Asia,intensive agriculturalists,,"684,695",https://ehrafworldcultures.yale.edu/sres/0d81621d-7915-4c32-b185-0f3ff8b44b7b
09c7e9d5-3da1-407a-a7c1-7e89dae7a53b,"Barton, Roy Franklin, 1883-1947",Ifugao law,1919,74,Monograph,Ifugao,Asia,Southeast Asia,intensive agriculturalists,,684,https://ehrafworldcultures.yale.edu/sres/09c7e9d5-3da1-407a-a7c1-7e89dae7a53b
723f56b7-db05-4cae-a493-506078c3d0c4,"Barton, Roy Franklin, 1883-1947",Ifugao law,1919,74,Monograph,Ifugao,Asia,Southeast Asia,intensive agriculturalists,,"558,576,684,837",https://ehrafworldcultures.yale.edu/sres/723f56b7-db05-4cae-a493-506078c3d0c4
5a8c4141-03c9-4d20-a680-ed393dbae59c,"Barton, Roy Franklin, 1883-1947",Ifugao law,1919,75,Monograph,Ifugao,Asia,Southeast Asia,intensive agriculturalists,,"558,576,684,837",https://ehrafworldcultures.yale.edu/sres/5a8c4141-03c9-4d20-a680-ed393dbae59c
a30e3913-da78-4b51-8e67-f857f47c9c85,"Barton, Roy Franklin, 1883-1947",Ifugao law,1919,75,Monograph,Ifugao,Asia,Southeast Asia,intensive agriculturalists,,"558,576,684,837",https://ehrafworldcultures.yale.edu/sres/a30e3913-da78-4b51-8e67-f857f47c9c85
323d9298-0d44-4093-babf-f47159bd6aa1,"Barton, Roy Franklin, 1883-1947",Ifugao law,1919,75,Monograph,Ifugao,Asia,Southeast Asia,intensive agriculturalists,,"628,682,721",https://ehrafworldcultures.yale.edu/sres/323d9298-0d44-4093-babf-f47159bd6aa1
9748b53b-d3ba-4846-9f94-c236efc1e07c,"Barton, Roy Franklin, 1883-1947",Ifugao law,1919,75,Monograph,Ifugao,Asia,Southeast Asia,intensive agriculturalists,,"596,672,682",https://ehrafworldcultures.yale.edu/sres/9748b53b-d3ba-4846-9f94-c236efc1e07c
a0e69f1e-11c2-4e47-84f2-1753781d1743,"Barton, Roy Franklin, 1883-1947",Ifugao law,1919,76,Monograph,Ifugao,Asia,Southeast Asia,intensive agriculturalists,,681,https://ehrafworldcultures.yale.edu/sres/a0e69f1e-11c2-4e47-84f2-1753781d1743
b8a25c97-e94e-40ed-a024-67417ae1b41c,"Barton, Roy Franklin, 1883-1947",Ifugao law,1919,76,Monograph,Ifugao,Asia,Southeast Asia,intensive agriculturalists,,681,https://ehrafworldcultures.yale.edu/sres/b8a25c97-e94e-40ed-a024-67417ae1b41c
69426891-0052-4e4f-ae14-ca8f4ca164c0,"Barton, Roy Franklin, 1883-1947",Ifugao law,1919,76,Monograph,Ifugao,Asia,Southeast Asia,intensive agriculturalists,,681,https://ehrafworldcultures.yale.edu/sres/69426891-0052-4e4f-ae14-ca8f4ca164c0
d30555a3-0621-442b-9cb1-0381dcc66bca,"Barton, Roy Franklin, 1883-1947",Ifugao law,1919,76,Monograph,Ifugao,Asia,Southeast Asia,intensive agriculturalists,,681,https://ehrafworldcultures.yale.edu/sres/d30555a3-0621-442b-9cb1-0381dcc66bca
7bd1e89f-8d58-4dc5-add1-d5820cbd21f8,"Barton, Roy Franklin, 1883-1947",Ifugao law,1919,76,Monograph,Ifugao,Asia,Southeast Asia,intensive agriculturalists,,"558,681",https://ehrafworldcultures.yale.edu/sres/7bd1e89f-8d58-4dc5-add1-d5820cbd21f8
d3c51dc1-64be-465f-8a9f-5ec4e74a77fd,"Barton, Roy Franklin, 1883-1947",Ifugao law,1919,76,Monograph,Ifugao,Asia,Southeast Asia,intensive agriculturalists,,681,https://ehrafworldcultures.yale.edu/sres/d3c51dc1-64be-465f-8a9f-5ec4e74a77fd
462ebdbf-b791-43cd-b72e-4453f5e63731,"Barton, Roy Franklin, 1883-1947",Ifugao law,1919,78,Monograph,Ifugao,Asia,Southeast Asia,intensive agriculturalists,,682,https://ehrafworldcultures.yale.edu/sres/462ebdbf-b791-43cd-b72e-4453f5e63731
3d198912-a2e8-44f0-b51f-e990d5aae5f3,"Barton, Roy Franklin, 1883-1947",Ifugao law,1919,78,Monograph,Ifugao,Asia,Southeast Asia,intensive agriculturalists,,682,https://ehrafworldcultures.yale.edu/sres/3d198912-a2e8-44f0-b51f-e990d5aae5f3
626f42e0-3991-4f09-b147-691b2534727f,"Barton, Roy Franklin, 1883-1947",Ifugao law,1919,79,Monograph,Ifugao,Asia,Southeast Asia,intensive agriculturalists,,"682,695",https://ehrafworldcultures.yale.edu/sres/626f42e0-3991-4f09-b147-691b2534727f
8d7910c5-b06e-44d1-987a-bb6b976d9861,"Barton, Roy Franklin, 1883-1947",Ifugao law,1919,79,Monograph,Ifugao,Asia,Southeast Asia,intensive agriculturalists,,682,https://ehrafworldcultures.yale.edu/sres/8d7910c5-b06e-44d1-987a-bb6b976d9861
23e2edcf-f305-4587-9aeb-f0e4a99a459e,"Barton, Roy Franklin, 1883-1947",Ifugao law,1919,79,Monograph,Ifugao,Asia,Southeast Asia,intensive agriculturalists,,683,https://ehrafworldcultures.yale.edu/sres/23e2edcf-f305-4587-9aeb-f0e4a99a459e
a4db1284-f46d-4750-9a42-77c6756393ba,"Barton, Roy Franklin, 1883-1947",Ifugao law,1919,79,Monograph,Ifugao,Asia,Southeast Asia,intensive agriculturalists,,683,https://ehrafworldcultures.yale.edu/sres/a4db1284-f46d-4750-9a42-77c6756393ba
960c7927-feff-4d77-a47a-a871d3571967,"Barton, Roy Franklin, 1883-1947",Ifugao law,1919,79,Monograph,Ifugao,Asia,Southeast Asia,intensive agriculturalists,,683,https://ehrafworldcultures.yale.edu/sres/960c7927-feff-4d77-a47a-a871d3571967
5c3958c0-3581-4ab6-b27e-96914c411b08,"Barton, Roy Franklin, 1883-1947",Ifugao law,1919,79,Monograph,Ifugao,Asia,Southeast Asia,intensive agriculturalists,,683,https://ehrafworldcultures.yale.edu/sres/5c3958c0-3581-4ab6-b27e-96914c411b08
2521946f-6d08-4e2f-9f13-9c1ac0713727,"Barton, Roy Franklin, 1883-1947",Ifugao law,1919,79,Monograph,Ifugao,Asia,Southeast Asia,intensive agriculturalists,,"574,579,672,677,689,782,791",https://ehrafworldcultures.yale.edu/sres/2521946f-6d08-4e2f-9f13-9c1ac0713727
7e3ff6ee-7260-49f5-a49a-9f65ddceabec,"Barton, Roy Franklin, 1883-1947",Ifugao law,1919,80,Monograph,Ifugao,Asia,Southeast Asia,intensive agriculturalists,,"574,579,672,689",https://ehrafworldcultures.yale.edu/sres/7e3ff6ee-7260-49f5-a49a-9f65ddceabec
8778e7d7-cf0e-443a-b14b-49ac9fbe3b68,"Barton, Roy Franklin, 1883-1947",Ifugao law,1919,80,Monograph,Ifugao,Asia,Southeast Asia,intensive agriculturalists,,"574,579,672,689",https://ehrafworldcultures.yale.edu/sres/8778e7d7-cf0e-443a-b14b-49ac9fbe3b68
d407af06-1cb6-49fc-bb14-88a7546b4d72,"Barton, Roy Franklin, 1883-1947",Ifugao law,1919,81,Monograph,Ifugao,Asia,Southeast Asia,intensive agriculturalists,,682,https://ehrafworldcultures.yale.edu/sres/d407af06-1cb6-49fc-bb14-88a7546b4d72
a52ce13f-2dc7-4930-9f64-b25f55aea089,"Barton, Roy Franklin, 1883-1947",Ifugao law,1919,81,Monograph,Ifugao,Asia,Southeast Asia,intensive agriculturalists,,"682,766",https://ehrafworldcultures.yale.edu/sres/a52ce13f-2dc7-4930-9f64-b25f55aea089
41a7099f-38fe-4a34-bf2f-d8f5fae30d89,"Barton, Roy Franklin, 1883-1947",Ifugao law,1919,82,Monograph,Ifugao,Asia,Southeast Asia,intensive agriculturalists,,682,https://ehrafworldcultures.yale.edu/sres/41a7099f-38fe-4a34-bf2f-d8f5fae30d89
a37f6f90-b389-4720-a3d0-b63726cb1235,"Barton, Roy Franklin, 1883-1947",Ifugao law,1919,82,Monograph,Ifugao,Asia,Southeast Asia,intensive agriculturalists,,"426,555,565,682",https://ehrafworldcultures.yale.edu/sres/a37f6f90-b389-4720-a3d0-b63726cb1235
c90de6a4-95fa-4065-bdf3-036498b6798d,"Barton, Roy Franklin, 1883-1947",Ifugao law,1919,82,Monograph,Ifugao,Asia,Southeast Asia,intensive agriculturalists,,685,https://ehrafworldcultures.yale.edu/sres/c90de6a4-95fa-4065-bdf3-036498b6798d
b4811437-cff0-4714-9410-f1cd31a4edac,"Barton, Roy Franklin, 1883-1947",Ifugao law,1919,82,Monograph,Ifugao,Asia,Southeast Asia,intensive agriculturalists,,685,https://ehrafworldcultures.yale.edu/sres/b4811437-cff0-4714-9410-f1cd31a4edac
f5e5e47b-d29d-49e0-a4e1-bfcf390847dc,"Barton, Roy Franklin, 1883-1947",Ifugao law,1919,82,Monograph,Ifugao,Asia,Southeast Asia,intensive agriculturalists,,685,https://ehrafworldcultures.yale.edu/sres/f5e5e47b-d29d-49e0-a4e1-bfcf390847dc
bae41f29-66ea-42ac-9c15-4516656e5374,"Barton, Roy Franklin, 1883-1947",Ifugao law,1919,83,Monograph,Ifugao,Asia,Southeast Asia,intensive agriculturalists,,685,https://ehrafworldcultures.yale.edu/sres/bae41f29-66ea-42ac-9c15-4516656e5374
7168d542-1440-4c0b-b56c-be459b002dfd,"Barton, Roy Franklin, 1883-1947",Ifugao law,1919,83,Monograph,Ifugao,Asia,Southeast Asia,intensive agriculturalists,,"592,602,685",https://ehrafworldcultures.yale.edu/sres/7168d542-1440-4c0b-b56c-be459b002dfd
641c13c0-4874-4873-9e5a-5ae5443d34fe,"Barton, Roy Franklin, 1883-1947",Ifugao law,1919,83,Monograph,Ifugao,Asia,Southeast Asia,intensive agriculturalists,,685,https://ehrafworldcultures.yale.edu/sres/641c13c0-4874-4873-9e5a-5ae5443d34fe
bf763a08-254f-45ef-8e48-a039ed94d68e,"Barton, Roy Franklin, 1883-1947",Ifugao law,1919,83,Monograph,Ifugao,Asia,Southeast Asia,intensive agriculturalists,,685,https://ehrafworldcultures.yale.edu/sres/bf763a08-254f-45ef-8e48-a039ed94d68e
5e750e1e-f6bd-4c51-86c6-f83965913965,"Barton, Roy Franklin, 1883-1947",Ifugao law,1919,83,Monograph,Ifugao,Asia,Southeast Asia,intensive agriculturalists,,"672,683",https://ehrafworldcultures.yale.edu/sres/5e750e1e-f6bd-4c51-86c6-f83965913965
bdfecd4e-0752-4335-970c-f962e81af930,"Barton, Roy Franklin, 1883-1947",Ifugao law,1919,83,Monograph,Ifugao,Asia,Southeast Asia,intensive agriculturalists,,683,https://ehrafworldcultures.yale.edu/sres/bdfecd4e-0752-4335-970c-f962e81af930
52bbe060-2105-4d07-8739-9231d6679df3,"Barton, Roy Franklin, 1883-1947",Ifugao law,1919,83,Monograph,Ifugao,Asia,Southeast Asia,intensive agriculturalists,,683,https://ehrafworldcultures.yale.edu/sres/52bbe060-2105-4d07-8739-9231d6679df3
05772f45-5f56-4295-b3e9-f73347eb3ce9,"Barton, Roy Franklin, 1883-1947",Ifugao law,1919,84,Monograph,Ifugao,Asia,Southeast Asia,intensive agriculturalists,,683,https://ehrafworldcultures.yale.edu/sres/05772f45-5f56-4295-b3e9-f73347eb3ce9
fa47f36c-2426-4b45-8141-36fbacf60932,"Barton, Roy Franklin, 1883-1947",Ifugao law,1919,84,Monograph,Ifugao,Asia,Southeast Asia,intensive agriculturalists,,683,https://ehrafworldcultures.yale.edu/sres/fa47f36c-2426-4b45-8141-36fbacf60932
3fb729f2-750e-40b4-a64c-d6bffb80e7ee,"Barton, Roy Franklin, 1883-1947",Ifugao law,1919,84,Monograph,Ifugao,Asia,Southeast Asia,intensive agriculturalists,,683,https://ehrafworldcultures.yale.edu/sres/3fb729f2-750e-40b4-a64c-d6bffb80e7ee
75c60179-5627-43d4-a7e6-fc22183fd0e2,"Barton, Roy Franklin, 1883-1947",Ifugao law,1919,84,Monograph,Ifugao,Asia,Southeast Asia,intensive agriculturalists,,683,https://ehrafworldcultures.yale.edu/sres/75c60179-5627-43d4-a7e6-fc22183fd0e2
b74bd263-82a1-4efa-a917-4b9b668007da,"Barton, Roy Franklin, 1883-1947",Ifugao law,1919,84,Monograph,Ifugao,Asia,Southeast Asia,intensive agriculturalists,,683,https://ehrafworldcultures.yale.edu/sres/b74bd263-82a1-4efa-a917-4b9b668007da
1ac05180-3455-4cef-9e33-791d10144e01,"Barton, Roy Franklin, 1883-1947",Ifugao law,1919,85,Monograph,Ifugao,Asia,Southeast Asia,intensive agriculturalists,,685,https://ehrafworldcultures.yale.edu/sres/1ac05180-3455-4cef-9e33-791d10144e01
58b43203-d8c6-4ee4-a498-d206ed3baf62,"Barton, Roy Franklin, 1883-1947",Ifugao law,1919,85,Monograph,Ifugao,Asia,Southeast Asia,intensive agriculturalists,,"565,577,685",https://ehrafworldcultures.yale.edu/sres/58b43203-d8c6-4ee4-a498-d206ed3baf62
ecc967a7-3142-4665-836e-c2299178272e,"Barton, Roy Franklin, 1883-1947",Ifugao law,1919,85,Monograph,Ifugao,Asia,Southeast Asia,intensive agriculturalists,,685,https://ehrafworldcultures.yale.edu/sres/ecc967a7-3142-4665-836e-c2299178272e
e6654d6d-30af-4a55-a908-10f627ea21c6,"Barton, Roy Franklin, 1883-1947",Ifugao law,1919,85,Monograph,Ifugao,Asia,Southeast Asia,intensive agriculturalists,,685,https://ehrafworldcultures.yale.edu/sres/e6654d6d-30af-4a55-a908-10f627ea21c6
1e3049c7-864d-4ac1-9c6c-e40ad4ff3ade,"Barton, Roy Franklin, 1883-1947",Ifugao law,1919,85,Monograph,Ifugao,Asia,Southeast Asia,intensive agriculturalists,,685,https://ehrafworldcultures.yale.edu/sres/1e3049c7-864d-4ac1-9c6c-e40ad4ff3ade
e6dda7d6-8a43-4784-b7b2-26b09034d112,"Barton, Roy Franklin, 1883-1947",Ifugao law,1919,85,Monograph,Ifugao,Asia,Southeast Asia,intensive agriculturalists,,685,https://ehrafworldcultures.yale.edu/sres/e6dda7d6-8a43-4784-b7b2-26b09034d112
5ceb1e16-bc0a-4433-8290-7a021f4c1f0d,"Barton, Roy Franklin, 1883-1947",Ifugao law,1919,86,Monograph,Ifugao,Asia,Southeast Asia,intensive agriculturalists,,"241,685",https://ehrafworldcultures.yale.edu/sres/5ceb1e16-bc0a-4433-8290-7a021f4c1f0d
c0ba16ba-d605-4839-805e-95b741f4e0ec,"Barton, Roy Franklin, 1883-1947",Ifugao law,1919,86,Monograph,Ifugao,Asia,Southeast Asia,intensive agriculturalists,,685,https://ehrafworldcultures.yale.edu/sres/c0ba16ba-d605-4839-805e-95b741f4e0ec
db78e9e7-68bd-4ce9-8288-07273a2054c3,"Barton, Roy Franklin, 1883-1947",Ifugao law,1919,86,Monograph,Ifugao,Asia,Southeast Asia,intensive agriculturalists,,"685,695",https://ehrafworldcultures.yale.edu/sres/db78e9e7-68bd-4ce9-8288-07273a2054c3
6a5c0ce6-62fd-4a87-b035-5c1d25735fd5,"Barton, Roy Franklin, 1883-1947",Ifugao law,1919,86,Monograph,Ifugao,Asia,Southeast Asia,intensive agriculturalists,,685,https://ehrafworldcultures.yale.edu/sres/6a5c0ce6-62fd-4a87-b035-5c1d25735fd5
5315b53d-2374-4bda-bd75-21445a657a8d,"Barton, Roy Franklin, 1883-1947",Ifugao law,1919,86,Monograph,Ifugao,Asia,Southeast Asia,intensive agriculturalists,,685,https://ehrafworldcultures.yale.edu/sres/5315b53d-2374-4bda-bd75-21445a657a8d
f60f0a1f-3129-4c18-8f69-b4f02411aff2,"Barton, Roy Franklin, 1883-1947",Ifugao law,1919,86,Monograph,Ifugao,Asia,Southeast Asia,intensive agriculturalists,,685,https://ehrafworldcultures.yale.edu/sres/f60f0a1f-3129-4c18-8f69-b4f02411aff2
fa037fb2-8cd7-402b-921a-88805115ac67,"Barton, Roy Franklin, 1883-1947",Ifugao law,1919,86,Monograph,Ifugao,Asia,Southeast Asia,intensive agriculturalists,,685,https://ehrafworldcultures.yale.edu/sres/fa037fb2-8cd7-402b-921a-88805115ac67
c09ca647-a2d1-4347-8fc5-a69c33d5bd40,"Barton, Roy Franklin, 1883-1947",Ifugao law,1919,87,Monograph,Ifugao,Asia,Southeast Asia,intensive agriculturalists,,685,https://ehrafworldcultures.yale.edu/sres/c09ca647-a2d1-4347-8fc5-a69c33d5bd40
efa37ca3-a4c5-4047-a527-3dcb3f51d8c8,"Barton, Roy Franklin, 1883-1947",Ifugao law,1919,87,Monograph,Ifugao,Asia,Southeast Asia,intensive agriculturalists,,685,https://ehrafworldcultures.yale.edu/sres/efa37ca3-a4c5-4047-a527-3dcb3f51d8c8
5ab45404-7988-463a-ae2e-65e26ab6b67b,"Barton, Roy Franklin, 1883-1947",Ifugao law,1919,87,Monograph,Ifugao,Asia,Southeast Asia,intensive agriculturalists,,683,https://ehrafworldcultures.yale.edu/sres/5ab45404-7988-463a-ae2e-65e26ab6b67b
bea67f40-cb45-415f-b3d7-41566d29e8d0,"Barton, Roy Franklin, 1883-1947",Ifugao law,1919,87,Monograph,Ifugao,Asia,Southeast Asia,intensive agriculturalists,,"683,727",https://ehrafworldcultures.yale.edu/sres/bea67f40-cb45-415f-b3d7-41566d29e8d0
74890806-e95e-4c9d-b180-61d5759908ac,"Barton, Roy Franklin, 1883-1947",Ifugao law,1919,87,Monograph,Ifugao,Asia,Southeast Asia,intensive agriculturalists,,683,https://ehrafworldcultures.yale.edu/sres/74890806-e95e-4c9d-b180-61d5759908ac
d51a3835-2f06-4e4a-ba03-ccd8d86c9735,"Barton, Roy Franklin, 1883-1947",Ifugao law,1919,88,Monograph,Ifugao,Asia,Southeast Asia,intensive agriculturalists,,"177,577,684,835",https://ehrafworldcultures.yale.edu/sres/d51a3835-2f06-4e4a-ba03-ccd8d86c9735
f82658e8-5cc3-4213-a4f3-a01937370f9a,"Barton, Roy Franklin, 1883-1947",Ifugao law,1919,88,Monograph,Ifugao,Asia,Southeast Asia,intensive agriculturalists,,"513,684,827,833,836",https://ehrafworldcultures.yale.edu/sres/f82658e8-5cc3-4213-a4f3-a01937370f9a
4d91d9ef-9974-4b7c-b842-345431882941,"Barton, Roy Franklin, 1883-1947",Ifugao law,1919,88,Monograph,Ifugao,Asia,Southeast Asia,intensive agriculturalists,,"684,833,836",https://ehrafworldcultures.yale.edu/sres/4d91d9ef-9974-4b7c-b842-345431882941
12de69e0-9ee4-4f95-a2ca-7f4445d602f3,"Barton, Roy Franklin, 1883-1947",Ifugao law,1919,89,Monograph,Ifugao,Asia,Southeast Asia,intensive agriculturalists,,"684,833,836",https://ehrafworldcultures.yale.edu/sres/12de69e0-9ee4-4f95-a2ca-7f4445d602f3
92e9908c-bdcd-4503-868c-473978eb6f7e,"Barton, Roy Franklin, 1883-1947",Ifugao law,1919,89,Monograph,Ifugao,Asia,Southeast Asia,intensive agriculturalists,,"684,833,836",https://ehrafworldcultures.yale.edu/sres/92e9908c-bdcd-4503-868c-473978eb6f7e
3ff1c932-8f48-4fe3-9327-96ddea826032,"Barton, Roy Franklin, 1883-1947",Ifugao law,1919,89,Monograph,Ifugao,Asia,Southeast Asia,intensive agriculturalists,,"684,833,834,836",https://ehrafworldcultures.yale.edu/sres/3ff1c932-8f48-4fe3-9327-96ddea826032
7d1c4829-9921-4f84-990c-c1da3e6bbc8e,"Barton, Roy Franklin, 1883-1947",Ifugao law,1919,89,Monograph,Ifugao,Asia,Southeast Asia,intensive agriculturalists,,"684,837",https://ehrafworldcultures.yale.edu/sres/7d1c4829-9921-4f84-990c-c1da3e6bbc8e
5de87d43-ad76-4123-a5bd-78a73cd6dc53,"Barton, Roy Franklin, 1883-1947",Ifugao law,1919,89,Monograph,Ifugao,Asia,Southeast Asia,intensive agriculturalists,,"684,837",https://ehrafworldcultures.yale.edu/sres/5de87d43-ad76-4123-a5bd-78a73cd6dc53
01df31f4-cb54-482a-88c8-e05b69545309,"Barton, Roy Franklin, 1883-1947",Ifugao law,1919,89,Monograph,Ifugao,Asia,Southeast Asia,intensive agriculturalists,,683,https://ehrafworldcultures.yale.edu/sres/01df31f4-cb54-482a-88c8-e05b69545309
453e7d0d-5ff5-4721-83a1-034fe9bc8d45,"Barton, Roy Franklin, 1883-1947",Ifugao law,1919,90,Monograph,Ifugao,Asia,Southeast Asia,intensive agriculturalists,,683,https://ehrafworldcultures.yale.edu/sres/453e7d0d-5ff5-4721-83a1-034fe9bc8d45
1cf6400a-4cf5-487f-9601-d596b0527d46,"Barton, Roy Franklin, 1883-1947",Ifugao law,1919,90,Monograph,Ifugao,Asia,Southeast Asia,intensive agriculturalists,,683,https://ehrafworldcultures.yale.edu/sres/1cf6400a-4cf5-487f-9601-d596b0527d46
2f7f2e52-ccd1-40e8-b1c1-4da8e23cbbe6,"Barton, Roy Franklin, 1883-1947",Ifugao law,1919,90,Monograph,Ifugao,Asia,Southeast Asia,intensive agriculturalists,,"578,683",https://ehrafworldcultures.yale.edu/sres/2f7f2e52-ccd1-40e8-b1c1-4da8e23cbbe6
a97d699e-6e21-40be-84dd-afaabe7da76e,"Barton, Roy Franklin, 1883-1947",Ifugao law,1919,90,Monograph,Ifugao,Asia,Southeast Asia,intensive agriculturalists,,"578,683",https://ehrafworldcultures.yale.edu/sres/a97d699e-6e21-40be-84dd-afaabe7da76e
90b8eac1-b0e0-44b0-ac2e-336854582ada,"Barton, Roy Franklin, 1883-1947",Ifugao law,1919,90,Monograph,Ifugao,Asia,Southeast Asia,intensive agriculturalists,,"578,683",https://ehrafworldcultures.yale.edu/sres/90b8eac1-b0e0-44b0-ac2e-336854582ada
4de74362-b152-4b83-ac3c-a618079d30e6,"Barton, Roy Franklin, 1883-1947",Ifugao law,1919,99,Monograph,Ifugao,Asia,Southeast Asia,intensive agriculturalists,,"628,681",https://ehrafworldcultures.yale.edu/sres/4de74362-b152-4b83-ac3c-a618079d30e6
ef365b05-cd83-4c40-8cd1-5b2eb5c97890,"Barton, Roy Franklin, 1883-1947",Ifugao law,1919,99,Monograph,Ifugao,Asia,Southeast Asia,intensive agriculturalists,,"628,681,684",https://ehrafworldcultures.yale.edu/sres/ef365b05-cd83-4c40-8cd1-5b2eb5c97890
7b89a2f5-6b3d-4864-85c3-406aff8116a9,"Barton, Roy Franklin, 1883-1947",Ifugao law,1919,100,Monograph,Ifugao,Asia,Southeast Asia,intensive agriculturalists,,"628,681,685",https://ehrafworldcultures.yale.edu/sres/7b89a2f5-6b3d-4864-85c3-406aff8116a9
76b6addb-100e-41e7-a924-5ddcf2bc9050,"Barton, Roy Franklin, 1883-1947",Ifugao law,1919,100,Monograph,Ifugao,Asia,Southeast Asia,intensive agriculturalists,,"628,681,685",https://ehrafworldcultures.yale.edu/sres/76b6addb-100e-41e7-a924-5ddcf2bc9050
340b4484-0d94-4e1f-ae46-cf0f283a14b6,"Barton, Roy Franklin, 1883-1947",Ifugao law,1919,100,Monograph,Ifugao,Asia,Southeast Asia,intensive agriculturalists,,"425,556,602,681",https://ehrafworldcultures.yale.edu/sres/340b4484-0d94-4e1f-ae46-cf0f283a14b6
317bc5c1-8fe6-4b7e-b25d-d60f78e5d902,"Barton, Roy Franklin, 1883-1947",Ifugao law,1919,100,Monograph,Ifugao,Asia,Southeast Asia,intensive agriculturalists,,"425,556,609,681",https://ehrafworldcultures.yale.edu/sres/317bc5c1-8fe6-4b7e-b25d-d60f78e5d902
fb6108bb-cc6e-41d0-abf7-c06d2b82ec34,"Barton, Roy Franklin, 1883-1947",Ifugao law,1919,100,Monograph,Ifugao,Asia,Southeast Asia,intensive agriculturalists,,"425,556,681",https://ehrafworldcultures.yale.edu/sres/fb6108bb-cc6e-41d0-abf7-c06d2b82ec34
4f866c72-b71b-4ffd-95ed-4b750f9ffd9c,"Barton, Roy Franklin, 1883-1947",Ifugao law,1919,101,Monograph,Ifugao,Asia,Southeast Asia,intensive agriculturalists,,"425,556,681",https://ehrafworldcultures.yale.edu/sres/4f866c72-b71b-4ffd-95ed-4b750f9ffd9c
c41a14e8-b402-4b90-89c9-d0293c5bb8fb,"Barton, Roy Franklin, 1883-1947",Ifugao law,1919,101,Monograph,Ifugao,Asia,Southeast Asia,intensive agriculturalists,,"425,556,602,681",https://ehrafworldcultures.yale.edu/sres/c41a14e8-b402-4b90-89c9-d0293c5bb8fb
a2f35017-f4e6-4b2e-b173-345371f81812,"Barton, Roy Franklin, 1883-1947",Ifugao law,1919,101,Monograph,Ifugao,Asia,Southeast Asia,intensive agriculturalists,,"425,556,621,681",https://ehrafworldcultures.yale.edu/sres/a2f35017-f4e6-4b2e-b173-345371f81812
b31a3a3c-33e0-4431-9fa3-3507b510d5d4,"Barton, Roy Franklin, 1883-1947",Ifugao law,1919,102,Monograph,Ifugao,Asia,Southeast Asia,intensive agriculturalists,,"425,556,621,681",https://ehrafworldcultures.yale.edu/sres/b31a3a3c-33e0-4431-9fa3-3507b510d5d4
1f7c48bc-ddc4-4444-9451-02e347f2d770,"Barton, Roy Franklin, 1883-1947",Ifugao law,1919,102,Monograph,Ifugao,Asia,Southeast Asia,intensive agriculturalists,,"184,425,556,681",https://ehrafworldcultures.yale.edu/sres/1f7c48bc-ddc4-4444-9451-02e347f2d770
c8f33217-46e1-4356-8160-12cc318a5740,"Barton, Roy Franklin, 1883-1947",Ifugao law,1919,102,Monograph,Ifugao,Asia,Southeast Asia,intensive agriculturalists,,"425,556,578,681",https://ehrafworldcultures.yale.edu/sres/c8f33217-46e1-4356-8160-12cc318a5740
f74ccaa1-bb09-4186-b584-9ff005b6a3b4,"Barton, Roy Franklin, 1883-1947",Ifugao law,1919,102,Monograph,Ifugao,Asia,Southeast Asia,intensive agriculturalists,,"425,556,578,681",https://ehrafworldcultures.yale.edu/sres/f74ccaa1-bb09-4186-b584-9ff005b6a3b4
143dd038-26cf-46f7-8646-c1532aa612d5,"Barton, Roy Franklin, 1883-1947",Ifugao law,1919,102,Monograph,Ifugao,Asia,Southeast Asia,intensive agriculturalists,,"423,556,578,685,695",https://ehrafworldcultures.yale.edu/sres/143dd038-26cf-46f7-8646-c1532aa612d5
160ced40-11a0-4a28-9efd-6bed2908766f,"Barton, Roy Franklin, 1883-1947",Ifugao law,1919,103,Monograph,Ifugao,Asia,Southeast Asia,intensive agriculturalists,,"425,556,578,686",https://ehrafworldcultures.yale.edu/sres/160ced40-11a0-4a28-9efd-6bed2908766f
4c5f0be9-8731-40ee-9002-6b99c91c1bee,"Barton, Roy Franklin, 1883-1947",Ifugao law,1919,103,Monograph,Ifugao,Asia,Southeast Asia,intensive agriculturalists,,"425,556,578,686",https://ehrafworldcultures.yale.edu/sres/4c5f0be9-8731-40ee-9002-6b99c91c1bee
f4d45ed9-82c7-4b7f-b534-07350e6e1af4,"Barton, Roy Franklin, 1883-1947",Ifugao law,1919,103,Monograph,Ifugao,Asia,Southeast Asia,intensive agriculturalists,,"425,556,578,686",https://ehrafworldcultures.yale.edu/sres/f4d45ed9-82c7-4b7f-b534-07350e6e1af4
db364c7c-976e-4dfe-83d0-23a7b2313c48,"Barton, Roy Franklin, 1883-1947",Ifugao law,1919,103,Monograph,Ifugao,Asia,Southeast Asia,intensive agriculturalists,,"426,574,686",https://ehrafworldcultures.yale.edu/sres/db364c7c-976e-4dfe-83d0-23a7b2313c48
98ee7858-f719-422b-9be1-ff0b7e1ab4b5,"Barton, Roy Franklin, 1883-1947",Ifugao law,1919,103,Monograph,Ifugao,Asia,Southeast Asia,intensive agriculturalists,,"426,574,686,784",https://ehrafworldcultures.yale.edu/sres/98ee7858-f719-422b-9be1-ff0b7e1ab4b5
2847c53b-d38b-45ca-802e-62d1a1c00130,"Barton, Roy Franklin, 1883-1947",Ifugao law,1919,104,Monograph,Ifugao,Asia,Southeast Asia,intensive agriculturalists,,"184,425,681",https://ehrafworldcultures.yale.edu/sres/2847c53b-d38b-45ca-802e-62d1a1c00130
cc9fed09-2f09-4121-a0ca-b5e745da84d6,"Barton, Roy Franklin, 1883-1947",Ifugao law,1919,104,Monograph,Ifugao,Asia,Southeast Asia,intensive agriculturalists,,"425,681",https://ehrafworldcultures.yale.edu/sres/cc9fed09-2f09-4121-a0ca-b5e745da84d6
02ba3c09-aa8d-4941-b257-40319259dbeb,"Barton, Roy Franklin, 1883-1947",Ifugao law,1919,107,Monograph,Ifugao,Asia,Southeast Asia,intensive agriculturalists,,684,https://ehrafworldcultures.yale.edu/sres/02ba3c09-aa8d-4941-b257-40319259dbeb
105e521b-41e9-46fe-a48b-dc5a0920f233,"Barton, Roy Franklin, 1883-1947",Ifugao law,1919,120,Monograph,Ifugao,Asia,Southeast Asia,intensive agriculturalists,,"177,673,682,888",https://ehrafworldcultures.yale.edu/sres/105e521b-41e9-46fe-a48b-dc5a0920f233
8451aa74-ef17-4d9a-9922-1874827db48c,"Barton, Roy Franklin, 1883-1947",Ifugao law,1919,120,Monograph,Ifugao,Asia,Southeast Asia,intensive agriculturalists,,"177,673,682,888",https://ehrafworldcultures.yale.edu/sres/8451aa74-ef17-4d9a-9922-1874827db48c
cff518a2-0305-4e61-ba53-b53e440bc49e,"Barton, Roy Franklin, 1883-1947",Ifugao law,1919,120,Monograph,Ifugao,Asia,Southeast Asia,intensive agriculturalists,,"177,673,682,888",https://ehrafworldcultures.yale.edu/sres/cff518a2-0305-4e61-ba53-b53e440bc49e
b1e8c60c-755a-4d76-bc03-3e9d59d5ba7e,"Barton, Roy Franklin, 1883-1947",Ifugao law,1919,120,Monograph,Ifugao,Asia,Southeast Asia,intensive agriculturalists,,"177,673,682,888",https://ehrafworldcultures.yale.edu/sres/b1e8c60c-755a-4d76-bc03-3e9d59d5ba7e
751b4661-7fb5-40fe-95e9-cfe21591c46f,"Barton, Roy Franklin, 1883-1947",Ifugao law,1919,120,Monograph,Ifugao,Asia,Southeast Asia,intensive agriculturalists,,"177,673,682,888",https://ehrafworldcultures.yale.edu/sres/751b4661-7fb5-40fe-95e9-cfe21591c46f
19d59436-38d1-475f-83de-3e4d8666a606,"Barton, Roy Franklin, 1883-1947",Ifugao law,1919,120,Monograph,Ifugao,Asia,Southeast Asia,intensive agriculturalists,,"177,673,682,888",https://ehrafworldcultures.yale.edu/sres/19d59436-38d1-475f-83de-3e4d8666a606
a6bd6cb6-4364-48ef-9d8c-449e5a75e283,"Barton, Roy Franklin, 1883-1947",Ifugao law,1919,[182],Monograph,Ifugao,Asia,Southeast Asia,intensive agriculturalists,,"415,441,681",https://ehrafworldcultures.yale.edu/sres/a6bd6cb6-4364-48ef-9d8c-449e5a75e283
a7779ca9-7f4c-4413-893f-54ae021db20a,"Barton, Roy Franklin, 1883-1947",Ifugao law,1919,183,Monograph,Ifugao,Asia,Southeast Asia,intensive agriculturalists,,"415,441,681",https://ehrafworldcultures.yale.edu/sres/a7779ca9-7f4c-4413-893f-54ae021db20a
42df485e-729d-4a38-9477-58c0f900e25e,"Barton, Roy Franklin, 1883-1947",Ifugao law,1919,[184],Monograph,Ifugao,Asia,Southeast Asia,intensive agriculturalists,,"415,441,681",https://ehrafworldcultures.yale.edu/sres/42df485e-729d-4a38-9477-58c0f900e25e
f1f42580-fdda-481d-8f9f-1ee1047eefeb,"Conklin, Harold C.","Ifugao ethnobotany 1905 - 1965: the 1911 Beyer-Merrill report
         in perspective",1967,249,Journal Article,Ifugao,Asia,Southeast Asia,intensive agriculturalists,,"101,104,164,178,222,223,226,227,231,241,244,245,251,262,263,267,272,273,276,283,286,292,302,322,331,342,343,353,372,386,415,417,462,482,531,534,562,565,682,751,754,757,764,778,793,796,824,832,854,857",https://ehrafworldcultures.yale.edu/sres/f1f42580-fdda-481d-8f9f-1ee1047eefeb
d4a3be5a-ec5a-492c-86bd-1928388fd1ef,"Beyer, H. Otley (Henry Otley),
         1883-1966",An Ifugao burial ceremony,1911,231,Journal Article,Ifugao,Asia,Southeast Asia,intensive agriculturalists,,"126,137,159,614,622,628,682,727,824",https://ehrafworldcultures.yale.edu/sres/d4a3be5a-ec5a-492c-86bd-1928388fd1ef
3e463488-3452-4447-8a5f-b2071090a68e,"Beyer, H. Otley (Henry Otley),
         1883-1966",An Ifugao burial ceremony,1911,243,Journal Article,Ifugao,Asia,Southeast Asia,intensive agriculturalists,,"103,159,682",https://ehrafworldcultures.yale.edu/sres/3e463488-3452-4447-8a5f-b2071090a68e
1ecd7300-3a0a-4022-840c-5bc4c21f400a,"Beyer, H. Otley (Henry Otley),
         1883-1966",An Ifugao burial ceremony,1911,246,Journal Article,Ifugao,Asia,Southeast Asia,intensive agriculturalists,,"186,539,628,682,775",https://ehrafworldcultures.yale.edu/sres/1ecd7300-3a0a-4022-840c-5bc4c21f400a
139ec165-ca61-4276-ae38-09bb6ab5dbd3,"Beyer, H. Otley (Henry Otley),
         1883-1966",An Ifugao burial ceremony,1911,247,Journal Article,Ifugao,Asia,Southeast Asia,intensive agriculturalists,,"123,576,579,685,766",https://ehrafworldcultures.yale.edu/sres/139ec165-ca61-4276-ae38-09bb6ab5dbd3
70939741-04ee-4f96-baef-4550859b36e7,"Barton, Roy Franklin, 1883-1947",Ifugao economics,1922,413,Monograph,Ifugao,Asia,Southeast Asia,intensive agriculturalists,,"427,686,691,695",https://ehrafworldcultures.yale.edu/sres/70939741-04ee-4f96-baef-4550859b36e7
44a6b3c4-fa85-4a82-813e-259b16bf77ad,"Barton, Roy Franklin, 1883-1947","The half-way sun: life among the headhunters of the
         Philippines",1930,65,Monograph,Ifugao,Asia,Southeast Asia,intensive agriculturalists,,"578,684",https://ehrafworldcultures.yale.edu/sres/44a6b3c4-fa85-4a82-813e-259b16bf77ad
8164165c-55f5-4f94-a355-5d692ec4f3cd,"Barton, Roy Franklin, 1883-1947","The half-way sun: life among the headhunters of the
         Philippines",1930,102,Monograph,Ifugao,Asia,Southeast Asia,intensive agriculturalists,,"158,682",https://ehrafworldcultures.yale.edu/sres/8164165c-55f5-4f94-a355-5d692ec4f3cd
4a686d29-4b80-48b3-82e4-82b15b2c375b,"Barton, Roy Franklin, 1883-1947","The half-way sun: life among the headhunters of the
         Philippines",1930,102,Monograph,Ifugao,Asia,Southeast Asia,intensive agriculturalists,,"158,682",https://ehrafworldcultures.yale.edu/sres/4a686d29-4b80-48b3-82e4-82b15b2c375b
db1e27b1-ea6a-4fd0-bb37-54b27876347a,"Barton, Roy Franklin, 1883-1947","The half-way sun: life among the headhunters of the
         Philippines",1930,102,Monograph,Ifugao,Asia,Southeast Asia,intensive agriculturalists,,"158,682",https://ehrafworldcultures.yale.edu/sres/db1e27b1-ea6a-4fd0-bb37-54b27876347a
25ea6710-7b8f-43e1-9fcb-efdbe184306f,"Barton, Roy Franklin, 1883-1947","The half-way sun: life among the headhunters of the
         Philippines",1930,102,Monograph,Ifugao,Asia,Southeast Asia,intensive agriculturalists,,"158,682",https://ehrafworldcultures.yale.edu/sres/25ea6710-7b8f-43e1-9fcb-efdbe184306f
52e66b54-7844-4b01-8566-865397bc6842,"Barton, Roy Franklin, 1883-1947","The half-way sun: life among the headhunters of the
         Philippines",1930,103,Monograph,Ifugao,Asia,Southeast Asia,intensive agriculturalists,,"158,682,762",https://ehrafworldcultures.yale.edu/sres/52e66b54-7844-4b01-8566-865397bc6842
37a39eb4-0844-40e1-bb50-95ef342ad819,"Barton, Roy Franklin, 1883-1947","The half-way sun: life among the headhunters of the
         Philippines",1930,111,Monograph,Ifugao,Asia,Southeast Asia,intensive agriculturalists,,"621,648,682",https://ehrafworldcultures.yale.edu/sres/37a39eb4-0844-40e1-bb50-95ef342ad819
29ba3fe8-bef0-4f2a-a5e6-2328b3533a37,"Barton, Roy Franklin, 1883-1947","The half-way sun: life among the headhunters of the
         Philippines",1930,111,Monograph,Ifugao,Asia,Southeast Asia,intensive agriculturalists,,"621,648,681",https://ehrafworldcultures.yale.edu/sres/29ba3fe8-bef0-4f2a-a5e6-2328b3533a37
7810f84a-1387-46d3-b715-b73246d786ba,"Barton, Roy Franklin, 1883-1947","The half-way sun: life among the headhunters of the
         Philippines",1930,111,Monograph,Ifugao,Asia,Southeast Asia,intensive agriculturalists,,"621,648,682,721",https://ehrafworldcultures.yale.edu/sres/7810f84a-1387-46d3-b715-b73246d786ba
0c21d57e-5fe3-4e0b-a213-cc6372b04bc4,"Barton, Roy Franklin, 1883-1947","The half-way sun: life among the headhunters of the
         Philippines",1930,113,Monograph,Ifugao,Asia,Southeast Asia,intensive agriculturalists,,"621,681",https://ehrafworldcultures.yale.edu/sres/0c21d57e-5fe3-4e0b-a213-cc6372b04bc4
208a492b-f452-4d67-ab7a-159c841db032,"Barton, Roy Franklin, 1883-1947","The half-way sun: life among the headhunters of the
         Philippines",1930,113,Monograph,Ifugao,Asia,Southeast Asia,intensive agriculturalists,,"621,681",https://ehrafworldcultures.yale.edu/sres/208a492b-f452-4d67-ab7a-159c841db032
fd4591f6-68dd-4593-9c0e-f99f99f5c8df,"Barton, Roy Franklin, 1883-1947","The half-way sun: life among the headhunters of the
         Philippines",1930,117,Monograph,Ifugao,Asia,Southeast Asia,intensive agriculturalists,,"602,682,686",https://ehrafworldcultures.yale.edu/sres/fd4591f6-68dd-4593-9c0e-f99f99f5c8df
c547f318-efe7-4126-8821-44d53c01bbf2,"Barton, Roy Franklin, 1883-1947","The half-way sun: life among the headhunters of the
         Philippines",1930,118,Monograph,Ifugao,Asia,Southeast Asia,intensive agriculturalists,,"602,682,686",https://ehrafworldcultures.yale.edu/sres/c547f318-efe7-4126-8821-44d53c01bbf2
32e29ae9-6c06-4816-8431-bcb0b7f245c4,"Barton, Roy Franklin, 1883-1947","The half-way sun: life among the headhunters of the
         Philippines",1930,118,Monograph,Ifugao,Asia,Southeast Asia,intensive agriculturalists,,"602,682,686",https://ehrafworldcultures.yale.edu/sres/32e29ae9-6c06-4816-8431-bcb0b7f245c4
bffd4ae5-19dc-469d-89d2-0cbba7225182,"Barton, Roy Franklin, 1883-1947","The half-way sun: life among the headhunters of the
         Philippines",1930,118,Monograph,Ifugao,Asia,Southeast Asia,intensive agriculturalists,,"428,602,682,686",https://ehrafworldcultures.yale.edu/sres/bffd4ae5-19dc-469d-89d2-0cbba7225182
528bb84d-16ce-479c-82a5-b04b9acd2c92,"Barton, Roy Franklin, 1883-1947","The half-way sun: life among the headhunters of the
         Philippines",1930,119,Monograph,Ifugao,Asia,Southeast Asia,intensive agriculturalists,,"602,682,686",https://ehrafworldcultures.yale.edu/sres/528bb84d-16ce-479c-82a5-b04b9acd2c92
9ed5b454-d9ef-45c5-9f55-d56456b8bb34,"Barton, Roy Franklin, 1883-1947","The half-way sun: life among the headhunters of the
         Philippines",1930,227,Monograph,Ifugao,Asia,Southeast Asia,intensive agriculturalists,,"426,682",https://ehrafworldcultures.yale.edu/sres/9ed5b454-d9ef-45c5-9f55-d56456b8bb34
a876768d-55dc-4816-912d-86f74f7afed5,"Barton, Roy Franklin, 1883-1947","The half-way sun: life among the headhunters of the
         Philippines",1930,227,Monograph,Ifugao,Asia,Southeast Asia,intensive agriculturalists,,"426,682",https://ehrafworldcultures.yale.edu/sres/a876768d-55dc-4816-912d-86f74f7afed5
9338a30b-2df4-4582-a874-de58d3a64c7b,"Barton, Roy Franklin, 1883-1947","The half-way sun: life among the headhunters of the
         Philippines",1930,227,Monograph,Ifugao,Asia,Southeast Asia,intensive agriculturalists,,"426,682",https://ehrafworldcultures.yale.edu/sres/9338a30b-2df4-4582-a874-de58d3a64c7b
0185ecf7-d6fc-4f57-a26c-44a2ae6a5eec,"Barton, Roy Franklin, 1883-1947","The half-way sun: life among the headhunters of the
         Philippines",1930,227,Monograph,Ifugao,Asia,Southeast Asia,intensive agriculturalists,,"426,682",https://ehrafworldcultures.yale.edu/sres/0185ecf7-d6fc-4f57-a26c-44a2ae6a5eec
a4043a43-6a62-421c-8362-160f21dd43ce,"Barton, Roy Franklin, 1883-1947","The half-way sun: life among the headhunters of the
         Philippines",1930,227,Monograph,Ifugao,Asia,Southeast Asia,intensive agriculturalists,,"426,682",https://ehrafworldcultures.yale.edu/sres/a4043a43-6a62-421c-8362-160f21dd43ce
e5e983f9-2697-42ae-aa7b-7c11c8cd637d,"Barton, Roy Franklin, 1883-1947","The half-way sun: life among the headhunters of the
         Philippines",1930,227,Monograph,Ifugao,Asia,Southeast Asia,intensive agriculturalists,,"426,682",https://ehrafworldcultures.yale.edu/sres/e5e983f9-2697-42ae-aa7b-7c11c8cd637d
958ea0e0-a553-4966-a7f7-49358a804d58,"Barton, Roy Franklin, 1883-1947","The half-way sun: life among the headhunters of the
         Philippines",1930,228,Monograph,Ifugao,Asia,Southeast Asia,intensive agriculturalists,,"426,682",https://ehrafworldcultures.yale.edu/sres/958ea0e0-a553-4966-a7f7-49358a804d58
87d95b35-482c-4ea6-8d37-5793cb7a8743,"Barton, Roy Franklin, 1883-1947","The half-way sun: life among the headhunters of the
         Philippines",1930,228,Monograph,Ifugao,Asia,Southeast Asia,intensive agriculturalists,,"426,682",https://ehrafworldcultures.yale.edu/sres/87d95b35-482c-4ea6-8d37-5793cb7a8743
40cee3a1-bd7e-4927-a473-732a4f6e2abd,"Barton, Roy Franklin, 1883-1947","The half-way sun: life among the headhunters of the
         Philippines",1930,228,Monograph,Ifugao,Asia,Southeast Asia,intensive agriculturalists,,"426,682",https://ehrafworldcultures.yale.edu/sres/40cee3a1-bd7e-4927-a473-732a4f6e2abd
1a5763c9-f7fb-4fa2-9039-d6ccc5328bb6,"Barton, Roy Franklin, 1883-1947","The half-way sun: life among the headhunters of the
         Philippines",1930,228,Monograph,Ifugao,Asia,Southeast Asia,intensive agriculturalists,,"426,682",https://ehrafworldcultures.yale.edu/sres/1a5763c9-f7fb-4fa2-9039-d6ccc5328bb6
7b22072d-4bed-4749-94ba-9326e4c1e293,"Barton, Roy Franklin, 1883-1947","The half-way sun: life among the headhunters of the
         Philippines",1930,233,Monograph,Ifugao,Asia,Southeast Asia,intensive agriculturalists,,682,https://ehrafworldcultures.yale.edu/sres/7b22072d-4bed-4749-94ba-9326e4c1e293
391e4d61-d932-4b98-8aa0-e234569e5120,"Barton, Roy Franklin, 1883-1947","The half-way sun: life among the headhunters of the
         Philippines",1930,233,Monograph,Ifugao,Asia,Southeast Asia,intensive agriculturalists,,682,https://ehrafworldcultures.yale.edu/sres/391e4d61-d932-4b98-8aa0-e234569e5120
6ef15df7-7b0c-4c9d-8c96-31d2f52903e3,"Barton, Roy Franklin, 1883-1947","The half-way sun: life among the headhunters of the
         Philippines",1930,233,Monograph,Ifugao,Asia,Southeast Asia,intensive agriculturalists,,682,https://ehrafworldcultures.yale.edu/sres/6ef15df7-7b0c-4c9d-8c96-31d2f52903e3
8a6c76a9-492c-4ab8-b0a8-f7ec7f6197b5,"Barton, Roy Franklin, 1883-1947","The half-way sun: life among the headhunters of the
         Philippines",1930,234,Monograph,Ifugao,Asia,Southeast Asia,intensive agriculturalists,,682,https://ehrafworldcultures.yale.edu/sres/8a6c76a9-492c-4ab8-b0a8-f7ec7f6197b5
d57383b8-40ff-4512-bea5-03ac3c19c922,"Barton, Roy Franklin, 1883-1947","The half-way sun: life among the headhunters of the
         Philippines",1930,234,Monograph,Ifugao,Asia,Southeast Asia,intensive agriculturalists,,682,https://ehrafworldcultures.yale.edu/sres/d57383b8-40ff-4512-bea5-03ac3c19c922
8b375a14-e186-4901-b0ba-5ea8bc6c4887,"Barton, Roy Franklin, 1883-1947","The half-way sun: life among the headhunters of the
         Philippines",1930,234,Monograph,Ifugao,Asia,Southeast Asia,intensive agriculturalists,,682,https://ehrafworldcultures.yale.edu/sres/8b375a14-e186-4901-b0ba-5ea8bc6c4887
afe3d656-397b-47d3-828a-46a8f4f3bc0f,"Barton, Roy Franklin, 1883-1947","The half-way sun: life among the headhunters of the
         Philippines",1930,234,Monograph,Ifugao,Asia,Southeast Asia,intensive agriculturalists,,682,https://ehrafworldcultures.yale.edu/sres/afe3d656-397b-47d3-828a-46a8f4f3bc0f
594cb3b2-ac36-457e-9456-f2c074b0bbfb,"Barton, Roy Franklin, 1883-1947","The half-way sun: life among the headhunters of the
         Philippines",1930,234,Monograph,Ifugao,Asia,Southeast Asia,intensive agriculturalists,,682,https://ehrafworldcultures.yale.edu/sres/594cb3b2-ac36-457e-9456-f2c074b0bbfb
f5e21a5c-f6fd-47cf-890e-4da2587f5c51,"Barton, Roy Franklin, 1883-1947","The half-way sun: life among the headhunters of the
         Philippines",1930,234,Monograph,Ifugao,Asia,Southeast Asia,intensive agriculturalists,,682,https://ehrafworldcultures.yale.edu/sres/f5e21a5c-f6fd-47cf-890e-4da2587f5c51
f7355f01-c039-4d50-a3a9-0520adc18235,"Barton, Roy Franklin, 1883-1947","The half-way sun: life among the headhunters of the
         Philippines",1930,235,Monograph,Ifugao,Asia,Southeast Asia,intensive agriculturalists,,682,https://ehrafworldcultures.yale.edu/sres/f7355f01-c039-4d50-a3a9-0520adc18235
e47b21f7-05a9-4a3f-9470-17974e9de472,"Barton, Roy Franklin, 1883-1947","The half-way sun: life among the headhunters of the
         Philippines",1930,235,Monograph,Ifugao,Asia,Southeast Asia,intensive agriculturalists,,682,https://ehrafworldcultures.yale.edu/sres/e47b21f7-05a9-4a3f-9470-17974e9de472
6e6232b1-3c89-489a-bd0f-900251f26e66,"Barton, Roy Franklin, 1883-1947","The half-way sun: life among the headhunters of the
         Philippines",1930,235,Monograph,Ifugao,Asia,Southeast Asia,intensive agriculturalists,,682,https://ehrafworldcultures.yale.edu/sres/6e6232b1-3c89-489a-bd0f-900251f26e66
c711a39e-f9d6-4d92-981a-0920f929df98,"Barton, Roy Franklin, 1883-1947","The half-way sun: life among the headhunters of the
         Philippines",1930,235,Monograph,Ifugao,Asia,Southeast Asia,intensive agriculturalists,,682,https://ehrafworldcultures.yale.edu/sres/c711a39e-f9d6-4d92-981a-0920f929df98
63befa5c-f7ac-49b9-b9b1-0d62060277e5,"Barton, Roy Franklin, 1883-1947","The half-way sun: life among the headhunters of the
         Philippines",1930,235,Monograph,Ifugao,Asia,Southeast Asia,intensive agriculturalists,,682,https://ehrafworldcultures.yale.edu/sres/63befa5c-f7ac-49b9-b9b1-0d62060277e5
89917632-cd83-4247-989f-8ceefe71ebaa,"Barton, Roy Franklin, 1883-1947","The half-way sun: life among the headhunters of the
         Philippines",1930,235,Monograph,Ifugao,Asia,Southeast Asia,intensive agriculturalists,,682,https://ehrafworldcultures.yale.edu/sres/89917632-cd83-4247-989f-8ceefe71ebaa
44216e50-df39-412d-b0c4-7fbb0bc8ea12,"Barton, Roy Franklin, 1883-1947","The half-way sun: life among the headhunters of the
         Philippines",1930,235,Monograph,Ifugao,Asia,Southeast Asia,intensive agriculturalists,,682,https://ehrafworldcultures.yale.edu/sres/44216e50-df39-412d-b0c4-7fbb0bc8ea12
c001b77e-2eab-4688-8eef-71c313f1bcca,"Barton, Roy Franklin, 1883-1947","The half-way sun: life among the headhunters of the
         Philippines",1930,235,Monograph,Ifugao,Asia,Southeast Asia,intensive agriculturalists,,682,https://ehrafworldcultures.yale.edu/sres/c001b77e-2eab-4688-8eef-71c313f1bcca
dbd6b466-0552-40a1-b7ff-7563ecd4ebe7,"Barton, Roy Franklin, 1883-1947","The half-way sun: life among the headhunters of the
         Philippines",1930,240,Monograph,Ifugao,Asia,Southeast Asia,intensive agriculturalists,,"682,692",https://ehrafworldcultures.yale.edu/sres/dbd6b466-0552-40a1-b7ff-7563ecd4ebe7
bd33f549-fac2-4c1b-b09b-e8cb0fea269a,"Barton, Roy Franklin, 1883-1947","Philippine pagans: the autobiographies of three
         Ifugaos",1938,74,Monograph,Ifugao,Asia,Southeast Asia,intensive agriculturalists,,"578,584,684",https://ehrafworldcultures.yale.edu/sres/bd33f549-fac2-4c1b-b09b-e8cb0fea269a
a566bc81-18b9-4071-afc4-e3397c1e8036,"Barton, Roy Franklin, 1883-1947","Philippine pagans: the autobiographies of three
         Ifugaos",1938,74,Monograph,Ifugao,Asia,Southeast Asia,intensive agriculturalists,,"578,584,684",https://ehrafworldcultures.yale.edu/sres/a566bc81-18b9-4071-afc4-e3397c1e8036
2b8eabba-7e8c-47b4-8dfb-60f7afa2245b,"Barton, Roy Franklin, 1883-1947","Philippine pagans: the autobiographies of three
         Ifugaos",1938,74,Monograph,Ifugao,Asia,Southeast Asia,intensive agriculturalists,,"578,584,684",https://ehrafworldcultures.yale.edu/sres/2b8eabba-7e8c-47b4-8dfb-60f7afa2245b
a26f841b-b367-44a9-95d8-9cb873fc56f0,"Barton, Roy Franklin, 1883-1947","Philippine pagans: the autobiographies of three
         Ifugaos",1938,74,Monograph,Ifugao,Asia,Southeast Asia,intensive agriculturalists,,"578,584,684",https://ehrafworldcultures.yale.edu/sres/a26f841b-b367-44a9-95d8-9cb873fc56f0
5670cde0-7723-4650-811d-6e614f688e60,"Barton, Roy Franklin, 1883-1947","Philippine pagans: the autobiographies of three
         Ifugaos",1938,74,Monograph,Ifugao,Asia,Southeast Asia,intensive agriculturalists,,"578,584,684",https://ehrafworldcultures.yale.edu/sres/5670cde0-7723-4650-811d-6e614f688e60
c8d70d19-3d14-4b99-9484-9c7ec0e98a98,"Barton, Roy Franklin, 1883-1947","Philippine pagans: the autobiographies of three
         Ifugaos",1938,74,Monograph,Ifugao,Asia,Southeast Asia,intensive agriculturalists,,"578,584,684",https://ehrafworldcultures.yale.edu/sres/c8d70d19-3d14-4b99-9484-9c7ec0e98a98
55cd1793-a73b-43e7-9e94-088fce28f03d,"Barton, Roy Franklin, 1883-1947","Philippine pagans: the autobiographies of three
         Ifugaos",1938,74,Monograph,Ifugao,Asia,Southeast Asia,intensive agriculturalists,,"578,584,684",https://ehrafworldcultures.yale.edu/sres/55cd1793-a73b-43e7-9e94-088fce28f03d
e643784b-f1e3-4b9f-9928-f636cf99f100,"Barton, Roy Franklin, 1883-1947","Philippine pagans: the autobiographies of three
         Ifugaos",1938,75,Monograph,Ifugao,Asia,Southeast Asia,intensive agriculturalists,,"578,584,684",https://ehrafworldcultures.yale.edu/sres/e643784b-f1e3-4b9f-9928-f636cf99f100
651eb832-c7aa-439d-a5b6-966fcc97f020,"Barton, Roy Franklin, 1883-1947","Philippine pagans: the autobiographies of three
         Ifugaos",1938,75,Monograph,Ifugao,Asia,Southeast Asia,intensive agriculturalists,,"578,584,684",https://ehrafworldcultures.yale.edu/sres/651eb832-c7aa-439d-a5b6-966fcc97f020
765f18a7-9eec-4f7b-9b6a-0acf389bf95b,"Barton, Roy Franklin, 1883-1947","Philippine pagans: the autobiographies of three
         Ifugaos",1938,82,Monograph,Ifugao,Asia,Southeast Asia,intensive agriculturalists,,"684,836",https://ehrafworldcultures.yale.edu/sres/765f18a7-9eec-4f7b-9b6a-0acf389bf95b
645b471d-1292-4e3d-9474-0336fa3fd7e6,"Barton, Roy Franklin, 1883-1947","Philippine pagans: the autobiographies of three
         Ifugaos",1938,85,Monograph,Ifugao,Asia,Southeast Asia,intensive agriculturalists,,"684,837",https://ehrafworldcultures.yale.edu/sres/645b471d-1292-4e3d-9474-0336fa3fd7e6
8e51fc35-e389-4eb4-aad2-ea49296c0d50,"Barton, Roy Franklin, 1883-1947","Philippine pagans: the autobiographies of three
         Ifugaos",1938,86,Monograph,Ifugao,Asia,Southeast Asia,intensive agriculturalists,,"684,837",https://ehrafworldcultures.yale.edu/sres/8e51fc35-e389-4eb4-aad2-ea49296c0d50
e82e33d9-6403-4d0b-9170-2e94e9d16d47,"Barton, Roy Franklin, 1883-1947","Philippine pagans: the autobiographies of three
         Ifugaos",1938,86,Monograph,Ifugao,Asia,Southeast Asia,intensive agriculturalists,,"684,837",https://ehrafworldcultures.yale.edu/sres/e82e33d9-6403-4d0b-9170-2e94e9d16d47
bda40c83-70a0-4db3-9eb7-79cf7b5a60b3,"Barton, Roy Franklin, 1883-1947","Philippine pagans: the autobiographies of three
         Ifugaos",1938,86,Monograph,Ifugao,Asia,Southeast Asia,intensive agriculturalists,,"684,837",https://ehrafworldcultures.yale.edu/sres/bda40c83-70a0-4db3-9eb7-79cf7b5a60b3
5bd3b5d9-5f0f-4821-9991-8304ca8ed174,"Barton, Roy Franklin, 1883-1947","Philippine pagans: the autobiographies of three
         Ifugaos",1938,86,Monograph,Ifugao,Asia,Southeast Asia,intensive agriculturalists,,"684,837",https://ehrafworldcultures.yale.edu/sres/5bd3b5d9-5f0f-4821-9991-8304ca8ed174
6d5706f6-2e80-45bc-985a-6f7992ba6d2d,"Barton, Roy Franklin, 1883-1947","Philippine pagans: the autobiographies of three
         Ifugaos",1938,86,Monograph,Ifugao,Asia,Southeast Asia,intensive agriculturalists,,"684,837",https://ehrafworldcultures.yale.edu/sres/6d5706f6-2e80-45bc-985a-6f7992ba6d2d
7db78cc3-2c5f-4976-b89b-b2233e1a3f24,"Barton, Roy Franklin, 1883-1947","Philippine pagans: the autobiographies of three
         Ifugaos",1938,87,Monograph,Ifugao,Asia,Southeast Asia,intensive agriculturalists,,"684,837",https://ehrafworldcultures.yale.edu/sres/7db78cc3-2c5f-4976-b89b-b2233e1a3f24
4949b27d-0d35-4bfa-93c5-1b0a875fa113,"Barton, Roy Franklin, 1883-1947","Philippine pagans: the autobiographies of three
         Ifugaos",1938,87,Monograph,Ifugao,Asia,Southeast Asia,intensive agriculturalists,,"684,837",https://ehrafworldcultures.yale.edu/sres/4949b27d-0d35-4bfa-93c5-1b0a875fa113
e6fe3ea9-0449-4f55-bd7c-2e4c4fefa618,"Barton, Roy Franklin, 1883-1947","Philippine pagans: the autobiographies of three
         Ifugaos",1938,87,Monograph,Ifugao,Asia,Southeast Asia,intensive agriculturalists,,"684,837",https://ehrafworldcultures.yale.edu/sres/e6fe3ea9-0449-4f55-bd7c-2e4c4fefa618
b56e7bb0-f96d-4d06-ac95-f3be4d452271,"Barton, Roy Franklin, 1883-1947","Philippine pagans: the autobiographies of three
         Ifugaos",1938,90,Monograph,Ifugao,Asia,Southeast Asia,intensive agriculturalists,,"164,684,837",https://ehrafworldcultures.yale.edu/sres/b56e7bb0-f96d-4d06-ac95-f3be4d452271
a67daf5e-8724-493c-8fc8-b942310ffda5,"Barton, Roy Franklin, 1883-1947","Philippine pagans: the autobiographies of three
         Ifugaos",1938,91,Monograph,Ifugao,Asia,Southeast Asia,intensive agriculturalists,,"684,837",https://ehrafworldcultures.yale.edu/sres/a67daf5e-8724-493c-8fc8-b942310ffda5
0dac66ed-8f11-49a8-ad13-01a72a4a274d,"Barton, Roy Franklin, 1883-1947","Philippine pagans: the autobiographies of three
         Ifugaos",1938,92,Monograph,Ifugao,Asia,Southeast Asia,intensive agriculturalists,,"684,837",https://ehrafworldcultures.yale.edu/sres/0dac66ed-8f11-49a8-ad13-01a72a4a274d
f085a9dc-e77c-47fa-a11c-716912d43d68,"Barton, Roy Franklin, 1883-1947","Philippine pagans: the autobiographies of three
         Ifugaos",1938,92,Monograph,Ifugao,Asia,Southeast Asia,intensive agriculturalists,,"684,837",https://ehrafworldcultures.yale.edu/sres/f085a9dc-e77c-47fa-a11c-716912d43d68
e41fe3f0-329a-4646-bea3-7c7c2e796e82,"Barton, Roy Franklin, 1883-1947","Philippine pagans: the autobiographies of three
         Ifugaos",1938,92,Monograph,Ifugao,Asia,Southeast Asia,intensive agriculturalists,,"684,837",https://ehrafworldcultures.yale.edu/sres/e41fe3f0-329a-4646-bea3-7c7c2e796e82
e6388178-22ea-4576-8328-ffab1786c7d8,"Barton, Roy Franklin, 1883-1947","Philippine pagans: the autobiographies of three
         Ifugaos",1938,92,Monograph,Ifugao,Asia,Southeast Asia,intensive agriculturalists,,"684,837",https://ehrafworldcultures.yale.edu/sres/e6388178-22ea-4576-8328-ffab1786c7d8
2d8ac9bd-be61-4960-b22d-01a0165e3265,"Barton, Roy Franklin, 1883-1947","Philippine pagans: the autobiographies of three
         Ifugaos",1938,92,Monograph,Ifugao,Asia,Southeast Asia,intensive agriculturalists,,"684,837",https://ehrafworldcultures.yale.edu/sres/2d8ac9bd-be61-4960-b22d-01a0165e3265
8a31bb86-6186-4439-96d6-b5741762b64d,"Barton, Roy Franklin, 1883-1947","Philippine pagans: the autobiographies of three
         Ifugaos",1938,92,Monograph,Ifugao,Asia,Southeast Asia,intensive agriculturalists,,"684,837",https://ehrafworldcultures.yale.edu/sres/8a31bb86-6186-4439-96d6-b5741762b64d
c4da0201-ed42-4a26-a6f1-4aa9e6f45029,"Barton, Roy Franklin, 1883-1947","Philippine pagans: the autobiographies of three
         Ifugaos",1938,93,Monograph,Ifugao,Asia,Southeast Asia,intensive agriculturalists,,"426,684,837",https://ehrafworldcultures.yale.edu/sres/c4da0201-ed42-4a26-a6f1-4aa9e6f45029
db84f6c5-816b-4629-b236-998c68e42d17,"Barton, Roy Franklin, 1883-1947","Philippine pagans: the autobiographies of three
         Ifugaos",1938,94,Monograph,Ifugao,Asia,Southeast Asia,intensive agriculturalists,,"684,837",https://ehrafworldcultures.yale.edu/sres/db84f6c5-816b-4629-b236-998c68e42d17
3b4b3cc8-42e5-4ce5-a9a7-67910d5f1800,"Barton, Roy Franklin, 1883-1947","Philippine pagans: the autobiographies of three
         Ifugaos",1938,94,Monograph,Ifugao,Asia,Southeast Asia,intensive agriculturalists,,"586,684,837",https://ehrafworldcultures.yale.edu/sres/3b4b3cc8-42e5-4ce5-a9a7-67910d5f1800
65fe6bb7-3cf3-4f91-b3f8-2d22bd6ea46f,"Barton, Roy Franklin, 1883-1947","Philippine pagans: the autobiographies of three
         Ifugaos",1938,94,Monograph,Ifugao,Asia,Southeast Asia,intensive agriculturalists,,"586,684,837",https://ehrafworldcultures.yale.edu/sres/65fe6bb7-3cf3-4f91-b3f8-2d22bd6ea46f
76aa1fc8-7e22-4667-bd97-8adbf66bbb72,"Barton, Roy Franklin, 1883-1947","Philippine pagans: the autobiographies of three
         Ifugaos",1938,154,Monograph,Ifugao,Asia,Southeast Asia,intensive agriculturalists,,683,https://ehrafworldcultures.yale.edu/sres/76aa1fc8-7e22-4667-bd97-8adbf66bbb72
44f9327d-8923-4d62-997b-fec994409f34,"Barton, Roy Franklin, 1883-1947","Philippine pagans: the autobiographies of three
         Ifugaos",1938,159,Monograph,Ifugao,Asia,Southeast Asia,intensive agriculturalists,,683,https://ehrafworldcultures.yale.edu/sres/44f9327d-8923-4d62-997b-fec994409f34
3cc8469f-f926-46f9-9aa8-05922fa4da84,"Barton, Roy Franklin, 1883-1947","Philippine pagans: the autobiographies of three
         Ifugaos",1938,163,Monograph,Ifugao,Asia,Southeast Asia,intensive agriculturalists,,"567,683",https://ehrafworldcultures.yale.edu/sres/3cc8469f-f926-46f9-9aa8-05922fa4da84
a6dd981a-4a07-454a-91dd-4836df1e3650,"Barton, Roy Franklin, 1883-1947","Philippine pagans: the autobiographies of three
         Ifugaos",1938,163,Monograph,Ifugao,Asia,Southeast Asia,intensive agriculturalists,,"567,683",https://ehrafworldcultures.yale.edu/sres/a6dd981a-4a07-454a-91dd-4836df1e3650
41d6bd13-0dbe-4135-8b32-c61d36d84563,"Barton, Roy Franklin, 1883-1947","Philippine pagans: the autobiographies of three
         Ifugaos",1938,163,Monograph,Ifugao,Asia,Southeast Asia,intensive agriculturalists,,"567,683",https://ehrafworldcultures.yale.edu/sres/41d6bd13-0dbe-4135-8b32-c61d36d84563
89f67017-722a-41b8-ba30-88198c42a35b,"Barton, Roy Franklin, 1883-1947","Philippine pagans: the autobiographies of three
         Ifugaos",1938,163,Monograph,Ifugao,Asia,Southeast Asia,intensive agriculturalists,,"567,683",https://ehrafworldcultures.yale.edu/sres/89f67017-722a-41b8-ba30-88198c42a35b
0407e317-68d9-4b74-a154-c08aecdfc2e4,"Barton, Roy Franklin, 1883-1947","Philippine pagans: the autobiographies of three
         Ifugaos",1938,163,Monograph,Ifugao,Asia,Southeast Asia,intensive agriculturalists,,"567,683",https://ehrafworldcultures.yale.edu/sres/0407e317-68d9-4b74-a154-c08aecdfc2e4
60880306-11e7-4272-9ede-ff3b757d8aa8,"Barton, Roy Franklin, 1883-1947","Philippine pagans: the autobiographies of three
         Ifugaos",1938,164,Monograph,Ifugao,Asia,Southeast Asia,intensive agriculturalists,,"567,683",https://ehrafworldcultures.yale.edu/sres/60880306-11e7-4272-9ede-ff3b757d8aa8
9afca23b-fecf-4e97-b4da-eb27452865c7,"Barton, Roy Franklin, 1883-1947","Philippine pagans: the autobiographies of three
         Ifugaos",1938,164,Monograph,Ifugao,Asia,Southeast Asia,intensive agriculturalists,,"567,683",https://ehrafworldcultures.yale.edu/sres/9afca23b-fecf-4e97-b4da-eb27452865c7
fbf480a9-8fae-4263-afa3-6fbae9ecf795,"Barton, Roy Franklin, 1883-1947","Philippine pagans: the autobiographies of three
         Ifugaos",1938,164,Monograph,Ifugao,Asia,Southeast Asia,intensive agriculturalists,,"567,683",https://ehrafworldcultures.yale.edu/sres/fbf480a9-8fae-4263-afa3-6fbae9ecf795
dddb35d6-6e90-4d43-8a2d-13be2ad27cdc,"Barton, Roy Franklin, 1883-1947","Philippine pagans: the autobiographies of three
         Ifugaos",1938,164,Monograph,Ifugao,Asia,Southeast Asia,intensive agriculturalists,,"567,683",https://ehrafworldcultures.yale.edu/sres/dddb35d6-6e90-4d43-8a2d-13be2ad27cdc
dab05d8d-c963-49c7-b069-36cdc1a423d6,"Barton, Roy Franklin, 1883-1947","Philippine pagans: the autobiographies of three
         Ifugaos",1938,164,Monograph,Ifugao,Asia,Southeast Asia,intensive agriculturalists,,"567,683",https://ehrafworldcultures.yale.edu/sres/dab05d8d-c963-49c7-b069-36cdc1a423d6
3508ebed-a5c9-4568-8f05-3baa58249f14,"Barton, Roy Franklin, 1883-1947","Philippine pagans: the autobiographies of three
         Ifugaos",1938,164,Monograph,Ifugao,Asia,Southeast Asia,intensive agriculturalists,,"567,683",https://ehrafworldcultures.yale.edu/sres/3508ebed-a5c9-4568-8f05-3baa58249f14
b9c79231-a8e5-407f-b301-14938bcd1e8a,"Barton, Roy Franklin, 1883-1947","Philippine pagans: the autobiographies of three
         Ifugaos",1938,180,Monograph,Ifugao,Asia,Southeast Asia,intensive agriculturalists,,683,https://ehrafworldcultures.yale.edu/sres/b9c79231-a8e5-407f-b301-14938bcd1e8a
52ed808b-7b93-4895-b912-ba4f728bc540,"Barton, Roy Franklin, 1883-1947","Philippine pagans: the autobiographies of three
         Ifugaos",1938,181,Monograph,Ifugao,Asia,Southeast Asia,intensive agriculturalists,,683,https://ehrafworldcultures.yale.edu/sres/52ed808b-7b93-4895-b912-ba4f728bc540
dd75c727-2978-4fc3-903c-1e90e2a240a5,"Barton, Roy Franklin, 1883-1947","Philippine pagans: the autobiographies of three
         Ifugaos",1938,181,Monograph,Ifugao,Asia,Southeast Asia,intensive agriculturalists,,683,https://ehrafworldcultures.yale.edu/sres/dd75c727-2978-4fc3-903c-1e90e2a240a5
88a308a9-c96b-4e4e-8b08-e97e1ce328c7,"Barton, Roy Franklin, 1883-1947","Philippine pagans: the autobiographies of three
         Ifugaos",1938,181,Monograph,Ifugao,Asia,Southeast Asia,intensive agriculturalists,,683,https://ehrafworldcultures.yale.edu/sres/88a308a9-c96b-4e4e-8b08-e97e1ce328c7
fd30acb9-d9e1-4713-8ebc-a1581123dc1c,"Barton, Roy Franklin, 1883-1947","Philippine pagans: the autobiographies of three
         Ifugaos",1938,181,Monograph,Ifugao,Asia,Southeast Asia,intensive agriculturalists,,683,https://ehrafworldcultures.yale.edu/sres/fd30acb9-d9e1-4713-8ebc-a1581123dc1c
bac38b99-4534-4eb2-b647-32c14a2018d9,"Barton, Roy Franklin, 1883-1947","Philippine pagans: the autobiographies of three
         Ifugaos",1938,181,Monograph,Ifugao,Asia,Southeast Asia,intensive agriculturalists,,683,https://ehrafworldcultures.yale.edu/sres/bac38b99-4534-4eb2-b647-32c14a2018d9
5ff7f6be-9686-413d-bbac-b0ca0e66c201,"Barton, Roy Franklin, 1883-1947","Philippine pagans: the autobiographies of three
         Ifugaos",1938,181,Monograph,Ifugao,Asia,Southeast Asia,intensive agriculturalists,,683,https://ehrafworldcultures.yale.edu/sres/5ff7f6be-9686-413d-bbac-b0ca0e66c201
33be6c5d-e823-4700-89d3-9a835ad39bab,"Barton, Roy Franklin, 1883-1947","Philippine pagans: the autobiographies of three
         Ifugaos",1938,181,Monograph,Ifugao,Asia,Southeast Asia,intensive agriculturalists,,"683,754",https://ehrafworldcultures.yale.edu/sres/33be6c5d-e823-4700-89d3-9a835ad39bab
a289b995-c255-40eb-a699-c5c0550992bc,"Barton, Roy Franklin, 1883-1947","Philippine pagans: the autobiographies of three
         Ifugaos",1938,182,Monograph,Ifugao,Asia,Southeast Asia,intensive agriculturalists,,682,https://ehrafworldcultures.yale.edu/sres/a289b995-c255-40eb-a699-c5c0550992bc
c3f8fffa-17e6-4df6-af57-4ac4c4a0245f,"Barton, Roy Franklin, 1883-1947","Philippine pagans: the autobiographies of three
         Ifugaos",1938,182,Monograph,Ifugao,Asia,Southeast Asia,intensive agriculturalists,,682,https://ehrafworldcultures.yale.edu/sres/c3f8fffa-17e6-4df6-af57-4ac4c4a0245f
d3b50483-2ef4-44a9-bf3b-d4b5275e8a8a,"Barton, Roy Franklin, 1883-1947","Philippine pagans: the autobiographies of three
         Ifugaos",1938,182,Monograph,Ifugao,Asia,Southeast Asia,intensive agriculturalists,,682,https://ehrafworldcultures.yale.edu/sres/d3b50483-2ef4-44a9-bf3b-d4b5275e8a8a
091931c4-aa1d-4164-a6d2-5491c0920408,"Barton, Roy Franklin, 1883-1947","Philippine pagans: the autobiographies of three
         Ifugaos",1938,182,Monograph,Ifugao,Asia,Southeast Asia,intensive agriculturalists,,682,https://ehrafworldcultures.yale.edu/sres/091931c4-aa1d-4164-a6d2-5491c0920408
5c1de9ed-2f23-4272-9a3f-638c7bfd7b0d,"Barton, Roy Franklin, 1883-1947","Philippine pagans: the autobiographies of three
         Ifugaos",1938,182,Monograph,Ifugao,Asia,Southeast Asia,intensive agriculturalists,,682,https://ehrafworldcultures.yale.edu/sres/5c1de9ed-2f23-4272-9a3f-638c7bfd7b0d
b8bf892b-30e9-4b8a-8158-310ebecb7f48,"Barton, Roy Franklin, 1883-1947","Philippine pagans: the autobiographies of three
         Ifugaos",1938,182,Monograph,Ifugao,Asia,Southeast Asia,intensive agriculturalists,,682,https://ehrafworldcultures.yale.edu/sres/b8bf892b-30e9-4b8a-8158-310ebecb7f48
00650b2e-8542-4f96-b3c3-817b5b03fa32,"Barton, Roy Franklin, 1883-1947","Philippine pagans: the autobiographies of three
         Ifugaos",1938,182,Monograph,Ifugao,Asia,Southeast Asia,intensive agriculturalists,,682,https://ehrafworldcultures.yale.edu/sres/00650b2e-8542-4f96-b3c3-817b5b03fa32
c89768ca-328b-4094-aa06-9dc85e7c9e55,"Barton, Roy Franklin, 1883-1947","Philippine pagans: the autobiographies of three
         Ifugaos",1938,183,Monograph,Ifugao,Asia,Southeast Asia,intensive agriculturalists,,682,https://ehrafworldcultures.yale.edu/sres/c89768ca-328b-4094-aa06-9dc85e7c9e55
031ee819-e978-45ad-8b4c-866283d0210b,"Barton, Roy Franklin, 1883-1947","Philippine pagans: the autobiographies of three
         Ifugaos",1938,183,Monograph,Ifugao,Asia,Southeast Asia,intensive agriculturalists,,682,https://ehrafworldcultures.yale.edu/sres/031ee819-e978-45ad-8b4c-866283d0210b
74dc1b01-79fd-42f5-993a-7f6ede8da86d,"Barton, Roy Franklin, 1883-1947","Philippine pagans: the autobiographies of three
         Ifugaos",1938,183,Monograph,Ifugao,Asia,Southeast Asia,intensive agriculturalists,,682,https://ehrafworldcultures.yale.edu/sres/74dc1b01-79fd-42f5-993a-7f6ede8da86d
0ffeb2fa-df0a-4f85-93ed-91352fbf8205,"Barton, Roy Franklin, 1883-1947","Philippine pagans: the autobiographies of three
         Ifugaos",1938,183,Monograph,Ifugao,Asia,Southeast Asia,intensive agriculturalists,,682,https://ehrafworldcultures.yale.edu/sres/0ffeb2fa-df0a-4f85-93ed-91352fbf8205
017cd741-65e7-40f0-bd6b-82b511c784d9,"Barton, Roy Franklin, 1883-1947","Philippine pagans: the autobiographies of three
         Ifugaos",1938,183,Monograph,Ifugao,Asia,Southeast Asia,intensive agriculturalists,,682,https://ehrafworldcultures.yale.edu/sres/017cd741-65e7-40f0-bd6b-82b511c784d9
07a1bce5-9858-4a23-82e7-6b727d5ff3b0,"Barton, Roy Franklin, 1883-1947","Philippine pagans: the autobiographies of three
         Ifugaos",1938,183,Monograph,Ifugao,Asia,Southeast Asia,intensive agriculturalists,,"426,682",https://ehrafworldcultures.yale.edu/sres/07a1bce5-9858-4a23-82e7-6b727d5ff3b0
bec7dc6c-68f6-4959-ba38-3cb6bf4dd178,"Barton, Roy Franklin, 1883-1947","Philippine pagans: the autobiographies of three
         Ifugaos",1938,184,Monograph,Ifugao,Asia,Southeast Asia,intensive agriculturalists,,"462,682",https://ehrafworldcultures.yale.edu/sres/bec7dc6c-68f6-4959-ba38-3cb6bf4dd178
61201ca8-4e0b-413d-8cac-ed47d2fd2583,"Barton, Roy Franklin, 1883-1947","Philippine pagans: the autobiographies of three
         Ifugaos",1938,184,Monograph,Ifugao,Asia,Southeast Asia,intensive agriculturalists,,682,https://ehrafworldcultures.yale.edu/sres/61201ca8-4e0b-413d-8cac-ed47d2fd2583
53834ded-220c-489a-aace-1d53a40630a4,"Barton, Roy Franklin, 1883-1947","Philippine pagans: the autobiographies of three
         Ifugaos",1938,184,Monograph,Ifugao,Asia,Southeast Asia,intensive agriculturalists,,682,https://ehrafworldcultures.yale.edu/sres/53834ded-220c-489a-aace-1d53a40630a4
c51b0a3e-1f29-471b-8b0d-41113c176c5e,"Barton, Roy Franklin, 1883-1947","Philippine pagans: the autobiographies of three
         Ifugaos",1938,184,Monograph,Ifugao,Asia,Southeast Asia,intensive agriculturalists,,682,https://ehrafworldcultures.yale.edu/sres/c51b0a3e-1f29-471b-8b0d-41113c176c5e
a7869277-4ef1-405f-b1ec-0ddf96d831c9,"Barton, Roy Franklin, 1883-1947","Philippine pagans: the autobiographies of three
         Ifugaos",1938,184,Monograph,Ifugao,Asia,Southeast Asia,intensive agriculturalists,,682,https://ehrafworldcultures.yale.edu/sres/a7869277-4ef1-405f-b1ec-0ddf96d831c9
c63eebe4-c702-4034-a4e8-fd5efb08559f,"Barton, Roy Franklin, 1883-1947","Philippine pagans: the autobiographies of three
         Ifugaos",1938,184,Monograph,Ifugao,Asia,Southeast Asia,intensive agriculturalists,,682,https://ehrafworldcultures.yale.edu/sres/c63eebe4-c702-4034-a4e8-fd5efb08559f
e2554985-c5e6-47a0-9a33-b4101f2d8e9c,"Barton, Roy Franklin, 1883-1947","Philippine pagans: the autobiographies of three
         Ifugaos",1938,184,Monograph,Ifugao,Asia,Southeast Asia,intensive agriculturalists,,682,https://ehrafworldcultures.yale.edu/sres/e2554985-c5e6-47a0-9a33-b4101f2d8e9c
345d9982-0859-4730-a0f2-434b712d4769,"Barton, Roy Franklin, 1883-1947","Philippine pagans: the autobiographies of three
         Ifugaos",1938,190,Monograph,Ifugao,Asia,Southeast Asia,intensive agriculturalists,,"684,837",https://ehrafworldcultures.yale.edu/sres/345d9982-0859-4730-a0f2-434b712d4769
6494516e-5c49-4d20-b64d-235e2f0d5989,"Barton, Roy Franklin, 1883-1947","Philippine pagans: the autobiographies of three
         Ifugaos",1938,190,Monograph,Ifugao,Asia,Southeast Asia,intensive agriculturalists,,"684,837",https://ehrafworldcultures.yale.edu/sres/6494516e-5c49-4d20-b64d-235e2f0d5989
f9028bed-956f-4730-816b-0017c65ae35c,"Barton, Roy Franklin, 1883-1947","Philippine pagans: the autobiographies of three
         Ifugaos",1938,190,Monograph,Ifugao,Asia,Southeast Asia,intensive agriculturalists,,"684,837",https://ehrafworldcultures.yale.edu/sres/f9028bed-956f-4730-816b-0017c65ae35c
72fa0376-ef8c-4adc-8ae8-ca9326ef6233,"Barton, Roy Franklin, 1883-1947","Philippine pagans: the autobiographies of three
         Ifugaos",1938,191,Monograph,Ifugao,Asia,Southeast Asia,intensive agriculturalists,,"684,837",https://ehrafworldcultures.yale.edu/sres/72fa0376-ef8c-4adc-8ae8-ca9326ef6233
35a508e9-35c6-4912-95c7-ab9bb8fc67d6,"Barton, Roy Franklin, 1883-1947","Philippine pagans: the autobiographies of three
         Ifugaos",1938,191,Monograph,Ifugao,Asia,Southeast Asia,intensive agriculturalists,,"684,837",https://ehrafworldcultures.yale.edu/sres/35a508e9-35c6-4912-95c7-ab9bb8fc67d6
c01fb8f2-36a0-41ec-82b7-2f8a04c84c42,"Barton, Roy Franklin, 1883-1947","Philippine pagans: the autobiographies of three
         Ifugaos",1938,195,Monograph,Ifugao,Asia,Southeast Asia,intensive agriculturalists,,684,https://ehrafworldcultures.yale.edu/sres/c01fb8f2-36a0-41ec-82b7-2f8a04c84c42
26d4f9e5-13a0-4216-80cd-2c0f98e19218,"Barton, Roy Franklin, 1883-1947","Philippine pagans: the autobiographies of three
         Ifugaos",1938,241,Monograph,Ifugao,Asia,Southeast Asia,intensive agriculturalists,,"682,721",https://ehrafworldcultures.yale.edu/sres/26d4f9e5-13a0-4216-80cd-2c0f98e19218
cb39ca4c-1c35-415d-a929-a2301440ac20,"Barton, Roy Franklin, 1883-1947","Philippine pagans: the autobiographies of three
         Ifugaos",1938,242,Monograph,Ifugao,Asia,Southeast Asia,intensive agriculturalists,,"628,685",https://ehrafworldcultures.yale.edu/sres/cb39ca4c-1c35-415d-a929-a2301440ac20
ea29ddc6-0bb5-490a-bcb6-d28fee21e78d,"Barton, Roy Franklin, 1883-1947","Philippine pagans: the autobiographies of three
         Ifugaos",1938,242,Monograph,Ifugao,Asia,Southeast Asia,intensive agriculturalists,,"683,754",https://ehrafworldcultures.yale.edu/sres/ea29ddc6-0bb5-490a-bcb6-d28fee21e78d
1252073a-185f-43e1-9adb-c77db293afdd,"Barton, Roy Franklin, 1883-1947","Philippine pagans: the autobiographies of three
         Ifugaos",1938,242,Monograph,Ifugao,Asia,Southeast Asia,intensive agriculturalists,,"683,754",https://ehrafworldcultures.yale.edu/sres/1252073a-185f-43e1-9adb-c77db293afdd
fe1cfd5f-ccd5-4e7f-acd8-f23b799163f4,"Barton, Roy Franklin, 1883-1947","Philippine pagans: the autobiographies of three
         Ifugaos",1938,258,Monograph,Ifugao,Asia,Southeast Asia,intensive agriculturalists,,"593,684",https://ehrafworldcultures.yale.edu/sres/fe1cfd5f-ccd5-4e7f-acd8-f23b799163f4
2000b6b3-825c-4f9f-a990-7ff55457b9dc,"Barton, Roy Franklin, 1883-1947","Philippine pagans: the autobiographies of three
         Ifugaos",1938,259,Monograph,Ifugao,Asia,Southeast Asia,intensive agriculturalists,,"593,684",https://ehrafworldcultures.yale.edu/sres/2000b6b3-825c-4f9f-a990-7ff55457b9dc
aa02a9d5-131c-439e-8f76-429899a964ed,"Barton, Roy Franklin, 1883-1947","Philippine pagans: the autobiographies of three
         Ifugaos",1938,259,Monograph,Ifugao,Asia,Southeast Asia,intensive agriculturalists,,"593,684",https://ehrafworldcultures.yale.edu/sres/aa02a9d5-131c-439e-8f76-429899a964ed
541b13db-f4c5-4c75-89ae-f24e61770d9f,"Barton, Roy Franklin, 1883-1947","Philippine pagans: the autobiographies of three
         Ifugaos",1938,259,Monograph,Ifugao,Asia,Southeast Asia,intensive agriculturalists,,"593,684",https://ehrafworldcultures.yale.edu/sres/541b13db-f4c5-4c75-89ae-f24e61770d9f
79e43193-ffbc-4561-909b-90d4ac19bbe7,"Barton, Roy Franklin, 1883-1947","Philippine pagans: the autobiographies of three
         Ifugaos",1938,259,Monograph,Ifugao,Asia,Southeast Asia,intensive agriculturalists,,"593,684",https://ehrafworldcultures.yale.edu/sres/79e43193-ffbc-4561-909b-90d4ac19bbe7
63df02ab-895c-45c2-8398-fbfd8942b52a,"Barton, Roy Franklin, 1883-1947","Philippine pagans: the autobiographies of three
         Ifugaos",1938,259,Monograph,Ifugao,Asia,Southeast Asia,intensive agriculturalists,,"593,684",https://ehrafworldcultures.yale.edu/sres/63df02ab-895c-45c2-8398-fbfd8942b52a
aea27841-4594-4522-938e-9e903c47e14c,"Barton, Roy Franklin, 1883-1947","Philippine pagans: the autobiographies of three
         Ifugaos",1938,259,Monograph,Ifugao,Asia,Southeast Asia,intensive agriculturalists,,"593,684",https://ehrafworldcultures.yale.edu/sres/aea27841-4594-4522-938e-9e903c47e14c
2aded667-58db-4eec-bc62-7716eb65e391,"Villaverde, Juan",The Ifugaos of Quiangan and vicinity,1909,240,Journal Article,Ifugao,Asia,Southeast Asia,intensive agriculturalists,,"157,184,244,261,262,461,462,511,577,685",https://ehrafworldcultures.yale.edu/sres/2aded667-58db-4eec-bc62-7716eb65e391
3130caa5-e910-414f-b193-583ab67a210b,"Villaverde, Juan",The Ifugaos of Quiangan and vicinity,1909,242,Journal Article,Ifugao,Asia,Southeast Asia,intensive agriculturalists,,"231,261,262,428,556,565,578,683",https://ehrafworldcultures.yale.edu/sres/3130caa5-e910-414f-b193-583ab67a210b
729d5d23-253e-4c29-9a04-88ad5354b562,"Villaverde, Juan",The Ifugaos of Quiangan and vicinity,1909,244,Journal Article,Ifugao,Asia,Southeast Asia,intensive agriculturalists,,"156,157,181,522,570,683,829",https://ehrafworldcultures.yale.edu/sres/729d5d23-253e-4c29-9a04-88ad5354b562
baa6eb90-65e4-412f-b1d8-5682cbeec9a9,"Villaverde, Juan",The Ifugaos of Quiangan and vicinity,1909,247,Journal Article,Ifugao,Asia,Southeast Asia,intensive agriculturalists,,"165,181,683,721",https://ehrafworldcultures.yale.edu/sres/baa6eb90-65e4-412f-b1d8-5682cbeec9a9
b0676a1c-9760-4b63-84b0-514f0a8d34f0,"Villaverde, Juan",The Ifugaos of Quiangan and vicinity,1909,252,Journal Article,Ifugao,Asia,Southeast Asia,intensive agriculturalists,,"241,273,574,628,682,727,782,786",https://ehrafworldcultures.yale.edu/sres/b0676a1c-9760-4b63-84b0-514f0a8d34f0
8ff8c93a-bcff-4964-a9bd-34d79b568dbb,"Villaverde, Juan",The Ifugaos of Quiangan and vicinity,1909,255,Journal Article,Ifugao,Asia,Southeast Asia,intensive agriculturalists,,"426,464,556,686,762",https://ehrafworldcultures.yale.edu/sres/8ff8c93a-bcff-4964-a9bd-34d79b568dbb
301b5df2-cda3-4ba5-9789-33992a0633b6,"Villaverde, Juan",The Ifugaos of Quiangan and vicinity,1909,255,Journal Article,Ifugao,Asia,Southeast Asia,intensive agriculturalists,,"184,426,567,686,802",https://ehrafworldcultures.yale.edu/sres/301b5df2-cda3-4ba5-9789-33992a0633b6
26cded60-9da2-492b-9bed-d9c5fcbc5bda,"Villaverde, Juan",The Ifugaos of Quiangan and vicinity,1909,255,Journal Article,Ifugao,Asia,Southeast Asia,intensive agriculturalists,,"184,426,567,686",https://ehrafworldcultures.yale.edu/sres/26cded60-9da2-492b-9bed-d9c5fcbc5bda
90bc6320-f0c0-4b55-a2cb-72dc36f206c5,"Villaverde, Juan",The Ifugaos of Quiangan and vicinity,1909,255,Journal Article,Ifugao,Asia,Southeast Asia,intensive agriculturalists,,"184,426,567,686",https://ehrafworldcultures.yale.edu/sres/90bc6320-f0c0-4b55-a2cb-72dc36f206c5
7935b5f9-edfb-477f-8763-25c8f6b559fd,"Lambrecht, Francis",The Mayawyaw ritual: parts 1-5,1932,135,Monograph,Ifugao,Asia,Southeast Asia,intensive agriculturalists,,"243,465,685",https://ehrafworldcultures.yale.edu/sres/7935b5f9-edfb-477f-8763-25c8f6b559fd
1d678071-5b76-4d43-bf0a-cafe6bdc72fb,"Lambrecht, Francis",The Mayawyaw ritual: parts 1-5,1932,155,Monograph,Ifugao,Asia,Southeast Asia,intensive agriculturalists,,"243,527,688",https://ehrafworldcultures.yale.edu/sres/1d678071-5b76-4d43-bf0a-cafe6bdc72fb
d0373f27-042d-4cb2-94a2-0b54e2865b9d,"Lambrecht, Francis",The Mayawyaw ritual: parts 1-5,1932,175,Monograph,Ifugao,Asia,Southeast Asia,intensive agriculturalists,,"584,684",https://ehrafworldcultures.yale.edu/sres/d0373f27-042d-4cb2-94a2-0b54e2865b9d
e591e311-59d0-4029-9bb2-8b9b5f668219,"Lambrecht, Francis",The Mayawyaw ritual: parts 1-5,1932,176,Monograph,Ifugao,Asia,Southeast Asia,intensive agriculturalists,,684,https://ehrafworldcultures.yale.edu/sres/e591e311-59d0-4029-9bb2-8b9b5f668219
8a995775-4613-4b52-8a9a-64c6ff63ab23,"Lambrecht, Francis",The Mayawyaw ritual: parts 1-5,1932,179,Monograph,Ifugao,Asia,Southeast Asia,intensive agriculturalists,,"159,593,684,848",https://ehrafworldcultures.yale.edu/sres/8a995775-4613-4b52-8a9a-64c6ff63ab23
1f649aab-cf06-4ee1-a52f-c1b01095e2a4,"Lambrecht, Francis",The Mayawyaw ritual: parts 1-5,1932,179,Monograph,Ifugao,Asia,Southeast Asia,intensive agriculturalists,,"159,593,684,848",https://ehrafworldcultures.yale.edu/sres/1f649aab-cf06-4ee1-a52f-c1b01095e2a4
3e08b078-fec2-438a-a04e-e9be82ffb603,"Lambrecht, Francis",The Mayawyaw ritual: parts 1-5,1932,179,Monograph,Ifugao,Asia,Southeast Asia,intensive agriculturalists,,"159,593,684,848",https://ehrafworldcultures.yale.edu/sres/3e08b078-fec2-438a-a04e-e9be82ffb603
12bfd6df-510a-48ec-a01c-cbc2e7db8feb,"Lambrecht, Francis",The Mayawyaw ritual: parts 1-5,1932,179,Monograph,Ifugao,Asia,Southeast Asia,intensive agriculturalists,,"159,593,684,848",https://ehrafworldcultures.yale.edu/sres/12bfd6df-510a-48ec-a01c-cbc2e7db8feb
91f1781c-32df-4252-b682-52fb4aed91fa,"Lambrecht, Francis",The Mayawyaw ritual: parts 1-5,1932,180,Monograph,Ifugao,Asia,Southeast Asia,intensive agriculturalists,,"684,842,848",https://ehrafworldcultures.yale.edu/sres/91f1781c-32df-4252-b682-52fb4aed91fa
7d1c027e-8b33-401f-acbd-b9b46d59c37e,"Lambrecht, Francis",The Mayawyaw ritual: parts 1-5,1932,182,Monograph,Ifugao,Asia,Southeast Asia,intensive agriculturalists,,"437,586,684",https://ehrafworldcultures.yale.edu/sres/7d1c027e-8b33-401f-acbd-b9b46d59c37e
3b84ab9c-2fe3-4aff-a807-b75469a5de7e,"Lambrecht, Francis",The Mayawyaw ritual: parts 1-5,1932,182,Monograph,Ifugao,Asia,Southeast Asia,intensive agriculturalists,,"437,586,684",https://ehrafworldcultures.yale.edu/sres/3b84ab9c-2fe3-4aff-a807-b75469a5de7e
81a17bc7-2d40-4a47-912c-2229cb2c38d8,"Lambrecht, Francis",The Mayawyaw ritual: parts 1-5,1932,183,Monograph,Ifugao,Asia,Southeast Asia,intensive agriculturalists,,"159,437,586,684",https://ehrafworldcultures.yale.edu/sres/81a17bc7-2d40-4a47-912c-2229cb2c38d8
757d7d38-defd-4c4e-a33b-6eae3caf31e0,"Lambrecht, Francis",The Mayawyaw ritual: parts 1-5,1932,183,Monograph,Ifugao,Asia,Southeast Asia,intensive agriculturalists,,"159,437,586,684",https://ehrafworldcultures.yale.edu/sres/757d7d38-defd-4c4e-a33b-6eae3caf31e0
9bad612e-423d-45a9-bb03-04930693c2a1,"Lambrecht, Francis",The Mayawyaw ritual: parts 1-5,1932,183,Monograph,Ifugao,Asia,Southeast Asia,intensive agriculturalists,,"159,437,586,684",https://ehrafworldcultures.yale.edu/sres/9bad612e-423d-45a9-bb03-04930693c2a1
24e3d05c-1d66-48de-b4c2-2f16993e4789,"Lambrecht, Francis",The Mayawyaw ritual: parts 1-5,1932,183,Monograph,Ifugao,Asia,Southeast Asia,intensive agriculturalists,,"159,437,586,684",https://ehrafworldcultures.yale.edu/sres/24e3d05c-1d66-48de-b4c2-2f16993e4789
519ff9f8-c621-4b40-ad3b-8213778f8c8e,"Lambrecht, Francis",The Mayawyaw ritual: parts 1-5,1932,183,Monograph,Ifugao,Asia,Southeast Asia,intensive agriculturalists,,"159,437,586,684",https://ehrafworldcultures.yale.edu/sres/519ff9f8-c621-4b40-ad3b-8213778f8c8e
6c0dc8a7-646c-4529-ba9f-3610a43c69bb,"Lambrecht, Francis",The Mayawyaw ritual: parts 1-5,1932,183,Monograph,Ifugao,Asia,Southeast Asia,intensive agriculturalists,,"159,437,586,684",https://ehrafworldcultures.yale.edu/sres/6c0dc8a7-646c-4529-ba9f-3610a43c69bb
c8ae5244-b479-4c15-a952-e81ce1dfd8d9,"Lambrecht, Francis",The Mayawyaw ritual: parts 1-5,1932,183,Monograph,Ifugao,Asia,Southeast Asia,intensive agriculturalists,,"159,437,586,684",https://ehrafworldcultures.yale.edu/sres/c8ae5244-b479-4c15-a952-e81ce1dfd8d9
13b5cf5c-e315-4010-9905-6fdba4828c11,"Lambrecht, Francis",The Mayawyaw ritual: parts 1-5,1932,183,Monograph,Ifugao,Asia,Southeast Asia,intensive agriculturalists,,"159,437,586,684",https://ehrafworldcultures.yale.edu/sres/13b5cf5c-e315-4010-9905-6fdba4828c11
d3ba10de-2cef-4883-bcc3-610c64a0753e,"Lambrecht, Francis","Ancestors' knowledge among the Ifugaos and its importance in
         the religious and social life of the tribe",1954,364,Journal Article,Ifugao,Asia,Southeast Asia,intensive agriculturalists,,"173,420,432,685,814,829",https://ehrafworldcultures.yale.edu/sres/d3ba10de-2cef-4883-bcc3-610c64a0753e
2cd3b817-aec7-4f51-a30a-eaef8b7d0ffb,"Lambrecht, Francis",The Mayawyaw ritual: parts 1-5,1932,316,Monograph,Ifugao,Asia,Southeast Asia,intensive agriculturalists,,"684,695,837",https://ehrafworldcultures.yale.edu/sres/2cd3b817-aec7-4f51-a30a-eaef8b7d0ffb
92d22e7a-1a5b-49be-bb1d-907bf6e69db0,"Lambrecht, Francis",The Mayawyaw ritual: parts 1-5,1932,316,Monograph,Ifugao,Asia,Southeast Asia,intensive agriculturalists,,"159,684,837",https://ehrafworldcultures.yale.edu/sres/92d22e7a-1a5b-49be-bb1d-907bf6e69db0
0fb09bfd-0b85-4354-b737-18b315ebcc1f,"Lambrecht, Francis",The Mayawyaw ritual: parts 1-5,1932,317,Monograph,Ifugao,Asia,Southeast Asia,intensive agriculturalists,,"159,684,837",https://ehrafworldcultures.yale.edu/sres/0fb09bfd-0b85-4354-b737-18b315ebcc1f
0e04a51d-ec1b-4434-ac9f-0f536ba73873,"Lambrecht, Francis",The Mayawyaw ritual: parts 1-5,1932,317,Monograph,Ifugao,Asia,Southeast Asia,intensive agriculturalists,,"159,684,837",https://ehrafworldcultures.yale.edu/sres/0e04a51d-ec1b-4434-ac9f-0f536ba73873
dcc430cf-5feb-4ebc-a16f-49583e4f61a9,"Lambrecht, Francis",The Mayawyaw ritual: parts 1-5,1932,324,Monograph,Ifugao,Asia,Southeast Asia,intensive agriculturalists,,"684,695,837",https://ehrafworldcultures.yale.edu/sres/dcc430cf-5feb-4ebc-a16f-49583e4f61a9
be21ea78-f4e6-42e7-ba09-cb2ee2a34888,"Lambrecht, Francis",The Mayawyaw ritual: parts 1-5,1932,325,Monograph,Ifugao,Asia,Southeast Asia,intensive agriculturalists,,"684,695,837",https://ehrafworldcultures.yale.edu/sres/be21ea78-f4e6-42e7-ba09-cb2ee2a34888
460ecd07-672f-468c-bf4f-39d94667204d,"Lambrecht, Francis",The Mayawyaw ritual: parts 1-5,1932,325,Monograph,Ifugao,Asia,Southeast Asia,intensive agriculturalists,,"684,695,837",https://ehrafworldcultures.yale.edu/sres/460ecd07-672f-468c-bf4f-39d94667204d
c8419f31-0a68-471a-b6a1-1dd27d6c12da,"Lambrecht, Francis",The Mayawyaw ritual: parts 1-5,1932,325,Monograph,Ifugao,Asia,Southeast Asia,intensive agriculturalists,,"684,695,782,837",https://ehrafworldcultures.yale.edu/sres/c8419f31-0a68-471a-b6a1-1dd27d6c12da
3bfca0de-98b0-4ff1-be21-b06fc62bed20,"Lambrecht, Francis",The Mayawyaw ritual: parts 1-5,1932,343,Monograph,Ifugao,Asia,Southeast Asia,intensive agriculturalists,,"688,765",https://ehrafworldcultures.yale.edu/sres/3bfca0de-98b0-4ff1-be21-b06fc62bed20
677c172a-b613-4dbb-9fb0-bf29e038f86d,"Lambrecht, Francis",The Mayawyaw ritual: parts 1-5,1932,344,Monograph,Ifugao,Asia,Southeast Asia,intensive agriculturalists,,"688,765",https://ehrafworldcultures.yale.edu/sres/677c172a-b613-4dbb-9fb0-bf29e038f86d
9a5b7cc3-7b6e-43b5-a69a-dfcc0cd5eed2,"Lambrecht, Francis",The Mayawyaw ritual: parts 1-5,1932,345,Monograph,Ifugao,Asia,Southeast Asia,intensive agriculturalists,,"688,765",https://ehrafworldcultures.yale.edu/sres/9a5b7cc3-7b6e-43b5-a69a-dfcc0cd5eed2
26cb50cf-869f-456a-b763-34f33507070d,"Lambrecht, Francis",The Mayawyaw ritual: parts 1-5,1932,435,Monograph,Ifugao,Asia,Southeast Asia,intensive agriculturalists,,"186,682",https://ehrafworldcultures.yale.edu/sres/26cb50cf-869f-456a-b763-34f33507070d
3ddc1ad1-df74-41aa-9c75-53dec902caa7,"Lambrecht, Francis",The Mayawyaw ritual: parts 1-5,1932,586,Monograph,Ifugao,Asia,Southeast Asia,intensive agriculturalists,,"423,586,684",https://ehrafworldcultures.yale.edu/sres/3ddc1ad1-df74-41aa-9c75-53dec902caa7
2cdeaa11-6ae0-4a0c-88d3-92ee60f35554,"Lambrecht, Francis",The Mayawyaw ritual: parts 1-5,1932,586,Monograph,Ifugao,Asia,Southeast Asia,intensive agriculturalists,,"423,586,684",https://ehrafworldcultures.yale.edu/sres/2cdeaa11-6ae0-4a0c-88d3-92ee60f35554
3d0b4106-1463-402f-ba7a-cf7e4a5077ef,"Lambrecht, Francis",The Mayawyaw ritual: parts 1-5,1932,586,Monograph,Ifugao,Asia,Southeast Asia,intensive agriculturalists,,"423,586,684",https://ehrafworldcultures.yale.edu/sres/3d0b4106-1463-402f-ba7a-cf7e4a5077ef
ab977cff-1eea-4bd9-adda-ecce898c4da4,"Lambrecht, Francis",The Mayawyaw ritual: parts 1-5,1932,586,Monograph,Ifugao,Asia,Southeast Asia,intensive agriculturalists,,"423,586,684",https://ehrafworldcultures.yale.edu/sres/ab977cff-1eea-4bd9-adda-ecce898c4da4
ce2bf0d1-5f24-48b4-93cd-8409060d024a,"Lambrecht, Francis",The Mayawyaw ritual: parts 1-5,1932,587,Monograph,Ifugao,Asia,Southeast Asia,intensive agriculturalists,,"423,586,684",https://ehrafworldcultures.yale.edu/sres/ce2bf0d1-5f24-48b4-93cd-8409060d024a
ff8b19d6-4113-4ee4-b48e-be0d238e672d,"Lambrecht, Francis",The Mayawyaw ritual: parts 1-5,1932,587,Monograph,Ifugao,Asia,Southeast Asia,intensive agriculturalists,,"423,586,684",https://ehrafworldcultures.yale.edu/sres/ff8b19d6-4113-4ee4-b48e-be0d238e672d
7b28a697-6a6d-4657-8c8a-09d5f5d184e3,"Lambrecht, Francis",The Mayawyaw ritual: parts 1-5,1932,587,Monograph,Ifugao,Asia,Southeast Asia,intensive agriculturalists,,"423,586,684",https://ehrafworldcultures.yale.edu/sres/7b28a697-6a6d-4657-8c8a-09d5f5d184e3
98802bba-0214-4fcd-b136-e0a9e859c34f,"Lambrecht, Francis",The Mayawyaw ritual: parts 1-5,1932,655,Monograph,Ifugao,Asia,Southeast Asia,intensive agriculturalists,,"244,685",https://ehrafworldcultures.yale.edu/sres/98802bba-0214-4fcd-b136-e0a9e859c34f
fea78f47-21b8-4a89-b1b4-bead20445866,"Lambrecht, Francis",The Mayawyaw ritual: parts 1-5,1932,655,Monograph,Ifugao,Asia,Southeast Asia,intensive agriculturalists,,"244,685",https://ehrafworldcultures.yale.edu/sres/fea78f47-21b8-4a89-b1b4-bead20445866
802eee5a-6f3d-4e95-a8a8-11de8b5cc404,"Lambrecht, Francis",The Mayawyaw ritual: parts 1-5,1932,655,Monograph,Ifugao,Asia,Southeast Asia,intensive agriculturalists,,"244,249,685",https://ehrafworldcultures.yale.edu/sres/802eee5a-6f3d-4e95-a8a8-11de8b5cc404
578167a0-e7a3-48ff-9ad3-eb2e68f1f08f,"Lambrecht, Francis",The Mayawyaw ritual: parts 1-5,1932,656,Monograph,Ifugao,Asia,Southeast Asia,intensive agriculturalists,,"244,249,685",https://ehrafworldcultures.yale.edu/sres/578167a0-e7a3-48ff-9ad3-eb2e68f1f08f
48e369eb-e18a-4023-9cac-1b23d8430818,"Lambrecht, Francis",The Mayawyaw ritual: parts 1-5,1932,656,Monograph,Ifugao,Asia,Southeast Asia,intensive agriculturalists,,"422,685",https://ehrafworldcultures.yale.edu/sres/48e369eb-e18a-4023-9cac-1b23d8430818
ff1ad7e9-7344-41ba-893f-854245cf80fe,"Lambrecht, Francis",The Mayawyaw ritual: parts 1-5,1932,656,Monograph,Ifugao,Asia,Southeast Asia,intensive agriculturalists,,"422,685",https://ehrafworldcultures.yale.edu/sres/ff1ad7e9-7344-41ba-893f-854245cf80fe
db1a9ce3-6279-4296-88e0-64cdd60270d4,"Lambrecht, Francis",The Mayawyaw ritual: parts 1-5,1932,656,Monograph,Ifugao,Asia,Southeast Asia,intensive agriculturalists,,"231,422,685",https://ehrafworldcultures.yale.edu/sres/db1a9ce3-6279-4296-88e0-64cdd60270d4
e77c9fd5-3a90-4fc1-8b7c-0b8bcfb24c63,"Lambrecht, Francis",The Mayawyaw ritual: parts 1-5,1932,661,Monograph,Ifugao,Asia,Southeast Asia,intensive agriculturalists,,"539,685,782",https://ehrafworldcultures.yale.edu/sres/e77c9fd5-3a90-4fc1-8b7c-0b8bcfb24c63
119e5e01-8272-4762-8c4f-61aa77489f83,"Lambrecht, Francis",The Mayawyaw ritual: parts 1-5,1932,661,Monograph,Ifugao,Asia,Southeast Asia,intensive agriculturalists,,"539,685,782",https://ehrafworldcultures.yale.edu/sres/119e5e01-8272-4762-8c4f-61aa77489f83
74958ad8-7cda-4ff7-be35-3ed7d8c88d1f,"Lambrecht, Francis",The Mayawyaw ritual: parts 1-5,1932,662,Monograph,Ifugao,Asia,Southeast Asia,intensive agriculturalists,,"539,685,782",https://ehrafworldcultures.yale.edu/sres/74958ad8-7cda-4ff7-be35-3ed7d8c88d1f
292fd4e7-6580-49ad-a0d1-c607fa10bb1d,"Lambrecht, Francis",The Mayawyaw ritual: parts 1-5,1932,662,Monograph,Ifugao,Asia,Southeast Asia,intensive agriculturalists,,"539,685,782",https://ehrafworldcultures.yale.edu/sres/292fd4e7-6580-49ad-a0d1-c607fa10bb1d
884b41f8-5e5e-4e0b-b90a-6812a4ea9bdf,"Lambrecht, Francis",The Mayawyaw ritual: parts 1-5,1932,662,Monograph,Ifugao,Asia,Southeast Asia,intensive agriculturalists,,"539,685,782",https://ehrafworldcultures.yale.edu/sres/884b41f8-5e5e-4e0b-b90a-6812a4ea9bdf
4823bf7a-69e9-45ef-8848-0fca80983528,"Lambrecht, Francis",The Mayawyaw ritual: parts 1-5,1932,662,Monograph,Ifugao,Asia,Southeast Asia,intensive agriculturalists,,"539,685,782",https://ehrafworldcultures.yale.edu/sres/4823bf7a-69e9-45ef-8848-0fca80983528
f3028372-3a22-47df-9c6a-052fbc3dee38,"Lambrecht, Francis",The Mayawyaw ritual: parts 1-5,1932,662,Monograph,Ifugao,Asia,Southeast Asia,intensive agriculturalists,,"539,685,782",https://ehrafworldcultures.yale.edu/sres/f3028372-3a22-47df-9c6a-052fbc3dee38
62049134-ce8c-4c2a-93c9-0825059ef4ff,"Lambrecht, Francis",The Mayawyaw ritual: parts 1-5,1932,663,Monograph,Ifugao,Asia,Southeast Asia,intensive agriculturalists,,"539,685,782",https://ehrafworldcultures.yale.edu/sres/62049134-ce8c-4c2a-93c9-0825059ef4ff
4f94c109-996f-4a99-a3e4-e4166ecea7bd,"Lambrecht, Francis",The Mayawyaw ritual: parts 1-5,1932,663,Monograph,Ifugao,Asia,Southeast Asia,intensive agriculturalists,,"539,685,782",https://ehrafworldcultures.yale.edu/sres/4f94c109-996f-4a99-a3e4-e4166ecea7bd
20f15ce5-dbd0-4636-82c0-4f15e36a8a1e,"Lambrecht, Francis",The Mayawyaw ritual: parts 1-5,1932,663,Monograph,Ifugao,Asia,Southeast Asia,intensive agriculturalists,,"539,685,782",https://ehrafworldcultures.yale.edu/sres/20f15ce5-dbd0-4636-82c0-4f15e36a8a1e
867313a1-0eae-4c6b-8bd3-f7eeba64edca,"Lambrecht, Francis",The Mayawyaw ritual: parts 1-5,1932,663,Monograph,Ifugao,Asia,Southeast Asia,intensive agriculturalists,,"539,685,782",https://ehrafworldcultures.yale.edu/sres/867313a1-0eae-4c6b-8bd3-f7eeba64edca
0cce4789-891d-4ac4-9724-1c760ae26d35,"Lambrecht, Francis",The Mayawyaw ritual: parts 1-5,1932,663,Monograph,Ifugao,Asia,Southeast Asia,intensive agriculturalists,,"539,685,782",https://ehrafworldcultures.yale.edu/sres/0cce4789-891d-4ac4-9724-1c760ae26d35
2a576fe8-a8c2-44bc-b8c5-6294430f7f5a,"Lambrecht, Francis",The Mayawyaw ritual: parts 1-5,1932,663,Monograph,Ifugao,Asia,Southeast Asia,intensive agriculturalists,,"539,685,782",https://ehrafworldcultures.yale.edu/sres/2a576fe8-a8c2-44bc-b8c5-6294430f7f5a
5530e9bd-d6aa-4dd0-8379-abf4bc883f2c,"Lambrecht, Francis",The Mayawyaw ritual: parts 1-5,1932,663,Monograph,Ifugao,Asia,Southeast Asia,intensive agriculturalists,,"539,685,782",https://ehrafworldcultures.yale.edu/sres/5530e9bd-d6aa-4dd0-8379-abf4bc883f2c
369efc34-4504-4e89-8bf4-7dd5714bd18b,"Lambrecht, Francis",The Mayawyaw ritual: parts 1-5,1932,663,Monograph,Ifugao,Asia,Southeast Asia,intensive agriculturalists,,"539,685,782",https://ehrafworldcultures.yale.edu/sres/369efc34-4504-4e89-8bf4-7dd5714bd18b
9581944d-a6f9-466e-9d29-01d9352e37a7,"Lambrecht, Francis",The Mayawyaw ritual: parts 1-5,1932,663,Monograph,Ifugao,Asia,Southeast Asia,intensive agriculturalists,,"685,787",https://ehrafworldcultures.yale.edu/sres/9581944d-a6f9-466e-9d29-01d9352e37a7
51169b33-86a1-4af7-9154-0420a5f13b91,"Lambrecht, Francis",The Mayawyaw ritual: parts 1-5,1932,664,Monograph,Ifugao,Asia,Southeast Asia,intensive agriculturalists,,"685,787,789",https://ehrafworldcultures.yale.edu/sres/51169b33-86a1-4af7-9154-0420a5f13b91
b6d9b0d8-95e7-45b4-bd84-479ca2aeb14c,"Lambrecht, Francis",The Mayawyaw ritual: parts 1-5,1932,664,Monograph,Ifugao,Asia,Southeast Asia,intensive agriculturalists,,"538,539,685,782",https://ehrafworldcultures.yale.edu/sres/b6d9b0d8-95e7-45b4-bd84-479ca2aeb14c
e212da6d-f29b-45fd-bf55-c5d6d96fdf6d,"Lambrecht, Francis",The Mayawyaw ritual: parts 1-5,1932,664,Monograph,Ifugao,Asia,Southeast Asia,intensive agriculturalists,,"538,539,685,782",https://ehrafworldcultures.yale.edu/sres/e212da6d-f29b-45fd-bf55-c5d6d96fdf6d
3aa2d68a-9b7d-4e0a-b371-c0a76388cb48,"Lambrecht, Francis",The Mayawyaw ritual: parts 1-5,1932,664,Monograph,Ifugao,Asia,Southeast Asia,intensive agriculturalists,,"538,539,685,782",https://ehrafworldcultures.yale.edu/sres/3aa2d68a-9b7d-4e0a-b371-c0a76388cb48
99d96d05-271d-4378-be0e-cfd24b2224f3,"Lambrecht, Francis",The Mayawyaw ritual: parts 1-5,1932,664,Monograph,Ifugao,Asia,Southeast Asia,intensive agriculturalists,,"538,539,685,782",https://ehrafworldcultures.yale.edu/sres/99d96d05-271d-4378-be0e-cfd24b2224f3
4408cf9f-bb78-4bfb-bb61-e0ec1f538af5,"Lambrecht, Francis",The Mayawyaw ritual: parts 1-5,1932,664,Monograph,Ifugao,Asia,Southeast Asia,intensive agriculturalists,,"538,539,685,782",https://ehrafworldcultures.yale.edu/sres/4408cf9f-bb78-4bfb-bb61-e0ec1f538af5
52cf8c3b-f61e-4227-a1f7-3ffaeb323b7a,"Lambrecht, Francis",The Mayawyaw ritual: parts 1-5,1932,664,Monograph,Ifugao,Asia,Southeast Asia,intensive agriculturalists,,"538,539,685,782",https://ehrafworldcultures.yale.edu/sres/52cf8c3b-f61e-4227-a1f7-3ffaeb323b7a
cf0d4462-5ad4-41a0-a993-e8437fed08f2,"Lambrecht, Francis",The Mayawyaw ritual: parts 1-5,1932,664,Monograph,Ifugao,Asia,Southeast Asia,intensive agriculturalists,,"538,539,685,782",https://ehrafworldcultures.yale.edu/sres/cf0d4462-5ad4-41a0-a993-e8437fed08f2
8473283d-8546-42ae-b018-bc62840447d3,"Lambrecht, Francis",The Mayawyaw ritual: parts 1-5,1932,664,Monograph,Ifugao,Asia,Southeast Asia,intensive agriculturalists,,"538,539,685,782",https://ehrafworldcultures.yale.edu/sres/8473283d-8546-42ae-b018-bc62840447d3
e5b4846d-9fe0-4753-9ac7-4cc03ec72f08,"Lambrecht, Francis",The Mayawyaw ritual: parts 1-5,1932,665,Monograph,Ifugao,Asia,Southeast Asia,intensive agriculturalists,,"538,539,685,782",https://ehrafworldcultures.yale.edu/sres/e5b4846d-9fe0-4753-9ac7-4cc03ec72f08
0922102a-ba8d-4c8a-8609-c7448ab4b28f,"Lambrecht, Francis",The Mayawyaw ritual: parts 1-5,1932,665,Monograph,Ifugao,Asia,Southeast Asia,intensive agriculturalists,,"538,539,685,782",https://ehrafworldcultures.yale.edu/sres/0922102a-ba8d-4c8a-8609-c7448ab4b28f
5c5a1330-c563-4635-b3d3-13937fd80a5d,"Lambrecht, Francis",The Mayawyaw ritual: parts 1-5,1932,665,Monograph,Ifugao,Asia,Southeast Asia,intensive agriculturalists,,"538,539,685,782",https://ehrafworldcultures.yale.edu/sres/5c5a1330-c563-4635-b3d3-13937fd80a5d
1e91b76d-d2ac-4540-aa80-ededb69f922a,"Lambrecht, Francis",The Mayawyaw ritual: parts 1-5,1932,665,Monograph,Ifugao,Asia,Southeast Asia,intensive agriculturalists,,"538,539,685,782",https://ehrafworldcultures.yale.edu/sres/1e91b76d-d2ac-4540-aa80-ededb69f922a
6f02cc3b-7a6c-4dff-b5fd-c8995683c0c3,"Lambrecht, Francis",The Mayawyaw ritual: parts 1-5,1932,665,Monograph,Ifugao,Asia,Southeast Asia,intensive agriculturalists,,"538,539,685,782",https://ehrafworldcultures.yale.edu/sres/6f02cc3b-7a6c-4dff-b5fd-c8995683c0c3
fda07cab-6775-4dde-b32d-33f55aad04d0,"Lambrecht, Francis",The Mayawyaw ritual: parts 1-5,1932,665,Monograph,Ifugao,Asia,Southeast Asia,intensive agriculturalists,,"538,539,685,782",https://ehrafworldcultures.yale.edu/sres/fda07cab-6775-4dde-b32d-33f55aad04d0
a2dfd4fc-14a3-4721-b30a-481c1c6ea891,"Lambrecht, Francis",The Mayawyaw ritual: parts 1-5,1932,665,Monograph,Ifugao,Asia,Southeast Asia,intensive agriculturalists,,"538,539,685,782",https://ehrafworldcultures.yale.edu/sres/a2dfd4fc-14a3-4721-b30a-481c1c6ea891
aef7fc84-742c-44fe-8f41-53260f02e58a,"Lambrecht, Francis",The Mayawyaw ritual: parts 1-5,1932,665,Monograph,Ifugao,Asia,Southeast Asia,intensive agriculturalists,,"538,539,685,782",https://ehrafworldcultures.yale.edu/sres/aef7fc84-742c-44fe-8f41-53260f02e58a
637345cf-2746-486a-8dfd-34e12eb9d573,"Lambrecht, Francis",The Mayawyaw ritual: parts 1-5,1932,666,Monograph,Ifugao,Asia,Southeast Asia,intensive agriculturalists,,"538,539,685,782",https://ehrafworldcultures.yale.edu/sres/637345cf-2746-486a-8dfd-34e12eb9d573
7a3f2ea7-c442-42fe-9ee4-66bcd55a0450,"Lambrecht, Francis",The Mayawyaw ritual: parts 1-5,1932,666,Monograph,Ifugao,Asia,Southeast Asia,intensive agriculturalists,,"538,539,685,782",https://ehrafworldcultures.yale.edu/sres/7a3f2ea7-c442-42fe-9ee4-66bcd55a0450
9a888fb2-5ca1-4bfb-9598-17565f0c1341,"Lambrecht, Francis",The Mayawyaw ritual: parts 1-5,1932,666,Monograph,Ifugao,Asia,Southeast Asia,intensive agriculturalists,,"538,539,685,782",https://ehrafworldcultures.yale.edu/sres/9a888fb2-5ca1-4bfb-9598-17565f0c1341
f430a0a9-ed3a-43b4-9918-0a02ddacbbee,"Lambrecht, Francis",The Mayawyaw ritual: parts 1-5,1932,666,Monograph,Ifugao,Asia,Southeast Asia,intensive agriculturalists,,"538,539,685,782",https://ehrafworldcultures.yale.edu/sres/f430a0a9-ed3a-43b4-9918-0a02ddacbbee
8367a99c-442a-4b7c-8bbf-dd9e4c6ae16e,"Lambrecht, Francis",The Mayawyaw ritual: parts 1-5,1932,666,Monograph,Ifugao,Asia,Southeast Asia,intensive agriculturalists,,"538,539,685,782",https://ehrafworldcultures.yale.edu/sres/8367a99c-442a-4b7c-8bbf-dd9e4c6ae16e
b3568e8d-095d-496a-95d2-d927100d7e85,"Lambrecht, Francis",The Mayawyaw ritual: parts 1-5,1932,666,Monograph,Ifugao,Asia,Southeast Asia,intensive agriculturalists,,"538,539,685,782",https://ehrafworldcultures.yale.edu/sres/b3568e8d-095d-496a-95d2-d927100d7e85
53c55f80-e3ef-44c5-83b5-522b1578e7bc,"Lambrecht, Francis",The Mayawyaw ritual: parts 1-5,1932,666,Monograph,Ifugao,Asia,Southeast Asia,intensive agriculturalists,,"538,539,685,782",https://ehrafworldcultures.yale.edu/sres/53c55f80-e3ef-44c5-83b5-522b1578e7bc
7518b849-ea91-4b08-b726-26ceb72f9573,"Lambrecht, Francis",The Mayawyaw ritual: parts 1-5,1932,666,Monograph,Ifugao,Asia,Southeast Asia,intensive agriculturalists,,"538,539,685,782",https://ehrafworldcultures.yale.edu/sres/7518b849-ea91-4b08-b726-26ceb72f9573
50014afe-9096-4612-ac8b-9b11457bfd4e,"Lambrecht, Francis",The Mayawyaw ritual: parts 1-5,1932,667,Monograph,Ifugao,Asia,Southeast Asia,intensive agriculturalists,,"538,539,685,782",https://ehrafworldcultures.yale.edu/sres/50014afe-9096-4612-ac8b-9b11457bfd4e
d6a05c99-efd6-416f-8085-bc7082853ddd,"Lambrecht, Francis",The Mayawyaw ritual: parts 1-5,1932,667,Monograph,Ifugao,Asia,Southeast Asia,intensive agriculturalists,,"538,539,685,782",https://ehrafworldcultures.yale.edu/sres/d6a05c99-efd6-416f-8085-bc7082853ddd
03b550e1-194a-4538-916e-aade9bd9ead1,"Lambrecht, Francis",The Mayawyaw ritual: parts 1-5,1932,667,Monograph,Ifugao,Asia,Southeast Asia,intensive agriculturalists,,"538,539,685,782",https://ehrafworldcultures.yale.edu/sres/03b550e1-194a-4538-916e-aade9bd9ead1
d8e5a77d-09a8-4a9e-b4ed-36af9a77f608,"Lambrecht, Francis",The Mayawyaw ritual: parts 1-5,1932,667,Monograph,Ifugao,Asia,Southeast Asia,intensive agriculturalists,,"538,539,685,782",https://ehrafworldcultures.yale.edu/sres/d8e5a77d-09a8-4a9e-b4ed-36af9a77f608
24776809-9ce6-4cfa-8542-c3849a9ae01e,"Lambrecht, Francis",The Mayawyaw ritual: parts 1-5,1932,667,Monograph,Ifugao,Asia,Southeast Asia,intensive agriculturalists,,"538,539,685,782",https://ehrafworldcultures.yale.edu/sres/24776809-9ce6-4cfa-8542-c3849a9ae01e
ee8039ca-a7bc-47a5-a2ad-19766058eb72,"Lambrecht, Francis",The Mayawyaw ritual: parts 1-5,1932,667,Monograph,Ifugao,Asia,Southeast Asia,intensive agriculturalists,,"538,539,685,782",https://ehrafworldcultures.yale.edu/sres/ee8039ca-a7bc-47a5-a2ad-19766058eb72
383cde07-3a9c-4ab7-88ef-5bc63aab9677,"Lambrecht, Francis",The Mayawyaw ritual: parts 1-5,1932,667,Monograph,Ifugao,Asia,Southeast Asia,intensive agriculturalists,,"538,539,685,782",https://ehrafworldcultures.yale.edu/sres/383cde07-3a9c-4ab7-88ef-5bc63aab9677
c0907194-78b7-42a0-83ec-b715de9c4e50,"Lambrecht, Francis",The Mayawyaw ritual: parts 1-5,1932,667,Monograph,Ifugao,Asia,Southeast Asia,intensive agriculturalists,,"538,539,685,782",https://ehrafworldcultures.yale.edu/sres/c0907194-78b7-42a0-83ec-b715de9c4e50
43c8d1ba-ad72-4243-b224-49978c67a831,"Lambrecht, Francis",The Mayawyaw ritual: parts 1-5,1932,668,Monograph,Ifugao,Asia,Southeast Asia,intensive agriculturalists,,"538,539,685,782",https://ehrafworldcultures.yale.edu/sres/43c8d1ba-ad72-4243-b224-49978c67a831
b44a77ef-97b7-403c-bb86-924327483bab,"Lambrecht, Francis",The Mayawyaw ritual: parts 1-5,1932,668,Monograph,Ifugao,Asia,Southeast Asia,intensive agriculturalists,,"538,539,685,782",https://ehrafworldcultures.yale.edu/sres/b44a77ef-97b7-403c-bb86-924327483bab
5cc2cf05-88b0-4508-a4b9-b53bcd388885,"Lambrecht, Francis",The Mayawyaw ritual: parts 1-5,1932,668,Monograph,Ifugao,Asia,Southeast Asia,intensive agriculturalists,,"538,539,685,782",https://ehrafworldcultures.yale.edu/sres/5cc2cf05-88b0-4508-a4b9-b53bcd388885
2c9d9458-23d0-4a94-94bc-1c1590821f9c,"Lambrecht, Francis",The Mayawyaw ritual: parts 1-5,1932,668,Monograph,Ifugao,Asia,Southeast Asia,intensive agriculturalists,,"538,539,685,782",https://ehrafworldcultures.yale.edu/sres/2c9d9458-23d0-4a94-94bc-1c1590821f9c
da0f1bca-f91c-4418-a88a-b963ffd66076,"Lambrecht, Francis",The Mayawyaw ritual: parts 1-5,1932,668,Monograph,Ifugao,Asia,Southeast Asia,intensive agriculturalists,,"538,539,685,782",https://ehrafworldcultures.yale.edu/sres/da0f1bca-f91c-4418-a88a-b963ffd66076
bd558d3e-c7d3-4eaa-85b9-c177fa610047,"Lambrecht, Francis",The Mayawyaw ritual: parts 1-5,1932,668,Monograph,Ifugao,Asia,Southeast Asia,intensive agriculturalists,,"538,539,685,782",https://ehrafworldcultures.yale.edu/sres/bd558d3e-c7d3-4eaa-85b9-c177fa610047
94cd3751-4e27-4b7e-b84e-38262f3815a3,"Lambrecht, Francis",The Mayawyaw ritual: parts 1-5,1932,668,Monograph,Ifugao,Asia,Southeast Asia,intensive agriculturalists,,"538,539,685,782",https://ehrafworldcultures.yale.edu/sres/94cd3751-4e27-4b7e-b84e-38262f3815a3
6578fe29-5af1-43fa-880c-b11f8f99254f,"Lambrecht, Francis",The Mayawyaw ritual: parts 1-5,1932,668,Monograph,Ifugao,Asia,Southeast Asia,intensive agriculturalists,,"538,539,685,782",https://ehrafworldcultures.yale.edu/sres/6578fe29-5af1-43fa-880c-b11f8f99254f
a20e8107-f5c1-4134-a988-c3a5f6984e4f,"Lambrecht, Francis",The Mayawyaw ritual: parts 1-5,1932,668,Monograph,Ifugao,Asia,Southeast Asia,intensive agriculturalists,,"538,539,685,782",https://ehrafworldcultures.yale.edu/sres/a20e8107-f5c1-4134-a988-c3a5f6984e4f
4ccc09e4-9a0b-4344-a05a-ee881774405c,"Lambrecht, Francis",The Mayawyaw ritual: parts 1-5,1932,669,Monograph,Ifugao,Asia,Southeast Asia,intensive agriculturalists,,"538,539,685,782",https://ehrafworldcultures.yale.edu/sres/4ccc09e4-9a0b-4344-a05a-ee881774405c
74abfb19-e65a-418f-aa5b-5ae0f32c91a3,"Lambrecht, Francis",The Mayawyaw ritual: parts 1-5,1932,669,Monograph,Ifugao,Asia,Southeast Asia,intensive agriculturalists,,"538,539,685,782",https://ehrafworldcultures.yale.edu/sres/74abfb19-e65a-418f-aa5b-5ae0f32c91a3
61f27759-b251-4e55-bfba-ae8dda9c2dd0,"Lambrecht, Francis",The Mayawyaw ritual: parts 1-5,1932,669,Monograph,Ifugao,Asia,Southeast Asia,intensive agriculturalists,,"538,539,685,782",https://ehrafworldcultures.yale.edu/sres/61f27759-b251-4e55-bfba-ae8dda9c2dd0
1006a66b-0a17-42f7-956e-c11e242d8fba,"Lambrecht, Francis",The Mayawyaw ritual: parts 1-5,1932,669,Monograph,Ifugao,Asia,Southeast Asia,intensive agriculturalists,,"538,539,685,782",https://ehrafworldcultures.yale.edu/sres/1006a66b-0a17-42f7-956e-c11e242d8fba
0ee2ce86-1c63-4e47-8237-d470faefd33f,"Lambrecht, Francis",The Mayawyaw ritual: parts 1-5,1932,669,Monograph,Ifugao,Asia,Southeast Asia,intensive agriculturalists,,"538,539,685,782",https://ehrafworldcultures.yale.edu/sres/0ee2ce86-1c63-4e47-8237-d470faefd33f
16d261a9-3b29-48f3-9b16-680aa4efa415,"Lambrecht, Francis",The Mayawyaw ritual: parts 1-5,1932,669,Monograph,Ifugao,Asia,Southeast Asia,intensive agriculturalists,,"538,539,685,782",https://ehrafworldcultures.yale.edu/sres/16d261a9-3b29-48f3-9b16-680aa4efa415
5a6afc91-1e4a-4349-b3d6-705989437f3f,"Lambrecht, Francis",The Mayawyaw ritual: parts 1-5,1932,669,Monograph,Ifugao,Asia,Southeast Asia,intensive agriculturalists,,"538,539,685,782",https://ehrafworldcultures.yale.edu/sres/5a6afc91-1e4a-4349-b3d6-705989437f3f
f5dacca4-6385-4b8c-862f-cc9a2d306fce,"Lambrecht, Francis",The Mayawyaw ritual: parts 1-5,1932,669,Monograph,Ifugao,Asia,Southeast Asia,intensive agriculturalists,,"538,539,685,782",https://ehrafworldcultures.yale.edu/sres/f5dacca4-6385-4b8c-862f-cc9a2d306fce
08bb8013-de67-4881-ac2f-47f0981a2739,"Lambrecht, Francis",The Mayawyaw ritual: parts 1-5,1932,670,Monograph,Ifugao,Asia,Southeast Asia,intensive agriculturalists,,"538,539,685,782",https://ehrafworldcultures.yale.edu/sres/08bb8013-de67-4881-ac2f-47f0981a2739
d6bdc53a-197d-4251-8d4d-cc465fb62b8c,"Lambrecht, Francis",The Mayawyaw ritual: parts 1-5,1932,670,Monograph,Ifugao,Asia,Southeast Asia,intensive agriculturalists,,"538,539,685,782",https://ehrafworldcultures.yale.edu/sres/d6bdc53a-197d-4251-8d4d-cc465fb62b8c
62f3dc0f-478a-4b4b-a104-d8c879bbce6c,"Lambrecht, Francis",The Mayawyaw ritual: parts 1-5,1932,670,Monograph,Ifugao,Asia,Southeast Asia,intensive agriculturalists,,"538,539,685,782",https://ehrafworldcultures.yale.edu/sres/62f3dc0f-478a-4b4b-a104-d8c879bbce6c
2893169e-ec6e-4377-b5f1-fdf88156f94b,"Lambrecht, Francis",The Mayawyaw ritual: parts 1-5,1932,670,Monograph,Ifugao,Asia,Southeast Asia,intensive agriculturalists,,"538,539,685,782",https://ehrafworldcultures.yale.edu/sres/2893169e-ec6e-4377-b5f1-fdf88156f94b
8fe20729-44a8-435f-8510-2404bab291b9,"Lambrecht, Francis",The Mayawyaw ritual: parts 1-5,1932,670,Monograph,Ifugao,Asia,Southeast Asia,intensive agriculturalists,,"538,539,685,782",https://ehrafworldcultures.yale.edu/sres/8fe20729-44a8-435f-8510-2404bab291b9
09c315dc-163b-4b3d-af9a-f0da90e67fa8,"Lambrecht, Francis",The Mayawyaw ritual: parts 1-5,1932,670,Monograph,Ifugao,Asia,Southeast Asia,intensive agriculturalists,,"538,539,685,782",https://ehrafworldcultures.yale.edu/sres/09c315dc-163b-4b3d-af9a-f0da90e67fa8
a2ed8f2a-4fe3-444c-b12a-12163c6c37f8,"Lambrecht, Francis",The Mayawyaw ritual: parts 1-5,1932,670,Monograph,Ifugao,Asia,Southeast Asia,intensive agriculturalists,,"538,539,685,782",https://ehrafworldcultures.yale.edu/sres/a2ed8f2a-4fe3-444c-b12a-12163c6c37f8
f7566d35-0717-4df5-9555-be18402fe867,"Lambrecht, Francis",The Mayawyaw ritual: parts 1-5,1932,670,Monograph,Ifugao,Asia,Southeast Asia,intensive agriculturalists,,"538,539,685,782",https://ehrafworldcultures.yale.edu/sres/f7566d35-0717-4df5-9555-be18402fe867
aef8bcbc-a615-40cc-a22b-6313f43affc9,"Lambrecht, Francis",The Mayawyaw ritual: parts 1-5,1932,670,Monograph,Ifugao,Asia,Southeast Asia,intensive agriculturalists,,"538,539,685,782",https://ehrafworldcultures.yale.edu/sres/aef8bcbc-a615-40cc-a22b-6313f43affc9
52f15a8e-4bcf-4fa1-a329-cbd1eeee9c1b,"Lambrecht, Francis",The Mayawyaw ritual: parts 1-5,1932,670,Monograph,Ifugao,Asia,Southeast Asia,intensive agriculturalists,,"685,695",https://ehrafworldcultures.yale.edu/sres/52f15a8e-4bcf-4fa1-a329-cbd1eeee9c1b
219d01b3-a198-4767-bcc5-662f86efec75,"Lambrecht, Francis",The Mayawyaw ritual: parts 1-5,1932,671,Monograph,Ifugao,Asia,Southeast Asia,intensive agriculturalists,,"685,695",https://ehrafworldcultures.yale.edu/sres/219d01b3-a198-4767-bcc5-662f86efec75
dfbd1eac-e754-4002-a96f-2c382e124f78,"Lambrecht, Francis",The Mayawyaw ritual: parts 1-5,1932,671,Monograph,Ifugao,Asia,Southeast Asia,intensive agriculturalists,,"685,695",https://ehrafworldcultures.yale.edu/sres/dfbd1eac-e754-4002-a96f-2c382e124f78
be25ab50-ac94-424a-8af7-d2fb97629fca,"Lambrecht, Francis",The Mayawyaw ritual: parts 1-5,1932,671,Monograph,Ifugao,Asia,Southeast Asia,intensive agriculturalists,,"685,695",https://ehrafworldcultures.yale.edu/sres/be25ab50-ac94-424a-8af7-d2fb97629fca
d2d3a905-d29d-436e-a0ee-2d6d8a49cb2e,"Lambrecht, Francis",The Mayawyaw ritual: parts 1-5,1932,671,Monograph,Ifugao,Asia,Southeast Asia,intensive agriculturalists,,685,https://ehrafworldcultures.yale.edu/sres/d2d3a905-d29d-436e-a0ee-2d6d8a49cb2e
eb00b4eb-6945-4cd7-8022-1da7be1d43ab,"Lambrecht, Francis",The Mayawyaw ritual: parts 1-5,1932,671,Monograph,Ifugao,Asia,Southeast Asia,intensive agriculturalists,,685,https://ehrafworldcultures.yale.edu/sres/eb00b4eb-6945-4cd7-8022-1da7be1d43ab
9c34d1bb-88bd-404b-a618-ced691764bba,"Lambrecht, Francis",The Mayawyaw ritual: parts 1-5,1932,671,Monograph,Ifugao,Asia,Southeast Asia,intensive agriculturalists,,685,https://ehrafworldcultures.yale.edu/sres/9c34d1bb-88bd-404b-a618-ced691764bba
fffd735f-1533-444c-91ed-728cf28eb372,"Lambrecht, Francis",The Mayawyaw ritual: parts 1-5,1932,671,Monograph,Ifugao,Asia,Southeast Asia,intensive agriculturalists,,685,https://ehrafworldcultures.yale.edu/sres/fffd735f-1533-444c-91ed-728cf28eb372
115bf45d-0815-4600-af3a-f3c7e78a9f8f,"Lambrecht, Francis",The Mayawyaw ritual: parts 1-5,1932,672,Monograph,Ifugao,Asia,Southeast Asia,intensive agriculturalists,,"685,695",https://ehrafworldcultures.yale.edu/sres/115bf45d-0815-4600-af3a-f3c7e78a9f8f
cbe51336-ff3c-4eb6-9915-3c989582e333,"Lambrecht, Francis",The Mayawyaw ritual: parts 1-5,1932,672,Monograph,Ifugao,Asia,Southeast Asia,intensive agriculturalists,,"685,695",https://ehrafworldcultures.yale.edu/sres/cbe51336-ff3c-4eb6-9915-3c989582e333
135f00ac-d003-404f-8417-0f1639563e4b,"Lambrecht, Francis",The Mayawyaw ritual: parts 1-5,1932,672,Monograph,Ifugao,Asia,Southeast Asia,intensive agriculturalists,,"539,685,695,782",https://ehrafworldcultures.yale.edu/sres/135f00ac-d003-404f-8417-0f1639563e4b
20f8d353-0e32-44ba-9183-f39b4e43521e,"Lambrecht, Francis",The Mayawyaw ritual: parts 1-5,1932,672,Monograph,Ifugao,Asia,Southeast Asia,intensive agriculturalists,,"539,685,695,782",https://ehrafworldcultures.yale.edu/sres/20f8d353-0e32-44ba-9183-f39b4e43521e
41430276-27d7-4b7d-89dc-50c3cb993de9,"Lambrecht, Francis",The Mayawyaw ritual: parts 1-5,1932,673,Monograph,Ifugao,Asia,Southeast Asia,intensive agriculturalists,,"539,685,695,782",https://ehrafworldcultures.yale.edu/sres/41430276-27d7-4b7d-89dc-50c3cb993de9
d796c819-2698-4961-8fc3-8c2a127baf42,"Lambrecht, Francis",The Mayawyaw ritual: parts 1-5,1932,673,Monograph,Ifugao,Asia,Southeast Asia,intensive agriculturalists,,"539,685,695,782",https://ehrafworldcultures.yale.edu/sres/d796c819-2698-4961-8fc3-8c2a127baf42
5285f9aa-7ff3-46b7-af86-fe5fb14e3487,"Lambrecht, Francis",The Mayawyaw ritual: parts 1-5,1932,673,Monograph,Ifugao,Asia,Southeast Asia,intensive agriculturalists,,"539,685,695,782",https://ehrafworldcultures.yale.edu/sres/5285f9aa-7ff3-46b7-af86-fe5fb14e3487
90da9477-18f8-4133-9140-82b13d03a4be,"Lambrecht, Francis",The Mayawyaw ritual: parts 1-5,1932,673,Monograph,Ifugao,Asia,Southeast Asia,intensive agriculturalists,,"539,685,695,782",https://ehrafworldcultures.yale.edu/sres/90da9477-18f8-4133-9140-82b13d03a4be
3c3fdb80-de08-411a-8070-af96090371b7,"Lambrecht, Francis",The Mayawyaw ritual: parts 1-5,1932,673,Monograph,Ifugao,Asia,Southeast Asia,intensive agriculturalists,,"539,685,695,782",https://ehrafworldcultures.yale.edu/sres/3c3fdb80-de08-411a-8070-af96090371b7
9e5203ff-0ae2-44e2-a062-7c9c75bc5415,"Lambrecht, Francis",The Mayawyaw ritual: parts 1-5,1932,673,Monograph,Ifugao,Asia,Southeast Asia,intensive agriculturalists,,"539,685,695,782",https://ehrafworldcultures.yale.edu/sres/9e5203ff-0ae2-44e2-a062-7c9c75bc5415
371524d1-96b5-48cc-8197-b6e918b46d73,"Lambrecht, Francis",The Mayawyaw ritual: parts 1-5,1932,673,Monograph,Ifugao,Asia,Southeast Asia,intensive agriculturalists,,"685,695,787",https://ehrafworldcultures.yale.edu/sres/371524d1-96b5-48cc-8197-b6e918b46d73
f7c51754-3b8c-45c9-8c13-bcf36a2d2763,"Lambrecht, Francis",The Mayawyaw ritual: parts 1-5,1932,674,Monograph,Ifugao,Asia,Southeast Asia,intensive agriculturalists,,"685,695,787",https://ehrafworldcultures.yale.edu/sres/f7c51754-3b8c-45c9-8c13-bcf36a2d2763
83d1a47d-8301-4cbf-aefb-951f83ffc68b,"Lambrecht, Francis",The Mayawyaw ritual: parts 1-5,1932,674,Monograph,Ifugao,Asia,Southeast Asia,intensive agriculturalists,,"539,685,695,782",https://ehrafworldcultures.yale.edu/sres/83d1a47d-8301-4cbf-aefb-951f83ffc68b
23bc31ab-4c7c-4d6e-99a0-33cd9289063d,"Lambrecht, Francis",The Mayawyaw ritual: parts 1-5,1932,674,Monograph,Ifugao,Asia,Southeast Asia,intensive agriculturalists,,"539,685,695,782",https://ehrafworldcultures.yale.edu/sres/23bc31ab-4c7c-4d6e-99a0-33cd9289063d
03c514e7-0af6-4fa5-aab3-34ca70c3faa2,"Lambrecht, Francis",The Mayawyaw ritual: parts 1-5,1932,674,Monograph,Ifugao,Asia,Southeast Asia,intensive agriculturalists,,"539,685,695,782",https://ehrafworldcultures.yale.edu/sres/03c514e7-0af6-4fa5-aab3-34ca70c3faa2
b6e936ad-5f5c-4c64-8fa9-bb13b1b40791,"Lambrecht, Francis",The Mayawyaw ritual: parts 1-5,1932,674,Monograph,Ifugao,Asia,Southeast Asia,intensive agriculturalists,,"539,685,695,782",https://ehrafworldcultures.yale.edu/sres/b6e936ad-5f5c-4c64-8fa9-bb13b1b40791
e2254820-6fb0-4fcb-8d80-1671747eb8e5,"Lambrecht, Francis",The Mayawyaw ritual: parts 1-5,1932,674,Monograph,Ifugao,Asia,Southeast Asia,intensive agriculturalists,,"539,685,695,782",https://ehrafworldcultures.yale.edu/sres/e2254820-6fb0-4fcb-8d80-1671747eb8e5
69bfb2c1-b246-46f5-a7df-80d327ba8d07,"Lambrecht, Francis",The Mayawyaw ritual: parts 1-5,1932,674,Monograph,Ifugao,Asia,Southeast Asia,intensive agriculturalists,,"539,685,695,782",https://ehrafworldcultures.yale.edu/sres/69bfb2c1-b246-46f5-a7df-80d327ba8d07
d758a744-5156-4ff5-99c4-1a61e6e7bf92,"Lambrecht, Francis",The Mayawyaw ritual: parts 1-5,1932,674,Monograph,Ifugao,Asia,Southeast Asia,intensive agriculturalists,,"539,685,695,782",https://ehrafworldcultures.yale.edu/sres/d758a744-5156-4ff5-99c4-1a61e6e7bf92
01291a3d-454c-4ff6-b435-b0dd2bcfec48,"Lambrecht, Francis",The Mayawyaw ritual: parts 1-5,1932,674,Monograph,Ifugao,Asia,Southeast Asia,intensive agriculturalists,,"539,685,695,782",https://ehrafworldcultures.yale.edu/sres/01291a3d-454c-4ff6-b435-b0dd2bcfec48
4f543479-b275-44b4-a3ef-4f6a96e4c3e3,"Lambrecht, Francis",The Mayawyaw ritual: parts 1-5,1932,674,Monograph,Ifugao,Asia,Southeast Asia,intensive agriculturalists,,"539,685,695,782",https://ehrafworldcultures.yale.edu/sres/4f543479-b275-44b4-a3ef-4f6a96e4c3e3
8655f13c-6027-44cf-bc98-ef8dce7216e8,"Lambrecht, Francis",The Mayawyaw ritual: parts 1-5,1932,675,Monograph,Ifugao,Asia,Southeast Asia,intensive agriculturalists,,"539,685,695,782",https://ehrafworldcultures.yale.edu/sres/8655f13c-6027-44cf-bc98-ef8dce7216e8
875faef0-182e-4a73-9157-2af220cb2b0e,"Lambrecht, Francis",The Mayawyaw ritual: parts 1-5,1932,675,Monograph,Ifugao,Asia,Southeast Asia,intensive agriculturalists,,"539,685,695,782",https://ehrafworldcultures.yale.edu/sres/875faef0-182e-4a73-9157-2af220cb2b0e
3a38d125-46a7-4041-8fcb-c28b87d9f632,"Lambrecht, Francis",The Mayawyaw ritual: parts 1-5,1932,675,Monograph,Ifugao,Asia,Southeast Asia,intensive agriculturalists,,"539,685,695,782",https://ehrafworldcultures.yale.edu/sres/3a38d125-46a7-4041-8fcb-c28b87d9f632
982b1fa6-3236-4b9a-aac9-5007582394b6,"Lambrecht, Francis",The Mayawyaw ritual: parts 1-5,1932,675,Monograph,Ifugao,Asia,Southeast Asia,intensive agriculturalists,,"539,685,695,782",https://ehrafworldcultures.yale.edu/sres/982b1fa6-3236-4b9a-aac9-5007582394b6
0f927ea7-de65-45d1-a064-22ce702e3021,"Lambrecht, Francis",The Mayawyaw ritual: parts 1-5,1932,675,Monograph,Ifugao,Asia,Southeast Asia,intensive agriculturalists,,"539,685,695,782",https://ehrafworldcultures.yale.edu/sres/0f927ea7-de65-45d1-a064-22ce702e3021
10d4e98c-e2a0-4ff9-885a-a8710cd353ef,"Lambrecht, Francis",The Mayawyaw ritual: parts 1-5,1932,675,Monograph,Ifugao,Asia,Southeast Asia,intensive agriculturalists,,"539,685,695,782",https://ehrafworldcultures.yale.edu/sres/10d4e98c-e2a0-4ff9-885a-a8710cd353ef
f6d1de2c-8cd7-40d5-9185-d0da681ed66d,"Lambrecht, Francis",The Mayawyaw ritual: parts 1-5,1932,675,Monograph,Ifugao,Asia,Southeast Asia,intensive agriculturalists,,"539,685,695,782",https://ehrafworldcultures.yale.edu/sres/f6d1de2c-8cd7-40d5-9185-d0da681ed66d
02d192e1-08d8-4768-bb5b-5bc4e18b045d,"Lambrecht, Francis",The Mayawyaw ritual: parts 1-5,1932,675,Monograph,Ifugao,Asia,Southeast Asia,intensive agriculturalists,,"539,685,695,782",https://ehrafworldcultures.yale.edu/sres/02d192e1-08d8-4768-bb5b-5bc4e18b045d
f878f5c9-b634-4fc9-927f-49c61bc86d8b,"Lambrecht, Francis",The Mayawyaw ritual: parts 1-5,1932,675,Monograph,Ifugao,Asia,Southeast Asia,intensive agriculturalists,,"539,685,695,782",https://ehrafworldcultures.yale.edu/sres/f878f5c9-b634-4fc9-927f-49c61bc86d8b
21fe4461-7065-4f65-83e3-aa45423ec351,"Lambrecht, Francis",The Mayawyaw ritual: parts 1-5,1932,676,Monograph,Ifugao,Asia,Southeast Asia,intensive agriculturalists,,"539,685,695,782",https://ehrafworldcultures.yale.edu/sres/21fe4461-7065-4f65-83e3-aa45423ec351
28c54f76-301c-43d0-9397-b3d833192042,"Lambrecht, Francis",The Mayawyaw ritual: parts 1-5,1932,676,Monograph,Ifugao,Asia,Southeast Asia,intensive agriculturalists,,"539,685,695,782",https://ehrafworldcultures.yale.edu/sres/28c54f76-301c-43d0-9397-b3d833192042
18af8d6e-4680-402d-bbc8-353489673646,"Lambrecht, Francis",The Mayawyaw ritual: parts 1-5,1932,676,Monograph,Ifugao,Asia,Southeast Asia,intensive agriculturalists,,"539,685,695,782",https://ehrafworldcultures.yale.edu/sres/18af8d6e-4680-402d-bbc8-353489673646
7c012e1f-0bf2-4f19-9586-21eb249afbb1,"Lambrecht, Francis",The Mayawyaw ritual: parts 1-5,1932,676,Monograph,Ifugao,Asia,Southeast Asia,intensive agriculturalists,,"539,685,695,782",https://ehrafworldcultures.yale.edu/sres/7c012e1f-0bf2-4f19-9586-21eb249afbb1
5596c6fc-9984-4e05-bd43-a23a79d6cbca,"Lambrecht, Francis",The Mayawyaw ritual: parts 1-5,1932,676,Monograph,Ifugao,Asia,Southeast Asia,intensive agriculturalists,,"539,685,695,782",https://ehrafworldcultures.yale.edu/sres/5596c6fc-9984-4e05-bd43-a23a79d6cbca
ff3f9e63-a807-4734-b8bd-f64f651649ff,"Lambrecht, Francis",The Mayawyaw ritual: parts 1-5,1932,676,Monograph,Ifugao,Asia,Southeast Asia,intensive agriculturalists,,"177,685,695",https://ehrafworldcultures.yale.edu/sres/ff3f9e63-a807-4734-b8bd-f64f651649ff
05120df9-e221-488b-991f-43684ea023ef,"Lambrecht, Francis",The Mayawyaw ritual: parts 1-5,1932,676,Monograph,Ifugao,Asia,Southeast Asia,intensive agriculturalists,,685,https://ehrafworldcultures.yale.edu/sres/05120df9-e221-488b-991f-43684ea023ef
9809f059-04fa-4fdf-b622-0d12eef628b4,"Lambrecht, Francis",The Mayawyaw ritual: parts 1-5,1932,677,Monograph,Ifugao,Asia,Southeast Asia,intensive agriculturalists,,685,https://ehrafworldcultures.yale.edu/sres/9809f059-04fa-4fdf-b622-0d12eef628b4
a2e8f9d6-35d7-4636-8c57-6927545bff8b,"Lambrecht, Francis",The Mayawyaw ritual: parts 1-5,1932,677,Monograph,Ifugao,Asia,Southeast Asia,intensive agriculturalists,,"426,685",https://ehrafworldcultures.yale.edu/sres/a2e8f9d6-35d7-4636-8c57-6927545bff8b
673f2f04-22d0-4e0d-bc92-448a43cbd1fb,"Lambrecht, Francis",The Mayawyaw ritual: parts 1-5,1932,677,Monograph,Ifugao,Asia,Southeast Asia,intensive agriculturalists,,"426,685",https://ehrafworldcultures.yale.edu/sres/673f2f04-22d0-4e0d-bc92-448a43cbd1fb
0c20ab16-b735-4f11-93dc-8074709d5a10,"Lambrecht, Francis",The Mayawyaw ritual: parts 1-5,1932,677,Monograph,Ifugao,Asia,Southeast Asia,intensive agriculturalists,,"426,685",https://ehrafworldcultures.yale.edu/sres/0c20ab16-b735-4f11-93dc-8074709d5a10
60b1e6b8-271b-447e-9557-37fbeeebe84d,"Lambrecht, Francis",The Mayawyaw ritual: parts 1-5,1932,678,Monograph,Ifugao,Asia,Southeast Asia,intensive agriculturalists,,"426,685",https://ehrafworldcultures.yale.edu/sres/60b1e6b8-271b-447e-9557-37fbeeebe84d
f28383b0-abdc-4c35-9b67-c42887b8cc29,"Lambrecht, Francis",The Mayawyaw ritual: parts 1-5,1932,678,Monograph,Ifugao,Asia,Southeast Asia,intensive agriculturalists,,"426,685",https://ehrafworldcultures.yale.edu/sres/f28383b0-abdc-4c35-9b67-c42887b8cc29
478969c8-92bc-4a0f-b1fb-e70f2ddbef07,"Lambrecht, Francis",The Mayawyaw ritual: parts 1-5,1932,679,Monograph,Ifugao,Asia,Southeast Asia,intensive agriculturalists,,"426,685",https://ehrafworldcultures.yale.edu/sres/478969c8-92bc-4a0f-b1fb-e70f2ddbef07
bc6a9c99-b843-4e57-b299-6dd2c5211771,"Lambrecht, Francis",The Mayawyaw ritual: parts 1-5,1932,679,Monograph,Ifugao,Asia,Southeast Asia,intensive agriculturalists,,"426,685",https://ehrafworldcultures.yale.edu/sres/bc6a9c99-b843-4e57-b299-6dd2c5211771
c34226c3-e8cf-4a13-8615-9d1a394170d2,"Lambrecht, Francis",The Mayawyaw ritual: parts 1-5,1932,679,Monograph,Ifugao,Asia,Southeast Asia,intensive agriculturalists,,"426,685",https://ehrafworldcultures.yale.edu/sres/c34226c3-e8cf-4a13-8615-9d1a394170d2
11e5873b-6eb0-4d76-908a-92e5953e7010,"Lambrecht, Francis",The Mayawyaw ritual: parts 1-5,1932,679,Monograph,Ifugao,Asia,Southeast Asia,intensive agriculturalists,,"426,685",https://ehrafworldcultures.yale.edu/sres/11e5873b-6eb0-4d76-908a-92e5953e7010
9ae1b30b-1cdd-4c71-a03b-2d5077779336,"Lambrecht, Francis",The Mayawyaw ritual: parts 1-5,1932,680,Monograph,Ifugao,Asia,Southeast Asia,intensive agriculturalists,,"426,685",https://ehrafworldcultures.yale.edu/sres/9ae1b30b-1cdd-4c71-a03b-2d5077779336
800f932e-090d-4316-a940-56543cf96eec,"Lambrecht, Francis",The Mayawyaw ritual: parts 1-5,1932,680,Monograph,Ifugao,Asia,Southeast Asia,intensive agriculturalists,,"426,685",https://ehrafworldcultures.yale.edu/sres/800f932e-090d-4316-a940-56543cf96eec
8f4f998f-5bb2-4654-a4b9-caf76acf487f,"Lambrecht, Francis",The Mayawyaw ritual: parts 1-5,1932,680,Monograph,Ifugao,Asia,Southeast Asia,intensive agriculturalists,,"426,685",https://ehrafworldcultures.yale.edu/sres/8f4f998f-5bb2-4654-a4b9-caf76acf487f
c21a7247-bb9a-43df-9be9-3f320f80ba42,"Lambrecht, Francis",The Mayawyaw ritual: parts 1-5,1932,681,Monograph,Ifugao,Asia,Southeast Asia,intensive agriculturalists,,"426,685",https://ehrafworldcultures.yale.edu/sres/c21a7247-bb9a-43df-9be9-3f320f80ba42
af6eef57-0a5c-45e1-a2af-f454f4a0698d,"Lambrecht, Francis",The Mayawyaw ritual: parts 1-5,1932,681,Monograph,Ifugao,Asia,Southeast Asia,intensive agriculturalists,,"426,685",https://ehrafworldcultures.yale.edu/sres/af6eef57-0a5c-45e1-a2af-f454f4a0698d
7b4c6e83-b56a-452c-bfd7-5467c5b53724,"Lambrecht, Francis",The Mayawyaw ritual: parts 1-5,1932,681,Monograph,Ifugao,Asia,Southeast Asia,intensive agriculturalists,,"422,685",https://ehrafworldcultures.yale.edu/sres/7b4c6e83-b56a-452c-bfd7-5467c5b53724
7a96b9b4-b42e-442f-bf71-11b36589960a,"Lambrecht, Francis",The Mayawyaw ritual: parts 1-5,1932,681,Monograph,Ifugao,Asia,Southeast Asia,intensive agriculturalists,,"422,685",https://ehrafworldcultures.yale.edu/sres/7a96b9b4-b42e-442f-bf71-11b36589960a
b4b3a7cf-d53c-4e6b-9c93-e96b55072376,"Lambrecht, Francis",The Mayawyaw ritual: parts 1-5,1932,681,Monograph,Ifugao,Asia,Southeast Asia,intensive agriculturalists,,"422,685",https://ehrafworldcultures.yale.edu/sres/b4b3a7cf-d53c-4e6b-9c93-e96b55072376
aac9c5c7-33fc-4676-9929-51290b75dede,"Lambrecht, Francis",The Mayawyaw ritual: parts 1-5,1932,681,Monograph,Ifugao,Asia,Southeast Asia,intensive agriculturalists,,"422,685",https://ehrafworldcultures.yale.edu/sres/aac9c5c7-33fc-4676-9929-51290b75dede
51a01857-443c-4cf1-824b-c9038827f18c,"Lambrecht, Francis",The Mayawyaw ritual: parts 1-5,1932,682,Monograph,Ifugao,Asia,Southeast Asia,intensive agriculturalists,,"422,554,685",https://ehrafworldcultures.yale.edu/sres/51a01857-443c-4cf1-824b-c9038827f18c
bb4b6cdf-0c80-4e26-ac5b-d83f7f2e5a28,"Lambrecht, Francis",The Mayawyaw ritual: parts 1-5,1932,682,Monograph,Ifugao,Asia,Southeast Asia,intensive agriculturalists,,"422,685",https://ehrafworldcultures.yale.edu/sres/bb4b6cdf-0c80-4e26-ac5b-d83f7f2e5a28
56e1254b-c2d7-4a00-b3dc-7743ed68eda5,"Lambrecht, Francis",The Mayawyaw ritual: parts 1-5,1932,682,Monograph,Ifugao,Asia,Southeast Asia,intensive agriculturalists,,"422,685",https://ehrafworldcultures.yale.edu/sres/56e1254b-c2d7-4a00-b3dc-7743ed68eda5
abe17062-6263-42e8-92e6-f6dc27f93679,"Lambrecht, Francis",The Mayawyaw ritual: parts 1-5,1932,683,Monograph,Ifugao,Asia,Southeast Asia,intensive agriculturalists,,"422,685",https://ehrafworldcultures.yale.edu/sres/abe17062-6263-42e8-92e6-f6dc27f93679
7166b269-7dbc-4158-bcaa-60fbd0dcf2bc,"Lambrecht, Francis",The Mayawyaw ritual: parts 1-5,1932,683,Monograph,Ifugao,Asia,Southeast Asia,intensive agriculturalists,,"422,685",https://ehrafworldcultures.yale.edu/sres/7166b269-7dbc-4158-bcaa-60fbd0dcf2bc
cdb0c9c8-37ce-4d64-ad71-b2e1c72faaae,"Lambrecht, Francis",The Mayawyaw ritual: parts 1-5,1932,684,Monograph,Ifugao,Asia,Southeast Asia,intensive agriculturalists,,"422,685",https://ehrafworldcultures.yale.edu/sres/cdb0c9c8-37ce-4d64-ad71-b2e1c72faaae
b9e132a4-8200-47b0-85bf-2e1df68711ac,"Lambrecht, Francis",The Mayawyaw ritual: parts 1-5,1932,684,Monograph,Ifugao,Asia,Southeast Asia,intensive agriculturalists,,"422,685",https://ehrafworldcultures.yale.edu/sres/b9e132a4-8200-47b0-85bf-2e1df68711ac
8801527a-5635-48b5-9785-ae15e8e80521,"Lambrecht, Francis",The Mayawyaw ritual: parts 1-5,1932,684,Monograph,Ifugao,Asia,Southeast Asia,intensive agriculturalists,,"423,685",https://ehrafworldcultures.yale.edu/sres/8801527a-5635-48b5-9785-ae15e8e80521
bc44c581-fcb0-4a2e-ae22-ffe460f2fef6,"Lambrecht, Francis",The Mayawyaw ritual: parts 1-5,1932,684,Monograph,Ifugao,Asia,Southeast Asia,intensive agriculturalists,,"423,685",https://ehrafworldcultures.yale.edu/sres/bc44c581-fcb0-4a2e-ae22-ffe460f2fef6
6f1429ac-cb6f-413c-a48b-60b3d0e8025b,"Lambrecht, Francis",The Mayawyaw ritual: parts 1-5,1932,684,Monograph,Ifugao,Asia,Southeast Asia,intensive agriculturalists,,"423,685",https://ehrafworldcultures.yale.edu/sres/6f1429ac-cb6f-413c-a48b-60b3d0e8025b
ef04039c-62f1-456f-b20f-8d882cbaba17,"Lambrecht, Francis",The Mayawyaw ritual: parts 1-5,1932,684,Monograph,Ifugao,Asia,Southeast Asia,intensive agriculturalists,,"423,685",https://ehrafworldcultures.yale.edu/sres/ef04039c-62f1-456f-b20f-8d882cbaba17
d7f60a49-9fda-4c62-9618-51864aa88cda,"Lambrecht, Francis",The Mayawyaw ritual: parts 1-5,1932,685,Monograph,Ifugao,Asia,Southeast Asia,intensive agriculturalists,,"423,685",https://ehrafworldcultures.yale.edu/sres/d7f60a49-9fda-4c62-9618-51864aa88cda
a698ff61-b788-4436-b21d-922767bda779,"Lambrecht, Francis",The Mayawyaw ritual: parts 1-5,1932,685,Monograph,Ifugao,Asia,Southeast Asia,intensive agriculturalists,,"423,685",https://ehrafworldcultures.yale.edu/sres/a698ff61-b788-4436-b21d-922767bda779
4a46e8a0-6c73-49d4-9570-43a5a43aaa1c,"Lambrecht, Francis",The Mayawyaw ritual: parts 1-5,1932,685,Monograph,Ifugao,Asia,Southeast Asia,intensive agriculturalists,,"423,685",https://ehrafworldcultures.yale.edu/sres/4a46e8a0-6c73-49d4-9570-43a5a43aaa1c
09445aca-163a-4279-a555-d12782010b08,"Lambrecht, Francis",The Mayawyaw ritual: parts 1-5,1932,695,Monograph,Ifugao,Asia,Southeast Asia,intensive agriculturalists,,"423,425,685",https://ehrafworldcultures.yale.edu/sres/09445aca-163a-4279-a555-d12782010b08
4df7c441-5dbd-4f31-971b-bcb057573099,"Lambrecht, Francis",The Mayawyaw ritual: parts 1-5,1932,726,Monograph,Ifugao,Asia,Southeast Asia,intensive agriculturalists,,681,https://ehrafworldcultures.yale.edu/sres/4df7c441-5dbd-4f31-971b-bcb057573099
