uuid,Primary_Author,Title,Published,Page,DocType,Culture,Region,Subregion,Subsistence,OCM,IDs,Permalink
8c5ad2fa-2068-40c8-a2ac-c0d70cf6f184,"Bohannan, Paul",Justice and judgment among the Tiv,1968,137,Monograph,Tiv,Africa,Western Africa,horticulturalists,,"426,613,625,627,685,695,696",https://ehrafworldcultures.yale.edu/sres/8c5ad2fa-2068-40c8-a2ac-c0d70cf6f184
5b352258-e85d-4c72-91dc-c2510f8dcfdd,"Bohannan, Paul",Justice and judgment among the Tiv,1968,123,Monograph,Tiv,Africa,Western Africa,horticulturalists,,"592,613,626,627,681,685,858",https://ehrafworldcultures.yale.edu/sres/5b352258-e85d-4c72-91dc-c2510f8dcfdd
dab99ad0-025a-4128-bdda-4f74ae92a008,"Bohannan, Paul",Justice and judgment among the Tiv,1968,65,Monograph,Tiv,Africa,Western Africa,horticulturalists,,"626,692,696",https://ehrafworldcultures.yale.edu/sres/dab99ad0-025a-4128-bdda-4f74ae92a008
90dda378-3e7b-4ecd-a08f-4f667a028804,"Bohannan, Paul",Justice and judgment among the Tiv,1968,65,Monograph,Tiv,Africa,Western Africa,horticulturalists,,"626,692,696",https://ehrafworldcultures.yale.edu/sres/90dda378-3e7b-4ecd-a08f-4f667a028804
94c8612c-a672-477f-a9a1-5eaa2bb9effa,"Bohannan, Paul",Justice and judgment among the Tiv,1968,67,Monograph,Tiv,Africa,Western Africa,horticulturalists,,"681,696,697,754",https://ehrafworldcultures.yale.edu/sres/94c8612c-a672-477f-a9a1-5eaa2bb9effa
318dfeb1-ba9f-428c-b709-146c566a6c2e,Akiga,"Akiga's story: the Tiv tribe as seen by one of its
            members",1939,387,"Component part(s), monograph",Tiv,Africa,Western Africa,horticulturalists,,"643,661,686,696",https://ehrafworldcultures.yale.edu/sres/318dfeb1-ba9f-428c-b709-146c566a6c2e
3987b199-6855-4b7a-a568-e1c41db9ab76,"Bohannan, Paul",Justice and judgment among the Tiv,1968,130,Monograph,Tiv,Africa,Western Africa,horticulturalists,,"626,681,685",https://ehrafworldcultures.yale.edu/sres/3987b199-6855-4b7a-a568-e1c41db9ab76
fa2980ba-ef30-4c51-95ff-4ee9484f6007,"Abraham, Roy Clive",The Tiv people,1933,237 [2],"Component part(s), monograph",Tiv,Africa,Western Africa,horticulturalists,,"626,688,834",https://ehrafworldcultures.yale.edu/sres/fa2980ba-ef30-4c51-95ff-4ee9484f6007
988498af-cb42-4bfb-8d42-6b8f75878b1e,"Abraham, Roy Clive",The Tiv people,1933,27-28,"Component part(s), monograph",Tiv,Africa,Western Africa,horticulturalists,,"626,671,688",https://ehrafworldcultures.yale.edu/sres/988498af-cb42-4bfb-8d42-6b8f75878b1e
e3526c82-54b4-4944-b114-6c36991dbdb8,"Abraham, Roy Clive",The Tiv people,1933,27-28,"Component part(s), monograph",Tiv,Africa,Western Africa,horticulturalists,,"626,671,688",https://ehrafworldcultures.yale.edu/sres/e3526c82-54b4-4944-b114-6c36991dbdb8
a034d20e-cf17-4440-843d-e6c9026f703a,"Abraham, Roy Clive",The Tiv people,1933,27-28,"Component part(s), monograph",Tiv,Africa,Western Africa,horticulturalists,,"626,671,688",https://ehrafworldcultures.yale.edu/sres/a034d20e-cf17-4440-843d-e6c9026f703a
b66353ef-d29f-40bd-a9af-9d8e86706709,"Downes, Roger Meaden, 1892-",The Tiv tribe,1933,71 [2],"Component part(s), monograph",Tiv,Africa,Western Africa,horticulturalists,,"626,671,688,775",https://ehrafworldcultures.yale.edu/sres/b66353ef-d29f-40bd-a9af-9d8e86706709
1f6b37f4-3f30-425f-ae1a-6d6477eaa3f7,"Downes, Roger Meaden, 1892-",The Tiv tribe,1933,71 [2],"Component part(s), monograph",Tiv,Africa,Western Africa,horticulturalists,,"626,671,688,775",https://ehrafworldcultures.yale.edu/sres/1f6b37f4-3f30-425f-ae1a-6d6477eaa3f7
04d60db5-82c8-455a-a4f4-ec646216d3c1,"Downes, Roger Meaden, 1892-",The Tiv tribe,1933,71 [4],"Component part(s), monograph",Tiv,Africa,Western Africa,horticulturalists,,"181,626,688",https://ehrafworldcultures.yale.edu/sres/04d60db5-82c8-455a-a4f4-ec646216d3c1
979a8d99-4035-4bb1-814f-49163759258c,"Downes, Rupert Major",Tiv religion,1971,66,Monograph,Tiv,Africa,Western Africa,horticulturalists,,"000,157,627,682,754",https://ehrafworldcultures.yale.edu/sres/979a8d99-4035-4bb1-814f-49163759258c
0c90d5a3-4a4b-4898-95a0-b5246aacf08e,"Downes, Rupert Major",Tiv religion,1971,67,Monograph,Tiv,Africa,Western Africa,horticulturalists,,"627,682,787",https://ehrafworldcultures.yale.edu/sres/0c90d5a3-4a4b-4898-95a0-b5246aacf08e
016725d5-171f-4e38-9bd5-d95b483a29b5,"Downes, Rupert Major",Tiv religion,1971,67,Monograph,Tiv,Africa,Western Africa,horticulturalists,,"627,682,787",https://ehrafworldcultures.yale.edu/sres/016725d5-171f-4e38-9bd5-d95b483a29b5
6827ffcf-d3af-4a7e-b0bf-665c8a56d1a7,"Downes, Rupert Major",Tiv religion,1971,67,Monograph,Tiv,Africa,Western Africa,horticulturalists,,"613,627,682,787",https://ehrafworldcultures.yale.edu/sres/6827ffcf-d3af-4a7e-b0bf-665c8a56d1a7
500d53f9-4981-4483-b9e4-b905ad8f8828,"Downes, Rupert Major",Tiv religion,1971,67,Monograph,Tiv,Africa,Western Africa,horticulturalists,,"613,627,682,787",https://ehrafworldcultures.yale.edu/sres/500d53f9-4981-4483-b9e4-b905ad8f8828
bf27dd92-1f07-4b04-b5f1-6d494fc80d6e,"Bohannan, Paul",Justice and judgment among the Tiv,1968,207,Monograph,Tiv,Africa,Western Africa,horticulturalists,,"578,613,627,681,787,826",https://ehrafworldcultures.yale.edu/sres/bf27dd92-1f07-4b04-b5f1-6d494fc80d6e
cb170509-302b-49ad-9a6a-4cacd8faed9e,"Bohannan, Paul",Justice and judgment among the Tiv,1968,121,Monograph,Tiv,Africa,Western Africa,horticulturalists,,"627,685",https://ehrafworldcultures.yale.edu/sres/cb170509-302b-49ad-9a6a-4cacd8faed9e
b0e9c2c5-c8ea-4f54-8c41-983fa992ef5b,"Bohannan, Paul",Justice and judgment among the Tiv,1968,122,Monograph,Tiv,Africa,Western Africa,horticulturalists,,"627,685",https://ehrafworldcultures.yale.edu/sres/b0e9c2c5-c8ea-4f54-8c41-983fa992ef5b
49804811-432e-4cf3-aef4-001357ee7eda,"Bohannan, Paul",Justice and judgment among the Tiv,1968,122,Monograph,Tiv,Africa,Western Africa,horticulturalists,,"000,217,627,681,685",https://ehrafworldcultures.yale.edu/sres/49804811-432e-4cf3-aef4-001357ee7eda
c26a8c72-e270-44a2-893b-212645b7f013,"Bohannan, Paul",Justice and judgment among the Tiv,1968,123,Monograph,Tiv,Africa,Western Africa,horticulturalists,,"217,627,681,685",https://ehrafworldcultures.yale.edu/sres/c26a8c72-e270-44a2-893b-212645b7f013
bd1688ae-7c00-4b11-a857-103f75256201,"Bohannan, Paul",Justice and judgment among the Tiv,1968,123,Monograph,Tiv,Africa,Western Africa,horticulturalists,,"217,627,681,685",https://ehrafworldcultures.yale.edu/sres/bd1688ae-7c00-4b11-a857-103f75256201
1a24919c-ebe0-4d3c-acb4-602baac6cbb9,"Bohannan, Paul",Justice and judgment among the Tiv,1968,128,Monograph,Tiv,Africa,Western Africa,horticulturalists,,"426,613,627,685",https://ehrafworldcultures.yale.edu/sres/1a24919c-ebe0-4d3c-acb4-602baac6cbb9
4a67f4f6-7772-408b-a798-ac12475ca05f,"Bohannan, Paul",Justice and judgment among the Tiv,1968,128,Monograph,Tiv,Africa,Western Africa,horticulturalists,,"426,613,627,685",https://ehrafworldcultures.yale.edu/sres/4a67f4f6-7772-408b-a798-ac12475ca05f
482294c7-ea2c-481e-b9a6-d76aa00fc0a6,"Bohannan, Paul",Justice and judgment among the Tiv,1968,129,Monograph,Tiv,Africa,Western Africa,horticulturalists,,"426,627,685",https://ehrafworldcultures.yale.edu/sres/482294c7-ea2c-481e-b9a6-d76aa00fc0a6
4f991b01-7f46-4ac9-8832-b45cc672da51,"Bohannan, Paul",Justice and judgment among the Tiv,1968,129,Monograph,Tiv,Africa,Western Africa,horticulturalists,,"426,627,685",https://ehrafworldcultures.yale.edu/sres/4f991b01-7f46-4ac9-8832-b45cc672da51
7c843643-83c7-4b4d-9ebf-3a6a2cb7f954,"Bohannan, Paul",Justice and judgment among the Tiv,1968,131,Monograph,Tiv,Africa,Western Africa,horticulturalists,,"627,683,692",https://ehrafworldcultures.yale.edu/sres/7c843643-83c7-4b4d-9ebf-3a6a2cb7f954
2a8590a4-d597-4013-aa33-b2a473136d0f,"Bohannan, Paul",Justice and judgment among the Tiv,1968,135,Monograph,Tiv,Africa,Western Africa,horticulturalists,,"231,411,574,606,627,683,694",https://ehrafworldcultures.yale.edu/sres/2a8590a4-d597-4013-aa33-b2a473136d0f
894e059a-697d-43b9-a5e8-b0b5c3b67d19,"Bohannan, Paul",Justice and judgment among the Tiv,1968,137,Monograph,Tiv,Africa,Western Africa,horticulturalists,,"426,627,628,641,685,692",https://ehrafworldcultures.yale.edu/sres/894e059a-697d-43b9-a5e8-b0b5c3b67d19
158b4c0e-f5ff-4ff3-808d-60205d12dd2b,"Bohannan, Paul",Justice and judgment among the Tiv,1968,145,Monograph,Tiv,Africa,Western Africa,horticulturalists,,"217,426,627,682",https://ehrafworldcultures.yale.edu/sres/158b4c0e-f5ff-4ff3-808d-60205d12dd2b
6d9edd59-fb5c-48b3-af0d-b5e64b3d44b0,"Bohannan, Paul",Justice and judgment among the Tiv,1968,157,Monograph,Tiv,Africa,Western Africa,horticulturalists,,"561,627,683",https://ehrafworldcultures.yale.edu/sres/6d9edd59-fb5c-48b3-af0d-b5e64b3d44b0
b6fd938d-568b-4d0c-8ff2-dc9a93aaa8d3,"Bohannan, Paul",Justice and judgment among the Tiv,1968,158,Monograph,Tiv,Africa,Western Africa,horticulturalists,,"561,627,683",https://ehrafworldcultures.yale.edu/sres/b6fd938d-568b-4d0c-8ff2-dc9a93aaa8d3
5d689376-0594-48de-a64c-7a549c00ab07,"Bohannan, Paul",Justice and judgment among the Tiv,1968,158,Monograph,Tiv,Africa,Western Africa,horticulturalists,,"561,627,683",https://ehrafworldcultures.yale.edu/sres/5d689376-0594-48de-a64c-7a549c00ab07
a7c924af-533e-4bd1-8fea-84cbbecded61,"Bohannan, Paul",Justice and judgment among the Tiv,1968,158,Monograph,Tiv,Africa,Western Africa,horticulturalists,,"561,627,683",https://ehrafworldcultures.yale.edu/sres/a7c924af-533e-4bd1-8fea-84cbbecded61
7cda0ec4-e83a-4f9c-a4d8-e593656a635c,"Bohannan, Paul",Justice and judgment among the Tiv,1968,171,Monograph,Tiv,Africa,Western Africa,horticulturalists,,"595,613,627,684,788",https://ehrafworldcultures.yale.edu/sres/7cda0ec4-e83a-4f9c-a4d8-e593656a635c
aaa65ee1-8fb6-4860-841a-2be71a502791,"Bohannan, Paul",Justice and judgment among the Tiv,1968,171,Monograph,Tiv,Africa,Western Africa,horticulturalists,,"613,627,684,788",https://ehrafworldcultures.yale.edu/sres/aaa65ee1-8fb6-4860-841a-2be71a502791
d7566982-acef-4a43-a6c8-bc925601e6a2,"Bohannan, Paul",Justice and judgment among the Tiv,1968,175,Monograph,Tiv,Africa,Western Africa,horticulturalists,,"578,587,596,613,627,684,835",https://ehrafworldcultures.yale.edu/sres/d7566982-acef-4a43-a6c8-bc925601e6a2
371f6f17-209d-4875-a449-7b65958978dd,"Bohannan, Paul",Justice and judgment among the Tiv,1968,175,Monograph,Tiv,Africa,Western Africa,horticulturalists,,"578,587,596,613,627,684,835",https://ehrafworldcultures.yale.edu/sres/371f6f17-209d-4875-a449-7b65958978dd
38f6b1c8-48f8-41e0-9b74-f4b0e5426728,"Bohannan, Paul",Justice and judgment among the Tiv,1968,176,Monograph,Tiv,Africa,Western Africa,horticulturalists,,"578,587,596,613,627,684,835",https://ehrafworldcultures.yale.edu/sres/38f6b1c8-48f8-41e0-9b74-f4b0e5426728
74426714-3b03-4326-9003-65257a75fcf7,"Bohannan, Paul",Justice and judgment among the Tiv,1968,176,Monograph,Tiv,Africa,Western Africa,horticulturalists,,"578,587,596,613,627,684,835",https://ehrafworldcultures.yale.edu/sres/74426714-3b03-4326-9003-65257a75fcf7
888e21a8-14d9-4953-9cbb-842c0d685458,"Bohannan, Paul",Justice and judgment among the Tiv,1968,176,Monograph,Tiv,Africa,Western Africa,horticulturalists,,"578,587,596,613,627,684,835",https://ehrafworldcultures.yale.edu/sres/888e21a8-14d9-4953-9cbb-842c0d685458
f2cc3392-b28b-450d-b8ce-884bbc880e50,"Bohannan, Paul",Justice and judgment among the Tiv,1968,176,Monograph,Tiv,Africa,Western Africa,horticulturalists,,"578,587,596,613,627,684,835",https://ehrafworldcultures.yale.edu/sres/f2cc3392-b28b-450d-b8ce-884bbc880e50
7d4c1bf5-ea6a-4068-917f-e54122046e9c,"Bohannan, Paul",Justice and judgment among the Tiv,1968,176,Monograph,Tiv,Africa,Western Africa,horticulturalists,,"578,587,596,613,627,684,835",https://ehrafworldcultures.yale.edu/sres/7d4c1bf5-ea6a-4068-917f-e54122046e9c
c5ef6b7d-905d-439d-bf59-56a6709f70c0,"Bohannan, Paul",Justice and judgment among the Tiv,1968,176,Monograph,Tiv,Africa,Western Africa,horticulturalists,,"578,587,596,613,627,684,835",https://ehrafworldcultures.yale.edu/sres/c5ef6b7d-905d-439d-bf59-56a6709f70c0
69e85c59-6910-4339-b9fc-d25f045a6015,"Bohannan, Paul",Justice and judgment among the Tiv,1968,176,Monograph,Tiv,Africa,Western Africa,horticulturalists,,"578,587,596,613,627,684,835",https://ehrafworldcultures.yale.edu/sres/69e85c59-6910-4339-b9fc-d25f045a6015
a9033cbd-004b-4f8c-bb8f-9748a3d6b692,"Bohannan, Paul",Justice and judgment among the Tiv,1968,176,Monograph,Tiv,Africa,Western Africa,horticulturalists,,"578,587,596,613,627,684,835",https://ehrafworldcultures.yale.edu/sres/a9033cbd-004b-4f8c-bb8f-9748a3d6b692
d3e753e6-1f97-4828-9997-ea10673a48ce,"Bohannan, Paul",Justice and judgment among the Tiv,1968,177,Monograph,Tiv,Africa,Western Africa,horticulturalists,,"587,596,613,627,684,835",https://ehrafworldcultures.yale.edu/sres/d3e753e6-1f97-4828-9997-ea10673a48ce
5f218607-d1b1-4ed5-b813-9b781e53b82b,"Bohannan, Paul",Justice and judgment among the Tiv,1968,177,Monograph,Tiv,Africa,Western Africa,horticulturalists,,"587,596,613,627,684,835",https://ehrafworldcultures.yale.edu/sres/5f218607-d1b1-4ed5-b813-9b781e53b82b
a78c79a9-e950-4c6b-8d66-96d395767601,"Bohannan, Paul",Justice and judgment among the Tiv,1968,177,Monograph,Tiv,Africa,Western Africa,horticulturalists,,"587,596,613,627,684,835",https://ehrafworldcultures.yale.edu/sres/a78c79a9-e950-4c6b-8d66-96d395767601
5fb55a77-2a45-400c-9721-ec2313d4ee30,"Bohannan, Paul",Justice and judgment among the Tiv,1968,177,Monograph,Tiv,Africa,Western Africa,horticulturalists,,"587,596,613,627,684,835",https://ehrafworldcultures.yale.edu/sres/5fb55a77-2a45-400c-9721-ec2313d4ee30
e052e251-2b50-491c-b4f8-c606c98d82cf,"Bohannan, Paul",Justice and judgment among the Tiv,1968,177,Monograph,Tiv,Africa,Western Africa,horticulturalists,,"587,596,613,627,684,835",https://ehrafworldcultures.yale.edu/sres/e052e251-2b50-491c-b4f8-c606c98d82cf
29d3ecb0-acbc-45d4-8f6c-adf2768fb491,"Bohannan, Paul",Justice and judgment among the Tiv,1968,177,Monograph,Tiv,Africa,Western Africa,horticulturalists,,"587,596,613,627,684,835",https://ehrafworldcultures.yale.edu/sres/29d3ecb0-acbc-45d4-8f6c-adf2768fb491
37d8c134-db5a-46fb-8391-e86385fb0f9e,"Bohannan, Paul",Justice and judgment among the Tiv,1968,177,Monograph,Tiv,Africa,Western Africa,horticulturalists,,"578,587,596,613,627,684,835",https://ehrafworldcultures.yale.edu/sres/37d8c134-db5a-46fb-8391-e86385fb0f9e
4c23dc57-0a9c-4ae3-bb11-6d9023e4fe8c,"Bohannan, Paul",Justice and judgment among the Tiv,1968,178,Monograph,Tiv,Africa,Western Africa,horticulturalists,,"578,587,596,613,627,684,835",https://ehrafworldcultures.yale.edu/sres/4c23dc57-0a9c-4ae3-bb11-6d9023e4fe8c
7a15193d-c19e-4c72-af50-9ea22db42add,"Bohannan, Paul",Justice and judgment among the Tiv,1968,178,Monograph,Tiv,Africa,Western Africa,horticulturalists,,"578,587,596,613,627,684,835",https://ehrafworldcultures.yale.edu/sres/7a15193d-c19e-4c72-af50-9ea22db42add
075d2f36-6d6d-4038-8495-3ec244722b95,"Bohannan, Paul",Justice and judgment among the Tiv,1968,184,Monograph,Tiv,Africa,Western Africa,horticulturalists,,"578,596,627,683",https://ehrafworldcultures.yale.edu/sres/075d2f36-6d6d-4038-8495-3ec244722b95
2419a37b-0187-4baa-b1bf-b1337b484c53,"Bohannan, Paul",Justice and judgment among the Tiv,1968,187,Monograph,Tiv,Africa,Western Africa,horticulturalists,,"578,583,596,613,627,686,778,787",https://ehrafworldcultures.yale.edu/sres/2419a37b-0187-4baa-b1bf-b1337b484c53
92f6d833-bd90-44c8-ba20-e2f2cd502226,"Bohannan, Paul",Justice and judgment among the Tiv,1968,192,Monograph,Tiv,Africa,Western Africa,horticulturalists,,"613,627,684,686",https://ehrafworldcultures.yale.edu/sres/92f6d833-bd90-44c8-ba20-e2f2cd502226
9bec8dfc-2a25-4dbc-8bc1-f666b1608462,"Bohannan, Paul",Justice and judgment among the Tiv,1968,192,Monograph,Tiv,Africa,Western Africa,horticulturalists,,"613,627,684,686",https://ehrafworldcultures.yale.edu/sres/9bec8dfc-2a25-4dbc-8bc1-f666b1608462
5ef2a958-432e-45bd-9cc2-43622455003f,"Edwards, Adrian Campion",On the non-existence of an ancestor cult among the Tiv,1984,104,Journal Article,Tiv,Africa,Western Africa,horticulturalists,,"606,613,627,681,789,825",https://ehrafworldcultures.yale.edu/sres/5ef2a958-432e-45bd-9cc2-43622455003f
10526082-46d3-4ce9-9d86-eb2fe248bd3a,"Bohannan, Paul",Tiv farm and settlement,1957,[p.32(b)],Monograph,Tiv,Africa,Western Africa,horticulturalists,,"425,592,627,681",https://ehrafworldcultures.yale.edu/sres/10526082-46d3-4ce9-9d86-eb2fe248bd3a
a17e0f3c-5388-4c72-a180-191277a692ee,"Downes, Roger Meaden, 1892-",The Tiv tribe,1933,78,"Component part(s), monograph",Tiv,Africa,Western Africa,horticulturalists,,"627,681,783",https://ehrafworldcultures.yale.edu/sres/a17e0f3c-5388-4c72-a180-191277a692ee
1bf390eb-af8b-446f-aeeb-952d407767da,Akiga,"Akiga's story: the Tiv tribe as seen by one of its
            members",1939,329-330,"Component part(s), monograph",Tiv,Africa,Western Africa,horticulturalists,,"177,561,696,754",https://ehrafworldcultures.yale.edu/sres/1bf390eb-af8b-446f-aeeb-952d407767da
c6b4fde4-2738-4e88-ba91-8741a3b0f25f,"Bohannan, Paul",Justice and judgment among the Tiv,1968,23,Monograph,Tiv,Africa,Western Africa,horticulturalists,,"429,586,695,696",https://ehrafworldcultures.yale.edu/sres/c6b4fde4-2738-4e88-ba91-8741a3b0f25f
48e6ad6a-5a9f-47ff-b240-138ab17ab267,"Bohannan, Paul",Justice and judgment among the Tiv,1968,64,Monograph,Tiv,Africa,Western Africa,horticulturalists,,"171,692,695,696",https://ehrafworldcultures.yale.edu/sres/48e6ad6a-5a9f-47ff-b240-138ab17ab267
ad0e6c33-a9d3-4588-93fb-166fc23f8c2a,"Bohannan, Paul",Justice and judgment among the Tiv,1968,64,Monograph,Tiv,Africa,Western Africa,horticulturalists,,"171,692,695,696",https://ehrafworldcultures.yale.edu/sres/ad0e6c33-a9d3-4588-93fb-166fc23f8c2a
de84cbb6-63da-4f6c-b129-c42ac2110634,"Bohannan, Paul",Justice and judgment among the Tiv,1968,67,Monograph,Tiv,Africa,Western Africa,horticulturalists,,696,https://ehrafworldcultures.yale.edu/sres/de84cbb6-63da-4f6c-b129-c42ac2110634
6bf50285-57d6-45cc-bbc5-fb3ad562581e,"Bohannan, Paul",Justice and judgment among the Tiv,1968,68,Monograph,Tiv,Africa,Western Africa,horticulturalists,,"171,696",https://ehrafworldcultures.yale.edu/sres/6bf50285-57d6-45cc-bbc5-fb3ad562581e
7e289e59-5956-433a-af92-b6052144a683,"Bohannan, Paul",Justice and judgment among the Tiv,1968,90,Monograph,Tiv,Africa,Western Africa,horticulturalists,,"586,613,695,696",https://ehrafworldcultures.yale.edu/sres/7e289e59-5956-433a-af92-b6052144a683
28c49cbd-bb11-432c-bce1-abe257657260,"Bohannan, Paul",Justice and judgment among the Tiv,1968,90,Monograph,Tiv,Africa,Western Africa,horticulturalists,,"586,613,695,696",https://ehrafworldcultures.yale.edu/sres/28c49cbd-bb11-432c-bce1-abe257657260
9c09b19b-64f2-46ff-a76e-f6ef59c983ba,"Bohannan, Paul",Justice and judgment among the Tiv,1968,100,Monograph,Tiv,Africa,Western Africa,horticulturalists,,"673,691,696",https://ehrafworldcultures.yale.edu/sres/9c09b19b-64f2-46ff-a76e-f6ef59c983ba
194754d4-8924-4899-a8b0-ddd149025050,"Bohannan, Paul",Justice and judgment among the Tiv,1968,100,Monograph,Tiv,Africa,Western Africa,horticulturalists,,"673,691,696",https://ehrafworldcultures.yale.edu/sres/194754d4-8924-4899-a8b0-ddd149025050
5345d224-0813-406a-a3d4-39a6851de102,"Bohannan, Paul",Justice and judgment among the Tiv,1968,100,Monograph,Tiv,Africa,Western Africa,horticulturalists,,"673,691,696",https://ehrafworldcultures.yale.edu/sres/5345d224-0813-406a-a3d4-39a6851de102
2b280c9b-605c-4a96-a2b9-4b7fbe85fb6f,"Bohannan, Paul",Justice and judgment among the Tiv,1968,100,Monograph,Tiv,Africa,Western Africa,horticulturalists,,"673,691,696",https://ehrafworldcultures.yale.edu/sres/2b280c9b-605c-4a96-a2b9-4b7fbe85fb6f
c5e122aa-b44b-4e0e-b4f5-e2e575a6e392,"Bohannan, Paul",Tiv farm and settlement,1957,[p.52(c)]2,Monograph,Tiv,Africa,Western Africa,horticulturalists,,"423,696",https://ehrafworldcultures.yale.edu/sres/c5e122aa-b44b-4e0e-b4f5-e2e575a6e392
f48162e9-29c8-4020-ae62-f43810ba16b3,"Downes, Roger Meaden, 1892-",The Tiv tribe,1933,78 [2],"Component part(s), monograph",Tiv,Africa,Western Africa,horticulturalists,,"615,693,696,769",https://ehrafworldcultures.yale.edu/sres/f48162e9-29c8-4020-ae62-f43810ba16b3
fc24ce04-7f05-4e48-a275-6cdbe03015ff,"Downes, Roger Meaden, 1892-",The Tiv tribe,1933,78 [2],"Component part(s), monograph",Tiv,Africa,Western Africa,horticulturalists,,"615,693,696,769",https://ehrafworldcultures.yale.edu/sres/fc24ce04-7f05-4e48-a275-6cdbe03015ff
d4688d52-de1f-4719-986c-030110019d7c,"Downes, Rupert Major",Tiv religion,1971,10,Monograph,Tiv,Africa,Western Africa,horticulturalists,,"626,754",https://ehrafworldcultures.yale.edu/sres/d4688d52-de1f-4719-986c-030110019d7c
1790cbbf-e87a-40d3-b3ae-5d8342f62041,"Downes, Rupert Major",Tiv religion,1971,11,Monograph,Tiv,Africa,Western Africa,horticulturalists,,"623,626,695,754,778",https://ehrafworldcultures.yale.edu/sres/1790cbbf-e87a-40d3-b3ae-5d8342f62041
d1c89113-1d26-4aef-aa9e-d6acb311a3fe,"Downes, Rupert Major",Tiv religion,1971,22,Monograph,Tiv,Africa,Western Africa,horticulturalists,,"626,778,787",https://ehrafworldcultures.yale.edu/sres/d1c89113-1d26-4aef-aa9e-d6acb311a3fe
3155d9bd-d0f8-4dcb-9da8-9acb26c6b84b,"Downes, Rupert Major",Tiv religion,1971,24,Monograph,Tiv,Africa,Western Africa,horticulturalists,,"156,613,626,754",https://ehrafworldcultures.yale.edu/sres/3155d9bd-d0f8-4dcb-9da8-9acb26c6b84b
630a2640-03fc-4808-940e-6cf4d42780b7,"Downes, Rupert Major",Tiv religion,1971,24,Monograph,Tiv,Africa,Western Africa,horticulturalists,,"613,626,754",https://ehrafworldcultures.yale.edu/sres/630a2640-03fc-4808-940e-6cf4d42780b7
e48aec7a-a840-423d-8232-3d51ef04fa63,"Downes, Rupert Major",Tiv religion,1971,42,Monograph,Tiv,Africa,Western Africa,horticulturalists,,"577,626,774",https://ehrafworldcultures.yale.edu/sres/e48aec7a-a840-423d-8232-3d51ef04fa63
aa0763e6-2435-4e0d-bbd8-922f63d0e8ee,"Bohannan, Paul",A source book on Tiv religion,1969,285,Monograph,Tiv,Africa,Western Africa,horticulturalists,,"626,754,778,787,789",https://ehrafworldcultures.yale.edu/sres/aa0763e6-2435-4e0d-bbd8-922f63d0e8ee
81e5704e-de38-4ce9-a802-19babc2e7d7b,"Bohannan, Paul",A source book on Tiv religion,1969,286,Monograph,Tiv,Africa,Western Africa,horticulturalists,,"626,754,778,787,789",https://ehrafworldcultures.yale.edu/sres/81e5704e-de38-4ce9-a802-19babc2e7d7b
c8fcc97e-41b5-484b-9337-535c18f21300,"Bohannan, Paul",A source book on Tiv religion,1969,437,Monograph,Tiv,Africa,Western Africa,horticulturalists,,"626,778,782",https://ehrafworldcultures.yale.edu/sres/c8fcc97e-41b5-484b-9337-535c18f21300
3733aec9-41bf-4089-abb0-0c57f77582cc,"Bohannan, Paul",A source book on Tiv religion,1969,487,Monograph,Tiv,Africa,Western Africa,horticulturalists,,"562,626,796",https://ehrafworldcultures.yale.edu/sres/3733aec9-41bf-4089-abb0-0c57f77582cc
5008950f-23a6-4adb-a8f9-2cf85c624f8c,Akiga,"Akiga's story: the Tiv tribe as seen by one of its
            members",1939,27-28,"Component part(s), monograph",Tiv,Africa,Western Africa,horticulturalists,,"304,626,852",https://ehrafworldcultures.yale.edu/sres/5008950f-23a6-4adb-a8f9-2cf85c624f8c
c83d364b-8e26-4b80-b18b-cbd44a036dcb,Akiga,"Akiga's story: the Tiv tribe as seen by one of its
            members",1939,41-42,"Component part(s), monograph",Tiv,Africa,Western Africa,horticulturalists,,"152,554,626",https://ehrafworldcultures.yale.edu/sres/c83d364b-8e26-4b80-b18b-cbd44a036dcb
d729e032-9a87-4c5b-94b0-effbccaf2015,Akiga,"Akiga's story: the Tiv tribe as seen by one of its
            members",1939,42,"Component part(s), monograph",Tiv,Africa,Western Africa,horticulturalists,,"177,554,626",https://ehrafworldcultures.yale.edu/sres/d729e032-9a87-4c5b-94b0-effbccaf2015
368aff03-6132-4fb2-aca5-8ea5a9a46c41,Akiga,"Akiga's story: the Tiv tribe as seen by one of its
            members",1939,45-46,"Component part(s), monograph",Tiv,Africa,Western Africa,horticulturalists,,"177,304,578,626",https://ehrafworldcultures.yale.edu/sres/368aff03-6132-4fb2-aca5-8ea5a9a46c41
935733e1-f92d-4463-9b1e-dbbc59f7a202,Akiga,"Akiga's story: the Tiv tribe as seen by one of its
            members",1939,62-63,"Component part(s), monograph",Tiv,Africa,Western Africa,horticulturalists,,"626,771,861",https://ehrafworldcultures.yale.edu/sres/935733e1-f92d-4463-9b1e-dbbc59f7a202
053e2c5e-046e-4605-bd95-3798c7cd0e0b,Akiga,"Akiga's story: the Tiv tribe as seen by one of its
            members",1939,64,"Component part(s), monograph",Tiv,Africa,Western Africa,horticulturalists,,"343,626,824",https://ehrafworldcultures.yale.edu/sres/053e2c5e-046e-4605-bd95-3798c7cd0e0b
344e537d-6c27-4dcd-a1c7-e9931f10ab09,Akiga,"Akiga's story: the Tiv tribe as seen by one of its
            members",1939,222,"Component part(s), monograph",Tiv,Africa,Western Africa,horticulturalists,,"443,626,778,789",https://ehrafworldcultures.yale.edu/sres/344e537d-6c27-4dcd-a1c7-e9931f10ab09
7718001c-9ab2-457f-84ac-bd9fdddeca84,Akiga,"Akiga's story: the Tiv tribe as seen by one of its
            members",1939,222-223,"Component part(s), monograph",Tiv,Africa,Western Africa,horticulturalists,,"177,626,695,778",https://ehrafworldcultures.yale.edu/sres/7718001c-9ab2-457f-84ac-bd9fdddeca84
7debbd21-9eca-42ba-ae2b-91aca127ed71,Akiga,"Akiga's story: the Tiv tribe as seen by one of its
            members",1939,222-223,"Component part(s), monograph",Tiv,Africa,Western Africa,horticulturalists,,"177,626,695,778",https://ehrafworldcultures.yale.edu/sres/7debbd21-9eca-42ba-ae2b-91aca127ed71
b5f46129-09c5-4834-bc89-ccb8324aa9c9,Akiga,"Akiga's story: the Tiv tribe as seen by one of its
            members",1939,222-223,"Component part(s), monograph",Tiv,Africa,Western Africa,horticulturalists,,"177,626,695,778",https://ehrafworldcultures.yale.edu/sres/b5f46129-09c5-4834-bc89-ccb8324aa9c9
61fc0413-1644-4b6d-a466-b0ab24f5cf43,Akiga,"Akiga's story: the Tiv tribe as seen by one of its
            members",1939,255 [2],"Component part(s), monograph",Tiv,Africa,Western Africa,horticulturalists,,"266,626,754",https://ehrafworldcultures.yale.edu/sres/61fc0413-1644-4b6d-a466-b0ab24f5cf43
983ba2c4-7896-4b13-bff3-efab6473fd60,Akiga,"Akiga's story: the Tiv tribe as seen by one of its
            members",1939,272 [2],"Component part(s), monograph",Tiv,Africa,Western Africa,horticulturalists,,"626,754,778,782",https://ehrafworldcultures.yale.edu/sres/983ba2c4-7896-4b13-bff3-efab6473fd60
177cff2a-9684-4296-a15a-554035bcc277,Akiga,"Akiga's story: the Tiv tribe as seen by one of its
            members",1939,344-345,"Component part(s), monograph",Tiv,Africa,Western Africa,horticulturalists,,"554,577,626",https://ehrafworldcultures.yale.edu/sres/177cff2a-9684-4296-a15a-554035bcc277
66b88e7e-ac3c-4360-9fa2-2c85c23561fd,"Bohannan, Paul",Justice and judgment among the Tiv,1968,214,Monograph,Tiv,Africa,Western Africa,horticulturalists,,"000,121,177,626,671,692",https://ehrafworldcultures.yale.edu/sres/66b88e7e-ac3c-4360-9fa2-2c85c23561fd
de5925e9-ab91-48dd-97bc-06255dd4645b,"Bohannan, Paul",Justice and judgment among the Tiv,1968,65,Monograph,Tiv,Africa,Western Africa,horticulturalists,,"626,693",https://ehrafworldcultures.yale.edu/sres/de5925e9-ab91-48dd-97bc-06255dd4645b
6ec573c1-fdbd-4c36-b2ea-2c8db7f298f6,"Bohannan, Paul",Justice and judgment among the Tiv,1968,68,Monograph,Tiv,Africa,Western Africa,horticulturalists,,626,https://ehrafworldcultures.yale.edu/sres/6ec573c1-fdbd-4c36-b2ea-2c8db7f298f6
6f67cd57-e2c0-4af6-9034-0ee4a65eb215,"Bohannan, Paul",Justice and judgment among the Tiv,1968,99,Monograph,Tiv,Africa,Western Africa,horticulturalists,,"586,626,691,693",https://ehrafworldcultures.yale.edu/sres/6f67cd57-e2c0-4af6-9034-0ee4a65eb215
61ff8084-252e-49a5-92b6-d8c1d457eb45,"Bohannan, Paul",Culture summary: Tiv,1998,6,Manuscript,Tiv,Africa,Western Africa,horticulturalists,,626,https://ehrafworldcultures.yale.edu/sres/61ff8084-252e-49a5-92b6-d8c1d457eb45
2e4527a7-494b-45b6-a131-bcf890e77f02,"Malherbe, W. A.",Tiv-English dictionary with grammar notes and index,1934,90,"Component part(s), monograph",Tiv,Africa,Western Africa,horticulturalists,,"192,572,626,782",https://ehrafworldcultures.yale.edu/sres/2e4527a7-494b-45b6-a131-bcf890e77f02
90a7016e-6740-4bf5-a7f3-14eb8342736c,"Malherbe, W. A.",Tiv-English dictionary with grammar notes and index,1934,151,"Component part(s), monograph",Tiv,Africa,Western Africa,horticulturalists,,"192,626,861",https://ehrafworldcultures.yale.edu/sres/90a7016e-6740-4bf5-a7f3-14eb8342736c
0216a9d4-c4b1-4b2e-aec3-18ffc7ef9c78,"Edwards, Adrian Campion",On the non-existence of an ancestor cult among the Tiv,1984,80,Journal Article,Tiv,Africa,Western Africa,horticulturalists,,"561,626",https://ehrafworldcultures.yale.edu/sres/0216a9d4-c4b1-4b2e-aec3-18ffc7ef9c78
c44e026b-e515-4153-bbdd-9e0c948d933d,"Edwards, Adrian Campion",On the non-existence of an ancestor cult among the Tiv,1984,86,Journal Article,Tiv,Africa,Western Africa,horticulturalists,,"574,577,626,754,778",https://ehrafworldcultures.yale.edu/sres/c44e026b-e515-4153-bbdd-9e0c948d933d
e7a217d2-9d00-41c8-8d62-a5a57107a5dc,"Edwards, Adrian Campion",On the non-existence of an ancestor cult among the Tiv,1984,87,Journal Article,Tiv,Africa,Western Africa,horticulturalists,,"152,561,577,626,754",https://ehrafworldcultures.yale.edu/sres/e7a217d2-9d00-41c8-8d62-a5a57107a5dc
ef7ab46a-2f2a-438d-9f86-3cc984a10fb6,"Edwards, Adrian Campion",On the non-existence of an ancestor cult among the Tiv,1984,89,Journal Article,Tiv,Africa,Western Africa,horticulturalists,,"613,626,754,761",https://ehrafworldcultures.yale.edu/sres/ef7ab46a-2f2a-438d-9f86-3cc984a10fb6
f0eb0bdd-d3ff-46ab-aaf2-ef8683268434,"Edwards, Adrian Campion",On the non-existence of an ancestor cult among the Tiv,1984,91,Journal Article,Tiv,Africa,Western Africa,horticulturalists,,"156,181,561,577,626,754,778",https://ehrafworldcultures.yale.edu/sres/f0eb0bdd-d3ff-46ab-aaf2-ef8683268434
88ea636f-b9b0-40ef-a12a-d5626639b53a,"Abraham, Roy Clive",The Tiv people,1933,26-27,"Component part(s), monograph",Tiv,Africa,Western Africa,horticulturalists,,"622,626",https://ehrafworldcultures.yale.edu/sres/88ea636f-b9b0-40ef-a12a-d5626639b53a
803796a9-1985-4c9a-a564-0e8406405e1a,"Abraham, Roy Clive",The Tiv people,1933,26-27,"Component part(s), monograph",Tiv,Africa,Western Africa,horticulturalists,,"622,626",https://ehrafworldcultures.yale.edu/sres/803796a9-1985-4c9a-a564-0e8406405e1a
85a12173-1558-4f9a-a41e-9973ce39b9ec,"Abraham, Roy Clive",The Tiv people,1933,83 [2],"Component part(s), monograph",Tiv,Africa,Western Africa,horticulturalists,,"626,695,754",https://ehrafworldcultures.yale.edu/sres/85a12173-1558-4f9a-a41e-9973ce39b9ec
7b28238a-cc1c-4c93-8e19-3326dd4ada1d,"Abraham, Roy Clive",The Tiv people,1933,129 [2],"Component part(s), monograph",Tiv,Africa,Western Africa,horticulturalists,,"562,626,778,784",https://ehrafworldcultures.yale.edu/sres/7b28238a-cc1c-4c93-8e19-3326dd4ada1d
cad7ad9d-1ae7-4600-a351-1c7c8e52b0d3,"Bohannan, Paul",Tiv economy,1968,90,Monograph,Tiv,Africa,Western Africa,horticulturalists,,"241,423,606,613,626,754",https://ehrafworldcultures.yale.edu/sres/cad7ad9d-1ae7-4600-a351-1c7c8e52b0d3
1539bf2b-1fab-4d85-94e1-1fdecfb2aa22,"Bohannan, Paul",Tiv economy,1968,90,Monograph,Tiv,Africa,Western Africa,horticulturalists,,"241,423,606,613,626,754",https://ehrafworldcultures.yale.edu/sres/1539bf2b-1fab-4d85-94e1-1fdecfb2aa22
cf4768e1-2283-4a83-9390-c8100509abbd,"Bohannan, Paul",Tiv economy,1968,99,Monograph,Tiv,Africa,Western Africa,horticulturalists,,"166,425,613,626,631",https://ehrafworldcultures.yale.edu/sres/cf4768e1-2283-4a83-9390-c8100509abbd
56874986-6acb-493c-949d-0e4a879b81d7,"Bohannan, Paul",Tiv economy,1968,100,Monograph,Tiv,Africa,Western Africa,horticulturalists,,"166,425,613,626,631",https://ehrafworldcultures.yale.edu/sres/56874986-6acb-493c-949d-0e4a879b81d7
a552cf7a-a89d-4ee7-81f6-54b09e663dce,"Bohannan, Paul",Tiv economy,1968,133,Monograph,Tiv,Africa,Western Africa,horticulturalists,,"244,261,432,562,578,595,626",https://ehrafworldcultures.yale.edu/sres/a552cf7a-a89d-4ee7-81f6-54b09e663dce
4eab9cb3-4634-42b9-8d20-9352bc6f1058,"Bohannan, Paul",Tiv farm and settlement,1957,[p.31(d)],Monograph,Tiv,Africa,Western Africa,horticulturalists,,"423,626,789",https://ehrafworldcultures.yale.edu/sres/4eab9cb3-4634-42b9-8d20-9352bc6f1058
f6a63816-bf59-40c5-ba5e-c90bc1feb79c,"Bohannan, Paul",Tiv farm and settlement,1957,[p.31(e)],Monograph,Tiv,Africa,Western Africa,horticulturalists,,"423,626,789",https://ehrafworldcultures.yale.edu/sres/f6a63816-bf59-40c5-ba5e-c90bc1feb79c
f66aa19d-c605-4da7-acd6-0d84b096785e,"Bohannan, Paul",Tiv farm and settlement,1957,[p.31(e)],Monograph,Tiv,Africa,Western Africa,horticulturalists,,"423,592,626,789",https://ehrafworldcultures.yale.edu/sres/f66aa19d-c605-4da7-acd6-0d84b096785e
78e35615-ae33-469c-b789-27fba3c52364,"Bohannan, Paul",Tiv farm and settlement,1957,[p.32(a)],Monograph,Tiv,Africa,Western Africa,horticulturalists,,"423,592,626",https://ehrafworldcultures.yale.edu/sres/78e35615-ae33-469c-b789-27fba3c52364
0ab2e1cc-3dcd-46b5-a5ca-6fe84abad33d,"Hagher, Iyorwuese H. (Iyorwuese
            Harry)",Performance on Tiv oral poetry,1981,48,Essay,Tiv,Africa,Western Africa,horticulturalists,,"152,221,461,533,626",https://ehrafworldcultures.yale.edu/sres/0ab2e1cc-3dcd-46b5-a5ca-6fe84abad33d
c74a79be-600e-4c94-8ab4-69103f9ace2c,"Bohannan, Laura",The Tiv of central Nigeria,1953,93,Monograph,Tiv,Africa,Western Africa,horticulturalists,,"626,778",https://ehrafworldcultures.yale.edu/sres/c74a79be-600e-4c94-8ab4-69103f9ace2c
b3e3ab69-9812-4dc9-b16f-caf06b05998b,"Price-Williams, D. R.",A Case study of ideas concerning disease among the Tiv,1962,128,"Component part(s), monograph",Tiv,Africa,Western Africa,horticulturalists,,"181,182,184,571,626,789,796",https://ehrafworldcultures.yale.edu/sres/b3e3ab69-9812-4dc9-b16f-caf06b05998b
4131bf36-b087-499b-bdd8-3e661c20ab0a,"Downes, Roger Meaden, 1892-",The Tiv tribe,1933,42-43,"Component part(s), monograph",Tiv,Africa,Western Africa,horticulturalists,,"626,754,761",https://ehrafworldcultures.yale.edu/sres/4131bf36-b087-499b-bdd8-3e661c20ab0a
570fdb82-5d88-4dab-bc76-8c6b09b20c2c,"Downes, Roger Meaden, 1892-",The Tiv tribe,1933,42-43,"Component part(s), monograph",Tiv,Africa,Western Africa,horticulturalists,,"626,754,761",https://ehrafworldcultures.yale.edu/sres/570fdb82-5d88-4dab-bc76-8c6b09b20c2c
f8c2800c-5d3d-408a-af64-5805c48c0ed5,"Downes, Roger Meaden, 1892-",The Tiv tribe,1933,42-43,"Component part(s), monograph",Tiv,Africa,Western Africa,horticulturalists,,"626,754,761",https://ehrafworldcultures.yale.edu/sres/f8c2800c-5d3d-408a-af64-5805c48c0ed5
501a015b-dd96-4ddf-ad3a-390c979c4eab,"Downes, Roger Meaden, 1892-",The Tiv tribe,1933,42-43,"Component part(s), monograph",Tiv,Africa,Western Africa,horticulturalists,,"626,754,761",https://ehrafworldcultures.yale.edu/sres/501a015b-dd96-4ddf-ad3a-390c979c4eab
aceeba04-7389-423a-9645-abb3cd241897,"Downes, Roger Meaden, 1892-",The Tiv tribe,1933,42-43,"Component part(s), monograph",Tiv,Africa,Western Africa,horticulturalists,,"626,754,761",https://ehrafworldcultures.yale.edu/sres/aceeba04-7389-423a-9645-abb3cd241897
0c694d1d-36f4-4245-89fa-9b7392e3c603,"Downes, Roger Meaden, 1892-",The Tiv tribe,1933,25,"Component part(s), monograph",Tiv,Africa,Western Africa,horticulturalists,,"561,626",https://ehrafworldcultures.yale.edu/sres/0c694d1d-36f4-4245-89fa-9b7392e3c603
fd0a7fcd-526d-423b-8054-d3cf74cd8c2a,"Downes, Roger Meaden, 1892-",The Tiv tribe,1933,25,"Component part(s), monograph",Tiv,Africa,Western Africa,horticulturalists,,"561,626",https://ehrafworldcultures.yale.edu/sres/fd0a7fcd-526d-423b-8054-d3cf74cd8c2a
090d3de0-48d3-4b4e-886f-6745349d5548,"Downes, Rupert Major",Tiv religion,1971,10,Monograph,Tiv,Africa,Western Africa,horticulturalists,,"561,579,627,754",https://ehrafworldcultures.yale.edu/sres/090d3de0-48d3-4b4e-886f-6745349d5548
882ba86e-a700-42ea-8670-166f1c36a550,"Downes, Rupert Major",Tiv religion,1971,11,Monograph,Tiv,Africa,Western Africa,horticulturalists,,"627,754",https://ehrafworldcultures.yale.edu/sres/882ba86e-a700-42ea-8670-166f1c36a550
d66f7f3b-1c2a-4d8a-9bbd-874b991c6091,"Downes, Rupert Major",Tiv religion,1971,13,Monograph,Tiv,Africa,Western Africa,horticulturalists,,"579,627,731,754",https://ehrafworldcultures.yale.edu/sres/d66f7f3b-1c2a-4d8a-9bbd-874b991c6091
7772b574-d294-4fca-9762-dfac5529f806,"Downes, Rupert Major",Tiv religion,1971,33,Monograph,Tiv,Africa,Western Africa,horticulturalists,,"627,754,778",https://ehrafworldcultures.yale.edu/sres/7772b574-d294-4fca-9762-dfac5529f806
a1200493-72b1-4b56-a74d-22d38966f267,"Downes, Rupert Major",Tiv religion,1971,33,Monograph,Tiv,Africa,Western Africa,horticulturalists,,"627,754,778",https://ehrafworldcultures.yale.edu/sres/a1200493-72b1-4b56-a74d-22d38966f267
fa866d1a-15ef-4cdd-b3af-a4197b9afec0,"Downes, Rupert Major",Tiv religion,1971,34,Monograph,Tiv,Africa,Western Africa,horticulturalists,,"627,754,826",https://ehrafworldcultures.yale.edu/sres/fa866d1a-15ef-4cdd-b3af-a4197b9afec0
e66fe572-bce5-4028-a8b9-2c73216e0de9,"Downes, Rupert Major",Tiv religion,1971,66,Monograph,Tiv,Africa,Western Africa,horticulturalists,,"157,627",https://ehrafworldcultures.yale.edu/sres/e66fe572-bce5-4028-a8b9-2c73216e0de9
661d576c-3c88-4a99-a78d-c80c88fc3e0d,"Downes, Rupert Major",Tiv religion,1971,66,Monograph,Tiv,Africa,Western Africa,horticulturalists,,"627,787",https://ehrafworldcultures.yale.edu/sres/661d576c-3c88-4a99-a78d-c80c88fc3e0d
e3d126a8-2024-45d2-8238-058ddd5dab8a,"Downes, Rupert Major",Tiv religion,1971,68,Monograph,Tiv,Africa,Western Africa,horticulturalists,,"602,613,627,754",https://ehrafworldcultures.yale.edu/sres/e3d126a8-2024-45d2-8238-058ddd5dab8a
8e898ae2-c3e2-4629-98ff-8805bd18d083,"Downes, Rupert Major",Tiv religion,1971,68,Monograph,Tiv,Africa,Western Africa,horticulturalists,,"602,613,627,754",https://ehrafworldcultures.yale.edu/sres/8e898ae2-c3e2-4629-98ff-8805bd18d083
74b48f61-e2b2-4146-abf8-ebfe376eb0cd,"Downes, Rupert Major",Tiv religion,1971,68,Monograph,Tiv,Africa,Western Africa,horticulturalists,,"613,627,754,761,787",https://ehrafworldcultures.yale.edu/sres/74b48f61-e2b2-4146-abf8-ebfe376eb0cd
afec0b7a-6336-4b28-a119-ca91b883447e,"Downes, Rupert Major",Tiv religion,1971,68,Monograph,Tiv,Africa,Western Africa,horticulturalists,,"613,627,754,761,787",https://ehrafworldcultures.yale.edu/sres/afec0b7a-6336-4b28-a119-ca91b883447e
da52c543-9bd8-4d5f-912e-cb7d6cb8018e,"Downes, Rupert Major",Tiv religion,1971,68,Monograph,Tiv,Africa,Western Africa,horticulturalists,,"278,627",https://ehrafworldcultures.yale.edu/sres/da52c543-9bd8-4d5f-912e-cb7d6cb8018e
a0b2aed3-636a-4a9d-926c-afdd8d30bc79,"Downes, Rupert Major",Tiv religion,1971,69,Monograph,Tiv,Africa,Western Africa,horticulturalists,,"278,627",https://ehrafworldcultures.yale.edu/sres/a0b2aed3-636a-4a9d-926c-afdd8d30bc79
56e0d8ca-1418-4c92-be59-332613d34553,"Downes, Rupert Major",Tiv religion,1971,69,Monograph,Tiv,Africa,Western Africa,horticulturalists,,"278,627",https://ehrafworldcultures.yale.edu/sres/56e0d8ca-1418-4c92-be59-332613d34553
64edc41b-4087-4461-87ce-6e201557ffcc,"Downes, Rupert Major",Tiv religion,1971,69,Monograph,Tiv,Africa,Western Africa,horticulturalists,,"613,627,673",https://ehrafworldcultures.yale.edu/sres/64edc41b-4087-4461-87ce-6e201557ffcc
348d95dc-680b-4a49-8cfd-d74b08a5fbe2,"Downes, Rupert Major",Tiv religion,1971,69,Monograph,Tiv,Africa,Western Africa,horticulturalists,,"613,627,673",https://ehrafworldcultures.yale.edu/sres/348d95dc-680b-4a49-8cfd-d74b08a5fbe2
24e822f7-3cc9-4826-b22c-8f9999b63a9f,"Downes, Rupert Major",Tiv religion,1971,69,Monograph,Tiv,Africa,Western Africa,horticulturalists,,"613,627,673",https://ehrafworldcultures.yale.edu/sres/24e822f7-3cc9-4826-b22c-8f9999b63a9f
44a15e2e-7efe-4730-afca-84a0f462bea6,"Downes, Rupert Major",Tiv religion,1971,70,Monograph,Tiv,Africa,Western Africa,horticulturalists,,"561,579,627,754",https://ehrafworldcultures.yale.edu/sres/44a15e2e-7efe-4730-afca-84a0f462bea6
abf0d5eb-6600-4e4f-9875-7e40ba26f6b7,"Downes, Rupert Major",Tiv religion,1971,70,Monograph,Tiv,Africa,Western Africa,horticulturalists,,"561,579,627,754",https://ehrafworldcultures.yale.edu/sres/abf0d5eb-6600-4e4f-9875-7e40ba26f6b7
292d9dc8-21c2-4af6-88e4-2ee14d5d01f3,"Downes, Rupert Major",Tiv religion,1971,70,Monograph,Tiv,Africa,Western Africa,horticulturalists,,"561,579,627,754",https://ehrafworldcultures.yale.edu/sres/292d9dc8-21c2-4af6-88e4-2ee14d5d01f3
695cd76c-8861-4b7a-8bdf-134ab116bbef,"Downes, Rupert Major",Tiv religion,1971,71,Monograph,Tiv,Africa,Western Africa,horticulturalists,,"561,579,627,754",https://ehrafworldcultures.yale.edu/sres/695cd76c-8861-4b7a-8bdf-134ab116bbef
5b761f9f-7215-4ec0-9431-c1a2a7178f80,"Bohannan, Paul",A source book on Tiv religion,1969,260,Monograph,Tiv,Africa,Western Africa,horticulturalists,,"613,627,754",https://ehrafworldcultures.yale.edu/sres/5b761f9f-7215-4ec0-9431-c1a2a7178f80
4fc84085-f008-4ad4-890b-4aa4276d7ded,"Bohannan, Paul",A source book on Tiv religion,1969,261,Monograph,Tiv,Africa,Western Africa,horticulturalists,,"613,627,754",https://ehrafworldcultures.yale.edu/sres/4fc84085-f008-4ad4-890b-4aa4276d7ded
a0d57d47-d3bb-427e-b8e8-d406439f96bd,"Bohannan, Paul",A source book on Tiv religion,1969,261,Monograph,Tiv,Africa,Western Africa,horticulturalists,,"613,627,754",https://ehrafworldcultures.yale.edu/sres/a0d57d47-d3bb-427e-b8e8-d406439f96bd
779ce663-f119-40c7-96bb-6983cc0a5f4b,"Bohannan, Paul",A source book on Tiv religion,1969,261,Monograph,Tiv,Africa,Western Africa,horticulturalists,,"613,627,754",https://ehrafworldcultures.yale.edu/sres/779ce663-f119-40c7-96bb-6983cc0a5f4b
968c4c8e-6fc6-48d8-9d5e-81af15368ad1,"Bohannan, Paul",A source book on Tiv religion,1969,262,Monograph,Tiv,Africa,Western Africa,horticulturalists,,"613,627,754",https://ehrafworldcultures.yale.edu/sres/968c4c8e-6fc6-48d8-9d5e-81af15368ad1
d0cad7e7-363c-4f0d-afc1-1bc71f216083,"Bohannan, Paul",A source book on Tiv religion,1969,262,Monograph,Tiv,Africa,Western Africa,horticulturalists,,"613,627,754",https://ehrafworldcultures.yale.edu/sres/d0cad7e7-363c-4f0d-afc1-1bc71f216083
8bcff368-b58d-42fb-8550-be754594a07c,"Bohannan, Paul",A source book on Tiv religion,1969,262,Monograph,Tiv,Africa,Western Africa,horticulturalists,,"613,627,754",https://ehrafworldcultures.yale.edu/sres/8bcff368-b58d-42fb-8550-be754594a07c
595dca76-f6a9-40e7-9355-ffbff4e9f71a,"Bohannan, Paul",A source book on Tiv religion,1969,263,Monograph,Tiv,Africa,Western Africa,horticulturalists,,"613,627,754",https://ehrafworldcultures.yale.edu/sres/595dca76-f6a9-40e7-9355-ffbff4e9f71a
d9bd6728-a764-4723-b5cc-a21478cab091,"Bohannan, Paul",A source book on Tiv religion,1969,263,Monograph,Tiv,Africa,Western Africa,horticulturalists,,"613,627,754",https://ehrafworldcultures.yale.edu/sres/d9bd6728-a764-4723-b5cc-a21478cab091
985e9e46-b944-465a-8272-ef6c4d9e5bf4,"Bohannan, Paul",A source book on Tiv religion,1969,263,Monograph,Tiv,Africa,Western Africa,horticulturalists,,"533,537,613,627,754",https://ehrafworldcultures.yale.edu/sres/985e9e46-b944-465a-8272-ef6c4d9e5bf4
df5daa61-8110-4733-bec6-60d4f601977c,"Bohannan, Paul",A source book on Tiv religion,1969,263,Monograph,Tiv,Africa,Western Africa,horticulturalists,,"613,627,754",https://ehrafworldcultures.yale.edu/sres/df5daa61-8110-4733-bec6-60d4f601977c
d017087a-f973-4aa0-bfc0-4b9811221fe3,"Bohannan, Paul",A source book on Tiv religion,1969,264,Monograph,Tiv,Africa,Western Africa,horticulturalists,,"613,627,754",https://ehrafworldcultures.yale.edu/sres/d017087a-f973-4aa0-bfc0-4b9811221fe3
95ac293b-89bb-4f65-b2f9-f8e16d0d4ea4,"Bohannan, Paul",A source book on Tiv religion,1969,264,Monograph,Tiv,Africa,Western Africa,horticulturalists,,"613,627,754",https://ehrafworldcultures.yale.edu/sres/95ac293b-89bb-4f65-b2f9-f8e16d0d4ea4
9d687512-9671-475f-841e-f5e5b2e4ca47,"Bohannan, Paul",A source book on Tiv religion,1969,265,Monograph,Tiv,Africa,Western Africa,horticulturalists,,"613,627,754",https://ehrafworldcultures.yale.edu/sres/9d687512-9671-475f-841e-f5e5b2e4ca47
5a0af7af-b080-4fda-9391-7d688ee30e6d,"Bohannan, Paul",A source book on Tiv religion,1969,265,Monograph,Tiv,Africa,Western Africa,horticulturalists,,"192,613,627,754",https://ehrafworldcultures.yale.edu/sres/5a0af7af-b080-4fda-9391-7d688ee30e6d
a0bdc1f6-f3cd-4ac1-9904-de32c370baff,"Bohannan, Paul",A source book on Tiv religion,1969,265,Monograph,Tiv,Africa,Western Africa,horticulturalists,,"613,627,754",https://ehrafworldcultures.yale.edu/sres/a0bdc1f6-f3cd-4ac1-9904-de32c370baff
fe056ff8-9f67-45e4-aeee-749ef0c4da81,"Bohannan, Paul",A source book on Tiv religion,1969,266,Monograph,Tiv,Africa,Western Africa,horticulturalists,,"613,627,754",https://ehrafworldcultures.yale.edu/sres/fe056ff8-9f67-45e4-aeee-749ef0c4da81
4847cc8f-495c-4c34-b582-dca63358facb,"Bohannan, Paul",A source book on Tiv religion,1969,266,Monograph,Tiv,Africa,Western Africa,horticulturalists,,"613,627,754",https://ehrafworldcultures.yale.edu/sres/4847cc8f-495c-4c34-b582-dca63358facb
37cdee60-55d4-477f-be7d-db7db043fbb5,"Bohannan, Paul",A source book on Tiv religion,1969,266,Monograph,Tiv,Africa,Western Africa,horticulturalists,,"613,627,754",https://ehrafworldcultures.yale.edu/sres/37cdee60-55d4-477f-be7d-db7db043fbb5
14791097-a09f-4370-8c8c-fc8a2e41a6fe,"Bohannan, Paul",A source book on Tiv religion,1969,266,Monograph,Tiv,Africa,Western Africa,horticulturalists,,"583,613,627",https://ehrafworldcultures.yale.edu/sres/14791097-a09f-4370-8c8c-fc8a2e41a6fe
7493d675-e3a4-4b14-89a3-4009c7450de1,"Bohannan, Paul",A source book on Tiv religion,1969,267,Monograph,Tiv,Africa,Western Africa,horticulturalists,,"583,613,627",https://ehrafworldcultures.yale.edu/sres/7493d675-e3a4-4b14-89a3-4009c7450de1
354e2e32-02df-4b3f-981e-5961f99fb25d,"Bohannan, Paul",A source book on Tiv religion,1969,267,Monograph,Tiv,Africa,Western Africa,horticulturalists,,"583,613,627",https://ehrafworldcultures.yale.edu/sres/354e2e32-02df-4b3f-981e-5961f99fb25d
1faf4170-9944-413e-81f9-9d83f8258496,Akiga,"Akiga's story: the Tiv tribe as seen by one of its
            members",1939,140-141,"Component part(s), monograph",Tiv,Africa,Western Africa,horticulturalists,,"583,627",https://ehrafworldcultures.yale.edu/sres/1faf4170-9944-413e-81f9-9d83f8258496
6e726473-392a-4137-8e7d-bf34b749e24c,Akiga,"Akiga's story: the Tiv tribe as seen by one of its
            members",1939,152 [3],"Component part(s), monograph",Tiv,Africa,Western Africa,horticulturalists,,"484,601,627",https://ehrafworldcultures.yale.edu/sres/6e726473-392a-4137-8e7d-bf34b749e24c
0060b4a9-0d78-4a09-b950-3a0882dfbd3a,Akiga,"Akiga's story: the Tiv tribe as seen by one of its
            members",1939,343 [2],"Component part(s), monograph",Tiv,Africa,Western Africa,horticulturalists,,"627,754",https://ehrafworldcultures.yale.edu/sres/0060b4a9-0d78-4a09-b950-3a0882dfbd3a
8ca5987a-a70e-4eab-bf0d-251439dfbba1,"Bohannan, Paul",Justice and judgment among the Tiv,1968,202,Monograph,Tiv,Africa,Western Africa,horticulturalists,,"627,763,764",https://ehrafworldcultures.yale.edu/sres/8ca5987a-a70e-4eab-bf0d-251439dfbba1
3042cdc4-261c-47c4-8146-3a953e625e8a,"Bohannan, Paul",Justice and judgment among the Tiv,1968,202,Monograph,Tiv,Africa,Western Africa,horticulturalists,,"561,613,627,763,764,778",https://ehrafworldcultures.yale.edu/sres/3042cdc4-261c-47c4-8146-3a953e625e8a
30379f19-f164-42c9-b3f6-9bddb25b275a,"Bohannan, Paul",Justice and judgment among the Tiv,1968,202,Monograph,Tiv,Africa,Western Africa,horticulturalists,,"561,613,627,763,764,778",https://ehrafworldcultures.yale.edu/sres/30379f19-f164-42c9-b3f6-9bddb25b275a
c3e7490b-f1b5-489a-861b-b343439f0835,"Bohannan, Paul",Justice and judgment among the Tiv,1968,202,Monograph,Tiv,Africa,Western Africa,horticulturalists,,"561,613,627,763,764,778",https://ehrafworldcultures.yale.edu/sres/c3e7490b-f1b5-489a-861b-b343439f0835
62baa3e7-1618-43af-92ba-c53a90e57f05,"Bohannan, Paul",Justice and judgment among the Tiv,1968,202,Monograph,Tiv,Africa,Western Africa,horticulturalists,,"561,613,627,763,764,778",https://ehrafworldcultures.yale.edu/sres/62baa3e7-1618-43af-92ba-c53a90e57f05
0da7ca61-49df-49a0-9cfe-31db2296654e,"Bohannan, Paul",Justice and judgment among the Tiv,1968,202,Monograph,Tiv,Africa,Western Africa,horticulturalists,,"561,613,627,763,764,778",https://ehrafworldcultures.yale.edu/sres/0da7ca61-49df-49a0-9cfe-31db2296654e
d064658a-980d-4895-bca0-21aac171cf7a,"Bohannan, Paul",Justice and judgment among the Tiv,1968,202,Monograph,Tiv,Africa,Western Africa,horticulturalists,,"561,613,627,763,764,778",https://ehrafworldcultures.yale.edu/sres/d064658a-980d-4895-bca0-21aac171cf7a
2faccc49-bf94-4710-bdb2-d411a3da9974,"Bohannan, Paul",Justice and judgment among the Tiv,1968,203,Monograph,Tiv,Africa,Western Africa,horticulturalists,,"627,768,778",https://ehrafworldcultures.yale.edu/sres/2faccc49-bf94-4710-bdb2-d411a3da9974
3220cb63-c817-4885-8bcf-d47a9af7c00c,"Bohannan, Paul",Justice and judgment among the Tiv,1968,203,Monograph,Tiv,Africa,Western Africa,horticulturalists,,"627,768,778",https://ehrafworldcultures.yale.edu/sres/3220cb63-c817-4885-8bcf-d47a9af7c00c
c7d2ad4d-5e36-4b90-a70a-66bce0023c33,"Bohannan, Paul",Justice and judgment among the Tiv,1968,203,Monograph,Tiv,Africa,Western Africa,horticulturalists,,"627,778,788",https://ehrafworldcultures.yale.edu/sres/c7d2ad4d-5e36-4b90-a70a-66bce0023c33
7be727e0-55a5-400b-af1a-266e796de0ec,"Bohannan, Paul",Justice and judgment among the Tiv,1968,203,Monograph,Tiv,Africa,Western Africa,horticulturalists,,"627,768",https://ehrafworldcultures.yale.edu/sres/7be727e0-55a5-400b-af1a-266e796de0ec
d2b43b69-2bb2-4cfd-89e5-466402fa6ad3,"Bohannan, Paul",Justice and judgment among the Tiv,1968,203,Monograph,Tiv,Africa,Western Africa,horticulturalists,,"000,613,627",https://ehrafworldcultures.yale.edu/sres/d2b43b69-2bb2-4cfd-89e5-466402fa6ad3
162d3388-c846-44b6-8fca-a19f51526d71,"Bohannan, Paul",Justice and judgment among the Tiv,1968,204,Monograph,Tiv,Africa,Western Africa,horticulturalists,,"627,788",https://ehrafworldcultures.yale.edu/sres/162d3388-c846-44b6-8fca-a19f51526d71
bc4421a6-c18b-4315-a5e9-d3d02d198a15,"Bohannan, Paul",Justice and judgment among the Tiv,1968,204,Monograph,Tiv,Africa,Western Africa,horticulturalists,,"627,778,789",https://ehrafworldcultures.yale.edu/sres/bc4421a6-c18b-4315-a5e9-d3d02d198a15
3aa49a24-4378-4135-b27e-a3edeae72d84,"Bohannan, Paul",Justice and judgment among the Tiv,1968,204,Monograph,Tiv,Africa,Western Africa,horticulturalists,,"627,778,789",https://ehrafworldcultures.yale.edu/sres/3aa49a24-4378-4135-b27e-a3edeae72d84
f2b362cb-38f3-4ac1-bc24-cc76c22e9432,"Bohannan, Paul",Justice and judgment among the Tiv,1968,204,Monograph,Tiv,Africa,Western Africa,horticulturalists,,"627,778,789",https://ehrafworldcultures.yale.edu/sres/f2b362cb-38f3-4ac1-bc24-cc76c22e9432
57caeb83-c2e4-405d-b102-0eee16da4a35,"Bohannan, Paul",Justice and judgment among the Tiv,1968,204,Monograph,Tiv,Africa,Western Africa,horticulturalists,,"000,613,627,778,791",https://ehrafworldcultures.yale.edu/sres/57caeb83-c2e4-405d-b102-0eee16da4a35
f4e32d6d-01e6-411a-b10c-ef2042d893da,"Bohannan, Paul",Justice and judgment among the Tiv,1968,204,Monograph,Tiv,Africa,Western Africa,horticulturalists,,"627,778,787",https://ehrafworldcultures.yale.edu/sres/f4e32d6d-01e6-411a-b10c-ef2042d893da
51a736c4-5d15-4657-8cdd-cf0098febcd0,"Bohannan, Paul",Justice and judgment among the Tiv,1968,205,Monograph,Tiv,Africa,Western Africa,horticulturalists,,"627,754,778,826",https://ehrafworldcultures.yale.edu/sres/51a736c4-5d15-4657-8cdd-cf0098febcd0
558f583d-821b-42ba-806e-93418aa4b137,"Bohannan, Paul",Justice and judgment among the Tiv,1968,205,Monograph,Tiv,Africa,Western Africa,horticulturalists,,"627,754,778,826",https://ehrafworldcultures.yale.edu/sres/558f583d-821b-42ba-806e-93418aa4b137
0332283a-c2d6-46c8-bd65-9aa6fa586f0c,"Bohannan, Paul",Justice and judgment among the Tiv,1968,205,Monograph,Tiv,Africa,Western Africa,horticulturalists,,"627,754,778,826",https://ehrafworldcultures.yale.edu/sres/0332283a-c2d6-46c8-bd65-9aa6fa586f0c
902b154e-d535-4aa5-a690-7c2736f3000a,"Bohannan, Paul",Justice and judgment among the Tiv,1968,205,Monograph,Tiv,Africa,Western Africa,horticulturalists,,"627,778",https://ehrafworldcultures.yale.edu/sres/902b154e-d535-4aa5-a690-7c2736f3000a
1ae09d3a-12b3-4c0d-a436-9adb19bbc378,"Bohannan, Paul",Justice and judgment among the Tiv,1968,206,Monograph,Tiv,Africa,Western Africa,horticulturalists,,"627,778",https://ehrafworldcultures.yale.edu/sres/1ae09d3a-12b3-4c0d-a436-9adb19bbc378
ae01cf98-3e85-4de1-84e7-7486a9e0657e,"Bohannan, Paul",Justice and judgment among the Tiv,1968,206,Monograph,Tiv,Africa,Western Africa,horticulturalists,,"627,778",https://ehrafworldcultures.yale.edu/sres/ae01cf98-3e85-4de1-84e7-7486a9e0657e
59b1494b-a3d0-48f2-92a8-5f4fa2ebb46b,"Bohannan, Paul",Justice and judgment among the Tiv,1968,206,Monograph,Tiv,Africa,Western Africa,horticulturalists,,627,https://ehrafworldcultures.yale.edu/sres/59b1494b-a3d0-48f2-92a8-5f4fa2ebb46b
a841f39a-84d8-4f10-9305-089f675ea8a5,"Bohannan, Paul",Justice and judgment among the Tiv,1968,206,Monograph,Tiv,Africa,Western Africa,horticulturalists,,"627,778,789",https://ehrafworldcultures.yale.edu/sres/a841f39a-84d8-4f10-9305-089f675ea8a5
31cffbd0-d5fa-4a4b-ac23-ee56807bb2c2,"Bohannan, Paul",Justice and judgment among the Tiv,1968,207,Monograph,Tiv,Africa,Western Africa,horticulturalists,,"627,754,771",https://ehrafworldcultures.yale.edu/sres/31cffbd0-d5fa-4a4b-ac23-ee56807bb2c2
c07770ab-6f6e-480a-baa5-a3f74564d4ad,"Bohannan, Paul",Justice and judgment among the Tiv,1968,207,Monograph,Tiv,Africa,Western Africa,horticulturalists,,"571,627",https://ehrafworldcultures.yale.edu/sres/c07770ab-6f6e-480a-baa5-a3f74564d4ad
c8e98cbb-5138-4ca4-8dda-0e583995e6c6,"Bohannan, Paul",Justice and judgment among the Tiv,1968,207,Monograph,Tiv,Africa,Western Africa,horticulturalists,,"183,571,627,692",https://ehrafworldcultures.yale.edu/sres/c8e98cbb-5138-4ca4-8dda-0e583995e6c6
381e774a-96b6-4aa7-bd14-9c1b75e43686,"Bohannan, Paul",Justice and judgment among the Tiv,1968,[p. 208],Monograph,Tiv,Africa,Western Africa,horticulturalists,,"627,692",https://ehrafworldcultures.yale.edu/sres/381e774a-96b6-4aa7-bd14-9c1b75e43686
eef54822-edfd-43b5-bac5-5df14e3f367b,"Bohannan, Paul",Justice and judgment among the Tiv,1968,209,Monograph,Tiv,Africa,Western Africa,horticulturalists,,"177,627,692",https://ehrafworldcultures.yale.edu/sres/eef54822-edfd-43b5-bac5-5df14e3f367b
7c4fcbc0-d9a0-4065-a655-70e77e7d688a,"Bohannan, Paul",Justice and judgment among the Tiv,1968,210,Monograph,Tiv,Africa,Western Africa,horticulturalists,,"613,627,692",https://ehrafworldcultures.yale.edu/sres/7c4fcbc0-d9a0-4065-a655-70e77e7d688a
0cbed657-75be-411c-8b35-018bd4d7f7c5,"Bohannan, Paul",Justice and judgment among the Tiv,1968,212,Monograph,Tiv,Africa,Western Africa,horticulturalists,,"627,674",https://ehrafworldcultures.yale.edu/sres/0cbed657-75be-411c-8b35-018bd4d7f7c5
5f5e3a45-d6b1-4b25-bdec-1892f3ba8611,"Bohannan, Paul",Justice and judgment among the Tiv,1968,213,Monograph,Tiv,Africa,Western Africa,horticulturalists,,"613,627,692,771",https://ehrafworldcultures.yale.edu/sres/5f5e3a45-d6b1-4b25-bdec-1892f3ba8611
5110404b-82a7-4ebd-904e-6877a5bf82b4,"Bohannan, Paul",Justice and judgment among the Tiv,1968,[p.7],Monograph,Tiv,Africa,Western Africa,horticulturalists,,"613,627,647,692",https://ehrafworldcultures.yale.edu/sres/5110404b-82a7-4ebd-904e-6877a5bf82b4
f7a8726c-625c-471f-b8ef-8e2273051c50,"Bohannan, Paul",Justice and judgment among the Tiv,1968,30,Monograph,Tiv,Africa,Western Africa,horticulturalists,,"429,586,587,627",https://ehrafworldcultures.yale.edu/sres/f7a8726c-625c-471f-b8ef-8e2273051c50
3e21cf9c-4e58-4a93-9223-38ee13dd831e,"Bohannan, Paul",Justice and judgment among the Tiv,1968,31,Monograph,Tiv,Africa,Western Africa,horticulturalists,,"627,694,744",https://ehrafworldcultures.yale.edu/sres/3e21cf9c-4e58-4a93-9223-38ee13dd831e
a007c0a7-9082-4fb3-8699-37c4e8df8903,"Bohannan, Paul",Justice and judgment among the Tiv,1968,31,Monograph,Tiv,Africa,Western Africa,horticulturalists,,"423,554,627",https://ehrafworldcultures.yale.edu/sres/a007c0a7-9082-4fb3-8699-37c4e8df8903
e82e0213-1f44-4aca-bfc0-e5c454b921fe,"Bohannan, Paul",Justice and judgment among the Tiv,1968,46,Monograph,Tiv,Africa,Western Africa,horticulturalists,,"000,178,278,627,695,778",https://ehrafworldcultures.yale.edu/sres/e82e0213-1f44-4aca-bfc0-e5c454b921fe
c7223391-32fa-43f5-99ee-a19c5bb2e3a7,"Bohannan, Paul",Justice and judgment among the Tiv,1968,47,Monograph,Tiv,Africa,Western Africa,horticulturalists,,"175,278,627,695,778",https://ehrafworldcultures.yale.edu/sres/c7223391-32fa-43f5-99ee-a19c5bb2e3a7
d19b4f48-5cab-4341-9691-495d29d09f2e,"Bohannan, Paul",Justice and judgment among the Tiv,1968,91,Monograph,Tiv,Africa,Western Africa,horticulturalists,,"586,627,754,768",https://ehrafworldcultures.yale.edu/sres/d19b4f48-5cab-4341-9691-495d29d09f2e
0c015da7-0cc8-40b2-a2e3-d4e2a401bc63,"Bohannan, Paul",Justice and judgment among the Tiv,1968,122,Monograph,Tiv,Africa,Western Africa,horticulturalists,,"627,673",https://ehrafworldcultures.yale.edu/sres/0c015da7-0cc8-40b2-a2e3-d4e2a401bc63
aec26d0f-ed68-428b-8693-9aeb1c3051ad,"Bohannan, Paul",Justice and judgment among the Tiv,1968,127,Monograph,Tiv,Africa,Western Africa,horticulturalists,,627,https://ehrafworldcultures.yale.edu/sres/aec26d0f-ed68-428b-8693-9aeb1c3051ad
767e3977-e528-4acc-b312-951b7b0490f1,"Bohannan, Paul",Justice and judgment among the Tiv,1968,130,Monograph,Tiv,Africa,Western Africa,horticulturalists,,"627,692",https://ehrafworldcultures.yale.edu/sres/767e3977-e528-4acc-b312-951b7b0490f1
17522fcd-8f8e-4a20-821e-ca8606ff55cd,"Bohannan, Paul",Justice and judgment among the Tiv,1968,131,Monograph,Tiv,Africa,Western Africa,horticulturalists,,"627,641,692",https://ehrafworldcultures.yale.edu/sres/17522fcd-8f8e-4a20-821e-ca8606ff55cd
d93f9511-dcb7-49ef-84b6-5ee6f851a52b,"Bohannan, Paul",Justice and judgment among the Tiv,1968,137,Monograph,Tiv,Africa,Western Africa,horticulturalists,,"627,628,641,692",https://ehrafworldcultures.yale.edu/sres/d93f9511-dcb7-49ef-84b6-5ee6f851a52b
a4be235b-3717-4a7f-adce-30cd76b9de56,"Bohannan, Paul",Justice and judgment among the Tiv,1968,138,Monograph,Tiv,Africa,Western Africa,horticulturalists,,"627,692",https://ehrafworldcultures.yale.edu/sres/a4be235b-3717-4a7f-adce-30cd76b9de56
23be1575-9b10-404c-964e-2a66830515b4,"Bohannan, Paul",Justice and judgment among the Tiv,1968,142,Monograph,Tiv,Africa,Western Africa,horticulturalists,,"578,613,627,692",https://ehrafworldcultures.yale.edu/sres/23be1575-9b10-404c-964e-2a66830515b4
9ec7f556-54db-4b5b-9195-dc6aa57e9222,"Bohannan, Paul",Justice and judgment among the Tiv,1968,142,Monograph,Tiv,Africa,Western Africa,horticulturalists,,"578,613,627,692",https://ehrafworldcultures.yale.edu/sres/9ec7f556-54db-4b5b-9195-dc6aa57e9222
8fb554a2-ad0d-4d7b-a500-b0b4c9b3b24c,"Bohannan, Paul",Justice and judgment among the Tiv,1968,144,Monograph,Tiv,Africa,Western Africa,horticulturalists,,"533,578,579,613,627,634,693",https://ehrafworldcultures.yale.edu/sres/8fb554a2-ad0d-4d7b-a500-b0b4c9b3b24c
d96f2fde-8057-4be7-8cfa-19a4198a4a82,"Bohannan, Paul",Justice and judgment among the Tiv,1968,144,Monograph,Tiv,Africa,Western Africa,horticulturalists,,"533,578,579,613,627,634,693",https://ehrafworldcultures.yale.edu/sres/d96f2fde-8057-4be7-8cfa-19a4198a4a82
b9e4722c-2ce8-4e1d-8de1-7960cc28ae72,"Bohannan, Paul",Justice and judgment among the Tiv,1968,144,Monograph,Tiv,Africa,Western Africa,horticulturalists,,"533,578,579,613,627,634,693",https://ehrafworldcultures.yale.edu/sres/b9e4722c-2ce8-4e1d-8de1-7960cc28ae72
7def6f6e-9351-4257-9838-427a342c7c2f,"Bohannan, Paul",Justice and judgment among the Tiv,1968,144,Monograph,Tiv,Africa,Western Africa,horticulturalists,,"426,627",https://ehrafworldcultures.yale.edu/sres/7def6f6e-9351-4257-9838-427a342c7c2f
0eba75a2-0b5c-4080-b343-ad145c9c0a99,"Bohannan, Paul",Justice and judgment among the Tiv,1968,144,Monograph,Tiv,Africa,Western Africa,horticulturalists,,"123,426,627",https://ehrafworldcultures.yale.edu/sres/0eba75a2-0b5c-4080-b343-ad145c9c0a99
2881516f-fb29-4fb5-9639-81728f400c74,"Bohannan, Paul",Justice and judgment among the Tiv,1968,145,Monograph,Tiv,Africa,Western Africa,horticulturalists,,627,https://ehrafworldcultures.yale.edu/sres/2881516f-fb29-4fb5-9639-81728f400c74
8153de33-838c-4300-a6aa-6e2030609c7d,"Bohannan, Paul",Justice and judgment among the Tiv,1968,145,Monograph,Tiv,Africa,Western Africa,horticulturalists,,"184,627,692",https://ehrafworldcultures.yale.edu/sres/8153de33-838c-4300-a6aa-6e2030609c7d
54efcbb3-afc6-4778-bdd8-870a3204632e,"Bohannan, Paul",Justice and judgment among the Tiv,1968,145,Monograph,Tiv,Africa,Western Africa,horticulturalists,,"613,627",https://ehrafworldcultures.yale.edu/sres/54efcbb3-afc6-4778-bdd8-870a3204632e
29daacc5-be2d-41ed-b1bb-e91ae9f51e49,"Bohannan, Paul",Justice and judgment among the Tiv,1968,146,Monograph,Tiv,Africa,Western Africa,horticulturalists,,"613,627",https://ehrafworldcultures.yale.edu/sres/29daacc5-be2d-41ed-b1bb-e91ae9f51e49
366d4267-16d1-4b53-b2ac-fd2bf68b1b91,"Bohannan, Paul",Justice and judgment among the Tiv,1968,149,Monograph,Tiv,Africa,Western Africa,horticulturalists,,627,https://ehrafworldcultures.yale.edu/sres/366d4267-16d1-4b53-b2ac-fd2bf68b1b91
ed49e0a1-9dd2-42c5-9bec-5799e573110b,"Bohannan, Paul",Justice and judgment among the Tiv,1968,149,Monograph,Tiv,Africa,Western Africa,horticulturalists,,627,https://ehrafworldcultures.yale.edu/sres/ed49e0a1-9dd2-42c5-9bec-5799e573110b
98c0fa1e-fd1a-4971-99bf-c257b2e66cb0,"Bohannan, Paul",Justice and judgment among the Tiv,1968,150,Monograph,Tiv,Africa,Western Africa,horticulturalists,,"627,673,692",https://ehrafworldcultures.yale.edu/sres/98c0fa1e-fd1a-4971-99bf-c257b2e66cb0
7b6ffcdd-9790-479e-a738-af8cd376b8f4,"Bohannan, Paul",Justice and judgment among the Tiv,1968,151,Monograph,Tiv,Africa,Western Africa,horticulturalists,,"627,692",https://ehrafworldcultures.yale.edu/sres/7b6ffcdd-9790-479e-a738-af8cd376b8f4
afad4ce3-9b41-4748-9459-2e428f6a12d5,"Bohannan, Paul",Justice and judgment among the Tiv,1968,151,Monograph,Tiv,Africa,Western Africa,horticulturalists,,"171,627",https://ehrafworldcultures.yale.edu/sres/afad4ce3-9b41-4748-9459-2e428f6a12d5
760cf70f-8680-4f49-bba7-10adcbbb3115,"Bohannan, Paul",Justice and judgment among the Tiv,1968,158,Monograph,Tiv,Africa,Western Africa,horticulturalists,,"627,673,692",https://ehrafworldcultures.yale.edu/sres/760cf70f-8680-4f49-bba7-10adcbbb3115
103415c3-7710-402c-83fb-71e208b9677e,"Bohannan, Paul",Justice and judgment among the Tiv,1968,[p. 160],Monograph,Tiv,Africa,Western Africa,horticulturalists,,"592,613,627",https://ehrafworldcultures.yale.edu/sres/103415c3-7710-402c-83fb-71e208b9677e
327a18d3-a752-4fa8-8063-04f7301376bb,"Bohannan, Paul",Justice and judgment among the Tiv,1968,[p. 160],Monograph,Tiv,Africa,Western Africa,horticulturalists,,"613,627",https://ehrafworldcultures.yale.edu/sres/327a18d3-a752-4fa8-8063-04f7301376bb
a6de994f-043b-4673-8809-0b360925e4f4,"Bohannan, Paul",Justice and judgment among the Tiv,1968,[p. 160],Monograph,Tiv,Africa,Western Africa,horticulturalists,,"613,627",https://ehrafworldcultures.yale.edu/sres/a6de994f-043b-4673-8809-0b360925e4f4
78b650a5-16f4-4f49-b429-2e590d8777c6,"Bohannan, Paul",Justice and judgment among the Tiv,1968,[p. 160],Monograph,Tiv,Africa,Western Africa,horticulturalists,,"613,627",https://ehrafworldcultures.yale.edu/sres/78b650a5-16f4-4f49-b429-2e590d8777c6
c68b07a8-709c-4b88-9c4a-ea87480cc4f1,"Bohannan, Paul",Justice and judgment among the Tiv,1968,161,Monograph,Tiv,Africa,Western Africa,horticulturalists,,"613,627",https://ehrafworldcultures.yale.edu/sres/c68b07a8-709c-4b88-9c4a-ea87480cc4f1
2609f8cc-096e-4e51-8037-2025514945d3,"Bohannan, Paul",Justice and judgment among the Tiv,1968,161,Monograph,Tiv,Africa,Western Africa,horticulturalists,,"613,627",https://ehrafworldcultures.yale.edu/sres/2609f8cc-096e-4e51-8037-2025514945d3
12230e27-c579-4765-9b58-e647d1e111ed,"Bohannan, Paul",Justice and judgment among the Tiv,1968,161,Monograph,Tiv,Africa,Western Africa,horticulturalists,,"613,627",https://ehrafworldcultures.yale.edu/sres/12230e27-c579-4765-9b58-e647d1e111ed
9b7fb5fc-aa47-4343-b26a-ad1ee4b123d8,"Bohannan, Paul",Justice and judgment among the Tiv,1968,161,Monograph,Tiv,Africa,Western Africa,horticulturalists,,"613,627",https://ehrafworldcultures.yale.edu/sres/9b7fb5fc-aa47-4343-b26a-ad1ee4b123d8
16b1d4a4-7557-4ab2-bc0f-9b6edc12a53a,"Bohannan, Paul",Justice and judgment among the Tiv,1968,162,Monograph,Tiv,Africa,Western Africa,horticulturalists,,"613,627",https://ehrafworldcultures.yale.edu/sres/16b1d4a4-7557-4ab2-bc0f-9b6edc12a53a
10d35cb7-5763-4452-9e73-1e45f7cfbf8e,"Bohannan, Paul",Justice and judgment among the Tiv,1968,163,Monograph,Tiv,Africa,Western Africa,horticulturalists,,"554,613,627,826",https://ehrafworldcultures.yale.edu/sres/10d35cb7-5763-4452-9e73-1e45f7cfbf8e
267d21a8-8736-4ad4-8a6d-38ce831db0c8,"Bohannan, Paul",Justice and judgment among the Tiv,1968,163,Monograph,Tiv,Africa,Western Africa,horticulturalists,,"554,613,627,826",https://ehrafworldcultures.yale.edu/sres/267d21a8-8736-4ad4-8a6d-38ce831db0c8
0bfd13f0-d752-4659-a931-88aeb9c7e8d1,"Bohannan, Paul",Justice and judgment among the Tiv,1968,163,Monograph,Tiv,Africa,Western Africa,horticulturalists,,"613,627,787,789",https://ehrafworldcultures.yale.edu/sres/0bfd13f0-d752-4659-a931-88aeb9c7e8d1
3df6831f-18d7-4b7b-8611-2170b6b4b613,"Bohannan, Paul",Justice and judgment among the Tiv,1968,164,Monograph,Tiv,Africa,Western Africa,horticulturalists,,"000,613,627,674,692,754,826",https://ehrafworldcultures.yale.edu/sres/3df6831f-18d7-4b7b-8611-2170b6b4b613
eba300bd-1d02-4531-86b3-5456717b09c6,"Bohannan, Paul",Justice and judgment among the Tiv,1968,164,Monograph,Tiv,Africa,Western Africa,horticulturalists,,"613,627",https://ehrafworldcultures.yale.edu/sres/eba300bd-1d02-4531-86b3-5456717b09c6
5b41764e-b609-402f-916c-7cb76e153b64,"Bohannan, Paul",Justice and judgment among the Tiv,1968,164,Monograph,Tiv,Africa,Western Africa,horticulturalists,,"613,627",https://ehrafworldcultures.yale.edu/sres/5b41764e-b609-402f-916c-7cb76e153b64
a96b1931-b8f9-460d-b669-aafb8d483802,"Bohannan, Paul",Justice and judgment among the Tiv,1968,165,Monograph,Tiv,Africa,Western Africa,horticulturalists,,"613,627",https://ehrafworldcultures.yale.edu/sres/a96b1931-b8f9-460d-b669-aafb8d483802
7ad91f9c-b554-42e4-8b10-0224a09552af,"Bohannan, Paul",Justice and judgment among the Tiv,1968,165,Monograph,Tiv,Africa,Western Africa,horticulturalists,,"554,613,627",https://ehrafworldcultures.yale.edu/sres/7ad91f9c-b554-42e4-8b10-0224a09552af
9747f624-8f18-41f5-a423-45698d7ad96a,"Bohannan, Paul",Justice and judgment among the Tiv,1968,165,Monograph,Tiv,Africa,Western Africa,horticulturalists,,"184,554,613,627,778",https://ehrafworldcultures.yale.edu/sres/9747f624-8f18-41f5-a423-45698d7ad96a
31d62c98-7217-4c9c-b068-76f25d387313,"Bohannan, Paul",Justice and judgment among the Tiv,1968,165,Monograph,Tiv,Africa,Western Africa,horticulturalists,,"554,613,627,778",https://ehrafworldcultures.yale.edu/sres/31d62c98-7217-4c9c-b068-76f25d387313
6d632856-bd30-45a8-ae24-0e95347e4f14,"Bohannan, Paul",Justice and judgment among the Tiv,1968,165,Monograph,Tiv,Africa,Western Africa,horticulturalists,,"554,613,627,778",https://ehrafworldcultures.yale.edu/sres/6d632856-bd30-45a8-ae24-0e95347e4f14
13e78516-e472-4e28-88ce-2be32efb2aee,"Bohannan, Paul",Justice and judgment among the Tiv,1968,165,Monograph,Tiv,Africa,Western Africa,horticulturalists,,"613,627,787",https://ehrafworldcultures.yale.edu/sres/13e78516-e472-4e28-88ce-2be32efb2aee
89fcb6ec-97f4-40af-995b-79f007b585d6,"Bohannan, Paul",Justice and judgment among the Tiv,1968,167,Monograph,Tiv,Africa,Western Africa,horticulturalists,,"613,627,695,787",https://ehrafworldcultures.yale.edu/sres/89fcb6ec-97f4-40af-995b-79f007b585d6
10f9776c-62c4-4cb8-b21d-b9ac0cfdb808,"Bohannan, Paul",Justice and judgment among the Tiv,1968,167,Monograph,Tiv,Africa,Western Africa,horticulturalists,,"613,627,695,787",https://ehrafworldcultures.yale.edu/sres/10f9776c-62c4-4cb8-b21d-b9ac0cfdb808
a7deef74-e98c-4553-bdff-5df94c9c2a38,"Bohannan, Paul",Justice and judgment among the Tiv,1968,167,Monograph,Tiv,Africa,Western Africa,horticulturalists,,"613,627,695,787",https://ehrafworldcultures.yale.edu/sres/a7deef74-e98c-4553-bdff-5df94c9c2a38
1a76b3a7-abfc-404d-9afd-190df2a3ae75,"Bohannan, Paul",Justice and judgment among the Tiv,1968,167,Monograph,Tiv,Africa,Western Africa,horticulturalists,,"613,627,829",https://ehrafworldcultures.yale.edu/sres/1a76b3a7-abfc-404d-9afd-190df2a3ae75
e505f8c3-9e10-4613-8fd7-982ca79084b9,"Bohannan, Paul",Justice and judgment among the Tiv,1968,168,Monograph,Tiv,Africa,Western Africa,horticulturalists,,"613,627,829",https://ehrafworldcultures.yale.edu/sres/e505f8c3-9e10-4613-8fd7-982ca79084b9
82b1fb7e-5fcd-42fe-91cd-4a43b8e31702,"Bohannan, Paul",Justice and judgment among the Tiv,1968,168,Monograph,Tiv,Africa,Western Africa,horticulturalists,,"000,554,561,613,627,789",https://ehrafworldcultures.yale.edu/sres/82b1fb7e-5fcd-42fe-91cd-4a43b8e31702
9ffd286e-9090-43f0-beae-575515d858f2,"Bohannan, Paul",Justice and judgment among the Tiv,1968,168,Monograph,Tiv,Africa,Western Africa,horticulturalists,,"561,613,627,628,789,829",https://ehrafworldcultures.yale.edu/sres/9ffd286e-9090-43f0-beae-575515d858f2
0bd82c89-7840-4960-ab0a-1dabe46e1af9,"Bohannan, Paul",Justice and judgment among the Tiv,1968,168,Monograph,Tiv,Africa,Western Africa,horticulturalists,,"561,613,627",https://ehrafworldcultures.yale.edu/sres/0bd82c89-7840-4960-ab0a-1dabe46e1af9
35b64935-dc7f-45fa-99a0-52debb900fae,"Bohannan, Paul",Justice and judgment among the Tiv,1968,168,Monograph,Tiv,Africa,Western Africa,horticulturalists,,"613,627,692",https://ehrafworldcultures.yale.edu/sres/35b64935-dc7f-45fa-99a0-52debb900fae
d13fb31a-41c8-47ca-8ead-ea1c5fa39d10,"Bohannan, Paul",Justice and judgment among the Tiv,1968,169,Monograph,Tiv,Africa,Western Africa,horticulturalists,,"613,627,692",https://ehrafworldcultures.yale.edu/sres/d13fb31a-41c8-47ca-8ead-ea1c5fa39d10
d2adc9e7-5b12-42ec-9df3-f3598433490a,"Bohannan, Paul",Justice and judgment among the Tiv,1968,169,Monograph,Tiv,Africa,Western Africa,horticulturalists,,"613,627,692",https://ehrafworldcultures.yale.edu/sres/d2adc9e7-5b12-42ec-9df3-f3598433490a
2acae2c2-94a8-4106-890e-90732ff99386,"Bohannan, Paul",Justice and judgment among the Tiv,1968,169,Monograph,Tiv,Africa,Western Africa,horticulturalists,,"613,627,692",https://ehrafworldcultures.yale.edu/sres/2acae2c2-94a8-4106-890e-90732ff99386
cbceb60c-0c1b-4136-b1c1-ebb8ca933935,"Bohannan, Paul",Justice and judgment among the Tiv,1968,169,Monograph,Tiv,Africa,Western Africa,horticulturalists,,"613,627,788",https://ehrafworldcultures.yale.edu/sres/cbceb60c-0c1b-4136-b1c1-ebb8ca933935
92c327c1-a90d-489b-ae91-5e1ff43c6d4d,"Bohannan, Paul",Justice and judgment among the Tiv,1968,169,Monograph,Tiv,Africa,Western Africa,horticulturalists,,"128,613,627",https://ehrafworldcultures.yale.edu/sres/92c327c1-a90d-489b-ae91-5e1ff43c6d4d
8c7e26eb-ea84-408b-825f-1e9048785485,"Bohannan, Paul",Justice and judgment among the Tiv,1968,170,Monograph,Tiv,Africa,Western Africa,horticulturalists,,"123,613,627",https://ehrafworldcultures.yale.edu/sres/8c7e26eb-ea84-408b-825f-1e9048785485
82a58cfc-907d-4d52-90df-201064dc82b4,"Bohannan, Paul",Justice and judgment among the Tiv,1968,170,Monograph,Tiv,Africa,Western Africa,horticulturalists,,"123,613,627",https://ehrafworldcultures.yale.edu/sres/82a58cfc-907d-4d52-90df-201064dc82b4
7835e7b0-51d6-458e-9fb7-8a5269b0406a,"Bohannan, Paul",Justice and judgment among the Tiv,1968,171,Monograph,Tiv,Africa,Western Africa,horticulturalists,,"593,595,613,627",https://ehrafworldcultures.yale.edu/sres/7835e7b0-51d6-458e-9fb7-8a5269b0406a
f4b138d8-3da5-448e-8a8a-549cef7843b3,"Bohannan, Paul",Justice and judgment among the Tiv,1968,171,Monograph,Tiv,Africa,Western Africa,horticulturalists,,"613,627",https://ehrafworldcultures.yale.edu/sres/f4b138d8-3da5-448e-8a8a-549cef7843b3
3ff210ac-c0d0-4adc-abe5-d23fbe26b01d,"Bohannan, Paul",Justice and judgment among the Tiv,1968,171,Monograph,Tiv,Africa,Western Africa,horticulturalists,,"613,627,789",https://ehrafworldcultures.yale.edu/sres/3ff210ac-c0d0-4adc-abe5-d23fbe26b01d
f334f5c7-356c-4458-809c-fd84112fe75d,"Bohannan, Paul",Justice and judgment among the Tiv,1968,172,Monograph,Tiv,Africa,Western Africa,horticulturalists,,"613,627,729",https://ehrafworldcultures.yale.edu/sres/f334f5c7-356c-4458-809c-fd84112fe75d
873d7bd0-6975-470b-a2b6-20f6537a494a,"Bohannan, Paul",Justice and judgment among the Tiv,1968,172,Monograph,Tiv,Africa,Western Africa,horticulturalists,,"561,592,613,627",https://ehrafworldcultures.yale.edu/sres/873d7bd0-6975-470b-a2b6-20f6537a494a
aa869231-3e6f-4253-b092-51ece0f239e9,"Bohannan, Paul",Justice and judgment among the Tiv,1968,172,Monograph,Tiv,Africa,Western Africa,horticulturalists,,"561,592,613,627",https://ehrafworldcultures.yale.edu/sres/aa869231-3e6f-4253-b092-51ece0f239e9
2f25cc8d-f86e-4d6c-9916-17b53bcb330f,"Bohannan, Paul",Justice and judgment among the Tiv,1968,173,Monograph,Tiv,Africa,Western Africa,horticulturalists,,"561,592,613,627",https://ehrafworldcultures.yale.edu/sres/2f25cc8d-f86e-4d6c-9916-17b53bcb330f
79e261b9-8bc9-45c3-b8a3-9bf85c7e945b,"Bohannan, Paul",Justice and judgment among the Tiv,1968,173,Monograph,Tiv,Africa,Western Africa,horticulturalists,,"613,627",https://ehrafworldcultures.yale.edu/sres/79e261b9-8bc9-45c3-b8a3-9bf85c7e945b
251e5d5c-6f6c-4ef4-933a-42202e49ce38,"Bohannan, Paul",Justice and judgment among the Tiv,1968,173,Monograph,Tiv,Africa,Western Africa,horticulturalists,,"613,627",https://ehrafworldcultures.yale.edu/sres/251e5d5c-6f6c-4ef4-933a-42202e49ce38
b2f2a07c-83d0-446a-ae78-ce0c40ec4fb7,"Bohannan, Paul",Justice and judgment among the Tiv,1968,173,Monograph,Tiv,Africa,Western Africa,horticulturalists,,"613,627,778,787",https://ehrafworldcultures.yale.edu/sres/b2f2a07c-83d0-446a-ae78-ce0c40ec4fb7
f2aeaec6-9123-4fb6-a07f-03353c29c1c6,"Bohannan, Paul",Justice and judgment among the Tiv,1968,173,Monograph,Tiv,Africa,Western Africa,horticulturalists,,"613,627,778,787",https://ehrafworldcultures.yale.edu/sres/f2aeaec6-9123-4fb6-a07f-03353c29c1c6
995df94c-ca5f-4a42-abe2-1ecf4256b218,"Bohannan, Paul",Justice and judgment among the Tiv,1968,174,Monograph,Tiv,Africa,Western Africa,horticulturalists,,"429,583,592,596,613,627",https://ehrafworldcultures.yale.edu/sres/995df94c-ca5f-4a42-abe2-1ecf4256b218
9139143d-970c-4117-a852-4463657fe1a8,"Bohannan, Paul",Justice and judgment among the Tiv,1968,174,Monograph,Tiv,Africa,Western Africa,horticulturalists,,"429,583,592,596,613,627",https://ehrafworldcultures.yale.edu/sres/9139143d-970c-4117-a852-4463657fe1a8
27d6cd91-127b-4e97-9164-5230a5c33fee,"Bohannan, Paul",Justice and judgment among the Tiv,1968,175,Monograph,Tiv,Africa,Western Africa,horticulturalists,,"429,583,592,596,613,627",https://ehrafworldcultures.yale.edu/sres/27d6cd91-127b-4e97-9164-5230a5c33fee
bd94a03a-387e-4b55-a75e-1d17c79ebf6e,"Bohannan, Paul",Justice and judgment among the Tiv,1968,175,Monograph,Tiv,Africa,Western Africa,horticulturalists,,"429,583,592,596,613,627",https://ehrafworldcultures.yale.edu/sres/bd94a03a-387e-4b55-a75e-1d17c79ebf6e
bad09e3e-0e53-4e2a-a2bc-77e4e5ea6e41,"Bohannan, Paul",Justice and judgment among the Tiv,1968,175,Monograph,Tiv,Africa,Western Africa,horticulturalists,,"429,583,592,596,613,627",https://ehrafworldcultures.yale.edu/sres/bad09e3e-0e53-4e2a-a2bc-77e4e5ea6e41
8f5fdc33-e7e7-42ae-8d58-cb0d260abcd3,"Bohannan, Paul",Justice and judgment among the Tiv,1968,175,Monograph,Tiv,Africa,Western Africa,horticulturalists,,"429,583,592,596,613,627",https://ehrafworldcultures.yale.edu/sres/8f5fdc33-e7e7-42ae-8d58-cb0d260abcd3
1b1d06a0-8979-4cd2-b942-b578ca3c3b8c,"Bohannan, Paul",Justice and judgment among the Tiv,1968,175,Monograph,Tiv,Africa,Western Africa,horticulturalists,,"429,583,592,596,613,627",https://ehrafworldcultures.yale.edu/sres/1b1d06a0-8979-4cd2-b942-b578ca3c3b8c
657908cb-186b-4c12-95cc-da35b56c4397,"Bohannan, Paul",Justice and judgment among the Tiv,1968,175,Monograph,Tiv,Africa,Western Africa,horticulturalists,,"429,583,592,596,613,627",https://ehrafworldcultures.yale.edu/sres/657908cb-186b-4c12-95cc-da35b56c4397
6e925c71-3a69-41bf-8b35-80f497f076d1,"Bohannan, Paul",Justice and judgment among the Tiv,1968,175,Monograph,Tiv,Africa,Western Africa,horticulturalists,,"429,583,592,596,613,627",https://ehrafworldcultures.yale.edu/sres/6e925c71-3a69-41bf-8b35-80f497f076d1
94aed7e7-f42d-4a16-8cb9-4d230544b264,"Bohannan, Paul",Justice and judgment among the Tiv,1968,178,Monograph,Tiv,Africa,Western Africa,horticulturalists,,"613,627",https://ehrafworldcultures.yale.edu/sres/94aed7e7-f42d-4a16-8cb9-4d230544b264
12a4de1f-d12e-44fe-a17a-ec8a8558402c,"Bohannan, Paul",Justice and judgment among the Tiv,1968,178,Monograph,Tiv,Africa,Western Africa,horticulturalists,,"613,627",https://ehrafworldcultures.yale.edu/sres/12a4de1f-d12e-44fe-a17a-ec8a8558402c
ffaf9817-ae84-4c86-9228-c6bfb1667dea,"Bohannan, Paul",Justice and judgment among the Tiv,1968,178,Monograph,Tiv,Africa,Western Africa,horticulturalists,,"561,577,578,596,613,627",https://ehrafworldcultures.yale.edu/sres/ffaf9817-ae84-4c86-9228-c6bfb1667dea
117b69a6-d3ef-4d64-95fe-814a4c269c58,"Bohannan, Paul",Justice and judgment among the Tiv,1968,178,Monograph,Tiv,Africa,Western Africa,horticulturalists,,"561,577,578,596,613,627",https://ehrafworldcultures.yale.edu/sres/117b69a6-d3ef-4d64-95fe-814a4c269c58
99ceef02-56d5-4e9e-86d3-0bc921f24da9,"Bohannan, Paul",Justice and judgment among the Tiv,1968,178,Monograph,Tiv,Africa,Western Africa,horticulturalists,,"561,577,578,596,613,627",https://ehrafworldcultures.yale.edu/sres/99ceef02-56d5-4e9e-86d3-0bc921f24da9
d062cc52-72fc-4cb6-89fd-53d83d159ab1,"Bohannan, Paul",Justice and judgment among the Tiv,1968,178,Monograph,Tiv,Africa,Western Africa,horticulturalists,,"561,577,578,596,613,627",https://ehrafworldcultures.yale.edu/sres/d062cc52-72fc-4cb6-89fd-53d83d159ab1
8a0ac931-6578-4d36-ab3f-26f900866528,"Bohannan, Paul",Justice and judgment among the Tiv,1968,179,Monograph,Tiv,Africa,Western Africa,horticulturalists,,"613,627",https://ehrafworldcultures.yale.edu/sres/8a0ac931-6578-4d36-ab3f-26f900866528
58bfdeed-fd07-4c53-b17f-3841d14c3d4d,"Bohannan, Paul",Justice and judgment among the Tiv,1968,179,Monograph,Tiv,Africa,Western Africa,horticulturalists,,"613,627",https://ehrafworldcultures.yale.edu/sres/58bfdeed-fd07-4c53-b17f-3841d14c3d4d
96a164d5-d86a-4f9e-8e6f-036e15b39f14,"Bohannan, Paul",Justice and judgment among the Tiv,1968,179,Monograph,Tiv,Africa,Western Africa,horticulturalists,,"592,596,613,627",https://ehrafworldcultures.yale.edu/sres/96a164d5-d86a-4f9e-8e6f-036e15b39f14
6f569bcb-d9c8-48dc-ad9f-d89233263982,"Bohannan, Paul",Justice and judgment among the Tiv,1968,179,Monograph,Tiv,Africa,Western Africa,horticulturalists,,"613,627,788",https://ehrafworldcultures.yale.edu/sres/6f569bcb-d9c8-48dc-ad9f-d89233263982
12936bec-8e9f-4f76-8420-3130564113fb,"Bohannan, Paul",Justice and judgment among the Tiv,1968,179,Monograph,Tiv,Africa,Western Africa,horticulturalists,,"613,627,788",https://ehrafworldcultures.yale.edu/sres/12936bec-8e9f-4f76-8420-3130564113fb
42b2ae7e-aa8a-4c8c-aa23-f3298ce4bf4b,"Bohannan, Paul",Justice and judgment among the Tiv,1968,179,Monograph,Tiv,Africa,Western Africa,horticulturalists,,"613,627,788",https://ehrafworldcultures.yale.edu/sres/42b2ae7e-aa8a-4c8c-aa23-f3298ce4bf4b
1c4a376c-1473-4427-9126-c15c7c000b08,"Bohannan, Paul",Justice and judgment among the Tiv,1968,180,Monograph,Tiv,Africa,Western Africa,horticulturalists,,"613,627,788",https://ehrafworldcultures.yale.edu/sres/1c4a376c-1473-4427-9126-c15c7c000b08
473d0755-f541-4cd3-8dc8-31091f181b3a,"Bohannan, Paul",Justice and judgment among the Tiv,1968,180,Monograph,Tiv,Africa,Western Africa,horticulturalists,,"562,613,627",https://ehrafworldcultures.yale.edu/sres/473d0755-f541-4cd3-8dc8-31091f181b3a
28fc9d6b-81ef-4c11-b316-f080a0b5338a,"Bohannan, Paul",Justice and judgment among the Tiv,1968,180,Monograph,Tiv,Africa,Western Africa,horticulturalists,,"123,613,627",https://ehrafworldcultures.yale.edu/sres/28fc9d6b-81ef-4c11-b316-f080a0b5338a
08477294-7d40-4e7b-8590-2d4ac98ceace,"Bohannan, Paul",Justice and judgment among the Tiv,1968,180,Monograph,Tiv,Africa,Western Africa,horticulturalists,,"587,613,627",https://ehrafworldcultures.yale.edu/sres/08477294-7d40-4e7b-8590-2d4ac98ceace
e1cf9d3a-16f5-4981-9bfd-90b6ff9ddac4,"Bohannan, Paul",Justice and judgment among the Tiv,1968,180,Monograph,Tiv,Africa,Western Africa,horticulturalists,,"123,561,587,613,627",https://ehrafworldcultures.yale.edu/sres/e1cf9d3a-16f5-4981-9bfd-90b6ff9ddac4
50ddaf3e-1c25-42e4-ae8f-3dfab437fccf,"Bohannan, Paul",Justice and judgment among the Tiv,1968,181,Monograph,Tiv,Africa,Western Africa,horticulturalists,,"561,606,627",https://ehrafworldcultures.yale.edu/sres/50ddaf3e-1c25-42e4-ae8f-3dfab437fccf
ac61ab72-e569-48c7-90f9-2418e8634bc1,"Bohannan, Paul",Justice and judgment among the Tiv,1968,181,Monograph,Tiv,Africa,Western Africa,horticulturalists,,"561,606,627",https://ehrafworldcultures.yale.edu/sres/ac61ab72-e569-48c7-90f9-2418e8634bc1
00faccfc-6407-44dc-96f9-955ff27baaf8,"Bohannan, Paul",Justice and judgment among the Tiv,1968,181,Monograph,Tiv,Africa,Western Africa,horticulturalists,,"561,606,627",https://ehrafworldcultures.yale.edu/sres/00faccfc-6407-44dc-96f9-955ff27baaf8
22c93620-232a-40c7-afc1-9535fd05dd58,"Bohannan, Paul",Justice and judgment among the Tiv,1968,181,Monograph,Tiv,Africa,Western Africa,horticulturalists,,"561,606,627",https://ehrafworldcultures.yale.edu/sres/22c93620-232a-40c7-afc1-9535fd05dd58
a1de53c7-770d-4390-ab22-cef37a662f13,"Bohannan, Paul",Justice and judgment among the Tiv,1968,181,Monograph,Tiv,Africa,Western Africa,horticulturalists,,"627,778",https://ehrafworldcultures.yale.edu/sres/a1de53c7-770d-4390-ab22-cef37a662f13
7fa78995-1763-42d0-bbea-a01c5fac6082,"Bohannan, Paul",Justice and judgment among the Tiv,1968,181,Monograph,Tiv,Africa,Western Africa,horticulturalists,,"561,627,778,787",https://ehrafworldcultures.yale.edu/sres/7fa78995-1763-42d0-bbea-a01c5fac6082
7d24c39b-0229-47dc-8e7c-60e20cd7341a,"Bohannan, Paul",Justice and judgment among the Tiv,1968,181,Monograph,Tiv,Africa,Western Africa,horticulturalists,,"561,627,778,787",https://ehrafworldcultures.yale.edu/sres/7d24c39b-0229-47dc-8e7c-60e20cd7341a
bb09cff2-df44-425b-8acf-53b0741567eb,"Bohannan, Paul",Justice and judgment among the Tiv,1968,182,Monograph,Tiv,Africa,Western Africa,horticulturalists,,"561,627,778,787",https://ehrafworldcultures.yale.edu/sres/bb09cff2-df44-425b-8acf-53b0741567eb
5b814d58-a65f-479c-a645-31cf2e0aede0,"Bohannan, Paul",Justice and judgment among the Tiv,1968,182,Monograph,Tiv,Africa,Western Africa,horticulturalists,,"561,627,778,787",https://ehrafworldcultures.yale.edu/sres/5b814d58-a65f-479c-a645-31cf2e0aede0
e5c43cd6-996c-4951-9f0c-de51488e22c3,"Bohannan, Paul",Justice and judgment among the Tiv,1968,182,Monograph,Tiv,Africa,Western Africa,horticulturalists,,"561,627,778,787",https://ehrafworldcultures.yale.edu/sres/e5c43cd6-996c-4951-9f0c-de51488e22c3
df3bfeae-6ec5-4d14-93aa-8c1eecfaa41d,"Bohannan, Paul",Justice and judgment among the Tiv,1968,182,Monograph,Tiv,Africa,Western Africa,horticulturalists,,"561,627,778,787",https://ehrafworldcultures.yale.edu/sres/df3bfeae-6ec5-4d14-93aa-8c1eecfaa41d
7eaaa7f1-e22f-426e-8f31-26bdbd555d44,"Bohannan, Paul",Justice and judgment among the Tiv,1968,182,Monograph,Tiv,Africa,Western Africa,horticulturalists,,"429,583,587,627",https://ehrafworldcultures.yale.edu/sres/7eaaa7f1-e22f-426e-8f31-26bdbd555d44
7b593705-a1bc-4bd4-bd66-447adfdc594e,"Bohannan, Paul",Justice and judgment among the Tiv,1968,183,Monograph,Tiv,Africa,Western Africa,horticulturalists,,"000,562,613,627,787",https://ehrafworldcultures.yale.edu/sres/7b593705-a1bc-4bd4-bd66-447adfdc594e
ddcf3ec9-0285-46af-a0b6-afcf278d2053,"Bohannan, Paul",Justice and judgment among the Tiv,1968,183,Monograph,Tiv,Africa,Western Africa,horticulturalists,,"587,627",https://ehrafworldcultures.yale.edu/sres/ddcf3ec9-0285-46af-a0b6-afcf278d2053
30c49af1-b967-49ba-9ad9-b2e0d009e313,"Bohannan, Paul",Justice and judgment among the Tiv,1968,183,Monograph,Tiv,Africa,Western Africa,horticulturalists,,"587,627",https://ehrafworldcultures.yale.edu/sres/30c49af1-b967-49ba-9ad9-b2e0d009e313
2376c927-d734-45ae-a900-c15cd7460ac5,"Bohannan, Paul",Justice and judgment among the Tiv,1968,183,Monograph,Tiv,Africa,Western Africa,horticulturalists,,"587,627",https://ehrafworldcultures.yale.edu/sres/2376c927-d734-45ae-a900-c15cd7460ac5
36812dc3-4e7c-4c57-9723-38315cd75d53,"Bohannan, Paul",Justice and judgment among the Tiv,1968,184,Monograph,Tiv,Africa,Western Africa,horticulturalists,,"583,613,627,787",https://ehrafworldcultures.yale.edu/sres/36812dc3-4e7c-4c57-9723-38315cd75d53
a2dd18b0-8c2e-41a2-add6-76c5fb5d73a5,"Bohannan, Paul",Justice and judgment among the Tiv,1968,185,Monograph,Tiv,Africa,Western Africa,horticulturalists,,"429,583,627,787",https://ehrafworldcultures.yale.edu/sres/a2dd18b0-8c2e-41a2-add6-76c5fb5d73a5
acd917a3-4d05-4780-bdc1-ad4112e2bf6a,"Bohannan, Paul",Justice and judgment among the Tiv,1968,185,Monograph,Tiv,Africa,Western Africa,horticulturalists,,"426,429,561,583,613,627",https://ehrafworldcultures.yale.edu/sres/acd917a3-4d05-4780-bdc1-ad4112e2bf6a
a7185c10-5f3e-41b9-9e87-b0aff0a959a3,"Bohannan, Paul",Justice and judgment among the Tiv,1968,185,Monograph,Tiv,Africa,Western Africa,horticulturalists,,"428,627",https://ehrafworldcultures.yale.edu/sres/a7185c10-5f3e-41b9-9e87-b0aff0a959a3
d83a6e90-333f-4852-9bda-c5e4e1a2aeee,"Bohannan, Paul",Justice and judgment among the Tiv,1968,185,Monograph,Tiv,Africa,Western Africa,horticulturalists,,"000,627,787",https://ehrafworldcultures.yale.edu/sres/d83a6e90-333f-4852-9bda-c5e4e1a2aeee
17f43b8b-57d0-481d-9e71-ef02e649de21,"Bohannan, Paul",Justice and judgment among the Tiv,1968,185,Monograph,Tiv,Africa,Western Africa,horticulturalists,,"428,429,583,627,778",https://ehrafworldcultures.yale.edu/sres/17f43b8b-57d0-481d-9e71-ef02e649de21
bdb8546e-3328-4eb5-b67a-c2eca81c48e6,"Bohannan, Paul",Justice and judgment among the Tiv,1968,186,Monograph,Tiv,Africa,Western Africa,horticulturalists,,"627,778",https://ehrafworldcultures.yale.edu/sres/bdb8546e-3328-4eb5-b67a-c2eca81c48e6
a5f4ea1a-d769-47b7-b090-85e82fa736f2,"Bohannan, Paul",Justice and judgment among the Tiv,1968,186,Monograph,Tiv,Africa,Western Africa,horticulturalists,,"627,778",https://ehrafworldcultures.yale.edu/sres/a5f4ea1a-d769-47b7-b090-85e82fa736f2
4eddcbf6-e9ca-423f-ba10-0f247622570a,"Bohannan, Paul",Justice and judgment among the Tiv,1968,186,Monograph,Tiv,Africa,Western Africa,horticulturalists,,"114,627",https://ehrafworldcultures.yale.edu/sres/4eddcbf6-e9ca-423f-ba10-0f247622570a
937135ae-ceb8-4476-9d93-1221f72c933b,"Bohannan, Paul",Justice and judgment among the Tiv,1968,187,Monograph,Tiv,Africa,Western Africa,horticulturalists,,"123,627",https://ehrafworldcultures.yale.edu/sres/937135ae-ceb8-4476-9d93-1221f72c933b
274a7cc5-7a7a-4ffc-9b65-b951e689340c,"Bohannan, Paul",Justice and judgment among the Tiv,1968,187,Monograph,Tiv,Africa,Western Africa,horticulturalists,,"627,755,761,763",https://ehrafworldcultures.yale.edu/sres/274a7cc5-7a7a-4ffc-9b65-b951e689340c
8286ee0b-51fb-4344-8f37-c3aa60eb7e91,"Bohannan, Paul",Justice and judgment among the Tiv,1968,188,Monograph,Tiv,Africa,Western Africa,horticulturalists,,"613,627,763,787",https://ehrafworldcultures.yale.edu/sres/8286ee0b-51fb-4344-8f37-c3aa60eb7e91
4b01900c-bc8a-4cfe-a2d6-2ddc58021043,"Bohannan, Paul",Justice and judgment among the Tiv,1968,188,Monograph,Tiv,Africa,Western Africa,horticulturalists,,"613,627,763,787",https://ehrafworldcultures.yale.edu/sres/4b01900c-bc8a-4cfe-a2d6-2ddc58021043
01f60f28-3e1f-4caf-bb7e-c0773a4ed43b,"Bohannan, Paul",Justice and judgment among the Tiv,1968,188,Monograph,Tiv,Africa,Western Africa,horticulturalists,,"000,613,627,763,787",https://ehrafworldcultures.yale.edu/sres/01f60f28-3e1f-4caf-bb7e-c0773a4ed43b
38be0249-0ecd-4b79-acf0-e5f97a4deb36,"Bohannan, Paul",Justice and judgment among the Tiv,1968,189,Monograph,Tiv,Africa,Western Africa,horticulturalists,,"562,613,627",https://ehrafworldcultures.yale.edu/sres/38be0249-0ecd-4b79-acf0-e5f97a4deb36
926b0587-0526-43d2-81e8-c0d80652968e,"Bohannan, Paul",Justice and judgment among the Tiv,1968,190,Monograph,Tiv,Africa,Western Africa,horticulturalists,,"461,627",https://ehrafworldcultures.yale.edu/sres/926b0587-0526-43d2-81e8-c0d80652968e
e5a473c6-a278-4116-bbd2-318c4e90872b,"Bohannan, Paul",Justice and judgment among the Tiv,1968,190,Monograph,Tiv,Africa,Western Africa,horticulturalists,,"613,627,763,787",https://ehrafworldcultures.yale.edu/sres/e5a473c6-a278-4116-bbd2-318c4e90872b
a18e6a4f-7d06-4de0-aabc-2df190330282,"Bohannan, Paul",Justice and judgment among the Tiv,1968,190,Monograph,Tiv,Africa,Western Africa,horticulturalists,,"613,627,763,787",https://ehrafworldcultures.yale.edu/sres/a18e6a4f-7d06-4de0-aabc-2df190330282
de642ea0-2b53-4f25-a086-69c4a115a650,"Bohannan, Paul",Justice and judgment among the Tiv,1968,190,Monograph,Tiv,Africa,Western Africa,horticulturalists,,"613,627,763,787",https://ehrafworldcultures.yale.edu/sres/de642ea0-2b53-4f25-a086-69c4a115a650
49accfb8-8784-4bb7-a27d-db2102a26e17,"Bohannan, Paul",Justice and judgment among the Tiv,1968,190,Monograph,Tiv,Africa,Western Africa,horticulturalists,,"613,627,763,787",https://ehrafworldcultures.yale.edu/sres/49accfb8-8784-4bb7-a27d-db2102a26e17
735d7ce4-ae34-4c95-9dec-b7fa6d929507,"Bohannan, Paul",Justice and judgment among the Tiv,1968,190,Monograph,Tiv,Africa,Western Africa,horticulturalists,,"613,627,763,787",https://ehrafworldcultures.yale.edu/sres/735d7ce4-ae34-4c95-9dec-b7fa6d929507
d153cac4-190e-4484-8d4c-c69c67eebb63,"Bohannan, Paul",Justice and judgment among the Tiv,1968,190,Monograph,Tiv,Africa,Western Africa,horticulturalists,,"613,627,763,787",https://ehrafworldcultures.yale.edu/sres/d153cac4-190e-4484-8d4c-c69c67eebb63
a9928e38-d9ac-45eb-985c-6ec9028544e6,"Bohannan, Paul",Justice and judgment among the Tiv,1968,190,Monograph,Tiv,Africa,Western Africa,horticulturalists,,"613,627,763,787",https://ehrafworldcultures.yale.edu/sres/a9928e38-d9ac-45eb-985c-6ec9028544e6
0eb15b9d-6376-4af7-8c95-c75f5a7e948f,"Bohannan, Paul",Justice and judgment among the Tiv,1968,190,Monograph,Tiv,Africa,Western Africa,horticulturalists,,"613,627,763,787",https://ehrafworldcultures.yale.edu/sres/0eb15b9d-6376-4af7-8c95-c75f5a7e948f
c81ea653-1326-4f7a-bc4c-7cdef3886276,"Bohannan, Paul",Justice and judgment among the Tiv,1968,190,Monograph,Tiv,Africa,Western Africa,horticulturalists,,"613,627,763,787",https://ehrafworldcultures.yale.edu/sres/c81ea653-1326-4f7a-bc4c-7cdef3886276
84eca972-ff90-4989-924c-aba89b60622d,"Bohannan, Paul",Justice and judgment among the Tiv,1968,190,Monograph,Tiv,Africa,Western Africa,horticulturalists,,"000,586,613,627,761",https://ehrafworldcultures.yale.edu/sres/84eca972-ff90-4989-924c-aba89b60622d
919a0e8d-c906-4501-b765-db401563a318,"Bohannan, Paul",Justice and judgment among the Tiv,1968,191,Monograph,Tiv,Africa,Western Africa,horticulturalists,,"613,627,754,763,787",https://ehrafworldcultures.yale.edu/sres/919a0e8d-c906-4501-b765-db401563a318
32bfa952-b22f-4838-b279-d02be58eb56b,"Bohannan, Paul",Justice and judgment among the Tiv,1968,191,Monograph,Tiv,Africa,Western Africa,horticulturalists,,"613,627,754,763,787",https://ehrafworldcultures.yale.edu/sres/32bfa952-b22f-4838-b279-d02be58eb56b
00263d52-a2a7-4a8c-8622-4a155c88fd62,"Bohannan, Paul",Justice and judgment among the Tiv,1968,191,Monograph,Tiv,Africa,Western Africa,horticulturalists,,"613,627,754,763,787",https://ehrafworldcultures.yale.edu/sres/00263d52-a2a7-4a8c-8622-4a155c88fd62
aba28e8e-418c-40e9-8133-9b3dabcb2dc5,"Bohannan, Paul",Justice and judgment among the Tiv,1968,191,Monograph,Tiv,Africa,Western Africa,horticulturalists,,"613,627,754,763,787",https://ehrafworldcultures.yale.edu/sres/aba28e8e-418c-40e9-8133-9b3dabcb2dc5
e32114aa-b220-486d-8510-09df96944886,"Bohannan, Paul",Justice and judgment among the Tiv,1968,191,Monograph,Tiv,Africa,Western Africa,horticulturalists,,"613,627,754,763,787",https://ehrafworldcultures.yale.edu/sres/e32114aa-b220-486d-8510-09df96944886
5a985ac9-fef5-4b2b-93c2-4e261c31965e,"Bohannan, Paul",Justice and judgment among the Tiv,1968,191,Monograph,Tiv,Africa,Western Africa,horticulturalists,,"613,627,754,763,787",https://ehrafworldcultures.yale.edu/sres/5a985ac9-fef5-4b2b-93c2-4e261c31965e
6f6de399-e681-400a-bf0e-734feb3b8ea1,"Bohannan, Paul",Justice and judgment among the Tiv,1968,191,Monograph,Tiv,Africa,Western Africa,horticulturalists,,"613,627,754,763,787",https://ehrafworldcultures.yale.edu/sres/6f6de399-e681-400a-bf0e-734feb3b8ea1
e6114e21-bae7-4ac4-ae7a-1bf314a07aa4,"Bohannan, Paul",Justice and judgment among the Tiv,1968,191,Monograph,Tiv,Africa,Western Africa,horticulturalists,,"613,627,754,763,787",https://ehrafworldcultures.yale.edu/sres/e6114e21-bae7-4ac4-ae7a-1bf314a07aa4
05bd029c-d2ba-4bd2-8d34-71258976b6f5,"Bohannan, Paul",Justice and judgment among the Tiv,1968,191,Monograph,Tiv,Africa,Western Africa,horticulturalists,,"613,627,754,763,787",https://ehrafworldcultures.yale.edu/sres/05bd029c-d2ba-4bd2-8d34-71258976b6f5
9a4bdf66-709c-4522-ba1d-1567c462a902,"Bohannan, Paul",Justice and judgment among the Tiv,1968,191,Monograph,Tiv,Africa,Western Africa,horticulturalists,,"613,627,754,763,787",https://ehrafworldcultures.yale.edu/sres/9a4bdf66-709c-4522-ba1d-1567c462a902
480fc3e3-4e1d-4ea8-9d19-90c3dbf5f7ab,"Bohannan, Paul",Justice and judgment among the Tiv,1968,192,Monograph,Tiv,Africa,Western Africa,horticulturalists,,"554,613,627,672,763",https://ehrafworldcultures.yale.edu/sres/480fc3e3-4e1d-4ea8-9d19-90c3dbf5f7ab
30443db2-fd14-4b7a-a9b0-531ae1acb030,"Bohannan, Paul",Justice and judgment among the Tiv,1968,192,Monograph,Tiv,Africa,Western Africa,horticulturalists,,"554,613,627,672,763",https://ehrafworldcultures.yale.edu/sres/30443db2-fd14-4b7a-a9b0-531ae1acb030
d0eb83c0-ad87-4a9d-939a-ba8bb71cf0f5,"Bohannan, Paul",Justice and judgment among the Tiv,1968,192,Monograph,Tiv,Africa,Western Africa,horticulturalists,,"554,613,627,672,763",https://ehrafworldcultures.yale.edu/sres/d0eb83c0-ad87-4a9d-939a-ba8bb71cf0f5
72e022e4-ed06-4870-8b1f-933128fc1aea,"Bohannan, Paul",Justice and judgment among the Tiv,1968,192,Monograph,Tiv,Africa,Western Africa,horticulturalists,,"554,613,627,672,763",https://ehrafworldcultures.yale.edu/sres/72e022e4-ed06-4870-8b1f-933128fc1aea
83de54de-d3ad-4cba-88c6-65cccac96be1,"Bohannan, Paul",Justice and judgment among the Tiv,1968,192,Monograph,Tiv,Africa,Western Africa,horticulturalists,,"554,613,627,672,763",https://ehrafworldcultures.yale.edu/sres/83de54de-d3ad-4cba-88c6-65cccac96be1
78f01453-1b85-4a15-851b-2c89ff6dc79f,"Bohannan, Paul",Justice and judgment among the Tiv,1968,192,Monograph,Tiv,Africa,Western Africa,horticulturalists,,"554,613,627,672,763",https://ehrafworldcultures.yale.edu/sres/78f01453-1b85-4a15-851b-2c89ff6dc79f
8291c33b-6e6f-409e-a65a-6e802662c7b1,"Bohannan, Paul",Justice and judgment among the Tiv,1968,193,Monograph,Tiv,Africa,Western Africa,horticulturalists,,"554,613,627,672,763",https://ehrafworldcultures.yale.edu/sres/8291c33b-6e6f-409e-a65a-6e802662c7b1
52a9a417-8843-4ce5-b213-37544d85302a,"Bohannan, Paul",Justice and judgment among the Tiv,1968,193,Monograph,Tiv,Africa,Western Africa,horticulturalists,,"554,613,627,672,763",https://ehrafworldcultures.yale.edu/sres/52a9a417-8843-4ce5-b213-37544d85302a
ed513f06-7ace-447d-8851-6f42de1253be,"Bohannan, Paul",Justice and judgment among the Tiv,1968,193,Monograph,Tiv,Africa,Western Africa,horticulturalists,,"554,613,627,672,763",https://ehrafworldcultures.yale.edu/sres/ed513f06-7ace-447d-8851-6f42de1253be
5b8a6769-9c29-4a82-9e9c-74f89b774d45,"Bohannan, Paul",Justice and judgment among the Tiv,1968,193,Monograph,Tiv,Africa,Western Africa,horticulturalists,,"554,613,627,672,763",https://ehrafworldcultures.yale.edu/sres/5b8a6769-9c29-4a82-9e9c-74f89b774d45
e2f93388-b073-46dc-b430-58ab22e25f35,"Bohannan, Paul",Justice and judgment among the Tiv,1968,193,Monograph,Tiv,Africa,Western Africa,horticulturalists,,"613,627,755,789",https://ehrafworldcultures.yale.edu/sres/e2f93388-b073-46dc-b430-58ab22e25f35
10cdf726-50c0-46cd-b5e3-6c3f8805ef74,"Bohannan, Paul",Justice and judgment among the Tiv,1968,193,Monograph,Tiv,Africa,Western Africa,horticulturalists,,"613,627,755,789",https://ehrafworldcultures.yale.edu/sres/10cdf726-50c0-46cd-b5e3-6c3f8805ef74
b963b49f-5d3c-4360-8888-7596e6f25332,"Bohannan, Paul",Justice and judgment among the Tiv,1968,193,Monograph,Tiv,Africa,Western Africa,horticulturalists,,"613,627,755,789",https://ehrafworldcultures.yale.edu/sres/b963b49f-5d3c-4360-8888-7596e6f25332
6afb9f4f-b3db-4b71-9096-e906088c4e8d,"Bohannan, Paul",Justice and judgment among the Tiv,1968,193,Monograph,Tiv,Africa,Western Africa,horticulturalists,,"613,627,755,789",https://ehrafworldcultures.yale.edu/sres/6afb9f4f-b3db-4b71-9096-e906088c4e8d
a1d81b20-8c09-42d6-b904-4b6ebafa6d57,"Bohannan, Paul",Justice and judgment among the Tiv,1968,193,Monograph,Tiv,Africa,Western Africa,horticulturalists,,"613,627,755,789",https://ehrafworldcultures.yale.edu/sres/a1d81b20-8c09-42d6-b904-4b6ebafa6d57
632012ff-4203-4029-8c04-7676c3ad0fa4,"Bohannan, Paul",Justice and judgment among the Tiv,1968,195,Monograph,Tiv,Africa,Western Africa,horticulturalists,,"627,754,768,789",https://ehrafworldcultures.yale.edu/sres/632012ff-4203-4029-8c04-7676c3ad0fa4
1b2dda5a-7cf3-4ff7-b9a5-641b99eba19f,"Bohannan, Paul",Justice and judgment among the Tiv,1968,195,Monograph,Tiv,Africa,Western Africa,horticulturalists,,"627,754,768,789",https://ehrafworldcultures.yale.edu/sres/1b2dda5a-7cf3-4ff7-b9a5-641b99eba19f
43efb59b-59c7-4ab4-bcd1-b0b1a8a8edc2,"Bohannan, Paul",Justice and judgment among the Tiv,1968,195,Monograph,Tiv,Africa,Western Africa,horticulturalists,,"627,768",https://ehrafworldcultures.yale.edu/sres/43efb59b-59c7-4ab4-bcd1-b0b1a8a8edc2
8e683cbe-24a6-436f-afcd-b18d7a490b12,"Bohannan, Paul",Justice and judgment among the Tiv,1968,195,Monograph,Tiv,Africa,Western Africa,horticulturalists,,"627,764,768",https://ehrafworldcultures.yale.edu/sres/8e683cbe-24a6-436f-afcd-b18d7a490b12
8f324907-ef14-45b8-977f-2b17ff9532da,"Bohannan, Paul",Justice and judgment among the Tiv,1968,196,Monograph,Tiv,Africa,Western Africa,horticulturalists,,"123,627,789",https://ehrafworldcultures.yale.edu/sres/8f324907-ef14-45b8-977f-2b17ff9532da
d1855a6a-da67-4547-91a7-04e2a1377e1b,"Bohannan, Paul",Justice and judgment among the Tiv,1968,197,Monograph,Tiv,Africa,Western Africa,horticulturalists,,"554,561,613,627,764",https://ehrafworldcultures.yale.edu/sres/d1855a6a-da67-4547-91a7-04e2a1377e1b
8d2f026f-9c1c-4cab-915a-3f516d21587f,"Bohannan, Paul",Justice and judgment among the Tiv,1968,198,Monograph,Tiv,Africa,Western Africa,horticulturalists,,"123,554,561,592,595,613,627,764",https://ehrafworldcultures.yale.edu/sres/8d2f026f-9c1c-4cab-915a-3f516d21587f
2c5b408e-b9c8-4141-94d0-bed2f10ea4a9,"Bohannan, Paul",Justice and judgment among the Tiv,1968,198,Monograph,Tiv,Africa,Western Africa,horticulturalists,,"123,554,561,592,595,613,627,764",https://ehrafworldcultures.yale.edu/sres/2c5b408e-b9c8-4141-94d0-bed2f10ea4a9
8ccbd0ff-6091-477d-962c-6b8795327b24,"Bohannan, Paul",Justice and judgment among the Tiv,1968,198,Monograph,Tiv,Africa,Western Africa,horticulturalists,,"123,554,561,592,595,613,627,764",https://ehrafworldcultures.yale.edu/sres/8ccbd0ff-6091-477d-962c-6b8795327b24
453a34c5-eeb7-4a97-b59c-6403c6298e66,"Bohannan, Paul",Justice and judgment among the Tiv,1968,198,Monograph,Tiv,Africa,Western Africa,horticulturalists,,"123,554,561,592,595,613,627,764",https://ehrafworldcultures.yale.edu/sres/453a34c5-eeb7-4a97-b59c-6403c6298e66
67f2decb-5d03-4f34-8728-1fc08a0492cd,"Bohannan, Paul",Justice and judgment among the Tiv,1968,198,Monograph,Tiv,Africa,Western Africa,horticulturalists,,"123,554,561,592,595,613,627,764",https://ehrafworldcultures.yale.edu/sres/67f2decb-5d03-4f34-8728-1fc08a0492cd
0a137023-6f1d-4b4e-ba97-6a10f8518dab,"Bohannan, Paul",Justice and judgment among the Tiv,1968,198,Monograph,Tiv,Africa,Western Africa,horticulturalists,,"123,554,561,592,595,613,627,764",https://ehrafworldcultures.yale.edu/sres/0a137023-6f1d-4b4e-ba97-6a10f8518dab
90ca4b77-6ce0-4907-9c76-cfd5d2d28013,"Bohannan, Paul",Justice and judgment among the Tiv,1968,198,Monograph,Tiv,Africa,Western Africa,horticulturalists,,"123,554,561,592,595,613,627,764",https://ehrafworldcultures.yale.edu/sres/90ca4b77-6ce0-4907-9c76-cfd5d2d28013
ad80d773-580a-4455-abd9-25481d3a4f09,"Bohannan, Paul",Justice and judgment among the Tiv,1968,198,Monograph,Tiv,Africa,Western Africa,horticulturalists,,"123,554,561,592,595,613,627,764",https://ehrafworldcultures.yale.edu/sres/ad80d773-580a-4455-abd9-25481d3a4f09
1c99e420-de3c-41b3-aa03-adf3d0a646bf,"Bohannan, Paul",Justice and judgment among the Tiv,1968,199,Monograph,Tiv,Africa,Western Africa,horticulturalists,,"554,561,613,627,754,764",https://ehrafworldcultures.yale.edu/sres/1c99e420-de3c-41b3-aa03-adf3d0a646bf
9c1b419d-2548-45ae-9703-ff6eab99f0a0,"Bohannan, Paul",Justice and judgment among the Tiv,1968,199,Monograph,Tiv,Africa,Western Africa,horticulturalists,,"554,561,613,627,754,764",https://ehrafworldcultures.yale.edu/sres/9c1b419d-2548-45ae-9703-ff6eab99f0a0
0b888d0d-8b00-4db5-8884-7ae4a9d18edc,"Bohannan, Paul",Justice and judgment among the Tiv,1968,199,Monograph,Tiv,Africa,Western Africa,horticulturalists,,"613,627,754,778,826",https://ehrafworldcultures.yale.edu/sres/0b888d0d-8b00-4db5-8884-7ae4a9d18edc
c6332474-f1ae-4cc8-b72c-9092714b4401,"Bohannan, Paul",Justice and judgment among the Tiv,1968,199,Monograph,Tiv,Africa,Western Africa,horticulturalists,,"561,613,627,763",https://ehrafworldcultures.yale.edu/sres/c6332474-f1ae-4cc8-b72c-9092714b4401
fab82d6a-b269-48ce-8282-fd5f9faf1ccd,"Bohannan, Paul",Justice and judgment among the Tiv,1968,200,Monograph,Tiv,Africa,Western Africa,horticulturalists,,"178,561,613,627",https://ehrafworldcultures.yale.edu/sres/fab82d6a-b269-48ce-8282-fd5f9faf1ccd
bacdbf4c-b388-4997-92a5-71e072407353,"Bohannan, Paul",Justice and judgment among the Tiv,1968,200,Monograph,Tiv,Africa,Western Africa,horticulturalists,,"561,613,627,763,764",https://ehrafworldcultures.yale.edu/sres/bacdbf4c-b388-4997-92a5-71e072407353
2b634006-54de-4e2b-8092-90c2075d1178,"Bohannan, Paul",Justice and judgment among the Tiv,1968,200,Monograph,Tiv,Africa,Western Africa,horticulturalists,,"561,613,627,763,764",https://ehrafworldcultures.yale.edu/sres/2b634006-54de-4e2b-8092-90c2075d1178
a4f3848e-897e-4da6-ad65-8f997874dbc1,"Bohannan, Paul",Justice and judgment among the Tiv,1968,200,Monograph,Tiv,Africa,Western Africa,horticulturalists,,"561,613,627,763,764",https://ehrafworldcultures.yale.edu/sres/a4f3848e-897e-4da6-ad65-8f997874dbc1
aaecefcd-06b0-4f40-82fd-686ce83de10e,"Bohannan, Paul",Justice and judgment among the Tiv,1968,200,Monograph,Tiv,Africa,Western Africa,horticulturalists,,"561,613,627,763,764",https://ehrafworldcultures.yale.edu/sres/aaecefcd-06b0-4f40-82fd-686ce83de10e
48eddaa9-0502-4c1e-b551-6392c4c07fcc,"Bohannan, Paul",Justice and judgment among the Tiv,1968,200,Monograph,Tiv,Africa,Western Africa,horticulturalists,,"561,613,627,763,764",https://ehrafworldcultures.yale.edu/sres/48eddaa9-0502-4c1e-b551-6392c4c07fcc
fc281310-6bce-4dcd-be3f-d0a906c5fe67,"Bohannan, Paul",Justice and judgment among the Tiv,1968,200,Monograph,Tiv,Africa,Western Africa,horticulturalists,,"561,613,627,763,764",https://ehrafworldcultures.yale.edu/sres/fc281310-6bce-4dcd-be3f-d0a906c5fe67
8555da67-0612-42db-b441-1af3efcff1cf,"Bohannan, Paul",Justice and judgment among the Tiv,1968,200,Monograph,Tiv,Africa,Western Africa,horticulturalists,,"412,561,613,627,763,764",https://ehrafworldcultures.yale.edu/sres/8555da67-0612-42db-b441-1af3efcff1cf
07721e95-f78d-4725-91cb-738e2058f041,"Bohannan, Paul",Culture summary: Tiv,1998,6,Manuscript,Tiv,Africa,Western Africa,horticulturalists,,"627,628,721",https://ehrafworldcultures.yale.edu/sres/07721e95-f78d-4725-91cb-738e2058f041
5588e92b-aea8-4f82-8282-bee4a0c66d0d,"Malherbe, W. A.",Tiv-English dictionary with grammar notes and index,1934,61,"Component part(s), monograph",Tiv,Africa,Western Africa,horticulturalists,,"192,572,627",https://ehrafworldcultures.yale.edu/sres/5588e92b-aea8-4f82-8282-bee4a0c66d0d
b87c18dd-6196-486c-9026-eebc4cd99bb6,"Edwards, Adrian Campion",On the non-existence of an ancestor cult among the Tiv,1984,83,Journal Article,Tiv,Africa,Western Africa,horticulturalists,,"561,613,627",https://ehrafworldcultures.yale.edu/sres/b87c18dd-6196-486c-9026-eebc4cd99bb6
48d3ea4b-e103-4be8-898c-6280b71943c2,"Edwards, Adrian Campion",On the non-existence of an ancestor cult among the Tiv,1984,86,Journal Article,Tiv,Africa,Western Africa,horticulturalists,,"178,241,534,554,627,657,778,782",https://ehrafworldcultures.yale.edu/sres/48d3ea4b-e103-4be8-898c-6280b71943c2
b6221916-1ddb-4399-9ee9-0b1abb0a7a75,"Edwards, Adrian Campion",On the non-existence of an ancestor cult among the Tiv,1984,87,Journal Article,Tiv,Africa,Western Africa,horticulturalists,,"157,561,627,754",https://ehrafworldcultures.yale.edu/sres/b6221916-1ddb-4399-9ee9-0b1abb0a7a75
60a638ea-542f-4ccc-a585-91b189d39d2e,"Edwards, Adrian Campion",On the non-existence of an ancestor cult among the Tiv,1984,90,Journal Article,Tiv,Africa,Western Africa,horticulturalists,,"561,613,627,754,778,787,789",https://ehrafworldcultures.yale.edu/sres/60a638ea-542f-4ccc-a585-91b189d39d2e
2b549ff7-f176-44ca-9c50-f09eee59ddc1,"Edwards, Adrian Campion",On the non-existence of an ancestor cult among the Tiv,1984,100,Journal Article,Tiv,Africa,Western Africa,horticulturalists,,"561,578,583,627,787,789",https://ehrafworldcultures.yale.edu/sres/2b549ff7-f176-44ca-9c50-f09eee59ddc1
53b8d22e-b228-4d90-b346-2eea3d68dc96,"Edwards, Adrian Campion",On the non-existence of an ancestor cult among the Tiv,1984,100,Journal Article,Tiv,Africa,Western Africa,horticulturalists,,"561,578,583,627,789",https://ehrafworldcultures.yale.edu/sres/53b8d22e-b228-4d90-b346-2eea3d68dc96
19e07eb9-9fff-4f8b-9a4a-a57619baf237,"Edwards, Adrian Campion",On the non-existence of an ancestor cult among the Tiv,1984,105,Journal Article,Tiv,Africa,Western Africa,horticulturalists,,"175,602,613,627,728,754",https://ehrafworldcultures.yale.edu/sres/19e07eb9-9fff-4f8b-9a4a-a57619baf237
5281404b-86d1-480a-8b17-6133d9df2f49,"Bohannan, Paul",A source book on Tiv religion,1969,621,Monograph,Tiv,Africa,Western Africa,horticulturalists,,"627,778,784",https://ehrafworldcultures.yale.edu/sres/5281404b-86d1-480a-8b17-6133d9df2f49
739a36bd-c5f7-4cf6-beee-546872701661,"Bohannan, Paul",A source book on Tiv religion,1969,621,Monograph,Tiv,Africa,Western Africa,horticulturalists,,"562,627,778,784,824",https://ehrafworldcultures.yale.edu/sres/739a36bd-c5f7-4cf6-beee-546872701661
604b82a8-5aba-4e39-925c-d533b251bf37,"Bohannan, Paul",Tiv economy,1968,68,Monograph,Tiv,Africa,Western Africa,horticulturalists,,"438,561,562,627",https://ehrafworldcultures.yale.edu/sres/604b82a8-5aba-4e39-925c-d533b251bf37
c533ab8b-951d-49c1-8b89-4958990a28d8,"Bohannan, Paul",Tiv economy,1968,96,Monograph,Tiv,Africa,Western Africa,horticulturalists,,"184,423,592,627",https://ehrafworldcultures.yale.edu/sres/c533ab8b-951d-49c1-8b89-4958990a28d8
9f60a854-4959-44dc-9a84-2fd81da0a878,"Bohannan, Paul",Tiv economy,1968,98,Monograph,Tiv,Africa,Western Africa,horticulturalists,,"423,613,627",https://ehrafworldcultures.yale.edu/sres/9f60a854-4959-44dc-9a84-2fd81da0a878
8ecb4f7a-3b11-43b0-9b5e-ffc19e7f60df,"Bohannan, Paul",Tiv economy,1968,112,Monograph,Tiv,Africa,Western Africa,horticulturalists,,"222,578,592,627",https://ehrafworldcultures.yale.edu/sres/8ecb4f7a-3b11-43b0-9b5e-ffc19e7f60df
9b0da8ba-89f8-40ec-aa4c-15fb72818f25,"Bohannan, Paul",Tiv economy,1968,113,Monograph,Tiv,Africa,Western Africa,horticulturalists,,"222,423,425,613,627",https://ehrafworldcultures.yale.edu/sres/9b0da8ba-89f8-40ec-aa4c-15fb72818f25
a5a4431b-9ab2-4b47-a4de-00c61cb9f42f,"Bohannan, Paul",Tiv economy,1968,144,Monograph,Tiv,Africa,Western Africa,horticulturalists,,"241,428,627,778",https://ehrafworldcultures.yale.edu/sres/a5a4431b-9ab2-4b47-a4de-00c61cb9f42f
c1b5a6d0-6e42-46d6-8140-a2eb7f56e89c,"Bohannan, Paul",Tiv economy,1968,145,Monograph,Tiv,Africa,Western Africa,horticulturalists,,"429,627,754,768",https://ehrafworldcultures.yale.edu/sres/c1b5a6d0-6e42-46d6-8140-a2eb7f56e89c
50d08424-00bf-40bc-801d-9986904f09cb,"Bohannan, Paul",Tiv economy,1968,165,Monograph,Tiv,Africa,Western Africa,horticulturalists,,"443,622,625,627",https://ehrafworldcultures.yale.edu/sres/50d08424-00bf-40bc-801d-9986904f09cb
201d400e-fbd5-430a-97ae-55fc2caf89b6,"Bohannan, Paul",Tiv economy,1968,189,Monograph,Tiv,Africa,Western Africa,horticulturalists,,"443,613,627,778",https://ehrafworldcultures.yale.edu/sres/201d400e-fbd5-430a-97ae-55fc2caf89b6
41233e46-6547-40d0-a556-d676ee1a65b7,"Bohannan, Paul",Tiv economy,1968,191,Monograph,Tiv,Africa,Western Africa,horticulturalists,,"366,443,624,627",https://ehrafworldcultures.yale.edu/sres/41233e46-6547-40d0-a556-d676ee1a65b7
4395ecde-cfcb-4d1c-9738-910d70a6fd2f,"Hagher, Iyorwuese H. (Iyorwuese
            Harry)",Performance on Tiv oral poetry,1981,43,Essay,Tiv,Africa,Western Africa,horticulturalists,,"195,538,627,777",https://ehrafworldcultures.yale.edu/sres/4395ecde-cfcb-4d1c-9738-910d70a6fd2f
98522eaa-f8ec-4661-b579-61d41fc3cf29,"Bohannan, Laura",The Tiv of central Nigeria,1953,18,Monograph,Tiv,Africa,Western Africa,horticulturalists,,"592,627",https://ehrafworldcultures.yale.edu/sres/98522eaa-f8ec-4661-b579-61d41fc3cf29
af1a3cc9-faff-4d3c-b69f-922503701dae,"Bohannan, Laura",The Tiv of central Nigeria,1953,29,Monograph,Tiv,Africa,Western Africa,horticulturalists,,"613,627",https://ehrafworldcultures.yale.edu/sres/af1a3cc9-faff-4d3c-b69f-922503701dae
d0974d46-3762-4027-b31e-7004199c8eaa,"Bohannan, Laura",The Tiv of central Nigeria,1953,45,Monograph,Tiv,Africa,Western Africa,horticulturalists,,"627,692",https://ehrafworldcultures.yale.edu/sres/d0974d46-3762-4027-b31e-7004199c8eaa
315dab30-ec9a-4fe9-82e4-6c50693ccd7a,"Bohannan, Laura",The Tiv of central Nigeria,1953,45,Monograph,Tiv,Africa,Western Africa,horticulturalists,,"627,692",https://ehrafworldcultures.yale.edu/sres/315dab30-ec9a-4fe9-82e4-6c50693ccd7a
e4806e59-bdd2-497b-978f-1fbce340d1a8,"Bohannan, Laura",The Tiv of central Nigeria,1953,48,Monograph,Tiv,Africa,Western Africa,horticulturalists,,"561,627,754",https://ehrafworldcultures.yale.edu/sres/e4806e59-bdd2-497b-978f-1fbce340d1a8
2fd26f18-a966-46ee-9bde-4fef718f7f9b,"Bohannan, Laura",The Tiv of central Nigeria,1953,53,Monograph,Tiv,Africa,Western Africa,horticulturalists,,"443,627",https://ehrafworldcultures.yale.edu/sres/2fd26f18-a966-46ee-9bde-4fef718f7f9b
1a46e00c-c3e0-4b23-befd-aec100270589,"Downes, Roger Meaden, 1892-",The Tiv tribe,1933,69 [2],"Component part(s), monograph",Tiv,Africa,Western Africa,horticulturalists,,"627,791",https://ehrafworldcultures.yale.edu/sres/1a46e00c-c3e0-4b23-befd-aec100270589
a81dd064-185c-4004-8037-a89d313304b4,"Downes, Roger Meaden, 1892-",The Tiv tribe,1933,72-73,"Component part(s), monograph",Tiv,Africa,Western Africa,horticulturalists,,"627,672,754",https://ehrafworldcultures.yale.edu/sres/a81dd064-185c-4004-8037-a89d313304b4
c94afb04-a664-4523-aff2-18552588ac1d,"Downes, Roger Meaden, 1892-",The Tiv tribe,1933,72-73,"Component part(s), monograph",Tiv,Africa,Western Africa,horticulturalists,,"627,672,754",https://ehrafworldcultures.yale.edu/sres/c94afb04-a664-4523-aff2-18552588ac1d
581b0c83-bd84-4c49-be36-8664f1adf634,"Downes, Rupert Major",Tiv religion,1971,13,Monograph,Tiv,Africa,Western Africa,horticulturalists,,"178,561,613,686",https://ehrafworldcultures.yale.edu/sres/581b0c83-bd84-4c49-be36-8664f1adf634
2fbfd409-69c8-4f3e-b829-2244eca40114,"Downes, Rupert Major",Tiv religion,1971,14,Monograph,Tiv,Africa,Western Africa,horticulturalists,,"178,561,613,686",https://ehrafworldcultures.yale.edu/sres/2fbfd409-69c8-4f3e-b829-2244eca40114
2bad00fd-4832-4714-9c9f-0ca4600916a4,"Downes, Rupert Major",Tiv religion,1971,39,Monograph,Tiv,Africa,Western Africa,horticulturalists,,"226,613,686,773",https://ehrafworldcultures.yale.edu/sres/2bad00fd-4832-4714-9c9f-0ca4600916a4
c85d205e-90f8-447e-ae78-30a20ba478e0,"Downes, Rupert Major",Tiv religion,1971,39,Monograph,Tiv,Africa,Western Africa,horticulturalists,,"686,754",https://ehrafworldcultures.yale.edu/sres/c85d205e-90f8-447e-ae78-30a20ba478e0
db263907-ab28-453b-b7a2-d5aab90ee199,"Downes, Rupert Major",Tiv religion,1971,63,Monograph,Tiv,Africa,Western Africa,horticulturalists,,"123,346,411,535,561,574,613,688,788",https://ehrafworldcultures.yale.edu/sres/db263907-ab28-453b-b7a2-d5aab90ee199
a19ac6f0-6c13-4bf0-ba3e-45a5b93cdef0,"Downes, Rupert Major",Tiv religion,1971,65,Monograph,Tiv,Africa,Western Africa,horticulturalists,,"673,681,778",https://ehrafworldcultures.yale.edu/sres/a19ac6f0-6c13-4bf0-ba3e-45a5b93cdef0
b53963f4-70e2-486b-baff-d6aca74be18b,"Bohannan, Paul",Three source notebooks in Tiv ethnography,1958,-173-,Manuscript,Tiv,Africa,Western Africa,horticulturalists,,"668,689,794",https://ehrafworldcultures.yale.edu/sres/b53963f4-70e2-486b-baff-d6aca74be18b
bd06e5d7-bfc8-44af-8787-c8a93f6fce77,"Bohannan, Paul",Three source notebooks in Tiv ethnography,1958,-173-,Manuscript,Tiv,Africa,Western Africa,horticulturalists,,"668,683,794",https://ehrafworldcultures.yale.edu/sres/bd06e5d7-bfc8-44af-8787-c8a93f6fce77
fe54b1da-4fb4-4c27-abbb-f0288fa7d443,"Bohannan, Paul",Three source notebooks in Tiv ethnography,1958,-174-,Manuscript,Tiv,Africa,Western Africa,horticulturalists,,"668,683,794",https://ehrafworldcultures.yale.edu/sres/fe54b1da-4fb4-4c27-abbb-f0288fa7d443
7ced2040-717b-4119-98b8-6a68bf4d5076,"Bohannan, Paul",Three source notebooks in Tiv ethnography,1958,-182-,Manuscript,Tiv,Africa,Western Africa,horticulturalists,,"668,689,794",https://ehrafworldcultures.yale.edu/sres/7ced2040-717b-4119-98b8-6a68bf4d5076
9827704f-717c-4654-88c4-f67841e3a865,"Bohannan, Paul",Three source notebooks in Tiv ethnography,1958,-183-,Manuscript,Tiv,Africa,Western Africa,horticulturalists,,"668,689,794",https://ehrafworldcultures.yale.edu/sres/9827704f-717c-4654-88c4-f67841e3a865
5b413d83-65ac-4f56-8e89-d0f64ac33c9e,"Bohannan, Paul",Three source notebooks in Tiv ethnography,1958,-203-,Manuscript,Tiv,Africa,Western Africa,horticulturalists,,685,https://ehrafworldcultures.yale.edu/sres/5b413d83-65ac-4f56-8e89-d0f64ac33c9e
64a8f82a-480e-4020-9bf6-dedf92f5fe1f,"Bohannan, Paul",Three source notebooks in Tiv ethnography,1958,-370-,Manuscript,Tiv,Africa,Western Africa,horticulturalists,,"685,754,867",https://ehrafworldcultures.yale.edu/sres/64a8f82a-480e-4020-9bf6-dedf92f5fe1f
ca3c6ea8-7606-45e4-a58b-76557f84f6ab,"Bohannan, Paul",Three source notebooks in Tiv ethnography,1958,-370-,Manuscript,Tiv,Africa,Western Africa,horticulturalists,,681,https://ehrafworldcultures.yale.edu/sres/ca3c6ea8-7606-45e4-a58b-76557f84f6ab
d5397d97-0953-4fad-99a9-16d42f77ac72,"Bohannan, Paul",Three source notebooks in Tiv ethnography,1958,-417-,Manuscript,Tiv,Africa,Western Africa,horticulturalists,,"586,684",https://ehrafworldcultures.yale.edu/sres/d5397d97-0953-4fad-99a9-16d42f77ac72
a6464f80-55f9-4a25-be52-18050aed81f8,"Bohannan, Paul",Three source notebooks in Tiv ethnography,1958,-417-,Manuscript,Tiv,Africa,Western Africa,horticulturalists,,"429,583,586,587,684",https://ehrafworldcultures.yale.edu/sres/a6464f80-55f9-4a25-be52-18050aed81f8
39e7cd04-09e5-447b-ac74-c4d4a149b065,"Bohannan, Paul",Three source notebooks in Tiv ethnography,1958,-462-,Manuscript,Tiv,Africa,Western Africa,horticulturalists,,"689,764",https://ehrafworldcultures.yale.edu/sres/39e7cd04-09e5-447b-ac74-c4d4a149b065
0f3376c6-1b15-4d4b-b0ca-6fc5ccdc7f51,"Bohannan, Paul",A source book on Tiv religion,1969,682,Monograph,Tiv,Africa,Western Africa,horticulturalists,,"685,787",https://ehrafworldcultures.yale.edu/sres/0f3376c6-1b15-4d4b-b0ca-6fc5ccdc7f51
4d369658-8f74-4386-9b53-50a254333033,"Bohannan, Paul",A source book on Tiv religion,1969,683,Monograph,Tiv,Africa,Western Africa,horticulturalists,,"685,787",https://ehrafworldcultures.yale.edu/sres/4d369658-8f74-4386-9b53-50a254333033
78e29a66-3ce6-4996-a228-c08dceb574a5,"Bohannan, Paul",A source book on Tiv religion,1969,683,Monograph,Tiv,Africa,Western Africa,horticulturalists,,"685,787",https://ehrafworldcultures.yale.edu/sres/78e29a66-3ce6-4996-a228-c08dceb574a5
282af097-a7f2-4700-9c87-5c63520fbeab,"Bohannan, Paul",A source book on Tiv religion,1969,765,Monograph,Tiv,Africa,Western Africa,horticulturalists,,"689,764",https://ehrafworldcultures.yale.edu/sres/282af097-a7f2-4700-9c87-5c63520fbeab
0353ed5e-b866-433f-b4c0-d7f442fcff53,"Bohannan, Paul",A source book on Tiv religion,1969,766,Monograph,Tiv,Africa,Western Africa,horticulturalists,,"606,689,764",https://ehrafworldcultures.yale.edu/sres/0353ed5e-b866-433f-b4c0-d7f442fcff53
32f90f5a-7733-42a4-a088-3bbe0140bc3a,"Bohannan, Paul",A source book on Tiv religion,1969,766,Monograph,Tiv,Africa,Western Africa,horticulturalists,,"689,764,778",https://ehrafworldcultures.yale.edu/sres/32f90f5a-7733-42a4-a088-3bbe0140bc3a
8a039ed0-5e74-4042-a7bd-aa2d865ac680,"Bohannan, Paul",A source book on Tiv religion,1969,782,Monograph,Tiv,Africa,Western Africa,horticulturalists,,"435,516,689,764",https://ehrafworldcultures.yale.edu/sres/8a039ed0-5e74-4042-a7bd-aa2d865ac680
2b305db6-fa3f-4900-90d1-ec5151ce4388,"Bohannan, Paul",A source book on Tiv religion,1969,106,Monograph,Tiv,Africa,Western Africa,horticulturalists,,"158,685",https://ehrafworldcultures.yale.edu/sres/2b305db6-fa3f-4900-90d1-ec5151ce4388
99a0cd7e-794e-487e-99a4-a163a58b267c,"Bohannan, Paul",A source book on Tiv religion,1969,280,Monograph,Tiv,Africa,Western Africa,horticulturalists,,"177,688,754,789",https://ehrafworldcultures.yale.edu/sres/99a0cd7e-794e-487e-99a4-a163a58b267c
eb61733e-b789-4553-9525-b6fad7c920d2,"Bohannan, Paul",A source book on Tiv religion,1969,357,Monograph,Tiv,Africa,Western Africa,horticulturalists,,"688,755,782,789",https://ehrafworldcultures.yale.edu/sres/eb61733e-b789-4553-9525-b6fad7c920d2
23ac1aff-e23e-4427-b6a8-fae1ae5e6651,"Bohannan, Paul",A source book on Tiv religion,1969,362,Monograph,Tiv,Africa,Western Africa,horticulturalists,,"583,586,689",https://ehrafworldcultures.yale.edu/sres/23ac1aff-e23e-4427-b6a8-fae1ae5e6651
fa5d0d03-4ad4-4f5c-b724-3f2b643659d1,"Bohannan, Paul",A source book on Tiv religion,1969,364,Monograph,Tiv,Africa,Western Africa,horticulturalists,,"128,231,258,262,263,435,583,688,754,755,782,784,789,824,825",https://ehrafworldcultures.yale.edu/sres/fa5d0d03-4ad4-4f5c-b724-3f2b643659d1
6ca95376-6953-495d-bfce-1e17e5887d59,"Bohannan, Paul",A source book on Tiv religion,1969,369,Monograph,Tiv,Africa,Western Africa,horticulturalists,,"114,128,435,587,593,688,782,787,789,824,837",https://ehrafworldcultures.yale.edu/sres/6ca95376-6953-495d-bfce-1e17e5887d59
fe500213-320c-4242-a549-5afdf71e0749,"Bohannan, Paul",A source book on Tiv religion,1969,382,Monograph,Tiv,Africa,Western Africa,horticulturalists,,"684,753,754,777,778,782,789,834,835,837,841",https://ehrafworldcultures.yale.edu/sres/fe500213-320c-4242-a549-5afdf71e0749
5a748e10-4689-4f4a-9768-89131c7a93ba,"Bohannan, Paul",A source book on Tiv religion,1969,398,Monograph,Tiv,Africa,Western Africa,horticulturalists,,"171,266,688,789,825",https://ehrafworldcultures.yale.edu/sres/5a748e10-4689-4f4a-9768-89131c7a93ba
ba1ab421-b3b1-46d1-82f7-b60fd8101d3e,"Bohannan, Paul",A source book on Tiv religion,1969,404,Monograph,Tiv,Africa,Western Africa,horticulturalists,,"682,789",https://ehrafworldcultures.yale.edu/sres/ba1ab421-b3b1-46d1-82f7-b60fd8101d3e
a6f402f1-d310-4ec6-bf22-a862cdf22fca,Akiga,"Akiga's story: the Tiv tribe as seen by one of its
            members",1939,51 [2],"Component part(s), monograph",Tiv,Africa,Western Africa,horticulturalists,,"177,266,687,721",https://ehrafworldcultures.yale.edu/sres/a6f402f1-d310-4ec6-bf22-a862cdf22fca
f092e55e-9552-489e-ae0b-651611195909,Akiga,"Akiga's story: the Tiv tribe as seen by one of its
            members",1939,75-76,"Component part(s), monograph",Tiv,Africa,Western Africa,horticulturalists,,"684,783",https://ehrafworldcultures.yale.edu/sres/f092e55e-9552-489e-ae0b-651611195909
83abfc51-d2e6-4dd2-9aa7-26e3c48eb631,Akiga,"Akiga's story: the Tiv tribe as seen by one of its
            members",1939,161-162,"Component part(s), monograph",Tiv,Africa,Western Africa,horticulturalists,,"672,684,692",https://ehrafworldcultures.yale.edu/sres/83abfc51-d2e6-4dd2-9aa7-26e3c48eb631
43e3973e-ae72-4240-bc97-1cbc8f447924,Akiga,"Akiga's story: the Tiv tribe as seen by one of its
            members",1939,161-162,"Component part(s), monograph",Tiv,Africa,Western Africa,horticulturalists,,"672,684,692",https://ehrafworldcultures.yale.edu/sres/43e3973e-ae72-4240-bc97-1cbc8f447924
2ea43b9b-1d80-4a5b-a6c7-60bdbd4ada16,Akiga,"Akiga's story: the Tiv tribe as seen by one of its
            members",1939,260-261,"Component part(s), monograph",Tiv,Africa,Western Africa,horticulturalists,,"177,278,682,782",https://ehrafworldcultures.yale.edu/sres/2ea43b9b-1d80-4a5b-a6c7-60bdbd4ada16
af5d4e39-793b-43d1-9e65-64d8b5738a6c,Akiga,"Akiga's story: the Tiv tribe as seen by one of its
            members",1939,261-262,"Component part(s), monograph",Tiv,Africa,Western Africa,horticulturalists,,"674,684,837",https://ehrafworldcultures.yale.edu/sres/af5d4e39-793b-43d1-9e65-64d8b5738a6c
32e7afd1-0940-4074-aee8-fdfed19b1d2d,Akiga,"Akiga's story: the Tiv tribe as seen by one of its
            members",1939,262,"Component part(s), monograph",Tiv,Africa,Western Africa,horticulturalists,,"674,684,837",https://ehrafworldcultures.yale.edu/sres/32e7afd1-0940-4074-aee8-fdfed19b1d2d
4ccda07b-b47a-4b14-954c-8700601c1b09,Akiga,"Akiga's story: the Tiv tribe as seen by one of its
            members",1939,262 [2],"Component part(s), monograph",Tiv,Africa,Western Africa,horticulturalists,,"674,684,837",https://ehrafworldcultures.yale.edu/sres/4ccda07b-b47a-4b14-954c-8700601c1b09
3379ac8e-f9e6-4970-81bc-d2dead81cf1c,Akiga,"Akiga's story: the Tiv tribe as seen by one of its
            members",1939,263-264,"Component part(s), monograph",Tiv,Africa,Western Africa,horticulturalists,,"586,674,682",https://ehrafworldcultures.yale.edu/sres/3379ac8e-f9e6-4970-81bc-d2dead81cf1c
68c5ad8d-4aed-4fdb-bb89-5601ecd3c186,Akiga,"Akiga's story: the Tiv tribe as seen by one of its
            members",1939,263-264,"Component part(s), monograph",Tiv,Africa,Western Africa,horticulturalists,,"586,674,682",https://ehrafworldcultures.yale.edu/sres/68c5ad8d-4aed-4fdb-bb89-5601ecd3c186
7feb7209-8cb6-42c8-8c85-b7893ea3d7a4,Akiga,"Akiga's story: the Tiv tribe as seen by one of its
            members",1939,264-265,"Component part(s), monograph",Tiv,Africa,Western Africa,horticulturalists,,"185,683,754",https://ehrafworldcultures.yale.edu/sres/7feb7209-8cb6-42c8-8c85-b7893ea3d7a4
c0b10801-99d5-4667-a8b3-762d46282635,Akiga,"Akiga's story: the Tiv tribe as seen by one of its
            members",1939,270-272,"Component part(s), monograph",Tiv,Africa,Western Africa,horticulturalists,,"273,682,778,782",https://ehrafworldcultures.yale.edu/sres/c0b10801-99d5-4667-a8b3-762d46282635
ee41a3be-b1bb-4252-95db-387dcf3992c5,Akiga,"Akiga's story: the Tiv tribe as seen by one of its
            members",1939,270-272,"Component part(s), monograph",Tiv,Africa,Western Africa,horticulturalists,,"273,682,778,782",https://ehrafworldcultures.yale.edu/sres/ee41a3be-b1bb-4252-95db-387dcf3992c5
ed5a0599-1aed-49a9-80b3-37ca85a5f251,Akiga,"Akiga's story: the Tiv tribe as seen by one of its
            members",1939,361,"Component part(s), monograph",Tiv,Africa,Western Africa,horticulturalists,,"466,554,686,837",https://ehrafworldcultures.yale.edu/sres/ed5a0599-1aed-49a9-80b3-37ca85a5f251
d653a660-f4e4-4e8a-9267-ebf13afbb462,Akiga,"Akiga's story: the Tiv tribe as seen by one of its
            members",1939,361 [2],"Component part(s), monograph",Tiv,Africa,Western Africa,horticulturalists,,"466,554,686,837",https://ehrafworldcultures.yale.edu/sres/d653a660-f4e4-4e8a-9267-ebf13afbb462
0aac07e8-b590-4665-803f-740ef4291bc2,"Bohannan, Paul",Justice and judgment among the Tiv,1968,211,Monograph,Tiv,Africa,Western Africa,horticulturalists,,"673,681,692,695",https://ehrafworldcultures.yale.edu/sres/0aac07e8-b590-4665-803f-740ef4291bc2
13a50fc5-aba3-4dbf-98a2-139d60e5e5d7,"Bohannan, Paul",Justice and judgment among the Tiv,1968,211,Monograph,Tiv,Africa,Western Africa,horticulturalists,,"673,681,692,695",https://ehrafworldcultures.yale.edu/sres/13a50fc5-aba3-4dbf-98a2-139d60e5e5d7
a7f91283-40c3-4b5a-9561-7da4700927a0,"Bohannan, Paul",Justice and judgment among the Tiv,1968,212,Monograph,Tiv,Africa,Western Africa,horticulturalists,,"426,686,692",https://ehrafworldcultures.yale.edu/sres/a7f91283-40c3-4b5a-9561-7da4700927a0
43155c66-ba4b-487f-8d1b-651ed95b97a4,"Bohannan, Paul",Justice and judgment among the Tiv,1968,19,Monograph,Tiv,Africa,Western Africa,horticulturalists,,"687,695,778",https://ehrafworldcultures.yale.edu/sres/43155c66-ba4b-487f-8d1b-651ed95b97a4
537a49cb-8ddb-4043-8d74-bb78991cb11a,"Bohannan, Paul",Justice and judgment among the Tiv,1968,[p. 20],Monograph,Tiv,Africa,Western Africa,horticulturalists,,"000,586,684,695",https://ehrafworldcultures.yale.edu/sres/537a49cb-8ddb-4043-8d74-bb78991cb11a
a58f1c5b-e455-484a-a298-bdbd1f696f66,"Bohannan, Paul",Justice and judgment among the Tiv,1968,[p. 20],Monograph,Tiv,Africa,Western Africa,horticulturalists,,"586,684,695",https://ehrafworldcultures.yale.edu/sres/a58f1c5b-e455-484a-a298-bdbd1f696f66
175ff5e5-25f8-4a63-91e2-48808d96035d,"Bohannan, Paul",Justice and judgment among the Tiv,1968,[p. 20],Monograph,Tiv,Africa,Western Africa,horticulturalists,,"586,684,695",https://ehrafworldcultures.yale.edu/sres/175ff5e5-25f8-4a63-91e2-48808d96035d
c90564f1-4224-4d37-bc57-74cbe9b9041a,"Bohannan, Paul",Justice and judgment among the Tiv,1968,[p. 20],Monograph,Tiv,Africa,Western Africa,horticulturalists,,"586,684,695",https://ehrafworldcultures.yale.edu/sres/c90564f1-4224-4d37-bc57-74cbe9b9041a
ce9f87ad-2620-4c06-806a-712d866b6a48,"Bohannan, Paul",Justice and judgment among the Tiv,1968,[p. 20],Monograph,Tiv,Africa,Western Africa,horticulturalists,,"586,684,695",https://ehrafworldcultures.yale.edu/sres/ce9f87ad-2620-4c06-806a-712d866b6a48
ef0d8d27-dddd-4109-a3a5-8e38ca6230e1,"Bohannan, Paul",Justice and judgment among the Tiv,1968,21,Monograph,Tiv,Africa,Western Africa,horticulturalists,,"593,686,691,695",https://ehrafworldcultures.yale.edu/sres/ef0d8d27-dddd-4109-a3a5-8e38ca6230e1
f151989e-9b38-403a-8c53-1474a0c0f424,"Bohannan, Paul",Justice and judgment among the Tiv,1968,21,Monograph,Tiv,Africa,Western Africa,horticulturalists,,"593,686,691,695",https://ehrafworldcultures.yale.edu/sres/f151989e-9b38-403a-8c53-1474a0c0f424
0c596f4f-5133-4de6-a1e2-fce2aeed65ff,"Bohannan, Paul",Justice and judgment among the Tiv,1968,21,Monograph,Tiv,Africa,Western Africa,horticulturalists,,"593,686,691,695",https://ehrafworldcultures.yale.edu/sres/0c596f4f-5133-4de6-a1e2-fce2aeed65ff
07d526f3-f2e0-4e9a-b9d7-efd70dd3cb3e,"Bohannan, Paul",Justice and judgment among the Tiv,1968,25,Monograph,Tiv,Africa,Western Africa,horticulturalists,,"422,606,685,691,695",https://ehrafworldcultures.yale.edu/sres/07d526f3-f2e0-4e9a-b9d7-efd70dd3cb3e
1cdfad77-0537-46cb-883a-ec6ae9343146,"Bohannan, Paul",Justice and judgment among the Tiv,1968,25,Monograph,Tiv,Africa,Western Africa,horticulturalists,,"422,606,685,691,695",https://ehrafworldcultures.yale.edu/sres/1cdfad77-0537-46cb-883a-ec6ae9343146
1d37ac43-896c-412d-8e05-f1852b1a69fa,"Bohannan, Paul",Justice and judgment among the Tiv,1968,25,Monograph,Tiv,Africa,Western Africa,horticulturalists,,"422,606,685,691,695",https://ehrafworldcultures.yale.edu/sres/1d37ac43-896c-412d-8e05-f1852b1a69fa
7ced68e2-b902-4183-8043-5f5c99312288,"Bohannan, Paul",Justice and judgment among the Tiv,1968,25,Monograph,Tiv,Africa,Western Africa,horticulturalists,,"422,606,685,691,695",https://ehrafworldcultures.yale.edu/sres/7ced68e2-b902-4183-8043-5f5c99312288
fe3f81ba-1f31-4bd9-8d75-b0b9c5f990d4,"Bohannan, Paul",Justice and judgment among the Tiv,1968,26,Monograph,Tiv,Africa,Western Africa,horticulturalists,,"685,693,695",https://ehrafworldcultures.yale.edu/sres/fe3f81ba-1f31-4bd9-8d75-b0b9c5f990d4
c0feaddb-e071-44ed-bc3d-29f592b99b83,"Bohannan, Paul",Justice and judgment among the Tiv,1968,26,Monograph,Tiv,Africa,Western Africa,horticulturalists,,"687,693",https://ehrafworldcultures.yale.edu/sres/c0feaddb-e071-44ed-bc3d-29f592b99b83
0515a1a1-5eb9-4aab-b6f1-a0fd792e4ddb,"Bohannan, Paul",Justice and judgment among the Tiv,1968,26,Monograph,Tiv,Africa,Western Africa,horticulturalists,,"685,687,693",https://ehrafworldcultures.yale.edu/sres/0515a1a1-5eb9-4aab-b6f1-a0fd792e4ddb
3d95359a-56d6-41ae-a23b-c9e4f04d239b,"Bohannan, Paul",Justice and judgment among the Tiv,1968,26,Monograph,Tiv,Africa,Western Africa,horticulturalists,,"685,693,695",https://ehrafworldcultures.yale.edu/sres/3d95359a-56d6-41ae-a23b-c9e4f04d239b
bfd2ff8b-b72d-43b3-9c53-1cee70f60871,"Bohannan, Paul",Justice and judgment among the Tiv,1968,26,Monograph,Tiv,Africa,Western Africa,horticulturalists,,"685,693,695",https://ehrafworldcultures.yale.edu/sres/bfd2ff8b-b72d-43b3-9c53-1cee70f60871
2c98092c-8cd0-4a36-8685-72c68abf4df7,"Bohannan, Paul",Justice and judgment among the Tiv,1968,26,Monograph,Tiv,Africa,Western Africa,horticulturalists,,"685,693,695",https://ehrafworldcultures.yale.edu/sres/2c98092c-8cd0-4a36-8685-72c68abf4df7
9c8ebee4-f4f3-41a6-84c3-442d4894bb70,"Bohannan, Paul",Justice and judgment among the Tiv,1968,32,Monograph,Tiv,Africa,Western Africa,horticulturalists,,"634,685,692,694",https://ehrafworldcultures.yale.edu/sres/9c8ebee4-f4f3-41a6-84c3-442d4894bb70
60c7591d-6530-40f7-92c2-a1a478abab3c,"Bohannan, Paul",Justice and judgment among the Tiv,1968,37,Monograph,Tiv,Africa,Western Africa,horticulturalists,,"686,695",https://ehrafworldcultures.yale.edu/sres/60c7591d-6530-40f7-92c2-a1a478abab3c
53098a55-7989-472f-91df-63fc3ac9a2cc,"Bohannan, Paul",Justice and judgment among the Tiv,1968,37,Monograph,Tiv,Africa,Western Africa,horticulturalists,,"586,687,695,778",https://ehrafworldcultures.yale.edu/sres/53098a55-7989-472f-91df-63fc3ac9a2cc
5f6ac6a1-c344-4dfb-b87e-498da706a9a3,"Bohannan, Paul",Justice and judgment among the Tiv,1968,38,Monograph,Tiv,Africa,Western Africa,horticulturalists,,"686,695",https://ehrafworldcultures.yale.edu/sres/5f6ac6a1-c344-4dfb-b87e-498da706a9a3
936b450d-7dec-438e-bb2b-403303b0fc92,"Bohannan, Paul",Justice and judgment among the Tiv,1968,38,Monograph,Tiv,Africa,Western Africa,horticulturalists,,"686,695",https://ehrafworldcultures.yale.edu/sres/936b450d-7dec-438e-bb2b-403303b0fc92
579719c9-57d7-49c6-a825-f49060e76906,"Bohannan, Paul",Justice and judgment among the Tiv,1968,38,Monograph,Tiv,Africa,Western Africa,horticulturalists,,"427,443,493,685,691",https://ehrafworldcultures.yale.edu/sres/579719c9-57d7-49c6-a825-f49060e76906
b2febe07-1c5d-48cd-89cd-ae1455f59d1b,"Bohannan, Paul",Justice and judgment among the Tiv,1968,38,Monograph,Tiv,Africa,Western Africa,horticulturalists,,"493,685,694,695",https://ehrafworldcultures.yale.edu/sres/b2febe07-1c5d-48cd-89cd-ae1455f59d1b
e2685170-da40-4f38-a8db-2b50ec024a06,"Bohannan, Paul",Justice and judgment among the Tiv,1968,38,Monograph,Tiv,Africa,Western Africa,horticulturalists,,"493,685,695",https://ehrafworldcultures.yale.edu/sres/e2685170-da40-4f38-a8db-2b50ec024a06
5f565d1f-415d-4951-bfa3-3889e22a62bc,"Bohannan, Paul",Justice and judgment among the Tiv,1968,42,Monograph,Tiv,Africa,Western Africa,horticulturalists,,"687,695,763,778",https://ehrafworldcultures.yale.edu/sres/5f565d1f-415d-4951-bfa3-3889e22a62bc
d8b665f0-7054-47a9-9d03-c9664f6d18d1,"Bohannan, Paul",Justice and judgment among the Tiv,1968,42,Monograph,Tiv,Africa,Western Africa,horticulturalists,,"000,586,587,687,691,695,763",https://ehrafworldcultures.yale.edu/sres/d8b665f0-7054-47a9-9d03-c9664f6d18d1
1c42e66b-67db-4731-acd9-8fd5944c7586,"Bohannan, Paul",Justice and judgment among the Tiv,1968,42,Monograph,Tiv,Africa,Western Africa,horticulturalists,,"681,778",https://ehrafworldcultures.yale.edu/sres/1c42e66b-67db-4731-acd9-8fd5944c7586
a3d27c2d-6384-4fae-8617-f7720a466b15,"Bohannan, Paul",Justice and judgment among the Tiv,1968,42,Monograph,Tiv,Africa,Western Africa,horticulturalists,,687,https://ehrafworldcultures.yale.edu/sres/a3d27c2d-6384-4fae-8617-f7720a466b15
3cd8d133-2fea-4382-a1c7-6eaa8fa2ab56,"Bohannan, Paul",Justice and judgment among the Tiv,1968,43,Monograph,Tiv,Africa,Western Africa,horticulturalists,,"687,695,778",https://ehrafworldcultures.yale.edu/sres/3cd8d133-2fea-4382-a1c7-6eaa8fa2ab56
3969f5a8-25f4-4fbc-b9e6-791454092430,"Bohannan, Paul",Justice and judgment among the Tiv,1968,43,Monograph,Tiv,Africa,Western Africa,horticulturalists,,"687,695,778",https://ehrafworldcultures.yale.edu/sres/3969f5a8-25f4-4fbc-b9e6-791454092430
2238098d-e037-4503-93c2-07f5875bb1cd,"Bohannan, Paul",Justice and judgment among the Tiv,1968,43,Monograph,Tiv,Africa,Western Africa,horticulturalists,,"687,695,778",https://ehrafworldcultures.yale.edu/sres/2238098d-e037-4503-93c2-07f5875bb1cd
7dc96fb9-ecb8-4296-b9c8-91e7ef0fa020,"Bohannan, Paul",Justice and judgment among the Tiv,1968,43,Monograph,Tiv,Africa,Western Africa,horticulturalists,,"687,695,778",https://ehrafworldcultures.yale.edu/sres/7dc96fb9-ecb8-4296-b9c8-91e7ef0fa020
40b85237-cb4d-4d0f-9a7a-b931ba2cb609,"Bohannan, Paul",Justice and judgment among the Tiv,1968,43,Monograph,Tiv,Africa,Western Africa,horticulturalists,,"687,695,778",https://ehrafworldcultures.yale.edu/sres/40b85237-cb4d-4d0f-9a7a-b931ba2cb609
8943806e-8b0d-4600-94bd-fed60150628f,"Bohannan, Paul",Justice and judgment among the Tiv,1968,44,Monograph,Tiv,Africa,Western Africa,horticulturalists,,"687,695,778",https://ehrafworldcultures.yale.edu/sres/8943806e-8b0d-4600-94bd-fed60150628f
587c529e-76ba-4ffd-9091-808a91a2b339,"Bohannan, Paul",Justice and judgment among the Tiv,1968,44,Monograph,Tiv,Africa,Western Africa,horticulturalists,,"687,695,778",https://ehrafworldcultures.yale.edu/sres/587c529e-76ba-4ffd-9091-808a91a2b339
44e6632f-7b8e-4e1d-9768-88dbb2758502,"Bohannan, Paul",Justice and judgment among the Tiv,1968,44,Monograph,Tiv,Africa,Western Africa,horticulturalists,,"687,695,778",https://ehrafworldcultures.yale.edu/sres/44e6632f-7b8e-4e1d-9768-88dbb2758502
f68cf23c-81a6-4458-9916-29ea539c4e5c,"Bohannan, Paul",Justice and judgment among the Tiv,1968,44,Monograph,Tiv,Africa,Western Africa,horticulturalists,,"595,684,691,695",https://ehrafworldcultures.yale.edu/sres/f68cf23c-81a6-4458-9916-29ea539c4e5c
7209a3b1-ce3f-4858-b035-b150e3e2e61c,"Bohannan, Paul",Justice and judgment among the Tiv,1968,45,Monograph,Tiv,Africa,Western Africa,horticulturalists,,"178,354,681,695,778",https://ehrafworldcultures.yale.edu/sres/7209a3b1-ce3f-4858-b035-b150e3e2e61c
8184f433-2a8f-4977-a6e8-39bc986559bf,"Bohannan, Paul",Justice and judgment among the Tiv,1968,46,Monograph,Tiv,Africa,Western Africa,horticulturalists,,"688,778",https://ehrafworldcultures.yale.edu/sres/8184f433-2a8f-4977-a6e8-39bc986559bf
3a99788f-aaf4-4d33-80e4-3530bfddf4a1,"Bohannan, Paul",Justice and judgment among the Tiv,1968,47,Monograph,Tiv,Africa,Western Africa,horticulturalists,,"681,695",https://ehrafworldcultures.yale.edu/sres/3a99788f-aaf4-4d33-80e4-3530bfddf4a1
a7b46cf4-8336-4f56-89e3-9b24a99950ea,"Bohannan, Paul",Justice and judgment among the Tiv,1968,47,Monograph,Tiv,Africa,Western Africa,horticulturalists,,"681,695",https://ehrafworldcultures.yale.edu/sres/a7b46cf4-8336-4f56-89e3-9b24a99950ea
8f042124-ed35-435d-a699-328c6efe8122,"Bohannan, Paul",Justice and judgment among the Tiv,1968,47,Monograph,Tiv,Africa,Western Africa,horticulturalists,,"681,695",https://ehrafworldcultures.yale.edu/sres/8f042124-ed35-435d-a699-328c6efe8122
cb6714bb-178f-4418-81ca-579f38480d12,"Bohannan, Paul",Justice and judgment among the Tiv,1968,50,Monograph,Tiv,Africa,Western Africa,horticulturalists,,"577,685,787",https://ehrafworldcultures.yale.edu/sres/cb6714bb-178f-4418-81ca-579f38480d12
76d9ae31-1aa4-4bcb-9f54-15275f2be3d7,"Bohannan, Paul",Justice and judgment among the Tiv,1968,59,Monograph,Tiv,Africa,Western Africa,horticulturalists,,687,https://ehrafworldcultures.yale.edu/sres/76d9ae31-1aa4-4bcb-9f54-15275f2be3d7
8b5b25f6-ee81-4af3-89a3-ee092e0512c3,"Bohannan, Paul",Justice and judgment among the Tiv,1968,59,Monograph,Tiv,Africa,Western Africa,horticulturalists,,"578,687,691,694,695",https://ehrafworldcultures.yale.edu/sres/8b5b25f6-ee81-4af3-89a3-ee092e0512c3
b81d669c-ddf4-47e7-bba5-68e48d0166f2,"Bohannan, Paul",Justice and judgment among the Tiv,1968,60,Monograph,Tiv,Africa,Western Africa,horticulturalists,,687,https://ehrafworldcultures.yale.edu/sres/b81d669c-ddf4-47e7-bba5-68e48d0166f2
4dc4e31e-c6de-4d5c-9a3c-72f2e4b93e5b,"Bohannan, Paul",Justice and judgment among the Tiv,1968,60,Monograph,Tiv,Africa,Western Africa,horticulturalists,,687,https://ehrafworldcultures.yale.edu/sres/4dc4e31e-c6de-4d5c-9a3c-72f2e4b93e5b
38354bf6-e39b-4364-ad88-0d62f7d38f4f,"Bohannan, Paul",Justice and judgment among the Tiv,1968,61,Monograph,Tiv,Africa,Western Africa,horticulturalists,,"687,693",https://ehrafworldcultures.yale.edu/sres/38354bf6-e39b-4364-ad88-0d62f7d38f4f
b0699e9a-a603-47f1-a600-572b636a8804,"Bohannan, Paul",Justice and judgment among the Tiv,1968,61,Monograph,Tiv,Africa,Western Africa,horticulturalists,,"687,693,695",https://ehrafworldcultures.yale.edu/sres/b0699e9a-a603-47f1-a600-572b636a8804
ac91dfee-8cf0-42c4-96c8-c93809d763b2,"Bohannan, Paul",Justice and judgment among the Tiv,1968,63,Monograph,Tiv,Africa,Western Africa,horticulturalists,,"121,687,692,693",https://ehrafworldcultures.yale.edu/sres/ac91dfee-8cf0-42c4-96c8-c93809d763b2
407b9f25-6497-4bb8-ab9f-0f8e694fcafe,"Bohannan, Paul",Justice and judgment among the Tiv,1968,64,Monograph,Tiv,Africa,Western Africa,horticulturalists,,"121,687",https://ehrafworldcultures.yale.edu/sres/407b9f25-6497-4bb8-ab9f-0f8e694fcafe
7f14af72-fe14-492c-845a-75163d8acf08,"Bohannan, Paul",Justice and judgment among the Tiv,1968,65,Monograph,Tiv,Africa,Western Africa,horticulturalists,,"683,685,691",https://ehrafworldcultures.yale.edu/sres/7f14af72-fe14-492c-845a-75163d8acf08
8161331c-0680-4c16-942d-a1e1afefad11,"Bohannan, Paul",Justice and judgment among the Tiv,1968,66,Monograph,Tiv,Africa,Western Africa,horticulturalists,,"613,683,685,693,695",https://ehrafworldcultures.yale.edu/sres/8161331c-0680-4c16-942d-a1e1afefad11
9d3a5fa1-ada3-47c8-b315-dd400a049f94,"Bohannan, Paul",Justice and judgment among the Tiv,1968,66,Monograph,Tiv,Africa,Western Africa,horticulturalists,,"613,683,685,693,695",https://ehrafworldcultures.yale.edu/sres/9d3a5fa1-ada3-47c8-b315-dd400a049f94
4c5d6bae-9057-4f69-b9b2-40e3d2041a94,"Bohannan, Paul",Justice and judgment among the Tiv,1968,66,Monograph,Tiv,Africa,Western Africa,horticulturalists,,"613,683,685,693,695",https://ehrafworldcultures.yale.edu/sres/4c5d6bae-9057-4f69-b9b2-40e3d2041a94
abefabdc-e2af-4d1d-84c3-8441fc13ffd3,"Bohannan, Paul",Justice and judgment among the Tiv,1968,66,Monograph,Tiv,Africa,Western Africa,horticulturalists,,"231,291,516,533,534,578,687,692,693,695,778",https://ehrafworldcultures.yale.edu/sres/abefabdc-e2af-4d1d-84c3-8441fc13ffd3
eac7203c-4031-46eb-8d4d-77043a764778,"Bohannan, Paul",Justice and judgment among the Tiv,1968,68,Monograph,Tiv,Africa,Western Africa,horticulturalists,,"681,697",https://ehrafworldcultures.yale.edu/sres/eac7203c-4031-46eb-8d4d-77043a764778
bff1e904-baef-4772-8462-672787ecb565,"Bohannan, Paul",Justice and judgment among the Tiv,1968,78,Monograph,Tiv,Africa,Western Africa,horticulturalists,,"583,684,691",https://ehrafworldcultures.yale.edu/sres/bff1e904-baef-4772-8462-672787ecb565
d2c83a0a-f8d7-4b26-a602-753303fa5e44,"Bohannan, Paul",Justice and judgment among the Tiv,1968,79,Monograph,Tiv,Africa,Western Africa,horticulturalists,,"429,684",https://ehrafworldcultures.yale.edu/sres/d2c83a0a-f8d7-4b26-a602-753303fa5e44
f8d0dcc9-d908-42a8-a776-547aa109e416,"Bohannan, Paul",Justice and judgment among the Tiv,1968,79,Monograph,Tiv,Africa,Western Africa,horticulturalists,,"429,684",https://ehrafworldcultures.yale.edu/sres/f8d0dcc9-d908-42a8-a776-547aa109e416
ed92f711-63c3-4c93-a0ce-bdb37a357456,"Bohannan, Paul",Justice and judgment among the Tiv,1968,79,Monograph,Tiv,Africa,Western Africa,horticulturalists,,"429,684",https://ehrafworldcultures.yale.edu/sres/ed92f711-63c3-4c93-a0ce-bdb37a357456
bb5831a5-cdf8-457b-beab-133281f8686a,"Bohannan, Paul",Justice and judgment among the Tiv,1968,79,Monograph,Tiv,Africa,Western Africa,horticulturalists,,"429,684",https://ehrafworldcultures.yale.edu/sres/bb5831a5-cdf8-457b-beab-133281f8686a
ee3be601-97d3-4023-9bdd-457247616919,"Bohannan, Paul",Justice and judgment among the Tiv,1968,79,Monograph,Tiv,Africa,Western Africa,horticulturalists,,"000,429,583,683,684,691,695,842",https://ehrafworldcultures.yale.edu/sres/ee3be601-97d3-4023-9bdd-457247616919
eb6900fa-a848-4047-b69e-ba8779de877d,"Bohannan, Paul",Justice and judgment among the Tiv,1968,79,Monograph,Tiv,Africa,Western Africa,horticulturalists,,"429,583,683,684,691,695,842",https://ehrafworldcultures.yale.edu/sres/eb6900fa-a848-4047-b69e-ba8779de877d
057b8b11-6b2e-4614-bff0-d45edfc2f0c1,"Bohannan, Paul",Justice and judgment among the Tiv,1968,79,Monograph,Tiv,Africa,Western Africa,horticulturalists,,"000,429,683,695",https://ehrafworldcultures.yale.edu/sres/057b8b11-6b2e-4614-bff0-d45edfc2f0c1
1f39d622-bc46-4440-b342-5e9b91e7cfe8,"Bohannan, Paul",Justice and judgment among the Tiv,1968,80,Monograph,Tiv,Africa,Western Africa,horticulturalists,,"429,583,602,684",https://ehrafworldcultures.yale.edu/sres/1f39d622-bc46-4440-b342-5e9b91e7cfe8
d4e3bcaa-463a-4fb4-a4f3-5d30421b199a,"Bohannan, Paul",Justice and judgment among the Tiv,1968,80,Monograph,Tiv,Africa,Western Africa,horticulturalists,,"429,583,602,684",https://ehrafworldcultures.yale.edu/sres/d4e3bcaa-463a-4fb4-a4f3-5d30421b199a
173d8413-e51c-4823-bf52-87533ff39c56,"Bohannan, Paul",Justice and judgment among the Tiv,1968,80,Monograph,Tiv,Africa,Western Africa,horticulturalists,,"429,583,602,684",https://ehrafworldcultures.yale.edu/sres/173d8413-e51c-4823-bf52-87533ff39c56
319e2112-2850-42d6-ba12-02577f5dfa5f,"Bohannan, Paul",Justice and judgment among the Tiv,1968,80,Monograph,Tiv,Africa,Western Africa,horticulturalists,,"429,684,695",https://ehrafworldcultures.yale.edu/sres/319e2112-2850-42d6-ba12-02577f5dfa5f
ad8994a1-5ac5-424d-ace5-178221f8f2eb,"Bohannan, Paul",Justice and judgment among the Tiv,1968,81,Monograph,Tiv,Africa,Western Africa,horticulturalists,,"429,684,695",https://ehrafworldcultures.yale.edu/sres/ad8994a1-5ac5-424d-ace5-178221f8f2eb
4d0817c8-64c9-464c-b873-40032a8b829b,"Bohannan, Paul",Justice and judgment among the Tiv,1968,83,Monograph,Tiv,Africa,Western Africa,horticulturalists,,"217,583,681,691,695",https://ehrafworldcultures.yale.edu/sres/4d0817c8-64c9-464c-b873-40032a8b829b
bbb5e1f6-5806-4660-9323-ac8a9621f91a,"Bohannan, Paul",Justice and judgment among the Tiv,1968,83,Monograph,Tiv,Africa,Western Africa,horticulturalists,,"217,583,681,691,695",https://ehrafworldcultures.yale.edu/sres/bbb5e1f6-5806-4660-9323-ac8a9621f91a
b04cbdef-9c24-4a2a-a006-1ebf9bff3178,"Bohannan, Paul",Justice and judgment among the Tiv,1968,83,Monograph,Tiv,Africa,Western Africa,horticulturalists,,"684,691,695",https://ehrafworldcultures.yale.edu/sres/b04cbdef-9c24-4a2a-a006-1ebf9bff3178
d8488637-f277-48db-b50f-486ea4a83e55,"Bohannan, Paul",Justice and judgment among the Tiv,1968,83,Monograph,Tiv,Africa,Western Africa,horticulturalists,,"684,691,695",https://ehrafworldcultures.yale.edu/sres/d8488637-f277-48db-b50f-486ea4a83e55
2bb626df-12bf-4023-adda-849cf53e304b,"Bohannan, Paul",Justice and judgment among the Tiv,1968,83,Monograph,Tiv,Africa,Western Africa,horticulturalists,,"684,695",https://ehrafworldcultures.yale.edu/sres/2bb626df-12bf-4023-adda-849cf53e304b
8073a3a6-4489-4ac6-8164-8211dc7a62d6,"Bohannan, Paul",Justice and judgment among the Tiv,1968,83,Monograph,Tiv,Africa,Western Africa,horticulturalists,,"684,695,697",https://ehrafworldcultures.yale.edu/sres/8073a3a6-4489-4ac6-8164-8211dc7a62d6
2d4c249f-7019-44ac-921b-14a8a7f495f6,"Bohannan, Paul",Justice and judgment among the Tiv,1968,84,Monograph,Tiv,Africa,Western Africa,horticulturalists,,684,https://ehrafworldcultures.yale.edu/sres/2d4c249f-7019-44ac-921b-14a8a7f495f6
bec0cdf1-6ee1-4b3c-9044-1c9139c332dd,"Bohannan, Paul",Justice and judgment among the Tiv,1968,84,Monograph,Tiv,Africa,Western Africa,horticulturalists,,"684,691",https://ehrafworldcultures.yale.edu/sres/bec0cdf1-6ee1-4b3c-9044-1c9139c332dd
af32792e-2bcd-4040-a726-b85eda27d1c3,"Bohannan, Paul",Justice and judgment among the Tiv,1968,84,Monograph,Tiv,Africa,Western Africa,horticulturalists,,"672,684,695",https://ehrafworldcultures.yale.edu/sres/af32792e-2bcd-4040-a726-b85eda27d1c3
e47b3d90-5488-4f9a-a137-85025cd7a1d1,"Bohannan, Paul",Justice and judgment among the Tiv,1968,84,Monograph,Tiv,Africa,Western Africa,horticulturalists,,"672,684,695",https://ehrafworldcultures.yale.edu/sres/e47b3d90-5488-4f9a-a137-85025cd7a1d1
8bba658a-88b8-44d6-ba4a-e8376f0a2304,"Bohannan, Paul",Justice and judgment among the Tiv,1968,84,Monograph,Tiv,Africa,Western Africa,horticulturalists,,"672,684,695",https://ehrafworldcultures.yale.edu/sres/8bba658a-88b8-44d6-ba4a-e8376f0a2304
6ae2e7a3-a3c5-4850-ad62-c4125319d171,"Bohannan, Paul",Justice and judgment among the Tiv,1968,85,Monograph,Tiv,Africa,Western Africa,horticulturalists,,"672,684,695",https://ehrafworldcultures.yale.edu/sres/6ae2e7a3-a3c5-4850-ad62-c4125319d171
069eecb5-fbff-4ff2-8902-2fefbbd3eddb,"Bohannan, Paul",Justice and judgment among the Tiv,1968,85,Monograph,Tiv,Africa,Western Africa,horticulturalists,,"672,684,695",https://ehrafworldcultures.yale.edu/sres/069eecb5-fbff-4ff2-8902-2fefbbd3eddb
d840a613-6d67-44c9-8329-d28f3b1d4ef8,"Bohannan, Paul",Justice and judgment among the Tiv,1968,85,Monograph,Tiv,Africa,Western Africa,horticulturalists,,"684,695,697",https://ehrafworldcultures.yale.edu/sres/d840a613-6d67-44c9-8329-d28f3b1d4ef8
85623ed3-829b-4033-b875-e94a3e932cf5,"Bohannan, Paul",Justice and judgment among the Tiv,1968,85,Monograph,Tiv,Africa,Western Africa,horticulturalists,,"562,684,695",https://ehrafworldcultures.yale.edu/sres/85623ed3-829b-4033-b875-e94a3e932cf5
7db6e7de-cc2e-46cd-8b3d-804dc2c5fc4e,"Bohannan, Paul",Justice and judgment among the Tiv,1968,85,Monograph,Tiv,Africa,Western Africa,horticulturalists,,"672,684,695",https://ehrafworldcultures.yale.edu/sres/7db6e7de-cc2e-46cd-8b3d-804dc2c5fc4e
52ec74b2-9612-4343-8e17-58ead43f961e,"Bohannan, Paul",Justice and judgment among the Tiv,1968,85,Monograph,Tiv,Africa,Western Africa,horticulturalists,,"672,684,695",https://ehrafworldcultures.yale.edu/sres/52ec74b2-9612-4343-8e17-58ead43f961e
f44536d9-3115-42da-acee-9116c3d45e1f,"Bohannan, Paul",Justice and judgment among the Tiv,1968,90,Monograph,Tiv,Africa,Western Africa,horticulturalists,,"586,613,686,691",https://ehrafworldcultures.yale.edu/sres/f44536d9-3115-42da-acee-9116c3d45e1f
acbd183c-5005-416e-ba2f-cfabdffa6b7d,"Bohannan, Paul",Justice and judgment among the Tiv,1968,91,Monograph,Tiv,Africa,Western Africa,horticulturalists,,"586,686,691",https://ehrafworldcultures.yale.edu/sres/acbd183c-5005-416e-ba2f-cfabdffa6b7d
19461fd3-a4d2-4d2c-bd54-7bd9bf5cf57d,"Bohannan, Paul",Justice and judgment among the Tiv,1968,92,Monograph,Tiv,Africa,Western Africa,horticulturalists,,"217,586,684,686,695",https://ehrafworldcultures.yale.edu/sres/19461fd3-a4d2-4d2c-bd54-7bd9bf5cf57d
603099fc-9fcb-41cd-8700-d8fbe747a2c2,"Bohannan, Paul",Justice and judgment among the Tiv,1968,93,Monograph,Tiv,Africa,Western Africa,horticulturalists,,"586,684",https://ehrafworldcultures.yale.edu/sres/603099fc-9fcb-41cd-8700-d8fbe747a2c2
67b84c62-0b50-49bc-8ffd-5440311ac59b,"Bohannan, Paul",Justice and judgment among the Tiv,1968,93,Monograph,Tiv,Africa,Western Africa,horticulturalists,,"126,586,684,691",https://ehrafworldcultures.yale.edu/sres/67b84c62-0b50-49bc-8ffd-5440311ac59b
568920de-bbf2-441b-ada5-762464701b66,"Bohannan, Paul",Justice and judgment among the Tiv,1968,98,Monograph,Tiv,Africa,Western Africa,horticulturalists,,"431,582,673,681,695",https://ehrafworldcultures.yale.edu/sres/568920de-bbf2-441b-ada5-762464701b66
8a35ee88-6b66-4aa3-a5bf-88227444072e,"Bohannan, Paul",Justice and judgment among the Tiv,1968,99,Monograph,Tiv,Africa,Western Africa,horticulturalists,,"681,684,697",https://ehrafworldcultures.yale.edu/sres/8a35ee88-6b66-4aa3-a5bf-88227444072e
06475828-30ce-4207-ad72-18885d9fb93b,"Bohannan, Paul",Justice and judgment among the Tiv,1968,100,Monograph,Tiv,Africa,Western Africa,horticulturalists,,"000,121,681",https://ehrafworldcultures.yale.edu/sres/06475828-30ce-4207-ad72-18885d9fb93b
de0be9d4-5207-4ca5-afe3-c08fb5d9f930,"Bohannan, Paul",Justice and judgment among the Tiv,1968,101,Monograph,Tiv,Africa,Western Africa,horticulturalists,,"121,681",https://ehrafworldcultures.yale.edu/sres/de0be9d4-5207-4ca5-afe3-c08fb5d9f930
221c6fdc-581c-4941-8160-02f7146132a5,"Bohannan, Paul",Justice and judgment among the Tiv,1968,[p. 102],Monograph,Tiv,Africa,Western Africa,horticulturalists,,"231,685",https://ehrafworldcultures.yale.edu/sres/221c6fdc-581c-4941-8160-02f7146132a5
c436f44a-b152-42a7-9841-fd0d78b1832f,"Bohannan, Paul",Justice and judgment among the Tiv,1968,105,Monograph,Tiv,Africa,Western Africa,horticulturalists,,"231,685,691,695",https://ehrafworldcultures.yale.edu/sres/c436f44a-b152-42a7-9841-fd0d78b1832f
9be93436-54cc-4a8a-a778-15780baa6e69,"Bohannan, Paul",Justice and judgment among the Tiv,1968,105,Monograph,Tiv,Africa,Western Africa,horticulturalists,,"231,685,691",https://ehrafworldcultures.yale.edu/sres/9be93436-54cc-4a8a-a778-15780baa6e69
a3485f07-61ce-4ed6-b325-59a5d271ec72,"Bohannan, Paul",Justice and judgment among the Tiv,1968,105,Monograph,Tiv,Africa,Western Africa,horticulturalists,,"231,685,695",https://ehrafworldcultures.yale.edu/sres/a3485f07-61ce-4ed6-b325-59a5d271ec72
c85d746d-3555-4a0b-977f-4f6c8f6c1ffc,"Bohannan, Paul",Justice and judgment among the Tiv,1968,106,Monograph,Tiv,Africa,Western Africa,horticulturalists,,"231,685,695",https://ehrafworldcultures.yale.edu/sres/c85d746d-3555-4a0b-977f-4f6c8f6c1ffc
de2c74ea-be7d-41e4-9e81-7b879ceac0fa,"Bohannan, Paul",Justice and judgment among the Tiv,1968,110,Monograph,Tiv,Africa,Western Africa,horticulturalists,,"556,685,695",https://ehrafworldcultures.yale.edu/sres/de2c74ea-be7d-41e4-9e81-7b879ceac0fa
70d798cc-f778-4ccf-b620-058532b6c003,"Bohannan, Paul",Justice and judgment among the Tiv,1968,110,Monograph,Tiv,Africa,Western Africa,horticulturalists,,"426,525,556,606,685,695",https://ehrafworldcultures.yale.edu/sres/70d798cc-f778-4ccf-b620-058532b6c003
e40ece57-17ec-4896-9a3c-f068bda91a2a,"Bohannan, Paul",Justice and judgment among the Tiv,1968,110,Monograph,Tiv,Africa,Western Africa,horticulturalists,,"426,525,556,606,685,695",https://ehrafworldcultures.yale.edu/sres/e40ece57-17ec-4896-9a3c-f068bda91a2a
f0bbcec8-3d2c-4bf0-b0db-9b8a272c2902,"Bohannan, Paul",Justice and judgment among the Tiv,1968,112,Monograph,Tiv,Africa,Western Africa,horticulturalists,,"426,673,685,829",https://ehrafworldcultures.yale.edu/sres/f0bbcec8-3d2c-4bf0-b0db-9b8a272c2902
274f0e94-a595-4e49-b8dc-6d3960c968b0,"Bohannan, Paul",Justice and judgment among the Tiv,1968,[p. 113],Monograph,Tiv,Africa,Western Africa,horticulturalists,,"673,684,691",https://ehrafworldcultures.yale.edu/sres/274f0e94-a595-4e49-b8dc-6d3960c968b0
a07c0eab-9a2c-4ffa-a604-7f205774c762,"Bohannan, Paul",Justice and judgment among the Tiv,1968,114,Monograph,Tiv,Africa,Western Africa,horticulturalists,,"656,685,687,691",https://ehrafworldcultures.yale.edu/sres/a07c0eab-9a2c-4ffa-a604-7f205774c762
0c720d9a-e937-4425-bb81-4d06e3654944,"Bohannan, Paul",Justice and judgment among the Tiv,1968,114,Monograph,Tiv,Africa,Western Africa,horticulturalists,,"000,128,683,685,691",https://ehrafworldcultures.yale.edu/sres/0c720d9a-e937-4425-bb81-4d06e3654944
bc4833b7-a719-4794-8618-2171a97a4df3,"Bohannan, Paul",Justice and judgment among the Tiv,1968,115,Monograph,Tiv,Africa,Western Africa,horticulturalists,,"123,685,691",https://ehrafworldcultures.yale.edu/sres/bc4833b7-a719-4794-8618-2171a97a4df3
14d78774-09fd-4ff2-b0ba-74abc4916074,"Bohannan, Paul",Justice and judgment among the Tiv,1968,115,Monograph,Tiv,Africa,Western Africa,horticulturalists,,"443,685,695",https://ehrafworldcultures.yale.edu/sres/14d78774-09fd-4ff2-b0ba-74abc4916074
62af28b0-699a-48db-ac05-ae94163008ab,"Bohannan, Paul",Justice and judgment among the Tiv,1968,116,Monograph,Tiv,Africa,Western Africa,horticulturalists,,"443,685",https://ehrafworldcultures.yale.edu/sres/62af28b0-699a-48db-ac05-ae94163008ab
e2586165-c644-4193-843f-1d1e06d8f616,"Bohannan, Paul",Justice and judgment among the Tiv,1968,119,Monograph,Tiv,Africa,Western Africa,horticulturalists,,"673,681",https://ehrafworldcultures.yale.edu/sres/e2586165-c644-4193-843f-1d1e06d8f616
a104d217-28d1-42cd-a7f4-7a1f1ca422d8,"Bohannan, Paul",Justice and judgment among the Tiv,1968,119,Monograph,Tiv,Africa,Western Africa,horticulturalists,,"128,192,673,681",https://ehrafworldcultures.yale.edu/sres/a104d217-28d1-42cd-a7f4-7a1f1ca422d8
110139bf-ae39-494d-b1b4-2b03807478fb,"Bohannan, Paul",Justice and judgment among the Tiv,1968,120,Monograph,Tiv,Africa,Western Africa,horticulturalists,,"128,192,673,681",https://ehrafworldcultures.yale.edu/sres/110139bf-ae39-494d-b1b4-2b03807478fb
78c58605-09c3-4208-a07e-9625ab1f714b,"Bohannan, Paul",Justice and judgment among the Tiv,1968,121,Monograph,Tiv,Africa,Western Africa,horticulturalists,,"681,685,692",https://ehrafworldcultures.yale.edu/sres/78c58605-09c3-4208-a07e-9625ab1f714b
ed47fcb1-4b50-4db3-ae3b-a223b9f14ec9,"Bohannan, Paul",Justice and judgment among the Tiv,1968,121,Monograph,Tiv,Africa,Western Africa,horticulturalists,,"126,605,613,685",https://ehrafworldcultures.yale.edu/sres/ed47fcb1-4b50-4db3-ae3b-a223b9f14ec9
104d832e-1e1f-493e-b4ad-b27e65a48883,"Bohannan, Paul",Justice and judgment among the Tiv,1968,123,Monograph,Tiv,Africa,Western Africa,horticulturalists,,685,https://ehrafworldcultures.yale.edu/sres/104d832e-1e1f-493e-b4ad-b27e65a48883
7d49a0c0-d876-48f8-98ff-afef6ab36e07,"Bohannan, Paul",Justice and judgment among the Tiv,1968,124,Monograph,Tiv,Africa,Western Africa,horticulturalists,,"178,613,681,685",https://ehrafworldcultures.yale.edu/sres/7d49a0c0-d876-48f8-98ff-afef6ab36e07
4838ef59-bd9c-48bc-b95e-1fb42c683df9,"Bohannan, Paul",Justice and judgment among the Tiv,1968,124,Monograph,Tiv,Africa,Western Africa,horticulturalists,,"685,829",https://ehrafworldcultures.yale.edu/sres/4838ef59-bd9c-48bc-b95e-1fb42c683df9
aa62899c-a15b-45d4-88a7-5f2e8eb8235f,"Bohannan, Paul",Justice and judgment among the Tiv,1968,124,Monograph,Tiv,Africa,Western Africa,horticulturalists,,"554,681,685",https://ehrafworldcultures.yale.edu/sres/aa62899c-a15b-45d4-88a7-5f2e8eb8235f
9f08cd80-252e-4bc7-aa85-7413362a54d8,"Bohannan, Paul",Justice and judgment among the Tiv,1968,124,Monograph,Tiv,Africa,Western Africa,horticulturalists,,"558,613,685,829",https://ehrafworldcultures.yale.edu/sres/9f08cd80-252e-4bc7-aa85-7413362a54d8
fa7cad05-9600-4c9a-8849-12d518ead4ff,"Bohannan, Paul",Justice and judgment among the Tiv,1968,124,Monograph,Tiv,Africa,Western Africa,horticulturalists,,"183,613,685",https://ehrafworldcultures.yale.edu/sres/fa7cad05-9600-4c9a-8849-12d518ead4ff
37eedd38-eccd-4750-805e-152868e229c1,"Bohannan, Paul",Justice and judgment among the Tiv,1968,125,Monograph,Tiv,Africa,Western Africa,horticulturalists,,"625,681,685",https://ehrafworldcultures.yale.edu/sres/37eedd38-eccd-4750-805e-152868e229c1
86472891-5387-4c5e-9e4e-342b17612f61,"Bohannan, Paul",Justice and judgment among the Tiv,1968,125,Monograph,Tiv,Africa,Western Africa,horticulturalists,,"123,592,625,685,861",https://ehrafworldcultures.yale.edu/sres/86472891-5387-4c5e-9e4e-342b17612f61
4e271ce6-4d1e-4561-bb41-d87bb1f79c76,"Bohannan, Paul",Justice and judgment among the Tiv,1968,125,Monograph,Tiv,Africa,Western Africa,horticulturalists,,"647,685",https://ehrafworldcultures.yale.edu/sres/4e271ce6-4d1e-4561-bb41-d87bb1f79c76
7500e7c5-0a5f-41c8-9551-0c98544260bd,"Bohannan, Paul",Justice and judgment among the Tiv,1968,125,Monograph,Tiv,Africa,Western Africa,horticulturalists,,"178,443,613,647,681,692,778",https://ehrafworldcultures.yale.edu/sres/7500e7c5-0a5f-41c8-9551-0c98544260bd
d2cab690-fca2-44dc-8cad-cf876930d034,"Bohannan, Paul",Justice and judgment among the Tiv,1968,125,Monograph,Tiv,Africa,Western Africa,horticulturalists,,"443,625,685,692",https://ehrafworldcultures.yale.edu/sres/d2cab690-fca2-44dc-8cad-cf876930d034
8625b7de-b222-4334-a27c-645e508c83d8,"Bohannan, Paul",Justice and judgment among the Tiv,1968,126,Monograph,Tiv,Africa,Western Africa,horticulturalists,,"443,685",https://ehrafworldcultures.yale.edu/sres/8625b7de-b222-4334-a27c-645e508c83d8
a6921ec4-ab34-48f2-b41a-55bb5700b758,"Bohannan, Paul",Justice and judgment among the Tiv,1968,126,Monograph,Tiv,Africa,Western Africa,horticulturalists,,"443,625,685,694",https://ehrafworldcultures.yale.edu/sres/a6921ec4-ab34-48f2-b41a-55bb5700b758
7799c1a1-cec2-4be6-ac64-3c3f76399e19,"Bohannan, Paul",Justice and judgment among the Tiv,1968,126,Monograph,Tiv,Africa,Western Africa,horticulturalists,,"443,625,685,692,693,695",https://ehrafworldcultures.yale.edu/sres/7799c1a1-cec2-4be6-ac64-3c3f76399e19
25ca49f5-28ef-439e-8cb9-1bd66e8c86f8,"Bohannan, Paul",Justice and judgment among the Tiv,1968,126,Monograph,Tiv,Africa,Western Africa,horticulturalists,,"443,625,685,692,693,695",https://ehrafworldcultures.yale.edu/sres/25ca49f5-28ef-439e-8cb9-1bd66e8c86f8
46856eec-8ae6-4f09-88ef-d46aae2b869c,"Bohannan, Paul",Justice and judgment among the Tiv,1968,127,Monograph,Tiv,Africa,Western Africa,horticulturalists,,"625,681",https://ehrafworldcultures.yale.edu/sres/46856eec-8ae6-4f09-88ef-d46aae2b869c
15a2b4d9-e4cf-4513-85a1-6590ddf507dc,"Bohannan, Paul",Justice and judgment among the Tiv,1968,127,Monograph,Tiv,Africa,Western Africa,horticulturalists,,"178,625,685,692,694",https://ehrafworldcultures.yale.edu/sres/15a2b4d9-e4cf-4513-85a1-6590ddf507dc
2050a1c2-4f97-4e0c-a755-d65d747b4e2f,"Bohannan, Paul",Justice and judgment among the Tiv,1968,127,Monograph,Tiv,Africa,Western Africa,horticulturalists,,"493,685,691,694",https://ehrafworldcultures.yale.edu/sres/2050a1c2-4f97-4e0c-a755-d65d747b4e2f
c7755805-6027-4b0d-a5d1-16f1f2656ac0,"Bohannan, Paul",Justice and judgment among the Tiv,1968,127,Monograph,Tiv,Africa,Western Africa,horticulturalists,,"493,685,691,694",https://ehrafworldcultures.yale.edu/sres/c7755805-6027-4b0d-a5d1-16f1f2656ac0
f1fba1c5-9c66-41f6-b09c-937fd097a1ea,"Bohannan, Paul",Justice and judgment among the Tiv,1968,127,Monograph,Tiv,Africa,Western Africa,horticulturalists,,"493,613,685,695",https://ehrafworldcultures.yale.edu/sres/f1fba1c5-9c66-41f6-b09c-937fd097a1ea
6d87d7e8-30af-4fe8-828f-23cfe522e94f,"Bohannan, Paul",Justice and judgment among the Tiv,1968,127,Monograph,Tiv,Africa,Western Africa,horticulturalists,,"493,613,685,692,695",https://ehrafworldcultures.yale.edu/sres/6d87d7e8-30af-4fe8-828f-23cfe522e94f
018d2544-591d-40d9-8f6d-44ea94d1e2eb,"Bohannan, Paul",Justice and judgment among the Tiv,1968,128,Monograph,Tiv,Africa,Western Africa,horticulturalists,,"613,673,685",https://ehrafworldcultures.yale.edu/sres/018d2544-591d-40d9-8f6d-44ea94d1e2eb
e473ea19-3a00-4bf0-ae74-7a133171609e,"Bohannan, Paul",Justice and judgment among the Tiv,1968,129,Monograph,Tiv,Africa,Western Africa,horticulturalists,,"681,685,695",https://ehrafworldcultures.yale.edu/sres/e473ea19-3a00-4bf0-ae74-7a133171609e
a1428baa-aea8-4415-a98d-4911b213ea75,"Bohannan, Paul",Justice and judgment among the Tiv,1968,129,Monograph,Tiv,Africa,Western Africa,horticulturalists,,"171,681,685",https://ehrafworldcultures.yale.edu/sres/a1428baa-aea8-4415-a98d-4911b213ea75
49b5467f-08df-4edc-99f5-f8cffcffb6eb,"Bohannan, Paul",Justice and judgment among the Tiv,1968,129,Monograph,Tiv,Africa,Western Africa,horticulturalists,,"231,685,691,695",https://ehrafworldcultures.yale.edu/sres/49b5467f-08df-4edc-99f5-f8cffcffb6eb
32e51f1f-f1d1-4fe1-97a9-2557f1b44147,"Bohannan, Paul",Justice and judgment among the Tiv,1968,130,Monograph,Tiv,Africa,Western Africa,horticulturalists,,"681,685,695",https://ehrafworldcultures.yale.edu/sres/32e51f1f-f1d1-4fe1-97a9-2557f1b44147
26c298d7-b610-4806-a49b-f9b2938c8b8f,"Bohannan, Paul",Justice and judgment among the Tiv,1968,130,Monograph,Tiv,Africa,Western Africa,horticulturalists,,"681,685,695",https://ehrafworldcultures.yale.edu/sres/26c298d7-b610-4806-a49b-f9b2938c8b8f
ce577598-48c5-47ba-b553-94c390b515dc,"Bohannan, Paul",Justice and judgment among the Tiv,1968,130,Monograph,Tiv,Africa,Western Africa,horticulturalists,,"681,685,695",https://ehrafworldcultures.yale.edu/sres/ce577598-48c5-47ba-b553-94c390b515dc
c2dce02d-a321-4dfc-9deb-f24e1b1dbbeb,"Bohannan, Paul",Justice and judgment among the Tiv,1968,130,Monograph,Tiv,Africa,Western Africa,horticulturalists,,"681,685,695",https://ehrafworldcultures.yale.edu/sres/c2dce02d-a321-4dfc-9deb-f24e1b1dbbeb
4b6b3221-2633-4f47-b6c2-7a2d081dc15d,"Bohannan, Paul",Justice and judgment among the Tiv,1968,131,Monograph,Tiv,Africa,Western Africa,horticulturalists,,"683,691,694",https://ehrafworldcultures.yale.edu/sres/4b6b3221-2633-4f47-b6c2-7a2d081dc15d
d8b9a14d-e07a-43d2-889e-cf9789770cc2,"Bohannan, Paul",Justice and judgment among the Tiv,1968,131,Monograph,Tiv,Africa,Western Africa,horticulturalists,,"578,683,695",https://ehrafworldcultures.yale.edu/sres/d8b9a14d-e07a-43d2-889e-cf9789770cc2
e7cd72d1-c19c-4e03-a736-01abfbce5e70,"Bohannan, Paul",Justice and judgment among the Tiv,1968,132,Monograph,Tiv,Africa,Western Africa,horticulturalists,,"574,577,683,695",https://ehrafworldcultures.yale.edu/sres/e7cd72d1-c19c-4e03-a736-01abfbce5e70
d2f78ecf-91ab-4055-aaa9-00f24a51a633,"Bohannan, Paul",Justice and judgment among the Tiv,1968,132,Monograph,Tiv,Africa,Western Africa,horticulturalists,,"431,673,681,683,692",https://ehrafworldcultures.yale.edu/sres/d2f78ecf-91ab-4055-aaa9-00f24a51a633
e9b460f8-13e9-4b24-8d15-31c6458f90a7,"Bohannan, Paul",Justice and judgment among the Tiv,1968,132,Monograph,Tiv,Africa,Western Africa,horticulturalists,,"625,683,691",https://ehrafworldcultures.yale.edu/sres/e9b460f8-13e9-4b24-8d15-31c6458f90a7
04bc1add-055a-4f48-9a16-79e7ba3ca4e3,"Bohannan, Paul",Justice and judgment among the Tiv,1968,132,Monograph,Tiv,Africa,Western Africa,horticulturalists,,"625,683,695",https://ehrafworldcultures.yale.edu/sres/04bc1add-055a-4f48-9a16-79e7ba3ca4e3
6bd345b6-a56d-41b6-98c7-b0599a9c60fc,"Bohannan, Paul",Justice and judgment among the Tiv,1968,133,Monograph,Tiv,Africa,Western Africa,horticulturalists,,"625,683,695",https://ehrafworldcultures.yale.edu/sres/6bd345b6-a56d-41b6-98c7-b0599a9c60fc
ddbf787f-6734-4b58-be78-1bdeb9a39aa4,"Bohannan, Paul",Justice and judgment among the Tiv,1968,133,Monograph,Tiv,Africa,Western Africa,horticulturalists,,"625,683,695",https://ehrafworldcultures.yale.edu/sres/ddbf787f-6734-4b58-be78-1bdeb9a39aa4
8ee8d2db-ebd2-4194-8ee8-4e136bfe4d2c,"Bohannan, Paul",Justice and judgment among the Tiv,1968,133,Monograph,Tiv,Africa,Western Africa,horticulturalists,,"443,595,625,683,695",https://ehrafworldcultures.yale.edu/sres/8ee8d2db-ebd2-4194-8ee8-4e136bfe4d2c
b80dc5fb-9068-49bd-b929-d94367882851,"Bohannan, Paul",Justice and judgment among the Tiv,1968,133,Monograph,Tiv,Africa,Western Africa,horticulturalists,,"443,595,625,683,695",https://ehrafworldcultures.yale.edu/sres/b80dc5fb-9068-49bd-b929-d94367882851
065a85bb-8db4-49e4-83ee-453b15e710c6,"Bohannan, Paul",Justice and judgment among the Tiv,1968,133,Monograph,Tiv,Africa,Western Africa,horticulturalists,,"443,595,625,683,695",https://ehrafworldcultures.yale.edu/sres/065a85bb-8db4-49e4-83ee-453b15e710c6
9396d60e-27da-4400-904f-3176ce8290f6,"Bohannan, Paul",Justice and judgment among the Tiv,1968,133,Monograph,Tiv,Africa,Western Africa,horticulturalists,,"443,595,625,683,695",https://ehrafworldcultures.yale.edu/sres/9396d60e-27da-4400-904f-3176ce8290f6
d2790417-fb37-467c-9fcb-2288e8efe1cf,"Bohannan, Paul",Justice and judgment among the Tiv,1968,133,Monograph,Tiv,Africa,Western Africa,horticulturalists,,"683,695,843",https://ehrafworldcultures.yale.edu/sres/d2790417-fb37-467c-9fcb-2288e8efe1cf
02de0f33-f52f-4949-86fd-10bf94f7add8,"Bohannan, Paul",Justice and judgment among the Tiv,1968,133,Monograph,Tiv,Africa,Western Africa,horticulturalists,,"683,695,743,843",https://ehrafworldcultures.yale.edu/sres/02de0f33-f52f-4949-86fd-10bf94f7add8
8d2b86bd-d743-40b4-add0-1c151eaa772d,"Bohannan, Paul",Justice and judgment among the Tiv,1968,133,Monograph,Tiv,Africa,Western Africa,horticulturalists,,"683,695,743,843",https://ehrafworldcultures.yale.edu/sres/8d2b86bd-d743-40b4-add0-1c151eaa772d
e19628a8-f545-42cf-868b-4c54e724fe43,"Bohannan, Paul",Justice and judgment among the Tiv,1968,134,Monograph,Tiv,Africa,Western Africa,horticulturalists,,"683,695,843",https://ehrafworldcultures.yale.edu/sres/e19628a8-f545-42cf-868b-4c54e724fe43
fbf9b292-2625-473f-8cc7-4f1005a439de,"Bohannan, Paul",Justice and judgment among the Tiv,1968,134,Monograph,Tiv,Africa,Western Africa,horticulturalists,,"683,695,743,843",https://ehrafworldcultures.yale.edu/sres/fbf9b292-2625-473f-8cc7-4f1005a439de
cb66261e-8b50-4c6f-b97e-c511f423cfbb,"Bohannan, Paul",Justice and judgment among the Tiv,1968,134,Monograph,Tiv,Africa,Western Africa,horticulturalists,,687,https://ehrafworldcultures.yale.edu/sres/cb66261e-8b50-4c6f-b97e-c511f423cfbb
a06436fd-8c91-4692-97e6-fb9ba91cf98a,"Bohannan, Paul",Justice and judgment among the Tiv,1968,134,Monograph,Tiv,Africa,Western Africa,horticulturalists,,"625,687",https://ehrafworldcultures.yale.edu/sres/a06436fd-8c91-4692-97e6-fb9ba91cf98a
3bbc7efd-4288-4196-afe6-86b53ead6598,"Bohannan, Paul",Justice and judgment among the Tiv,1968,134,Monograph,Tiv,Africa,Western Africa,horticulturalists,,"578,625,683,687,691,694",https://ehrafworldcultures.yale.edu/sres/3bbc7efd-4288-4196-afe6-86b53ead6598
720ef7ce-9f6e-41a8-ac14-d7f49366926b,"Bohannan, Paul",Justice and judgment among the Tiv,1968,134,Monograph,Tiv,Africa,Western Africa,horticulturalists,,"578,625,683,687,691,694",https://ehrafworldcultures.yale.edu/sres/720ef7ce-9f6e-41a8-ac14-d7f49366926b
63cd48f7-ca83-4039-a867-0b2b0978b948,"Bohannan, Paul",Justice and judgment among the Tiv,1968,135,Monograph,Tiv,Africa,Western Africa,horticulturalists,,"625,683,695",https://ehrafworldcultures.yale.edu/sres/63cd48f7-ca83-4039-a867-0b2b0978b948
03a6385e-d263-4b0b-acb7-f66a29770eff,"Bohannan, Paul",Justice and judgment among the Tiv,1968,135,Monograph,Tiv,Africa,Western Africa,horticulturalists,,"641,648,682",https://ehrafworldcultures.yale.edu/sres/03a6385e-d263-4b0b-acb7-f66a29770eff
34dbacc9-5f57-4e58-9b26-54e548ce5ed2,"Bohannan, Paul",Justice and judgment among the Tiv,1968,136,Monograph,Tiv,Africa,Western Africa,horticulturalists,,"625,648,683,685,694",https://ehrafworldcultures.yale.edu/sres/34dbacc9-5f57-4e58-9b26-54e548ce5ed2
af7e05a1-7ab3-40dd-9c5b-2ad5203f0691,"Bohannan, Paul",Justice and judgment among the Tiv,1968,136,Monograph,Tiv,Africa,Western Africa,horticulturalists,,"648,683,685,692,693",https://ehrafworldcultures.yale.edu/sres/af7e05a1-7ab3-40dd-9c5b-2ad5203f0691
a777c997-20ed-4153-8488-59ff4c1b92e6,"Bohannan, Paul",Justice and judgment among the Tiv,1968,138,Monograph,Tiv,Africa,Western Africa,horticulturalists,,"426,613,628,685",https://ehrafworldcultures.yale.edu/sres/a777c997-20ed-4153-8488-59ff4c1b92e6
97873f57-e55e-4975-a149-971af1b4c6be,"Bohannan, Paul",Justice and judgment among the Tiv,1968,138,Monograph,Tiv,Africa,Western Africa,horticulturalists,,"426,613,628,685",https://ehrafworldcultures.yale.edu/sres/97873f57-e55e-4975-a149-971af1b4c6be
17cf9eab-ab81-47d3-87e1-f9f5cb649cd1,"Bohannan, Paul",Justice and judgment among the Tiv,1968,138,Monograph,Tiv,Africa,Western Africa,horticulturalists,,"426,613,628,683,685",https://ehrafworldcultures.yale.edu/sres/17cf9eab-ab81-47d3-87e1-f9f5cb649cd1
a6e14e75-6061-49d4-9c8d-69ca05682035,"Bohannan, Paul",Justice and judgment among the Tiv,1968,141,Monograph,Tiv,Africa,Western Africa,horticulturalists,,"578,595,682",https://ehrafworldcultures.yale.edu/sres/a6e14e75-6061-49d4-9c8d-69ca05682035
4aa57793-7e0a-427f-9421-364a8b19bde5,"Bohannan, Paul",Justice and judgment among the Tiv,1968,143,Monograph,Tiv,Africa,Western Africa,horticulturalists,,"533,578,683,691",https://ehrafworldcultures.yale.edu/sres/4aa57793-7e0a-427f-9421-364a8b19bde5
866ab7dd-c005-4ebb-9644-f32323db696b,"Bohannan, Paul",Justice and judgment among the Tiv,1968,146,Monograph,Tiv,Africa,Western Africa,horticulturalists,,"000,613,628,682,721",https://ehrafworldcultures.yale.edu/sres/866ab7dd-c005-4ebb-9644-f32323db696b
9c976906-2e95-4754-9f0e-4ed523e94bf1,"Bohannan, Paul",Justice and judgment among the Tiv,1968,146,Monograph,Tiv,Africa,Western Africa,horticulturalists,,"567,674,684",https://ehrafworldcultures.yale.edu/sres/9c976906-2e95-4754-9f0e-4ed523e94bf1
78958e37-b20c-4438-9210-b4fcc0ff29e5,"Bohannan, Paul",Justice and judgment among the Tiv,1968,146,Monograph,Tiv,Africa,Western Africa,horticulturalists,,"178,647,682,692",https://ehrafworldcultures.yale.edu/sres/78958e37-b20c-4438-9210-b4fcc0ff29e5
345d04e5-e882-425b-bd5a-d700bf4a6bac,"Bohannan, Paul",Justice and judgment among the Tiv,1968,147,Monograph,Tiv,Africa,Western Africa,horticulturalists,,"635,671,682,692",https://ehrafworldcultures.yale.edu/sres/345d04e5-e882-425b-bd5a-d700bf4a6bac
3aa57ab9-3196-4cec-ae03-287e9dd385c1,"Bohannan, Paul",Justice and judgment among the Tiv,1968,147,Monograph,Tiv,Africa,Western Africa,horticulturalists,,"625,634,682,693,694,783",https://ehrafworldcultures.yale.edu/sres/3aa57ab9-3196-4cec-ae03-287e9dd385c1
4d902b86-21c6-44c0-b696-39dfb76f79da,"Bohannan, Paul",Justice and judgment among the Tiv,1968,147,Monograph,Tiv,Africa,Western Africa,horticulturalists,,"634,682,693,694",https://ehrafworldcultures.yale.edu/sres/4d902b86-21c6-44c0-b696-39dfb76f79da
40901b61-5789-4992-8519-db99705fa03d,"Bohannan, Paul",Justice and judgment among the Tiv,1968,147,Monograph,Tiv,Africa,Western Africa,horticulturalists,,"000,114,128,682,692",https://ehrafworldcultures.yale.edu/sres/40901b61-5789-4992-8519-db99705fa03d
83764c0c-f3c1-4b7b-8a44-c0855a4bfdc9,"Bohannan, Paul",Justice and judgment among the Tiv,1968,147,Monograph,Tiv,Africa,Western Africa,horticulturalists,,682,https://ehrafworldcultures.yale.edu/sres/83764c0c-f3c1-4b7b-8a44-c0855a4bfdc9
3c72204d-790e-40d2-817f-241f7d0bec2b,"Bohannan, Paul",Justice and judgment among the Tiv,1968,148,Monograph,Tiv,Africa,Western Africa,horticulturalists,,"593,613,682,721",https://ehrafworldcultures.yale.edu/sres/3c72204d-790e-40d2-817f-241f7d0bec2b
fdc41ff6-e730-4892-a690-4f02e5d8c3fa,"Bohannan, Paul",Justice and judgment among the Tiv,1968,148,Monograph,Tiv,Africa,Western Africa,horticulturalists,,"613,682,721",https://ehrafworldcultures.yale.edu/sres/fdc41ff6-e730-4892-a690-4f02e5d8c3fa
60462a6d-cb7f-477c-8b1d-a54da885fdce,"Bohannan, Paul",Justice and judgment among the Tiv,1968,148,Monograph,Tiv,Africa,Western Africa,horticulturalists,,"581,613,682",https://ehrafworldcultures.yale.edu/sres/60462a6d-cb7f-477c-8b1d-a54da885fdce
c56d5ce1-b898-4b89-8ff5-6cb3d8bc8d21,"Bohannan, Paul",Justice and judgment among the Tiv,1968,148,Monograph,Tiv,Africa,Western Africa,horticulturalists,,"647,682,692",https://ehrafworldcultures.yale.edu/sres/c56d5ce1-b898-4b89-8ff5-6cb3d8bc8d21
94844b39-7f9b-41cd-a333-3f28ab4bc127,"Bohannan, Paul",Justice and judgment among the Tiv,1968,150,Monograph,Tiv,Africa,Western Africa,horticulturalists,,"684,686,691",https://ehrafworldcultures.yale.edu/sres/94844b39-7f9b-41cd-a333-3f28ab4bc127
de1c91a8-cf8d-49b1-860e-f5bd3e20431a,"Bohannan, Paul",Justice and judgment among the Tiv,1968,150,Monograph,Tiv,Africa,Western Africa,horticulturalists,,"426,686,692,695",https://ehrafworldcultures.yale.edu/sres/de1c91a8-cf8d-49b1-860e-f5bd3e20431a
26e15a71-869a-4547-94ef-5a69b40b9e3f,"Bohannan, Paul",Justice and judgment among the Tiv,1968,154,Monograph,Tiv,Africa,Western Africa,horticulturalists,,"443,685,691,693,695",https://ehrafworldcultures.yale.edu/sres/26e15a71-869a-4547-94ef-5a69b40b9e3f
4cc2eaac-6787-41b3-afc9-b8a80433df69,"Bohannan, Paul",Justice and judgment among the Tiv,1968,154,Monograph,Tiv,Africa,Western Africa,horticulturalists,,"443,595,685,693,695",https://ehrafworldcultures.yale.edu/sres/4cc2eaac-6787-41b3-afc9-b8a80433df69
9b1be209-c6a3-42bd-9fa3-0ea35b064c5b,"Bohannan, Paul",Justice and judgment among the Tiv,1968,154,Monograph,Tiv,Africa,Western Africa,horticulturalists,,"432,443,622,685",https://ehrafworldcultures.yale.edu/sres/9b1be209-c6a3-42bd-9fa3-0ea35b064c5b
e2c2c2bc-8265-4198-8de0-a4a500a94e2c,"Bohannan, Paul",Justice and judgment among the Tiv,1968,155,Monograph,Tiv,Africa,Western Africa,horticulturalists,,"443,686,692",https://ehrafworldcultures.yale.edu/sres/e2c2c2bc-8265-4198-8de0-a4a500a94e2c
68b329d3-4632-4d45-a6f6-2a24b24e24ca,"Bohannan, Paul",Justice and judgment among the Tiv,1968,155,Monograph,Tiv,Africa,Western Africa,horticulturalists,,"426,443,686,691,695",https://ehrafworldcultures.yale.edu/sres/68b329d3-4632-4d45-a6f6-2a24b24e24ca
b3e3ea94-307d-48df-9418-7f162eb15730,"Bohannan, Paul",Justice and judgment among the Tiv,1968,155,Monograph,Tiv,Africa,Western Africa,horticulturalists,,"443,685,691",https://ehrafworldcultures.yale.edu/sres/b3e3ea94-307d-48df-9418-7f162eb15730
e87918bf-78fc-4eac-9d47-e045a322acd6,"Bohannan, Paul",Justice and judgment among the Tiv,1968,155,Monograph,Tiv,Africa,Western Africa,horticulturalists,,"443,685",https://ehrafworldcultures.yale.edu/sres/e87918bf-78fc-4eac-9d47-e045a322acd6
dce919d7-74eb-4522-ae14-79e357916b61,"Bohannan, Paul",Justice and judgment among the Tiv,1968,155,Monograph,Tiv,Africa,Western Africa,horticulturalists,,"443,685,691,695",https://ehrafworldcultures.yale.edu/sres/dce919d7-74eb-4522-ae14-79e357916b61
30597807-131a-44ec-8616-f4c967d4e143,"Bohannan, Paul",Justice and judgment among the Tiv,1968,155,Monograph,Tiv,Africa,Western Africa,horticulturalists,,"443,685,691,695",https://ehrafworldcultures.yale.edu/sres/30597807-131a-44ec-8616-f4c967d4e143
3802bb19-573e-4c6b-9586-8fd3af359cad,"Bohannan, Paul",Justice and judgment among the Tiv,1968,156,Monograph,Tiv,Africa,Western Africa,horticulturalists,,"685,692,695",https://ehrafworldcultures.yale.edu/sres/3802bb19-573e-4c6b-9586-8fd3af359cad
86973107-5326-49f7-b1b5-7a87e802f513,"Bohannan, Paul",Justice and judgment among the Tiv,1968,156,Monograph,Tiv,Africa,Western Africa,horticulturalists,,"443,683,691,692,695",https://ehrafworldcultures.yale.edu/sres/86973107-5326-49f7-b1b5-7a87e802f513
6c068df6-cd12-49ea-9400-bac1efeec079,"Bohannan, Paul",Justice and judgment among the Tiv,1968,157,Monograph,Tiv,Africa,Western Africa,horticulturalists,,"561,683",https://ehrafworldcultures.yale.edu/sres/6c068df6-cd12-49ea-9400-bac1efeec079
20f5402d-2d19-4a02-84dc-55dfaba114a8,"Bohannan, Paul",Justice and judgment among the Tiv,1968,170,Monograph,Tiv,Africa,Western Africa,horticulturalists,,"585,592,595,684",https://ehrafworldcultures.yale.edu/sres/20f5402d-2d19-4a02-84dc-55dfaba114a8
672b7de1-5e87-45e9-bb4d-e7b62c70a5ee,"Bohannan, Paul",Justice and judgment among the Tiv,1968,170,Monograph,Tiv,Africa,Western Africa,horticulturalists,,"585,592,595,684",https://ehrafworldcultures.yale.edu/sres/672b7de1-5e87-45e9-bb4d-e7b62c70a5ee
ba86424c-bda8-42e3-abec-4b686b09997c,"Bohannan, Paul",Justice and judgment among the Tiv,1968,170,Monograph,Tiv,Africa,Western Africa,horticulturalists,,"585,592,595,684",https://ehrafworldcultures.yale.edu/sres/ba86424c-bda8-42e3-abec-4b686b09997c
e5916fbc-1ced-4519-86f3-7fc5e0736771,"Bohannan, Paul",Justice and judgment among the Tiv,1968,183,Monograph,Tiv,Africa,Western Africa,horticulturalists,,"429,583,686",https://ehrafworldcultures.yale.edu/sres/e5916fbc-1ced-4519-86f3-7fc5e0736771
9faa66a8-abd7-4c3f-8130-096bb17b3b6c,"Bohannan, Paul",Justice and judgment among the Tiv,1968,184,Monograph,Tiv,Africa,Western Africa,horticulturalists,,"429,583,686",https://ehrafworldcultures.yale.edu/sres/9faa66a8-abd7-4c3f-8130-096bb17b3b6c
af1428a7-a377-4d07-b17b-73ab7711b24f,"Bohannan, Paul",Justice and judgment among the Tiv,1968,184,Monograph,Tiv,Africa,Western Africa,horticulturalists,,"429,583,686",https://ehrafworldcultures.yale.edu/sres/af1428a7-a377-4d07-b17b-73ab7711b24f
897f45b2-533e-4a9e-ade9-27b028c882e2,"Bohannan, Paul",Justice and judgment among the Tiv,1968,184,Monograph,Tiv,Africa,Western Africa,horticulturalists,,"583,686,753,787",https://ehrafworldcultures.yale.edu/sres/897f45b2-533e-4a9e-ade9-27b028c882e2
956f49a4-c349-4081-a2a6-c859d5bda238,"Bohannan, Paul",Justice and judgment among the Tiv,1968,184,Monograph,Tiv,Africa,Western Africa,horticulturalists,,"583,613,672,686,754,787",https://ehrafworldcultures.yale.edu/sres/956f49a4-c349-4081-a2a6-c859d5bda238
d0be1f77-52e9-4cdb-ab59-10bbf128eda1,Akiga,"Akiga's story: the Tiv tribe as seen by one of its
            members",1939,374-376,"Component part(s), monograph",Tiv,Africa,Western Africa,horticulturalists,,"683,695",https://ehrafworldcultures.yale.edu/sres/d0be1f77-52e9-4cdb-ab59-10bbf128eda1
66c85e10-d0bd-4e95-9483-97c424fddfe4,Akiga,"Akiga's story: the Tiv tribe as seen by one of its
            members",1939,374-376,"Component part(s), monograph",Tiv,Africa,Western Africa,horticulturalists,,"683,695",https://ehrafworldcultures.yale.edu/sres/66c85e10-d0bd-4e95-9483-97c424fddfe4
f9c7958e-d0c8-4fef-9216-ef6f7541198d,Akiga,"Akiga's story: the Tiv tribe as seen by one of its
            members",1939,377,"Component part(s), monograph",Tiv,Africa,Western Africa,horticulturalists,,"558,577,685",https://ehrafworldcultures.yale.edu/sres/f9c7958e-d0c8-4fef-9216-ef6f7541198d
ea9a21de-3cf3-47a7-a5f8-9335921274c9,Akiga,"Akiga's story: the Tiv tribe as seen by one of its
            members",1939,377-378,"Component part(s), monograph",Tiv,Africa,Western Africa,horticulturalists,,"685,695",https://ehrafworldcultures.yale.edu/sres/ea9a21de-3cf3-47a7-a5f8-9335921274c9
810adba0-16a9-49ef-8b2d-f4b9ca46add2,Akiga,"Akiga's story: the Tiv tribe as seen by one of its
            members",1939,379-380,"Component part(s), monograph",Tiv,Africa,Western Africa,horticulturalists,,"567,628,686",https://ehrafworldcultures.yale.edu/sres/810adba0-16a9-49ef-8b2d-f4b9ca46add2
4a30fa1e-58b8-4580-a16a-282b1ef982ce,Akiga,"Akiga's story: the Tiv tribe as seen by one of its
            members",1939,379-380,"Component part(s), monograph",Tiv,Africa,Western Africa,horticulturalists,,"567,628,686",https://ehrafworldcultures.yale.edu/sres/4a30fa1e-58b8-4580-a16a-282b1ef982ce
713b4b4d-9fd9-4d6d-bf8a-53f7e78e4176,Akiga,"Akiga's story: the Tiv tribe as seen by one of its
            members",1939,387 [2],"Component part(s), monograph",Tiv,Africa,Western Africa,horticulturalists,,"643,661,686",https://ehrafworldcultures.yale.edu/sres/713b4b4d-9fd9-4d6d-bf8a-53f7e78e4176
95efacea-6594-4bea-86dd-d5ecc61f3156,Akiga,"Akiga's story: the Tiv tribe as seen by one of its
            members",1939,395,"Component part(s), monograph",Tiv,Africa,Western Africa,horticulturalists,,"661,687,693",https://ehrafworldcultures.yale.edu/sres/95efacea-6594-4bea-86dd-d5ecc61f3156
739397fe-c308-48fa-8ec8-ae44e67f20d3,Akiga,"Akiga's story: the Tiv tribe as seen by one of its
            members",1939,395,"Component part(s), monograph",Tiv,Africa,Western Africa,horticulturalists,,"661,687,693",https://ehrafworldcultures.yale.edu/sres/739397fe-c308-48fa-8ec8-ae44e67f20d3
fcfd25b7-4029-40bd-9410-ca988280304d,Akiga,"Akiga's story: the Tiv tribe as seen by one of its
            members",1939,397-398,"Component part(s), monograph",Tiv,Africa,Western Africa,horticulturalists,,"643,687",https://ehrafworldcultures.yale.edu/sres/fcfd25b7-4029-40bd-9410-ca988280304d
21ff23df-de02-4528-80b5-65b2d7d27b18,Akiga,"Akiga's story: the Tiv tribe as seen by one of its
            members",1939,397-398,"Component part(s), monograph",Tiv,Africa,Western Africa,horticulturalists,,"643,687",https://ehrafworldcultures.yale.edu/sres/21ff23df-de02-4528-80b5-65b2d7d27b18
54e9807f-e1dd-485b-9741-e0fd67767347,"Edwards, Adrian Campion",On the non-existence of an ancestor cult among the Tiv,1984,99,Journal Article,Tiv,Africa,Western Africa,horticulturalists,,"429,431,583,606,613,673,686,787,789,844",https://ehrafworldcultures.yale.edu/sres/54e9807f-e1dd-485b-9741-e0fd67767347
1c271722-c88e-453b-9f13-afc7e4a3c64a,"Edwards, Adrian Campion",On the non-existence of an ancestor cult among the Tiv,1984,101,Journal Article,Tiv,Africa,Western Africa,horticulturalists,,"571,583,686",https://ehrafworldcultures.yale.edu/sres/1c271722-c88e-453b-9f13-afc7e4a3c64a
49bdbcb9-5b2e-4d9b-bdbf-9fad94e75517,"Edwards, Adrian Campion",On the non-existence of an ancestor cult among the Tiv,1984,102,Journal Article,Tiv,Africa,Western Africa,horticulturalists,,"684,768,789",https://ehrafworldcultures.yale.edu/sres/49bdbcb9-5b2e-4d9b-bdbf-9fad94e75517
68e01f75-94b7-4215-a1a2-3087785cce70,"Edwards, Adrian Campion",On the non-existence of an ancestor cult among the Tiv,1984,106,Journal Article,Tiv,Africa,Western Africa,horticulturalists,,"577,602,681,736",https://ehrafworldcultures.yale.edu/sres/68e01f75-94b7-4215-a1a2-3087785cce70
07d94af6-c675-41ef-9eaf-b22619ac01c9,"Edwards, Adrian Campion",On the non-existence of an ancestor cult among the Tiv,1984,109,Journal Article,Tiv,Africa,Western Africa,horticulturalists,,"121,171,178,581,583,613,684,769",https://ehrafworldcultures.yale.edu/sres/07d94af6-c675-41ef-9eaf-b22619ac01c9
2b1fab84-bc00-4e7a-af69-6707b5af6294,"Edwards, Adrian Campion",On the non-existence of an ancestor cult among the Tiv,1984,110,Journal Article,Tiv,Africa,Western Africa,horticulturalists,,"166,175,177,561,578,688,754",https://ehrafworldcultures.yale.edu/sres/2b1fab84-bc00-4e7a-af69-6707b5af6294
d6233349-6f3c-4323-8812-3761ad5e706d,"Abraham, Roy Clive",The Tiv people,1933,26 [2],"Component part(s), monograph",Tiv,Africa,Western Africa,horticulturalists,,"178,682,695,754",https://ehrafworldcultures.yale.edu/sres/d6233349-6f3c-4323-8812-3761ad5e706d
22d3a9be-f34c-4e61-993c-6a259601926d,"Keil, Charles",Tiv song,1979,71,Monograph,Tiv,Africa,Western Africa,horticulturalists,,"266,534,686,754",https://ehrafworldcultures.yale.edu/sres/22d3a9be-f34c-4e61-993c-6a259601926d
43f9ddcb-deb1-4ab2-a4f0-e8286785fad4,"Keil, Charles",Tiv song,1979,104,Monograph,Tiv,Africa,Western Africa,horticulturalists,,"115,123,124,126,533,685",https://ehrafworldcultures.yale.edu/sres/43f9ddcb-deb1-4ab2-a4f0-e8286785fad4
ea4ea27e-17fe-424b-bfc4-d65a67bc9944,"Bohannan, Paul",A source book on Tiv religion,1969,623,Monograph,Tiv,Africa,Western Africa,horticulturalists,,"685,778,784",https://ehrafworldcultures.yale.edu/sres/ea4ea27e-17fe-424b-bfc4-d65a67bc9944
842f6492-1c61-47bc-ab66-067d1152ea61,"Bohannan, Paul",Tiv economy,1968,74,Monograph,Tiv,Africa,Western Africa,horticulturalists,,"244,685,691,692",https://ehrafworldcultures.yale.edu/sres/842f6492-1c61-47bc-ab66-067d1152ea61
687e8ce3-f7f1-4be8-b19d-f43c335a977c,"Bohannan, Paul",Tiv economy,1968,82,Monograph,Tiv,Africa,Western Africa,horticulturalists,,"241,423,592,681,778",https://ehrafworldcultures.yale.edu/sres/687e8ce3-f7f1-4be8-b19d-f43c335a977c
6f8d04e9-2f10-468e-a8ff-3846b49999a9,"Bohannan, Paul",Tiv economy,1968,82,Monograph,Tiv,Africa,Western Africa,horticulturalists,,"241,423,592,681,778",https://ehrafworldcultures.yale.edu/sres/6f8d04e9-2f10-468e-a8ff-3846b49999a9
2680145e-ac0f-4b57-b15e-96eb4fa0b4e3,"Bohannan, Paul",Tiv economy,1968,83,Monograph,Tiv,Africa,Western Africa,horticulturalists,,"241,423,592,681,778",https://ehrafworldcultures.yale.edu/sres/2680145e-ac0f-4b57-b15e-96eb4fa0b4e3
999cb55e-2c38-4f29-baeb-b31e6d48665b,"Bohannan, Paul",Tiv economy,1968,83,Monograph,Tiv,Africa,Western Africa,horticulturalists,,"241,423,586,681",https://ehrafworldcultures.yale.edu/sres/999cb55e-2c38-4f29-baeb-b31e6d48665b
f80fc573-2260-47c4-8e6e-d2047e46d01a,"Bohannan, Paul",Tiv economy,1968,83,Monograph,Tiv,Africa,Western Africa,horticulturalists,,"152,423,592,613,681",https://ehrafworldcultures.yale.edu/sres/f80fc573-2260-47c4-8e6e-d2047e46d01a
67d350ad-1b3f-4544-a45d-15d0d885be5e,"Bohannan, Paul",Tiv economy,1968,83,Monograph,Tiv,Africa,Western Africa,horticulturalists,,"423,681,754",https://ehrafworldcultures.yale.edu/sres/67d350ad-1b3f-4544-a45d-15d0d885be5e
6a78383e-f54d-473f-9915-abe357119cc4,"Bohannan, Paul",Tiv economy,1968,91,Monograph,Tiv,Africa,Western Africa,horticulturalists,,"241,425,685",https://ehrafworldcultures.yale.edu/sres/6a78383e-f54d-473f-9915-abe357119cc4
000ec3da-4d1d-4891-b80a-b7ab574399d3,"Bohannan, Paul",Tiv economy,1968,133,Monograph,Tiv,Africa,Western Africa,horticulturalists,,"244,431,562,574,578,592,593,595,681",https://ehrafworldcultures.yale.edu/sres/000ec3da-4d1d-4891-b80a-b7ab574399d3
2e26f518-98b7-4362-8d4b-79648ecb4e93,"Bohannan, Paul",Tiv economy,1968,140,Monograph,Tiv,Africa,Western Africa,horticulturalists,,"157,181,251,261,592,681,778",https://ehrafworldcultures.yale.edu/sres/2e26f518-98b7-4362-8d4b-79648ecb4e93
1bd588ab-fb82-47ea-9b66-3bb9c2ad63e9,"Bohannan, Paul",Tiv economy,1968,163,Monograph,Tiv,Africa,Western Africa,horticulturalists,,"443,613,634,647,685,691,692",https://ehrafworldcultures.yale.edu/sres/1bd588ab-fb82-47ea-9b66-3bb9c2ad63e9
7bb1b626-1e44-4bd0-b405-14837c308d59,"Bohannan, Paul",Tiv economy,1968,165,Monograph,Tiv,Africa,Western Africa,horticulturalists,,"177,443,687,695,754,778",https://ehrafworldcultures.yale.edu/sres/7bb1b626-1e44-4bd0-b405-14837c308d59
49a00e35-a53e-47f5-b135-cbe8fad1b140,"Bohannan, Paul",Tiv economy,1968,166,Monograph,Tiv,Africa,Western Africa,horticulturalists,,"443,613,685,692",https://ehrafworldcultures.yale.edu/sres/49a00e35-a53e-47f5-b135-cbe8fad1b140
0546c2f4-5d48-4808-ac05-4d185d952d12,"Bohannan, Paul",Tiv economy,1968,182,Monograph,Tiv,Africa,Western Africa,horticulturalists,,"443,625,685",https://ehrafworldcultures.yale.edu/sres/0546c2f4-5d48-4808-ac05-4d185d952d12
8ed1d8b7-cd27-4c27-80fc-c3c7f129c49b,"Bohannan, Paul",Tiv economy,1968,187,Monograph,Tiv,Africa,Western Africa,horticulturalists,,"178,435,685",https://ehrafworldcultures.yale.edu/sres/8ed1d8b7-cd27-4c27-80fc-c3c7f129c49b
038dbb1c-054e-4dcc-9617-acbaa592ba84,"Bohannan, Paul",Tiv economy,1968,230,Monograph,Tiv,Africa,Western Africa,horticulturalists,,"465,685",https://ehrafworldcultures.yale.edu/sres/038dbb1c-054e-4dcc-9617-acbaa592ba84
00d4f970-e2a5-4cc8-a0ea-35752ff46c0f,"Bohannan, Paul",Tiv economy,1968,231,Monograph,Tiv,Africa,Western Africa,horticulturalists,,"583,686",https://ehrafworldcultures.yale.edu/sres/00d4f970-e2a5-4cc8-a0ea-35752ff46c0f
28370af3-a525-468c-a486-7ef2bcf1b8ef,"Bohannan, Laura",A Genealogical charter,1952,308,Journal Article,Tiv,Africa,Western Africa,horticulturalists,,"601,684,829",https://ehrafworldcultures.yale.edu/sres/28370af3-a525-468c-a486-7ef2bcf1b8ef
4b4ec814-b3ae-4f80-a3fc-3f1c6b6487e7,"Bohannan, Laura",The Tiv of central Nigeria,1953,77,Monograph,Tiv,Africa,Western Africa,horticulturalists,,"586,684",https://ehrafworldcultures.yale.edu/sres/4b4ec814-b3ae-4f80-a3fc-3f1c6b6487e7
9f5fc017-42e4-45ed-9f42-c266c3263e46,"Downes, Roger Meaden, 1892-",The Tiv tribe,1933,47 [2],"Component part(s), monograph",Tiv,Africa,Western Africa,horticulturalists,,"266,683,754",https://ehrafworldcultures.yale.edu/sres/9f5fc017-42e4-45ed-9f42-c266c3263e46
c8d01535-0137-41ac-bc88-8c7036bf627d,"Downes, Roger Meaden, 1892-",The Tiv tribe,1933,71 [3],"Component part(s), monograph",Tiv,Africa,Western Africa,horticulturalists,,"684,688",https://ehrafworldcultures.yale.edu/sres/c8d01535-0137-41ac-bc88-8c7036bf627d
8a45620b-295d-494d-b96d-d219520c549d,"Downes, Roger Meaden, 1892-",The Tiv tribe,1933,71-72,"Component part(s), monograph",Tiv,Africa,Western Africa,horticulturalists,,"671,688,789",https://ehrafworldcultures.yale.edu/sres/8a45620b-295d-494d-b96d-d219520c549d
73ad056a-713c-4b67-b16c-194d7e6ef93c,"Downes, Roger Meaden, 1892-",The Tiv tribe,1933,72,"Component part(s), monograph",Tiv,Africa,Western Africa,horticulturalists,,688,https://ehrafworldcultures.yale.edu/sres/73ad056a-713c-4b67-b16c-194d7e6ef93c
6518a47d-1f9e-4ebd-bec7-a07d37f0d19e,"Downes, Roger Meaden, 1892-",The Tiv tribe,1933,72,"Component part(s), monograph",Tiv,Africa,Western Africa,horticulturalists,,688,https://ehrafworldcultures.yale.edu/sres/6518a47d-1f9e-4ebd-bec7-a07d37f0d19e
5d505643-1bec-4610-8fe2-f5014fd79e73,"Downes, Roger Meaden, 1892-",The Tiv tribe,1933,72,"Component part(s), monograph",Tiv,Africa,Western Africa,horticulturalists,,688,https://ehrafworldcultures.yale.edu/sres/5d505643-1bec-4610-8fe2-f5014fd79e73
0102eef6-6da4-47ff-894b-a9ec7345a123,"Downes, Roger Meaden, 1892-",The Tiv tribe,1933,74-75,"Component part(s), monograph",Tiv,Africa,Western Africa,horticulturalists,,"682,783",https://ehrafworldcultures.yale.edu/sres/0102eef6-6da4-47ff-894b-a9ec7345a123
6977fb21-05d6-421e-9bdf-16b751686284,"Downes, Roger Meaden, 1892-",The Tiv tribe,1933,75,"Component part(s), monograph",Tiv,Africa,Western Africa,horticulturalists,,"609,684,783",https://ehrafworldcultures.yale.edu/sres/6977fb21-05d6-421e-9bdf-16b751686284
b3c97815-d0cb-4d01-88ef-d84b1165deae,"Downes, Roger Meaden, 1892-",The Tiv tribe,1933,75 [2],"Component part(s), monograph",Tiv,Africa,Western Africa,horticulturalists,,"582,684,835",https://ehrafworldcultures.yale.edu/sres/b3c97815-d0cb-4d01-88ef-d84b1165deae
51a28f58-f954-4404-ba1f-fda57d7ffe20,"Downes, Roger Meaden, 1892-",The Tiv tribe,1933,76,"Component part(s), monograph",Tiv,Africa,Western Africa,horticulturalists,,"688,783",https://ehrafworldcultures.yale.edu/sres/51a28f58-f954-4404-ba1f-fda57d7ffe20
19fd4edd-6e3d-4e40-8796-d9a9603afc05,"Downes, Roger Meaden, 1892-",The Tiv tribe,1933,76 [2],"Component part(s), monograph",Tiv,Africa,Western Africa,horticulturalists,,"685,783",https://ehrafworldcultures.yale.edu/sres/19fd4edd-6e3d-4e40-8796-d9a9603afc05
35577136-3f2f-470b-8dfc-eb629acb4acd,"Downes, Roger Meaden, 1892-",The Tiv tribe,1933,76 [2],"Component part(s), monograph",Tiv,Africa,Western Africa,horticulturalists,,"685,783",https://ehrafworldcultures.yale.edu/sres/35577136-3f2f-470b-8dfc-eb629acb4acd
469ce046-22fb-4eb8-856c-f7c50de4707b,"Downes, Roger Meaden, 1892-",The Tiv tribe,1933,79,"Component part(s), monograph",Tiv,Africa,Western Africa,horticulturalists,,"562,681",https://ehrafworldcultures.yale.edu/sres/469ce046-22fb-4eb8-856c-f7c50de4707b
