uuid,Primary_Author,Title,Published,Page,DocType,Culture,Region,Subregion,Subsistence,OCM,IDs,Permalink
31967ca9-ada8-44d9-82cd-a2e120f7d6fe,"Moose, J. Robert",Village life in Korea,1911,187,"Component part(s), monograph",Korea,Asia,East Asia,intensive agriculturalists,,"681,696,697",https://ehrafworldcultures.yale.edu/sres/31967ca9-ada8-44d9-82cd-a2e120f7d6fe
f7824146-7be5-483d-903b-437fcff472da,"Heydrich, M.","Korean farming: contributions to the ethnology of Korea
         I",1931,19,"Component part(s), monograph",Korea,Asia,East Asia,intensive agriculturalists,,"623,681,692,696",https://ehrafworldcultures.yale.edu/sres/f7824146-7be5-483d-903b-437fcff472da
bf1efd3a-0ad2-4459-9edb-12d03ddfac0a,"Brandt, Vincent S. R.",A Korean village between farm and sea,1971,209,Monograph,Korea,Asia,East Asia,intensive agriculturalists,,"565,578,613,621,626,684",https://ehrafworldcultures.yale.edu/sres/bf1efd3a-0ad2-4459-9edb-12d03ddfac0a
dcb8ab9b-8e83-40e8-a504-b9adec3bd67e,"Brandt, Vincent S. R.",A Korean village between farm and sea,1971,210,Monograph,Korea,Asia,East Asia,intensive agriculturalists,,"621,625,626,685",https://ehrafworldcultures.yale.edu/sres/dcb8ab9b-8e83-40e8-a504-b9adec3bd67e
9fdb62ce-af4f-46ae-babe-ca7eb36af8d3,"Brandt, Vincent S. R.",A Korean village between farm and sea,1971,162,Monograph,Korea,Asia,East Asia,intensive agriculturalists,,"226,426,501,621,626,685",https://ehrafworldcultures.yale.edu/sres/9fdb62ce-af4f-46ae-babe-ca7eb36af8d3
b9e61ffe-acc6-4ab9-858b-86739388a14d,"Bishop, Isabella Bird",Korea and her neighbors,1898,264,Monograph,Korea,Asia,East Asia,intensive agriculturalists,,"626,668,681",https://ehrafworldcultures.yale.edu/sres/b9e61ffe-acc6-4ab9-858b-86739388a14d
18952fb1-210d-44af-8bbf-c85fbe790228,"Han, Sang-bok, 1935-","Korean fishermen: ecological adaptation in three
         communities",1977,68,Monograph,Korea,Asia,East Asia,intensive agriculturalists,,"626,681,691",https://ehrafworldcultures.yale.edu/sres/18952fb1-210d-44af-8bbf-c85fbe790228
1ca6ff8e-8aa5-46ce-8429-38009a9f724d,"Dallet, Charles",A history of the church in Korea: vol. 1,1874,71,Monograph,Korea,Asia,East Asia,intensive agriculturalists,,"626,681,798",https://ehrafworldcultures.yale.edu/sres/1ca6ff8e-8aa5-46ce-8429-38009a9f724d
ea548579-1e62-4a41-b216-534dd0c880b2,"Chŏn, Kyŏng-su, 1949-","Reciprocity and Korean society: an ethnography of
         Hasami",1984,39,Monograph,Korea,Asia,East Asia,intensive agriculturalists,,"423,434,613,627,628,687",https://ehrafworldcultures.yale.edu/sres/ea548579-1e62-4a41-b216-534dd0c880b2
f9cae62e-9b57-4b0d-b7e6-85e506aed339,"Hulbert, Homer B.",The passing of Korea,1906,56-59,"Component part(s), monograph",Korea,Asia,East Asia,intensive agriculturalists,,"625,691,696",https://ehrafworldcultures.yale.edu/sres/f9cae62e-9b57-4b0d-b7e6-85e506aed339
fc39a429-f260-4fe3-b51e-b36aadb7d975,"Bishop, Isabella Bird",Korea and her neighbors,1898,441,Monograph,Korea,Asia,East Asia,intensive agriculturalists,,696,https://ehrafworldcultures.yale.edu/sres/fc39a429-f260-4fe3-b51e-b36aadb7d975
79aee332-1e6b-4a01-857f-5f14e0bcb816,"Dallet, Charles",A history of the church in Korea: vol. 1,1874,66,Monograph,Korea,Asia,East Asia,intensive agriculturalists,,696,https://ehrafworldcultures.yale.edu/sres/79aee332-1e6b-4a01-857f-5f14e0bcb816
0120bcbf-a97d-4937-a748-aa38e847e65e,"Dallet, Charles",A history of the church in Korea: vol. 1,1874,66,Monograph,Korea,Asia,East Asia,intensive agriculturalists,,696,https://ehrafworldcultures.yale.edu/sres/0120bcbf-a97d-4937-a748-aa38e847e65e
10887cdc-757b-4aa6-b8f0-53c8140811c1,"Kang, Younghill",The grass roof,1931,82,"Component part(s), monograph",Korea,Asia,East Asia,intensive agriculturalists,,626,https://ehrafworldcultures.yale.edu/sres/10887cdc-757b-4aa6-b8f0-53c8140811c1
e5e16464-5e80-4fc8-b412-1182d3dde02f,"Kang, Younghill",The grass roof,1931,82,"Component part(s), monograph",Korea,Asia,East Asia,intensive agriculturalists,,626,https://ehrafworldcultures.yale.edu/sres/e5e16464-5e80-4fc8-b412-1182d3dde02f
3d9cd315-08bd-4434-8b07-7e01d0a054e2,"Kang, Younghill",The grass roof,1931,82,"Component part(s), monograph",Korea,Asia,East Asia,intensive agriculturalists,,626,https://ehrafworldcultures.yale.edu/sres/3d9cd315-08bd-4434-8b07-7e01d0a054e2
db331d81-437a-4aaf-8d65-158b108c4dfd,"Kang, Younghill",The grass roof,1931,124-125,"Component part(s), monograph",Korea,Asia,East Asia,intensive agriculturalists,,"492,626",https://ehrafworldcultures.yale.edu/sres/db331d81-437a-4aaf-8d65-158b108c4dfd
652a078f-8b39-4140-967e-1492c3cd0cb6,"Kang, Younghill",The grass roof,1931,124-125,"Component part(s), monograph",Korea,Asia,East Asia,intensive agriculturalists,,"492,626",https://ehrafworldcultures.yale.edu/sres/652a078f-8b39-4140-967e-1492c3cd0cb6
b349a6d2-396f-468f-9deb-c5f94fdfbff1,"Kang, Younghill",The grass roof,1931,124-125,"Component part(s), monograph",Korea,Asia,East Asia,intensive agriculturalists,,"492,626",https://ehrafworldcultures.yale.edu/sres/b349a6d2-396f-468f-9deb-c5f94fdfbff1
5a815173-d27e-48aa-8a38-985033084272,"Kang, Younghill",The grass roof,1931,124-125,"Component part(s), monograph",Korea,Asia,East Asia,intensive agriculturalists,,"492,626",https://ehrafworldcultures.yale.edu/sres/5a815173-d27e-48aa-8a38-985033084272
f955d6bb-5520-4ffe-ad92-d315238d3795,"Kang, Younghill",The grass roof,1931,138,"Component part(s), monograph",Korea,Asia,East Asia,intensive agriculturalists,,"574,626,832",https://ehrafworldcultures.yale.edu/sres/f955d6bb-5520-4ffe-ad92-d315238d3795
96faeb6a-0cdd-460a-a3ec-eb9cba38f2e0,"Kang, Younghill",The grass roof,1931,155,"Component part(s), monograph",Korea,Asia,East Asia,intensive agriculturalists,,"159,577,626,876",https://ehrafworldcultures.yale.edu/sres/96faeb6a-0cdd-460a-a3ec-eb9cba38f2e0
4d765b06-b284-438d-81e0-22bfd5978600,"Kang, Younghill",The grass roof,1931,183-184,"Component part(s), monograph",Korea,Asia,East Asia,intensive agriculturalists,,"177,302,626",https://ehrafworldcultures.yale.edu/sres/4d765b06-b284-438d-81e0-22bfd5978600
f340b389-22eb-45b9-a0bc-6be2b11ac228,"Kang, Younghill",The grass roof,1931,183-184,"Component part(s), monograph",Korea,Asia,East Asia,intensive agriculturalists,,"177,302,626",https://ehrafworldcultures.yale.edu/sres/f340b389-22eb-45b9-a0bc-6be2b11ac228
7e504af4-b1ee-439b-ae2c-259cb712016b,"Kang, Younghill",The grass roof,1931,183-184,"Component part(s), monograph",Korea,Asia,East Asia,intensive agriculturalists,,"177,302,626",https://ehrafworldcultures.yale.edu/sres/7e504af4-b1ee-439b-ae2c-259cb712016b
a3539d72-500a-4db8-ba13-247586e7c5df,"Kang, Younghill",The grass roof,1931,183-184,"Component part(s), monograph",Korea,Asia,East Asia,intensive agriculturalists,,"177,302,626",https://ehrafworldcultures.yale.edu/sres/a3539d72-500a-4db8-ba13-247586e7c5df
3293936c-8fc9-430c-a689-a57b91a9a200,"Kang, Younghill",The grass roof,1931,183-184,"Component part(s), monograph",Korea,Asia,East Asia,intensive agriculturalists,,"177,302,626",https://ehrafworldcultures.yale.edu/sres/3293936c-8fc9-430c-a689-a57b91a9a200
b18ba388-1c5a-4484-8551-1a9b98bf9f3a,"Kang, Younghill",The grass roof,1931,183-184,"Component part(s), monograph",Korea,Asia,East Asia,intensive agriculturalists,,"177,302,626",https://ehrafworldcultures.yale.edu/sres/b18ba388-1c5a-4484-8551-1a9b98bf9f3a
3edb105d-938e-4fe7-a6fc-c4d05e1e442c,"Kang, Younghill",The grass roof,1931,183-184,"Component part(s), monograph",Korea,Asia,East Asia,intensive agriculturalists,,"177,302,626",https://ehrafworldcultures.yale.edu/sres/3edb105d-938e-4fe7-a6fc-c4d05e1e442c
70069f4b-72d1-43b6-82c8-14723643fe88,"Kang, Younghill",The grass roof,1931,183-184,"Component part(s), monograph",Korea,Asia,East Asia,intensive agriculturalists,,"177,302,626",https://ehrafworldcultures.yale.edu/sres/70069f4b-72d1-43b6-82c8-14723643fe88
eda44977-101e-40a3-ade5-d8e01c062a90,"Kang, Younghill",The grass roof,1931,188-189,"Component part(s), monograph",Korea,Asia,East Asia,intensive agriculturalists,,"183,626",https://ehrafworldcultures.yale.edu/sres/eda44977-101e-40a3-ade5-d8e01c062a90
5366da5f-380f-4418-b5d6-ba79059049c6,"Kang, Younghill",The grass roof,1931,188-189,"Component part(s), monograph",Korea,Asia,East Asia,intensive agriculturalists,,"183,626",https://ehrafworldcultures.yale.edu/sres/5366da5f-380f-4418-b5d6-ba79059049c6
ff2d54fb-e270-4e61-83fa-4498668878b3,"Kang, Younghill",The grass roof,1931,188-189,"Component part(s), monograph",Korea,Asia,East Asia,intensive agriculturalists,,"183,626",https://ehrafworldcultures.yale.edu/sres/ff2d54fb-e270-4e61-83fa-4498668878b3
eef0d882-c712-443d-9e97-6e267c933271,"Kang, Younghill",The grass roof,1931,188-189,"Component part(s), monograph",Korea,Asia,East Asia,intensive agriculturalists,,"183,626",https://ehrafworldcultures.yale.edu/sres/eef0d882-c712-443d-9e97-6e267c933271
9cec1c0a-35ed-4ab9-9c4b-740c31b70a36,"Kang, Younghill",The grass roof,1931,188-189,"Component part(s), monograph",Korea,Asia,East Asia,intensive agriculturalists,,"183,626",https://ehrafworldcultures.yale.edu/sres/9cec1c0a-35ed-4ab9-9c4b-740c31b70a36
b5b874f9-bbda-4011-9ac4-f66ab6a50150,"Kang, Younghill",The grass roof,1931,188-189,"Component part(s), monograph",Korea,Asia,East Asia,intensive agriculturalists,,"183,626",https://ehrafworldcultures.yale.edu/sres/b5b874f9-bbda-4011-9ac4-f66ab6a50150
00049723-d14c-4c18-a26d-43d14b723dbf,"Kang, Younghill",The grass roof,1931,308-309,"Component part(s), monograph",Korea,Asia,East Asia,intensive agriculturalists,,"155,484,626",https://ehrafworldcultures.yale.edu/sres/00049723-d14c-4c18-a26d-43d14b723dbf
210f0aa9-9266-4cc2-9141-55a22c6f9989,"Kang, Younghill",The grass roof,1931,308-309,"Component part(s), monograph",Korea,Asia,East Asia,intensive agriculturalists,,"155,484,626",https://ehrafworldcultures.yale.edu/sres/210f0aa9-9266-4cc2-9141-55a22c6f9989
1919d947-63fe-44a4-a592-943716249790,"Kang, Younghill",The grass roof,1931,308-309,"Component part(s), monograph",Korea,Asia,East Asia,intensive agriculturalists,,"155,484,626",https://ehrafworldcultures.yale.edu/sres/1919d947-63fe-44a4-a592-943716249790
d6cf31c3-76d3-4dee-855c-26ae8fe35af5,"Kang, Younghill",The grass roof,1931,316-317,"Component part(s), monograph",Korea,Asia,East Asia,intensive agriculturalists,,"522,626,782,876",https://ehrafworldcultures.yale.edu/sres/d6cf31c3-76d3-4dee-855c-26ae8fe35af5
744c739b-692d-4270-b50d-229bb5158982,"Kang, Younghill",The grass roof,1931,316-317,"Component part(s), monograph",Korea,Asia,East Asia,intensive agriculturalists,,"522,626,782,876",https://ehrafworldcultures.yale.edu/sres/744c739b-692d-4270-b50d-229bb5158982
df87ae25-8f93-409e-be80-382711e2bbd7,"Kang, Younghill",The grass roof,1931,316-317,"Component part(s), monograph",Korea,Asia,East Asia,intensive agriculturalists,,"522,626,782,876",https://ehrafworldcultures.yale.edu/sres/df87ae25-8f93-409e-be80-382711e2bbd7
8ad53ebf-1ccc-4f65-93a7-2c3fcdfbc65a,"Kang, Younghill",The grass roof,1931,316-317,"Component part(s), monograph",Korea,Asia,East Asia,intensive agriculturalists,,"522,626,782,876",https://ehrafworldcultures.yale.edu/sres/8ad53ebf-1ccc-4f65-93a7-2c3fcdfbc65a
600cee89-67a3-4abb-8211-6a7707f43cff,"Kang, Younghill",The grass roof,1931,316-317,"Component part(s), monograph",Korea,Asia,East Asia,intensive agriculturalists,,"522,626,782,876",https://ehrafworldcultures.yale.edu/sres/600cee89-67a3-4abb-8211-6a7707f43cff
d46e1a3d-eaf0-4a5b-b7f9-86d52402cd0b,"Kang, Younghill",The grass roof,1931,316-317,"Component part(s), monograph",Korea,Asia,East Asia,intensive agriculturalists,,"522,626,782,876",https://ehrafworldcultures.yale.edu/sres/d46e1a3d-eaf0-4a5b-b7f9-86d52402cd0b
7a7b1236-44e0-4823-88bc-8955ff16cce5,"Kang, Younghill",The grass roof,1931,316-317,"Component part(s), monograph",Korea,Asia,East Asia,intensive agriculturalists,,"522,626,782,876",https://ehrafworldcultures.yale.edu/sres/7a7b1236-44e0-4823-88bc-8955ff16cce5
69cd5958-e943-4b2b-ae81-8323b935ca54,"Kang, Younghill",The grass roof,1931,325-326,"Component part(s), monograph",Korea,Asia,East Asia,intensive agriculturalists,,"177,626",https://ehrafworldcultures.yale.edu/sres/69cd5958-e943-4b2b-ae81-8323b935ca54
41972d93-baaa-41fb-b098-353c98a50fd8,"Kang, Younghill",The grass roof,1931,325-326,"Component part(s), monograph",Korea,Asia,East Asia,intensive agriculturalists,,"177,626",https://ehrafworldcultures.yale.edu/sres/41972d93-baaa-41fb-b098-353c98a50fd8
0201ae9b-129e-4aa1-808f-94e6e6559a80,"Kang, Younghill",The grass roof,1931,325-326,"Component part(s), monograph",Korea,Asia,East Asia,intensive agriculturalists,,"177,626",https://ehrafworldcultures.yale.edu/sres/0201ae9b-129e-4aa1-808f-94e6e6559a80
6180936c-258d-4962-a0ad-a19572122a87,"Kang, Younghill",The grass roof,1931,325-326,"Component part(s), monograph",Korea,Asia,East Asia,intensive agriculturalists,,"177,626",https://ehrafworldcultures.yale.edu/sres/6180936c-258d-4962-a0ad-a19572122a87
fbaee92f-3521-45a7-96b2-674809f47f82,"Kang, Younghill",The grass roof,1931,325-326,"Component part(s), monograph",Korea,Asia,East Asia,intensive agriculturalists,,"177,626",https://ehrafworldcultures.yale.edu/sres/fbaee92f-3521-45a7-96b2-674809f47f82
9e976dc8-1952-445f-8fc6-79e14a53d41c,"Kang, Younghill",The grass roof,1931,325-326,"Component part(s), monograph",Korea,Asia,East Asia,intensive agriculturalists,,"177,626",https://ehrafworldcultures.yale.edu/sres/9e976dc8-1952-445f-8fc6-79e14a53d41c
e768bf43-4e79-4ec0-a48a-f44b4b9e1c87,"Kang, Younghill",The grass roof,1931,325-326,"Component part(s), monograph",Korea,Asia,East Asia,intensive agriculturalists,,"177,626",https://ehrafworldcultures.yale.edu/sres/e768bf43-4e79-4ec0-a48a-f44b4b9e1c87
c2123afd-7a4b-41e9-8fdc-9c1f5657c4a4,"Kang, Younghill",The grass roof,1931,325-326,"Component part(s), monograph",Korea,Asia,East Asia,intensive agriculturalists,,"177,626",https://ehrafworldcultures.yale.edu/sres/c2123afd-7a4b-41e9-8fdc-9c1f5657c4a4
8219945b-f55b-4d34-a82a-3cb2bc5aad2a,"Kang, Younghill",The grass roof,1931,325-326,"Component part(s), monograph",Korea,Asia,East Asia,intensive agriculturalists,,"177,626",https://ehrafworldcultures.yale.edu/sres/8219945b-f55b-4d34-a82a-3cb2bc5aad2a
f87ad2ca-e2e1-4290-b153-468588ecb628,"Kang, Younghill",The grass roof,1931,325-326,"Component part(s), monograph",Korea,Asia,East Asia,intensive agriculturalists,,"177,626",https://ehrafworldcultures.yale.edu/sres/f87ad2ca-e2e1-4290-b153-468588ecb628
621ee60f-723b-48b6-92b8-f883bd4d8479,"Kang, Younghill",The grass roof,1931,325-326,"Component part(s), monograph",Korea,Asia,East Asia,intensive agriculturalists,,"177,626",https://ehrafworldcultures.yale.edu/sres/621ee60f-723b-48b6-92b8-f883bd4d8479
b96b68f7-42a1-4cd5-a392-ba88ba35929d,"Kang, Younghill",The grass roof,1931,325-326,"Component part(s), monograph",Korea,Asia,East Asia,intensive agriculturalists,,"177,626",https://ehrafworldcultures.yale.edu/sres/b96b68f7-42a1-4cd5-a392-ba88ba35929d
a2f83109-e69a-4912-81d0-d56387750207,"Kang, Younghill",The grass roof,1931,325-326,"Component part(s), monograph",Korea,Asia,East Asia,intensive agriculturalists,,"177,626",https://ehrafworldcultures.yale.edu/sres/a2f83109-e69a-4912-81d0-d56387750207
1e2ed7a9-0571-402e-8129-40cc34e70af7,"Kang, Younghill",The grass roof,1931,325-326,"Component part(s), monograph",Korea,Asia,East Asia,intensive agriculturalists,,"177,626",https://ehrafworldcultures.yale.edu/sres/1e2ed7a9-0571-402e-8129-40cc34e70af7
f793821a-9167-466e-845e-66a9a32458d0,"Kang, Younghill",The grass roof,1931,325-326,"Component part(s), monograph",Korea,Asia,East Asia,intensive agriculturalists,,"177,626",https://ehrafworldcultures.yale.edu/sres/f793821a-9167-466e-845e-66a9a32458d0
21e4f00b-0074-478d-89ab-2fcf7b7760d2,"Kang, Younghill",The grass roof,1931,325-326,"Component part(s), monograph",Korea,Asia,East Asia,intensive agriculturalists,,"177,626",https://ehrafworldcultures.yale.edu/sres/21e4f00b-0074-478d-89ab-2fcf7b7760d2
d35e2525-1c34-450c-bdda-165c29ca33c6,"Kang, Younghill",The grass roof,1931,325-326,"Component part(s), monograph",Korea,Asia,East Asia,intensive agriculturalists,,"177,626",https://ehrafworldcultures.yale.edu/sres/d35e2525-1c34-450c-bdda-165c29ca33c6
3126caab-0944-42fe-b8c4-2e6cb9cc808e,"Kang, Younghill",The grass roof,1931,325-326,"Component part(s), monograph",Korea,Asia,East Asia,intensive agriculturalists,,"177,626",https://ehrafworldcultures.yale.edu/sres/3126caab-0944-42fe-b8c4-2e6cb9cc808e
3618d56b-aa3f-41c3-94c6-f9dde0348d04,"Kang, Younghill",The grass roof,1931,325-326,"Component part(s), monograph",Korea,Asia,East Asia,intensive agriculturalists,,"177,626",https://ehrafworldcultures.yale.edu/sres/3618d56b-aa3f-41c3-94c6-f9dde0348d04
a982e6e5-18f3-433c-ac68-c8e2ff673608,"Chŏn, Kyŏng-su, 1949-","Reciprocity and Korean society: an ethnography of
         Hasami",1984,96,Monograph,Korea,Asia,East Asia,intensive agriculturalists,,"431,626",https://ehrafworldcultures.yale.edu/sres/a982e6e5-18f3-433c-ac68-c8e2ff673608
395b799c-6f6a-4091-ab0d-ce4264b83df7,"Chŏn, Kyŏng-su, 1949-","Reciprocity and Korean society: an ethnography of
         Hasami",1984,167,Monograph,Korea,Asia,East Asia,intensive agriculturalists,,"178,179,426,471,621,625,626",https://ehrafworldcultures.yale.edu/sres/395b799c-6f6a-4091-ab0d-ce4264b83df7
64d4a2f0-b73e-4dbd-8d01-263f9851a0f1,"Chŏn, Kyŏng-su, 1949-","Reciprocity and Korean society: an ethnography of
         Hasami",1984,172,Monograph,Korea,Asia,East Asia,intensive agriculturalists,,"571,575,626",https://ehrafworldcultures.yale.edu/sres/64d4a2f0-b73e-4dbd-8d01-263f9851a0f1
c8d470a4-d82a-4d2b-bc20-b545103731ae,"Chŏn, Kyŏng-su, 1949-","Reciprocity and Korean society: an ethnography of
         Hasami",1984,173,Monograph,Korea,Asia,East Asia,intensive agriculturalists,,"571,575,626",https://ehrafworldcultures.yale.edu/sres/c8d470a4-d82a-4d2b-bc20-b545103731ae
0bda16ef-2228-4b8d-9fcf-feec925b29c0,"Chŏn, Kyŏng-su, 1949-","Reciprocity and Korean society: an ethnography of
         Hasami",1984,175,Monograph,Korea,Asia,East Asia,intensive agriculturalists,,"571,626",https://ehrafworldcultures.yale.edu/sres/0bda16ef-2228-4b8d-9fcf-feec925b29c0
749465a1-dbf6-4f9b-af41-ed69ee455352,"Brandt, Vincent S. R.",A Korean village between farm and sea,1971,190,Monograph,Korea,Asia,East Asia,intensive agriculturalists,,"156,178,561,576,621,626",https://ehrafworldcultures.yale.edu/sres/749465a1-dbf6-4f9b-af41-ed69ee455352
4da67b74-4d73-4486-b8f8-c3a0efcfff2b,"Brandt, Vincent S. R.",A Korean village between farm and sea,1971,191,Monograph,Korea,Asia,East Asia,intensive agriculturalists,,"178,621,626,882",https://ehrafworldcultures.yale.edu/sres/4da67b74-4d73-4486-b8f8-c3a0efcfff2b
4c913bfa-6076-48b1-aa84-2c8c9eba5aaa,"Brandt, Vincent S. R.",A Korean village between farm and sea,1971,198,Monograph,Korea,Asia,East Asia,intensive agriculturalists,,"561,565,626",https://ehrafworldcultures.yale.edu/sres/4c913bfa-6076-48b1-aa84-2c8c9eba5aaa
c66b3e5e-5f17-4d14-8c6a-6a1030912105,"Brandt, Vincent S. R.",A Korean village between farm and sea,1971,198,Monograph,Korea,Asia,East Asia,intensive agriculturalists,,"561,565,626",https://ehrafworldcultures.yale.edu/sres/c66b3e5e-5f17-4d14-8c6a-6a1030912105
03bb6e0a-2e71-4fd0-8cf5-432ce99a3510,"Brandt, Vincent S. R.",A Korean village between farm and sea,1971,198,Monograph,Korea,Asia,East Asia,intensive agriculturalists,,"578,626",https://ehrafworldcultures.yale.edu/sres/03bb6e0a-2e71-4fd0-8cf5-432ce99a3510
3190b5a1-2bf2-405c-89fb-2630dc80fa4d,"Brandt, Vincent S. R.",A Korean village between farm and sea,1971,200,Monograph,Korea,Asia,East Asia,intensive agriculturalists,,"626,775",https://ehrafworldcultures.yale.edu/sres/3190b5a1-2bf2-405c-89fb-2630dc80fa4d
5a2417f9-0f34-4b1f-a3fb-7bcc99653b98,"Brandt, Vincent S. R.",A Korean village between farm and sea,1971,200,Monograph,Korea,Asia,East Asia,intensive agriculturalists,,"428,626,775",https://ehrafworldcultures.yale.edu/sres/5a2417f9-0f34-4b1f-a3fb-7bcc99653b98
a71ca479-6dd4-42af-8c5e-d96cc445f212,"Brandt, Vincent S. R.",A Korean village between farm and sea,1971,200,Monograph,Korea,Asia,East Asia,intensive agriculturalists,,"626,775",https://ehrafworldcultures.yale.edu/sres/a71ca479-6dd4-42af-8c5e-d96cc445f212
8fcf3fa7-d867-43b2-9b58-74f4669b38f1,"Brandt, Vincent S. R.",A Korean village between farm and sea,1971,201,Monograph,Korea,Asia,East Asia,intensive agriculturalists,,"123,626,775",https://ehrafworldcultures.yale.edu/sres/8fcf3fa7-d867-43b2-9b58-74f4669b38f1
d3fc8dfe-2b8f-4069-9da6-4fc4c4e86922,"Brandt, Vincent S. R.",A Korean village between farm and sea,1971,201,Monograph,Korea,Asia,East Asia,intensive agriculturalists,,"626,775",https://ehrafworldcultures.yale.edu/sres/d3fc8dfe-2b8f-4069-9da6-4fc4c4e86922
4f53e7e2-bc07-465f-b8a6-4adca533164d,"Brandt, Vincent S. R.",A Korean village between farm and sea,1971,202,Monograph,Korea,Asia,East Asia,intensive agriculturalists,,"578,593,626",https://ehrafworldcultures.yale.edu/sres/4f53e7e2-bc07-465f-b8a6-4adca533164d
1ff9a6c9-c82b-4018-9a87-64411b30a50e,"Brandt, Vincent S. R.",A Korean village between farm and sea,1971,205,Monograph,Korea,Asia,East Asia,intensive agriculturalists,,"561,578,593,626",https://ehrafworldcultures.yale.edu/sres/1ff9a6c9-c82b-4018-9a87-64411b30a50e
df82fec9-b285-4d2e-9e32-1f4c1ffcddad,"Brandt, Vincent S. R.",A Korean village between farm and sea,1971,207,Monograph,Korea,Asia,East Asia,intensive agriculturalists,,"578,597,604,625,626,733,888",https://ehrafworldcultures.yale.edu/sres/df82fec9-b285-4d2e-9e32-1f4c1ffcddad
c70a2af1-e68c-496d-ad5d-43a26a626ac6,"Brandt, Vincent S. R.",A Korean village between farm and sea,1971,207,Monograph,Korea,Asia,East Asia,intensive agriculturalists,,"597,604,626,733,888",https://ehrafworldcultures.yale.edu/sres/c70a2af1-e68c-496d-ad5d-43a26a626ac6
bff3c66e-72ed-44bc-9395-2fb72da415d9,"Brandt, Vincent S. R.",A Korean village between farm and sea,1971,208,Monograph,Korea,Asia,East Asia,intensive agriculturalists,,"166,226,437,621,626",https://ehrafworldcultures.yale.edu/sres/bff3c66e-72ed-44bc-9395-2fb72da415d9
2ab45146-515c-47f4-a9c4-096cee7fbd86,"Brandt, Vincent S. R.",A Korean village between farm and sea,1971,231,Monograph,Korea,Asia,East Asia,intensive agriculturalists,,"241,561,562,565,578,582,621,626,769,871",https://ehrafworldcultures.yale.edu/sres/2ab45146-515c-47f4-a9c4-096cee7fbd86
6c69eb68-386b-4b3e-90c9-2cabf37f7326,"Han, Chungnim C.",Social organization of Upper Han Hamlet in Korea,1949,121,Monograph,Korea,Asia,East Asia,intensive agriculturalists,,"593,621,626",https://ehrafworldcultures.yale.edu/sres/6c69eb68-386b-4b3e-90c9-2cabf37f7326
023916f1-b22f-469d-a64d-79705e159250,"Brandt, Vincent S. R.",A Korean village between farm and sea,1971,35,Monograph,Korea,Asia,East Asia,intensive agriculturalists,,"121,571,626",https://ehrafworldcultures.yale.edu/sres/023916f1-b22f-469d-a64d-79705e159250
ac17e069-b5e7-4cf9-8cc8-7706fca13570,"Brandt, Vincent S. R.",A Korean village between farm and sea,1971,49,Monograph,Korea,Asia,East Asia,intensive agriculturalists,,"621,626",https://ehrafworldcultures.yale.edu/sres/ac17e069-b5e7-4cf9-8cc8-7706fca13570
5c67131b-06e3-4323-88d5-1ad128227d47,"Brandt, Vincent S. R.",A Korean village between farm and sea,1971,52,Monograph,Korea,Asia,East Asia,intensive agriculturalists,,"423,428,554,556,593,626",https://ehrafworldcultures.yale.edu/sres/5c67131b-06e3-4323-88d5-1ad128227d47
85a8f88f-7da9-4fc8-8293-464bf34423d3,"Brandt, Vincent S. R.",A Korean village between farm and sea,1971,74,Monograph,Korea,Asia,East Asia,intensive agriculturalists,,"426,602,621,626",https://ehrafworldcultures.yale.edu/sres/85a8f88f-7da9-4fc8-8293-464bf34423d3
f983f2c0-02b9-4061-bc97-8d3cf48ccf01,"Brandt, Vincent S. R.",A Korean village between farm and sea,1971,74,Monograph,Korea,Asia,East Asia,intensive agriculturalists,,"426,621,626",https://ehrafworldcultures.yale.edu/sres/f983f2c0-02b9-4061-bc97-8d3cf48ccf01
ef26670c-e44b-4f29-9664-65ed896b1a6f,"Brandt, Vincent S. R.",A Korean village between farm and sea,1971,76,Monograph,Korea,Asia,East Asia,intensive agriculturalists,,"434,621,626",https://ehrafworldcultures.yale.edu/sres/ef26670c-e44b-4f29-9664-65ed896b1a6f
aa1b5a3b-473a-4ea4-9dc0-eeb7e655a331,"Brandt, Vincent S. R.",A Korean village between farm and sea,1971,77,Monograph,Korea,Asia,East Asia,intensive agriculturalists,,"434,621,626",https://ehrafworldcultures.yale.edu/sres/aa1b5a3b-473a-4ea4-9dc0-eeb7e655a331
8a86c65c-ba65-496f-8cc6-52c3c45254c2,"Brandt, Vincent S. R.",A Korean village between farm and sea,1971,97,Monograph,Korea,Asia,East Asia,intensive agriculturalists,,"554,578,592,593,621,626",https://ehrafworldcultures.yale.edu/sres/8a86c65c-ba65-496f-8cc6-52c3c45254c2
77d729c3-845b-4767-a216-8934246033a7,"Brandt, Vincent S. R.",A Korean village between farm and sea,1971,130,Monograph,Korea,Asia,East Asia,intensive agriculturalists,,"586,626",https://ehrafworldcultures.yale.edu/sres/77d729c3-845b-4767-a216-8934246033a7
a2ab75d1-53eb-4bd3-8ab3-7e9c57ea5ce4,"Brandt, Vincent S. R.",A Korean village between farm and sea,1971,137,Monograph,Korea,Asia,East Asia,intensive agriculturalists,,"578,593,626",https://ehrafworldcultures.yale.edu/sres/a2ab75d1-53eb-4bd3-8ab3-7e9c57ea5ce4
aad46df3-3bfe-4ded-bbed-56e24561740d,"Brandt, Vincent S. R.",A Korean village between farm and sea,1971,138,Monograph,Korea,Asia,East Asia,intensive agriculturalists,,"593,626",https://ehrafworldcultures.yale.edu/sres/aad46df3-3bfe-4ded-bbed-56e24561740d
371ece75-52d9-4e83-995f-7e6552c60d62,"Brandt, Vincent S. R.",A Korean village between farm and sea,1971,145,Monograph,Korea,Asia,East Asia,intensive agriculturalists,,"578,621,626",https://ehrafworldcultures.yale.edu/sres/371ece75-52d9-4e83-995f-7e6552c60d62
81db64c9-2b8c-4ac7-8ec4-ce98a58c6b26,"Brandt, Vincent S. R.",A Korean village between farm and sea,1971,145,Monograph,Korea,Asia,East Asia,intensive agriculturalists,,"621,626",https://ehrafworldcultures.yale.edu/sres/81db64c9-2b8c-4ac7-8ec4-ce98a58c6b26
d1dba224-0fa1-4d36-a465-3421fb902502,"Brandt, Vincent S. R.",A Korean village between farm and sea,1971,148,Monograph,Korea,Asia,East Asia,intensive agriculturalists,,"156,621,626",https://ehrafworldcultures.yale.edu/sres/d1dba224-0fa1-4d36-a465-3421fb902502
b3b8b152-8b0a-4cd4-b8de-3da6ee71e095,"Brandt, Vincent S. R.",A Korean village between farm and sea,1971,162,Monograph,Korea,Asia,East Asia,intensive agriculturalists,,"311,621,626",https://ehrafworldcultures.yale.edu/sres/b3b8b152-8b0a-4cd4-b8de-3da6ee71e095
cacd3a5b-71e5-4144-848d-a7e262b6087a,"Brandt, Vincent S. R.",A Korean village between farm and sea,1971,174,Monograph,Korea,Asia,East Asia,intensive agriculturalists,,"156,621,626,701,703",https://ehrafworldcultures.yale.edu/sres/cacd3a5b-71e5-4144-848d-a7e262b6087a
9b4c7907-9c1a-40ad-9a10-d4d95cd4421d,"Brandt, Vincent S. R.",A Korean village between farm and sea,1971,174,Monograph,Korea,Asia,East Asia,intensive agriculturalists,,"369,626",https://ehrafworldcultures.yale.edu/sres/9b4c7907-9c1a-40ad-9a10-d4d95cd4421d
f7078d5e-2e4b-4276-8de2-ac2f0e9d5ea4,"Brandt, Vincent S. R.",A Korean village between farm and sea,1971,175,Monograph,Korea,Asia,East Asia,intensive agriculturalists,,"476,593,602,626",https://ehrafworldcultures.yale.edu/sres/f7078d5e-2e4b-4276-8de2-ac2f0e9d5ea4
044e9e8f-fcf9-491b-aa17-f15947ed9807,"Brandt, Vincent S. R.",A Korean village between farm and sea,1971,176,Monograph,Korea,Asia,East Asia,intensive agriculturalists,,"326,626,858,882",https://ehrafworldcultures.yale.edu/sres/044e9e8f-fcf9-491b-aa17-f15947ed9807
34c9d01d-cf85-4779-8656-19bad7d9129a,"Brandt, Vincent S. R.",A Korean village between farm and sea,1971,176,Monograph,Korea,Asia,East Asia,intensive agriculturalists,,"181,626",https://ehrafworldcultures.yale.edu/sres/34c9d01d-cf85-4779-8656-19bad7d9129a
59b4afe4-74f1-4ee9-9229-65091d85f7e2,"Brandt, Vincent S. R.",A Korean village between farm and sea,1971,177,Monograph,Korea,Asia,East Asia,intensive agriculturalists,,"181,562,626",https://ehrafworldcultures.yale.edu/sres/59b4afe4-74f1-4ee9-9229-65091d85f7e2
aaccdb5f-4149-4a00-9d72-75e6a745ab1b,"Brandt, Vincent S. R.",A Korean village between farm and sea,1971,177,Monograph,Korea,Asia,East Asia,intensive agriculturalists,,626,https://ehrafworldcultures.yale.edu/sres/aaccdb5f-4149-4a00-9d72-75e6a745ab1b
6ccec05e-7cf4-4b27-af49-0525db4c400e,"Kang, Younghill",The grass roof,1931,264-265,"Component part(s), monograph",Korea,Asia,East Asia,intensive agriculturalists,,"152,626,762",https://ehrafworldcultures.yale.edu/sres/6ccec05e-7cf4-4b27-af49-0525db4c400e
35f04e7f-26f8-4653-a904-435a77bf53bf,"Kang, Younghill",The grass roof,1931,264-265,"Component part(s), monograph",Korea,Asia,East Asia,intensive agriculturalists,,"152,626,762",https://ehrafworldcultures.yale.edu/sres/35f04e7f-26f8-4653-a904-435a77bf53bf
bae648bd-5222-4d1d-a5bc-e659f14bae30,"Kang, Younghill",The grass roof,1931,264-265,"Component part(s), monograph",Korea,Asia,East Asia,intensive agriculturalists,,"152,626,762",https://ehrafworldcultures.yale.edu/sres/bae648bd-5222-4d1d-a5bc-e659f14bae30
073f8769-bf3d-4fcc-8928-fd9d608cfcbc,"Kang, Younghill",The grass roof,1931,264-265,"Component part(s), monograph",Korea,Asia,East Asia,intensive agriculturalists,,"152,626,762",https://ehrafworldcultures.yale.edu/sres/073f8769-bf3d-4fcc-8928-fd9d608cfcbc
4dc09d33-4092-41e2-a030-2076dadcec6f,"Kang, Younghill",The grass roof,1931,264-265,"Component part(s), monograph",Korea,Asia,East Asia,intensive agriculturalists,,"152,626,762",https://ehrafworldcultures.yale.edu/sres/4dc09d33-4092-41e2-a030-2076dadcec6f
ec26d934-e622-45a2-9584-a5729f3b2c65,"Kang, Younghill",The grass roof,1931,264-265,"Component part(s), monograph",Korea,Asia,East Asia,intensive agriculturalists,,"152,626,762",https://ehrafworldcultures.yale.edu/sres/ec26d934-e622-45a2-9584-a5729f3b2c65
f6391490-6e6c-46fd-94a1-03e9a77b1b90,"Kang, Younghill",The grass roof,1931,264-265,"Component part(s), monograph",Korea,Asia,East Asia,intensive agriculturalists,,"152,626,762",https://ehrafworldcultures.yale.edu/sres/f6391490-6e6c-46fd-94a1-03e9a77b1b90
68bf1a49-5026-4868-b758-331558b20181,"Kang, Younghill",The grass roof,1931,264-265,"Component part(s), monograph",Korea,Asia,East Asia,intensive agriculturalists,,"152,626,762",https://ehrafworldcultures.yale.edu/sres/68bf1a49-5026-4868-b758-331558b20181
66c2aeff-e70a-4c7a-b157-89b48871b585,"Kang, Younghill",The grass roof,1931,264-265,"Component part(s), monograph",Korea,Asia,East Asia,intensive agriculturalists,,"152,626,762",https://ehrafworldcultures.yale.edu/sres/66c2aeff-e70a-4c7a-b157-89b48871b585
18834497-a67d-42a3-8e1a-1552dea3b450,"Kang, Younghill",The grass roof,1931,304-306,"Component part(s), monograph",Korea,Asia,East Asia,intensive agriculturalists,,626,https://ehrafworldcultures.yale.edu/sres/18834497-a67d-42a3-8e1a-1552dea3b450
407bacfc-2d07-41f2-941e-f9b7e2ad97a2,"Kang, Younghill",The grass roof,1931,304-306,"Component part(s), monograph",Korea,Asia,East Asia,intensive agriculturalists,,626,https://ehrafworldcultures.yale.edu/sres/407bacfc-2d07-41f2-941e-f9b7e2ad97a2
fbbbf1f1-ecea-4e3c-8d83-0e98e3f7affc,"Kang, Younghill",The grass roof,1931,304-306,"Component part(s), monograph",Korea,Asia,East Asia,intensive agriculturalists,,626,https://ehrafworldcultures.yale.edu/sres/fbbbf1f1-ecea-4e3c-8d83-0e98e3f7affc
3831d37f-f86c-4c44-9a8e-7dd3b925919a,"Kang, Younghill",The grass roof,1931,304-306,"Component part(s), monograph",Korea,Asia,East Asia,intensive agriculturalists,,626,https://ehrafworldcultures.yale.edu/sres/3831d37f-f86c-4c44-9a8e-7dd3b925919a
0f1e769e-5792-46df-bae3-f8cdc3e1b530,"Kang, Younghill",The grass roof,1931,304-306,"Component part(s), monograph",Korea,Asia,East Asia,intensive agriculturalists,,626,https://ehrafworldcultures.yale.edu/sres/0f1e769e-5792-46df-bae3-f8cdc3e1b530
0c9af82f-74da-4522-959e-3f94ecddcbf2,"Kang, Younghill",The grass roof,1931,304-306,"Component part(s), monograph",Korea,Asia,East Asia,intensive agriculturalists,,626,https://ehrafworldcultures.yale.edu/sres/0c9af82f-74da-4522-959e-3f94ecddcbf2
b3a1de8b-7d77-4d84-bc22-0bfa7df5db96,"Kang, Younghill",The grass roof,1931,304-306,"Component part(s), monograph",Korea,Asia,East Asia,intensive agriculturalists,,626,https://ehrafworldcultures.yale.edu/sres/b3a1de8b-7d77-4d84-bc22-0bfa7df5db96
4b437bd6-db68-4a8b-967e-cd4a28585311,"Kang, Younghill",The grass roof,1931,304-306,"Component part(s), monograph",Korea,Asia,East Asia,intensive agriculturalists,,626,https://ehrafworldcultures.yale.edu/sres/4b437bd6-db68-4a8b-967e-cd4a28585311
60fc4b9f-8ea1-45e5-bdba-bfbe31e00903,"Kang, Younghill",The grass roof,1931,304-306,"Component part(s), monograph",Korea,Asia,East Asia,intensive agriculturalists,,626,https://ehrafworldcultures.yale.edu/sres/60fc4b9f-8ea1-45e5-bdba-bfbe31e00903
3bcdfa7b-82df-489b-9071-75d063faa11b,"Kang, Younghill",The grass roof,1931,304-306,"Component part(s), monograph",Korea,Asia,East Asia,intensive agriculturalists,,626,https://ehrafworldcultures.yale.edu/sres/3bcdfa7b-82df-489b-9071-75d063faa11b
fdedea7b-e66a-4d5b-8762-bd230ce8ede0,"Kang, Younghill",The grass roof,1931,304-306,"Component part(s), monograph",Korea,Asia,East Asia,intensive agriculturalists,,626,https://ehrafworldcultures.yale.edu/sres/fdedea7b-e66a-4d5b-8762-bd230ce8ede0
f0224f3e-dd74-421d-9e21-0ab729858b35,"Kang, Younghill",The grass roof,1931,304-306,"Component part(s), monograph",Korea,Asia,East Asia,intensive agriculturalists,,626,https://ehrafworldcultures.yale.edu/sres/f0224f3e-dd74-421d-9e21-0ab729858b35
26cd28da-28ae-4d32-9e7c-6c46f2c30603,Anonymous,Data for a description of Korea,1866,38,Journal Article,Korea,Asia,East Asia,intensive agriculturalists,,"195,626,867",https://ehrafworldcultures.yale.edu/sres/26cd28da-28ae-4d32-9e7c-6c46f2c30603
35e26bfe-080d-4de1-beff-b48da8ac7e73,"Yi, Mun-ung","Rural North Korea under communism: a study of sociocultural
         change",1976,54,Monograph,Korea,Asia,East Asia,intensive agriculturalists,,"621,625,626",https://ehrafworldcultures.yale.edu/sres/35e26bfe-080d-4de1-beff-b48da8ac7e73
0f9c3169-dfe5-4360-9533-d34975ea3005,"Yi, Mun-ung","Rural North Korea under communism: a study of sociocultural
         change",1976,54,Monograph,Korea,Asia,East Asia,intensive agriculturalists,,"621,625,626",https://ehrafworldcultures.yale.edu/sres/0f9c3169-dfe5-4360-9533-d34975ea3005
7f41717c-62b1-4861-951e-9af5a66e637e,"Yi, Mun-ung","Rural North Korea under communism: a study of sociocultural
         change",1976,106,Monograph,Korea,Asia,East Asia,intensive agriculturalists,,"576,626,877",https://ehrafworldcultures.yale.edu/sres/7f41717c-62b1-4861-951e-9af5a66e637e
6e7b0d71-3405-49a9-9baa-ebc207fdf85c,"Yi, Mun-ung","Rural North Korea under communism: a study of sociocultural
         change",1976,122,Monograph,Korea,Asia,East Asia,intensive agriculturalists,,"183,208,626",https://ehrafworldcultures.yale.edu/sres/6e7b0d71-3405-49a9-9baa-ebc207fdf85c
431085e2-7b7e-4cdd-8305-0fe663b715cc,"Bishop, Isabella Bird",Korea and her neighbors,1898,45,Monograph,Korea,Asia,East Asia,intensive agriculturalists,,"361,363,554,565,626",https://ehrafworldcultures.yale.edu/sres/431085e2-7b7e-4cdd-8305-0fe663b715cc
93100748-1f5e-4838-9022-8150cd4244b1,"Bishop, Isabella Bird",Korea and her neighbors,1898,46,Monograph,Korea,Asia,East Asia,intensive agriculturalists,,"361,363,554,565,626",https://ehrafworldcultures.yale.edu/sres/93100748-1f5e-4838-9022-8150cd4244b1
b773561a-d2b2-49b0-a0b7-de9d6995e16b,"Janelli, Roger L.",Ancestor worship and Korean society,1982,149,Monograph,Korea,Asia,East Asia,intensive agriculturalists,,"562,602,626,755,762",https://ehrafworldcultures.yale.edu/sres/b773561a-d2b2-49b0-a0b7-de9d6995e16b
cf2171d8-9eb1-4b8b-ab0b-e4f5cb016fa4,"Bishop, Isabella Bird",Korea and her neighbors,1898,118,Monograph,Korea,Asia,East Asia,intensive agriculturalists,,"565,593,606,626",https://ehrafworldcultures.yale.edu/sres/cf2171d8-9eb1-4b8b-ab0b-e4f5cb016fa4
bdbd729b-850a-478c-bb17-e13bc514aac0,"Han, Sang-bok, 1935-","Korean fishermen: ecological adaptation in three
         communities",1977,69,Monograph,Korea,Asia,East Asia,intensive agriculturalists,,626,https://ehrafworldcultures.yale.edu/sres/bdbd729b-850a-478c-bb17-e13bc514aac0
d16b3435-376c-4e8d-9b33-ae8dcd091717,"Lee, Mangap","Consanguineous group and its function in the Korean
         community",1970,344,Essay,Korea,Asia,East Asia,intensive agriculturalists,,"613,614,626",https://ehrafworldcultures.yale.edu/sres/d16b3435-376c-4e8d-9b33-ae8dcd091717
11259e63-4951-49f1-b696-1e2810a7fa9c,"Yi, Kwang-gyu, 1932-",Kinship system in Korea,1975,-52-,Monograph,Korea,Asia,East Asia,intensive agriculturalists,,"592,626",https://ehrafworldcultures.yale.edu/sres/11259e63-4951-49f1-b696-1e2810a7fa9c
222a7eeb-0117-467b-827f-ca4c8c2defdd,"Yi, Kwang-gyu, 1932-",Kinship system in Korea,1975,-140-,Monograph,Korea,Asia,East Asia,intensive agriculturalists,,"577,614,626",https://ehrafworldcultures.yale.edu/sres/222a7eeb-0117-467b-827f-ca4c8c2defdd
24d883ab-2c08-40b6-804e-f52b50ed5cab,"Dallet, Charles",A history of the church in Korea: vol. 1,1874,102,Monograph,Korea,Asia,East Asia,intensive agriculturalists,,"565,626",https://ehrafworldcultures.yale.edu/sres/24d883ab-2c08-40b6-804e-f52b50ed5cab
09776ef6-f22c-4285-889a-53a640e1912a,"Dallet, Charles",A history of the church in Korea: vol. 1,1874,152,Monograph,Korea,Asia,East Asia,intensive agriculturalists,,"342,511,626,831",https://ehrafworldcultures.yale.edu/sres/09776ef6-f22c-4285-889a-53a640e1912a
745c0178-8206-4e7c-aca9-8d388a0354b8,"Choi, Soo Ho","The struggle for family succession and inheritance in a rural
         Korean village",1995,331,Journal Article,Korea,Asia,East Asia,intensive agriculturalists,,"577,593,626",https://ehrafworldcultures.yale.edu/sres/745c0178-8206-4e7c-aca9-8d388a0354b8
ef8a70f9-2453-41ee-bd4d-207a3011aab7,"Clark, Charles Allen",Religions of old Korea,1932,114,"Component part(s), monograph",Korea,Asia,East Asia,intensive agriculturalists,,"539,626,769,788",https://ehrafworldcultures.yale.edu/sres/ef8a70f9-2453-41ee-bd4d-207a3011aab7
600dfdde-a853-435d-a276-c2844cae7497,"Bergman, Sten",In Korean wilds and villages,1938,61,"Component part(s), monograph",Korea,Asia,East Asia,intensive agriculturalists,,"526,626,796",https://ehrafworldcultures.yale.edu/sres/600dfdde-a853-435d-a276-c2844cae7497
9596c6f3-88b3-4008-a5f6-32de02f7cade,"Kim, Myung-hye","Transformation of family ideology in upper middle class
         families in urban South Korea",1993,71,Journal Article,Korea,Asia,East Asia,intensive agriculturalists,,"342,562,626",https://ehrafworldcultures.yale.edu/sres/9596c6f3-88b3-4008-a5f6-32de02f7cade
c664502e-2bb3-4fcd-bf8d-8025613d9912,"Osgood, Cornelius",The Koreans and their culture,1951,112-113,"Component part(s), monograph",Korea,Asia,East Asia,intensive agriculturalists,,"173,626,837,842,848",https://ehrafworldcultures.yale.edu/sres/c664502e-2bb3-4fcd-bf8d-8025613d9912
bd47dd3a-8717-4342-9799-c96cf0415e84,"Osgood, Cornelius",The Koreans and their culture,1951,121,"Component part(s), monograph",Korea,Asia,East Asia,intensive agriculturalists,,"195,626,769,796",https://ehrafworldcultures.yale.edu/sres/bd47dd3a-8717-4342-9799-c96cf0415e84
7596c6da-9fdf-45df-99c3-aee89d65a89c,"Hulbert, Homer B.",The status of woman in Korea,1902,99,Journal Article,Korea,Asia,East Asia,intensive agriculturalists,,"428,626",https://ehrafworldcultures.yale.edu/sres/7596c6da-9fdf-45df-99c3-aee89d65a89c
6f8e9da5-d8cb-4a49-8ec1-a70518b783c0,"Hulbert, Homer B.",The status of woman in Korea,1902,99-100,Journal Article,Korea,Asia,East Asia,intensive agriculturalists,,"428,597,626",https://ehrafworldcultures.yale.edu/sres/6f8e9da5-d8cb-4a49-8ec1-a70518b783c0
5a417a60-a568-469d-8d18-0b02e4a879c2,"Kang, Younghill",The grass roof,1931,114-115,"Component part(s), monograph",Korea,Asia,East Asia,intensive agriculturalists,,"154,357,567,627",https://ehrafworldcultures.yale.edu/sres/5a417a60-a568-469d-8d18-0b02e4a879c2
63aa6b89-169a-44b6-b3e6-af5fc5591f88,"Chŏn, Kyŏng-su, 1949-","Reciprocity and Korean society: an ethnography of
         Hasami",1984,38,Monograph,Korea,Asia,East Asia,intensive agriculturalists,,"423,434,613,627",https://ehrafworldcultures.yale.edu/sres/63aa6b89-169a-44b6-b3e6-af5fc5591f88
5a971f05-f3aa-437a-b929-f91a5b70a974,"Kim, Choong Soon, 1938-",Culture summary: Korea,1998,9,Manuscript,Korea,Asia,East Asia,intensive agriculturalists,,"627,692",https://ehrafworldcultures.yale.edu/sres/5a971f05-f3aa-437a-b929-f91a5b70a974
e0d76342-7879-4cc4-b89c-0983862c45be,"Moose, J. Robert",Village life in Korea,1911,62,"Component part(s), monograph",Korea,Asia,East Asia,intensive agriculturalists,,"273,579,625,627",https://ehrafworldcultures.yale.edu/sres/e0d76342-7879-4cc4-b89c-0983862c45be
5201d871-2f4e-4162-8d7d-3e097f3955e7,"Bishop, Isabella Bird",Korea and her neighbors,1898,336,Monograph,Korea,Asia,East Asia,intensive agriculturalists,,"157,454,579,627,661",https://ehrafworldcultures.yale.edu/sres/5201d871-2f4e-4162-8d7d-3e097f3955e7
f69c957c-0977-4b33-bccf-bd3959195db5,"Bishop, Isabella Bird",Korea and her neighbors,1898,337,Monograph,Korea,Asia,East Asia,intensive agriculturalists,,"157,454,579,627,661",https://ehrafworldcultures.yale.edu/sres/f69c957c-0977-4b33-bccf-bd3959195db5
71dbcd1c-15c5-482a-93dc-9e0620e79320,"Bishop, Isabella Bird",Korea and her neighbors,1898,367,Monograph,Korea,Asia,East Asia,intensive agriculturalists,,"175,301,627,671",https://ehrafworldcultures.yale.edu/sres/71dbcd1c-15c5-482a-93dc-9e0620e79320
a74f75d8-6211-49a0-bd8a-257f29c92b32,"Han, Sang-bok, 1935-","Korean fishermen: ecological adaptation in three
         communities",1977,69,Monograph,Korea,Asia,East Asia,intensive agriculturalists,,"627,628",https://ehrafworldcultures.yale.edu/sres/a74f75d8-6211-49a0-bd8a-257f29c92b32
6e8e61c7-0883-43ca-b750-54a9576e4d13,"Yi, Kwang-gyu, 1932-",Kinship system in Korea,1975,-246-,Monograph,Korea,Asia,East Asia,intensive agriculturalists,,"428,627,691",https://ehrafworldcultures.yale.edu/sres/6e8e61c7-0883-43ca-b750-54a9576e4d13
b09c452e-e42b-4cdf-bb76-93a93d959c37,"Dallet, Charles",A history of the church in Korea: vol. 1,1874,133,Monograph,Korea,Asia,East Asia,intensive agriculturalists,,"182,614,627",https://ehrafworldcultures.yale.edu/sres/b09c452e-e42b-4cdf-bb76-93a93d959c37
38959c64-f95f-4f2e-9a9b-d52f13127818,"Dallet, Charles",A history of the church in Korea: vol. 1,1874,133,Monograph,Korea,Asia,East Asia,intensive agriculturalists,,"182,614,627",https://ehrafworldcultures.yale.edu/sres/38959c64-f95f-4f2e-9a9b-d52f13127818
86cb2933-472a-4f26-9b12-3db270de0280,"Carles, William Richard",Life in Corea,1888,58,Monograph,Korea,Asia,East Asia,intensive agriculturalists,,627,https://ehrafworldcultures.yale.edu/sres/86cb2933-472a-4f26-9b12-3db270de0280
43c1b75a-d1ae-4121-a9b4-d438d64e128c,"Carles, William Richard",Life in Corea,1888,263,Monograph,Korea,Asia,East Asia,intensive agriculturalists,,"624,627",https://ehrafworldcultures.yale.edu/sres/43c1b75a-d1ae-4121-a9b4-d438d64e128c
1c0a3ef4-8e99-4ee0-8e86-3b447b93b09f,"Kendall, Laurel","Shamans, housewives and other restless spirits: women in
         Korean ritual life",1985,62,Monograph,Korea,Asia,East Asia,intensive agriculturalists,,"535,689,756",https://ehrafworldcultures.yale.edu/sres/1c0a3ef4-8e99-4ee0-8e86-3b447b93b09f
3469e8e2-ca1d-4e33-92e1-c0b943bef5c8,"Kang, Younghill",The grass roof,1931,30,"Component part(s), monograph",Korea,Asia,East Asia,intensive agriculturalists,,"159,681",https://ehrafworldcultures.yale.edu/sres/3469e8e2-ca1d-4e33-92e1-c0b943bef5c8
6a225bfb-4be7-4173-89b0-5a236863e1d5,"Kang, Younghill",The grass roof,1931,41,"Component part(s), monograph",Korea,Asia,East Asia,intensive agriculturalists,,"527,686",https://ehrafworldcultures.yale.edu/sres/6a225bfb-4be7-4173-89b0-5a236863e1d5
c07dd0c3-fb25-42f5-adbf-1bb45e95ebd6,"Kang, Younghill",The grass roof,1931,41,"Component part(s), monograph",Korea,Asia,East Asia,intensive agriculturalists,,"527,686",https://ehrafworldcultures.yale.edu/sres/c07dd0c3-fb25-42f5-adbf-1bb45e95ebd6
b96aeddd-6261-457f-9e79-8feba62c2802,"Kang, Younghill",The grass roof,1931,46-47,"Component part(s), monograph",Korea,Asia,East Asia,intensive agriculturalists,,"685,791,858,873",https://ehrafworldcultures.yale.edu/sres/b96aeddd-6261-457f-9e79-8feba62c2802
a480f6ad-f17e-4db8-a550-99f8f2e3b014,"Kang, Younghill",The grass roof,1931,46-47,"Component part(s), monograph",Korea,Asia,East Asia,intensive agriculturalists,,"685,791,858,873",https://ehrafworldcultures.yale.edu/sres/a480f6ad-f17e-4db8-a550-99f8f2e3b014
876e0678-0ec1-4cd8-a5f7-780df406eae6,"Kang, Younghill",The grass roof,1931,46-47,"Component part(s), monograph",Korea,Asia,East Asia,intensive agriculturalists,,"685,791,858,873",https://ehrafworldcultures.yale.edu/sres/876e0678-0ec1-4cd8-a5f7-780df406eae6
7ce1491d-6142-4024-a05f-2ab7de95e532,"Kang, Younghill",The grass roof,1931,81-82,"Component part(s), monograph",Korea,Asia,East Asia,intensive agriculturalists,,"291,593,681",https://ehrafworldcultures.yale.edu/sres/7ce1491d-6142-4024-a05f-2ab7de95e532
6a23f732-1875-49dc-9b68-5eb6ad5fb110,"Kang, Younghill",The grass roof,1931,175,"Component part(s), monograph",Korea,Asia,East Asia,intensive agriculturalists,,"177,636,687",https://ehrafworldcultures.yale.edu/sres/6a23f732-1875-49dc-9b68-5eb6ad5fb110
24155ae0-b14f-4450-b203-024d7cd6e141,"Kang, Younghill",The grass roof,1931,224,"Component part(s), monograph",Korea,Asia,East Asia,intensive agriculturalists,,687,https://ehrafworldcultures.yale.edu/sres/24155ae0-b14f-4450-b203-024d7cd6e141
9a563cb4-5993-42e8-84dc-f4e3e2c84166,"Kang, Younghill",The grass roof,1931,338-339,"Component part(s), monograph",Korea,Asia,East Asia,intensive agriculturalists,,681,https://ehrafworldcultures.yale.edu/sres/9a563cb4-5993-42e8-84dc-f4e3e2c84166
be426de8-bd70-48d0-8ded-1685d9fa5789,"Kang, Younghill",The grass roof,1931,338-339,"Component part(s), monograph",Korea,Asia,East Asia,intensive agriculturalists,,681,https://ehrafworldcultures.yale.edu/sres/be426de8-bd70-48d0-8ded-1685d9fa5789
e951b318-da74-4fad-96b2-7c15b228da37,"Kang, Younghill",The grass roof,1931,338-339,"Component part(s), monograph",Korea,Asia,East Asia,intensive agriculturalists,,681,https://ehrafworldcultures.yale.edu/sres/e951b318-da74-4fad-96b2-7c15b228da37
6feab296-1d04-446d-8d91-d6437b662f2e,"Kang, Younghill",The grass roof,1931,338-339,"Component part(s), monograph",Korea,Asia,East Asia,intensive agriculturalists,,681,https://ehrafworldcultures.yale.edu/sres/6feab296-1d04-446d-8d91-d6437b662f2e
c755808f-1231-43fc-b51b-ffc16a088f89,"Kang, Younghill",The grass roof,1931,338-339,"Component part(s), monograph",Korea,Asia,East Asia,intensive agriculturalists,,681,https://ehrafworldcultures.yale.edu/sres/c755808f-1231-43fc-b51b-ffc16a088f89
d067fda8-34a7-419a-97c5-9367341e1d96,"Kang, Younghill",The grass roof,1931,339-340,"Component part(s), monograph",Korea,Asia,East Asia,intensive agriculturalists,,681,https://ehrafworldcultures.yale.edu/sres/d067fda8-34a7-419a-97c5-9367341e1d96
eb92644e-3b1a-4dd4-9ece-cb9b8acd2ab6,"Kang, Younghill",The grass roof,1931,339-340,"Component part(s), monograph",Korea,Asia,East Asia,intensive agriculturalists,,681,https://ehrafworldcultures.yale.edu/sres/eb92644e-3b1a-4dd4-9ece-cb9b8acd2ab6
59584613-cd56-42bb-ad46-a98b75002c29,"Kang, Younghill",The grass roof,1931,340,"Component part(s), monograph",Korea,Asia,East Asia,intensive agriculturalists,,"681,697",https://ehrafworldcultures.yale.edu/sres/59584613-cd56-42bb-ad46-a98b75002c29
b09c321b-fd47-4265-be01-c0f0ec7b8db7,"Kang, Younghill",The grass roof,1931,340,"Component part(s), monograph",Korea,Asia,East Asia,intensive agriculturalists,,"681,697",https://ehrafworldcultures.yale.edu/sres/b09c321b-fd47-4265-be01-c0f0ec7b8db7
7183ae18-871d-4983-9eaf-7f00729b9e1d,"Kang, Younghill",The grass roof,1931,342,"Component part(s), monograph",Korea,Asia,East Asia,intensive agriculturalists,,"669,687",https://ehrafworldcultures.yale.edu/sres/7183ae18-871d-4983-9eaf-7f00729b9e1d
e4dcaa4e-fcde-4e68-ab3d-23282f63fc8b,"Kang, Younghill",The grass roof,1931,343,"Component part(s), monograph",Korea,Asia,East Asia,intensive agriculturalists,,681,https://ehrafworldcultures.yale.edu/sres/e4dcaa4e-fcde-4e68-ab3d-23282f63fc8b
ffbc47c4-73fa-4421-9047-6062b130dc6f,"Chŏn, Kyŏng-su, 1949-","Reciprocity and Korean society: an ethnography of
         Hasami",1984,22,Monograph,Korea,Asia,East Asia,intensive agriculturalists,,"133,175,361,687,778,823",https://ehrafworldcultures.yale.edu/sres/ffbc47c4-73fa-4421-9047-6062b130dc6f
e2c8485e-822e-492c-b7c9-e4f3484735b6,"Chŏn, Kyŏng-su, 1949-","Reciprocity and Korean society: an ethnography of
         Hasami",1984,47,Monograph,Korea,Asia,East Asia,intensive agriculturalists,,"000,561,578,602,613,686",https://ehrafworldcultures.yale.edu/sres/e2c8485e-822e-492c-b7c9-e4f3484735b6
d4b19cef-1208-49ab-a2d2-c93792fbdc30,"Chŏn, Kyŏng-su, 1949-","Reciprocity and Korean society: an ethnography of
         Hasami",1984,48,Monograph,Korea,Asia,East Asia,intensive agriculturalists,,"561,578,613,686",https://ehrafworldcultures.yale.edu/sres/d4b19cef-1208-49ab-a2d2-c93792fbdc30
b8d12724-3f02-4be0-9364-968a1ecabeb8,"Chŏn, Kyŏng-su, 1949-","Reciprocity and Korean society: an ethnography of
         Hasami",1984,138,Monograph,Korea,Asia,East Asia,intensive agriculturalists,,"426,456,686",https://ehrafworldcultures.yale.edu/sres/b8d12724-3f02-4be0-9364-968a1ecabeb8
6a3265aa-3848-4eea-9369-2fa2e39b28ea,"Chŏn, Kyŏng-su, 1949-","Reciprocity and Korean society: an ethnography of
         Hasami",1984,138,Monograph,Korea,Asia,East Asia,intensive agriculturalists,,"426,456,686",https://ehrafworldcultures.yale.edu/sres/6a3265aa-3848-4eea-9369-2fa2e39b28ea
c412a434-c15f-427b-ac1f-4ec4356f9baa,"Chŏn, Kyŏng-su, 1949-","Reciprocity and Korean society: an ethnography of
         Hasami",1984,155,Monograph,Korea,Asia,East Asia,intensive agriculturalists,,"443,452,686",https://ehrafworldcultures.yale.edu/sres/c412a434-c15f-427b-ac1f-4ec4356f9baa
e4169b24-9279-48e5-90d8-4348ec0949a3,"Chŏn, Kyŏng-su, 1949-","Reciprocity and Korean society: an ethnography of
         Hasami",1984,164,Monograph,Korea,Asia,East Asia,intensive agriculturalists,,"426,474,621,622,686",https://ehrafworldcultures.yale.edu/sres/e4169b24-9279-48e5-90d8-4348ec0949a3
2e8f8f52-3f8d-4f0e-92a8-4c0dbda2bd36,"Chŏn, Kyŏng-su, 1949-","Reciprocity and Korean society: an ethnography of
         Hasami",1984,181,Monograph,Korea,Asia,East Asia,intensive agriculturalists,,"313,592,651,659,687",https://ehrafworldcultures.yale.edu/sres/2e8f8f52-3f8d-4f0e-92a8-4c0dbda2bd36
91e950fc-882a-476e-927e-2daf137a0096,"Chŏn, Kyŏng-su, 1949-","Reciprocity and Korean society: an ethnography of
         Hasami",1984,181,Monograph,Korea,Asia,East Asia,intensive agriculturalists,,"313,659,662,687",https://ehrafworldcultures.yale.edu/sres/91e950fc-882a-476e-927e-2daf137a0096
95e4019d-41f4-4ce3-8821-09e4b5ea8ceb,"Chŏn, Kyŏng-su, 1949-","Reciprocity and Korean society: an ethnography of
         Hasami",1984,182,Monograph,Korea,Asia,East Asia,intensive agriculturalists,,"662,687",https://ehrafworldcultures.yale.edu/sres/95e4019d-41f4-4ce3-8821-09e4b5ea8ceb
0ee64d05-3d03-40e4-85e4-424ed1a09157,"Chŏn, Kyŏng-su, 1949-","Reciprocity and Korean society: an ethnography of
         Hasami",1984,182,Monograph,Korea,Asia,East Asia,intensive agriculturalists,,"159,226,625,641,662,687,848",https://ehrafworldcultures.yale.edu/sres/0ee64d05-3d03-40e4-85e4-424ed1a09157
b644f6c1-8af3-472e-9da6-7dcb0672d38e,"Brandt, Vincent S. R.",A Korean village between farm and sea,1971,188,Monograph,Korea,Asia,East Asia,intensive agriculturalists,,"578,621,685,861,883",https://ehrafworldcultures.yale.edu/sres/b644f6c1-8af3-472e-9da6-7dcb0672d38e
1a492bda-6cd2-4127-bf7a-45196a2d6b45,"Brandt, Vincent S. R.",A Korean village between farm and sea,1971,188,Monograph,Korea,Asia,East Asia,intensive agriculturalists,,"578,621,685,754",https://ehrafworldcultures.yale.edu/sres/1a492bda-6cd2-4127-bf7a-45196a2d6b45
4d70a304-183b-4c16-aca6-9d24d82dac34,"Brandt, Vincent S. R.",A Korean village between farm and sea,1971,199,Monograph,Korea,Asia,East Asia,intensive agriculturalists,,"578,625,682,691",https://ehrafworldcultures.yale.edu/sres/4d70a304-183b-4c16-aca6-9d24d82dac34
cf5dc33c-55cf-42b5-a108-ac56ef533c60,"Brandt, Vincent S. R.",A Korean village between farm and sea,1971,207,Monograph,Korea,Asia,East Asia,intensive agriculturalists,,"166,572,621,683",https://ehrafworldcultures.yale.edu/sres/cf5dc33c-55cf-42b5-a108-ac56ef533c60
ca64921b-38e3-4119-8138-6007c8605be8,"Brandt, Vincent S. R.",A Korean village between farm and sea,1971,208,Monograph,Korea,Asia,East Asia,intensive agriculturalists,,"166,572,621,683",https://ehrafworldcultures.yale.edu/sres/ca64921b-38e3-4119-8138-6007c8605be8
10ad442a-6350-4c9d-9f4b-73837cdb81e7,"Brandt, Vincent S. R.",A Korean village between farm and sea,1971,209,Monograph,Korea,Asia,East Asia,intensive agriculturalists,,"565,578,613,621,684",https://ehrafworldcultures.yale.edu/sres/10ad442a-6350-4c9d-9f4b-73837cdb81e7
12d824ab-490a-4f9d-a9a6-6dc8b75a174b,"Brandt, Vincent S. R.",A Korean village between farm and sea,1971,209,Monograph,Korea,Asia,East Asia,intensive agriculturalists,,"565,578,613,621,684",https://ehrafworldcultures.yale.edu/sres/12d824ab-490a-4f9d-a9a6-6dc8b75a174b
f9d4ea71-7cd6-4295-b18b-e778f7c2042a,"Brandt, Vincent S. R.",A Korean village between farm and sea,1971,209,Monograph,Korea,Asia,East Asia,intensive agriculturalists,,"621,625,685",https://ehrafworldcultures.yale.edu/sres/f9d4ea71-7cd6-4295-b18b-e778f7c2042a
7ff2ee1a-18fc-4d43-ab7c-92711774cf50,"Brandt, Vincent S. R.",A Korean village between farm and sea,1971,210,Monograph,Korea,Asia,East Asia,intensive agriculturalists,,"621,625,685",https://ehrafworldcultures.yale.edu/sres/7ff2ee1a-18fc-4d43-ab7c-92711774cf50
6229ca92-a14e-4849-b1a4-d610e8c01ecf,"Brandt, Vincent S. R.",A Korean village between farm and sea,1971,210,Monograph,Korea,Asia,East Asia,intensive agriculturalists,,"123,621,625,685",https://ehrafworldcultures.yale.edu/sres/6229ca92-a14e-4849-b1a4-d610e8c01ecf
4d931da9-90b4-4b6e-ada5-bb6f815ad974,"Deuchler, Martina, 1935-","Neo-Confucianism: the impulse for social action in early Yi
         Korea",1980,72,Journal Article,Korea,Asia,East Asia,intensive agriculturalists,,"175,669,682",https://ehrafworldcultures.yale.edu/sres/4d931da9-90b4-4b6e-ada5-bb6f815ad974
e336b531-912a-4760-815c-82573ed30f1e,"Brandt, Vincent S. R.",A Korean village between farm and sea,1971,188,Monograph,Korea,Asia,East Asia,intensive agriculturalists,,"578,621,685",https://ehrafworldcultures.yale.edu/sres/e336b531-912a-4760-815c-82573ed30f1e
fb2f6a6b-6978-4ea4-91b0-9088fd4813b4,"Grajdanzev, Andrew J.",Modern Korea,1944,47,Monograph,Korea,Asia,East Asia,intensive agriculturalists,,"647,681",https://ehrafworldcultures.yale.edu/sres/fb2f6a6b-6978-4ea4-91b0-9088fd4813b4
b37efe46-29b4-4428-83f4-022dd6af6977,"Grajdanzev, Andrew J.",Modern Korea,1944,53,Monograph,Korea,Asia,East Asia,intensive agriculturalists,,687,https://ehrafworldcultures.yale.edu/sres/b37efe46-29b4-4428-83f4-022dd6af6977
37abb3c1-8db0-42e3-b706-0dbc07970591,"Grajdanzev, Andrew J.",Modern Korea,1944,53,Monograph,Korea,Asia,East Asia,intensive agriculturalists,,"687,695",https://ehrafworldcultures.yale.edu/sres/37abb3c1-8db0-42e3-b706-0dbc07970591
ecb2766e-534d-46c4-a3ff-91cdc9a53aad,"Grajdanzev, Andrew J.",Modern Korea,1944,54,Monograph,Korea,Asia,East Asia,intensive agriculturalists,,"687,695",https://ehrafworldcultures.yale.edu/sres/ecb2766e-534d-46c4-a3ff-91cdc9a53aad
6b24a2cf-8cea-4fce-923c-5f91da908bbe,"Grajdanzev, Andrew J.",Modern Korea,1944,54,Monograph,Korea,Asia,East Asia,intensive agriculturalists,,"687,695",https://ehrafworldcultures.yale.edu/sres/6b24a2cf-8cea-4fce-923c-5f91da908bbe
cdf9a446-80ec-4e13-b80d-3c0e6f830bd1,"Grajdanzev, Andrew J.",Modern Korea,1944,55,Monograph,Korea,Asia,East Asia,intensive agriculturalists,,"114,668,687",https://ehrafworldcultures.yale.edu/sres/cdf9a446-80ec-4e13-b80d-3c0e6f830bd1
f048db46-58af-47d7-bd1d-f41eb94960bf,"Hulbert, Homer B.",The passing of Korea,1906,25,"Component part(s), monograph",Korea,Asia,East Asia,intensive agriculturalists,,"136,164,177,681",https://ehrafworldcultures.yale.edu/sres/f048db46-58af-47d7-bd1d-f41eb94960bf
704a0268-7fa2-472b-8ce9-81e98e3c232e,"Hulbert, Homer B.",The passing of Korea,1906,61-62,"Component part(s), monograph",Korea,Asia,East Asia,intensive agriculturalists,,681,https://ehrafworldcultures.yale.edu/sres/704a0268-7fa2-472b-8ce9-81e98e3c232e
188d658f-e0dc-4450-9755-b05340155688,"Hulbert, Homer B.",The passing of Korea,1906,62,"Component part(s), monograph",Korea,Asia,East Asia,intensive agriculturalists,,687,https://ehrafworldcultures.yale.edu/sres/188d658f-e0dc-4450-9755-b05340155688
dc65d6ea-72f6-43e3-91d4-920740a8bf79,"Hulbert, Homer B.",The passing of Korea,1906,62-63,"Component part(s), monograph",Korea,Asia,East Asia,intensive agriculturalists,,"175,625,681",https://ehrafworldcultures.yale.edu/sres/dc65d6ea-72f6-43e3-91d4-920740a8bf79
4d051e7b-8cb6-4d1a-a6fc-d91c6d2c803a,"Hulbert, Homer B.",The passing of Korea,1906,63-64,"Component part(s), monograph",Korea,Asia,East Asia,intensive agriculturalists,,"175,687",https://ehrafworldcultures.yale.edu/sres/4d051e7b-8cb6-4d1a-a6fc-d91c6d2c803a
ace1d360-76bc-4b06-9c2c-74d851c5fd25,"Hulbert, Homer B.",The passing of Korea,1906,64,"Component part(s), monograph",Korea,Asia,East Asia,intensive agriculturalists,,"681,697",https://ehrafworldcultures.yale.edu/sres/ace1d360-76bc-4b06-9c2c-74d851c5fd25
5634ed87-c5b3-45c6-9d23-7d330f0e88bc,"Hulbert, Homer B.",The passing of Korea,1906,64-65,"Component part(s), monograph",Korea,Asia,East Asia,intensive agriculturalists,,681,https://ehrafworldcultures.yale.edu/sres/5634ed87-c5b3-45c6-9d23-7d330f0e88bc
393ae911-c512-4833-91c9-866a45449fcb,"Hulbert, Homer B.",The passing of Korea,1906,64-65,"Component part(s), monograph",Korea,Asia,East Asia,intensive agriculturalists,,681,https://ehrafworldcultures.yale.edu/sres/393ae911-c512-4833-91c9-866a45449fcb
2b698715-3cea-4613-9f25-0d51ba8b5f5e,"Hulbert, Homer B.",The passing of Korea,1906,67-68,"Component part(s), monograph",Korea,Asia,East Asia,intensive agriculturalists,,"425,685",https://ehrafworldcultures.yale.edu/sres/2b698715-3cea-4613-9f25-0d51ba8b5f5e
926ed13d-2c58-4254-9cc1-215c290ebe91,"Hulbert, Homer B.",The passing of Korea,1906,81,"Component part(s), monograph",Korea,Asia,East Asia,intensive agriculturalists,,"175,567,681",https://ehrafworldcultures.yale.edu/sres/926ed13d-2c58-4254-9cc1-215c290ebe91
de4c6a9b-0eab-4880-93f7-526c998c15c7,"Hulbert, Homer B.",The passing of Korea,1906,107-108,"Component part(s), monograph",Korea,Asia,East Asia,intensive agriculturalists,,"175,178,185,681",https://ehrafworldcultures.yale.edu/sres/de4c6a9b-0eab-4880-93f7-526c998c15c7
3d8fe872-683d-46a3-9a13-e40d3821cbec,"Hulbert, Homer B.",The passing of Korea,1906,130,"Component part(s), monograph",Korea,Asia,East Asia,intensive agriculturalists,,"175,681",https://ehrafworldcultures.yale.edu/sres/3d8fe872-683d-46a3-9a13-e40d3821cbec
3f5c7713-fbb5-431a-a12b-30bf4efe93a1,"Hulbert, Homer B.",The passing of Korea,1906,149,"Component part(s), monograph",Korea,Asia,East Asia,intensive agriculturalists,,"175,687,695",https://ehrafworldcultures.yale.edu/sres/3f5c7713-fbb5-431a-a12b-30bf4efe93a1
6814adcf-402e-49e5-907d-00e534eab6a0,"Hulbert, Homer B.",The passing of Korea,1906,160,"Component part(s), monograph",Korea,Asia,East Asia,intensive agriculturalists,,"175,648,661,687",https://ehrafworldcultures.yale.edu/sres/6814adcf-402e-49e5-907d-00e534eab6a0
dc78ecb2-2dbc-44ce-8758-232cd99bf06a,"Hulbert, Homer B.",The passing of Korea,1906,367-368,"Component part(s), monograph",Korea,Asia,East Asia,intensive agriculturalists,,"562,681",https://ehrafworldcultures.yale.edu/sres/dc78ecb2-2dbc-44ce-8758-232cd99bf06a
2c610c52-fb59-4703-8f60-bb7facf22087,"Hulbert, Homer B.",The passing of Korea,1906,382,"Component part(s), monograph",Korea,Asia,East Asia,intensive agriculturalists,,"538,681,771",https://ehrafworldcultures.yale.edu/sres/2c610c52-fb59-4703-8f60-bb7facf22087
4a061c92-7fd1-4dd3-8b3a-4f579efc8e0f,"Grajdanzev, Andrew J.",Modern Korea,1944,62,Monograph,Korea,Asia,East Asia,intensive agriculturalists,,"575,659,687",https://ehrafworldcultures.yale.edu/sres/4a061c92-7fd1-4dd3-8b3a-4f579efc8e0f
66bce1b0-ceba-4a68-b0ec-8872572c0c0d,"Grajdanzev, Andrew J.",Modern Korea,1944,64,Monograph,Korea,Asia,East Asia,intensive agriculturalists,,"467,668,687",https://ehrafworldcultures.yale.edu/sres/66bce1b0-ceba-4a68-b0ec-8872572c0c0d
b7857df5-8532-4eed-b6c9-24a68f27a841,"Grajdanzev, Andrew J.",Modern Korea,1944,65,Monograph,Korea,Asia,East Asia,intensive agriculturalists,,"563,579,687",https://ehrafworldcultures.yale.edu/sres/b7857df5-8532-4eed-b6c9-24a68f27a841
9c0476c1-f823-4830-813c-218f335f2a64,"Grajdanzev, Andrew J.",Modern Korea,1944,65,Monograph,Korea,Asia,East Asia,intensive agriculturalists,,"167,579,668,687",https://ehrafworldcultures.yale.edu/sres/9c0476c1-f823-4830-813c-218f335f2a64
b3d147dc-9d12-4000-b58d-a027c8d4d3f8,"Grajdanzev, Andrew J.",Modern Korea,1944,66,Monograph,Korea,Asia,East Asia,intensive agriculturalists,,"579,668,687",https://ehrafworldcultures.yale.edu/sres/b3d147dc-9d12-4000-b58d-a027c8d4d3f8
079cb48f-c1ef-4476-8209-c50c44b5dec2,"Grajdanzev, Andrew J.",Modern Korea,1944,256,Monograph,Korea,Asia,East Asia,intensive agriculturalists,,"114,625,681,695",https://ehrafworldcultures.yale.edu/sres/079cb48f-c1ef-4476-8209-c50c44b5dec2
91b2c043-380b-4a79-b3e9-5d81b02e9f10,"Grajdanzev, Andrew J.",Modern Korea,1944,256,Monograph,Korea,Asia,East Asia,intensive agriculturalists,,"114,625,681,695",https://ehrafworldcultures.yale.edu/sres/91b2c043-380b-4a79-b3e9-5d81b02e9f10
2f3f75a0-03dd-421e-9781-c1335501ab86,"Kang, Younghill",The grass roof,1931,298-299,"Component part(s), monograph",Korea,Asia,East Asia,intensive agriculturalists,,"636,681",https://ehrafworldcultures.yale.edu/sres/2f3f75a0-03dd-421e-9781-c1335501ab86
6bf7346d-0a7d-466c-ac5b-6ca6f1d22a60,"Kang, Younghill",The grass roof,1931,298-299,"Component part(s), monograph",Korea,Asia,East Asia,intensive agriculturalists,,"636,681",https://ehrafworldcultures.yale.edu/sres/6bf7346d-0a7d-466c-ac5b-6ca6f1d22a60
cc54b217-16c5-4532-9495-5cef27a7747f,"Kang, Younghill",The grass roof,1931,298-299,"Component part(s), monograph",Korea,Asia,East Asia,intensive agriculturalists,,"636,681",https://ehrafworldcultures.yale.edu/sres/cc54b217-16c5-4532-9495-5cef27a7747f
1e549b42-8612-487f-8365-d913b7602b3e,"Kang, Younghill",The grass roof,1931,298-299,"Component part(s), monograph",Korea,Asia,East Asia,intensive agriculturalists,,"636,681",https://ehrafworldcultures.yale.edu/sres/1e549b42-8612-487f-8365-d913b7602b3e
b224ae7f-c186-4215-a721-79ba23ce7486,"Kang, Younghill",The grass roof,1931,298-299,"Component part(s), monograph",Korea,Asia,East Asia,intensive agriculturalists,,"636,681",https://ehrafworldcultures.yale.edu/sres/b224ae7f-c186-4215-a721-79ba23ce7486
f3b6c6fe-1ea8-4ba5-af12-4195c2ecbaeb,"Moose, J. Robert",Village life in Korea,1911,182,"Component part(s), monograph",Korea,Asia,East Asia,intensive agriculturalists,,"565,687,695",https://ehrafworldcultures.yale.edu/sres/f3b6c6fe-1ea8-4ba5-af12-4195c2ecbaeb
04eb8a4b-5162-4381-bd21-c415e1091d2c,"Moose, J. Robert",Village life in Korea,1911,186,"Component part(s), monograph",Korea,Asia,East Asia,intensive agriculturalists,,"344,576,681,695",https://ehrafworldcultures.yale.edu/sres/04eb8a4b-5162-4381-bd21-c415e1091d2c
11c74082-a1d3-4112-8162-ab2c966da859,"Moose, J. Robert",Village life in Korea,1911,187-188,"Component part(s), monograph",Korea,Asia,East Asia,intensive agriculturalists,,681,https://ehrafworldcultures.yale.edu/sres/11c74082-a1d3-4112-8162-ab2c966da859
59d83b6d-2935-45e3-8869-bc1dcc4924f7,"Moose, J. Robert",Village life in Korea,1911,187-188,"Component part(s), monograph",Korea,Asia,East Asia,intensive agriculturalists,,681,https://ehrafworldcultures.yale.edu/sres/59d83b6d-2935-45e3-8869-bc1dcc4924f7
248b40ed-afd9-4df9-a065-d8d9977a7c4b,"Moose, J. Robert",Village life in Korea,1911,232-233,"Component part(s), monograph",Korea,Asia,East Asia,intensive agriculturalists,,"578,593,681",https://ehrafworldcultures.yale.edu/sres/248b40ed-afd9-4df9-a065-d8d9977a7c4b
cf3a80ff-5ead-443d-bf38-08e6bd4037c7,"Moose, J. Robert",Village life in Korea,1911,232-233,"Component part(s), monograph",Korea,Asia,East Asia,intensive agriculturalists,,"578,593,681",https://ehrafworldcultures.yale.edu/sres/cf3a80ff-5ead-443d-bf38-08e6bd4037c7
d2aec19d-d0da-4055-a0bd-7470ff6542fd,"Moose, J. Robert",Village life in Korea,1911,233-234,"Component part(s), monograph",Korea,Asia,East Asia,intensive agriculturalists,,"578,593,681",https://ehrafworldcultures.yale.edu/sres/d2aec19d-d0da-4055-a0bd-7470ff6542fd
7fad81db-e2f5-4036-89f0-6a442817fe5c,"Moose, J. Robert",Village life in Korea,1911,233-234,"Component part(s), monograph",Korea,Asia,East Asia,intensive agriculturalists,,"578,593,681",https://ehrafworldcultures.yale.edu/sres/7fad81db-e2f5-4036-89f0-6a442817fe5c
c22633d0-5c7e-4494-bdc2-1cd6ff32537b,"Janelli, Roger L.",Ancestor worship and Korean society,1982,163,Monograph,Korea,Asia,East Asia,intensive agriculturalists,,"578,613,688,775",https://ehrafworldcultures.yale.edu/sres/c22633d0-5c7e-4494-bdc2-1cd6ff32537b
a4caa64b-d34f-440a-b9cd-41306d5126fb,Anonymous,Data for a description of Korea,1866,37-38,Journal Article,Korea,Asia,East Asia,intensive agriculturalists,,"554,659,681",https://ehrafworldcultures.yale.edu/sres/a4caa64b-d34f-440a-b9cd-41306d5126fb
625cd3fe-9fd5-4dbf-bca0-772d660089ff,"Yi, Mun-ung","Rural North Korea under communism: a study of sociocultural
         change",1976,85,Monograph,Korea,Asia,East Asia,intensive agriculturalists,,"178,586,595,671,684",https://ehrafworldcultures.yale.edu/sres/625cd3fe-9fd5-4dbf-bca0-772d660089ff
5032848f-3123-468c-ac26-e8de6ad5e329,"Yi, Mun-ung","Rural North Korea under communism: a study of sociocultural
         change",1976,93,Monograph,Korea,Asia,East Asia,intensive agriculturalists,,"593,687",https://ehrafworldcultures.yale.edu/sres/5032848f-3123-468c-ac26-e8de6ad5e329
274b8b33-0e81-40b4-ab89-41e3a17066c9,"Bishop, Isabella Bird",Korea and her neighbors,1898,264,Monograph,Korea,Asia,East Asia,intensive agriculturalists,,"177,668,671,681",https://ehrafworldcultures.yale.edu/sres/274b8b33-0e81-40b4-ab89-41e3a17066c9
c5b731a0-6015-4e0b-9b2d-7473396162eb,"Bishop, Isabella Bird",Korea and her neighbors,1898,265,Monograph,Korea,Asia,East Asia,intensive agriculturalists,,"177,668,671,687",https://ehrafworldcultures.yale.edu/sres/c5b731a0-6015-4e0b-9b2d-7473396162eb
85df649e-f216-42c9-85cf-5962f95f4894,"Bishop, Isabella Bird",Korea and her neighbors,1898,265,Monograph,Korea,Asia,East Asia,intensive agriculturalists,,"177,668,671,687",https://ehrafworldcultures.yale.edu/sres/85df649e-f216-42c9-85cf-5962f95f4894
3302504f-94b8-4958-a7e8-def30dbdb9a2,"Bishop, Isabella Bird",Korea and her neighbors,1898,441,Monograph,Korea,Asia,East Asia,intensive agriculturalists,,"178,681,697",https://ehrafworldcultures.yale.edu/sres/3302504f-94b8-4958-a7e8-def30dbdb9a2
1b271f92-822a-4c53-94cc-8609ce60ae50,"Bishop, Isabella Bird",Korea and her neighbors,1898,442,Monograph,Korea,Asia,East Asia,intensive agriculturalists,,"178,681,697",https://ehrafworldcultures.yale.edu/sres/1b271f92-822a-4c53-94cc-8609ce60ae50
bd1443dd-784c-4b99-81b8-55c1a5508d22,"Bishop, Isabella Bird",Korea and her neighbors,1898,442,Monograph,Korea,Asia,East Asia,intensive agriculturalists,,"178,681,697",https://ehrafworldcultures.yale.edu/sres/bd1443dd-784c-4b99-81b8-55c1a5508d22
c872b969-dca5-43ee-ad07-1782ff483fda,"Bishop, Isabella Bird",Korea and her neighbors,1898,442,Monograph,Korea,Asia,East Asia,intensive agriculturalists,,"178,681,697",https://ehrafworldcultures.yale.edu/sres/c872b969-dca5-43ee-ad07-1782ff483fda
06b49f6d-b466-4232-8cc2-0a0b78141e1a,"Bishop, Isabella Bird",Korea and her neighbors,1898,443,Monograph,Korea,Asia,East Asia,intensive agriculturalists,,"178,681,697",https://ehrafworldcultures.yale.edu/sres/06b49f6d-b466-4232-8cc2-0a0b78141e1a
73dad443-c98b-46c4-b228-b3a696b1e4d6,"Bishop, Isabella Bird",Korea and her neighbors,1898,443,Monograph,Korea,Asia,East Asia,intensive agriculturalists,,"178,681,697",https://ehrafworldcultures.yale.edu/sres/73dad443-c98b-46c4-b228-b3a696b1e4d6
19135363-d063-4b18-95f0-b18b5d25aa24,"Bishop, Isabella Bird",Korea and her neighbors,1898,33,Monograph,Korea,Asia,East Asia,intensive agriculturalists,,"361,681,797",https://ehrafworldcultures.yale.edu/sres/19135363-d063-4b18-95f0-b18b5d25aa24
f9a0958c-1141-44cb-a5d3-5df208448a4e,"Bishop, Isabella Bird",Korea and her neighbors,1898,39,Monograph,Korea,Asia,East Asia,intensive agriculturalists,,"349,363,681",https://ehrafworldcultures.yale.edu/sres/f9a0958c-1141-44cb-a5d3-5df208448a4e
3edfbbf0-cdc3-43af-bb83-9de40d248b49,"Bishop, Isabella Bird",Korea and her neighbors,1898,39,Monograph,Korea,Asia,East Asia,intensive agriculturalists,,"349,363,681",https://ehrafworldcultures.yale.edu/sres/3edfbbf0-cdc3-43af-bb83-9de40d248b49
953d8292-724d-406f-a594-03c2e7982cb8,"Bishop, Isabella Bird",Korea and her neighbors,1898,40,Monograph,Korea,Asia,East Asia,intensive agriculturalists,,"349,363,681",https://ehrafworldcultures.yale.edu/sres/953d8292-724d-406f-a594-03c2e7982cb8
717fd583-9397-4c5e-8598-b09ab49f4818,"Janelli, Roger L.",Ancestor worship and Korean society,1982,97,Monograph,Korea,Asia,East Asia,intensive agriculturalists,,"539,688,765,769,775",https://ehrafworldcultures.yale.edu/sres/717fd583-9397-4c5e-8598-b09ab49f4818
068361a4-c247-4ca2-9d56-52144d075d0c,"Janelli, Roger L.",Ancestor worship and Korean society,1982,98,Monograph,Korea,Asia,East Asia,intensive agriculturalists,,"539,688,769,775,777",https://ehrafworldcultures.yale.edu/sres/068361a4-c247-4ca2-9d56-52144d075d0c
6fdc1ca7-9b65-44d7-b364-54d33f96d7e0,"Janelli, Roger L.",Ancestor worship and Korean society,1982,102,Monograph,Korea,Asia,East Asia,intensive agriculturalists,,"593,688,769",https://ehrafworldcultures.yale.edu/sres/6fdc1ca7-9b65-44d7-b364-54d33f96d7e0
80401437-0c5e-4ebd-b276-391cd283c99f,"Janelli, Roger L.",Ancestor worship and Korean society,1982,156,Monograph,Korea,Asia,East Asia,intensive agriculturalists,,"164,423,578,588,593,606,688,752,753,755,756,761,762,765,769,775,787,821,828",https://ehrafworldcultures.yale.edu/sres/80401437-0c5e-4ebd-b276-391cd283c99f
a1457049-eb7b-4ef1-a55c-3dd30a007cb5,"Han, Sang-bok, 1935-","Korean fishermen: ecological adaptation in three
         communities",1977,68,Monograph,Korea,Asia,East Asia,intensive agriculturalists,,"184,434,689,733",https://ehrafworldcultures.yale.edu/sres/a1457049-eb7b-4ef1-a55c-3dd30a007cb5
c53f439d-dd32-489b-8bda-bccd95477364,"Han, Sang-bok, 1935-","Korean fishermen: ecological adaptation in three
         communities",1977,69,Monograph,Korea,Asia,East Asia,intensive agriculturalists,,"577,593,681",https://ehrafworldcultures.yale.edu/sres/c53f439d-dd32-489b-8bda-bccd95477364
a87c948d-fc18-487e-92a2-583534a99b59,"Han, Sang-bok, 1935-","Korean fishermen: ecological adaptation in three
         communities",1977,69,Monograph,Korea,Asia,East Asia,intensive agriculturalists,,684,https://ehrafworldcultures.yale.edu/sres/a87c948d-fc18-487e-92a2-583534a99b59
8ffb25f9-ab5b-460e-b1cb-228a8d231aea,"Morse, Edward S.",Korean interviews,1897,5,Journal Article,Korea,Asia,East Asia,intensive agriculturalists,,"548,595,684",https://ehrafworldcultures.yale.edu/sres/8ffb25f9-ab5b-460e-b1cb-228a8d231aea
d4bf0e03-354f-4f18-9b00-2541cc2cc1af,"Morse, Edward S.",Korean interviews,1897,9,Journal Article,Korea,Asia,East Asia,intensive agriculturalists,,"443,565,684",https://ehrafworldcultures.yale.edu/sres/d4bf0e03-354f-4f18-9b00-2541cc2cc1af
1a1c6050-607c-44ba-b64f-3fa48da380fe,"Kim, Kwang-ok","Rituals of resistance: the manipulation of shamanism in
         contemporary Korea",1994,201,Essay,Korea,Asia,East Asia,intensive agriculturalists,,"179,642,648,668,671,687",https://ehrafworldcultures.yale.edu/sres/1a1c6050-607c-44ba-b64f-3fa48da380fe
6ac781ec-8c0e-4f6d-a244-a4fb79786008,"Kim, Kwang-ok","Rituals of resistance: the manipulation of shamanism in
         contemporary Korea",1994,205,Essay,Korea,Asia,East Asia,intensive agriculturalists,,"659,668,687,793",https://ehrafworldcultures.yale.edu/sres/6ac781ec-8c0e-4f6d-a244-a4fb79786008
2aa04956-db06-4f48-adf0-7e1ecab5c999,"Kim, Kwang-ok","Rituals of resistance: the manipulation of shamanism in
         contemporary Korea",1994,211,Essay,Korea,Asia,East Asia,intensive agriculturalists,,"625,682,877",https://ehrafworldcultures.yale.edu/sres/2aa04956-db06-4f48-adf0-7e1ecab5c999
1a65c0d5-dee7-4551-acbb-e62ec576a3ee,"Kim, Kwang-ok","Rituals of resistance: the manipulation of shamanism in
         contemporary Korea",1994,211,Essay,Korea,Asia,East Asia,intensive agriculturalists,,"535,668,682,755,764,775,782,875,877",https://ehrafworldcultures.yale.edu/sres/1a65c0d5-dee7-4551-acbb-e62ec576a3ee
01d5e09f-b3c3-4279-a0df-4a2510e5981c,"Kim, Kwang-ok","Rituals of resistance: the manipulation of shamanism in
         contemporary Korea",1994,211,Essay,Korea,Asia,East Asia,intensive agriculturalists,,"535,668,682,755,764,775,782,875,877",https://ehrafworldcultures.yale.edu/sres/01d5e09f-b3c3-4279-a0df-4a2510e5981c
e8ac6f87-3eb2-4017-9dd1-475689fa3468,"Kim, Kwang-ok","Rituals of resistance: the manipulation of shamanism in
         contemporary Korea",1994,212,Essay,Korea,Asia,East Asia,intensive agriculturalists,,"533,668,682,877,902",https://ehrafworldcultures.yale.edu/sres/e8ac6f87-3eb2-4017-9dd1-475689fa3468
30321155-989d-4e90-ac18-404130f3d054,"Kim, Kwang-ok","Rituals of resistance: the manipulation of shamanism in
         contemporary Korea",1994,213,Essay,Korea,Asia,East Asia,intensive agriculturalists,,"668,687",https://ehrafworldcultures.yale.edu/sres/30321155-989d-4e90-ac18-404130f3d054
d31d84b8-347a-4d40-8068-cb07c4d899e7,"Kim, Kwang-ok","Rituals of resistance: the manipulation of shamanism in
         contemporary Korea",1994,213,Essay,Korea,Asia,East Asia,intensive agriculturalists,,"668,682,764,877",https://ehrafworldcultures.yale.edu/sres/d31d84b8-347a-4d40-8068-cb07c4d899e7
d02ec418-6e6d-40c8-a4db-cd858c1a0c1c,"Kim, Kwang-ok","Rituals of resistance: the manipulation of shamanism in
         contemporary Korea",1994,214,Essay,Korea,Asia,East Asia,intensive agriculturalists,,"668,682,764,877",https://ehrafworldcultures.yale.edu/sres/d02ec418-6e6d-40c8-a4db-cd858c1a0c1c
a091407c-4f66-40b6-a2e9-ae716667d0ce,"Yi, Kwang-gyu, 1932-",Kinship system in Korea,1975,-15-,Monograph,Korea,Asia,East Asia,intensive agriculturalists,,"582,587,684",https://ehrafworldcultures.yale.edu/sres/a091407c-4f66-40b6-a2e9-ae716667d0ce
1225ca8e-632b-41dd-babf-a4d4f445fabb,"Yi, Kwang-gyu, 1932-",Kinship system in Korea,1975,-60-,Monograph,Korea,Asia,East Asia,intensive agriculturalists,,"595,684,844",https://ehrafworldcultures.yale.edu/sres/1225ca8e-632b-41dd-babf-a4d4f445fabb
13cd9c15-33d1-4496-be2f-7d7a9e7695f0,"Yi, Kwang-gyu, 1932-",Kinship system in Korea,1975,-242-,Monograph,Korea,Asia,East Asia,intensive agriculturalists,,"262,513,681,765",https://ehrafworldcultures.yale.edu/sres/13cd9c15-33d1-4496-be2f-7d7a9e7695f0
911d2c8c-f168-4114-ae81-2f1b0c7c9d36,"Kang, Younghill",How it feels to be a Korean…in Korea,1948,19,Journal Article,Korea,Asia,East Asia,intensive agriculturalists,,"262,434,687",https://ehrafworldcultures.yale.edu/sres/911d2c8c-f168-4114-ae81-2f1b0c7c9d36
ac017647-2936-490a-9cc0-6f8d26336704,"Kang, Younghill",How it feels to be a Korean…in Korea,1948,19,Journal Article,Korea,Asia,East Asia,intensive agriculturalists,,"262,434,687",https://ehrafworldcultures.yale.edu/sres/ac017647-2936-490a-9cc0-6f8d26336704
fe1079a1-2f97-4c88-8c2e-98da54ca4fba,"Kang, Younghill",How it feels to be a Korean…in Korea,1948,19,Journal Article,Korea,Asia,East Asia,intensive agriculturalists,,"262,434,687",https://ehrafworldcultures.yale.edu/sres/fe1079a1-2f97-4c88-8c2e-98da54ca4fba
23276dd3-8a5a-4fac-b8dc-5185119b73c8,"Kang, Younghill",How it feels to be a Korean…in Korea,1948,19,Journal Article,Korea,Asia,East Asia,intensive agriculturalists,,"642,665,687",https://ehrafworldcultures.yale.edu/sres/23276dd3-8a5a-4fac-b8dc-5185119b73c8
50d61e9a-223a-479b-b1d9-501a30fbe2c6,"Kang, Younghill",How it feels to be a Korean…in Korea,1948,19,Journal Article,Korea,Asia,East Asia,intensive agriculturalists,,"642,665,687",https://ehrafworldcultures.yale.edu/sres/50d61e9a-223a-479b-b1d9-501a30fbe2c6
aa6c7548-d215-492f-9c8a-f9cd0d7659c2,"Kang, Younghill",How it feels to be a Korean…in Korea,1948,19,Journal Article,Korea,Asia,East Asia,intensive agriculturalists,,"642,665,687",https://ehrafworldcultures.yale.edu/sres/aa6c7548-d215-492f-9c8a-f9cd0d7659c2
55c05e8a-9392-4a8a-a9aa-212027e381d0,"Kang, Younghill",How it feels to be a Korean…in Korea,1948,19,Journal Article,Korea,Asia,East Asia,intensive agriculturalists,,"642,661,687",https://ehrafworldcultures.yale.edu/sres/55c05e8a-9392-4a8a-a9aa-212027e381d0
773b0c83-3030-48ad-a76d-55345d5f8ae9,"Kang, Younghill",How it feels to be a Korean…in Korea,1948,19,Journal Article,Korea,Asia,East Asia,intensive agriculturalists,,"642,661,687",https://ehrafworldcultures.yale.edu/sres/773b0c83-3030-48ad-a76d-55345d5f8ae9
c7419790-5651-4021-b5ab-a85e516762f3,"Kang, Younghill",How it feels to be a Korean…in Korea,1948,20,Journal Article,Korea,Asia,East Asia,intensive agriculturalists,,"625,681",https://ehrafworldcultures.yale.edu/sres/c7419790-5651-4021-b5ab-a85e516762f3
063656db-c8a9-4d54-b632-193dc5f8d6ea,"Kang, Younghill",How it feels to be a Korean…in Korea,1948,20,Journal Article,Korea,Asia,East Asia,intensive agriculturalists,,"625,681",https://ehrafworldcultures.yale.edu/sres/063656db-c8a9-4d54-b632-193dc5f8d6ea
de1533ae-a8db-436c-8d85-340c72550092,"Kang, Younghill",How it feels to be a Korean…in Korea,1948,20,Journal Article,Korea,Asia,East Asia,intensive agriculturalists,,"625,681",https://ehrafworldcultures.yale.edu/sres/de1533ae-a8db-436c-8d85-340c72550092
76950b93-3412-412f-994e-831a317c8f4c,"Kang, Younghill",How it feels to be a Korean…in Korea,1948,20,Journal Article,Korea,Asia,East Asia,intensive agriculturalists,,"625,681",https://ehrafworldcultures.yale.edu/sres/76950b93-3412-412f-994e-831a317c8f4c
9f3fe9b0-4ae9-4f95-80de-383153e6b4cc,"Kang, Younghill",How it feels to be a Korean…in Korea,1948,20,Journal Article,Korea,Asia,East Asia,intensive agriculturalists,,"625,681",https://ehrafworldcultures.yale.edu/sres/9f3fe9b0-4ae9-4f95-80de-383153e6b4cc
b44c1538-965a-492b-9c97-459d1628ae0d,"Kang, Younghill",How it feels to be a Korean…in Korea,1948,20,Journal Article,Korea,Asia,East Asia,intensive agriculturalists,,"625,681",https://ehrafworldcultures.yale.edu/sres/b44c1538-965a-492b-9c97-459d1628ae0d
769a2de0-0801-4d72-860d-612e592ca9cf,"Kang, Younghill",How it feels to be a Korean…in Korea,1948,21,Journal Article,Korea,Asia,East Asia,intensive agriculturalists,,"436,458,687",https://ehrafworldcultures.yale.edu/sres/769a2de0-0801-4d72-860d-612e592ca9cf
84351df1-b34f-4458-a28b-fbb042e5dfbc,"Kang, Younghill",How it feels to be a Korean…in Korea,1948,21,Journal Article,Korea,Asia,East Asia,intensive agriculturalists,,"436,458,687",https://ehrafworldcultures.yale.edu/sres/84351df1-b34f-4458-a28b-fbb042e5dfbc
a9f072ef-da37-47cc-8728-0a71b3c917bc,"Kang, Younghill",How it feels to be a Korean…in Korea,1948,21,Journal Article,Korea,Asia,East Asia,intensive agriculturalists,,"436,458,687",https://ehrafworldcultures.yale.edu/sres/a9f072ef-da37-47cc-8728-0a71b3c917bc
517c5c66-b1be-467d-b868-42ea6bb69cd3,"Kang, Younghill",How it feels to be a Korean…in Korea,1948,21,Journal Article,Korea,Asia,East Asia,intensive agriculturalists,,"436,458,687",https://ehrafworldcultures.yale.edu/sres/517c5c66-b1be-467d-b868-42ea6bb69cd3
30abf5d1-5947-4e72-a4fb-81e4f4b42b83,"Kang, Younghill",How it feels to be a Korean…in Korea,1948,21,Journal Article,Korea,Asia,East Asia,intensive agriculturalists,,"114,436,458,687",https://ehrafworldcultures.yale.edu/sres/30abf5d1-5947-4e72-a4fb-81e4f4b42b83
6ccf1800-fd19-4f92-ae58-22bac27e79a9,"Dallet, Charles",A history of the church in Korea: vol. 1,1874,68,Monograph,Korea,Asia,East Asia,intensive agriculturalists,,"681,695",https://ehrafworldcultures.yale.edu/sres/6ccf1800-fd19-4f92-ae58-22bac27e79a9
4d4af209-f84c-4612-943e-335b35d7075c,"Dallet, Charles",A history of the church in Korea: vol. 1,1874,68,Monograph,Korea,Asia,East Asia,intensive agriculturalists,,"681,695",https://ehrafworldcultures.yale.edu/sres/4d4af209-f84c-4612-943e-335b35d7075c
f302103a-6c62-4d9a-91f2-0b73ff797ef5,"Dallet, Charles",A history of the church in Korea: vol. 1,1874,69,Monograph,Korea,Asia,East Asia,intensive agriculturalists,,"671,681,695",https://ehrafworldcultures.yale.edu/sres/f302103a-6c62-4d9a-91f2-0b73ff797ef5
65cc9a27-4216-437b-a2a7-8743473e7762,"Dallet, Charles",A history of the church in Korea: vol. 1,1874,70,Monograph,Korea,Asia,East Asia,intensive agriculturalists,,"671,681,695",https://ehrafworldcultures.yale.edu/sres/65cc9a27-4216-437b-a2a7-8743473e7762
aeafd92a-3370-4623-b2cc-daefb0fcb684,"Dallet, Charles",A history of the church in Korea: vol. 1,1874,70,Monograph,Korea,Asia,East Asia,intensive agriculturalists,,"671,681,695",https://ehrafworldcultures.yale.edu/sres/aeafd92a-3370-4623-b2cc-daefb0fcb684
bb037080-4cc2-47fc-a604-2e08e042cafe,"Dallet, Charles",A history of the church in Korea: vol. 1,1874,70,Monograph,Korea,Asia,East Asia,intensive agriculturalists,,"671,681,695",https://ehrafworldcultures.yale.edu/sres/bb037080-4cc2-47fc-a604-2e08e042cafe
3f526205-1bbf-4cc4-9e9f-56dc93761231,"Dallet, Charles",A history of the church in Korea: vol. 1,1874,70,Monograph,Korea,Asia,East Asia,intensive agriculturalists,,"671,681,695",https://ehrafworldcultures.yale.edu/sres/3f526205-1bbf-4cc4-9e9f-56dc93761231
fce60b2a-4157-461c-9c94-a1e35d48b1e8,"Dallet, Charles",A history of the church in Korea: vol. 1,1874,71,Monograph,Korea,Asia,East Asia,intensive agriculturalists,,"671,681,695",https://ehrafworldcultures.yale.edu/sres/fce60b2a-4157-461c-9c94-a1e35d48b1e8
856b9c1f-57f3-4828-a25d-b84ffccd84f0,"Dallet, Charles",A history of the church in Korea: vol. 1,1874,71,Monograph,Korea,Asia,East Asia,intensive agriculturalists,,"671,681,695",https://ehrafworldcultures.yale.edu/sres/856b9c1f-57f3-4828-a25d-b84ffccd84f0
61376333-14e6-4845-a6a2-bcfc69a1c2ed,"Dallet, Charles",A history of the church in Korea: vol. 1,1874,103,Monograph,Korea,Asia,East Asia,intensive agriculturalists,,"565,675,686",https://ehrafworldcultures.yale.edu/sres/61376333-14e6-4845-a6a2-bcfc69a1c2ed
be6f7a19-cdad-4661-bf84-36ee43ecdca1,"Clark, Charles Allen",Religions of old Korea,1932,150,"Component part(s), monograph",Korea,Asia,East Asia,intensive agriculturalists,,"175,687,721",https://ehrafworldcultures.yale.edu/sres/be6f7a19-cdad-4661-bf84-36ee43ecdca1
02d91ee5-37ed-40d7-8dd8-fdad7673bc33,"Clark, Charles Allen",Religions of old Korea,1932,150,"Component part(s), monograph",Korea,Asia,East Asia,intensive agriculturalists,,"175,687,721",https://ehrafworldcultures.yale.edu/sres/02d91ee5-37ed-40d7-8dd8-fdad7673bc33
e8798c9e-f09e-46a5-96db-cabc18dee034,"Clark, Charles Allen",Religions of old Korea,1932,217,"Component part(s), monograph",Korea,Asia,East Asia,intensive agriculturalists,,"688,756",https://ehrafworldcultures.yale.edu/sres/e8798c9e-f09e-46a5-96db-cabc18dee034
a0828ae3-fdfd-4e50-890a-b04e0458df95,"Clark, Charles Allen",Religions of old Korea,1932,217,"Component part(s), monograph",Korea,Asia,East Asia,intensive agriculturalists,,"688,756",https://ehrafworldcultures.yale.edu/sres/a0828ae3-fdfd-4e50-890a-b04e0458df95
65650131-55b2-453c-8b8c-b46cc1398fc7,"Clark, Charles Allen",Religions of old Korea,1932,231-232,"Component part(s), monograph",Korea,Asia,East Asia,intensive agriculturalists,,"175,681,781,798",https://ehrafworldcultures.yale.edu/sres/65650131-55b2-453c-8b8c-b46cc1398fc7
da67cbb2-4639-4abe-98c0-e9f3e9cee17d,"Clark, Charles Allen",Religions of old Korea,1932,232-233,"Component part(s), monograph",Korea,Asia,East Asia,intensive agriculturalists,,"175,681,783",https://ehrafworldcultures.yale.edu/sres/da67cbb2-4639-4abe-98c0-e9f3e9cee17d
b2622290-834c-4fb6-bb50-721f204cfa01,"Clark, Charles Allen",Religions of old Korea,1932,232-233,"Component part(s), monograph",Korea,Asia,East Asia,intensive agriculturalists,,"175,681,783",https://ehrafworldcultures.yale.edu/sres/b2622290-834c-4fb6-bb50-721f204cfa01
137a42cf-2c16-4106-a7f0-c77aced90775,"Clark, Charles Allen",Religions of old Korea,1932,233-234,"Component part(s), monograph",Korea,Asia,East Asia,intensive agriculturalists,,"175,681,798",https://ehrafworldcultures.yale.edu/sres/137a42cf-2c16-4106-a7f0-c77aced90775
59d71cc0-54b8-414d-9eb3-1e919d85000c,"Clark, Charles Allen",Religions of old Korea,1932,233-234,"Component part(s), monograph",Korea,Asia,East Asia,intensive agriculturalists,,"175,681,798",https://ehrafworldcultures.yale.edu/sres/59d71cc0-54b8-414d-9eb3-1e919d85000c
101241f2-777c-4c76-9ca3-7e3f6eef2aa3,"Clark, Charles Allen",Religions of old Korea,1932,234,"Component part(s), monograph",Korea,Asia,East Asia,intensive agriculturalists,,"175,681,798",https://ehrafworldcultures.yale.edu/sres/101241f2-777c-4c76-9ca3-7e3f6eef2aa3
563e9e86-9354-4331-8370-edcb0cdbcf0a,"Clark, Charles Allen",Religions of old Korea,1932,235-236,"Component part(s), monograph",Korea,Asia,East Asia,intensive agriculturalists,,"177,681,781,798",https://ehrafworldcultures.yale.edu/sres/563e9e86-9354-4331-8370-edcb0cdbcf0a
b84d25c1-4797-41e0-bda7-9416b8563be9,"Clark, Charles Allen",Religions of old Korea,1932,236,"Component part(s), monograph",Korea,Asia,East Asia,intensive agriculturalists,,"175,681,798",https://ehrafworldcultures.yale.edu/sres/b84d25c1-4797-41e0-bda7-9416b8563be9
56d2b7c7-eb1a-430d-af3c-da19d2259b07,"Clark, Charles Allen",Religions of old Korea,1932,236-237,"Component part(s), monograph",Korea,Asia,East Asia,intensive agriculturalists,,"175,681,798",https://ehrafworldcultures.yale.edu/sres/56d2b7c7-eb1a-430d-af3c-da19d2259b07
a78fde09-faa6-49c1-9531-18877069c8ad,"Clark, Charles Allen",Religions of old Korea,1932,237,"Component part(s), monograph",Korea,Asia,East Asia,intensive agriculturalists,,"175,641,681,798",https://ehrafworldcultures.yale.edu/sres/a78fde09-faa6-49c1-9531-18877069c8ad
70379569-0f21-43d9-8f77-c2b3649f5a8b,"Clark, Charles Allen",Religions of old Korea,1932,237,"Component part(s), monograph",Korea,Asia,East Asia,intensive agriculturalists,,"175,641,681,798",https://ehrafworldcultures.yale.edu/sres/70379569-0f21-43d9-8f77-c2b3649f5a8b
9a395406-ad6c-48de-b740-4ddafbba0392,"Clark, Charles Allen",Religions of old Korea,1932,239-240,"Component part(s), monograph",Korea,Asia,East Asia,intensive agriculturalists,,"175,641,681,798",https://ehrafworldcultures.yale.edu/sres/9a395406-ad6c-48de-b740-4ddafbba0392
e017099e-7880-43e6-807c-d55d4bac0816,"Clark, Charles Allen",Religions of old Korea,1932,239-240,"Component part(s), monograph",Korea,Asia,East Asia,intensive agriculturalists,,"175,641,681,798",https://ehrafworldcultures.yale.edu/sres/e017099e-7880-43e6-807c-d55d4bac0816
36d73a81-8419-442c-9e9f-aca174fabcc5,"Clark, Charles Allen",Religions of old Korea,1932,239-240,"Component part(s), monograph",Korea,Asia,East Asia,intensive agriculturalists,,"175,641,681,798",https://ehrafworldcultures.yale.edu/sres/36d73a81-8419-442c-9e9f-aca174fabcc5
3dc854b1-830f-40da-a286-ead26d4ad8e0,"Clark, Charles Allen",Religions of old Korea,1932,241-242,"Component part(s), monograph",Korea,Asia,East Asia,intensive agriculturalists,,"175,681,798",https://ehrafworldcultures.yale.edu/sres/3dc854b1-830f-40da-a286-ead26d4ad8e0
6135da10-909d-45a9-b041-94929bc5f48f,"Clark, Charles Allen",Religions of old Korea,1932,243-244,"Component part(s), monograph",Korea,Asia,East Asia,intensive agriculturalists,,"175,681,781,797",https://ehrafworldcultures.yale.edu/sres/6135da10-909d-45a9-b041-94929bc5f48f
cc9a60a8-f004-4b00-b4df-87cc3a3c0727,"Clark, Charles Allen",Religions of old Korea,1932,243-244,"Component part(s), monograph",Korea,Asia,East Asia,intensive agriculturalists,,"175,681,781,797",https://ehrafworldcultures.yale.edu/sres/cc9a60a8-f004-4b00-b4df-87cc3a3c0727
e9085ecc-d707-4556-97e1-a56b177865ae,"Clark, Charles Allen",Religions of old Korea,1932,243-244,"Component part(s), monograph",Korea,Asia,East Asia,intensive agriculturalists,,"175,681,781,797",https://ehrafworldcultures.yale.edu/sres/e9085ecc-d707-4556-97e1-a56b177865ae
13baf38a-9b5a-464e-906a-4104b4ec3ee9,"Clark, Charles Allen",Religions of old Korea,1932,244-245,"Component part(s), monograph",Korea,Asia,East Asia,intensive agriculturalists,,"175,681,798",https://ehrafworldcultures.yale.edu/sres/13baf38a-9b5a-464e-906a-4104b4ec3ee9
9e6727f6-c035-4589-9e96-4a0e71017320,"Clark, Charles Allen",Religions of old Korea,1932,245-246,"Component part(s), monograph",Korea,Asia,East Asia,intensive agriculturalists,,"175,681,798",https://ehrafworldcultures.yale.edu/sres/9e6727f6-c035-4589-9e96-4a0e71017320
8d996811-39a5-406c-b545-86d9a95f54d0,"Clark, Charles Allen",Religions of old Korea,1932,245-246,"Component part(s), monograph",Korea,Asia,East Asia,intensive agriculturalists,,"175,681,798",https://ehrafworldcultures.yale.edu/sres/8d996811-39a5-406c-b545-86d9a95f54d0
d87cf287-ef28-4fb9-aa8b-2af0c5e7a86d,"Clark, Charles Allen",Religions of old Korea,1932,246,"Component part(s), monograph",Korea,Asia,East Asia,intensive agriculturalists,,"175,681,798",https://ehrafworldcultures.yale.edu/sres/d87cf287-ef28-4fb9-aa8b-2af0c5e7a86d
eba67ce8-bcb8-49f6-aca0-7ab707c6f17b,"Clark, Charles Allen",Religions of old Korea,1932,246,"Component part(s), monograph",Korea,Asia,East Asia,intensive agriculturalists,,"175,681,798",https://ehrafworldcultures.yale.edu/sres/eba67ce8-bcb8-49f6-aca0-7ab707c6f17b
5984deaf-c8ba-447e-afd1-afe3957ff1c6,"Clark, Charles Allen",Religions of old Korea,1932,246-247,"Component part(s), monograph",Korea,Asia,East Asia,intensive agriculturalists,,"175,681,798",https://ehrafworldcultures.yale.edu/sres/5984deaf-c8ba-447e-afd1-afe3957ff1c6
7e3a9023-0ce8-48b1-a0e1-61136b03f1ee,"Clark, Charles Allen",Religions of old Korea,1932,249-250,"Component part(s), monograph",Korea,Asia,East Asia,intensive agriculturalists,,"175,681,798",https://ehrafworldcultures.yale.edu/sres/7e3a9023-0ce8-48b1-a0e1-61136b03f1ee
8fc9ff2a-11bb-4c4d-a6c1-8fce9eff44fe,"Clark, Charles Allen",Religions of old Korea,1932,249-250,"Component part(s), monograph",Korea,Asia,East Asia,intensive agriculturalists,,"175,681,798",https://ehrafworldcultures.yale.edu/sres/8fc9ff2a-11bb-4c4d-a6c1-8fce9eff44fe
d2c273df-1718-4927-8874-85c20078cd09,"Clark, Charles Allen",Religions of old Korea,1932,249-250,"Component part(s), monograph",Korea,Asia,East Asia,intensive agriculturalists,,"175,681,798",https://ehrafworldcultures.yale.edu/sres/d2c273df-1718-4927-8874-85c20078cd09
847667a1-ae6b-4139-823e-3ee329a09641,"Clark, Charles Allen",Religions of old Korea,1932,250-251,"Component part(s), monograph",Korea,Asia,East Asia,intensive agriculturalists,,"175,648,681,798",https://ehrafworldcultures.yale.edu/sres/847667a1-ae6b-4139-823e-3ee329a09641
531b07a1-0cfd-4bf6-9336-551727ba00f4,"Clark, Charles Allen",Religions of old Korea,1932,250-251,"Component part(s), monograph",Korea,Asia,East Asia,intensive agriculturalists,,"175,648,681,798",https://ehrafworldcultures.yale.edu/sres/531b07a1-0cfd-4bf6-9336-551727ba00f4
8cb79b56-aec7-4a49-bd0c-732ed17ad984,"Clark, Charles Allen",Religions of old Korea,1932,254,"Component part(s), monograph",Korea,Asia,East Asia,intensive agriculturalists,,"175,681,798",https://ehrafworldcultures.yale.edu/sres/8cb79b56-aec7-4a49-bd0c-732ed17ad984
8a228234-2f5e-40ce-a004-873aedac31d8,"Clark, Charles Allen",Religions of old Korea,1932,254,"Component part(s), monograph",Korea,Asia,East Asia,intensive agriculturalists,,"175,681,798",https://ehrafworldcultures.yale.edu/sres/8a228234-2f5e-40ce-a004-873aedac31d8
c3dcd153-90b0-4a27-850a-1f9d385ebd25,"Clark, Charles Allen",Religions of old Korea,1932,255,"Component part(s), monograph",Korea,Asia,East Asia,intensive agriculturalists,,"175,687,798",https://ehrafworldcultures.yale.edu/sres/c3dcd153-90b0-4a27-850a-1f9d385ebd25
c87c3f06-6f79-4d4b-a874-18fe48aa1ba6,"Clark, Charles Allen",Religions of old Korea,1932,281-282,"Component part(s), monograph",Korea,Asia,East Asia,intensive agriculturalists,,"539,688,776",https://ehrafworldcultures.yale.edu/sres/c87c3f06-6f79-4d4b-a874-18fe48aa1ba6
d3084901-0746-443e-9397-6ca3c2b2fbe5,"Clark, Charles Allen",Religions of old Korea,1932,283-284,"Component part(s), monograph",Korea,Asia,East Asia,intensive agriculturalists,,"539,688,776",https://ehrafworldcultures.yale.edu/sres/d3084901-0746-443e-9397-6ca3c2b2fbe5
f5ce249c-bbd9-4664-9480-5c50dbce508e,"Rockhill, W. Woodville","Notes on some of the laws, customs, and superstitions of
         Korea",1891,179,Journal Article,Korea,Asia,East Asia,intensive agriculturalists,,"682,695",https://ehrafworldcultures.yale.edu/sres/f5ce249c-bbd9-4664-9480-5c50dbce508e
5eb2624a-5f66-433a-a8b7-cd6261212cb7,"Rockhill, W. Woodville","Notes on some of the laws, customs, and superstitions of
         Korea",1891,179,Journal Article,Korea,Asia,East Asia,intensive agriculturalists,,681,https://ehrafworldcultures.yale.edu/sres/5eb2624a-5f66-433a-a8b7-cd6261212cb7
f21bb000-61db-4829-a62e-808c1df760d4,"Rockhill, W. Woodville","Notes on some of the laws, customs, and superstitions of
         Korea",1891,180,Journal Article,Korea,Asia,East Asia,intensive agriculturalists,,"681,695",https://ehrafworldcultures.yale.edu/sres/f21bb000-61db-4829-a62e-808c1df760d4
0b8a67d4-f961-4d29-9447-2e50e6925cb4,"Rockhill, W. Woodville","Notes on some of the laws, customs, and superstitions of
         Korea",1891,180,Journal Article,Korea,Asia,East Asia,intensive agriculturalists,,"681,695",https://ehrafworldcultures.yale.edu/sres/0b8a67d4-f961-4d29-9447-2e50e6925cb4
ab931278-c519-4b87-927c-9edab2cf6213,"Rockhill, W. Woodville","Notes on some of the laws, customs, and superstitions of
         Korea",1891,180,Journal Article,Korea,Asia,East Asia,intensive agriculturalists,,"593,681",https://ehrafworldcultures.yale.edu/sres/ab931278-c519-4b87-927c-9edab2cf6213
a2e2820b-d3a9-4b2b-b3d4-37df05e717b5,"Hamel, Hendrik",The description of the kingdom of Corea,1918,134-137,Journal Article,Korea,Asia,East Asia,intensive agriculturalists,,681,https://ehrafworldcultures.yale.edu/sres/a2e2820b-d3a9-4b2b-b3d4-37df05e717b5
1a5e58b8-9140-48de-bcb1-0d5dde12d73d,"Kennedy, Gerard F.","The Korean kye: maintaining human scale in a modernizing
         society",1977,216,Journal Article,Korea,Asia,East Asia,intensive agriculturalists,,"443,452,686",https://ehrafworldcultures.yale.edu/sres/1a5e58b8-9140-48de-bcb1-0d5dde12d73d
1e95c05a-3357-4901-98ae-88a0bd1fd577,"Kennedy, Gerard F.","The Korean kye: maintaining human scale in a modernizing
         society",1977,216,Journal Article,Korea,Asia,East Asia,intensive agriculturalists,,"443,452,686",https://ehrafworldcultures.yale.edu/sres/1e95c05a-3357-4901-98ae-88a0bd1fd577
cc12e76b-53d4-4c07-ac84-6b055901a95b,"Kennedy, Gerard F.","The Korean kye: maintaining human scale in a modernizing
         society",1977,217,Journal Article,Korea,Asia,East Asia,intensive agriculturalists,,"452,686",https://ehrafworldcultures.yale.edu/sres/cc12e76b-53d4-4c07-ac84-6b055901a95b
4d24bb11-18d3-4a2b-9d6a-14ea7fd6ad75,"Kennedy, Gerard F.","The Korean kye: maintaining human scale in a modernizing
         society",1977,217,Journal Article,Korea,Asia,East Asia,intensive agriculturalists,,"452,577,686",https://ehrafworldcultures.yale.edu/sres/4d24bb11-18d3-4a2b-9d6a-14ea7fd6ad75
dcf94fd1-dc4e-4ca7-80c1-e279fc7d6a51,"Kennedy, Gerard F.","The Korean kye: maintaining human scale in a modernizing
         society",1977,217,Journal Article,Korea,Asia,East Asia,intensive agriculturalists,,"452,453,464,686",https://ehrafworldcultures.yale.edu/sres/dcf94fd1-dc4e-4ca7-80c1-e279fc7d6a51
c3d93fa2-a11f-4322-81e3-811df5b41e22,"Kennedy, Gerard F.","The Korean kye: maintaining human scale in a modernizing
         society",1977,217,Journal Article,Korea,Asia,East Asia,intensive agriculturalists,,"452,554,577,686",https://ehrafworldcultures.yale.edu/sres/c3d93fa2-a11f-4322-81e3-811df5b41e22
1cbe29d1-4b08-47d8-b6db-f023eb2720df,"Kennedy, Gerard F.","The Korean kye: maintaining human scale in a modernizing
         society",1977,218,Journal Article,Korea,Asia,East Asia,intensive agriculturalists,,"452,554,577,686",https://ehrafworldcultures.yale.edu/sres/1cbe29d1-4b08-47d8-b6db-f023eb2720df
0fc56cb5-51a4-4cea-a17a-c8d9f654b1a8,"Carles, William Richard",Life in Corea,1888,92,Monograph,Korea,Asia,East Asia,intensive agriculturalists,,"436,687",https://ehrafworldcultures.yale.edu/sres/0fc56cb5-51a4-4cea-a17a-c8d9f654b1a8
4b579d5c-bafb-4e5e-a921-63f7fc72b901,"Carles, William Richard",Life in Corea,1888,185,Monograph,Korea,Asia,East Asia,intensive agriculturalists,,"501,681,697",https://ehrafworldcultures.yale.edu/sres/4b579d5c-bafb-4e5e-a921-63f7fc72b901
bed6b7d8-29d8-4037-8b0d-b67585896908,"Osgood, Cornelius",The Koreans and their culture,1951,216,"Component part(s), monograph",Korea,Asia,East Asia,intensive agriculturalists,,"173,423,681",https://ehrafworldcultures.yale.edu/sres/bed6b7d8-29d8-4037-8b0d-b67585896908
4ed16097-d528-4f50-8434-16c7d30fa144,"Osgood, Cornelius",The Koreans and their culture,1951,217,"Component part(s), monograph",Korea,Asia,East Asia,intensive agriculturalists,,"174,181,683,754",https://ehrafworldcultures.yale.edu/sres/4ed16097-d528-4f50-8434-16c7d30fa144
18104526-9f89-48d1-a7fa-f148c4b9e1f5,"Osgood, Cornelius",The Koreans and their culture,1951,239-240,"Component part(s), monograph",Korea,Asia,East Asia,intensive agriculturalists,,"177,181,671,681",https://ehrafworldcultures.yale.edu/sres/18104526-9f89-48d1-a7fa-f148c4b9e1f5
d1f38ad9-6f2d-4c4a-9784-32231a305c14,"Osgood, Cornelius",The Koreans and their culture,1951,287,"Component part(s), monograph",Korea,Asia,East Asia,intensive agriculturalists,,"175,636,668,681",https://ehrafworldcultures.yale.edu/sres/d1f38ad9-6f2d-4c4a-9784-32231a305c14
7b7c9c43-c3c5-4f8b-be0e-0ffaa29cf93e,"Osgood, Cornelius",The Koreans and their culture,1951,289-290,"Component part(s), monograph",Korea,Asia,East Asia,intensive agriculturalists,,"175,636,692,625,681,661",https://ehrafworldcultures.yale.edu/sres/7b7c9c43-c3c5-4f8b-be0e-0ffaa29cf93e
670b058d-7b0d-48a8-93e5-66ab6cf4b502,"Osgood, Cornelius",The Koreans and their culture,1951,290-291,"Component part(s), monograph",Korea,Asia,East Asia,intensive agriculturalists,,"175,636,313,558,681,652,661",https://ehrafworldcultures.yale.edu/sres/670b058d-7b0d-48a8-93e5-66ab6cf4b502
178f6453-c5b1-4585-b65a-60776dc89225,"Osgood, Cornelius",The Koreans and their culture,1951,316-317,"Component part(s), monograph",Korea,Asia,East Asia,intensive agriculturalists,,"175,625,681,727",https://ehrafworldcultures.yale.edu/sres/178f6453-c5b1-4585-b65a-60776dc89225
e143982b-1549-4963-a7bb-1d9cfe4f2f31,"Osgood, Cornelius",The Koreans and their culture,1951,343-344,"Component part(s), monograph",Korea,Asia,East Asia,intensive agriculturalists,,"175,661,681",https://ehrafworldcultures.yale.edu/sres/e143982b-1549-4963-a7bb-1d9cfe4f2f31
4047f7fb-b5cb-4de8-a835-7599908c26ee,"Hulbert, Homer B.",The status of woman in Korea,1902,97-98,Journal Article,Korea,Asia,East Asia,intensive agriculturalists,,"421,686",https://ehrafworldcultures.yale.edu/sres/4047f7fb-b5cb-4de8-a835-7599908c26ee
c943e0d5-45e8-45f9-8367-9fef8f12829d,"Hulbert, Homer B.",The status of woman in Korea,1902,97-98,Journal Article,Korea,Asia,East Asia,intensive agriculturalists,,"421,686",https://ehrafworldcultures.yale.edu/sres/c943e0d5-45e8-45f9-8367-9fef8f12829d
1896aebf-9b70-4587-af54-83740cda9058,"Hulbert, Homer B.",The status of woman in Korea,1902,98,Journal Article,Korea,Asia,East Asia,intensive agriculturalists,,"421,593,686",https://ehrafworldcultures.yale.edu/sres/1896aebf-9b70-4587-af54-83740cda9058
bbcb1667-1c6a-4b99-95bb-dfb676b759fe,"Hulbert, Homer B.",The status of woman in Korea,1902,98-99,Journal Article,Korea,Asia,East Asia,intensive agriculturalists,,"428,593,686",https://ehrafworldcultures.yale.edu/sres/bbcb1667-1c6a-4b99-95bb-dfb676b759fe
f66257f1-7e06-4ce1-889d-0e018345c35e,"Hulbert, Homer B.",The status of woman in Korea,1902,98-99,Journal Article,Korea,Asia,East Asia,intensive agriculturalists,,"428,593,686",https://ehrafworldcultures.yale.edu/sres/f66257f1-7e06-4ce1-889d-0e018345c35e
e91c8f2b-bfab-4f37-a09c-07d39dabc9a9,"Hulbert, Homer B.",The status of woman in Korea,1902,155,Journal Article,Korea,Asia,East Asia,intensive agriculturalists,,"178,681",https://ehrafworldcultures.yale.edu/sres/e91c8f2b-bfab-4f37-a09c-07d39dabc9a9
9e6fdaa1-1d00-4099-be92-b0fe6932c867,"Biernatzki, William Eugene, 1931-",Varieties of Korean lineage structure,1967,422,Monograph,Korea,Asia,East Asia,intensive agriculturalists,,"613,614,685",https://ehrafworldcultures.yale.edu/sres/9e6fdaa1-1d00-4099-be92-b0fe6932c867
65da147e-365b-4b1d-98d5-7c01f7204f2c,"Biernatzki, William Eugene, 1931-",Varieties of Korean lineage structure,1967,476,Monograph,Korea,Asia,East Asia,intensive agriculturalists,,"423,613,614,685,769",https://ehrafworldcultures.yale.edu/sres/65da147e-365b-4b1d-98d5-7c01f7204f2c
8f09aa59-9345-4d1d-88ec-4ae79e752399,"Biernatzki, William Eugene, 1931-",Varieties of Korean lineage structure,1967,156,Monograph,Korea,Asia,East Asia,intensive agriculturalists,,"173,669,687,795",https://ehrafworldcultures.yale.edu/sres/8f09aa59-9345-4d1d-88ec-4ae79e752399
dbce6176-5673-4145-9f43-3c08eccd8961,"Biernatzki, William Eugene, 1931-",Varieties of Korean lineage structure,1967,347,Monograph,Korea,Asia,East Asia,intensive agriculturalists,,"123,685",https://ehrafworldcultures.yale.edu/sres/dbce6176-5673-4145-9f43-3c08eccd8961
8245b383-fb91-4211-bb02-08edfa254642,"Biernatzki, William Eugene, 1931-",Varieties of Korean lineage structure,1967,347,Monograph,Korea,Asia,East Asia,intensive agriculturalists,,"123,685",https://ehrafworldcultures.yale.edu/sres/8245b383-fb91-4211-bb02-08edfa254642
518b325e-7dcb-480f-aef9-367d2ad4feda,"Biernatzki, William Eugene, 1931-",Varieties of Korean lineage structure,1967,347,Monograph,Korea,Asia,East Asia,intensive agriculturalists,,685,https://ehrafworldcultures.yale.edu/sres/518b325e-7dcb-480f-aef9-367d2ad4feda
