uuid,Primary_Author,Title,Published,Page,DocType,Culture,Region,Subregion,Subsistence,OCM,IDs,Permalink
3bea216d-0e19-4461-ba46-8094646a41f6,"Archer, W. G. (William George),
         1907-1979",Tribal law and justice: a report on the Santal,1984,545,Monograph,Santal,Asia,South Asia,intensive agriculturalists,,"627,684,696",https://ehrafworldcultures.yale.edu/sres/3bea216d-0e19-4461-ba46-8094646a41f6
7b286971-d29a-4cff-939e-d7b7e471da90,"Archer, W. G. (William George),
         1907-1979",Tribal law and justice: a report on the Santal,1984,545,Monograph,Santal,Asia,South Asia,intensive agriculturalists,,"627,684,696",https://ehrafworldcultures.yale.edu/sres/7b286971-d29a-4cff-939e-d7b7e471da90
fa6311f6-2224-4874-ba8f-b0d8dd63c8c8,"Archer, W. G. (William George),
         1907-1979",Tribal law and justice: a report on the Santal,1984,545,Monograph,Santal,Asia,South Asia,intensive agriculturalists,,"627,684,696",https://ehrafworldcultures.yale.edu/sres/fa6311f6-2224-4874-ba8f-b0d8dd63c8c8
71c73566-8731-4809-843f-58ce62e93d3e,"Archer, W. G. (William George),
         1907-1979",Tribal law and justice: a report on the Santal,1984,545,Monograph,Santal,Asia,South Asia,intensive agriculturalists,,"627,684,696",https://ehrafworldcultures.yale.edu/sres/71c73566-8731-4809-843f-58ce62e93d3e
1667e2e0-4acd-4334-9505-70e2298b98c6,"Carrin-Bouez, Marine",Culture summary: Santal,1998,7,Manuscript,Santal,Asia,South Asia,intensive agriculturalists,,"578,626,627,681,692,754",https://ehrafworldcultures.yale.edu/sres/1667e2e0-4acd-4334-9505-70e2298b98c6
2855d2dd-ccad-470e-8123-4620fed280b5,"Skrefsrud, Lars Olsen, 1840-1910",Traditions and institutions of the Santals,1942,84,Monograph,Santal,Asia,South Asia,intensive agriculturalists,,"684,692,696",https://ehrafworldcultures.yale.edu/sres/2855d2dd-ccad-470e-8123-4620fed280b5
5d2f3a7d-57ad-43af-a4ed-eefc0439fcd0,"Skrefsrud, Lars Olsen, 1840-1910",Traditions and institutions of the Santals,1942,85,Monograph,Santal,Asia,South Asia,intensive agriculturalists,,"684,692,696",https://ehrafworldcultures.yale.edu/sres/5d2f3a7d-57ad-43af-a4ed-eefc0439fcd0
e255394e-1843-46f6-b72e-ea5b5cf40db6,"Archer, W. G. (William George),
         1907-1979",Tribal law and justice: a report on the Santal,1984,547,Monograph,Santal,Asia,South Asia,intensive agriculturalists,,"681,696,765",https://ehrafworldcultures.yale.edu/sres/e255394e-1843-46f6-b72e-ea5b5cf40db6
1e6c666e-216e-4141-b42c-5560a7335f7a,"Archer, W. G. (William George),
         1907-1979",Tribal law and justice: a report on the Santal,1984,547,Monograph,Santal,Asia,South Asia,intensive agriculturalists,,"184,681,696",https://ehrafworldcultures.yale.edu/sres/1e6c666e-216e-4141-b42c-5560a7335f7a
963ebd57-e7d7-4f57-ae0a-1b7d31d5225e,"Archer, W. G. (William George),
         1907-1979",Tribal law and justice: a report on the Santal,1984,547,Monograph,Santal,Asia,South Asia,intensive agriculturalists,,"184,681,696",https://ehrafworldcultures.yale.edu/sres/963ebd57-e7d7-4f57-ae0a-1b7d31d5225e
b284fa0d-000a-4f4d-99dd-6fe76a2550d5,"Archer, W. G. (William George),
         1907-1979",Tribal law and justice: a report on the Santal,1984,547,Monograph,Santal,Asia,South Asia,intensive agriculturalists,,"681,696",https://ehrafworldcultures.yale.edu/sres/b284fa0d-000a-4f4d-99dd-6fe76a2550d5
8433685b-191d-475f-a7fc-882fe804768e,"Archer, W. G. (William George),
         1907-1979",Tribal law and justice: a report on the Santal,1984,547,Monograph,Santal,Asia,South Asia,intensive agriculturalists,,"681,684,696",https://ehrafworldcultures.yale.edu/sres/8433685b-191d-475f-a7fc-882fe804768e
12471c99-3dfa-43ae-94c5-c8e93d8213d4,"Archer, W. G. (William George),
         1907-1979",Tribal law and justice: a report on the Santal,1984,547,Monograph,Santal,Asia,South Asia,intensive agriculturalists,,"681,696",https://ehrafworldcultures.yale.edu/sres/12471c99-3dfa-43ae-94c5-c8e93d8213d4
8b7982b3-b080-4b62-a993-9dea827c845f,"Archer, W. G. (William George),
         1907-1979",Tribal law and justice: a report on the Santal,1984,547,Monograph,Santal,Asia,South Asia,intensive agriculturalists,,"681,696",https://ehrafworldcultures.yale.edu/sres/8b7982b3-b080-4b62-a993-9dea827c845f
ab1e4f85-eec8-4de5-b11d-812913ae2bfc,"Archer, W. G. (William George),
         1907-1979",Tribal law and justice: a report on the Santal,1984,548,Monograph,Santal,Asia,South Asia,intensive agriculturalists,,"592,681,696",https://ehrafworldcultures.yale.edu/sres/ab1e4f85-eec8-4de5-b11d-812913ae2bfc
e9743959-6312-4d7f-ae6e-1cbafe6b7d25,"Archer, W. G. (William George),
         1907-1979",Tribal law and justice: a report on the Santal,1984,548,Monograph,Santal,Asia,South Asia,intensive agriculturalists,,"592,681,696",https://ehrafworldcultures.yale.edu/sres/e9743959-6312-4d7f-ae6e-1cbafe6b7d25
de255ce3-6a2e-4f91-ab83-2ae87b316d3d,"Archer, W. G. (William George),
         1907-1979",Tribal law and justice: a report on the Santal,1984,548,Monograph,Santal,Asia,South Asia,intensive agriculturalists,,"592,681,696",https://ehrafworldcultures.yale.edu/sres/de255ce3-6a2e-4f91-ab83-2ae87b316d3d
668d5177-a3b2-442f-8ce8-330ebbb95713,"Archer, W. G. (William George),
         1907-1979",Tribal law and justice: a report on the Santal,1984,548,Monograph,Santal,Asia,South Asia,intensive agriculturalists,,"592,681,696,783",https://ehrafworldcultures.yale.edu/sres/668d5177-a3b2-442f-8ce8-330ebbb95713
20297d8e-c7b8-4a05-ae7e-e69f862af50c,"Archer, W. G. (William George),
         1907-1979",Tribal law and justice: a report on the Santal,1984,548,Monograph,Santal,Asia,South Asia,intensive agriculturalists,,"592,681,696,783",https://ehrafworldcultures.yale.edu/sres/20297d8e-c7b8-4a05-ae7e-e69f862af50c
9d8fad72-aeeb-4477-98cd-3572ea9a5369,"Archer, W. G. (William George),
         1907-1979",Tribal law and justice: a report on the Santal,1984,581,Monograph,Santal,Asia,South Asia,intensive agriculturalists,,"583,684,696,765",https://ehrafworldcultures.yale.edu/sres/9d8fad72-aeeb-4477-98cd-3572ea9a5369
5bf4fb2e-8246-4134-8535-f317053c87cf,"Archer, W. G. (William George),
         1907-1979",Tribal law and justice: a report on the Santal,1984,581,Monograph,Santal,Asia,South Asia,intensive agriculturalists,,"684,696,765",https://ehrafworldcultures.yale.edu/sres/5bf4fb2e-8246-4134-8535-f317053c87cf
03c6184a-dd6d-4293-9ab3-31a977ea291a,"Archer, W. G. (William George),
         1907-1979",Tribal law and justice: a report on the Santal,1984,581,Monograph,Santal,Asia,South Asia,intensive agriculturalists,,"583,684,696",https://ehrafworldcultures.yale.edu/sres/03c6184a-dd6d-4293-9ab3-31a977ea291a
8814d025-41a4-4a48-876b-f56bfc353b45,"Archer, W. G. (William George),
         1907-1979","The hill of flutes: life, love, and poetry in tribal India : a
         portrait of the Santals",1974,98,Monograph,Santal,Asia,South Asia,intensive agriculturalists,,"182,183,626,681,796",https://ehrafworldcultures.yale.edu/sres/8814d025-41a4-4a48-876b-f56bfc353b45
aa37dd60-5092-47ec-9e17-8258eddadfcd,"Archer, W. G. (William George),
         1907-1979","The hill of flutes: life, love, and poetry in tribal India : a
         portrait of the Santals",1974,98,Monograph,Santal,Asia,South Asia,intensive agriculturalists,,"182,183,533,539,626,681,796",https://ehrafworldcultures.yale.edu/sres/aa37dd60-5092-47ec-9e17-8258eddadfcd
3eb4bcc0-fb49-4f36-8ff0-edbf080d3bb7,"Kochar, Vijay, 1934-",Social organization among the Santal,1970,111,Monograph,Santal,Asia,South Asia,intensive agriculturalists,,"622,623,627,681",https://ehrafworldcultures.yale.edu/sres/3eb4bcc0-fb49-4f36-8ff0-edbf080d3bb7
ebe1c6ed-33d6-4106-a5d9-c7a89878940b,"Biswas, Prophilla Chander, 1904-",Santals of the Santal Parganas,1956,94,Monograph,Santal,Asia,South Asia,intensive agriculturalists,,"114,211,622,627,684,689,824",https://ehrafworldcultures.yale.edu/sres/ebe1c6ed-33d6-4106-a5d9-c7a89878940b
68f7063e-fd4b-44fe-b40e-3215c4c5d54b,"Biswas, Prophilla Chander, 1904-",Santals of the Santal Parganas,1956,95,Monograph,Santal,Asia,South Asia,intensive agriculturalists,,"627,684",https://ehrafworldcultures.yale.edu/sres/68f7063e-fd4b-44fe-b40e-3215c4c5d54b
ec5f925a-57da-4aae-babf-bcbde192a73d,"Biswas, Prophilla Chander, 1904-",Santals of the Santal Parganas,1956,95,Monograph,Santal,Asia,South Asia,intensive agriculturalists,,"627,684",https://ehrafworldcultures.yale.edu/sres/ec5f925a-57da-4aae-babf-bcbde192a73d
6eee7810-80db-4428-b339-579982f41449,"Biswas, Prophilla Chander, 1904-",Santals of the Santal Parganas,1956,95,Monograph,Santal,Asia,South Asia,intensive agriculturalists,,"627,684",https://ehrafworldcultures.yale.edu/sres/6eee7810-80db-4428-b339-579982f41449
876f51e0-ab21-4369-bcf3-0371187fd59c,"Archer, W. G. (William George),
         1907-1979","The hill of flutes: life, love, and poetry in tribal India : a
         portrait of the Santals",1974,89,Monograph,Santal,Asia,South Asia,intensive agriculturalists,,"627,681,692",https://ehrafworldcultures.yale.edu/sres/876f51e0-ab21-4369-bcf3-0371187fd59c
6ac7dd32-dffe-40ba-a9a5-09bf6f5117d3,"Archer, W. G. (William George),
         1907-1979","The hill of flutes: life, love, and poetry in tribal India : a
         portrait of the Santals",1974,91,Monograph,Santal,Asia,South Asia,intensive agriculturalists,,"627,684,692",https://ehrafworldcultures.yale.edu/sres/6ac7dd32-dffe-40ba-a9a5-09bf6f5117d3
fda249e2-3619-48ff-b69b-1b57ddc365bb,"Archer, W. G. (William George),
         1907-1979","The hill of flutes: life, love, and poetry in tribal India : a
         portrait of the Santals",1974,91,Monograph,Santal,Asia,South Asia,intensive agriculturalists,,"597,627,684,692",https://ehrafworldcultures.yale.edu/sres/fda249e2-3619-48ff-b69b-1b57ddc365bb
eccef618-373b-4014-a9a9-43a1d3fad9f7,"Archer, W. G. (William George),
         1907-1979","The hill of flutes: life, love, and poetry in tribal India : a
         portrait of the Santals",1974,92,Monograph,Santal,Asia,South Asia,intensive agriculturalists,,"597,627,684,692",https://ehrafworldcultures.yale.edu/sres/eccef618-373b-4014-a9a9-43a1d3fad9f7
e2378d57-5290-4122-a9d7-e108a8d3c706,"Archer, W. G. (William George),
         1907-1979","The hill of flutes: life, love, and poetry in tribal India : a
         portrait of the Santals",1974,154,Monograph,Santal,Asia,South Asia,intensive agriculturalists,,"583,627,689",https://ehrafworldcultures.yale.edu/sres/e2378d57-5290-4122-a9d7-e108a8d3c706
4a18ab44-c8bd-4cc7-8d4e-19ddf9812b07,"Archer, W. G. (William George),
         1907-1979","The hill of flutes: life, love, and poetry in tribal India : a
         portrait of the Santals",1974,155,Monograph,Santal,Asia,South Asia,intensive agriculturalists,,"583,627,689",https://ehrafworldcultures.yale.edu/sres/4a18ab44-c8bd-4cc7-8d4e-19ddf9812b07
ea44f599-50a3-4d6d-8b9a-991d6def54ed,"Mukherjea, Charulal",The Santals,1962,134,Monograph,Santal,Asia,South Asia,intensive agriculturalists,,"614,627,688",https://ehrafworldcultures.yale.edu/sres/ea44f599-50a3-4d6d-8b9a-991d6def54ed
9f18c108-6a66-4c9d-a1de-427fe62ff648,"Archer, W. G. (William George),
         1907-1979",Tribal law and justice: a report on the Santal,1984,[p.536],Monograph,Santal,Asia,South Asia,intensive agriculturalists,,"627,681",https://ehrafworldcultures.yale.edu/sres/9f18c108-6a66-4c9d-a1de-427fe62ff648
83a03627-a960-4884-83a3-ad8bfbad059a,"Archer, W. G. (William George),
         1907-1979",Tribal law and justice: a report on the Santal,1984,537,Monograph,Santal,Asia,South Asia,intensive agriculturalists,,"627,681",https://ehrafworldcultures.yale.edu/sres/83a03627-a960-4884-83a3-ad8bfbad059a
7b5a8120-b437-4d82-be07-ef1065e386f2,"Archer, W. G. (William George),
         1907-1979",Tribal law and justice: a report on the Santal,1984,537,Monograph,Santal,Asia,South Asia,intensive agriculturalists,,"627,681",https://ehrafworldcultures.yale.edu/sres/7b5a8120-b437-4d82-be07-ef1065e386f2
8efeb2b9-2963-4761-9d6b-6a6fbda482d2,"Archer, W. G. (William George),
         1907-1979",Tribal law and justice: a report on the Santal,1984,539,Monograph,Santal,Asia,South Asia,intensive agriculturalists,,"627,681,692",https://ehrafworldcultures.yale.edu/sres/8efeb2b9-2963-4761-9d6b-6a6fbda482d2
2bd6ca25-116b-46c6-8281-dcd48f783680,"Archer, W. G. (William George),
         1907-1979",Tribal law and justice: a report on the Santal,1984,539,Monograph,Santal,Asia,South Asia,intensive agriculturalists,,"627,684,692",https://ehrafworldcultures.yale.edu/sres/2bd6ca25-116b-46c6-8281-dcd48f783680
45a46110-68bd-4df5-997d-a2035b971a3e,"Archer, W. G. (William George),
         1907-1979",Tribal law and justice: a report on the Santal,1984,539,Monograph,Santal,Asia,South Asia,intensive agriculturalists,,"627,684,692",https://ehrafworldcultures.yale.edu/sres/45a46110-68bd-4df5-997d-a2035b971a3e
93ea6d6f-9e86-4273-b4ca-fa2bd5c3dc2b,"Archer, W. G. (William George),
         1907-1979",Tribal law and justice: a report on the Santal,1984,540,Monograph,Santal,Asia,South Asia,intensive agriculturalists,,"627,684,692",https://ehrafworldcultures.yale.edu/sres/93ea6d6f-9e86-4273-b4ca-fa2bd5c3dc2b
e391f33c-8805-4ba5-b9f8-6345374bd8a9,"Archer, W. G. (William George),
         1907-1979",Tribal law and justice: a report on the Santal,1984,540,Monograph,Santal,Asia,South Asia,intensive agriculturalists,,"627,681,692",https://ehrafworldcultures.yale.edu/sres/e391f33c-8805-4ba5-b9f8-6345374bd8a9
c9307410-6202-4e7f-9efe-55a2c1493a98,"Archer, W. G. (William George),
         1907-1979",Tribal law and justice: a report on the Santal,1984,540,Monograph,Santal,Asia,South Asia,intensive agriculturalists,,"608,627,684,692,848",https://ehrafworldcultures.yale.edu/sres/c9307410-6202-4e7f-9efe-55a2c1493a98
2945c06e-adfa-4414-8efd-0b50d41e0658,"Archer, W. G. (William George),
         1907-1979",Tribal law and justice: a report on the Santal,1984,540,Monograph,Santal,Asia,South Asia,intensive agriculturalists,,"608,627,684,692,848",https://ehrafworldcultures.yale.edu/sres/2945c06e-adfa-4414-8efd-0b50d41e0658
c33bd57e-4335-4a95-be8e-0c5ae005b2b3,"Archer, W. G. (William George),
         1907-1979",Tribal law and justice: a report on the Santal,1984,540,Monograph,Santal,Asia,South Asia,intensive agriculturalists,,"627,681,692",https://ehrafworldcultures.yale.edu/sres/c33bd57e-4335-4a95-be8e-0c5ae005b2b3
3a8470d6-aead-4e4e-a862-87be0f91e861,"Archer, W. G. (William George),
         1907-1979",Tribal law and justice: a report on the Santal,1984,540,Monograph,Santal,Asia,South Asia,intensive agriculturalists,,"627,681,692",https://ehrafworldcultures.yale.edu/sres/3a8470d6-aead-4e4e-a862-87be0f91e861
5176f9ed-5cba-4677-87db-617f6bc17f76,"Archer, W. G. (William George),
         1907-1979",Tribal law and justice: a report on the Santal,1984,540,Monograph,Santal,Asia,South Asia,intensive agriculturalists,,"627,681,692",https://ehrafworldcultures.yale.edu/sres/5176f9ed-5cba-4677-87db-617f6bc17f76
c6729724-2d27-4f93-b5a1-cc21dddd0606,"Archer, W. G. (William George),
         1907-1979",Tribal law and justice: a report on the Santal,1984,540,Monograph,Santal,Asia,South Asia,intensive agriculturalists,,"627,684,692",https://ehrafworldcultures.yale.edu/sres/c6729724-2d27-4f93-b5a1-cc21dddd0606
ab15b897-f8e6-40be-b0ee-7bb9f1532496,"Archer, W. G. (William George),
         1907-1979",Tribal law and justice: a report on the Santal,1984,541,Monograph,Santal,Asia,South Asia,intensive agriculturalists,,"627,684,692",https://ehrafworldcultures.yale.edu/sres/ab15b897-f8e6-40be-b0ee-7bb9f1532496
f0523b6d-b8d9-4649-9ee2-3f4a2ca556f3,"Archer, W. G. (William George),
         1907-1979",Tribal law and justice: a report on the Santal,1984,541,Monograph,Santal,Asia,South Asia,intensive agriculturalists,,"627,684,692",https://ehrafworldcultures.yale.edu/sres/f0523b6d-b8d9-4649-9ee2-3f4a2ca556f3
ce960d1b-5346-4fc7-a008-a010d6f0d4f0,"Archer, W. G. (William George),
         1907-1979",Tribal law and justice: a report on the Santal,1984,543,Monograph,Santal,Asia,South Asia,intensive agriculturalists,,"574,627,634,684,689,692,835",https://ehrafworldcultures.yale.edu/sres/ce960d1b-5346-4fc7-a008-a010d6f0d4f0
7bb99b3b-80ab-49bc-9a77-00c992be1aab,"Archer, W. G. (William George),
         1907-1979",Tribal law and justice: a report on the Santal,1984,545,Monograph,Santal,Asia,South Asia,intensive agriculturalists,,"627,681",https://ehrafworldcultures.yale.edu/sres/7bb99b3b-80ab-49bc-9a77-00c992be1aab
35fb0d93-eeb9-47c8-ad3a-028af0363cba,"Archer, W. G. (William George),
         1907-1979",Tribal law and justice: a report on the Santal,1984,545,Monograph,Santal,Asia,South Asia,intensive agriculturalists,,"627,684",https://ehrafworldcultures.yale.edu/sres/35fb0d93-eeb9-47c8-ad3a-028af0363cba
92fa9c9f-c9f9-451e-ab58-0bdd64553339,"Archer, W. G. (William George),
         1907-1979",Tribal law and justice: a report on the Santal,1984,578,Monograph,Santal,Asia,South Asia,intensive agriculturalists,,"627,684",https://ehrafworldcultures.yale.edu/sres/92fa9c9f-c9f9-451e-ab58-0bdd64553339
475659d9-880e-48e6-b563-7eec7f7d5173,"Archer, W. G. (William George),
         1907-1979",Tribal law and justice: a report on the Santal,1984,578,Monograph,Santal,Asia,South Asia,intensive agriculturalists,,"627,628,684",https://ehrafworldcultures.yale.edu/sres/475659d9-880e-48e6-b563-7eec7f7d5173
5c29bb60-34d4-4c50-bb39-7dde3fe1d6cb,"Archer, W. G. (William George),
         1907-1979",Tribal law and justice: a report on the Santal,1984,579,Monograph,Santal,Asia,South Asia,intensive agriculturalists,,"627,684",https://ehrafworldcultures.yale.edu/sres/5c29bb60-34d4-4c50-bb39-7dde3fe1d6cb
295e9025-1805-4703-90b4-c7e30ae042ad,"Archer, W. G. (William George),
         1907-1979",Tribal law and justice: a report on the Santal,1984,602,Monograph,Santal,Asia,South Asia,intensive agriculturalists,,"627,674,682,684",https://ehrafworldcultures.yale.edu/sres/295e9025-1805-4703-90b4-c7e30ae042ad
51d65662-cd31-4d4f-af0b-fa0595cdbda3,"Archer, W. G. (William George),
         1907-1979",Tribal law and justice: a report on the Santal,1984,603,Monograph,Santal,Asia,South Asia,intensive agriculturalists,,"627,671,673,685,692",https://ehrafworldcultures.yale.edu/sres/51d65662-cd31-4d4f-af0b-fa0595cdbda3
e9bab0c8-0f57-4a10-adb0-c7687a342b96,"Archer, W. G. (William George),
         1907-1979",Tribal law and justice: a report on the Santal,1984,605,Monograph,Santal,Asia,South Asia,intensive agriculturalists,,"627,686,692",https://ehrafworldcultures.yale.edu/sres/e9bab0c8-0f57-4a10-adb0-c7687a342b96
81249a42-a407-45fc-b4ff-9f711d5ce217,"Archer, W. G. (William George),
         1907-1979",Tribal law and justice: a report on the Santal,1984,612,Monograph,Santal,Asia,South Asia,intensive agriculturalists,,"202,578,579,625,627,681",https://ehrafworldcultures.yale.edu/sres/81249a42-a407-45fc-b4ff-9f711d5ce217
1af4a504-929d-4816-8375-b5e022add704,"Archer, W. G. (William George),
         1907-1979",Tribal law and justice: a report on the Santal,1984,13,Monograph,Santal,Asia,South Asia,intensive agriculturalists,,"000,432,622,627,681,692,695",https://ehrafworldcultures.yale.edu/sres/1af4a504-929d-4816-8375-b5e022add704
606e58a0-f4c1-4f78-8432-febd7714e612,"Archer, W. G. (William George),
         1907-1979",Tribal law and justice: a report on the Santal,1984,462,Monograph,Santal,Asia,South Asia,intensive agriculturalists,,"195,578,627,683,684",https://ehrafworldcultures.yale.edu/sres/606e58a0-f4c1-4f78-8432-febd7714e612
2631da40-5e2e-490d-b921-e8521870ae12,"Archer, W. G. (William George),
         1907-1979",Tribal law and justice: a report on the Santal,1984,464,Monograph,Santal,Asia,South Asia,intensive agriculturalists,,"627,686",https://ehrafworldcultures.yale.edu/sres/2631da40-5e2e-490d-b921-e8521870ae12
e13ad8aa-1ec5-4115-b7e7-fcded063df41,"Archer, W. G. (William George),
         1907-1979",Tribal law and justice: a report on the Santal,1984,464,Monograph,Santal,Asia,South Asia,intensive agriculturalists,,"627,686",https://ehrafworldcultures.yale.edu/sres/e13ad8aa-1ec5-4115-b7e7-fcded063df41
ea5af0c7-2b7b-4322-99bd-7fa89ffcc825,"Archer, W. G. (William George),
         1907-1979",Tribal law and justice: a report on the Santal,1984,464,Monograph,Santal,Asia,South Asia,intensive agriculturalists,,"627,686",https://ehrafworldcultures.yale.edu/sres/ea5af0c7-2b7b-4322-99bd-7fa89ffcc825
c534e15e-6e6d-4338-9734-96c86e001703,"Archer, W. G. (William George),
         1907-1979",Tribal law and justice: a report on the Santal,1984,464,Monograph,Santal,Asia,South Asia,intensive agriculturalists,,"627,686",https://ehrafworldcultures.yale.edu/sres/c534e15e-6e6d-4338-9734-96c86e001703
0662afbd-105d-4ed9-8c9a-948540d0d3d5,"Archer, W. G. (William George),
         1907-1979",Tribal law and justice: a report on the Santal,1984,464,Monograph,Santal,Asia,South Asia,intensive agriculturalists,,"627,685,686",https://ehrafworldcultures.yale.edu/sres/0662afbd-105d-4ed9-8c9a-948540d0d3d5
c79a881f-495b-460a-a4e0-ced17de4df0d,"Archer, W. G. (William George),
         1907-1979",Tribal law and justice: a report on the Santal,1984,465,Monograph,Santal,Asia,South Asia,intensive agriculturalists,,"627,687",https://ehrafworldcultures.yale.edu/sres/c79a881f-495b-460a-a4e0-ced17de4df0d
f902cde7-6bec-4569-8d77-28c701753b24,"Archer, W. G. (William George),
         1907-1979",Tribal law and justice: a report on the Santal,1984,546,Monograph,Santal,Asia,South Asia,intensive agriculturalists,,696,https://ehrafworldcultures.yale.edu/sres/f902cde7-6bec-4569-8d77-28c701753b24
bc74ceb9-96d5-4599-bfb5-0a8e37cc2e7d,"Kochar, Vijay, 1934-",Social organization among the Santal,1970,31,Monograph,Santal,Asia,South Asia,intensive agriculturalists,,"554,626",https://ehrafworldcultures.yale.edu/sres/bc74ceb9-96d5-4599-bfb5-0a8e37cc2e7d
ffa273c4-ba55-4142-8b75-4efbe336d927,"Kochar, Vijay, 1934-",Social organization among the Santal,1970,111,Monograph,Santal,Asia,South Asia,intensive agriculturalists,,"571,623,626",https://ehrafworldcultures.yale.edu/sres/ffa273c4-ba55-4142-8b75-4efbe336d927
1bcf2220-c398-42a9-b3ef-7f7c289485de,"Archer, W. G. (William George),
         1907-1979","The hill of flutes: life, love, and poetry in tribal India : a
         portrait of the Santals",1974,98,Monograph,Santal,Asia,South Asia,intensive agriculturalists,,"182,626,796",https://ehrafworldcultures.yale.edu/sres/1bcf2220-c398-42a9-b3ef-7f7c289485de
9016ac1b-85f3-4bb5-9be7-95d1cdc802c6,"Orans, Martin",The Santal: a tribe in search of a great tradition,1965,18,Monograph,Santal,Asia,South Asia,intensive agriculturalists,,626,https://ehrafworldcultures.yale.edu/sres/9016ac1b-85f3-4bb5-9be7-95d1cdc802c6
4180cb8a-464b-4fe1-95e4-08ef20548a8d,"Orans, Martin",The Santal: a tribe in search of a great tradition,1965,18,Monograph,Santal,Asia,South Asia,intensive agriculturalists,,626,https://ehrafworldcultures.yale.edu/sres/4180cb8a-464b-4fe1-95e4-08ef20548a8d
9472c012-e348-4b59-a141-69a3967b558b,"Orans, Martin",The Santal: a tribe in search of a great tradition,1965,18,Monograph,Santal,Asia,South Asia,intensive agriculturalists,,626,https://ehrafworldcultures.yale.edu/sres/9472c012-e348-4b59-a141-69a3967b558b
52d9d534-ad69-40a1-bdfe-2dd7c72ea351,"Mukherjea, Charulal",The Santals,1962,407,Monograph,Santal,Asia,South Asia,intensive agriculturalists,,"626,836,837",https://ehrafworldcultures.yale.edu/sres/52d9d534-ad69-40a1-bdfe-2dd7c72ea351
554712cb-3c1b-4316-bd2f-e2ed5d647322,"Mukherjea, Charulal",The Santals,1962,419,Monograph,Santal,Asia,South Asia,intensive agriculturalists,,"626,836",https://ehrafworldcultures.yale.edu/sres/554712cb-3c1b-4316-bd2f-e2ed5d647322
17425ae8-c69e-4649-99eb-c0e1527a6867,"Mukherjea, Charulal",The Santals,1962,420,Monograph,Santal,Asia,South Asia,intensive agriculturalists,,"626,837",https://ehrafworldcultures.yale.edu/sres/17425ae8-c69e-4649-99eb-c0e1527a6867
9ec77828-b812-4402-bc97-763bb2d414b3,"Culshaw, W. J.",Tribal heritage: a study of the Santals,1949,27,Monograph,Santal,Asia,South Asia,intensive agriculturalists,,"164,166,221,434,464,465,482,484,626,829,855",https://ehrafworldcultures.yale.edu/sres/9ec77828-b812-4402-bc97-763bb2d414b3
ffacf7cd-710b-4e41-bb75-949bb6f60ab4,"Culshaw, W. J.",Tribal heritage: a study of the Santals,1949,51,Monograph,Santal,Asia,South Asia,intensive agriculturalists,,"113,114,127,183,538,626",https://ehrafworldcultures.yale.edu/sres/ffacf7cd-710b-4e41-bb75-949bb6f60ab4
71cbee73-ca38-4fd4-87f1-d69da8ed5570,"Culshaw, W. J.",Tribal heritage: a study of the Santals,1949,170,Monograph,Santal,Asia,South Asia,intensive agriculturalists,,"127,152,582,621,626,764,797,798",https://ehrafworldcultures.yale.edu/sres/71cbee73-ca38-4fd4-87f1-d69da8ed5570
a3728b23-6169-47e9-83e0-a3598e70298c,"Culshaw, W. J.",Tribal heritage: a study of the Santals,1949,180,Monograph,Santal,Asia,South Asia,intensive agriculturalists,,"123,177,178,464,571,626,794,795,871",https://ehrafworldcultures.yale.edu/sres/a3728b23-6169-47e9-83e0-a3598e70298c
7a600732-2271-46d4-b9f3-e26ae28c3e58,"Archer, W. G. (William George),
         1907-1979",Tribal law and justice: a report on the Santal,1984,561,Monograph,Santal,Asia,South Asia,intensive agriculturalists,,"182,626,796",https://ehrafworldcultures.yale.edu/sres/7a600732-2271-46d4-b9f3-e26ae28c3e58
f36644ba-33ff-42a0-afa5-1c4b2052d21d,"Archer, W. G. (William George),
         1907-1979","The hill of flutes: life, love, and poetry in tribal India : a
         portrait of the Santals",1974,351,Monograph,Santal,Asia,South Asia,intensive agriculturalists,,"583,627",https://ehrafworldcultures.yale.edu/sres/f36644ba-33ff-42a0-afa5-1c4b2052d21d
a0fe3c27-a8f1-4bef-955a-845d3beeb001,"Archer, W. G. (William George),
         1907-1979","The hill of flutes: life, love, and poetry in tribal India : a
         portrait of the Santals",1974,351,Monograph,Santal,Asia,South Asia,intensive agriculturalists,,"583,627",https://ehrafworldcultures.yale.edu/sres/a0fe3c27-a8f1-4bef-955a-845d3beeb001
1619756d-d403-48d7-be5e-79213bf2407f,"Archer, W. G. (William George),
         1907-1979","The hill of flutes: life, love, and poetry in tribal India : a
         portrait of the Santals",1974,352,Monograph,Santal,Asia,South Asia,intensive agriculturalists,,"554,583,606,627",https://ehrafworldcultures.yale.edu/sres/1619756d-d403-48d7-be5e-79213bf2407f
c85cd184-ce03-414b-9b0e-d64b4bff4017,"Carrin-Bouez, Marine",Inner frontiers: Santal responses to acculturation,1991,14,Monograph,Santal,Asia,South Asia,intensive agriculturalists,,"623,627,634",https://ehrafworldcultures.yale.edu/sres/c85cd184-ce03-414b-9b0e-d64b4bff4017
7b6ee2cc-576d-464b-896f-340cbc802b37,"Skrefsrud, Lars Olsen, 1840-1910",Traditions and institutions of the Santals,1942,93,Monograph,Santal,Asia,South Asia,intensive agriculturalists,,"578,586,593,627",https://ehrafworldcultures.yale.edu/sres/7b6ee2cc-576d-464b-896f-340cbc802b37
071c6b1e-9285-46d5-ac52-c02899b69df6,"Kochar, Vijay, 1934-",Social organization among the Santal,1970,44,Monograph,Santal,Asia,South Asia,intensive agriculturalists,,"585,614,627,634,692,764",https://ehrafworldcultures.yale.edu/sres/071c6b1e-9285-46d5-ac52-c02899b69df6
92ce37e1-8761-4bb0-90af-c7ac2cbec401,"Kochar, Vijay, 1934-",Social organization among the Santal,1970,110,Monograph,Santal,Asia,South Asia,intensive agriculturalists,,"578,592,627",https://ehrafworldcultures.yale.edu/sres/92ce37e1-8761-4bb0-90af-c7ac2cbec401
9f54e3df-9f15-48cc-944a-60a84cd2d38b,"Kochar, Vijay, 1934-",Social organization among the Santal,1970,111,Monograph,Santal,Asia,South Asia,intensive agriculturalists,,"623,627",https://ehrafworldcultures.yale.edu/sres/9f54e3df-9f15-48cc-944a-60a84cd2d38b
1448a000-b956-40c4-a930-bae48fc59feb,"Biswas, Prophilla Chander, 1904-",Santals of the Santal Parganas,1956,14,Monograph,Santal,Asia,South Asia,intensive agriculturalists,,"184,344,346,622,627,651,778",https://ehrafworldcultures.yale.edu/sres/1448a000-b956-40c4-a930-bae48fc59feb
cd01223c-7291-4d9f-a070-92c56b703be3,"Biswas, Prophilla Chander, 1904-",Santals of the Santal Parganas,1956,85,Monograph,Santal,Asia,South Asia,intensive agriculturalists,,"113,583,584,585,627",https://ehrafworldcultures.yale.edu/sres/cd01223c-7291-4d9f-a070-92c56b703be3
b0316146-a7cc-42b7-9c2b-947636c4ab2c,"Biswas, Prophilla Chander, 1904-",Santals of the Santal Parganas,1956,155,Monograph,Santal,Asia,South Asia,intensive agriculturalists,,"623,627,634",https://ehrafworldcultures.yale.edu/sres/b0316146-a7cc-42b7-9c2b-947636c4ab2c
27e938f3-1477-4484-9d25-b7461a2a9e4f,"Archer, W. G. (William George),
         1907-1979","The hill of flutes: life, love, and poetry in tribal India : a
         portrait of the Santals",1974,25,Monograph,Santal,Asia,South Asia,intensive agriculturalists,,"620,622,623,624,627,692,793",https://ehrafworldcultures.yale.edu/sres/27e938f3-1477-4484-9d25-b7461a2a9e4f
0f8ab5a4-bf70-415c-839f-dd323c2d205a,"Archer, W. G. (William George),
         1907-1979","The hill of flutes: life, love, and poetry in tribal India : a
         portrait of the Santals",1974,161,Monograph,Santal,Asia,South Asia,intensive agriculturalists,,"624,627,843,847",https://ehrafworldcultures.yale.edu/sres/0f8ab5a4-bf70-415c-839f-dd323c2d205a
9b18adbe-7e44-4700-bcad-9ab70dedf4f1,"Archer, W. G. (William George),
         1907-1979","The hill of flutes: life, love, and poetry in tribal India : a
         portrait of the Santals",1974,218,Monograph,Santal,Asia,South Asia,intensive agriculturalists,,"586,627",https://ehrafworldcultures.yale.edu/sres/9b18adbe-7e44-4700-bcad-9ab70dedf4f1
a18198bc-d46a-404f-84fd-b4951d82d60e,"Archer, W. G. (William George),
         1907-1979","The hill of flutes: life, love, and poetry in tribal India : a
         portrait of the Santals",1974,275,Monograph,Santal,Asia,South Asia,intensive agriculturalists,,"553,592,593,597,614,627",https://ehrafworldcultures.yale.edu/sres/a18198bc-d46a-404f-84fd-b4951d82d60e
9806f360-33ec-4dcc-bb42-03b3a246a658,"Mukherjea, Charulal",The Santals,1962,292,Monograph,Santal,Asia,South Asia,intensive agriculturalists,,"178,627,754",https://ehrafworldcultures.yale.edu/sres/9806f360-33ec-4dcc-bb42-03b3a246a658
8906f8f8-a923-4303-a6ab-d90c3319d835,"Bodding, P. O. (Paul Olaf), 1865-",A chapter of Santal folklore,1921,117,Essay,Santal,Asia,South Asia,intensive agriculturalists,,"539,621,623,627",https://ehrafworldcultures.yale.edu/sres/8906f8f8-a923-4303-a6ab-d90c3319d835
45ea17fa-2919-496c-91ea-2860794f425f,"Bodding, P. O. (Paul Olaf), 1865-",A chapter of Santal folklore,1921,119,Essay,Santal,Asia,South Asia,intensive agriculturalists,,"539,623,627",https://ehrafworldcultures.yale.edu/sres/45ea17fa-2919-496c-91ea-2860794f425f
e0ab6594-bbad-4a89-842c-7dc610636eeb,"Bodding, P. O. (Paul Olaf), 1865-",A chapter of Santal folklore,1921,119,Essay,Santal,Asia,South Asia,intensive agriculturalists,,"539,623,627",https://ehrafworldcultures.yale.edu/sres/e0ab6594-bbad-4a89-842c-7dc610636eeb
46c0f4eb-b307-41bb-bce0-0234f838175d,"Culshaw, W. J.",Tribal heritage: a study of the Santals,1949,8,Monograph,Santal,Asia,South Asia,intensive agriculturalists,,"177,554,622,623,627,648",https://ehrafworldcultures.yale.edu/sres/46c0f4eb-b307-41bb-bce0-0234f838175d
d92dd1b5-58a6-4a4e-a1fa-dbb81ae54ca8,"Archer, W. G. (William George),
         1907-1979",Tribal law and justice: a report on the Santal,1984,537,Monograph,Santal,Asia,South Asia,intensive agriculturalists,,"627,692",https://ehrafworldcultures.yale.edu/sres/d92dd1b5-58a6-4a4e-a1fa-dbb81ae54ca8
3eaef633-fe63-4edd-926d-7e956c18313c,"Archer, W. G. (William George),
         1907-1979",Tribal law and justice: a report on the Santal,1984,537,Monograph,Santal,Asia,South Asia,intensive agriculturalists,,"627,692,835,837",https://ehrafworldcultures.yale.edu/sres/3eaef633-fe63-4edd-926d-7e956c18313c
5ecd8f88-7374-4213-a0ae-bd9bfbf53842,"Archer, W. G. (William George),
         1907-1979",Tribal law and justice: a report on the Santal,1984,538,Monograph,Santal,Asia,South Asia,intensive agriculturalists,,"627,692,835",https://ehrafworldcultures.yale.edu/sres/5ecd8f88-7374-4213-a0ae-bd9bfbf53842
d3e5cc18-5307-4be0-ba97-5bdd6c77fefc,"Archer, W. G. (William George),
         1907-1979",Tribal law and justice: a report on the Santal,1984,538,Monograph,Santal,Asia,South Asia,intensive agriculturalists,,"627,692,837",https://ehrafworldcultures.yale.edu/sres/d3e5cc18-5307-4be0-ba97-5bdd6c77fefc
4de69934-85c7-4969-99a2-10a3e26e6d69,"Archer, W. G. (William George),
         1907-1979",Tribal law and justice: a report on the Santal,1984,538,Monograph,Santal,Asia,South Asia,intensive agriculturalists,,"627,692",https://ehrafworldcultures.yale.edu/sres/4de69934-85c7-4969-99a2-10a3e26e6d69
71b6086e-f7ff-4a70-a997-eeb06fb01b3c,"Archer, W. G. (William George),
         1907-1979",Tribal law and justice: a report on the Santal,1984,539,Monograph,Santal,Asia,South Asia,intensive agriculturalists,,"627,692",https://ehrafworldcultures.yale.edu/sres/71b6086e-f7ff-4a70-a997-eeb06fb01b3c
fc6b2f3c-dc9f-4c92-bcf8-349ac384a5aa,"Archer, W. G. (William George),
         1907-1979",Tribal law and justice: a report on the Santal,1984,539,Monograph,Santal,Asia,South Asia,intensive agriculturalists,,"627,692,695",https://ehrafworldcultures.yale.edu/sres/fc6b2f3c-dc9f-4c92-bcf8-349ac384a5aa
d95d2cd6-ee07-4127-af25-fad2aaddb275,"Archer, W. G. (William George),
         1907-1979",Tribal law and justice: a report on the Santal,1984,541,Monograph,Santal,Asia,South Asia,intensive agriculturalists,,"627,634,692,835",https://ehrafworldcultures.yale.edu/sres/d95d2cd6-ee07-4127-af25-fad2aaddb275
9d0a6b77-13ff-4a80-b716-fc7181534547,"Archer, W. G. (William George),
         1907-1979",Tribal law and justice: a report on the Santal,1984,541,Monograph,Santal,Asia,South Asia,intensive agriculturalists,,"627,634,692,835",https://ehrafworldcultures.yale.edu/sres/9d0a6b77-13ff-4a80-b716-fc7181534547
90051681-8bec-4963-8751-112276e73c35,"Archer, W. G. (William George),
         1907-1979",Tribal law and justice: a report on the Santal,1984,541,Monograph,Santal,Asia,South Asia,intensive agriculturalists,,"627,634,692,835",https://ehrafworldcultures.yale.edu/sres/90051681-8bec-4963-8751-112276e73c35
d76937e6-d80e-42d0-a7fe-856b56f6ff3a,"Archer, W. G. (William George),
         1907-1979",Tribal law and justice: a report on the Santal,1984,541,Monograph,Santal,Asia,South Asia,intensive agriculturalists,,"627,634,692,835",https://ehrafworldcultures.yale.edu/sres/d76937e6-d80e-42d0-a7fe-856b56f6ff3a
1c16cfbc-1eba-4dbf-8aee-1b7d2126f9cb,"Archer, W. G. (William George),
         1907-1979",Tribal law and justice: a report on the Santal,1984,543,Monograph,Santal,Asia,South Asia,intensive agriculturalists,,"627,634",https://ehrafworldcultures.yale.edu/sres/1c16cfbc-1eba-4dbf-8aee-1b7d2126f9cb
d600150a-ec0f-4335-8c7b-56b16d321d2c,"Archer, W. G. (William George),
         1907-1979",Tribal law and justice: a report on the Santal,1984,604,Monograph,Santal,Asia,South Asia,intensive agriculturalists,,"627,634,671,691,692",https://ehrafworldcultures.yale.edu/sres/d600150a-ec0f-4335-8c7b-56b16d321d2c
b3fd534f-cc1e-43c6-94c7-9fcf35668db7,"Archer, W. G. (William George),
         1907-1979",Tribal law and justice: a report on the Santal,1984,666,Monograph,Santal,Asia,South Asia,intensive agriculturalists,,"627,692",https://ehrafworldcultures.yale.edu/sres/b3fd534f-cc1e-43c6-94c7-9fcf35668db7
0daf2791-7042-4445-86e6-8f6bf9431282,"Archer, W. G. (William George),
         1907-1979",Tribal law and justice: a report on the Santal,1984,666,Monograph,Santal,Asia,South Asia,intensive agriculturalists,,"627,692",https://ehrafworldcultures.yale.edu/sres/0daf2791-7042-4445-86e6-8f6bf9431282
1040c407-a3d9-4e57-bc6f-88e9e2653ddd,"Archer, W. G. (William George),
         1907-1979",Tribal law and justice: a report on the Santal,1984,666,Monograph,Santal,Asia,South Asia,intensive agriculturalists,,"627,692,695",https://ehrafworldcultures.yale.edu/sres/1040c407-a3d9-4e57-bc6f-88e9e2653ddd
9d3d51be-f645-4677-80c3-7c6e93694252,"Archer, W. G. (William George),
         1907-1979",Tribal law and justice: a report on the Santal,1984,666,Monograph,Santal,Asia,South Asia,intensive agriculturalists,,"627,692,695",https://ehrafworldcultures.yale.edu/sres/9d3d51be-f645-4677-80c3-7c6e93694252
4849046d-6584-4a56-a3f2-c7f5be1d6f45,"Archer, W. G. (William George),
         1907-1979",Tribal law and justice: a report on the Santal,1984,666,Monograph,Santal,Asia,South Asia,intensive agriculturalists,,"627,657,692",https://ehrafworldcultures.yale.edu/sres/4849046d-6584-4a56-a3f2-c7f5be1d6f45
5aa84e8f-67ee-4c05-aee3-7a34da40f260,"Archer, W. G. (William George),
         1907-1979",Tribal law and justice: a report on the Santal,1984,667,Monograph,Santal,Asia,South Asia,intensive agriculturalists,,"627,657,692",https://ehrafworldcultures.yale.edu/sres/5aa84e8f-67ee-4c05-aee3-7a34da40f260
25ce4d25-8ee4-4d67-b652-ccfc43dec548,"Archer, W. G. (William George),
         1907-1979",Tribal law and justice: a report on the Santal,1984,675,Monograph,Santal,Asia,South Asia,intensive agriculturalists,,"428,627,691",https://ehrafworldcultures.yale.edu/sres/25ce4d25-8ee4-4d67-b652-ccfc43dec548
9181c400-00dd-47e7-af37-fd6b5b571890,"Archer, W. G. (William George),
         1907-1979",Tribal law and justice: a report on the Santal,1984,693,Monograph,Santal,Asia,South Asia,intensive agriculturalists,,"627,634,692,695",https://ehrafworldcultures.yale.edu/sres/9181c400-00dd-47e7-af37-fd6b5b571890
490272ae-b633-44fb-aa81-cab11089af3d,"Archer, W. G. (William George),
         1907-1979",Tribal law and justice: a report on the Santal,1984,694,Monograph,Santal,Asia,South Asia,intensive agriculturalists,,"627,692",https://ehrafworldcultures.yale.edu/sres/490272ae-b633-44fb-aa81-cab11089af3d
00c2adbb-ea44-452f-ac00-20f139286a04,"Archer, W. G. (William George),
         1907-1979",Tribal law and justice: a report on the Santal,1984,741,Monograph,Santal,Asia,South Asia,intensive agriculturalists,,"113,421,422,612,623,627,690,692,769,776",https://ehrafworldcultures.yale.edu/sres/00c2adbb-ea44-452f-ac00-20f139286a04
05696caf-79c3-4bf1-9a0d-ef53c5accbd4,"Archer, W. G. (William George),
         1907-1979",Tribal law and justice: a report on the Santal,1984,4,Monograph,Santal,Asia,South Asia,intensive agriculturalists,,"622,627,692,778",https://ehrafworldcultures.yale.edu/sres/05696caf-79c3-4bf1-9a0d-ef53c5accbd4
ad60b248-74fc-45af-86dd-1b0eeb5616bf,"Archer, W. G. (William George),
         1907-1979",Tribal law and justice: a report on the Santal,1984,96,Monograph,Santal,Asia,South Asia,intensive agriculturalists,,"429,596,627,672",https://ehrafworldcultures.yale.edu/sres/ad60b248-74fc-45af-86dd-1b0eeb5616bf
e0ee87e8-2540-4543-bf6c-324a6dddc211,"Archer, W. G. (William George),
         1907-1979",Tribal law and justice: a report on the Santal,1984,96,Monograph,Santal,Asia,South Asia,intensive agriculturalists,,"429,596,627,672",https://ehrafworldcultures.yale.edu/sres/e0ee87e8-2540-4543-bf6c-324a6dddc211
3b29ccb0-ea53-46e9-b6a9-1513effec405,"Archer, W. G. (William George),
         1907-1979",Tribal law and justice: a report on the Santal,1984,121,Monograph,Santal,Asia,South Asia,intensive agriculturalists,,"224,578,623,627",https://ehrafworldcultures.yale.edu/sres/3b29ccb0-ea53-46e9-b6a9-1513effec405
9d235bed-f3f4-484a-a70f-25b1e965ceee,"Archer, W. G. (William George),
         1907-1979",Tribal law and justice: a report on the Santal,1984,121,Monograph,Santal,Asia,South Asia,intensive agriculturalists,,"224,574,578,627",https://ehrafworldcultures.yale.edu/sres/9d235bed-f3f4-484a-a70f-25b1e965ceee
7f2fc8f6-83da-47eb-aa62-f51143afcc53,"Archer, W. G. (William George),
         1907-1979",Tribal law and justice: a report on the Santal,1984,122,Monograph,Santal,Asia,South Asia,intensive agriculturalists,,"178,578,627",https://ehrafworldcultures.yale.edu/sres/7f2fc8f6-83da-47eb-aa62-f51143afcc53
a1986529-1288-41af-846f-84dce5bda123,"Archer, W. G. (William George),
         1907-1979",Tribal law and justice: a report on the Santal,1984,122,Monograph,Santal,Asia,South Asia,intensive agriculturalists,,"578,622,627",https://ehrafworldcultures.yale.edu/sres/a1986529-1288-41af-846f-84dce5bda123
84e64c1e-bc17-409a-9f7e-736ad2840bbf,"Archer, W. G. (William George),
         1907-1979",Tribal law and justice: a report on the Santal,1984,164,Monograph,Santal,Asia,South Asia,intensive agriculturalists,,"592,593,595,623,627",https://ehrafworldcultures.yale.edu/sres/84e64c1e-bc17-409a-9f7e-736ad2840bbf
0ccb66ba-0a90-4d27-b438-ad50f30e064a,"Archer, W. G. (William George),
         1907-1979",Tribal law and justice: a report on the Santal,1984,165,Monograph,Santal,Asia,South Asia,intensive agriculturalists,,"592,593,595,623,627",https://ehrafworldcultures.yale.edu/sres/0ccb66ba-0a90-4d27-b438-ad50f30e064a
d08652b6-a9f3-44e0-8cf1-7566c0794359,"Archer, W. G. (William George),
         1907-1979",Tribal law and justice: a report on the Santal,1984,459,Monograph,Santal,Asia,South Asia,intensive agriculturalists,,"578,627",https://ehrafworldcultures.yale.edu/sres/d08652b6-a9f3-44e0-8cf1-7566c0794359
088af84f-901a-4443-9c06-68dad183af87,"Archer, W. G. (William George),
         1907-1979",Tribal law and justice: a report on the Santal,1984,459,Monograph,Santal,Asia,South Asia,intensive agriculturalists,,"578,627",https://ehrafworldcultures.yale.edu/sres/088af84f-901a-4443-9c06-68dad183af87
b866fb06-de14-457d-99c0-864e8b023c39,"Archer, W. G. (William George),
         1907-1979",Tribal law and justice: a report on the Santal,1984,478,Monograph,Santal,Asia,South Asia,intensive agriculturalists,,"627,782,784",https://ehrafworldcultures.yale.edu/sres/b866fb06-de14-457d-99c0-864e8b023c39
94a7b534-728c-4839-833d-767ab84f530c,"Archer, W. G. (William George),
         1907-1979",Tribal law and justice: a report on the Santal,1984,478,Monograph,Santal,Asia,South Asia,intensive agriculturalists,,"627,782,784",https://ehrafworldcultures.yale.edu/sres/94a7b534-728c-4839-833d-767ab84f530c
88321a96-002b-4d5b-8e89-f5538cfffcdd,"Carrin-Bouez, Marine",Inner frontiers: Santal responses to acculturation,1991,44,Monograph,Santal,Asia,South Asia,intensive agriculturalists,,"681,684,796,835",https://ehrafworldcultures.yale.edu/sres/88321a96-002b-4d5b-8e89-f5538cfffcdd
38e63fd7-d179-43ca-beb5-16bfbb105053,"Carrin-Bouez, Marine",Inner frontiers: Santal responses to acculturation,1991,45,Monograph,Santal,Asia,South Asia,intensive agriculturalists,,"178,582,681,764",https://ehrafworldcultures.yale.edu/sres/38e63fd7-d179-43ca-beb5-16bfbb105053
683bb475-ed88-4f80-b6bb-49ad70b3d296,"Carrin-Bouez, Marine",Inner frontiers: Santal responses to acculturation,1991,46,Monograph,Santal,Asia,South Asia,intensive agriculturalists,,684,https://ehrafworldcultures.yale.edu/sres/683bb475-ed88-4f80-b6bb-49ad70b3d296
07ee306b-91b0-4839-a482-2e894522b2db,"Carrin-Bouez, Marine",Inner frontiers: Santal responses to acculturation,1991,46,Monograph,Santal,Asia,South Asia,intensive agriculturalists,,"684,769,776,835",https://ehrafworldcultures.yale.edu/sres/07ee306b-91b0-4839-a482-2e894522b2db
8db514f7-4cc7-4951-b72d-d573d0230d34,"Carrin-Bouez, Marine",Inner frontiers: Santal responses to acculturation,1991,48,Monograph,Santal,Asia,South Asia,intensive agriculturalists,,"648,684,782",https://ehrafworldcultures.yale.edu/sres/8db514f7-4cc7-4951-b72d-d573d0230d34
918ded63-0aaf-4916-970c-cec3b7247f5f,"Carrin-Bouez, Marine",Inner frontiers: Santal responses to acculturation,1991,55,Monograph,Santal,Asia,South Asia,intensive agriculturalists,,"683,754,756",https://ehrafworldcultures.yale.edu/sres/918ded63-0aaf-4916-970c-cec3b7247f5f
00226368-c2a5-4b31-97c8-347a67e42109,"Skrefsrud, Lars Olsen, 1840-1910",Traditions and institutions of the Santals,1942,82,Monograph,Santal,Asia,South Asia,intensive agriculturalists,,684,https://ehrafworldcultures.yale.edu/sres/00226368-c2a5-4b31-97c8-347a67e42109
214b00d4-606f-439a-a8f1-1ba0294e2ba3,"Skrefsrud, Lars Olsen, 1840-1910",Traditions and institutions of the Santals,1942,82,Monograph,Santal,Asia,South Asia,intensive agriculturalists,,684,https://ehrafworldcultures.yale.edu/sres/214b00d4-606f-439a-a8f1-1ba0294e2ba3
4fee2b6d-9c36-4688-af95-60cc2921e6d3,"Skrefsrud, Lars Olsen, 1840-1910",Traditions and institutions of the Santals,1942,82,Monograph,Santal,Asia,South Asia,intensive agriculturalists,,"563,684",https://ehrafworldcultures.yale.edu/sres/4fee2b6d-9c36-4688-af95-60cc2921e6d3
f34e1724-31c4-4985-8a52-a9ebd99e36ca,"Skrefsrud, Lars Olsen, 1840-1910",Traditions and institutions of the Santals,1942,85,Monograph,Santal,Asia,South Asia,intensive agriculturalists,,"684,783",https://ehrafworldcultures.yale.edu/sres/f34e1724-31c4-4985-8a52-a9ebd99e36ca
8ba779f1-e221-4bba-a1db-5abd9ea2d6c4,"Skrefsrud, Lars Olsen, 1840-1910",Traditions and institutions of the Santals,1942,85,Monograph,Santal,Asia,South Asia,intensive agriculturalists,,"684,783",https://ehrafworldcultures.yale.edu/sres/8ba779f1-e221-4bba-a1db-5abd9ea2d6c4
b5ea3b11-88f4-407f-ad4b-43ae53fd7e00,"Skrefsrud, Lars Olsen, 1840-1910",Traditions and institutions of the Santals,1942,85,Monograph,Santal,Asia,South Asia,intensive agriculturalists,,"684,783",https://ehrafworldcultures.yale.edu/sres/b5ea3b11-88f4-407f-ad4b-43ae53fd7e00
c62b6c4e-8c41-4f7c-8294-b95d9062990c,"Skrefsrud, Lars Olsen, 1840-1910",Traditions and institutions of the Santals,1942,85,Monograph,Santal,Asia,South Asia,intensive agriculturalists,,"684,783",https://ehrafworldcultures.yale.edu/sres/c62b6c4e-8c41-4f7c-8294-b95d9062990c
4350c2f4-7303-4093-97ab-299a88641c42,"Skrefsrud, Lars Olsen, 1840-1910",Traditions and institutions of the Santals,1942,105,Monograph,Santal,Asia,South Asia,intensive agriculturalists,,"624,684,882",https://ehrafworldcultures.yale.edu/sres/4350c2f4-7303-4093-97ab-299a88641c42
ad9814f8-7f54-4bc9-b528-fc96ced5d7ab,"Skrefsrud, Lars Olsen, 1840-1910",Traditions and institutions of the Santals,1942,105,Monograph,Santal,Asia,South Asia,intensive agriculturalists,,"624,684,882",https://ehrafworldcultures.yale.edu/sres/ad9814f8-7f54-4bc9-b528-fc96ced5d7ab
c1949705-860a-49d2-8e48-0590cf98fe4b,"Skrefsrud, Lars Olsen, 1840-1910",Traditions and institutions of the Santals,1942,129,Monograph,Santal,Asia,South Asia,intensive agriculturalists,,"682,684",https://ehrafworldcultures.yale.edu/sres/c1949705-860a-49d2-8e48-0590cf98fe4b
9601e62f-9b12-401d-9050-8a5655f7d7b2,"Skrefsrud, Lars Olsen, 1840-1910",Traditions and institutions of the Santals,1942,130,Monograph,Santal,Asia,South Asia,intensive agriculturalists,,"178,684",https://ehrafworldcultures.yale.edu/sres/9601e62f-9b12-401d-9050-8a5655f7d7b2
5465ea14-7ad0-4331-a030-640fe0fa85b4,"Skrefsrud, Lars Olsen, 1840-1910",Traditions and institutions of the Santals,1942,130,Monograph,Santal,Asia,South Asia,intensive agriculturalists,,"178,684",https://ehrafworldcultures.yale.edu/sres/5465ea14-7ad0-4331-a030-640fe0fa85b4
4e623c13-2271-4747-982a-ee7da0e39fe1,"Skrefsrud, Lars Olsen, 1840-1910",Traditions and institutions of the Santals,1942,130,Monograph,Santal,Asia,South Asia,intensive agriculturalists,,"178,683",https://ehrafworldcultures.yale.edu/sres/4e623c13-2271-4747-982a-ee7da0e39fe1
4c126bf3-c07c-4e73-b53d-44bdc2c8ccac,"Skrefsrud, Lars Olsen, 1840-1910",Traditions and institutions of the Santals,1942,130,Monograph,Santal,Asia,South Asia,intensive agriculturalists,,"178,683",https://ehrafworldcultures.yale.edu/sres/4c126bf3-c07c-4e73-b53d-44bdc2c8ccac
c2d076d1-691c-41cf-9ced-34aba0426c77,"Skrefsrud, Lars Olsen, 1840-1910",Traditions and institutions of the Santals,1942,130,Monograph,Santal,Asia,South Asia,intensive agriculturalists,,"178,684",https://ehrafworldcultures.yale.edu/sres/c2d076d1-691c-41cf-9ced-34aba0426c77
7791ce15-7dec-4587-abfd-dcdae7fcc2e7,"Skrefsrud, Lars Olsen, 1840-1910",Traditions and institutions of the Santals,1942,130,Monograph,Santal,Asia,South Asia,intensive agriculturalists,,"177,178,685",https://ehrafworldcultures.yale.edu/sres/7791ce15-7dec-4587-abfd-dcdae7fcc2e7
916a6d54-b060-4cd4-a8cc-de9cf06c1777,"Skrefsrud, Lars Olsen, 1840-1910",Traditions and institutions of the Santals,1942,130,Monograph,Santal,Asia,South Asia,intensive agriculturalists,,"178,682,684",https://ehrafworldcultures.yale.edu/sres/916a6d54-b060-4cd4-a8cc-de9cf06c1777
5c432ab9-e5d0-4b73-9e63-6c6573e95611,"Skrefsrud, Lars Olsen, 1840-1910",Traditions and institutions of the Santals,1942,131,Monograph,Santal,Asia,South Asia,intensive agriculturalists,,685,https://ehrafworldcultures.yale.edu/sres/5c432ab9-e5d0-4b73-9e63-6c6573e95611
fea9faa1-203c-408a-9d43-e6b5784f74ff,"Skrefsrud, Lars Olsen, 1840-1910",Traditions and institutions of the Santals,1942,131,Monograph,Santal,Asia,South Asia,intensive agriculturalists,,688,https://ehrafworldcultures.yale.edu/sres/fea9faa1-203c-408a-9d43-e6b5784f74ff
e87f04b4-83c7-4529-b53d-222604ed628b,"Skrefsrud, Lars Olsen, 1840-1910",Traditions and institutions of the Santals,1942,131,Monograph,Santal,Asia,South Asia,intensive agriculturalists,,"177,178,685,829",https://ehrafworldcultures.yale.edu/sres/e87f04b4-83c7-4529-b53d-222604ed628b
59ae9f4c-bff9-4534-b30b-4f6137374a81,"Kochar, Vijay, 1934-",Social organization among the Santal,1970,27,Monograph,Santal,Asia,South Asia,intensive agriculturalists,,"178,634,681,684,831",https://ehrafworldcultures.yale.edu/sres/59ae9f4c-bff9-4534-b30b-4f6137374a81
3267382a-84b7-4b75-8817-d56b6eadb239,"Kochar, Vijay, 1934-",Social organization among the Santal,1970,28,Monograph,Santal,Asia,South Asia,intensive agriculturalists,,"578,684",https://ehrafworldcultures.yale.edu/sres/3267382a-84b7-4b75-8817-d56b6eadb239
1afb5cd5-47a4-4ade-a399-66ea3758e2ad,"Kochar, Vijay, 1934-",Social organization among the Santal,1970,28,Monograph,Santal,Asia,South Asia,intensive agriculturalists,,"186,583,619,684,835,848,851",https://ehrafworldcultures.yale.edu/sres/1afb5cd5-47a4-4ade-a399-66ea3758e2ad
a49dffd9-aa5b-436c-b307-3549e49060ed,"Kochar, Vijay, 1934-",Social organization among the Santal,1970,86,Monograph,Santal,Asia,South Asia,intensive agriculturalists,,"586,623,684",https://ehrafworldcultures.yale.edu/sres/a49dffd9-aa5b-436c-b307-3549e49060ed
13108954-37e0-43a5-9467-0180d22187aa,"Kochar, Vijay, 1934-",Social organization among the Santal,1970,86,Monograph,Santal,Asia,South Asia,intensive agriculturalists,,"582,587,595,684",https://ehrafworldcultures.yale.edu/sres/13108954-37e0-43a5-9467-0180d22187aa
5236d181-2d9f-4c01-a724-ce96bb13c2f5,"Biswas, Prophilla Chander, 1904-",Santals of the Santal Parganas,1956,59,Monograph,Santal,Asia,South Asia,intensive agriculturalists,,"159,533,539,585,593,683",https://ehrafworldcultures.yale.edu/sres/5236d181-2d9f-4c01-a724-ce96bb13c2f5
1cccb99b-97d6-4799-9d2a-5c88b34a4e3d,"Biswas, Prophilla Chander, 1904-",Santals of the Santal Parganas,1956,59,Monograph,Santal,Asia,South Asia,intensive agriculturalists,,"159,533,539,585,593,683",https://ehrafworldcultures.yale.edu/sres/1cccb99b-97d6-4799-9d2a-5c88b34a4e3d
fabbf01d-b7e6-4487-a291-c6c632e88be3,"Biswas, Prophilla Chander, 1904-",Santals of the Santal Parganas,1956,59,Monograph,Santal,Asia,South Asia,intensive agriculturalists,,"159,533,539,585,593,683",https://ehrafworldcultures.yale.edu/sres/fabbf01d-b7e6-4487-a291-c6c632e88be3
76ffa0af-a376-4bb0-b2a4-41e0970f401d,"Biswas, Prophilla Chander, 1904-",Santals of the Santal Parganas,1956,59,Monograph,Santal,Asia,South Asia,intensive agriculturalists,,"159,533,539,585,593,683",https://ehrafworldcultures.yale.edu/sres/76ffa0af-a376-4bb0-b2a4-41e0970f401d
08840d5f-71e1-4230-b6a8-6897999c0e3c,"Biswas, Prophilla Chander, 1904-",Santals of the Santal Parganas,1956,60,Monograph,Santal,Asia,South Asia,intensive agriculturalists,,"159,533,539,585,593,683",https://ehrafworldcultures.yale.edu/sres/08840d5f-71e1-4230-b6a8-6897999c0e3c
baf8507b-cde6-4872-9deb-11c81373b411,"Biswas, Prophilla Chander, 1904-",Santals of the Santal Parganas,1956,60,Monograph,Santal,Asia,South Asia,intensive agriculturalists,,"159,593,683",https://ehrafworldcultures.yale.edu/sres/baf8507b-cde6-4872-9deb-11c81373b411
b1a22248-5072-4828-b48e-362f539bc363,"Biswas, Prophilla Chander, 1904-",Santals of the Santal Parganas,1956,74,Monograph,Santal,Asia,South Asia,intensive agriculturalists,,"582,584,684,836,848",https://ehrafworldcultures.yale.edu/sres/b1a22248-5072-4828-b48e-362f539bc363
22224ec2-ea98-4b8c-816d-315ce6b27643,"Biswas, Prophilla Chander, 1904-",Santals of the Santal Parganas,1956,120,Monograph,Santal,Asia,South Asia,intensive agriculturalists,,683,https://ehrafworldcultures.yale.edu/sres/22224ec2-ea98-4b8c-816d-315ce6b27643
aafcbcf8-1115-472f-bf52-7d076f9a41b8,"Biswas, Prophilla Chander, 1904-",Santals of the Santal Parganas,1956,120,Monograph,Santal,Asia,South Asia,intensive agriculturalists,,"683,692",https://ehrafworldcultures.yale.edu/sres/aafcbcf8-1115-472f-bf52-7d076f9a41b8
7be7aa2b-9b40-44cc-86aa-65ca154982c6,"Biswas, Prophilla Chander, 1904-",Santals of the Santal Parganas,1956,134,Monograph,Santal,Asia,South Asia,intensive agriculturalists,,"683,754,755",https://ehrafworldcultures.yale.edu/sres/7be7aa2b-9b40-44cc-86aa-65ca154982c6
5a06201c-da2e-4ddb-bd60-99a0e59a994f,"Biswas, Prophilla Chander, 1904-",Santals of the Santal Parganas,1956,151,Monograph,Santal,Asia,South Asia,intensive agriculturalists,,"624,684,686",https://ehrafworldcultures.yale.edu/sres/5a06201c-da2e-4ddb-bd60-99a0e59a994f
dea26026-f639-4812-8d55-619874a97865,"Archer, W. G. (William George),
         1907-1979","The hill of flutes: life, love, and poetry in tribal India : a
         portrait of the Santals",1974,50,Monograph,Santal,Asia,South Asia,intensive agriculturalists,,"195,577,578,689,831",https://ehrafworldcultures.yale.edu/sres/dea26026-f639-4812-8d55-619874a97865
c65e4ae8-d6c5-4358-8a7d-89d0bd19c08f,"Archer, W. G. (William George),
         1907-1979","The hill of flutes: life, love, and poetry in tribal India : a
         portrait of the Santals",1974,50,Monograph,Santal,Asia,South Asia,intensive agriculturalists,,"195,577,578,689",https://ehrafworldcultures.yale.edu/sres/c65e4ae8-d6c5-4358-8a7d-89d0bd19c08f
c6db739e-a3c7-4087-90bf-b741e60eb959,"Archer, W. G. (William George),
         1907-1979","The hill of flutes: life, love, and poetry in tribal India : a
         portrait of the Santals",1974,50,Monograph,Santal,Asia,South Asia,intensive agriculturalists,,"195,577,578,689",https://ehrafworldcultures.yale.edu/sres/c6db739e-a3c7-4087-90bf-b741e60eb959
50f3af21-821d-4ff5-b2f0-a2ea96a8497c,"Archer, W. G. (William George),
         1907-1979","The hill of flutes: life, love, and poetry in tribal India : a
         portrait of the Santals",1974,51,Monograph,Santal,Asia,South Asia,intensive agriculturalists,,"195,577,578,689",https://ehrafworldcultures.yale.edu/sres/50f3af21-821d-4ff5-b2f0-a2ea96a8497c
f5c63689-e8f4-466d-a74e-d73d64e17e78,"Archer, W. G. (William George),
         1907-1979","The hill of flutes: life, love, and poetry in tribal India : a
         portrait of the Santals",1974,51,Monograph,Santal,Asia,South Asia,intensive agriculturalists,,"195,577,578,689",https://ehrafworldcultures.yale.edu/sres/f5c63689-e8f4-466d-a74e-d73d64e17e78
74844a35-17ec-4ad9-b3a3-db7da964ccee,"Archer, W. G. (William George),
         1907-1979","The hill of flutes: life, love, and poetry in tribal India : a
         portrait of the Santals",1974,51,Monograph,Santal,Asia,South Asia,intensive agriculturalists,,"195,577,578,689",https://ehrafworldcultures.yale.edu/sres/74844a35-17ec-4ad9-b3a3-db7da964ccee
7127632f-982d-4a90-a344-73ebc916652c,"Archer, W. G. (William George),
         1907-1979","The hill of flutes: life, love, and poetry in tribal India : a
         portrait of the Santals",1974,51,Monograph,Santal,Asia,South Asia,intensive agriculturalists,,"195,577,578,689",https://ehrafworldcultures.yale.edu/sres/7127632f-982d-4a90-a344-73ebc916652c
3eb866ba-9b43-4bfd-a795-6f9580ac0e3a,"Archer, W. G. (William George),
         1907-1979","The hill of flutes: life, love, and poetry in tribal India : a
         portrait of the Santals",1974,51,Monograph,Santal,Asia,South Asia,intensive agriculturalists,,"577,578,684,689",https://ehrafworldcultures.yale.edu/sres/3eb866ba-9b43-4bfd-a795-6f9580ac0e3a
04c1e64b-62f6-48d6-b7b4-d781e4429e83,"Archer, W. G. (William George),
         1907-1979","The hill of flutes: life, love, and poetry in tribal India : a
         portrait of the Santals",1974,52,Monograph,Santal,Asia,South Asia,intensive agriculturalists,,"195,577,578,689,754",https://ehrafworldcultures.yale.edu/sres/04c1e64b-62f6-48d6-b7b4-d781e4429e83
83cce85a-398f-4fea-a21f-77c2ed265b0e,"Archer, W. G. (William George),
         1907-1979","The hill of flutes: life, love, and poetry in tribal India : a
         portrait of the Santals",1974,52,Monograph,Santal,Asia,South Asia,intensive agriculturalists,,"195,577,578,689",https://ehrafworldcultures.yale.edu/sres/83cce85a-398f-4fea-a21f-77c2ed265b0e
c9f1495e-0aff-4dc3-b13f-a2bc17ff9cbe,"Archer, W. G. (William George),
         1907-1979","The hill of flutes: life, love, and poetry in tribal India : a
         portrait of the Santals",1974,79,Monograph,Santal,Asia,South Asia,intensive agriculturalists,,"195,689,831",https://ehrafworldcultures.yale.edu/sres/c9f1495e-0aff-4dc3-b13f-a2bc17ff9cbe
8194b5d8-1aa8-420e-b878-950d0080fc46,"Archer, W. G. (William George),
         1907-1979","The hill of flutes: life, love, and poetry in tribal India : a
         portrait of the Santals",1974,79,Monograph,Santal,Asia,South Asia,intensive agriculturalists,,"195,689,831",https://ehrafworldcultures.yale.edu/sres/8194b5d8-1aa8-420e-b878-950d0080fc46
055ff87f-7061-4feb-b133-e3e669fe4ba2,"Archer, W. G. (William George),
         1907-1979","The hill of flutes: life, love, and poetry in tribal India : a
         portrait of the Santals",1974,79,Monograph,Santal,Asia,South Asia,intensive agriculturalists,,"195,689,831",https://ehrafworldcultures.yale.edu/sres/055ff87f-7061-4feb-b133-e3e669fe4ba2
2c620e07-1532-45a7-9880-53016f41e511,"Archer, W. G. (William George),
         1907-1979","The hill of flutes: life, love, and poetry in tribal India : a
         portrait of the Santals",1974,80,Monograph,Santal,Asia,South Asia,intensive agriculturalists,,"291,535,689,831",https://ehrafworldcultures.yale.edu/sres/2c620e07-1532-45a7-9880-53016f41e511
037662a4-158d-427a-a914-184215379002,"Archer, W. G. (William George),
         1907-1979","The hill of flutes: life, love, and poetry in tribal India : a
         portrait of the Santals",1974,80,Monograph,Santal,Asia,South Asia,intensive agriculturalists,,"291,535,689,831",https://ehrafworldcultures.yale.edu/sres/037662a4-158d-427a-a914-184215379002
4317b023-6d15-4a83-8c69-2d8e11e5a2c5,"Archer, W. G. (William George),
         1907-1979","The hill of flutes: life, love, and poetry in tribal India : a
         portrait of the Santals",1974,80,Monograph,Santal,Asia,South Asia,intensive agriculturalists,,"291,535,689,831",https://ehrafworldcultures.yale.edu/sres/4317b023-6d15-4a83-8c69-2d8e11e5a2c5
5d2079ed-b245-4d0e-ae82-8fbae9e480ff,"Archer, W. G. (William George),
         1907-1979","The hill of flutes: life, love, and poetry in tribal India : a
         portrait of the Santals",1974,80,Monograph,Santal,Asia,South Asia,intensive agriculturalists,,"291,535,689,831",https://ehrafworldcultures.yale.edu/sres/5d2079ed-b245-4d0e-ae82-8fbae9e480ff
ad8e5d58-eeba-457a-8232-a8441f760efe,"Archer, W. G. (William George),
         1907-1979","The hill of flutes: life, love, and poetry in tribal India : a
         portrait of the Santals",1974,81,Monograph,Santal,Asia,South Asia,intensive agriculturalists,,"521,571,689,834",https://ehrafworldcultures.yale.edu/sres/ad8e5d58-eeba-457a-8232-a8441f760efe
49eb7c52-1022-488e-a2cf-7c1ed673fd0d,"Archer, W. G. (William George),
         1907-1979","The hill of flutes: life, love, and poetry in tribal India : a
         portrait of the Santals",1974,81,Monograph,Santal,Asia,South Asia,intensive agriculturalists,,"571,689,834",https://ehrafworldcultures.yale.edu/sres/49eb7c52-1022-488e-a2cf-7c1ed673fd0d
3fefcea9-f8c0-4c69-8220-8007fac60056,"Archer, W. G. (William George),
         1907-1979","The hill of flutes: life, love, and poetry in tribal India : a
         portrait of the Santals",1974,81,Monograph,Santal,Asia,South Asia,intensive agriculturalists,,"562,571,585,689,834",https://ehrafworldcultures.yale.edu/sres/3fefcea9-f8c0-4c69-8220-8007fac60056
4c4d5e71-5a56-4dad-9c39-d75db42c7725,"Archer, W. G. (William George),
         1907-1979","The hill of flutes: life, love, and poetry in tribal India : a
         portrait of the Santals",1974,81,Monograph,Santal,Asia,South Asia,intensive agriculturalists,,"533,539,562,689,834",https://ehrafworldcultures.yale.edu/sres/4c4d5e71-5a56-4dad-9c39-d75db42c7725
4c292b57-a9c9-476b-9f7e-9b88d300f766,"Archer, W. G. (William George),
         1907-1979","The hill of flutes: life, love, and poetry in tribal India : a
         portrait of the Santals",1974,83,Monograph,Santal,Asia,South Asia,intensive agriculturalists,,"607,689",https://ehrafworldcultures.yale.edu/sres/4c292b57-a9c9-476b-9f7e-9b88d300f766
fdff9e80-c3fa-4a8d-9a2f-9436ac0e0ccc,"Archer, W. G. (William George),
         1907-1979","The hill of flutes: life, love, and poetry in tribal India : a
         portrait of the Santals",1974,83,Monograph,Santal,Asia,South Asia,intensive agriculturalists,,"607,689",https://ehrafworldcultures.yale.edu/sres/fdff9e80-c3fa-4a8d-9a2f-9436ac0e0ccc
5397ceab-c153-4b9f-ad4e-aaed78c4e0d9,"Archer, W. G. (William George),
         1907-1979","The hill of flutes: life, love, and poetry in tribal India : a
         portrait of the Santals",1974,83,Monograph,Santal,Asia,South Asia,intensive agriculturalists,,"607,683,689",https://ehrafworldcultures.yale.edu/sres/5397ceab-c153-4b9f-ad4e-aaed78c4e0d9
2218585b-c3ae-49db-b887-061bb4f002f5,"Archer, W. G. (William George),
         1907-1979","The hill of flutes: life, love, and poetry in tribal India : a
         portrait of the Santals",1974,84,Monograph,Santal,Asia,South Asia,intensive agriculturalists,,"264,593,689,784",https://ehrafworldcultures.yale.edu/sres/2218585b-c3ae-49db-b887-061bb4f002f5
81431087-e3ad-42dc-b5dc-b134eda718c8,"Archer, W. G. (William George),
         1907-1979","The hill of flutes: life, love, and poetry in tribal India : a
         portrait of the Santals",1974,88,Monograph,Santal,Asia,South Asia,intensive agriculturalists,,"684,836",https://ehrafworldcultures.yale.edu/sres/81431087-e3ad-42dc-b5dc-b134eda718c8
2b3cee94-da3d-41b2-b078-5da7fd10fb2c,"Archer, W. G. (William George),
         1907-1979","The hill of flutes: life, love, and poetry in tribal India : a
         portrait of the Santals",1974,88,Monograph,Santal,Asia,South Asia,intensive agriculturalists,,"684,836",https://ehrafworldcultures.yale.edu/sres/2b3cee94-da3d-41b2-b078-5da7fd10fb2c
6a3316aa-d3b3-404a-a049-fdc040c3f840,"Archer, W. G. (William George),
         1907-1979","The hill of flutes: life, love, and poetry in tribal India : a
         portrait of the Santals",1974,88,Monograph,Santal,Asia,South Asia,intensive agriculturalists,,"684,836",https://ehrafworldcultures.yale.edu/sres/6a3316aa-d3b3-404a-a049-fdc040c3f840
63dac116-94f0-4bbe-926c-9a5f8ec4eec9,"Archer, W. G. (William George),
         1907-1979","The hill of flutes: life, love, and poetry in tribal India : a
         portrait of the Santals",1974,88,Monograph,Santal,Asia,South Asia,intensive agriculturalists,,"684,836",https://ehrafworldcultures.yale.edu/sres/63dac116-94f0-4bbe-926c-9a5f8ec4eec9
892176c8-c91f-423f-9848-37ba8d73051a,"Archer, W. G. (William George),
         1907-1979","The hill of flutes: life, love, and poetry in tribal India : a
         portrait of the Santals",1974,88,Monograph,Santal,Asia,South Asia,intensive agriculturalists,,"684,836",https://ehrafworldcultures.yale.edu/sres/892176c8-c91f-423f-9848-37ba8d73051a
1520ccb1-b4f2-424c-be13-7156044c4ef2,"Archer, W. G. (William George),
         1907-1979","The hill of flutes: life, love, and poetry in tribal India : a
         portrait of the Santals",1974,88,Monograph,Santal,Asia,South Asia,intensive agriculturalists,,"684,836",https://ehrafworldcultures.yale.edu/sres/1520ccb1-b4f2-424c-be13-7156044c4ef2
80d82b08-bb5a-4288-8384-b7a692d62f65,"Archer, W. G. (William George),
         1907-1979","The hill of flutes: life, love, and poetry in tribal India : a
         portrait of the Santals",1974,88,Monograph,Santal,Asia,South Asia,intensive agriculturalists,,"684,836,839",https://ehrafworldcultures.yale.edu/sres/80d82b08-bb5a-4288-8384-b7a692d62f65
b544f721-830b-4f78-9233-c32e525d9d34,"Archer, W. G. (William George),
         1907-1979","The hill of flutes: life, love, and poetry in tribal India : a
         portrait of the Santals",1974,89,Monograph,Santal,Asia,South Asia,intensive agriculturalists,,"183,681",https://ehrafworldcultures.yale.edu/sres/b544f721-830b-4f78-9233-c32e525d9d34
cbf49b55-89d6-4a7e-9b19-107ab163bbf2,"Archer, W. G. (William George),
         1907-1979","The hill of flutes: life, love, and poetry in tribal India : a
         portrait of the Santals",1974,89,Monograph,Santal,Asia,South Asia,intensive agriculturalists,,681,https://ehrafworldcultures.yale.edu/sres/cbf49b55-89d6-4a7e-9b19-107ab163bbf2
d6782c9c-9424-4909-8c77-757e32e2e74c,"Archer, W. G. (William George),
         1907-1979","The hill of flutes: life, love, and poetry in tribal India : a
         portrait of the Santals",1974,90,Monograph,Santal,Asia,South Asia,intensive agriculturalists,,681,https://ehrafworldcultures.yale.edu/sres/d6782c9c-9424-4909-8c77-757e32e2e74c
9ea10b47-b37f-477a-92e3-916c19304c36,"Archer, W. G. (William George),
         1907-1979","The hill of flutes: life, love, and poetry in tribal India : a
         portrait of the Santals",1974,90,Monograph,Santal,Asia,South Asia,intensive agriculturalists,,681,https://ehrafworldcultures.yale.edu/sres/9ea10b47-b37f-477a-92e3-916c19304c36
20c1256b-7452-419f-9a53-86572e495c56,"Archer, W. G. (William George),
         1907-1979","The hill of flutes: life, love, and poetry in tribal India : a
         portrait of the Santals",1974,90,Monograph,Santal,Asia,South Asia,intensive agriculturalists,,"681,684",https://ehrafworldcultures.yale.edu/sres/20c1256b-7452-419f-9a53-86572e495c56
4cd0caa8-0475-43ba-af56-fa063899c086,"Archer, W. G. (William George),
         1907-1979","The hill of flutes: life, love, and poetry in tribal India : a
         portrait of the Santals",1974,90,Monograph,Santal,Asia,South Asia,intensive agriculturalists,,"681,684",https://ehrafworldcultures.yale.edu/sres/4cd0caa8-0475-43ba-af56-fa063899c086
61003901-4326-44b4-a964-c153793eb9d0,"Archer, W. G. (William George),
         1907-1979","The hill of flutes: life, love, and poetry in tribal India : a
         portrait of the Santals",1974,90,Monograph,Santal,Asia,South Asia,intensive agriculturalists,,684,https://ehrafworldcultures.yale.edu/sres/61003901-4326-44b4-a964-c153793eb9d0
41a7e726-b279-4777-b87c-5957b09ffa56,"Archer, W. G. (William George),
         1907-1979","The hill of flutes: life, love, and poetry in tribal India : a
         portrait of the Santals",1974,91,Monograph,Santal,Asia,South Asia,intensive agriculturalists,,684,https://ehrafworldcultures.yale.edu/sres/41a7e726-b279-4777-b87c-5957b09ffa56
adfdb451-488f-400f-a952-06d564e55ad0,"Archer, W. G. (William George),
         1907-1979","The hill of flutes: life, love, and poetry in tribal India : a
         portrait of the Santals",1974,91,Monograph,Santal,Asia,South Asia,intensive agriculturalists,,"614,681,684",https://ehrafworldcultures.yale.edu/sres/adfdb451-488f-400f-a952-06d564e55ad0
d64555bf-6d9d-4542-8515-6d4ae6a87921,"Archer, W. G. (William George),
         1907-1979","The hill of flutes: life, love, and poetry in tribal India : a
         portrait of the Santals",1974,92,Monograph,Santal,Asia,South Asia,intensive agriculturalists,,"681,783",https://ehrafworldcultures.yale.edu/sres/d64555bf-6d9d-4542-8515-6d4ae6a87921
6a0efed7-4399-4404-b73f-26903ddef9d9,"Archer, W. G. (William George),
         1907-1979","The hill of flutes: life, love, and poetry in tribal India : a
         portrait of the Santals",1974,92,Monograph,Santal,Asia,South Asia,intensive agriculturalists,,"681,783,796",https://ehrafworldcultures.yale.edu/sres/6a0efed7-4399-4404-b73f-26903ddef9d9
70f51456-221e-4d73-8757-077dfce629c9,"Archer, W. G. (William George),
         1907-1979","The hill of flutes: life, love, and poetry in tribal India : a
         portrait of the Santals",1974,93,Monograph,Santal,Asia,South Asia,intensive agriculturalists,,"202,211,634,681,692,783,796",https://ehrafworldcultures.yale.edu/sres/70f51456-221e-4d73-8757-077dfce629c9
91555bd7-d31e-402a-b793-adefc46d6255,"Archer, W. G. (William George),
         1907-1979","The hill of flutes: life, love, and poetry in tribal India : a
         portrait of the Santals",1974,93,Monograph,Santal,Asia,South Asia,intensive agriculturalists,,"114,684,783,796",https://ehrafworldcultures.yale.edu/sres/91555bd7-d31e-402a-b793-adefc46d6255
906ba697-6f7e-4e55-b6a8-f730ab993e5c,"Archer, W. G. (William George),
         1907-1979","The hill of flutes: life, love, and poetry in tribal India : a
         portrait of the Santals",1974,94,Monograph,Santal,Asia,South Asia,intensive agriculturalists,,"684,692",https://ehrafworldcultures.yale.edu/sres/906ba697-6f7e-4e55-b6a8-f730ab993e5c
bae14e47-6bdb-4bfd-b48a-5e04e27fe705,"Archer, W. G. (William George),
         1907-1979","The hill of flutes: life, love, and poetry in tribal India : a
         portrait of the Santals",1974,94,Monograph,Santal,Asia,South Asia,intensive agriculturalists,,"684,692",https://ehrafworldcultures.yale.edu/sres/bae14e47-6bdb-4bfd-b48a-5e04e27fe705
828d6407-6a08-4967-ae0d-f5eef7e13116,"Archer, W. G. (William George),
         1907-1979","The hill of flutes: life, love, and poetry in tribal India : a
         portrait of the Santals",1974,94,Monograph,Santal,Asia,South Asia,intensive agriculturalists,,"684,692",https://ehrafworldcultures.yale.edu/sres/828d6407-6a08-4967-ae0d-f5eef7e13116
05fd8e5f-1856-483b-ba7c-1bc0e30efd81,"Archer, W. G. (William George),
         1907-1979","The hill of flutes: life, love, and poetry in tribal India : a
         portrait of the Santals",1974,94,Monograph,Santal,Asia,South Asia,intensive agriculturalists,,"684,692",https://ehrafworldcultures.yale.edu/sres/05fd8e5f-1856-483b-ba7c-1bc0e30efd81
62d0e232-6de2-48c3-af52-abfce51928f0,"Archer, W. G. (William George),
         1907-1979","The hill of flutes: life, love, and poetry in tribal India : a
         portrait of the Santals",1974,94,Monograph,Santal,Asia,South Asia,intensive agriculturalists,,"684,692",https://ehrafworldcultures.yale.edu/sres/62d0e232-6de2-48c3-af52-abfce51928f0
19538234-9cc6-4d10-8bda-45325a4d0530,"Archer, W. G. (William George),
         1907-1979","The hill of flutes: life, love, and poetry in tribal India : a
         portrait of the Santals",1974,94,Monograph,Santal,Asia,South Asia,intensive agriculturalists,,"684,692",https://ehrafworldcultures.yale.edu/sres/19538234-9cc6-4d10-8bda-45325a4d0530
7ac4ef64-8ef6-4033-9c04-82466b7914c4,"Archer, W. G. (William George),
         1907-1979","The hill of flutes: life, love, and poetry in tribal India : a
         portrait of the Santals",1974,94,Monograph,Santal,Asia,South Asia,intensive agriculturalists,,"684,692",https://ehrafworldcultures.yale.edu/sres/7ac4ef64-8ef6-4033-9c04-82466b7914c4
46912e57-e3bc-4ad4-a6f9-f997f98ed341,"Archer, W. G. (William George),
         1907-1979","The hill of flutes: life, love, and poetry in tribal India : a
         portrait of the Santals",1974,94,Monograph,Santal,Asia,South Asia,intensive agriculturalists,,"684,692",https://ehrafworldcultures.yale.edu/sres/46912e57-e3bc-4ad4-a6f9-f997f98ed341
5c514eb0-2cf6-48a5-b4cb-00fbac94545c,"Archer, W. G. (William George),
         1907-1979","The hill of flutes: life, love, and poetry in tribal India : a
         portrait of the Santals",1974,97,Monograph,Santal,Asia,South Asia,intensive agriculturalists,,"182,684,796",https://ehrafworldcultures.yale.edu/sres/5c514eb0-2cf6-48a5-b4cb-00fbac94545c
f2c9a3c0-8375-4844-b01c-8e1cd7064605,"Archer, W. G. (William George),
         1907-1979","The hill of flutes: life, love, and poetry in tribal India : a
         portrait of the Santals",1974,97,Monograph,Santal,Asia,South Asia,intensive agriculturalists,,"182,533,539,684,796",https://ehrafworldcultures.yale.edu/sres/f2c9a3c0-8375-4844-b01c-8e1cd7064605
9c3ca316-6878-4070-bed1-1ee829ab0487,"Archer, W. G. (William George),
         1907-1979","The hill of flutes: life, love, and poetry in tribal India : a
         portrait of the Santals",1974,97,Monograph,Santal,Asia,South Asia,intensive agriculturalists,,"182,533,539,684,796",https://ehrafworldcultures.yale.edu/sres/9c3ca316-6878-4070-bed1-1ee829ab0487
bad604cf-c7ad-4b38-bc0a-0ecd337172c5,"Archer, W. G. (William George),
         1907-1979","The hill of flutes: life, love, and poetry in tribal India : a
         portrait of the Santals",1974,97,Monograph,Santal,Asia,South Asia,intensive agriculturalists,,"182,533,539,684,796",https://ehrafworldcultures.yale.edu/sres/bad604cf-c7ad-4b38-bc0a-0ecd337172c5
e573a20b-57d9-405b-820d-3d2627f9d7b7,"Archer, W. G. (William George),
         1907-1979","The hill of flutes: life, love, and poetry in tribal India : a
         portrait of the Santals",1974,98,Monograph,Santal,Asia,South Asia,intensive agriculturalists,,"182,533,539,684,796",https://ehrafworldcultures.yale.edu/sres/e573a20b-57d9-405b-820d-3d2627f9d7b7
9aea8b9f-4b89-4198-9324-2d57d97202ea,"Archer, W. G. (William George),
         1907-1979","The hill of flutes: life, love, and poetry in tribal India : a
         portrait of the Santals",1974,100,Monograph,Santal,Asia,South Asia,intensive agriculturalists,,"681,796",https://ehrafworldcultures.yale.edu/sres/9aea8b9f-4b89-4198-9324-2d57d97202ea
fa34a05f-88a8-4418-97f8-d025de5f5b04,"Archer, W. G. (William George),
         1907-1979","The hill of flutes: life, love, and poetry in tribal India : a
         portrait of the Santals",1974,101,Monograph,Santal,Asia,South Asia,intensive agriculturalists,,"684,796",https://ehrafworldcultures.yale.edu/sres/fa34a05f-88a8-4418-97f8-d025de5f5b04
33784457-e7e1-41ed-9909-62913e2957e6,"Archer, W. G. (William George),
         1907-1979","The hill of flutes: life, love, and poetry in tribal India : a
         portrait of the Santals",1974,101,Monograph,Santal,Asia,South Asia,intensive agriculturalists,,"681,796",https://ehrafworldcultures.yale.edu/sres/33784457-e7e1-41ed-9909-62913e2957e6
911d23df-8e18-4e34-8edd-268160312c4a,"Archer, W. G. (William George),
         1907-1979","The hill of flutes: life, love, and poetry in tribal India : a
         portrait of the Santals",1974,101,Monograph,Santal,Asia,South Asia,intensive agriculturalists,,"681,796",https://ehrafworldcultures.yale.edu/sres/911d23df-8e18-4e34-8edd-268160312c4a
f7a20de6-5970-4639-bd34-24fa03057e07,"Archer, W. G. (William George),
         1907-1979","The hill of flutes: life, love, and poetry in tribal India : a
         portrait of the Santals",1974,101,Monograph,Santal,Asia,South Asia,intensive agriculturalists,,"684,783,796,831",https://ehrafworldcultures.yale.edu/sres/f7a20de6-5970-4639-bd34-24fa03057e07
b6a54ed7-2b39-4019-aa05-d2d940aff234,"Archer, W. G. (William George),
         1907-1979","The hill of flutes: life, love, and poetry in tribal India : a
         portrait of the Santals",1974,101,Monograph,Santal,Asia,South Asia,intensive agriculturalists,,"578,682,684,783,796",https://ehrafworldcultures.yale.edu/sres/b6a54ed7-2b39-4019-aa05-d2d940aff234
d84f3ebf-d889-4340-8611-c3b428def176,"Archer, W. G. (William George),
         1907-1979","The hill of flutes: life, love, and poetry in tribal India : a
         portrait of the Santals",1974,101,Monograph,Santal,Asia,South Asia,intensive agriculturalists,,"533,684,796",https://ehrafworldcultures.yale.edu/sres/d84f3ebf-d889-4340-8611-c3b428def176
ec08de5a-d333-4541-8e00-6ca17c63411d,"Archer, W. G. (William George),
         1907-1979","The hill of flutes: life, love, and poetry in tribal India : a
         portrait of the Santals",1974,102,Monograph,Santal,Asia,South Asia,intensive agriculturalists,,"533,539,684,796",https://ehrafworldcultures.yale.edu/sres/ec08de5a-d333-4541-8e00-6ca17c63411d
654748ad-ef3c-465f-96f3-cd91e597fef1,"Archer, W. G. (William George),
         1907-1979","The hill of flutes: life, love, and poetry in tribal India : a
         portrait of the Santals",1974,102,Monograph,Santal,Asia,South Asia,intensive agriculturalists,,"533,684,796",https://ehrafworldcultures.yale.edu/sres/654748ad-ef3c-465f-96f3-cd91e597fef1
69d2392d-61da-4329-9f69-61be311ecd36,"Archer, W. G. (William George),
         1907-1979","The hill of flutes: life, love, and poetry in tribal India : a
         portrait of the Santals",1974,102,Monograph,Santal,Asia,South Asia,intensive agriculturalists,,"533,684,796,539",https://ehrafworldcultures.yale.edu/sres/69d2392d-61da-4329-9f69-61be311ecd36
39d250e1-35a1-422a-a6cc-793c13c388fc,"Archer, W. G. (William George),
         1907-1979","The hill of flutes: life, love, and poetry in tribal India : a
         portrait of the Santals",1974,102,Monograph,Santal,Asia,South Asia,intensive agriculturalists,,"533,684,796",https://ehrafworldcultures.yale.edu/sres/39d250e1-35a1-422a-a6cc-793c13c388fc
b95fb757-29a2-4a8d-aafe-858a77c42e06,"Archer, W. G. (William George),
         1907-1979","The hill of flutes: life, love, and poetry in tribal India : a
         portrait of the Santals",1974,102,Monograph,Santal,Asia,South Asia,intensive agriculturalists,,"533,684,796,539",https://ehrafworldcultures.yale.edu/sres/b95fb757-29a2-4a8d-aafe-858a77c42e06
c9582d32-432a-4eee-bd47-299a33099743,"Archer, W. G. (William George),
         1907-1979","The hill of flutes: life, love, and poetry in tribal India : a
         portrait of the Santals",1974,102,Monograph,Santal,Asia,South Asia,intensive agriculturalists,,"533,684,796",https://ehrafworldcultures.yale.edu/sres/c9582d32-432a-4eee-bd47-299a33099743
055019a8-bdad-41d8-a970-db4674665ced,"Archer, W. G. (William George),
         1907-1979","The hill of flutes: life, love, and poetry in tribal India : a
         portrait of the Santals",1974,102,Monograph,Santal,Asia,South Asia,intensive agriculturalists,,"533,539,684,796",https://ehrafworldcultures.yale.edu/sres/055019a8-bdad-41d8-a970-db4674665ced
9287ea8d-02e7-42d9-9fcf-7084608149a3,"Archer, W. G. (William George),
         1907-1979","The hill of flutes: life, love, and poetry in tribal India : a
         portrait of the Santals",1974,103,Monograph,Santal,Asia,South Asia,intensive agriculturalists,,"533,681,796",https://ehrafworldcultures.yale.edu/sres/9287ea8d-02e7-42d9-9fcf-7084608149a3
8f91bec1-ff24-4e6f-926d-45071c5155af,"Archer, W. G. (William George),
         1907-1979","The hill of flutes: life, love, and poetry in tribal India : a
         portrait of the Santals",1974,143,Monograph,Santal,Asia,South Asia,intensive agriculturalists,,"584,686",https://ehrafworldcultures.yale.edu/sres/8f91bec1-ff24-4e6f-926d-45071c5155af
6f8821d4-45cf-4781-8bc0-b99ac8ebba60,"Archer, W. G. (William George),
         1907-1979","The hill of flutes: life, love, and poetry in tribal India : a
         portrait of the Santals",1974,143,Monograph,Santal,Asia,South Asia,intensive agriculturalists,,"533,539,584,686",https://ehrafworldcultures.yale.edu/sres/6f8821d4-45cf-4781-8bc0-b99ac8ebba60
08aeb141-4384-4997-8bce-77697848d82a,"Archer, W. G. (William George),
         1907-1979","The hill of flutes: life, love, and poetry in tribal India : a
         portrait of the Santals",1974,143,Monograph,Santal,Asia,South Asia,intensive agriculturalists,,"584,686",https://ehrafworldcultures.yale.edu/sres/08aeb141-4384-4997-8bce-77697848d82a
cb6f3079-62bc-4881-9e63-df58e0137e00,"Archer, W. G. (William George),
         1907-1979","The hill of flutes: life, love, and poetry in tribal India : a
         portrait of the Santals",1974,143,Monograph,Santal,Asia,South Asia,intensive agriculturalists,,"533,539,584,686",https://ehrafworldcultures.yale.edu/sres/cb6f3079-62bc-4881-9e63-df58e0137e00
f915b2ae-314c-41e1-b2ae-680cad47b237,"Archer, W. G. (William George),
         1907-1979","The hill of flutes: life, love, and poetry in tribal India : a
         portrait of the Santals",1974,144,Monograph,Santal,Asia,South Asia,intensive agriculturalists,,"152,584,686",https://ehrafworldcultures.yale.edu/sres/f915b2ae-314c-41e1-b2ae-680cad47b237
e5467f87-44ad-4047-a064-c0ac83a123d0,"Archer, W. G. (William George),
         1907-1979","The hill of flutes: life, love, and poetry in tribal India : a
         portrait of the Santals",1974,144,Monograph,Santal,Asia,South Asia,intensive agriculturalists,,"152,533,539,584,686",https://ehrafworldcultures.yale.edu/sres/e5467f87-44ad-4047-a064-c0ac83a123d0
71d46998-694e-47df-bcbe-1924398dc8b8,"Archer, W. G. (William George),
         1907-1979","The hill of flutes: life, love, and poetry in tribal India : a
         portrait of the Santals",1974,144,Monograph,Santal,Asia,South Asia,intensive agriculturalists,,"152,533,539,584,686",https://ehrafworldcultures.yale.edu/sres/71d46998-694e-47df-bcbe-1924398dc8b8
f5ecac32-2972-4dc4-8d18-cfe60175dcb6,"Archer, W. G. (William George),
         1907-1979","The hill of flutes: life, love, and poetry in tribal India : a
         portrait of the Santals",1974,144,Monograph,Santal,Asia,South Asia,intensive agriculturalists,,"152,584,686,533,539",https://ehrafworldcultures.yale.edu/sres/f5ecac32-2972-4dc4-8d18-cfe60175dcb6
e7e2f879-5a6d-4a93-a8e1-d0cca0e50f9a,"Archer, W. G. (William George),
         1907-1979","The hill of flutes: life, love, and poetry in tribal India : a
         portrait of the Santals",1974,144,Monograph,Santal,Asia,South Asia,intensive agriculturalists,,"152,533,539,584,686",https://ehrafworldcultures.yale.edu/sres/e7e2f879-5a6d-4a93-a8e1-d0cca0e50f9a
20f235f5-6c3c-49bc-be8e-07e8cb76cb3b,"Archer, W. G. (William George),
         1907-1979","The hill of flutes: life, love, and poetry in tribal India : a
         portrait of the Santals",1974,144,Monograph,Santal,Asia,South Asia,intensive agriculturalists,,"152,533,539,584,686",https://ehrafworldcultures.yale.edu/sres/20f235f5-6c3c-49bc-be8e-07e8cb76cb3b
d5e6d931-3615-4a84-8cff-8c2e72bf0e70,"Archer, W. G. (William George),
         1907-1979","The hill of flutes: life, love, and poetry in tribal India : a
         portrait of the Santals",1974,145,Monograph,Santal,Asia,South Asia,intensive agriculturalists,,"152,533,539,584,686",https://ehrafworldcultures.yale.edu/sres/d5e6d931-3615-4a84-8cff-8c2e72bf0e70
3a66331b-a885-4ef0-8130-05a06c0aacef,"Archer, W. G. (William George),
         1907-1979","The hill of flutes: life, love, and poetry in tribal India : a
         portrait of the Santals",1974,155,Monograph,Santal,Asia,South Asia,intensive agriculturalists,,"583,689",https://ehrafworldcultures.yale.edu/sres/3a66331b-a885-4ef0-8130-05a06c0aacef
de45cdb4-f48a-4f36-9c17-472567bbfb1d,"Archer, W. G. (William George),
         1907-1979","The hill of flutes: life, love, and poetry in tribal India : a
         portrait of the Santals",1974,155,Monograph,Santal,Asia,South Asia,intensive agriculturalists,,"583,689",https://ehrafworldcultures.yale.edu/sres/de45cdb4-f48a-4f36-9c17-472567bbfb1d
a58b2324-50ad-4350-8468-5f26bd81475d,"Archer, W. G. (William George),
         1907-1979","The hill of flutes: life, love, and poetry in tribal India : a
         portrait of the Santals",1974,155,Monograph,Santal,Asia,South Asia,intensive agriculturalists,,"583,689",https://ehrafworldcultures.yale.edu/sres/a58b2324-50ad-4350-8468-5f26bd81475d
fa279dcf-78a2-4e84-b383-4fec9fdddcd5,"Archer, W. G. (William George),
         1907-1979","The hill of flutes: life, love, and poetry in tribal India : a
         portrait of the Santals",1974,156,Monograph,Santal,Asia,South Asia,intensive agriculturalists,,"583,607,628,689",https://ehrafworldcultures.yale.edu/sres/fa279dcf-78a2-4e84-b383-4fec9fdddcd5
c318a8e9-4649-4a12-87c9-5bbaf27f7529,"Archer, W. G. (William George),
         1907-1979","The hill of flutes: life, love, and poetry in tribal India : a
         portrait of the Santals",1974,162,Monograph,Santal,Asia,South Asia,intensive agriculturalists,,"583,585,684,843,848",https://ehrafworldcultures.yale.edu/sres/c318a8e9-4649-4a12-87c9-5bbaf27f7529
0bc54bd0-0d61-4c57-bfe1-8ed12d09ffb1,"Archer, W. G. (William George),
         1907-1979","The hill of flutes: life, love, and poetry in tribal India : a
         portrait of the Santals",1974,166,Monograph,Santal,Asia,South Asia,intensive agriculturalists,,"584,684,848,851",https://ehrafworldcultures.yale.edu/sres/0bc54bd0-0d61-4c57-bfe1-8ed12d09ffb1
8d0035c7-4682-48c6-ba67-20cd5f7eaa92,"Archer, W. G. (William George),
         1907-1979","The hill of flutes: life, love, and poetry in tribal India : a
         portrait of the Santals",1974,166,Monograph,Santal,Asia,South Asia,intensive agriculturalists,,"584,684,848",https://ehrafworldcultures.yale.edu/sres/8d0035c7-4682-48c6-ba67-20cd5f7eaa92
c783d1bf-a2bf-4c79-a8ac-51badd0647e9,"Archer, W. G. (William George),
         1907-1979","The hill of flutes: life, love, and poetry in tribal India : a
         portrait of the Santals",1974,166,Monograph,Santal,Asia,South Asia,intensive agriculturalists,,"584,684,848",https://ehrafworldcultures.yale.edu/sres/c783d1bf-a2bf-4c79-a8ac-51badd0647e9
059a5093-db2b-46a7-ab99-8dd124c232ad,"Archer, W. G. (William George),
         1907-1979","The hill of flutes: life, love, and poetry in tribal India : a
         portrait of the Santals",1974,167,Monograph,Santal,Asia,South Asia,intensive agriculturalists,,"614,684,848,851",https://ehrafworldcultures.yale.edu/sres/059a5093-db2b-46a7-ab99-8dd124c232ad
fe5c5c0d-e61e-4c8e-8618-5abdff2857f8,"Archer, W. G. (William George),
         1907-1979","The hill of flutes: life, love, and poetry in tribal India : a
         portrait of the Santals",1974,302,Monograph,Santal,Asia,South Asia,intensive agriculturalists,,"683,754",https://ehrafworldcultures.yale.edu/sres/fe5c5c0d-e61e-4c8e-8618-5abdff2857f8
eccec598-a09f-416e-ae7e-f6385f534921,"Archer, W. G. (William George),
         1907-1979","The hill of flutes: life, love, and poetry in tribal India : a
         portrait of the Santals",1974,303,Monograph,Santal,Asia,South Asia,intensive agriculturalists,,"683,754",https://ehrafworldcultures.yale.edu/sres/eccec598-a09f-416e-ae7e-f6385f534921
32aa935d-26a8-4fb4-a4f6-08e7d338b4e2,"Archer, W. G. (William George),
         1907-1979","The hill of flutes: life, love, and poetry in tribal India : a
         portrait of the Santals",1974,303,Monograph,Santal,Asia,South Asia,intensive agriculturalists,,"683,754",https://ehrafworldcultures.yale.edu/sres/32aa935d-26a8-4fb4-a4f6-08e7d338b4e2
b0e55fcd-a6bc-42e8-bd19-e9a086ea213e,"Archer, W. G. (William George),
         1907-1979","The hill of flutes: life, love, and poetry in tribal India : a
         portrait of the Santals",1974,304,Monograph,Santal,Asia,South Asia,intensive agriculturalists,,"681,683,754",https://ehrafworldcultures.yale.edu/sres/b0e55fcd-a6bc-42e8-bd19-e9a086ea213e
b4098b13-d21e-458d-9519-05f3c83dc2e2,"Orans, Martin",The Santal: a tribe in search of a great tradition,1965,21,Monograph,Santal,Asia,South Asia,intensive agriculturalists,,"192,577,681,690",https://ehrafworldcultures.yale.edu/sres/b4098b13-d21e-458d-9519-05f3c83dc2e2
3f2a946f-88ca-4e08-a055-7280fe6b2561,"Mukherjea, Charulal",The Santals,1962,[p.96],Monograph,Santal,Asia,South Asia,intensive agriculturalists,,"220,241,462,689,773",https://ehrafworldcultures.yale.edu/sres/3f2a946f-88ca-4e08-a055-7280fe6b2561
d1f16385-58b9-441f-b6e9-79fbd8192083,"Mukherjea, Charulal",The Santals,1962,156,Monograph,Santal,Asia,South Asia,intensive agriculturalists,,"622,623,688,692",https://ehrafworldcultures.yale.edu/sres/d1f16385-58b9-441f-b6e9-79fbd8192083
14ab8790-7479-422d-81a2-26b439f9bbb9,"Mukherjea, Charulal",The Santals,1962,157,Monograph,Santal,Asia,South Asia,intensive agriculturalists,,"622,623,634,684,692",https://ehrafworldcultures.yale.edu/sres/14ab8790-7479-422d-81a2-26b439f9bbb9
6b8f4df9-340b-4b91-a71c-c89737137483,"Mukherjea, Charulal",The Santals,1962,159,Monograph,Santal,Asia,South Asia,intensive agriculturalists,,"688,783",https://ehrafworldcultures.yale.edu/sres/6b8f4df9-340b-4b91-a71c-c89737137483
cc58352a-6778-408b-8def-a7cc4288cfd7,"Mukherjea, Charulal",The Santals,1962,160,Monograph,Santal,Asia,South Asia,intensive agriculturalists,,"688,783",https://ehrafworldcultures.yale.edu/sres/cc58352a-6778-408b-8def-a7cc4288cfd7
502a5ece-ce0c-4d2a-afc5-ef49b3c001e7,"Mukherjea, Charulal",The Santals,1962,160,Monograph,Santal,Asia,South Asia,intensive agriculturalists,,"305,688,783,824",https://ehrafworldcultures.yale.edu/sres/502a5ece-ce0c-4d2a-afc5-ef49b3c001e7
aa21b718-8b3b-4952-a4dd-24372da4c834,"Mukherjea, Charulal",The Santals,1962,161,Monograph,Santal,Asia,South Asia,intensive agriculturalists,,"684,783",https://ehrafworldcultures.yale.edu/sres/aa21b718-8b3b-4952-a4dd-24372da4c834
b90d7af8-c4c0-4f81-a4be-2823c63b8122,"Mukherjea, Charulal",The Santals,1962,162,Monograph,Santal,Asia,South Asia,intensive agriculturalists,,"614,684",https://ehrafworldcultures.yale.edu/sres/b90d7af8-c4c0-4f81-a4be-2823c63b8122
e4d606e9-0be9-4293-951c-eda15ad5c382,"Mukherjea, Charulal",The Santals,1962,162,Monograph,Santal,Asia,South Asia,intensive agriculturalists,,"622,684,692",https://ehrafworldcultures.yale.edu/sres/e4d606e9-0be9-4293-951c-eda15ad5c382
626cedb1-4321-4cc5-a4cb-843b5155c737,"Mukherjea, Charulal",The Santals,1962,163,Monograph,Santal,Asia,South Asia,intensive agriculturalists,,"224,622,623,684,692,796",https://ehrafworldcultures.yale.edu/sres/626cedb1-4321-4cc5-a4cb-843b5155c737
1bd1aaaf-80db-4ec1-a6e0-297ca43b3bc2,"Mukherjea, Charulal",The Santals,1962,163,Monograph,Santal,Asia,South Asia,intensive agriculturalists,,"622,684,692",https://ehrafworldcultures.yale.edu/sres/1bd1aaaf-80db-4ec1-a6e0-297ca43b3bc2
1cff547a-e77b-4977-b15d-1128193473eb,"Mukherjea, Charulal",The Santals,1962,163,Monograph,Santal,Asia,South Asia,intensive agriculturalists,,"202,211,684",https://ehrafworldcultures.yale.edu/sres/1cff547a-e77b-4977-b15d-1128193473eb
96e8778a-dd5e-49de-ae2c-572b588da41b,"Mukherjea, Charulal",The Santals,1962,164,Monograph,Santal,Asia,South Asia,intensive agriculturalists,,684,https://ehrafworldcultures.yale.edu/sres/96e8778a-dd5e-49de-ae2c-572b588da41b
61e42ffa-4e5d-4b4d-9897-4f90d1e99bf6,"Mukherjea, Charulal",The Santals,1962,164,Monograph,Santal,Asia,South Asia,intensive agriculturalists,,684,https://ehrafworldcultures.yale.edu/sres/61e42ffa-4e5d-4b4d-9897-4f90d1e99bf6
edcacd1d-5390-41de-a590-41bc186067eb,"Mukherjea, Charulal",The Santals,1962,165,Monograph,Santal,Asia,South Asia,intensive agriculturalists,,"622,684,783",https://ehrafworldcultures.yale.edu/sres/edcacd1d-5390-41de-a590-41bc186067eb
350de0a4-aa52-4756-9738-25a18a6e67f9,"Mukherjea, Charulal",The Santals,1962,165,Monograph,Santal,Asia,South Asia,intensive agriculturalists,,"579,671,684",https://ehrafworldcultures.yale.edu/sres/350de0a4-aa52-4756-9738-25a18a6e67f9
cff2ee4b-107b-4951-8a30-f2499ee5e6bf,"Mukherjea, Charulal",The Santals,1962,166,Monograph,Santal,Asia,South Asia,intensive agriculturalists,,"184,579,623,634,684,692",https://ehrafworldcultures.yale.edu/sres/cff2ee4b-107b-4951-8a30-f2499ee5e6bf
26b231ae-de8f-4d99-9722-cfe2a998db36,"Mukherjea, Charulal",The Santals,1962,166,Monograph,Santal,Asia,South Asia,intensive agriculturalists,,"346,684,783",https://ehrafworldcultures.yale.edu/sres/26b231ae-de8f-4d99-9722-cfe2a998db36
07506641-2713-4d70-9ed6-d0312627249c,"Mukherjea, Charulal",The Santals,1962,166,Monograph,Santal,Asia,South Asia,intensive agriculturalists,,"684,783",https://ehrafworldcultures.yale.edu/sres/07506641-2713-4d70-9ed6-d0312627249c
3c64132b-ff6b-47b1-9e7a-b4ab660fb123,"Mukherjea, Charulal",The Santals,1962,167,Monograph,Santal,Asia,South Asia,intensive agriculturalists,,"684,783",https://ehrafworldcultures.yale.edu/sres/3c64132b-ff6b-47b1-9e7a-b4ab660fb123
2ff86a07-9ba6-4664-803c-d651c35b0c24,"Mukherjea, Charulal",The Santals,1962,167,Monograph,Santal,Asia,South Asia,intensive agriculturalists,,"684,782,783",https://ehrafworldcultures.yale.edu/sres/2ff86a07-9ba6-4664-803c-d651c35b0c24
6c64e30a-d58a-4692-9925-e1156d2c5c29,"Mukherjea, Charulal",The Santals,1962,168,Monograph,Santal,Asia,South Asia,intensive agriculturalists,,"684,782,783,793",https://ehrafworldcultures.yale.edu/sres/6c64e30a-d58a-4692-9925-e1156d2c5c29
a16addd1-80e2-4777-90cb-ee939384d6fb,"Mukherjea, Charulal",The Santals,1962,184,Monograph,Santal,Asia,South Asia,intensive agriculturalists,,"105,181,582,623,684",https://ehrafworldcultures.yale.edu/sres/a16addd1-80e2-4777-90cb-ee939384d6fb
2bdc8468-90ed-42f0-98f5-23c881c7a3e7,"Mukherjea, Charulal",The Santals,1962,252,Monograph,Santal,Asia,South Asia,intensive agriculturalists,,"533,685,786,796,831",https://ehrafworldcultures.yale.edu/sres/2bdc8468-90ed-42f0-98f5-23c881c7a3e7
6a03577f-2935-4570-a62d-d5c967097e1d,"Mukherjea, Charulal",The Santals,1962,284,Monograph,Santal,Asia,South Asia,intensive agriculturalists,,"423,427,623,689,793",https://ehrafworldcultures.yale.edu/sres/6a03577f-2935-4570-a62d-d5c967097e1d
1521b067-dc25-49e9-b410-e9712d757d2b,"Culshaw, W. J.",Tribal heritage: a study of the Santals,1949,7,Monograph,Santal,Asia,South Asia,intensive agriculturalists,,"173,174,224,423,427,434,554,585,622,689,796",https://ehrafworldcultures.yale.edu/sres/1521b067-dc25-49e9-b410-e9712d757d2b
081d14b6-30b3-437f-9088-11be5447598a,"Culshaw, W. J.",Tribal heritage: a study of the Santals,1949,11,Monograph,Santal,Asia,South Asia,intensive agriculturalists,,"114,159,178,423,465,634,681,692",https://ehrafworldcultures.yale.edu/sres/081d14b6-30b3-437f-9088-11be5447598a
383f0077-421a-4a2f-b489-60f4f849ac32,"Culshaw, W. J.",Tribal heritage: a study of the Santals,1949,34,Monograph,Santal,Asia,South Asia,intensive agriculturalists,,"192,224,623,628,681,689,692",https://ehrafworldcultures.yale.edu/sres/383f0077-421a-4a2f-b489-60f4f849ac32
41c8547a-b802-4f4b-a333-28a94aae515a,"Culshaw, W. J.",Tribal heritage: a study of the Santals,1949,100,Monograph,Santal,Asia,South Asia,intensive agriculturalists,,"674,683,754",https://ehrafworldcultures.yale.edu/sres/41c8547a-b802-4f4b-a333-28a94aae515a
d388eb60-de3b-4198-a6ec-5c17c3375687,"Culshaw, W. J.",Tribal heritage: a study of the Santals,1949,107,Monograph,Santal,Asia,South Asia,intensive agriculturalists,,"273,431,574,578,685,796,887",https://ehrafworldcultures.yale.edu/sres/d388eb60-de3b-4198-a6ec-5c17c3375687
4e8bd540-29d9-4266-aedf-a4b4e1725007,"Culshaw, W. J.",Tribal heritage: a study of the Santals,1949,107,Monograph,Santal,Asia,South Asia,intensive agriculturalists,,"273,431,539,574,578,685,796,887",https://ehrafworldcultures.yale.edu/sres/4e8bd540-29d9-4266-aedf-a4b4e1725007
95e3806b-04ea-4890-abf5-9b8055c0b8ee,"Culshaw, W. J.",Tribal heritage: a study of the Santals,1949,107,Monograph,Santal,Asia,South Asia,intensive agriculturalists,,"273,431,574,578,685,796,887",https://ehrafworldcultures.yale.edu/sres/95e3806b-04ea-4890-abf5-9b8055c0b8ee
3ebbcde1-7757-423a-a2ff-49107f5b2a87,"Culshaw, W. J.",Tribal heritage: a study of the Santals,1949,148,Monograph,Santal,Asia,South Asia,intensive agriculturalists,,"586,587,625,684,762,766",https://ehrafworldcultures.yale.edu/sres/3ebbcde1-7757-423a-a2ff-49107f5b2a87
22bbbe02-0e68-40d0-bf13-a8600478a0de,"Archer, W. G. (William George),
         1907-1979",Tribal law and justice: a report on the Santal,1984,479,Monograph,Santal,Asia,South Asia,intensive agriculturalists,,"262,688,784",https://ehrafworldcultures.yale.edu/sres/22bbbe02-0e68-40d0-bf13-a8600478a0de
27fe051e-bf91-4f33-a4fc-06d2bad27f2c,"Archer, W. G. (William George),
         1907-1979",Tribal law and justice: a report on the Santal,1984,479,Monograph,Santal,Asia,South Asia,intensive agriculturalists,,"262,688,784",https://ehrafworldcultures.yale.edu/sres/27fe051e-bf91-4f33-a4fc-06d2bad27f2c
8ce3e1a7-df32-42b3-bf7b-92bb2bedde54,"Archer, W. G. (William George),
         1907-1979",Tribal law and justice: a report on the Santal,1984,479,Monograph,Santal,Asia,South Asia,intensive agriculturalists,,"688,782,784",https://ehrafworldcultures.yale.edu/sres/8ce3e1a7-df32-42b3-bf7b-92bb2bedde54
19a129c5-f44f-47f6-a0a3-7b2e9e2dce98,"Archer, W. G. (William George),
         1907-1979",Tribal law and justice: a report on the Santal,1984,[p.482],Monograph,Santal,Asia,South Asia,intensive agriculturalists,,"000,175,683,754",https://ehrafworldcultures.yale.edu/sres/19a129c5-f44f-47f6-a0a3-7b2e9e2dce98
81622f5e-3dc7-420d-aa8b-18a9a3df78e5,"Archer, W. G. (William George),
         1907-1979",Tribal law and justice: a report on the Santal,1984,484,Monograph,Santal,Asia,South Asia,intensive agriculturalists,,"533,683,754",https://ehrafworldcultures.yale.edu/sres/81622f5e-3dc7-420d-aa8b-18a9a3df78e5
5c4e7d53-a056-467e-977d-dab65e41fab9,"Archer, W. G. (William George),
         1907-1979",Tribal law and justice: a report on the Santal,1984,485,Monograph,Santal,Asia,South Asia,intensive agriculturalists,,"533,683,754",https://ehrafworldcultures.yale.edu/sres/5c4e7d53-a056-467e-977d-dab65e41fab9
7da8e871-f5f0-46cb-9d7c-b9d16c1571c2,"Archer, W. G. (William George),
         1907-1979",Tribal law and justice: a report on the Santal,1984,485,Monograph,Santal,Asia,South Asia,intensive agriculturalists,,"533,683,754",https://ehrafworldcultures.yale.edu/sres/7da8e871-f5f0-46cb-9d7c-b9d16c1571c2
235b56c0-0519-488e-9653-e9db0d775fa1,"Archer, W. G. (William George),
         1907-1979",Tribal law and justice: a report on the Santal,1984,503,Monograph,Santal,Asia,South Asia,intensive agriculturalists,,"683,754",https://ehrafworldcultures.yale.edu/sres/235b56c0-0519-488e-9653-e9db0d775fa1
925ed4fc-28fb-4b66-839d-60f22388ce81,"Archer, W. G. (William George),
         1907-1979",Tribal law and justice: a report on the Santal,1984,503,Monograph,Santal,Asia,South Asia,intensive agriculturalists,,"683,754",https://ehrafworldcultures.yale.edu/sres/925ed4fc-28fb-4b66-839d-60f22388ce81
ee2cfa94-1170-49a8-8e95-9214eb955176,"Archer, W. G. (William George),
         1907-1979",Tribal law and justice: a report on the Santal,1984,503,Monograph,Santal,Asia,South Asia,intensive agriculturalists,,"683,754",https://ehrafworldcultures.yale.edu/sres/ee2cfa94-1170-49a8-8e95-9214eb955176
d6a2a589-1462-436e-bda0-07150aaf45e6,"Archer, W. G. (William George),
         1907-1979",Tribal law and justice: a report on the Santal,1984,504,Monograph,Santal,Asia,South Asia,intensive agriculturalists,,"683,754",https://ehrafworldcultures.yale.edu/sres/d6a2a589-1462-436e-bda0-07150aaf45e6
a3b4e27d-0ebf-4395-9c8f-67106bf51b27,"Archer, W. G. (William George),
         1907-1979",Tribal law and justice: a report on the Santal,1984,505,Monograph,Santal,Asia,South Asia,intensive agriculturalists,,"683,754",https://ehrafworldcultures.yale.edu/sres/a3b4e27d-0ebf-4395-9c8f-67106bf51b27
edbfdeaf-c4db-4b97-97ba-45e40a15e9da,"Archer, W. G. (William George),
         1907-1979",Tribal law and justice: a report on the Santal,1984,505,Monograph,Santal,Asia,South Asia,intensive agriculturalists,,"683,754",https://ehrafworldcultures.yale.edu/sres/edbfdeaf-c4db-4b97-97ba-45e40a15e9da
efbad967-d38b-48ee-86b7-a44f1a852fec,"Archer, W. G. (William George),
         1907-1979",Tribal law and justice: a report on the Santal,1984,505,Monograph,Santal,Asia,South Asia,intensive agriculturalists,,"683,754",https://ehrafworldcultures.yale.edu/sres/efbad967-d38b-48ee-86b7-a44f1a852fec
85ac928f-ac2a-49ad-8a5c-bccf6a0bbd5b,"Archer, W. G. (William George),
         1907-1979",Tribal law and justice: a report on the Santal,1984,505,Monograph,Santal,Asia,South Asia,intensive agriculturalists,,"683,754",https://ehrafworldcultures.yale.edu/sres/85ac928f-ac2a-49ad-8a5c-bccf6a0bbd5b
c59ecf27-8ed6-4cb9-8320-5c7f51c40d2e,"Archer, W. G. (William George),
         1907-1979",Tribal law and justice: a report on the Santal,1984,505,Monograph,Santal,Asia,South Asia,intensive agriculturalists,,"683,754",https://ehrafworldcultures.yale.edu/sres/c59ecf27-8ed6-4cb9-8320-5c7f51c40d2e
452cf396-fa66-48b8-9122-4e0fd104bac2,"Archer, W. G. (William George),
         1907-1979",Tribal law and justice: a report on the Santal,1984,508,Monograph,Santal,Asia,South Asia,intensive agriculturalists,,"195,689,831",https://ehrafworldcultures.yale.edu/sres/452cf396-fa66-48b8-9122-4e0fd104bac2
078eb28e-b386-4ef4-abf6-8fb691354d6a,"Archer, W. G. (William George),
         1907-1979",Tribal law and justice: a report on the Santal,1984,508,Monograph,Santal,Asia,South Asia,intensive agriculturalists,,"195,689,831",https://ehrafworldcultures.yale.edu/sres/078eb28e-b386-4ef4-abf6-8fb691354d6a
118b9397-b9f8-43a8-9143-59ad333a8a0e,"Archer, W. G. (William George),
         1907-1979",Tribal law and justice: a report on the Santal,1984,508,Monograph,Santal,Asia,South Asia,intensive agriculturalists,,"195,689,831",https://ehrafworldcultures.yale.edu/sres/118b9397-b9f8-43a8-9143-59ad333a8a0e
24f57c0f-af56-4036-a6a1-a19627a19267,"Archer, W. G. (William George),
         1907-1979",Tribal law and justice: a report on the Santal,1984,508,Monograph,Santal,Asia,South Asia,intensive agriculturalists,,"291,535,689,831",https://ehrafworldcultures.yale.edu/sres/24f57c0f-af56-4036-a6a1-a19627a19267
096a7ae9-4084-47f3-baca-20598434def8,"Archer, W. G. (William George),
         1907-1979",Tribal law and justice: a report on the Santal,1984,509,Monograph,Santal,Asia,South Asia,intensive agriculturalists,,"291,535,689,831",https://ehrafworldcultures.yale.edu/sres/096a7ae9-4084-47f3-baca-20598434def8
31d21448-1656-426d-b9b5-9c1518b9e4f6,"Archer, W. G. (William George),
         1907-1979",Tribal law and justice: a report on the Santal,1984,509,Monograph,Santal,Asia,South Asia,intensive agriculturalists,,"291,535,689,831",https://ehrafworldcultures.yale.edu/sres/31d21448-1656-426d-b9b5-9c1518b9e4f6
fd76e360-fb02-40be-9232-9bbced23cfe2,"Archer, W. G. (William George),
         1907-1979",Tribal law and justice: a report on the Santal,1984,509,Monograph,Santal,Asia,South Asia,intensive agriculturalists,,"291,535,689,831",https://ehrafworldcultures.yale.edu/sres/fd76e360-fb02-40be-9232-9bbced23cfe2
0295f2c6-ea6b-4cd0-8bc6-0f24feb171ad,"Archer, W. G. (William George),
         1907-1979",Tribal law and justice: a report on the Santal,1984,509,Monograph,Santal,Asia,South Asia,intensive agriculturalists,,"291,535,689,831",https://ehrafworldcultures.yale.edu/sres/0295f2c6-ea6b-4cd0-8bc6-0f24feb171ad
a5fa1a29-6044-4180-9712-287ca7d11fa9,"Archer, W. G. (William George),
         1907-1979",Tribal law and justice: a report on the Santal,1984,509,Monograph,Santal,Asia,South Asia,intensive agriculturalists,,"000,291,535,689,831",https://ehrafworldcultures.yale.edu/sres/a5fa1a29-6044-4180-9712-287ca7d11fa9
f3e904d5-b702-4ddd-8c19-d00901780a96,"Archer, W. G. (William George),
         1907-1979",Tribal law and justice: a report on the Santal,1984,509,Monograph,Santal,Asia,South Asia,intensive agriculturalists,,"684,833,836",https://ehrafworldcultures.yale.edu/sres/f3e904d5-b702-4ddd-8c19-d00901780a96
acc3eaf4-3656-4a5b-bed3-e54d2c216c00,"Archer, W. G. (William George),
         1907-1979",Tribal law and justice: a report on the Santal,1984,509,Monograph,Santal,Asia,South Asia,intensive agriculturalists,,"684,833,836",https://ehrafworldcultures.yale.edu/sres/acc3eaf4-3656-4a5b-bed3-e54d2c216c00
f8384776-a323-4013-8e0c-bd68ed6d6ed1,"Archer, W. G. (William George),
         1907-1979",Tribal law and justice: a report on the Santal,1984,509,Monograph,Santal,Asia,South Asia,intensive agriculturalists,,"684,833,836",https://ehrafworldcultures.yale.edu/sres/f8384776-a323-4013-8e0c-bd68ed6d6ed1
90f7d327-aac8-41f9-80e4-7672541f53f6,"Archer, W. G. (William George),
         1907-1979",Tribal law and justice: a report on the Santal,1984,509,Monograph,Santal,Asia,South Asia,intensive agriculturalists,,"684,833,836",https://ehrafworldcultures.yale.edu/sres/90f7d327-aac8-41f9-80e4-7672541f53f6
c38641bf-003a-45ad-9f40-c025bccb3cf4,"Archer, W. G. (William George),
         1907-1979",Tribal law and justice: a report on the Santal,1984,510,Monograph,Santal,Asia,South Asia,intensive agriculturalists,,"684,833,836",https://ehrafworldcultures.yale.edu/sres/c38641bf-003a-45ad-9f40-c025bccb3cf4
64e75442-01f3-4a80-96fa-fb72836908f7,"Archer, W. G. (William George),
         1907-1979",Tribal law and justice: a report on the Santal,1984,510,Monograph,Santal,Asia,South Asia,intensive agriculturalists,,"684,833,836",https://ehrafworldcultures.yale.edu/sres/64e75442-01f3-4a80-96fa-fb72836908f7
a6ab89fe-4730-4523-8532-c52fcf60d60b,"Archer, W. G. (William George),
         1907-1979",Tribal law and justice: a report on the Santal,1984,510,Monograph,Santal,Asia,South Asia,intensive agriculturalists,,"684,833,836",https://ehrafworldcultures.yale.edu/sres/a6ab89fe-4730-4523-8532-c52fcf60d60b
b88065d9-d541-489d-a232-2f48ba36b9cd,"Archer, W. G. (William George),
         1907-1979",Tribal law and justice: a report on the Santal,1984,510,Monograph,Santal,Asia,South Asia,intensive agriculturalists,,"684,833,836",https://ehrafworldcultures.yale.edu/sres/b88065d9-d541-489d-a232-2f48ba36b9cd
dd5599e1-5842-429c-99ad-ffca209d80d2,"Archer, W. G. (William George),
         1907-1979",Tribal law and justice: a report on the Santal,1984,510,Monograph,Santal,Asia,South Asia,intensive agriculturalists,,"583,684,833,836",https://ehrafworldcultures.yale.edu/sres/dd5599e1-5842-429c-99ad-ffca209d80d2
2fc8ffd7-3b15-4497-b4e9-70dfae3f2a1a,"Archer, W. G. (William George),
         1907-1979",Tribal law and justice: a report on the Santal,1984,510,Monograph,Santal,Asia,South Asia,intensive agriculturalists,,"273,571,689,834",https://ehrafworldcultures.yale.edu/sres/2fc8ffd7-3b15-4497-b4e9-70dfae3f2a1a
815e1d84-0ecb-4e42-902d-dc7fde0b7a3a,"Archer, W. G. (William George),
         1907-1979",Tribal law and justice: a report on the Santal,1984,510,Monograph,Santal,Asia,South Asia,intensive agriculturalists,,"571,689,834",https://ehrafworldcultures.yale.edu/sres/815e1d84-0ecb-4e42-902d-dc7fde0b7a3a
515d18bb-4fd7-42ae-8af3-428c9903f864,"Archer, W. G. (William George),
         1907-1979",Tribal law and justice: a report on the Santal,1984,511,Monograph,Santal,Asia,South Asia,intensive agriculturalists,,"521,571,689,834",https://ehrafworldcultures.yale.edu/sres/515d18bb-4fd7-42ae-8af3-428c9903f864
3e34d732-4012-41aa-98cb-3fddac891219,"Archer, W. G. (William George),
         1907-1979",Tribal law and justice: a report on the Santal,1984,511,Monograph,Santal,Asia,South Asia,intensive agriculturalists,,"521,571,689,834",https://ehrafworldcultures.yale.edu/sres/3e34d732-4012-41aa-98cb-3fddac891219
326dd549-d845-4b20-8cfd-52a017d5773c,"Archer, W. G. (William George),
         1907-1979",Tribal law and justice: a report on the Santal,1984,511,Monograph,Santal,Asia,South Asia,intensive agriculturalists,,"571,689,834",https://ehrafworldcultures.yale.edu/sres/326dd549-d845-4b20-8cfd-52a017d5773c
34ba1619-71e6-49c3-a889-89a9c970f3ea,"Archer, W. G. (William George),
         1907-1979",Tribal law and justice: a report on the Santal,1984,511,Monograph,Santal,Asia,South Asia,intensive agriculturalists,,"571,585,689,834",https://ehrafworldcultures.yale.edu/sres/34ba1619-71e6-49c3-a889-89a9c970f3ea
963cf5ae-5f03-4feb-b469-6448b7492173,"Archer, W. G. (William George),
         1907-1979",Tribal law and justice: a report on the Santal,1984,511,Monograph,Santal,Asia,South Asia,intensive agriculturalists,,"533,539,689,834",https://ehrafworldcultures.yale.edu/sres/963cf5ae-5f03-4feb-b469-6448b7492173
bf5183f4-7850-439e-be97-1727fcada267,"Archer, W. G. (William George),
         1907-1979",Tribal law and justice: a report on the Santal,1984,511,Monograph,Santal,Asia,South Asia,intensive agriculturalists,,"571,585,689,834",https://ehrafworldcultures.yale.edu/sres/bf5183f4-7850-439e-be97-1727fcada267
99245888-0f07-4537-8cd3-080a1fce3346,"Archer, W. G. (William George),
         1907-1979",Tribal law and justice: a report on the Santal,1984,514,Monograph,Santal,Asia,South Asia,intensive agriculturalists,,"607,689",https://ehrafworldcultures.yale.edu/sres/99245888-0f07-4537-8cd3-080a1fce3346
d2db08d9-b456-49c5-97fa-ac80ab9764a2,"Archer, W. G. (William George),
         1907-1979",Tribal law and justice: a report on the Santal,1984,514,Monograph,Santal,Asia,South Asia,intensive agriculturalists,,"607,689",https://ehrafworldcultures.yale.edu/sres/d2db08d9-b456-49c5-97fa-ac80ab9764a2
72c02441-03e3-41a7-8b97-fab645e2a027,"Archer, W. G. (William George),
         1907-1979",Tribal law and justice: a report on the Santal,1984,514,Monograph,Santal,Asia,South Asia,intensive agriculturalists,,"607,683,689",https://ehrafworldcultures.yale.edu/sres/72c02441-03e3-41a7-8b97-fab645e2a027
364fa51a-4491-4a7d-914d-aae80d4e6f65,"Archer, W. G. (William George),
         1907-1979",Tribal law and justice: a report on the Santal,1984,517,Monograph,Santal,Asia,South Asia,intensive agriculturalists,,"684,836,839",https://ehrafworldcultures.yale.edu/sres/364fa51a-4491-4a7d-914d-aae80d4e6f65
0fae6448-0f68-4bb7-8e07-9769e785a892,"Archer, W. G. (William George),
         1907-1979",Tribal law and justice: a report on the Santal,1984,517,Monograph,Santal,Asia,South Asia,intensive agriculturalists,,"684,836,839",https://ehrafworldcultures.yale.edu/sres/0fae6448-0f68-4bb7-8e07-9769e785a892
17ce0e78-e1b2-4e12-ad3e-03cc50a75746,"Archer, W. G. (William George),
         1907-1979",Tribal law and justice: a report on the Santal,1984,517,Monograph,Santal,Asia,South Asia,intensive agriculturalists,,"684,836,839",https://ehrafworldcultures.yale.edu/sres/17ce0e78-e1b2-4e12-ad3e-03cc50a75746
caaf54b5-934d-41bf-bd6b-8ecb8e59334a,"Archer, W. G. (William George),
         1907-1979",Tribal law and justice: a report on the Santal,1984,517,Monograph,Santal,Asia,South Asia,intensive agriculturalists,,"586,684,837",https://ehrafworldcultures.yale.edu/sres/caaf54b5-934d-41bf-bd6b-8ecb8e59334a
b33749bc-a964-4cf4-a5c7-fc8f304aea36,"Archer, W. G. (William George),
         1907-1979",Tribal law and justice: a report on the Santal,1984,521,Monograph,Santal,Asia,South Asia,intensive agriculturalists,,"684,835",https://ehrafworldcultures.yale.edu/sres/b33749bc-a964-4cf4-a5c7-fc8f304aea36
50469224-b268-4ea4-ad49-9871540e5370,"Archer, W. G. (William George),
         1907-1979",Tribal law and justice: a report on the Santal,1984,521,Monograph,Santal,Asia,South Asia,intensive agriculturalists,,"684,835",https://ehrafworldcultures.yale.edu/sres/50469224-b268-4ea4-ad49-9871540e5370
05bfdeff-7a96-4966-8744-de914111d6fd,"Archer, W. G. (William George),
         1907-1979",Tribal law and justice: a report on the Santal,1984,521,Monograph,Santal,Asia,South Asia,intensive agriculturalists,,"684,835",https://ehrafworldcultures.yale.edu/sres/05bfdeff-7a96-4966-8744-de914111d6fd
a4b3a764-770e-402f-8b32-8a150b9299bd,"Archer, W. G. (William George),
         1907-1979",Tribal law and justice: a report on the Santal,1984,521,Monograph,Santal,Asia,South Asia,intensive agriculturalists,,"684,835",https://ehrafworldcultures.yale.edu/sres/a4b3a764-770e-402f-8b32-8a150b9299bd
06ca60a6-f2e9-45dc-bd90-b25c49896514,"Archer, W. G. (William George),
         1907-1979",Tribal law and justice: a report on the Santal,1984,521,Monograph,Santal,Asia,South Asia,intensive agriculturalists,,"684,835",https://ehrafworldcultures.yale.edu/sres/06ca60a6-f2e9-45dc-bd90-b25c49896514
85da6399-3359-404c-8cad-b5f096cddf11,"Archer, W. G. (William George),
         1907-1979",Tribal law and justice: a report on the Santal,1984,521,Monograph,Santal,Asia,South Asia,intensive agriculturalists,,"684,835",https://ehrafworldcultures.yale.edu/sres/85da6399-3359-404c-8cad-b5f096cddf11
b78015dc-c1c4-456a-9732-50049d1d0b29,"Archer, W. G. (William George),
         1907-1979",Tribal law and justice: a report on the Santal,1984,521,Monograph,Santal,Asia,South Asia,intensive agriculturalists,,"684,835",https://ehrafworldcultures.yale.edu/sres/b78015dc-c1c4-456a-9732-50049d1d0b29
4255551e-1f63-42e7-a0ef-64833f673696,"Archer, W. G. (William George),
         1907-1979",Tribal law and justice: a report on the Santal,1984,521,Monograph,Santal,Asia,South Asia,intensive agriculturalists,,"684,835",https://ehrafworldcultures.yale.edu/sres/4255551e-1f63-42e7-a0ef-64833f673696
7c314432-235e-4ccb-aee2-1d09f6c42334,"Archer, W. G. (William George),
         1907-1979",Tribal law and justice: a report on the Santal,1984,522,Monograph,Santal,Asia,South Asia,intensive agriculturalists,,"684,835",https://ehrafworldcultures.yale.edu/sres/7c314432-235e-4ccb-aee2-1d09f6c42334
591ea6a4-7347-4170-a4da-f0e2abba9968,"Archer, W. G. (William George),
         1907-1979",Tribal law and justice: a report on the Santal,1984,522,Monograph,Santal,Asia,South Asia,intensive agriculturalists,,"684,835",https://ehrafworldcultures.yale.edu/sres/591ea6a4-7347-4170-a4da-f0e2abba9968
04d5e902-7dd4-4c91-9d94-406d5ec53d09,"Archer, W. G. (William George),
         1907-1979",Tribal law and justice: a report on the Santal,1984,522,Monograph,Santal,Asia,South Asia,intensive agriculturalists,,"684,835",https://ehrafworldcultures.yale.edu/sres/04d5e902-7dd4-4c91-9d94-406d5ec53d09
50c4df21-99b5-463b-b230-cb96356559a2,"Archer, W. G. (William George),
         1907-1979",Tribal law and justice: a report on the Santal,1984,522,Monograph,Santal,Asia,South Asia,intensive agriculturalists,,"684,835",https://ehrafworldcultures.yale.edu/sres/50c4df21-99b5-463b-b230-cb96356559a2
fa4dd66c-2aa9-454d-b3cc-9aa4002d8aea,"Archer, W. G. (William George),
         1907-1979",Tribal law and justice: a report on the Santal,1984,522,Monograph,Santal,Asia,South Asia,intensive agriculturalists,,"684,835",https://ehrafworldcultures.yale.edu/sres/fa4dd66c-2aa9-454d-b3cc-9aa4002d8aea
db5e9268-86e8-4b1f-8139-156aa57ebba6,"Archer, W. G. (William George),
         1907-1979",Tribal law and justice: a report on the Santal,1984,522,Monograph,Santal,Asia,South Asia,intensive agriculturalists,,"684,835",https://ehrafworldcultures.yale.edu/sres/db5e9268-86e8-4b1f-8139-156aa57ebba6
3d337e62-9c92-4fe6-bd8d-8789763b3471,"Archer, W. G. (William George),
         1907-1979",Tribal law and justice: a report on the Santal,1984,522,Monograph,Santal,Asia,South Asia,intensive agriculturalists,,"684,835",https://ehrafworldcultures.yale.edu/sres/3d337e62-9c92-4fe6-bd8d-8789763b3471
a159d6f1-5c26-454e-8b87-b550e76701fe,"Archer, W. G. (William George),
         1907-1979",Tribal law and justice: a report on the Santal,1984,522,Monograph,Santal,Asia,South Asia,intensive agriculturalists,,"684,835",https://ehrafworldcultures.yale.edu/sres/a159d6f1-5c26-454e-8b87-b550e76701fe
e696ab6b-0b7c-44aa-9c5c-d8cfba7fc34e,"Archer, W. G. (William George),
         1907-1979",Tribal law and justice: a report on the Santal,1984,522,Monograph,Santal,Asia,South Asia,intensive agriculturalists,,"684,835",https://ehrafworldcultures.yale.edu/sres/e696ab6b-0b7c-44aa-9c5c-d8cfba7fc34e
486fa878-370b-4ee8-a9e4-dfe6681fc7cb,"Archer, W. G. (William George),
         1907-1979",Tribal law and justice: a report on the Santal,1984,524,Monograph,Santal,Asia,South Asia,intensive agriculturalists,,"684,835",https://ehrafworldcultures.yale.edu/sres/486fa878-370b-4ee8-a9e4-dfe6681fc7cb
c5c4bbf0-e900-4184-a1e9-d285ca1fc778,"Archer, W. G. (William George),
         1907-1979",Tribal law and justice: a report on the Santal,1984,524,Monograph,Santal,Asia,South Asia,intensive agriculturalists,,"684,835",https://ehrafworldcultures.yale.edu/sres/c5c4bbf0-e900-4184-a1e9-d285ca1fc778
2544a4c5-7d95-473d-abd3-371f22fa87b9,"Archer, W. G. (William George),
         1907-1979",Tribal law and justice: a report on the Santal,1984,525,Monograph,Santal,Asia,South Asia,intensive agriculturalists,,"684,835",https://ehrafworldcultures.yale.edu/sres/2544a4c5-7d95-473d-abd3-371f22fa87b9
3cc8c79b-25c4-40a3-916d-786b3de5b09c,"Archer, W. G. (William George),
         1907-1979",Tribal law and justice: a report on the Santal,1984,525,Monograph,Santal,Asia,South Asia,intensive agriculturalists,,"583,684,835,837",https://ehrafworldcultures.yale.edu/sres/3cc8c79b-25c4-40a3-916d-786b3de5b09c
148c1bd5-098e-453b-a679-4c98b00ec3be,"Archer, W. G. (William George),
         1907-1979",Tribal law and justice: a report on the Santal,1984,525,Monograph,Santal,Asia,South Asia,intensive agriculturalists,,"588,614,684,835",https://ehrafworldcultures.yale.edu/sres/148c1bd5-098e-453b-a679-4c98b00ec3be
d163d94e-dc80-48e2-ac26-3865b3bbb8ac,"Archer, W. G. (William George),
         1907-1979",Tribal law and justice: a report on the Santal,1984,525,Monograph,Santal,Asia,South Asia,intensive agriculturalists,,"588,614,684,835",https://ehrafworldcultures.yale.edu/sres/d163d94e-dc80-48e2-ac26-3865b3bbb8ac
ec72acee-86cd-4dec-b571-1efee51bfd7c,"Archer, W. G. (William George),
         1907-1979",Tribal law and justice: a report on the Santal,1984,525,Monograph,Santal,Asia,South Asia,intensive agriculturalists,,"588,614,684,835",https://ehrafworldcultures.yale.edu/sres/ec72acee-86cd-4dec-b571-1efee51bfd7c
15fce1f4-2e98-4229-9779-7e5475a31c9d,"Archer, W. G. (William George),
         1907-1979",Tribal law and justice: a report on the Santal,1984,525,Monograph,Santal,Asia,South Asia,intensive agriculturalists,,"588,684,835",https://ehrafworldcultures.yale.edu/sres/15fce1f4-2e98-4229-9779-7e5475a31c9d
0c59b89e-6994-45d3-8928-9cfb74be6b7b,"Archer, W. G. (William George),
         1907-1979",Tribal law and justice: a report on the Santal,1984,526,Monograph,Santal,Asia,South Asia,intensive agriculturalists,,"588,614,684,835",https://ehrafworldcultures.yale.edu/sres/0c59b89e-6994-45d3-8928-9cfb74be6b7b
1150c1cc-3513-4ebd-810e-f2ff8c876d1a,"Archer, W. G. (William George),
         1907-1979",Tribal law and justice: a report on the Santal,1984,527,Monograph,Santal,Asia,South Asia,intensive agriculturalists,,"684,776,782,783,835",https://ehrafworldcultures.yale.edu/sres/1150c1cc-3513-4ebd-810e-f2ff8c876d1a
8410c7d2-6996-4418-8313-ce88e358b5f8,"Archer, W. G. (William George),
         1907-1979",Tribal law and justice: a report on the Santal,1984,528,Monograph,Santal,Asia,South Asia,intensive agriculturalists,,"684,783,839",https://ehrafworldcultures.yale.edu/sres/8410c7d2-6996-4418-8313-ce88e358b5f8
c58b751b-01e1-4af6-beb2-0396f8b93ac6,"Archer, W. G. (William George),
         1907-1979",Tribal law and justice: a report on the Santal,1984,528,Monograph,Santal,Asia,South Asia,intensive agriculturalists,,"273,578,634,681,683,684,692,783,837",https://ehrafworldcultures.yale.edu/sres/c58b751b-01e1-4af6-beb2-0396f8b93ac6
b6907580-f918-44bb-a629-57630559ece0,"Archer, W. G. (William George),
         1907-1979",Tribal law and justice: a report on the Santal,1984,529,Monograph,Santal,Asia,South Asia,intensive agriculturalists,,"681,783",https://ehrafworldcultures.yale.edu/sres/b6907580-f918-44bb-a629-57630559ece0
2e774b50-fc37-4951-8bff-bf84a2987cf0,"Archer, W. G. (William George),
         1907-1979",Tribal law and justice: a report on the Santal,1984,534,Monograph,Santal,Asia,South Asia,intensive agriculturalists,,"264,593,689,784",https://ehrafworldcultures.yale.edu/sres/2e774b50-fc37-4951-8bff-bf84a2987cf0
b5e9addd-44d1-4bb4-864e-144f5a4a9e56,"Archer, W. G. (William George),
         1907-1979",Tribal law and justice: a report on the Santal,1984,[p.536],Monograph,Santal,Asia,South Asia,intensive agriculturalists,,"674,681,684",https://ehrafworldcultures.yale.edu/sres/b5e9addd-44d1-4bb4-864e-144f5a4a9e56
92af4f8a-1b84-4057-aec1-08999fb23542,"Archer, W. G. (William George),
         1907-1979",Tribal law and justice: a report on the Santal,1984,[p.536],Monograph,Santal,Asia,South Asia,intensive agriculturalists,,"000,674,681,684",https://ehrafworldcultures.yale.edu/sres/92af4f8a-1b84-4057-aec1-08999fb23542
79993301-4bfa-4bf1-8767-ae050c677fc4,"Archer, W. G. (William George),
         1907-1979",Tribal law and justice: a report on the Santal,1984,537,Monograph,Santal,Asia,South Asia,intensive agriculturalists,,"681,796",https://ehrafworldcultures.yale.edu/sres/79993301-4bfa-4bf1-8767-ae050c677fc4
25e52a8f-e292-42c8-8a5a-899b93a427c7,"Archer, W. G. (William George),
         1907-1979",Tribal law and justice: a report on the Santal,1984,537,Monograph,Santal,Asia,South Asia,intensive agriculturalists,,"681,796",https://ehrafworldcultures.yale.edu/sres/25e52a8f-e292-42c8-8a5a-899b93a427c7
3dcc7376-73b6-441e-8ae1-8a50b924a285,"Archer, W. G. (William George),
         1907-1979",Tribal law and justice: a report on the Santal,1984,537,Monograph,Santal,Asia,South Asia,intensive agriculturalists,,"681,692,695",https://ehrafworldcultures.yale.edu/sres/3dcc7376-73b6-441e-8ae1-8a50b924a285
bded482f-c372-4915-af39-b3b7ed0d853f,"Archer, W. G. (William George),
         1907-1979",Tribal law and justice: a report on the Santal,1984,542,Monograph,Santal,Asia,South Asia,intensive agriculturalists,,"634,681,692",https://ehrafworldcultures.yale.edu/sres/bded482f-c372-4915-af39-b3b7ed0d853f
bd7b282b-0233-446b-a822-b3e9456d336f,"Archer, W. G. (William George),
         1907-1979",Tribal law and justice: a report on the Santal,1984,542,Monograph,Santal,Asia,South Asia,intensive agriculturalists,,"634,681,692",https://ehrafworldcultures.yale.edu/sres/bd7b282b-0233-446b-a822-b3e9456d336f
ecbb7593-8d00-4c13-97f5-bc4a395f2a46,"Archer, W. G. (William George),
         1907-1979",Tribal law and justice: a report on the Santal,1984,542,Monograph,Santal,Asia,South Asia,intensive agriculturalists,,"634,684,692,835",https://ehrafworldcultures.yale.edu/sres/ecbb7593-8d00-4c13-97f5-bc4a395f2a46
2f5029b4-4810-4e60-9ba1-750ba8ee71ed,"Archer, W. G. (William George),
         1907-1979",Tribal law and justice: a report on the Santal,1984,542,Monograph,Santal,Asia,South Asia,intensive agriculturalists,,"178,634,681,692",https://ehrafworldcultures.yale.edu/sres/2f5029b4-4810-4e60-9ba1-750ba8ee71ed
38302653-8d46-433f-9b94-576716dd9466,"Archer, W. G. (William George),
         1907-1979",Tribal law and justice: a report on the Santal,1984,543,Monograph,Santal,Asia,South Asia,intensive agriculturalists,,681,https://ehrafworldcultures.yale.edu/sres/38302653-8d46-433f-9b94-576716dd9466
b83d9b5a-791f-45d8-8f5a-7579da291dde,"Archer, W. G. (William George),
         1907-1979",Tribal law and justice: a report on the Santal,1984,544,Monograph,Santal,Asia,South Asia,intensive agriculturalists,,681,https://ehrafworldcultures.yale.edu/sres/b83d9b5a-791f-45d8-8f5a-7579da291dde
1b88449d-1deb-4127-9c8f-5c2f2b575275,"Archer, W. G. (William George),
         1907-1979",Tribal law and justice: a report on the Santal,1984,544,Monograph,Santal,Asia,South Asia,intensive agriculturalists,,"574,634,681,689",https://ehrafworldcultures.yale.edu/sres/1b88449d-1deb-4127-9c8f-5c2f2b575275
be622c6b-857d-4f1c-b152-4ae6fd75d4fc,"Archer, W. G. (William George),
         1907-1979",Tribal law and justice: a report on the Santal,1984,544,Monograph,Santal,Asia,South Asia,intensive agriculturalists,,"574,634,681,689",https://ehrafworldcultures.yale.edu/sres/be622c6b-857d-4f1c-b152-4ae6fd75d4fc
c5942237-fbe4-440e-98e4-fb1e402814f1,"Archer, W. G. (William George),
         1907-1979",Tribal law and justice: a report on the Santal,1984,544,Monograph,Santal,Asia,South Asia,intensive agriculturalists,,681,https://ehrafworldcultures.yale.edu/sres/c5942237-fbe4-440e-98e4-fb1e402814f1
07cb8476-7fd5-4c7e-b7ea-8d58e0a36152,"Archer, W. G. (William George),
         1907-1979",Tribal law and justice: a report on the Santal,1984,544,Monograph,Santal,Asia,South Asia,intensive agriculturalists,,684,https://ehrafworldcultures.yale.edu/sres/07cb8476-7fd5-4c7e-b7ea-8d58e0a36152
03da09bd-b87c-401a-9816-f375e4fbbdbe,"Archer, W. G. (William George),
         1907-1979",Tribal law and justice: a report on the Santal,1984,544,Monograph,Santal,Asia,South Asia,intensive agriculturalists,,"574,681,684,782",https://ehrafworldcultures.yale.edu/sres/03da09bd-b87c-401a-9816-f375e4fbbdbe
5bc019ee-c821-4ff9-b430-f31f98c9ad00,"Archer, W. G. (William George),
         1907-1979",Tribal law and justice: a report on the Santal,1984,545,Monograph,Santal,Asia,South Asia,intensive agriculturalists,,"683,684",https://ehrafworldcultures.yale.edu/sres/5bc019ee-c821-4ff9-b430-f31f98c9ad00
5b5716a1-4b5b-40f6-9b46-f1449d16dd27,"Archer, W. G. (William George),
         1907-1979",Tribal law and justice: a report on the Santal,1984,546,Monograph,Santal,Asia,South Asia,intensive agriculturalists,,"583,681,765",https://ehrafworldcultures.yale.edu/sres/5b5716a1-4b5b-40f6-9b46-f1449d16dd27
539036fa-e4d7-4bc4-b530-cb1e04661fc9,"Archer, W. G. (William George),
         1907-1979",Tribal law and justice: a report on the Santal,1984,546,Monograph,Santal,Asia,South Asia,intensive agriculturalists,,"583,684,765",https://ehrafworldcultures.yale.edu/sres/539036fa-e4d7-4bc4-b530-cb1e04661fc9
281c1ba7-e12b-4ea7-940e-b55996ae8646,"Archer, W. G. (William George),
         1907-1979",Tribal law and justice: a report on the Santal,1984,546,Monograph,Santal,Asia,South Asia,intensive agriculturalists,,"583,684,765",https://ehrafworldcultures.yale.edu/sres/281c1ba7-e12b-4ea7-940e-b55996ae8646
fdd87175-2005-4917-9f75-d6c1f9b984c8,"Archer, W. G. (William George),
         1907-1979",Tribal law and justice: a report on the Santal,1984,546,Monograph,Santal,Asia,South Asia,intensive agriculturalists,,"583,684,765",https://ehrafworldcultures.yale.edu/sres/fdd87175-2005-4917-9f75-d6c1f9b984c8
e75a552c-7e8c-4c51-8060-39665f73adc8,"Archer, W. G. (William George),
         1907-1979",Tribal law and justice: a report on the Santal,1984,546,Monograph,Santal,Asia,South Asia,intensive agriculturalists,,"428,583,684,765",https://ehrafworldcultures.yale.edu/sres/e75a552c-7e8c-4c51-8060-39665f73adc8
e629ec45-6ad5-4b27-aafb-acbb58b77166,"Archer, W. G. (William George),
         1907-1979",Tribal law and justice: a report on the Santal,1984,546,Monograph,Santal,Asia,South Asia,intensive agriculturalists,,"428,583,684,765",https://ehrafworldcultures.yale.edu/sres/e629ec45-6ad5-4b27-aafb-acbb58b77166
c130cc53-1874-4d4b-bd5c-445062c82870,"Archer, W. G. (William George),
         1907-1979",Tribal law and justice: a report on the Santal,1984,548,Monograph,Santal,Asia,South Asia,intensive agriculturalists,,"684,837",https://ehrafworldcultures.yale.edu/sres/c130cc53-1874-4d4b-bd5c-445062c82870
b92a69c7-9238-4351-a9d5-de68a08acb00,"Archer, W. G. (William George),
         1907-1979",Tribal law and justice: a report on the Santal,1984,548,Monograph,Santal,Asia,South Asia,intensive agriculturalists,,681,https://ehrafworldcultures.yale.edu/sres/b92a69c7-9238-4351-a9d5-de68a08acb00
b7643986-a10a-415b-ab4a-74de9af06773,"Archer, W. G. (William George),
         1907-1979",Tribal law and justice: a report on the Santal,1984,549,Monograph,Santal,Asia,South Asia,intensive agriculturalists,,"681,796",https://ehrafworldcultures.yale.edu/sres/b7643986-a10a-415b-ab4a-74de9af06773
a448bb5a-26e3-47ef-b762-0e11c89482cf,"Archer, W. G. (William George),
         1907-1979",Tribal law and justice: a report on the Santal,1984,549,Monograph,Santal,Asia,South Asia,intensive agriculturalists,,"681,796",https://ehrafworldcultures.yale.edu/sres/a448bb5a-26e3-47ef-b762-0e11c89482cf
5ffdc796-894c-435b-bc75-97bda3055109,"Archer, W. G. (William George),
         1907-1979",Tribal law and justice: a report on the Santal,1984,549,Monograph,Santal,Asia,South Asia,intensive agriculturalists,,"634,681,796",https://ehrafworldcultures.yale.edu/sres/5ffdc796-894c-435b-bc75-97bda3055109
e0826750-03df-43e4-888b-219f7414a379,"Archer, W. G. (William George),
         1907-1979",Tribal law and justice: a report on the Santal,1984,549,Monograph,Santal,Asia,South Asia,intensive agriculturalists,,"634,681,796",https://ehrafworldcultures.yale.edu/sres/e0826750-03df-43e4-888b-219f7414a379
d0ecd9ca-a426-4d7a-8f1d-ac809c644d0e,"Archer, W. G. (William George),
         1907-1979",Tribal law and justice: a report on the Santal,1984,549,Monograph,Santal,Asia,South Asia,intensive agriculturalists,,"634,681,796",https://ehrafworldcultures.yale.edu/sres/d0ecd9ca-a426-4d7a-8f1d-ac809c644d0e
56bb77b0-b342-43a0-894f-506669a08ebe,"Archer, W. G. (William George),
         1907-1979",Tribal law and justice: a report on the Santal,1984,550,Monograph,Santal,Asia,South Asia,intensive agriculturalists,,"202,211,634,681,796",https://ehrafworldcultures.yale.edu/sres/56bb77b0-b342-43a0-894f-506669a08ebe
cebb9497-041a-460b-9d6f-a5eb94799a89,"Archer, W. G. (William George),
         1907-1979",Tribal law and justice: a report on the Santal,1984,550,Monograph,Santal,Asia,South Asia,intensive agriculturalists,,"202,681,796",https://ehrafworldcultures.yale.edu/sres/cebb9497-041a-460b-9d6f-a5eb94799a89
866b175f-0e31-4207-bcfc-2532f9f6f010,"Archer, W. G. (William George),
         1907-1979",Tribal law and justice: a report on the Santal,1984,550,Monograph,Santal,Asia,South Asia,intensive agriculturalists,,"184,202,681,796",https://ehrafworldcultures.yale.edu/sres/866b175f-0e31-4207-bcfc-2532f9f6f010
a9629eb1-d90f-4c48-be52-f1193768b135,"Archer, W. G. (William George),
         1907-1979",Tribal law and justice: a report on the Santal,1984,550,Monograph,Santal,Asia,South Asia,intensive agriculturalists,,"184,202,681,796",https://ehrafworldcultures.yale.edu/sres/a9629eb1-d90f-4c48-be52-f1193768b135
191c6dad-5188-4d36-a9f9-b358af58e6f7,"Archer, W. G. (William George),
         1907-1979",Tribal law and justice: a report on the Santal,1984,550,Monograph,Santal,Asia,South Asia,intensive agriculturalists,,"184,202,681,796",https://ehrafworldcultures.yale.edu/sres/191c6dad-5188-4d36-a9f9-b358af58e6f7
74966469-a9df-4b46-a930-d9060e677537,"Archer, W. G. (William George),
         1907-1979",Tribal law and justice: a report on the Santal,1984,550,Monograph,Santal,Asia,South Asia,intensive agriculturalists,,"202,681,796",https://ehrafworldcultures.yale.edu/sres/74966469-a9df-4b46-a930-d9060e677537
b9b2758c-acd8-48f7-9557-97a6499a575d,"Archer, W. G. (William George),
         1907-1979",Tribal law and justice: a report on the Santal,1984,550,Monograph,Santal,Asia,South Asia,intensive agriculturalists,,"202,681,796",https://ehrafworldcultures.yale.edu/sres/b9b2758c-acd8-48f7-9557-97a6499a575d
888a9a23-d488-4508-becf-a457f094a76b,"Archer, W. G. (William George),
         1907-1979",Tribal law and justice: a report on the Santal,1984,551,Monograph,Santal,Asia,South Asia,intensive agriculturalists,,"202,634,681",https://ehrafworldcultures.yale.edu/sres/888a9a23-d488-4508-becf-a457f094a76b
fd63ac2e-2051-4d00-bae3-f3f22a6ebfec,"Archer, W. G. (William George),
         1907-1979",Tribal law and justice: a report on the Santal,1984,551,Monograph,Santal,Asia,South Asia,intensive agriculturalists,,"202,681",https://ehrafworldcultures.yale.edu/sres/fd63ac2e-2051-4d00-bae3-f3f22a6ebfec
ee0d08e0-6cd7-427f-aa2a-3a6a7d86d670,"Archer, W. G. (William George),
         1907-1979",Tribal law and justice: a report on the Santal,1984,551,Monograph,Santal,Asia,South Asia,intensive agriculturalists,,"202,634,684,837",https://ehrafworldcultures.yale.edu/sres/ee0d08e0-6cd7-427f-aa2a-3a6a7d86d670
fb30e622-0bac-4a13-906e-86c59c000a41,"Archer, W. G. (William George),
         1907-1979",Tribal law and justice: a report on the Santal,1984,551,Monograph,Santal,Asia,South Asia,intensive agriculturalists,,"202,684",https://ehrafworldcultures.yale.edu/sres/fb30e622-0bac-4a13-906e-86c59c000a41
ac3d93b7-e9b2-42b2-beef-f5d567ebddcf,"Archer, W. G. (William George),
         1907-1979",Tribal law and justice: a report on the Santal,1984,551,Monograph,Santal,Asia,South Asia,intensive agriculturalists,,"202,684",https://ehrafworldcultures.yale.edu/sres/ac3d93b7-e9b2-42b2-beef-f5d567ebddcf
45c1d514-3725-48fe-b719-25eec6a6ca85,"Archer, W. G. (William George),
         1907-1979",Tribal law and justice: a report on the Santal,1984,552,Monograph,Santal,Asia,South Asia,intensive agriculturalists,,"184,202,681",https://ehrafworldcultures.yale.edu/sres/45c1d514-3725-48fe-b719-25eec6a6ca85
bd70f595-00ed-4b3c-bbf1-b1816b316163,"Archer, W. G. (William George),
         1907-1979",Tribal law and justice: a report on the Santal,1984,552,Monograph,Santal,Asia,South Asia,intensive agriculturalists,,"578,622,624,681,796",https://ehrafworldcultures.yale.edu/sres/bd70f595-00ed-4b3c-bbf1-b1816b316163
121192e7-7af8-4dfc-80f4-d016ba8cbc23,"Archer, W. G. (William George),
         1907-1979",Tribal law and justice: a report on the Santal,1984,552,Monograph,Santal,Asia,South Asia,intensive agriculturalists,,"202,578,681,796",https://ehrafworldcultures.yale.edu/sres/121192e7-7af8-4dfc-80f4-d016ba8cbc23
288938fc-d121-46e8-9cf1-f88ffa665c64,"Archer, W. G. (William George),
         1907-1979",Tribal law and justice: a report on the Santal,1984,552,Monograph,Santal,Asia,South Asia,intensive agriculturalists,,"202,578,681,796",https://ehrafworldcultures.yale.edu/sres/288938fc-d121-46e8-9cf1-f88ffa665c64
6e0f61a8-9097-4105-bfa4-26d43668830c,"Archer, W. G. (William George),
         1907-1979",Tribal law and justice: a report on the Santal,1984,553,Monograph,Santal,Asia,South Asia,intensive agriculturalists,,"202,578,624,625,681,796",https://ehrafworldcultures.yale.edu/sres/6e0f61a8-9097-4105-bfa4-26d43668830c
c6508c10-3eb8-4691-ab2f-0c8824450ce5,"Archer, W. G. (William George),
         1907-1979",Tribal law and justice: a report on the Santal,1984,554,Monograph,Santal,Asia,South Asia,intensive agriculturalists,,"624,681,692",https://ehrafworldcultures.yale.edu/sres/c6508c10-3eb8-4691-ab2f-0c8824450ce5
8cfdc8f6-0fad-4fed-a7eb-9f1e7fd1d64e,"Archer, W. G. (William George),
         1907-1979",Tribal law and justice: a report on the Santal,1984,554,Monograph,Santal,Asia,South Asia,intensive agriculturalists,,"184,681,692",https://ehrafworldcultures.yale.edu/sres/8cfdc8f6-0fad-4fed-a7eb-9f1e7fd1d64e
0707dcd3-ec82-4328-baa7-22f40636b6bc,"Archer, W. G. (William George),
         1907-1979",Tribal law and justice: a report on the Santal,1984,554,Monograph,Santal,Asia,South Asia,intensive agriculturalists,,"184,681",https://ehrafworldcultures.yale.edu/sres/0707dcd3-ec82-4328-baa7-22f40636b6bc
e4bc1d9e-9a20-4b3d-b639-34d2e9fb7577,"Archer, W. G. (William George),
         1907-1979",Tribal law and justice: a report on the Santal,1984,554,Monograph,Santal,Asia,South Asia,intensive agriculturalists,,684,https://ehrafworldcultures.yale.edu/sres/e4bc1d9e-9a20-4b3d-b639-34d2e9fb7577
b29e6182-a3f0-436c-bd17-c603af088da1,"Archer, W. G. (William George),
         1907-1979",Tribal law and justice: a report on the Santal,1984,554,Monograph,Santal,Asia,South Asia,intensive agriculturalists,,"684,689",https://ehrafworldcultures.yale.edu/sres/b29e6182-a3f0-436c-bd17-c603af088da1
9534c6e4-fa26-40e8-a828-92f255433c4f,"Archer, W. G. (William George),
         1907-1979",Tribal law and justice: a report on the Santal,1984,555,Monograph,Santal,Asia,South Asia,intensive agriculturalists,,"202,634,681",https://ehrafworldcultures.yale.edu/sres/9534c6e4-fa26-40e8-a828-92f255433c4f
50c43a15-ed54-4b13-ae0c-07cb7624d9c4,"Archer, W. G. (William George),
         1907-1979",Tribal law and justice: a report on the Santal,1984,555,Monograph,Santal,Asia,South Asia,intensive agriculturalists,,"634,681",https://ehrafworldcultures.yale.edu/sres/50c43a15-ed54-4b13-ae0c-07cb7624d9c4
af69ca14-05c9-4bae-ad29-aecdc4551f68,"Archer, W. G. (William George),
         1907-1979",Tribal law and justice: a report on the Santal,1984,555,Monograph,Santal,Asia,South Asia,intensive agriculturalists,,"681,796",https://ehrafworldcultures.yale.edu/sres/af69ca14-05c9-4bae-ad29-aecdc4551f68
722bd535-8f97-4e43-a07d-7f70faf4b81d,"Archer, W. G. (William George),
         1907-1979",Tribal law and justice: a report on the Santal,1984,555,Monograph,Santal,Asia,South Asia,intensive agriculturalists,,"114,684,796",https://ehrafworldcultures.yale.edu/sres/722bd535-8f97-4e43-a07d-7f70faf4b81d
80514d6b-87eb-4214-9150-8ace85fc924a,"Archer, W. G. (William George),
         1907-1979",Tribal law and justice: a report on the Santal,1984,556,Monograph,Santal,Asia,South Asia,intensive agriculturalists,,"684,692",https://ehrafworldcultures.yale.edu/sres/80514d6b-87eb-4214-9150-8ace85fc924a
c2f02bfe-d3b4-44ac-9a56-006e25457737,"Archer, W. G. (William George),
         1907-1979",Tribal law and justice: a report on the Santal,1984,556,Monograph,Santal,Asia,South Asia,intensive agriculturalists,,"684,692",https://ehrafworldcultures.yale.edu/sres/c2f02bfe-d3b4-44ac-9a56-006e25457737
4dbfef49-a621-43eb-8252-667e21c0e802,"Archer, W. G. (William George),
         1907-1979",Tribal law and justice: a report on the Santal,1984,556,Monograph,Santal,Asia,South Asia,intensive agriculturalists,,"684,692",https://ehrafworldcultures.yale.edu/sres/4dbfef49-a621-43eb-8252-667e21c0e802
6f348a30-bb59-433b-bcca-37521c208560,"Archer, W. G. (William George),
         1907-1979",Tribal law and justice: a report on the Santal,1984,556,Monograph,Santal,Asia,South Asia,intensive agriculturalists,,"684,692",https://ehrafworldcultures.yale.edu/sres/6f348a30-bb59-433b-bcca-37521c208560
34ab815f-0f52-4e75-81be-a8f326576dba,"Archer, W. G. (William George),
         1907-1979",Tribal law and justice: a report on the Santal,1984,556,Monograph,Santal,Asia,South Asia,intensive agriculturalists,,"684,692",https://ehrafworldcultures.yale.edu/sres/34ab815f-0f52-4e75-81be-a8f326576dba
5dd7a04f-2f75-471b-9e5c-71a6810dc36a,"Archer, W. G. (William George),
         1907-1979",Tribal law and justice: a report on the Santal,1984,556,Monograph,Santal,Asia,South Asia,intensive agriculturalists,,"684,692",https://ehrafworldcultures.yale.edu/sres/5dd7a04f-2f75-471b-9e5c-71a6810dc36a
bd3dd02b-8f80-4dfe-8e18-2b0857a83da2,"Archer, W. G. (William George),
         1907-1979",Tribal law and justice: a report on the Santal,1984,556,Monograph,Santal,Asia,South Asia,intensive agriculturalists,,"684,692",https://ehrafworldcultures.yale.edu/sres/bd3dd02b-8f80-4dfe-8e18-2b0857a83da2
6844a70c-1326-4b75-b875-4dd64ab50b6a,"Archer, W. G. (William George),
         1907-1979",Tribal law and justice: a report on the Santal,1984,557,Monograph,Santal,Asia,South Asia,intensive agriculturalists,,"684,692",https://ehrafworldcultures.yale.edu/sres/6844a70c-1326-4b75-b875-4dd64ab50b6a
5471209e-07f6-41bf-86ca-ff95105de640,"Archer, W. G. (William George),
         1907-1979",Tribal law and justice: a report on the Santal,1984,560,Monograph,Santal,Asia,South Asia,intensive agriculturalists,,"182,684,796,831",https://ehrafworldcultures.yale.edu/sres/5471209e-07f6-41bf-86ca-ff95105de640
f47e3719-22b8-43d3-ba33-54044d3f8f06,"Archer, W. G. (William George),
         1907-1979",Tribal law and justice: a report on the Santal,1984,560,Monograph,Santal,Asia,South Asia,intensive agriculturalists,,"182,533,539,684,796",https://ehrafworldcultures.yale.edu/sres/f47e3719-22b8-43d3-ba33-54044d3f8f06
79947a29-6fe6-4b7c-9e0f-4458901cb629,"Archer, W. G. (William George),
         1907-1979",Tribal law and justice: a report on the Santal,1984,560,Monograph,Santal,Asia,South Asia,intensive agriculturalists,,"182,533,539,684,796",https://ehrafworldcultures.yale.edu/sres/79947a29-6fe6-4b7c-9e0f-4458901cb629
7aa06abc-7845-4c98-b006-76e53c088fde,"Archer, W. G. (William George),
         1907-1979",Tribal law and justice: a report on the Santal,1984,560,Monograph,Santal,Asia,South Asia,intensive agriculturalists,,"182,533,539,684,796",https://ehrafworldcultures.yale.edu/sres/7aa06abc-7845-4c98-b006-76e53c088fde
d216c84c-f19c-4b50-be58-a806eb247fcb,"Archer, W. G. (William George),
         1907-1979",Tribal law and justice: a report on the Santal,1984,560,Monograph,Santal,Asia,South Asia,intensive agriculturalists,,"182,533,539,684,796",https://ehrafworldcultures.yale.edu/sres/d216c84c-f19c-4b50-be58-a806eb247fcb
d28c62f8-e547-47ae-8466-f77205cc5df0,"Archer, W. G. (William George),
         1907-1979",Tribal law and justice: a report on the Santal,1984,560,Monograph,Santal,Asia,South Asia,intensive agriculturalists,,"182,183,681,796",https://ehrafworldcultures.yale.edu/sres/d28c62f8-e547-47ae-8466-f77205cc5df0
afd3e902-20ed-4453-a442-7b82975b7b0d,"Archer, W. G. (William George),
         1907-1979",Tribal law and justice: a report on the Santal,1984,564,Monograph,Santal,Asia,South Asia,intensive agriculturalists,,"681,796",https://ehrafworldcultures.yale.edu/sres/afd3e902-20ed-4453-a442-7b82975b7b0d
358bb893-16d4-4cf7-840d-85d5f4fb7d28,"Archer, W. G. (William George),
         1907-1979",Tribal law and justice: a report on the Santal,1984,564,Monograph,Santal,Asia,South Asia,intensive agriculturalists,,"224,681,692",https://ehrafworldcultures.yale.edu/sres/358bb893-16d4-4cf7-840d-85d5f4fb7d28
c8033dcb-78f2-4b05-8284-23547b4d789b,"Archer, W. G. (William George),
         1907-1979",Tribal law and justice: a report on the Santal,1984,564,Monograph,Santal,Asia,South Asia,intensive agriculturalists,,681,https://ehrafworldcultures.yale.edu/sres/c8033dcb-78f2-4b05-8284-23547b4d789b
93c264e9-fb34-46d2-b193-98e1b15b2d43,"Archer, W. G. (William George),
         1907-1979",Tribal law and justice: a report on the Santal,1984,564,Monograph,Santal,Asia,South Asia,intensive agriculturalists,,"184,423,428,562,681",https://ehrafworldcultures.yale.edu/sres/93c264e9-fb34-46d2-b193-98e1b15b2d43
2d600854-007e-448f-9a5e-113394edb871,"Archer, W. G. (William George),
         1907-1979",Tribal law and justice: a report on the Santal,1984,564,Monograph,Santal,Asia,South Asia,intensive agriculturalists,,"428,562,681,684",https://ehrafworldcultures.yale.edu/sres/2d600854-007e-448f-9a5e-113394edb871
160d35f4-db11-48dd-b06b-2b9e943b9cde,"Archer, W. G. (William George),
         1907-1979",Tribal law and justice: a report on the Santal,1984,565,Monograph,Santal,Asia,South Asia,intensive agriculturalists,,"681,764,765,775",https://ehrafworldcultures.yale.edu/sres/160d35f4-db11-48dd-b06b-2b9e943b9cde
cd28edbc-b70a-413c-96aa-b6c816d266f8,"Archer, W. G. (William George),
         1907-1979",Tribal law and justice: a report on the Santal,1984,565,Monograph,Santal,Asia,South Asia,intensive agriculturalists,,"681,684,776,782,783",https://ehrafworldcultures.yale.edu/sres/cd28edbc-b70a-413c-96aa-b6c816d266f8
5ded273e-bc55-4273-8383-2440855fdf57,"Archer, W. G. (William George),
         1907-1979",Tribal law and justice: a report on the Santal,1984,565,Monograph,Santal,Asia,South Asia,intensive agriculturalists,,681,https://ehrafworldcultures.yale.edu/sres/5ded273e-bc55-4273-8383-2440855fdf57
21da14b0-f1c7-41b9-a90a-6aafc9079025,"Archer, W. G. (William George),
         1907-1979",Tribal law and justice: a report on the Santal,1984,566,Monograph,Santal,Asia,South Asia,intensive agriculturalists,,"684,689,756,757",https://ehrafworldcultures.yale.edu/sres/21da14b0-f1c7-41b9-a90a-6aafc9079025
66ebc880-c3db-43ea-87c2-516d1514b958,"Archer, W. G. (William George),
         1907-1979",Tribal law and justice: a report on the Santal,1984,566,Monograph,Santal,Asia,South Asia,intensive agriculturalists,,681,https://ehrafworldcultures.yale.edu/sres/66ebc880-c3db-43ea-87c2-516d1514b958
a6b9f2d8-182c-4d74-9fad-99f67e1a8536,"Archer, W. G. (William George),
         1907-1979",Tribal law and justice: a report on the Santal,1984,566,Monograph,Santal,Asia,South Asia,intensive agriculturalists,,684,https://ehrafworldcultures.yale.edu/sres/a6b9f2d8-182c-4d74-9fad-99f67e1a8536
b5b5b2d1-a53c-4d17-9f64-1854f1e24c5e,"Archer, W. G. (William George),
         1907-1979",Tribal law and justice: a report on the Santal,1984,566,Monograph,Santal,Asia,South Asia,intensive agriculturalists,,"681,783",https://ehrafworldcultures.yale.edu/sres/b5b5b2d1-a53c-4d17-9f64-1854f1e24c5e
81e51009-920b-4c2d-8bf9-97b37fc5049f,"Archer, W. G. (William George),
         1907-1979",Tribal law and justice: a report on the Santal,1984,566,Monograph,Santal,Asia,South Asia,intensive agriculturalists,,681,https://ehrafworldcultures.yale.edu/sres/81e51009-920b-4c2d-8bf9-97b37fc5049f
eebeca61-411a-4b89-9769-17afcf68e6ab,"Archer, W. G. (William George),
         1907-1979",Tribal law and justice: a report on the Santal,1984,566,Monograph,Santal,Asia,South Asia,intensive agriculturalists,,"171,681",https://ehrafworldcultures.yale.edu/sres/eebeca61-411a-4b89-9769-17afcf68e6ab
32d0b439-eb15-4491-b6bb-29e820e70416,"Archer, W. G. (William George),
         1907-1979",Tribal law and justice: a report on the Santal,1984,567,Monograph,Santal,Asia,South Asia,intensive agriculturalists,,681,https://ehrafworldcultures.yale.edu/sres/32d0b439-eb15-4491-b6bb-29e820e70416
e295169f-554b-4337-ba54-e6d8e15f78d4,"Archer, W. G. (William George),
         1907-1979",Tribal law and justice: a report on the Santal,1984,567,Monograph,Santal,Asia,South Asia,intensive agriculturalists,,"574,681",https://ehrafworldcultures.yale.edu/sres/e295169f-554b-4337-ba54-e6d8e15f78d4
780d28ac-f788-4cb8-beb1-1fe736de3e54,"Archer, W. G. (William George),
         1907-1979",Tribal law and justice: a report on the Santal,1984,567,Monograph,Santal,Asia,South Asia,intensive agriculturalists,,"574,634,681,782,783",https://ehrafworldcultures.yale.edu/sres/780d28ac-f788-4cb8-beb1-1fe736de3e54
2ca49544-a51b-41e7-b68e-1bb260c4fad0,"Archer, W. G. (William George),
         1907-1979",Tribal law and justice: a report on the Santal,1984,567,Monograph,Santal,Asia,South Asia,intensive agriculturalists,,"574,634,681,782,783",https://ehrafworldcultures.yale.edu/sres/2ca49544-a51b-41e7-b68e-1bb260c4fad0
2d49f12f-73bf-4bc0-bf06-08cb397724a9,"Archer, W. G. (William George),
         1907-1979",Tribal law and justice: a report on the Santal,1984,568,Monograph,Santal,Asia,South Asia,intensive agriculturalists,,"574,681,783",https://ehrafworldcultures.yale.edu/sres/2d49f12f-73bf-4bc0-bf06-08cb397724a9
973c4e56-b086-4367-838d-fcc1d650f769,"Archer, W. G. (William George),
         1907-1979",Tribal law and justice: a report on the Santal,1984,568,Monograph,Santal,Asia,South Asia,intensive agriculturalists,,"574,681,783",https://ehrafworldcultures.yale.edu/sres/973c4e56-b086-4367-838d-fcc1d650f769
c6f21487-3dbf-40ed-95e2-2a99b27db33f,"Archer, W. G. (William George),
         1907-1979",Tribal law and justice: a report on the Santal,1984,568,Monograph,Santal,Asia,South Asia,intensive agriculturalists,,"574,681,783",https://ehrafworldcultures.yale.edu/sres/c6f21487-3dbf-40ed-95e2-2a99b27db33f
499bee00-45b8-4ced-8ab8-53990c022a3d,"Archer, W. G. (William George),
         1907-1979",Tribal law and justice: a report on the Santal,1984,568,Monograph,Santal,Asia,South Asia,intensive agriculturalists,,"574,628,634,681",https://ehrafworldcultures.yale.edu/sres/499bee00-45b8-4ced-8ab8-53990c022a3d
25b39afd-1a1a-4c6f-baaa-a1b8b71b7c6a,"Archer, W. G. (William George),
         1907-1979",Tribal law and justice: a report on the Santal,1984,568,Monograph,Santal,Asia,South Asia,intensive agriculturalists,,"431,574,684,782",https://ehrafworldcultures.yale.edu/sres/25b39afd-1a1a-4c6f-baaa-a1b8b71b7c6a
34ff3e9d-22cb-4f59-88ea-532bc2536ae5,"Archer, W. G. (William George),
         1907-1979",Tribal law and justice: a report on the Santal,1984,569,Monograph,Santal,Asia,South Asia,intensive agriculturalists,,"574,681",https://ehrafworldcultures.yale.edu/sres/34ff3e9d-22cb-4f59-88ea-532bc2536ae5
cbd88a85-fe9b-4f3b-87ec-579b27227271,"Archer, W. G. (William George),
         1907-1979",Tribal law and justice: a report on the Santal,1984,569,Monograph,Santal,Asia,South Asia,intensive agriculturalists,,681,https://ehrafworldcultures.yale.edu/sres/cbd88a85-fe9b-4f3b-87ec-579b27227271
0474701b-ee02-4376-ad58-29f85decb21e,"Archer, W. G. (William George),
         1907-1979",Tribal law and justice: a report on the Santal,1984,569,Monograph,Santal,Asia,South Asia,intensive agriculturalists,,"574,681,782",https://ehrafworldcultures.yale.edu/sres/0474701b-ee02-4376-ad58-29f85decb21e
5d7e1a42-8a1c-42e9-a744-0476e00d6468,"Archer, W. G. (William George),
         1907-1979",Tribal law and justice: a report on the Santal,1984,570,Monograph,Santal,Asia,South Asia,intensive agriculturalists,,681,https://ehrafworldcultures.yale.edu/sres/5d7e1a42-8a1c-42e9-a744-0476e00d6468
2b83b7f4-c34b-4fac-be4c-a967678959a5,"Archer, W. G. (William George),
         1907-1979",Tribal law and justice: a report on the Santal,1984,570,Monograph,Santal,Asia,South Asia,intensive agriculturalists,,681,https://ehrafworldcultures.yale.edu/sres/2b83b7f4-c34b-4fac-be4c-a967678959a5
40f9d46e-3baf-4c12-b28d-a123cb670007,"Archer, W. G. (William George),
         1907-1979",Tribal law and justice: a report on the Santal,1984,570,Monograph,Santal,Asia,South Asia,intensive agriculturalists,,"684,835",https://ehrafworldcultures.yale.edu/sres/40f9d46e-3baf-4c12-b28d-a123cb670007
d7e88bcd-f37b-49e6-9f61-4baf45330c54,"Archer, W. G. (William George),
         1907-1979",Tribal law and justice: a report on the Santal,1984,570,Monograph,Santal,Asia,South Asia,intensive agriculturalists,,"684,835",https://ehrafworldcultures.yale.edu/sres/d7e88bcd-f37b-49e6-9f61-4baf45330c54
522289c1-1479-497b-a4ea-4d7c03f1ce05,"Archer, W. G. (William George),
         1907-1979",Tribal law and justice: a report on the Santal,1984,570,Monograph,Santal,Asia,South Asia,intensive agriculturalists,,681,https://ehrafworldcultures.yale.edu/sres/522289c1-1479-497b-a4ea-4d7c03f1ce05
183554b0-6023-4667-817e-94eb50224847,"Archer, W. G. (William George),
         1907-1979",Tribal law and justice: a report on the Santal,1984,570,Monograph,Santal,Asia,South Asia,intensive agriculturalists,,681,https://ehrafworldcultures.yale.edu/sres/183554b0-6023-4667-817e-94eb50224847
ef336c4a-df3d-412f-8e2a-748f10e611e1,"Archer, W. G. (William George),
         1907-1979",Tribal law and justice: a report on the Santal,1984,570,Monograph,Santal,Asia,South Asia,intensive agriculturalists,,"684,783,831",https://ehrafworldcultures.yale.edu/sres/ef336c4a-df3d-412f-8e2a-748f10e611e1
4b3f9d66-5944-4a11-9301-4036804e030d,"Archer, W. G. (William George),
         1907-1979",Tribal law and justice: a report on the Santal,1984,571,Monograph,Santal,Asia,South Asia,intensive agriculturalists,,"578,682,684,796",https://ehrafworldcultures.yale.edu/sres/4b3f9d66-5944-4a11-9301-4036804e030d
bb61887d-09c1-459b-bf0f-a91fbeb532cd,"Archer, W. G. (William George),
         1907-1979",Tribal law and justice: a report on the Santal,1984,571,Monograph,Santal,Asia,South Asia,intensive agriculturalists,,"533,684,796",https://ehrafworldcultures.yale.edu/sres/bb61887d-09c1-459b-bf0f-a91fbeb532cd
c708653c-4e48-44bb-8094-9fbd2eb98864,"Archer, W. G. (William George),
         1907-1979",Tribal law and justice: a report on the Santal,1984,571,Monograph,Santal,Asia,South Asia,intensive agriculturalists,,"533,539,684,796",https://ehrafworldcultures.yale.edu/sres/c708653c-4e48-44bb-8094-9fbd2eb98864
74d685cb-a012-42dd-abd1-51fb9ab604b4,"Archer, W. G. (William George),
         1907-1979",Tribal law and justice: a report on the Santal,1984,571,Monograph,Santal,Asia,South Asia,intensive agriculturalists,,"533,684,796",https://ehrafworldcultures.yale.edu/sres/74d685cb-a012-42dd-abd1-51fb9ab604b4
59adfc15-04dd-4173-81cc-2ff63441b84c,"Archer, W. G. (William George),
         1907-1979",Tribal law and justice: a report on the Santal,1984,571,Monograph,Santal,Asia,South Asia,intensive agriculturalists,,"533,539,684,796",https://ehrafworldcultures.yale.edu/sres/59adfc15-04dd-4173-81cc-2ff63441b84c
03e6017d-aefb-4c58-a4c3-82fab6f2831f,"Archer, W. G. (William George),
         1907-1979",Tribal law and justice: a report on the Santal,1984,572,Monograph,Santal,Asia,South Asia,intensive agriculturalists,,"533,684,796",https://ehrafworldcultures.yale.edu/sres/03e6017d-aefb-4c58-a4c3-82fab6f2831f
03810958-35f4-4a95-8771-9b4d9ce80b76,"Archer, W. G. (William George),
         1907-1979",Tribal law and justice: a report on the Santal,1984,572,Monograph,Santal,Asia,South Asia,intensive agriculturalists,,"533,684,796",https://ehrafworldcultures.yale.edu/sres/03810958-35f4-4a95-8771-9b4d9ce80b76
397552d4-ada2-4a93-9a49-b7114e896e29,"Archer, W. G. (William George),
         1907-1979",Tribal law and justice: a report on the Santal,1984,572,Monograph,Santal,Asia,South Asia,intensive agriculturalists,,"533,684,796",https://ehrafworldcultures.yale.edu/sres/397552d4-ada2-4a93-9a49-b7114e896e29
f15d0974-480f-4f7f-9cdc-b6c78f7129d9,"Archer, W. G. (William George),
         1907-1979",Tribal law and justice: a report on the Santal,1984,572,Monograph,Santal,Asia,South Asia,intensive agriculturalists,,"533,684,796",https://ehrafworldcultures.yale.edu/sres/f15d0974-480f-4f7f-9cdc-b6c78f7129d9
dafb2093-9d5a-4f58-82ca-17a1d6036f51,"Archer, W. G. (William George),
         1907-1979",Tribal law and justice: a report on the Santal,1984,572,Monograph,Santal,Asia,South Asia,intensive agriculturalists,,"533,684,796",https://ehrafworldcultures.yale.edu/sres/dafb2093-9d5a-4f58-82ca-17a1d6036f51
979e8994-b42b-487a-b2db-98d333af10a5,"Archer, W. G. (William George),
         1907-1979",Tribal law and justice: a report on the Santal,1984,572,Monograph,Santal,Asia,South Asia,intensive agriculturalists,,"533,681,796",https://ehrafworldcultures.yale.edu/sres/979e8994-b42b-487a-b2db-98d333af10a5
3c872fd1-0b2d-4a23-82b6-2ce4c4d3afd8,"Archer, W. G. (William George),
         1907-1979",Tribal law and justice: a report on the Santal,1984,[p.574],Monograph,Santal,Asia,South Asia,intensive agriculturalists,,"000,674,684",https://ehrafworldcultures.yale.edu/sres/3c872fd1-0b2d-4a23-82b6-2ce4c4d3afd8
f1ca39e3-a1a1-4717-bc64-381fb45a4990,"Archer, W. G. (William George),
         1907-1979",Tribal law and justice: a report on the Santal,1984,578,Monograph,Santal,Asia,South Asia,intensive agriculturalists,,"684,783",https://ehrafworldcultures.yale.edu/sres/f1ca39e3-a1a1-4717-bc64-381fb45a4990
b84d97bf-cd3d-49f3-b320-1edbe693df7f,"Archer, W. G. (William George),
         1907-1979",Tribal law and justice: a report on the Santal,1984,579,Monograph,Santal,Asia,South Asia,intensive agriculturalists,,"634,684",https://ehrafworldcultures.yale.edu/sres/b84d97bf-cd3d-49f3-b320-1edbe693df7f
7c9ff9a6-7636-4264-8997-17d806ca3765,"Archer, W. G. (William George),
         1907-1979",Tribal law and justice: a report on the Santal,1984,579,Monograph,Santal,Asia,South Asia,intensive agriculturalists,,684,https://ehrafworldcultures.yale.edu/sres/7c9ff9a6-7636-4264-8997-17d806ca3765
51f18742-7345-4996-9903-3764bf748f7c,"Archer, W. G. (William George),
         1907-1979",Tribal law and justice: a report on the Santal,1984,580,Monograph,Santal,Asia,South Asia,intensive agriculturalists,,684,https://ehrafworldcultures.yale.edu/sres/51f18742-7345-4996-9903-3764bf748f7c
8b924108-8c36-4629-bffe-56d122026823,"Archer, W. G. (William George),
         1907-1979",Tribal law and justice: a report on the Santal,1984,580,Monograph,Santal,Asia,South Asia,intensive agriculturalists,,684,https://ehrafworldcultures.yale.edu/sres/8b924108-8c36-4629-bffe-56d122026823
e3b6fa8e-eb00-488d-9e7c-def1398f8ce4,"Archer, W. G. (William George),
         1907-1979",Tribal law and justice: a report on the Santal,1984,580,Monograph,Santal,Asia,South Asia,intensive agriculturalists,,684,https://ehrafworldcultures.yale.edu/sres/e3b6fa8e-eb00-488d-9e7c-def1398f8ce4
a750f6a5-a6bb-43d7-95f9-f18add8ab7d0,"Archer, W. G. (William George),
         1907-1979",Tribal law and justice: a report on the Santal,1984,580,Monograph,Santal,Asia,South Asia,intensive agriculturalists,,"684,839",https://ehrafworldcultures.yale.edu/sres/a750f6a5-a6bb-43d7-95f9-f18add8ab7d0
15cdca85-0e16-483a-b541-d0d4e5767594,"Archer, W. G. (William George),
         1907-1979",Tribal law and justice: a report on the Santal,1984,580,Monograph,Santal,Asia,South Asia,intensive agriculturalists,,"574,592,684",https://ehrafworldcultures.yale.edu/sres/15cdca85-0e16-483a-b541-d0d4e5767594
137406d1-d8f8-441c-8531-4438c9ba1f5c,"Archer, W. G. (William George),
         1907-1979",Tribal law and justice: a report on the Santal,1984,580,Monograph,Santal,Asia,South Asia,intensive agriculturalists,,"684,837",https://ehrafworldcultures.yale.edu/sres/137406d1-d8f8-441c-8531-4438c9ba1f5c
68a5de01-1cf7-480c-a569-632506988cc6,"Archer, W. G. (William George),
         1907-1979",Tribal law and justice: a report on the Santal,1984,580,Monograph,Santal,Asia,South Asia,intensive agriculturalists,,684,https://ehrafworldcultures.yale.edu/sres/68a5de01-1cf7-480c-a569-632506988cc6
8d6bda6a-7cc2-49d2-8ae5-e79a802fa9f1,"Archer, W. G. (William George),
         1907-1979",Tribal law and justice: a report on the Santal,1984,580,Monograph,Santal,Asia,South Asia,intensive agriculturalists,,684,https://ehrafworldcultures.yale.edu/sres/8d6bda6a-7cc2-49d2-8ae5-e79a802fa9f1
50f22ea6-a803-4816-9cf6-5654c9325c32,"Archer, W. G. (William George),
         1907-1979",Tribal law and justice: a report on the Santal,1984,580,Monograph,Santal,Asia,South Asia,intensive agriculturalists,,684,https://ehrafworldcultures.yale.edu/sres/50f22ea6-a803-4816-9cf6-5654c9325c32
08f1c875-92de-45b3-9bb4-62efa454d68c,"Archer, W. G. (William George),
         1907-1979",Tribal law and justice: a report on the Santal,1984,580,Monograph,Santal,Asia,South Asia,intensive agriculturalists,,684,https://ehrafworldcultures.yale.edu/sres/08f1c875-92de-45b3-9bb4-62efa454d68c
05ce3d6f-b612-4e71-a726-811de37f8234,"Archer, W. G. (William George),
         1907-1979",Tribal law and justice: a report on the Santal,1984,581,Monograph,Santal,Asia,South Asia,intensive agriculturalists,,684,https://ehrafworldcultures.yale.edu/sres/05ce3d6f-b612-4e71-a726-811de37f8234
ce0f617f-c2f2-477e-ad75-a07b272d427e,"Archer, W. G. (William George),
         1907-1979",Tribal law and justice: a report on the Santal,1984,581,Monograph,Santal,Asia,South Asia,intensive agriculturalists,,684,https://ehrafworldcultures.yale.edu/sres/ce0f617f-c2f2-477e-ad75-a07b272d427e
4226a747-e7b3-422c-b854-59e82808cebf,"Archer, W. G. (William George),
         1907-1979",Tribal law and justice: a report on the Santal,1984,582,Monograph,Santal,Asia,South Asia,intensive agriculturalists,,684,https://ehrafworldcultures.yale.edu/sres/4226a747-e7b3-422c-b854-59e82808cebf
23612957-638c-4156-b333-10c68990a65e,"Archer, W. G. (William George),
         1907-1979",Tribal law and justice: a report on the Santal,1984,582,Monograph,Santal,Asia,South Asia,intensive agriculturalists,,684,https://ehrafworldcultures.yale.edu/sres/23612957-638c-4156-b333-10c68990a65e
5beff764-f4ce-4fd2-a5b3-7547a70c52d6,"Archer, W. G. (William George),
         1907-1979",Tribal law and justice: a report on the Santal,1984,582,Monograph,Santal,Asia,South Asia,intensive agriculturalists,,"684,765",https://ehrafworldcultures.yale.edu/sres/5beff764-f4ce-4fd2-a5b3-7547a70c52d6
dce50928-0e9f-421d-acde-94204f778bf7,"Archer, W. G. (William George),
         1907-1979",Tribal law and justice: a report on the Santal,1984,582,Monograph,Santal,Asia,South Asia,intensive agriculturalists,,"684,765",https://ehrafworldcultures.yale.edu/sres/dce50928-0e9f-421d-acde-94204f778bf7
7bfdf008-b5e3-42a4-b3e0-ea01360f657e,"Archer, W. G. (William George),
         1907-1979",Tribal law and justice: a report on the Santal,1984,582,Monograph,Santal,Asia,South Asia,intensive agriculturalists,,"684,765",https://ehrafworldcultures.yale.edu/sres/7bfdf008-b5e3-42a4-b3e0-ea01360f657e
4d31cc88-3ceb-4de0-8c7d-3c97fadb38ab,"Archer, W. G. (William George),
         1907-1979",Tribal law and justice: a report on the Santal,1984,582,Monograph,Santal,Asia,South Asia,intensive agriculturalists,,"684,783",https://ehrafworldcultures.yale.edu/sres/4d31cc88-3ceb-4de0-8c7d-3c97fadb38ab
f4bcd7b8-ba06-4f18-95f8-553fbe4fbe5a,"Archer, W. G. (William George),
         1907-1979",Tribal law and justice: a report on the Santal,1984,583,Monograph,Santal,Asia,South Asia,intensive agriculturalists,,"684,783,796",https://ehrafworldcultures.yale.edu/sres/f4bcd7b8-ba06-4f18-95f8-553fbe4fbe5a
b0df293c-3832-4fdb-8e83-e349c9b2bc30,"Archer, W. G. (William George),
         1907-1979",Tribal law and justice: a report on the Santal,1984,583,Monograph,Santal,Asia,South Asia,intensive agriculturalists,,"684,783,796",https://ehrafworldcultures.yale.edu/sres/b0df293c-3832-4fdb-8e83-e349c9b2bc30
ffb06a8b-af30-465d-bfba-e152fd56152d,"Archer, W. G. (William George),
         1907-1979",Tribal law and justice: a report on the Santal,1984,583,Monograph,Santal,Asia,South Asia,intensive agriculturalists,,"684,783,796",https://ehrafworldcultures.yale.edu/sres/ffb06a8b-af30-465d-bfba-e152fd56152d
2d74cf20-df03-4d0f-b82d-0423a7761104,"Archer, W. G. (William George),
         1907-1979",Tribal law and justice: a report on the Santal,1984,583,Monograph,Santal,Asia,South Asia,intensive agriculturalists,,"684,783,796",https://ehrafworldcultures.yale.edu/sres/2d74cf20-df03-4d0f-b82d-0423a7761104
d49a2473-d847-4eb2-bb75-2b6871d12f4f,"Archer, W. G. (William George),
         1907-1979",Tribal law and justice: a report on the Santal,1984,583,Monograph,Santal,Asia,South Asia,intensive agriculturalists,,"684,783,796",https://ehrafworldcultures.yale.edu/sres/d49a2473-d847-4eb2-bb75-2b6871d12f4f
0b40ca35-ccb6-4a3d-b878-ce1ce61a341c,"Archer, W. G. (William George),
         1907-1979",Tribal law and justice: a report on the Santal,1984,583,Monograph,Santal,Asia,South Asia,intensive agriculturalists,,"684,783,796",https://ehrafworldcultures.yale.edu/sres/0b40ca35-ccb6-4a3d-b878-ce1ce61a341c
6e25b98e-a92c-4a41-ab48-831b436c84a6,"Archer, W. G. (William George),
         1907-1979",Tribal law and justice: a report on the Santal,1984,584,Monograph,Santal,Asia,South Asia,intensive agriculturalists,,"684,783,796",https://ehrafworldcultures.yale.edu/sres/6e25b98e-a92c-4a41-ab48-831b436c84a6
0b4a2494-ba09-4690-a3f7-710e18e3c21d,"Archer, W. G. (William George),
         1907-1979",Tribal law and justice: a report on the Santal,1984,584,Monograph,Santal,Asia,South Asia,intensive agriculturalists,,"684,783,796",https://ehrafworldcultures.yale.edu/sres/0b4a2494-ba09-4690-a3f7-710e18e3c21d
d953c788-08a7-4efd-98c3-32851b707b5a,"Archer, W. G. (William George),
         1907-1979",Tribal law and justice: a report on the Santal,1984,584,Monograph,Santal,Asia,South Asia,intensive agriculturalists,,"684,783,796",https://ehrafworldcultures.yale.edu/sres/d953c788-08a7-4efd-98c3-32851b707b5a
24224371-6fba-454f-ab52-18e8f7fde817,"Archer, W. G. (William George),
         1907-1979",Tribal law and justice: a report on the Santal,1984,584,Monograph,Santal,Asia,South Asia,intensive agriculturalists,,"684,783,796",https://ehrafworldcultures.yale.edu/sres/24224371-6fba-454f-ab52-18e8f7fde817
cbd5cb5b-4964-4450-8e78-0cd06b056995,"Archer, W. G. (William George),
         1907-1979",Tribal law and justice: a report on the Santal,1984,584,Monograph,Santal,Asia,South Asia,intensive agriculturalists,,"684,783,796",https://ehrafworldcultures.yale.edu/sres/cbd5cb5b-4964-4450-8e78-0cd06b056995
38c37c66-21e1-436b-ae9d-4b6cc5be110e,"Archer, W. G. (William George),
         1907-1979",Tribal law and justice: a report on the Santal,1984,584,Monograph,Santal,Asia,South Asia,intensive agriculturalists,,"684,783,796",https://ehrafworldcultures.yale.edu/sres/38c37c66-21e1-436b-ae9d-4b6cc5be110e
6161ab24-47aa-414f-9f1a-eedd1539eb4d,"Archer, W. G. (William George),
         1907-1979",Tribal law and justice: a report on the Santal,1984,584,Monograph,Santal,Asia,South Asia,intensive agriculturalists,,"684,783,796",https://ehrafworldcultures.yale.edu/sres/6161ab24-47aa-414f-9f1a-eedd1539eb4d
fc8da601-3575-4245-830b-065d88b2569d,"Archer, W. G. (William George),
         1907-1979",Tribal law and justice: a report on the Santal,1984,585,Monograph,Santal,Asia,South Asia,intensive agriculturalists,,"684,783,796",https://ehrafworldcultures.yale.edu/sres/fc8da601-3575-4245-830b-065d88b2569d
0abaab44-4ca4-4dc2-8c21-92a8131af1a4,"Archer, W. G. (William George),
         1907-1979",Tribal law and justice: a report on the Santal,1984,585,Monograph,Santal,Asia,South Asia,intensive agriculturalists,,684,https://ehrafworldcultures.yale.edu/sres/0abaab44-4ca4-4dc2-8c21-92a8131af1a4
875959bc-58ef-471b-bffa-cf524663661c,"Archer, W. G. (William George),
         1907-1979",Tribal law and justice: a report on the Santal,1984,585,Monograph,Santal,Asia,South Asia,intensive agriculturalists,,684,https://ehrafworldcultures.yale.edu/sres/875959bc-58ef-471b-bffa-cf524663661c
a0f9e1ed-9ef6-4c0b-944d-508cad3c666a,"Archer, W. G. (William George),
         1907-1979",Tribal law and justice: a report on the Santal,1984,585,Monograph,Santal,Asia,South Asia,intensive agriculturalists,,684,https://ehrafworldcultures.yale.edu/sres/a0f9e1ed-9ef6-4c0b-944d-508cad3c666a
8bec4fa7-65d6-4f4a-9e64-8fd5aaab1dab,"Archer, W. G. (William George),
         1907-1979",Tribal law and justice: a report on the Santal,1984,585,Monograph,Santal,Asia,South Asia,intensive agriculturalists,,684,https://ehrafworldcultures.yale.edu/sres/8bec4fa7-65d6-4f4a-9e64-8fd5aaab1dab
dabc33c1-902b-4111-ab0a-b3b828c5457f,"Archer, W. G. (William George),
         1907-1979",Tribal law and justice: a report on the Santal,1984,585,Monograph,Santal,Asia,South Asia,intensive agriculturalists,,684,https://ehrafworldcultures.yale.edu/sres/dabc33c1-902b-4111-ab0a-b3b828c5457f
6606f888-c6d0-40b4-92f2-78fcfe8dbfbf,"Archer, W. G. (William George),
         1907-1979",Tribal law and justice: a report on the Santal,1984,587,Monograph,Santal,Asia,South Asia,intensive agriculturalists,,"684,829",https://ehrafworldcultures.yale.edu/sres/6606f888-c6d0-40b4-92f2-78fcfe8dbfbf
413b3174-9f41-4386-af33-c91f8d6d9237,"Archer, W. G. (William George),
         1907-1979",Tribal law and justice: a report on the Santal,1984,587,Monograph,Santal,Asia,South Asia,intensive agriculturalists,,"684,829",https://ehrafworldcultures.yale.edu/sres/413b3174-9f41-4386-af33-c91f8d6d9237
a0e5df27-67ac-40cf-85b6-48fd0bfb3cd7,"Archer, W. G. (William George),
         1907-1979",Tribal law and justice: a report on the Santal,1984,587,Monograph,Santal,Asia,South Asia,intensive agriculturalists,,"684,829",https://ehrafworldcultures.yale.edu/sres/a0e5df27-67ac-40cf-85b6-48fd0bfb3cd7
22568695-a017-4c5b-bb80-f0b0bbb7e94d,"Archer, W. G. (William George),
         1907-1979",Tribal law and justice: a report on the Santal,1984,587,Monograph,Santal,Asia,South Asia,intensive agriculturalists,,"684,829",https://ehrafworldcultures.yale.edu/sres/22568695-a017-4c5b-bb80-f0b0bbb7e94d
51e73302-3f23-4c26-86df-39dabdb5a120,"Archer, W. G. (William George),
         1907-1979",Tribal law and justice: a report on the Santal,1984,587,Monograph,Santal,Asia,South Asia,intensive agriculturalists,,"684,829",https://ehrafworldcultures.yale.edu/sres/51e73302-3f23-4c26-86df-39dabdb5a120
346c5b8f-a1e8-4efe-b764-14b066d081be,"Archer, W. G. (William George),
         1907-1979",Tribal law and justice: a report on the Santal,1984,587,Monograph,Santal,Asia,South Asia,intensive agriculturalists,,"684,829",https://ehrafworldcultures.yale.edu/sres/346c5b8f-a1e8-4efe-b764-14b066d081be
87085b13-c499-4261-8091-801f857d65bf,"Archer, W. G. (William George),
         1907-1979",Tribal law and justice: a report on the Santal,1984,588,Monograph,Santal,Asia,South Asia,intensive agriculturalists,,"684,829",https://ehrafworldcultures.yale.edu/sres/87085b13-c499-4261-8091-801f857d65bf
8522f43f-f560-4ea9-bf99-2e0b35dc270f,"Archer, W. G. (William George),
         1907-1979",Tribal law and justice: a report on the Santal,1984,588,Monograph,Santal,Asia,South Asia,intensive agriculturalists,,"684,829",https://ehrafworldcultures.yale.edu/sres/8522f43f-f560-4ea9-bf99-2e0b35dc270f
c1e044d5-70f2-4d1d-88d2-d0375dbadc52,"Archer, W. G. (William George),
         1907-1979",Tribal law and justice: a report on the Santal,1984,588,Monograph,Santal,Asia,South Asia,intensive agriculturalists,,"186,684,829",https://ehrafworldcultures.yale.edu/sres/c1e044d5-70f2-4d1d-88d2-d0375dbadc52
d70698b0-d0d9-4117-87cc-73afedc689cc,"Archer, W. G. (William George),
         1907-1979",Tribal law and justice: a report on the Santal,1984,588,Monograph,Santal,Asia,South Asia,intensive agriculturalists,,"684,829",https://ehrafworldcultures.yale.edu/sres/d70698b0-d0d9-4117-87cc-73afedc689cc
ed646de6-4de2-42c5-9f20-f712b7da5a10,"Archer, W. G. (William George),
         1907-1979",Tribal law and justice: a report on the Santal,1984,588,Monograph,Santal,Asia,South Asia,intensive agriculturalists,,"684,829",https://ehrafworldcultures.yale.edu/sres/ed646de6-4de2-42c5-9f20-f712b7da5a10
1bb07e1b-998f-4f23-9703-0c9c8584c50e,"Archer, W. G. (William George),
         1907-1979",Tribal law and justice: a report on the Santal,1984,588,Monograph,Santal,Asia,South Asia,intensive agriculturalists,,"684,829",https://ehrafworldcultures.yale.edu/sres/1bb07e1b-998f-4f23-9703-0c9c8584c50e
85e49352-5e60-43da-973c-800b737a6864,"Archer, W. G. (William George),
         1907-1979",Tribal law and justice: a report on the Santal,1984,594,Monograph,Santal,Asia,South Asia,intensive agriculturalists,,"625,661,671,685,694",https://ehrafworldcultures.yale.edu/sres/85e49352-5e60-43da-973c-800b737a6864
2ea68245-0bf8-4d40-8221-f98dc57704dd,"Archer, W. G. (William George),
         1907-1979",Tribal law and justice: a report on the Santal,1984,599,Monograph,Santal,Asia,South Asia,intensive agriculturalists,,"625,674,685",https://ehrafworldcultures.yale.edu/sres/2ea68245-0bf8-4d40-8221-f98dc57704dd
f7ee2658-3631-4b4b-ad4d-23b8d98bdaaf,"Archer, W. G. (William George),
         1907-1979",Tribal law and justice: a report on the Santal,1984,599,Monograph,Santal,Asia,South Asia,intensive agriculturalists,,"625,674,682",https://ehrafworldcultures.yale.edu/sres/f7ee2658-3631-4b4b-ad4d-23b8d98bdaaf
c4bc8400-da6e-4941-a239-38434480097b,"Archer, W. G. (William George),
         1907-1979",Tribal law and justice: a report on the Santal,1984,601,Monograph,Santal,Asia,South Asia,intensive agriculturalists,,"674,682",https://ehrafworldcultures.yale.edu/sres/c4bc8400-da6e-4941-a239-38434480097b
c59911f8-87f1-4075-b492-ba2bea640ec4,"Archer, W. G. (William George),
         1907-1979",Tribal law and justice: a report on the Santal,1984,602,Monograph,Santal,Asia,South Asia,intensive agriculturalists,,"674,682",https://ehrafworldcultures.yale.edu/sres/c59911f8-87f1-4075-b492-ba2bea640ec4
b8237fc4-f4dd-4949-ad55-a1c085b62500,"Archer, W. G. (William George),
         1907-1979",Tribal law and justice: a report on the Santal,1984,602,Monograph,Santal,Asia,South Asia,intensive agriculturalists,,"674,682",https://ehrafworldcultures.yale.edu/sres/b8237fc4-f4dd-4949-ad55-a1c085b62500
1788d3b9-0588-4efd-be85-bb865ee7865a,"Archer, W. G. (William George),
         1907-1979",Tribal law and justice: a report on the Santal,1984,602,Monograph,Santal,Asia,South Asia,intensive agriculturalists,,"674,682",https://ehrafworldcultures.yale.edu/sres/1788d3b9-0588-4efd-be85-bb865ee7865a
b53ffb00-cc37-4c9e-b3bd-b1113e1b8b47,"Archer, W. G. (William George),
         1907-1979",Tribal law and justice: a report on the Santal,1984,602,Monograph,Santal,Asia,South Asia,intensive agriculturalists,,"674,682",https://ehrafworldcultures.yale.edu/sres/b53ffb00-cc37-4c9e-b3bd-b1113e1b8b47
87a82e7c-1a38-4e25-a049-00b47eb33fbe,"Archer, W. G. (William George),
         1907-1979",Tribal law and justice: a report on the Santal,1984,602,Monograph,Santal,Asia,South Asia,intensive agriculturalists,,"625,674,682",https://ehrafworldcultures.yale.edu/sres/87a82e7c-1a38-4e25-a049-00b47eb33fbe
03ba4bcc-4bb3-4124-a879-627b4e8bdada,"Archer, W. G. (William George),
         1907-1979",Tribal law and justice: a report on the Santal,1984,604,Monograph,Santal,Asia,South Asia,intensive agriculturalists,,"671,674,684,839",https://ehrafworldcultures.yale.edu/sres/03ba4bcc-4bb3-4124-a879-627b4e8bdada
ebd9b859-c44a-488c-b750-eabbcd89d071,"Archer, W. G. (William George),
         1907-1979",Tribal law and justice: a report on the Santal,1984,605,Monograph,Santal,Asia,South Asia,intensive agriculturalists,,"686,692",https://ehrafworldcultures.yale.edu/sres/ebd9b859-c44a-488c-b750-eabbcd89d071
eb0fb069-abeb-408a-82d4-a0425bac137a,"Archer, W. G. (William George),
         1907-1979",Tribal law and justice: a report on the Santal,1984,605,Monograph,Santal,Asia,South Asia,intensive agriculturalists,,"686,692",https://ehrafworldcultures.yale.edu/sres/eb0fb069-abeb-408a-82d4-a0425bac137a
f6448319-7ab8-4626-99a7-a0227cf67e0b,"Archer, W. G. (William George),
         1907-1979",Tribal law and justice: a report on the Santal,1984,606,Monograph,Santal,Asia,South Asia,intensive agriculturalists,,"683,692,754",https://ehrafworldcultures.yale.edu/sres/f6448319-7ab8-4626-99a7-a0227cf67e0b
92ad9fe0-0a1a-4e1b-9078-5a342800ad7f,"Archer, W. G. (William George),
         1907-1979",Tribal law and justice: a report on the Santal,1984,606,Monograph,Santal,Asia,South Asia,intensive agriculturalists,,"683,754",https://ehrafworldcultures.yale.edu/sres/92ad9fe0-0a1a-4e1b-9078-5a342800ad7f
9c57fc85-8feb-415e-86cf-7bd0fd93504e,"Archer, W. G. (William George),
         1907-1979",Tribal law and justice: a report on the Santal,1984,607,Monograph,Santal,Asia,South Asia,intensive agriculturalists,,"683,753,754",https://ehrafworldcultures.yale.edu/sres/9c57fc85-8feb-415e-86cf-7bd0fd93504e
b9f06aba-4928-4d45-9ffa-02ce0852d78f,"Archer, W. G. (William George),
         1907-1979",Tribal law and justice: a report on the Santal,1984,612,Monograph,Santal,Asia,South Asia,intensive agriculturalists,,"178,681",https://ehrafworldcultures.yale.edu/sres/b9f06aba-4928-4d45-9ffa-02ce0852d78f
bc9e5961-a5e5-4246-b7b1-e02e5c05740b,"Archer, W. G. (William George),
         1907-1979",Tribal law and justice: a report on the Santal,1984,613,Monograph,Santal,Asia,South Asia,intensive agriculturalists,,"625,681",https://ehrafworldcultures.yale.edu/sres/bc9e5961-a5e5-4246-b7b1-e02e5c05740b
305eca39-67eb-4ad4-b0e4-c1a3f50edff6,"Archer, W. G. (William George),
         1907-1979",Tribal law and justice: a report on the Santal,1984,613,Monograph,Santal,Asia,South Asia,intensive agriculturalists,,"625,681,684,796",https://ehrafworldcultures.yale.edu/sres/305eca39-67eb-4ad4-b0e4-c1a3f50edff6
c1ba95c6-a3cd-43d0-b1f9-7b56fe9a69b6,"Archer, W. G. (William George),
         1907-1979",Tribal law and justice: a report on the Santal,1984,613,Monograph,Santal,Asia,South Asia,intensive agriculturalists,,"625,681",https://ehrafworldcultures.yale.edu/sres/c1ba95c6-a3cd-43d0-b1f9-7b56fe9a69b6
d7039dea-0f0e-4e7c-b41a-2c2db96f0abc,"Archer, W. G. (William George),
         1907-1979",Tribal law and justice: a report on the Santal,1984,614,Monograph,Santal,Asia,South Asia,intensive agriculturalists,,"202,609,625,681",https://ehrafworldcultures.yale.edu/sres/d7039dea-0f0e-4e7c-b41a-2c2db96f0abc
232c42e0-ea59-4e77-8766-d5c798f9dc26,"Archer, W. G. (William George),
         1907-1979",Tribal law and justice: a report on the Santal,1984,614,Monograph,Santal,Asia,South Asia,intensive agriculturalists,,"625,681",https://ehrafworldcultures.yale.edu/sres/232c42e0-ea59-4e77-8766-d5c798f9dc26
178367a7-9072-43a1-a4ba-a3da2e35ada9,"Archer, W. G. (William George),
         1907-1979",Tribal law and justice: a report on the Santal,1984,615,Monograph,Santal,Asia,South Asia,intensive agriculturalists,,"123,656,684,694",https://ehrafworldcultures.yale.edu/sres/178367a7-9072-43a1-a4ba-a3da2e35ada9
02bef392-8a59-4d3b-b8d3-b8d42e501c85,"Archer, W. G. (William George),
         1907-1979",Tribal law and justice: a report on the Santal,1984,615,Monograph,Santal,Asia,South Asia,intensive agriculturalists,,"178,634,656,681,684,692",https://ehrafworldcultures.yale.edu/sres/02bef392-8a59-4d3b-b8d3-b8d42e501c85
1e7ae5fd-3dda-4d34-8888-06fd6b981580,"Archer, W. G. (William George),
         1907-1979",Tribal law and justice: a report on the Santal,1984,615,Monograph,Santal,Asia,South Asia,intensive agriculturalists,,"178,656,681",https://ehrafworldcultures.yale.edu/sres/1e7ae5fd-3dda-4d34-8888-06fd6b981580
5b1f9034-811b-4a12-9b9b-a9cafdab3959,"Archer, W. G. (William George),
         1907-1979",Tribal law and justice: a report on the Santal,1984,616,Monograph,Santal,Asia,South Asia,intensive agriculturalists,,"178,656,681",https://ehrafworldcultures.yale.edu/sres/5b1f9034-811b-4a12-9b9b-a9cafdab3959
93bd8d37-72e2-4efe-a04a-fb2e55bd1ea9,"Archer, W. G. (William George),
         1907-1979",Tribal law and justice: a report on the Santal,1984,616,Monograph,Santal,Asia,South Asia,intensive agriculturalists,,"161,681",https://ehrafworldcultures.yale.edu/sres/93bd8d37-72e2-4efe-a04a-fb2e55bd1ea9
66ac38db-0656-48eb-ab0f-0741e5d1ee1b,"Archer, W. G. (William George),
         1907-1979",Tribal law and justice: a report on the Santal,1984,616,Monograph,Santal,Asia,South Asia,intensive agriculturalists,,"161,681",https://ehrafworldcultures.yale.edu/sres/66ac38db-0656-48eb-ab0f-0741e5d1ee1b
57ce68b5-b5aa-4126-8edd-dd319541876e,"Archer, W. G. (William George),
         1907-1979",Tribal law and justice: a report on the Santal,1984,616,Monograph,Santal,Asia,South Asia,intensive agriculturalists,,"161,681",https://ehrafworldcultures.yale.edu/sres/57ce68b5-b5aa-4126-8edd-dd319541876e
79061aed-e371-41f7-83cd-de7156f68e0d,"Archer, W. G. (William George),
         1907-1979",Tribal law and justice: a report on the Santal,1984,616,Monograph,Santal,Asia,South Asia,intensive agriculturalists,,"579,681",https://ehrafworldcultures.yale.edu/sres/79061aed-e371-41f7-83cd-de7156f68e0d
c51d5d40-bc27-4aee-955d-4a8a8b9ca2b5,"Archer, W. G. (William George),
         1907-1979",Tribal law and justice: a report on the Santal,1984,617,Monograph,Santal,Asia,South Asia,intensive agriculturalists,,"579,681",https://ehrafworldcultures.yale.edu/sres/c51d5d40-bc27-4aee-955d-4a8a8b9ca2b5
3e6edaf9-2c1b-4eae-bdf5-0c6ae07269f3,"Archer, W. G. (William George),
         1907-1979",Tribal law and justice: a report on the Santal,1984,617,Monograph,Santal,Asia,South Asia,intensive agriculturalists,,"579,681",https://ehrafworldcultures.yale.edu/sres/3e6edaf9-2c1b-4eae-bdf5-0c6ae07269f3
8d7012c7-4bc2-416b-80a3-9e4cfc601592,"Archer, W. G. (William George),
         1907-1979",Tribal law and justice: a report on the Santal,1984,617,Monograph,Santal,Asia,South Asia,intensive agriculturalists,,"465,648,681",https://ehrafworldcultures.yale.edu/sres/8d7012c7-4bc2-416b-80a3-9e4cfc601592
72a5b9d4-edd3-4e2a-ac05-cd7a0bbf4893,"Archer, W. G. (William George),
         1907-1979",Tribal law and justice: a report on the Santal,1984,618,Monograph,Santal,Asia,South Asia,intensive agriculturalists,,681,https://ehrafworldcultures.yale.edu/sres/72a5b9d4-edd3-4e2a-ac05-cd7a0bbf4893
925d422e-cbd6-4405-825e-8cced97addf3,"Archer, W. G. (William George),
         1907-1979",Tribal law and justice: a report on the Santal,1984,619,Monograph,Santal,Asia,South Asia,intensive agriculturalists,,681,https://ehrafworldcultures.yale.edu/sres/925d422e-cbd6-4405-825e-8cced97addf3
88b6ca84-786d-46e5-a33b-5eff55077380,"Archer, W. G. (William George),
         1907-1979",Tribal law and justice: a report on the Santal,1984,620,Monograph,Santal,Asia,South Asia,intensive agriculturalists,,"465,648,681",https://ehrafworldcultures.yale.edu/sres/88b6ca84-786d-46e5-a33b-5eff55077380
677f05a9-141f-4ed0-aa86-2ebc8442a4da,"Archer, W. G. (William George),
         1907-1979",Tribal law and justice: a report on the Santal,1984,620,Monograph,Santal,Asia,South Asia,intensive agriculturalists,,"648,681",https://ehrafworldcultures.yale.edu/sres/677f05a9-141f-4ed0-aa86-2ebc8442a4da
d50c8932-2cb0-423f-9cbd-c794d8c374a2,"Archer, W. G. (William George),
         1907-1979",Tribal law and justice: a report on the Santal,1984,620,Monograph,Santal,Asia,South Asia,intensive agriculturalists,,"171,681",https://ehrafworldcultures.yale.edu/sres/d50c8932-2cb0-423f-9cbd-c794d8c374a2
f3b327ca-bb27-4af7-a8e0-ec29e532401b,"Archer, W. G. (William George),
         1907-1979",Tribal law and justice: a report on the Santal,1984,621,Monograph,Santal,Asia,South Asia,intensive agriculturalists,,"182,681",https://ehrafworldcultures.yale.edu/sres/f3b327ca-bb27-4af7-a8e0-ec29e532401b
042fc38c-729e-43f5-8638-8592fefb6c21,"Archer, W. G. (William George),
         1907-1979",Tribal law and justice: a report on the Santal,1984,621,Monograph,Santal,Asia,South Asia,intensive agriculturalists,,681,https://ehrafworldcultures.yale.edu/sres/042fc38c-729e-43f5-8638-8592fefb6c21
325ec8d0-039e-4a3b-a75e-3c73807360b7,"Archer, W. G. (William George),
         1907-1979",Tribal law and justice: a report on the Santal,1984,621,Monograph,Santal,Asia,South Asia,intensive agriculturalists,,"182,681",https://ehrafworldcultures.yale.edu/sres/325ec8d0-039e-4a3b-a75e-3c73807360b7
3afe6270-3a10-4b9f-bad9-456bc8e54ef9,"Archer, W. G. (William George),
         1907-1979",Tribal law and justice: a report on the Santal,1984,624,Monograph,Santal,Asia,South Asia,intensive agriculturalists,,"625,681",https://ehrafworldcultures.yale.edu/sres/3afe6270-3a10-4b9f-bad9-456bc8e54ef9
30d2a948-c328-4b38-8654-e1a63cc94ccd,"Archer, W. G. (William George),
         1907-1979",Tribal law and justice: a report on the Santal,1984,625,Monograph,Santal,Asia,South Asia,intensive agriculturalists,,681,https://ehrafworldcultures.yale.edu/sres/30d2a948-c328-4b38-8654-e1a63cc94ccd
5aa77135-7f01-42b7-93f6-2c792a9a5e23,"Archer, W. G. (William George),
         1907-1979",Tribal law and justice: a report on the Santal,1984,xvi,Monograph,Santal,Asia,South Asia,intensive agriculturalists,,"114,178,657,671,673,674,684,783,796",https://ehrafworldcultures.yale.edu/sres/5aa77135-7f01-42b7-93f6-2c792a9a5e23
1cb2ce5a-736c-4d9a-928b-4b85c7106352,"Archer, W. G. (William George),
         1907-1979",Tribal law and justice: a report on the Santal,1984,xvii,Monograph,Santal,Asia,South Asia,intensive agriculturalists,,"579,648,684,796",https://ehrafworldcultures.yale.edu/sres/1cb2ce5a-736c-4d9a-928b-4b85c7106352
dd277c0a-a673-4ab7-8079-56cb4d77db09,"Archer, W. G. (William George),
         1907-1979",Tribal law and justice: a report on the Santal,1984,7,Monograph,Santal,Asia,South Asia,intensive agriculturalists,,"622,657,686,689",https://ehrafworldcultures.yale.edu/sres/dd277c0a-a673-4ab7-8079-56cb4d77db09
8600dd9e-9879-4ca6-9425-5124af430758,"Archer, W. G. (William George),
         1907-1979",Tribal law and justice: a report on the Santal,1984,8,Monograph,Santal,Asia,South Asia,intensive agriculturalists,,"622,657,686,689",https://ehrafworldcultures.yale.edu/sres/8600dd9e-9879-4ca6-9425-5124af430758
7f8f7fe3-e3fe-4e2a-9a13-0b7951c9a3c5,"Archer, W. G. (William George),
         1907-1979",Tribal law and justice: a report on the Santal,1984,8,Monograph,Santal,Asia,South Asia,intensive agriculturalists,,"622,657,686,689",https://ehrafworldcultures.yale.edu/sres/7f8f7fe3-e3fe-4e2a-9a13-0b7951c9a3c5
346a90dd-cf9f-45c4-abe5-5a190ad59ce0,"Archer, W. G. (William George),
         1907-1979",Tribal law and justice: a report on the Santal,1984,12,Monograph,Santal,Asia,South Asia,intensive agriculturalists,,"434,623,681",https://ehrafworldcultures.yale.edu/sres/346a90dd-cf9f-45c4-abe5-5a190ad59ce0
ee86a964-e2fc-4d35-ad08-7e378b892391,"Archer, W. G. (William George),
         1907-1979",Tribal law and justice: a report on the Santal,1984,17,Monograph,Santal,Asia,South Asia,intensive agriculturalists,,"465,623,634,681",https://ehrafworldcultures.yale.edu/sres/ee86a964-e2fc-4d35-ad08-7e378b892391
04ca074a-96ee-42c6-a023-6007fd5172df,"Archer, W. G. (William George),
         1907-1979",Tribal law and justice: a report on the Santal,1984,22,Monograph,Santal,Asia,South Asia,intensive agriculturalists,,"224,634,684,692",https://ehrafworldcultures.yale.edu/sres/04ca074a-96ee-42c6-a023-6007fd5172df
eb5607bb-5a79-410a-9461-3524cc804b69,"Archer, W. G. (William George),
         1907-1979",Tribal law and justice: a report on the Santal,1984,22,Monograph,Santal,Asia,South Asia,intensive agriculturalists,,"224,634,684,692",https://ehrafworldcultures.yale.edu/sres/eb5607bb-5a79-410a-9461-3524cc804b69
185e3bab-73fe-43e0-8c64-901bd2592b01,"Archer, W. G. (William George),
         1907-1979",Tribal law and justice: a report on the Santal,1984,23,Monograph,Santal,Asia,South Asia,intensive agriculturalists,,"623,634,681,684,692",https://ehrafworldcultures.yale.edu/sres/185e3bab-73fe-43e0-8c64-901bd2592b01
ca450999-3c5d-4cc8-b43e-266e2b60bacf,"Archer, W. G. (William George),
         1907-1979",Tribal law and justice: a report on the Santal,1984,[p.25],Monograph,Santal,Asia,South Asia,intensive agriculturalists,,"423,622,685",https://ehrafworldcultures.yale.edu/sres/ca450999-3c5d-4cc8-b43e-266e2b60bacf
275a7ef3-e878-48e3-9ae2-cfc463851f68,"Archer, W. G. (William George),
         1907-1979",Tribal law and justice: a report on the Santal,1984,69,Monograph,Santal,Asia,South Asia,intensive agriculturalists,,"553,585,681,692,848,852,855",https://ehrafworldcultures.yale.edu/sres/275a7ef3-e878-48e3-9ae2-cfc463851f68
9bb44118-0d8d-477d-8adc-6a41e388858c,"Archer, W. G. (William George),
         1907-1979",Tribal law and justice: a report on the Santal,1984,72,Monograph,Santal,Asia,South Asia,intensive agriculturalists,,"584,681,684,848",https://ehrafworldcultures.yale.edu/sres/9bb44118-0d8d-477d-8adc-6a41e388858c
17d52628-6570-48ab-839b-f2ac590b0f0b,"Archer, W. G. (William George),
         1907-1979",Tribal law and justice: a report on the Santal,1984,75,Monograph,Santal,Asia,South Asia,intensive agriculturalists,,"584,684,836,848",https://ehrafworldcultures.yale.edu/sres/17d52628-6570-48ab-839b-f2ac590b0f0b
96aa038c-fb28-4b5a-9ccb-c74521308d9f,"Archer, W. G. (William George),
         1907-1979",Tribal law and justice: a report on the Santal,1984,75,Monograph,Santal,Asia,South Asia,intensive agriculturalists,,"584,684,836,848",https://ehrafworldcultures.yale.edu/sres/96aa038c-fb28-4b5a-9ccb-c74521308d9f
d027d15c-a4bc-4556-9ffd-a7aa5de7fbd2,"Archer, W. G. (William George),
         1907-1979",Tribal law and justice: a report on the Santal,1984,75,Monograph,Santal,Asia,South Asia,intensive agriculturalists,,"584,684,836,848",https://ehrafworldcultures.yale.edu/sres/d027d15c-a4bc-4556-9ffd-a7aa5de7fbd2
1e25afca-1134-4561-8ae9-2aa22370b744,"Archer, W. G. (William George),
         1907-1979",Tribal law and justice: a report on the Santal,1984,75,Monograph,Santal,Asia,South Asia,intensive agriculturalists,,"684,836,848",https://ehrafworldcultures.yale.edu/sres/1e25afca-1134-4561-8ae9-2aa22370b744
0be431e9-f71c-4a0b-a32a-64692d331484,"Archer, W. G. (William George),
         1907-1979",Tribal law and justice: a report on the Santal,1984,75,Monograph,Santal,Asia,South Asia,intensive agriculturalists,,"684,836,848",https://ehrafworldcultures.yale.edu/sres/0be431e9-f71c-4a0b-a32a-64692d331484
2bf71afa-c29b-498e-970d-492d1a570f22,"Archer, W. G. (William George),
         1907-1979",Tribal law and justice: a report on the Santal,1984,77,Monograph,Santal,Asia,South Asia,intensive agriculturalists,,"583,684,837,848",https://ehrafworldcultures.yale.edu/sres/2bf71afa-c29b-498e-970d-492d1a570f22
deaee684-c885-48e0-b714-40aaae111f26,"Archer, W. G. (William George),
         1907-1979",Tribal law and justice: a report on the Santal,1984,77,Monograph,Santal,Asia,South Asia,intensive agriculturalists,,"583,684,837,848",https://ehrafworldcultures.yale.edu/sres/deaee684-c885-48e0-b714-40aaae111f26
1d0b357b-6d7b-454d-bcb5-fa72f29bef67,"Archer, W. G. (William George),
         1907-1979",Tribal law and justice: a report on the Santal,1984,77,Monograph,Santal,Asia,South Asia,intensive agriculturalists,,"583,684,837,848",https://ehrafworldcultures.yale.edu/sres/1d0b357b-6d7b-454d-bcb5-fa72f29bef67
10edb569-dce8-4db6-86fb-d79ed2d989ee,"Archer, W. G. (William George),
         1907-1979",Tribal law and justice: a report on the Santal,1984,79,Monograph,Santal,Asia,South Asia,intensive agriculturalists,,"538,553,684,783,848,851",https://ehrafworldcultures.yale.edu/sres/10edb569-dce8-4db6-86fb-d79ed2d989ee
b48b02e0-bffd-4b80-8ec8-a3e974edb04b,"Archer, W. G. (William George),
         1907-1979",Tribal law and justice: a report on the Santal,1984,80,Monograph,Santal,Asia,South Asia,intensive agriculturalists,,"684,782,783,848",https://ehrafworldcultures.yale.edu/sres/b48b02e0-bffd-4b80-8ec8-a3e974edb04b
efec8983-4567-4943-858f-2c7d51ea01e4,"Archer, W. G. (William George),
         1907-1979",Tribal law and justice: a report on the Santal,1984,96,Monograph,Santal,Asia,South Asia,intensive agriculturalists,,"427,429,672,685",https://ehrafworldcultures.yale.edu/sres/efec8983-4567-4943-858f-2c7d51ea01e4
e4b409b8-64cc-4e86-b1be-1833b1428cd8,"Archer, W. G. (William George),
         1907-1979",Tribal law and justice: a report on the Santal,1984,96,Monograph,Santal,Asia,South Asia,intensive agriculturalists,,"429,672,685",https://ehrafworldcultures.yale.edu/sres/e4b409b8-64cc-4e86-b1be-1833b1428cd8
dbf802a7-d4a8-4716-9a3c-7fbd10728395,"Archer, W. G. (William George),
         1907-1979",Tribal law and justice: a report on the Santal,1984,96,Monograph,Santal,Asia,South Asia,intensive agriculturalists,,"429,672,685",https://ehrafworldcultures.yale.edu/sres/dbf802a7-d4a8-4716-9a3c-7fbd10728395
2db722e0-a10b-493c-90a0-1eb4c36969c1,"Archer, W. G. (William George),
         1907-1979",Tribal law and justice: a report on the Santal,1984,109,Monograph,Santal,Asia,South Asia,intensive agriculturalists,,"357,672,685",https://ehrafworldcultures.yale.edu/sres/2db722e0-a10b-493c-90a0-1eb4c36969c1
c5327913-696a-4c1d-bc41-263d950a1269,"Archer, W. G. (William George),
         1907-1979",Tribal law and justice: a report on the Santal,1984,109,Monograph,Santal,Asia,South Asia,intensive agriculturalists,,"357,672,685",https://ehrafworldcultures.yale.edu/sres/c5327913-696a-4c1d-bc41-263d950a1269
790291d8-91b2-47d3-bae1-47e3b948517d,"Archer, W. G. (William George),
         1907-1979",Tribal law and justice: a report on the Santal,1984,109,Monograph,Santal,Asia,South Asia,intensive agriculturalists,,"357,672,685",https://ehrafworldcultures.yale.edu/sres/790291d8-91b2-47d3-bae1-47e3b948517d
71f66c7e-6f5a-4623-9262-bbf9f8e7e515,"Archer, W. G. (William George),
         1907-1979",Tribal law and justice: a report on the Santal,1984,110,Monograph,Santal,Asia,South Asia,intensive agriculturalists,,"357,672,685",https://ehrafworldcultures.yale.edu/sres/71f66c7e-6f5a-4623-9262-bbf9f8e7e515
accca163-02d1-4b8c-9300-98e14168b0e9,"Archer, W. G. (William George),
         1907-1979",Tribal law and justice: a report on the Santal,1984,110,Monograph,Santal,Asia,South Asia,intensive agriculturalists,,"357,672,685",https://ehrafworldcultures.yale.edu/sres/accca163-02d1-4b8c-9300-98e14168b0e9
31e823bb-135b-4c7b-bac6-c6cf1b2ad2d2,"Archer, W. G. (William George),
         1907-1979",Tribal law and justice: a report on the Santal,1984,110,Monograph,Santal,Asia,South Asia,intensive agriculturalists,,"357,672,685",https://ehrafworldcultures.yale.edu/sres/31e823bb-135b-4c7b-bac6-c6cf1b2ad2d2
d8991985-ac43-44c6-bc70-5c097a7ddc20,"Archer, W. G. (William George),
         1907-1979",Tribal law and justice: a report on the Santal,1984,[p.114],Monograph,Santal,Asia,South Asia,intensive agriculturalists,,"231,672,685",https://ehrafworldcultures.yale.edu/sres/d8991985-ac43-44c6-bc70-5c097a7ddc20
d8673823-0753-4e6b-8953-802f29c0dc09,"Archer, W. G. (William George),
         1907-1979",Tribal law and justice: a report on the Santal,1984,120,Monograph,Santal,Asia,South Asia,intensive agriculturalists,,"224,682",https://ehrafworldcultures.yale.edu/sres/d8673823-0753-4e6b-8953-802f29c0dc09
da123599-ac54-4872-9138-41fdd640f117,"Archer, W. G. (William George),
         1907-1979",Tribal law and justice: a report on the Santal,1984,128,Monograph,Santal,Asia,South Asia,intensive agriculturalists,,"562,672,681",https://ehrafworldcultures.yale.edu/sres/da123599-ac54-4872-9138-41fdd640f117
470cb5ae-044b-43c9-98d3-f837ead8e02c,"Archer, W. G. (William George),
         1907-1979",Tribal law and justice: a report on the Santal,1984,136,Monograph,Santal,Asia,South Asia,intensive agriculturalists,,"589,684,839",https://ehrafworldcultures.yale.edu/sres/470cb5ae-044b-43c9-98d3-f837ead8e02c
8f0dda63-dd64-41e8-87ab-56a5555612a1,"Archer, W. G. (William George),
         1907-1979",Tribal law and justice: a report on the Santal,1984,136,Monograph,Santal,Asia,South Asia,intensive agriculturalists,,"589,684,839",https://ehrafworldcultures.yale.edu/sres/8f0dda63-dd64-41e8-87ab-56a5555612a1
1636ea36-adc5-4a95-9d28-94cfd6c3bd83,"Archer, W. G. (William George),
         1907-1979",Tribal law and justice: a report on the Santal,1984,136,Monograph,Santal,Asia,South Asia,intensive agriculturalists,,"589,684,839",https://ehrafworldcultures.yale.edu/sres/1636ea36-adc5-4a95-9d28-94cfd6c3bd83
a6330a75-426b-4b14-92a9-a18633fd2f96,"Archer, W. G. (William George),
         1907-1979",Tribal law and justice: a report on the Santal,1984,136,Monograph,Santal,Asia,South Asia,intensive agriculturalists,,"589,684,839",https://ehrafworldcultures.yale.edu/sres/a6330a75-426b-4b14-92a9-a18633fd2f96
dc4ad0c5-d0f4-41f7-b211-bbb7ff5af66a,"Archer, W. G. (William George),
         1907-1979",Tribal law and justice: a report on the Santal,1984,137,Monograph,Santal,Asia,South Asia,intensive agriculturalists,,"589,684,839",https://ehrafworldcultures.yale.edu/sres/dc4ad0c5-d0f4-41f7-b211-bbb7ff5af66a
3d6dd0fa-49c6-42d7-abe6-48871e5745bd,"Archer, W. G. (William George),
         1907-1979",Tribal law and justice: a report on the Santal,1984,137,Monograph,Santal,Asia,South Asia,intensive agriculturalists,,"589,684,839",https://ehrafworldcultures.yale.edu/sres/3d6dd0fa-49c6-42d7-abe6-48871e5745bd
6e6b6f40-ad1e-481c-b6e6-431bc2420c37,"Archer, W. G. (William George),
         1907-1979",Tribal law and justice: a report on the Santal,1984,137,Monograph,Santal,Asia,South Asia,intensive agriculturalists,,"589,684,839",https://ehrafworldcultures.yale.edu/sres/6e6b6f40-ad1e-481c-b6e6-431bc2420c37
bdcb01ff-bf47-4031-ad27-2ffe9c749046,"Archer, W. G. (William George),
         1907-1979",Tribal law and justice: a report on the Santal,1984,137,Monograph,Santal,Asia,South Asia,intensive agriculturalists,,"589,684,839",https://ehrafworldcultures.yale.edu/sres/bdcb01ff-bf47-4031-ad27-2ffe9c749046
fb0638e8-b84d-4077-862a-f4190e1f068e,"Archer, W. G. (William George),
         1907-1979",Tribal law and justice: a report on the Santal,1984,137,Monograph,Santal,Asia,South Asia,intensive agriculturalists,,"589,684,839",https://ehrafworldcultures.yale.edu/sres/fb0638e8-b84d-4077-862a-f4190e1f068e
ec6de133-c425-4930-aeb0-70ab82d7bf67,"Archer, W. G. (William George),
         1907-1979",Tribal law and justice: a report on the Santal,1984,137,Monograph,Santal,Asia,South Asia,intensive agriculturalists,,"589,684,839",https://ehrafworldcultures.yale.edu/sres/ec6de133-c425-4930-aeb0-70ab82d7bf67
61d76f03-08e6-4df8-b865-30a5eadf4bb8,"Archer, W. G. (William George),
         1907-1979",Tribal law and justice: a report on the Santal,1984,138,Monograph,Santal,Asia,South Asia,intensive agriculturalists,,"589,683",https://ehrafworldcultures.yale.edu/sres/61d76f03-08e6-4df8-b865-30a5eadf4bb8
9335b64a-4bbb-4db9-a284-0da3376e0820,"Archer, W. G. (William George),
         1907-1979",Tribal law and justice: a report on the Santal,1984,138,Monograph,Santal,Asia,South Asia,intensive agriculturalists,,"589,683",https://ehrafworldcultures.yale.edu/sres/9335b64a-4bbb-4db9-a284-0da3376e0820
47fd901b-9aba-4848-9e7a-214290677021,"Archer, W. G. (William George),
         1907-1979",Tribal law and justice: a report on the Santal,1984,138,Monograph,Santal,Asia,South Asia,intensive agriculturalists,,"589,684",https://ehrafworldcultures.yale.edu/sres/47fd901b-9aba-4848-9e7a-214290677021
8361a335-9957-4742-93ac-b7e5787ecb1e,"Archer, W. G. (William George),
         1907-1979",Tribal law and justice: a report on the Santal,1984,138,Monograph,Santal,Asia,South Asia,intensive agriculturalists,,"589,686",https://ehrafworldcultures.yale.edu/sres/8361a335-9957-4742-93ac-b7e5787ecb1e
ea2b80c0-a5f0-484d-9800-84f0b6c0e48c,"Archer, W. G. (William George),
         1907-1979",Tribal law and justice: a report on the Santal,1984,138,Monograph,Santal,Asia,South Asia,intensive agriculturalists,,"589,683,684",https://ehrafworldcultures.yale.edu/sres/ea2b80c0-a5f0-484d-9800-84f0b6c0e48c
8faad3c4-a6db-4a90-b6e3-389a1fc4e99d,"Archer, W. G. (William George),
         1907-1979",Tribal law and justice: a report on the Santal,1984,138,Monograph,Santal,Asia,South Asia,intensive agriculturalists,,"589,683,684",https://ehrafworldcultures.yale.edu/sres/8faad3c4-a6db-4a90-b6e3-389a1fc4e99d
dd0175e0-cfc3-4843-b089-eef586e32b3a,"Archer, W. G. (William George),
         1907-1979",Tribal law and justice: a report on the Santal,1984,138,Monograph,Santal,Asia,South Asia,intensive agriculturalists,,"589,684",https://ehrafworldcultures.yale.edu/sres/dd0175e0-cfc3-4843-b089-eef586e32b3a
79a109eb-38f7-46ea-8669-a3d4e3e3a7b2,"Archer, W. G. (William George),
         1907-1979",Tribal law and justice: a report on the Santal,1984,138,Monograph,Santal,Asia,South Asia,intensive agriculturalists,,"589,684",https://ehrafworldcultures.yale.edu/sres/79a109eb-38f7-46ea-8669-a3d4e3e3a7b2
a6fa32c5-9e38-466f-bf94-9493688f1963,"Archer, W. G. (William George),
         1907-1979",Tribal law and justice: a report on the Santal,1984,[p. 148],Monograph,Santal,Asia,South Asia,intensive agriculturalists,,"684,837",https://ehrafworldcultures.yale.edu/sres/a6fa32c5-9e38-466f-bf94-9493688f1963
64aa131e-4783-4264-8967-b3031c699d56,"Archer, W. G. (William George),
         1907-1979",Tribal law and justice: a report on the Santal,1984,149,Monograph,Santal,Asia,South Asia,intensive agriculturalists,,"684,837",https://ehrafworldcultures.yale.edu/sres/64aa131e-4783-4264-8967-b3031c699d56
b31f3a5e-12ff-4bc6-86bb-23bf2feabbc2,"Archer, W. G. (William George),
         1907-1979",Tribal law and justice: a report on the Santal,1984,149,Monograph,Santal,Asia,South Asia,intensive agriculturalists,,"000,684,837,839",https://ehrafworldcultures.yale.edu/sres/b31f3a5e-12ff-4bc6-86bb-23bf2feabbc2
822e96cd-9766-48a1-80a5-8141397b6de6,"Archer, W. G. (William George),
         1907-1979",Tribal law and justice: a report on the Santal,1984,149,Monograph,Santal,Asia,South Asia,intensive agriculturalists,,"586,684,837",https://ehrafworldcultures.yale.edu/sres/822e96cd-9766-48a1-80a5-8141397b6de6
1d923d53-bd22-4d6b-a557-a60828591c2b,"Archer, W. G. (William George),
         1907-1979",Tribal law and justice: a report on the Santal,1984,150,Monograph,Santal,Asia,South Asia,intensive agriculturalists,,"684,837",https://ehrafworldcultures.yale.edu/sres/1d923d53-bd22-4d6b-a557-a60828591c2b
92e360a1-7b3c-4864-9935-ea1fbf766983,"Archer, W. G. (William George),
         1907-1979",Tribal law and justice: a report on the Santal,1984,150,Monograph,Santal,Asia,South Asia,intensive agriculturalists,,"586,684,837",https://ehrafworldcultures.yale.edu/sres/92e360a1-7b3c-4864-9935-ea1fbf766983
57fa2da2-e89c-4098-b533-1b3bac312973,"Archer, W. G. (William George),
         1907-1979",Tribal law and justice: a report on the Santal,1984,150,Monograph,Santal,Asia,South Asia,intensive agriculturalists,,"586,684,837",https://ehrafworldcultures.yale.edu/sres/57fa2da2-e89c-4098-b533-1b3bac312973
a2fc7ada-e5d7-46d6-b5b9-79df5c200f50,"Archer, W. G. (William George),
         1907-1979",Tribal law and justice: a report on the Santal,1984,150,Monograph,Santal,Asia,South Asia,intensive agriculturalists,,"684,837",https://ehrafworldcultures.yale.edu/sres/a2fc7ada-e5d7-46d6-b5b9-79df5c200f50
f741c308-e2c7-4bfc-9d64-c4526cf4b669,"Archer, W. G. (William George),
         1907-1979",Tribal law and justice: a report on the Santal,1984,150,Monograph,Santal,Asia,South Asia,intensive agriculturalists,,"586,684,837",https://ehrafworldcultures.yale.edu/sres/f741c308-e2c7-4bfc-9d64-c4526cf4b669
f44425d0-d3ea-41ba-9e4f-7d057a6de70f,"Archer, W. G. (William George),
         1907-1979",Tribal law and justice: a report on the Santal,1984,151,Monograph,Santal,Asia,South Asia,intensive agriculturalists,,"684,837",https://ehrafworldcultures.yale.edu/sres/f44425d0-d3ea-41ba-9e4f-7d057a6de70f
05d7d1ea-31dc-45c0-9846-f012f5297d4b,"Archer, W. G. (William George),
         1907-1979",Tribal law and justice: a report on the Santal,1984,151,Monograph,Santal,Asia,South Asia,intensive agriculturalists,,"684,837",https://ehrafworldcultures.yale.edu/sres/05d7d1ea-31dc-45c0-9846-f012f5297d4b
cd108c84-065d-4864-bf1c-588564c2ea73,"Archer, W. G. (William George),
         1907-1979",Tribal law and justice: a report on the Santal,1984,151,Monograph,Santal,Asia,South Asia,intensive agriculturalists,,"684,837",https://ehrafworldcultures.yale.edu/sres/cd108c84-065d-4864-bf1c-588564c2ea73
b1eb0ada-8d90-426e-b7be-aac71d51d452,"Archer, W. G. (William George),
         1907-1979",Tribal law and justice: a report on the Santal,1984,151,Monograph,Santal,Asia,South Asia,intensive agriculturalists,,"684,837",https://ehrafworldcultures.yale.edu/sres/b1eb0ada-8d90-426e-b7be-aac71d51d452
175d20de-c19d-4867-b5fa-53089a265b31,"Archer, W. G. (William George),
         1907-1979",Tribal law and justice: a report on the Santal,1984,151,Monograph,Santal,Asia,South Asia,intensive agriculturalists,,"684,837",https://ehrafworldcultures.yale.edu/sres/175d20de-c19d-4867-b5fa-53089a265b31
98610b86-4c9f-4121-9e5b-d405c944c937,"Archer, W. G. (William George),
         1907-1979",Tribal law and justice: a report on the Santal,1984,151,Monograph,Santal,Asia,South Asia,intensive agriculturalists,,"684,837",https://ehrafworldcultures.yale.edu/sres/98610b86-4c9f-4121-9e5b-d405c944c937
259f34d0-47dd-47bc-aa8f-a7f93177a746,"Archer, W. G. (William George),
         1907-1979",Tribal law and justice: a report on the Santal,1984,151,Monograph,Santal,Asia,South Asia,intensive agriculturalists,,"684,837",https://ehrafworldcultures.yale.edu/sres/259f34d0-47dd-47bc-aa8f-a7f93177a746
cb5661e9-727f-448b-a887-bbd3f0b5ecfb,"Archer, W. G. (William George),
         1907-1979",Tribal law and justice: a report on the Santal,1984,151,Monograph,Santal,Asia,South Asia,intensive agriculturalists,,"684,837",https://ehrafworldcultures.yale.edu/sres/cb5661e9-727f-448b-a887-bbd3f0b5ecfb
bd10899c-7ef5-425a-b4ec-0186f51fb30e,"Archer, W. G. (William George),
         1907-1979",Tribal law and justice: a report on the Santal,1984,151,Monograph,Santal,Asia,South Asia,intensive agriculturalists,,"684,837",https://ehrafworldcultures.yale.edu/sres/bd10899c-7ef5-425a-b4ec-0186f51fb30e
3a842bd1-9716-4de6-aacd-527a831d9d3c,"Archer, W. G. (William George),
         1907-1979",Tribal law and justice: a report on the Santal,1984,152,Monograph,Santal,Asia,South Asia,intensive agriculturalists,,"684,837,839",https://ehrafworldcultures.yale.edu/sres/3a842bd1-9716-4de6-aacd-527a831d9d3c
d885d047-ae28-4a18-bd77-f891a88da6cc,"Archer, W. G. (William George),
         1907-1979",Tribal law and justice: a report on the Santal,1984,152,Monograph,Santal,Asia,South Asia,intensive agriculturalists,,"684,837,839",https://ehrafworldcultures.yale.edu/sres/d885d047-ae28-4a18-bd77-f891a88da6cc
6d889702-77f0-4178-80ef-0a20b59675f9,"Archer, W. G. (William George),
         1907-1979",Tribal law and justice: a report on the Santal,1984,152,Monograph,Santal,Asia,South Asia,intensive agriculturalists,,"684,837,839",https://ehrafworldcultures.yale.edu/sres/6d889702-77f0-4178-80ef-0a20b59675f9
62b1f140-11f2-4c75-8df0-0f20d64f34c3,"Archer, W. G. (William George),
         1907-1979",Tribal law and justice: a report on the Santal,1984,174,Monograph,Santal,Asia,South Asia,intensive agriculturalists,,"587,589,684,839",https://ehrafworldcultures.yale.edu/sres/62b1f140-11f2-4c75-8df0-0f20d64f34c3
c3a9be2f-666b-494e-ba7f-a34379d91e30,"Archer, W. G. (William George),
         1907-1979",Tribal law and justice: a report on the Santal,1984,174,Monograph,Santal,Asia,South Asia,intensive agriculturalists,,"589,684,839",https://ehrafworldcultures.yale.edu/sres/c3a9be2f-666b-494e-ba7f-a34379d91e30
dd40334e-07b2-4407-92eb-9398acea4044,"Archer, W. G. (William George),
         1907-1979",Tribal law and justice: a report on the Santal,1984,174,Monograph,Santal,Asia,South Asia,intensive agriculturalists,,"589,684,839",https://ehrafworldcultures.yale.edu/sres/dd40334e-07b2-4407-92eb-9398acea4044
f6a28c8e-490f-48df-ade1-f1180350dfaa,"Archer, W. G. (William George),
         1907-1979",Tribal law and justice: a report on the Santal,1984,174,Monograph,Santal,Asia,South Asia,intensive agriculturalists,,"589,684,839",https://ehrafworldcultures.yale.edu/sres/f6a28c8e-490f-48df-ade1-f1180350dfaa
63628a3b-eaf0-4048-b6ed-73d6f3768a06,"Archer, W. G. (William George),
         1907-1979",Tribal law and justice: a report on the Santal,1984,174,Monograph,Santal,Asia,South Asia,intensive agriculturalists,,"589,684,839",https://ehrafworldcultures.yale.edu/sres/63628a3b-eaf0-4048-b6ed-73d6f3768a06
7e7fed26-19cd-426c-b3b2-5c545d6dbc1c,"Archer, W. G. (William George),
         1907-1979",Tribal law and justice: a report on the Santal,1984,194,Monograph,Santal,Asia,South Asia,intensive agriculturalists,,"606,686",https://ehrafworldcultures.yale.edu/sres/7e7fed26-19cd-426c-b3b2-5c545d6dbc1c
fa2d26ad-be53-4148-b0cb-50ef84bfcf88,"Archer, W. G. (William George),
         1907-1979",Tribal law and justice: a report on the Santal,1984,194,Monograph,Santal,Asia,South Asia,intensive agriculturalists,,"606,686",https://ehrafworldcultures.yale.edu/sres/fa2d26ad-be53-4148-b0cb-50ef84bfcf88
04c2fe0c-c699-48c4-bb1d-d4681b3957c6,"Archer, W. G. (William George),
         1907-1979",Tribal law and justice: a report on the Santal,1984,195,Monograph,Santal,Asia,South Asia,intensive agriculturalists,,"606,623,686",https://ehrafworldcultures.yale.edu/sres/04c2fe0c-c699-48c4-bb1d-d4681b3957c6
dcb7aba6-da66-4616-9779-ede0818b4da8,"Archer, W. G. (William George),
         1907-1979",Tribal law and justice: a report on the Santal,1984,195,Monograph,Santal,Asia,South Asia,intensive agriculturalists,,"583,586,606,686",https://ehrafworldcultures.yale.edu/sres/dcb7aba6-da66-4616-9779-ede0818b4da8
2934a4c3-56fe-4683-bdb5-caff90738890,"Archer, W. G. (William George),
         1907-1979",Tribal law and justice: a report on the Santal,1984,195,Monograph,Santal,Asia,South Asia,intensive agriculturalists,,"583,586,606,686",https://ehrafworldcultures.yale.edu/sres/2934a4c3-56fe-4683-bdb5-caff90738890
e1322ab4-b11d-41fd-ba90-e53c0cec2ab1,"Archer, W. G. (William George),
         1907-1979",Tribal law and justice: a report on the Santal,1984,195,Monograph,Santal,Asia,South Asia,intensive agriculturalists,,"583,586,606,686",https://ehrafworldcultures.yale.edu/sres/e1322ab4-b11d-41fd-ba90-e53c0cec2ab1
2076334a-95d7-49db-8956-200710c51877,"Archer, W. G. (William George),
         1907-1979",Tribal law and justice: a report on the Santal,1984,195,Monograph,Santal,Asia,South Asia,intensive agriculturalists,,"583,586,606,686",https://ehrafworldcultures.yale.edu/sres/2076334a-95d7-49db-8956-200710c51877
2f1d1148-443a-4337-b210-83c8502d2d42,"Archer, W. G. (William George),
         1907-1979",Tribal law and justice: a report on the Santal,1984,195,Monograph,Santal,Asia,South Asia,intensive agriculturalists,,"583,586,606,686",https://ehrafworldcultures.yale.edu/sres/2f1d1148-443a-4337-b210-83c8502d2d42
d6c8bd4f-49b2-4797-8bfc-dd2976f9bfa1,"Archer, W. G. (William George),
         1907-1979",Tribal law and justice: a report on the Santal,1984,195,Monograph,Santal,Asia,South Asia,intensive agriculturalists,,"583,586,606,686",https://ehrafworldcultures.yale.edu/sres/d6c8bd4f-49b2-4797-8bfc-dd2976f9bfa1
8beb819f-9f45-45a5-9bca-4b49e649953a,"Archer, W. G. (William George),
         1907-1979",Tribal law and justice: a report on the Santal,1984,195,Monograph,Santal,Asia,South Asia,intensive agriculturalists,,"583,586,606,686",https://ehrafworldcultures.yale.edu/sres/8beb819f-9f45-45a5-9bca-4b49e649953a
3b6f46a1-0a6e-4cd7-9588-b260c34e8136,"Archer, W. G. (William George),
         1907-1979",Tribal law and justice: a report on the Santal,1984,195,Monograph,Santal,Asia,South Asia,intensive agriculturalists,,"586,606,686",https://ehrafworldcultures.yale.edu/sres/3b6f46a1-0a6e-4cd7-9588-b260c34e8136
18975c10-c426-4c31-ad97-ad6aaaea5fb5,"Archer, W. G. (William George),
         1907-1979",Tribal law and justice: a report on the Santal,1984,216,Monograph,Santal,Asia,South Asia,intensive agriculturalists,,"583,586,606,684",https://ehrafworldcultures.yale.edu/sres/18975c10-c426-4c31-ad97-ad6aaaea5fb5
e531375c-e46a-45a3-ac0b-cbdc3aee5efe,"Archer, W. G. (William George),
         1907-1979",Tribal law and justice: a report on the Santal,1984,221,Monograph,Santal,Asia,South Asia,intensive agriculturalists,,"423,583,681",https://ehrafworldcultures.yale.edu/sres/e531375c-e46a-45a3-ac0b-cbdc3aee5efe
5d54567d-a5f6-4486-b581-2771cd9991e7,"Archer, W. G. (William George),
         1907-1979",Tribal law and justice: a report on the Santal,1984,229,Monograph,Santal,Asia,South Asia,intensive agriculturalists,,684,https://ehrafworldcultures.yale.edu/sres/5d54567d-a5f6-4486-b581-2771cd9991e7
a03b65b0-ca70-41d6-8fa4-51502213c1c4,"Archer, W. G. (William George),
         1907-1979",Tribal law and justice: a report on the Santal,1984,233,Monograph,Santal,Asia,South Asia,intensive agriculturalists,,"584,686",https://ehrafworldcultures.yale.edu/sres/a03b65b0-ca70-41d6-8fa4-51502213c1c4
3ed1b164-cd7b-4b16-88c3-a1652e81e8c7,"Archer, W. G. (William George),
         1907-1979",Tribal law and justice: a report on the Santal,1984,233,Monograph,Santal,Asia,South Asia,intensive agriculturalists,,"584,686",https://ehrafworldcultures.yale.edu/sres/3ed1b164-cd7b-4b16-88c3-a1652e81e8c7
be3cb1f4-5b6f-415f-97a3-1dea63aa2ec4,"Archer, W. G. (William George),
         1907-1979",Tribal law and justice: a report on the Santal,1984,234,Monograph,Santal,Asia,South Asia,intensive agriculturalists,,"584,686",https://ehrafworldcultures.yale.edu/sres/be3cb1f4-5b6f-415f-97a3-1dea63aa2ec4
f49496d3-d69a-4e7c-9423-1325b28c0706,"Archer, W. G. (William George),
         1907-1979",Tribal law and justice: a report on the Santal,1984,234,Monograph,Santal,Asia,South Asia,intensive agriculturalists,,"584,686",https://ehrafworldcultures.yale.edu/sres/f49496d3-d69a-4e7c-9423-1325b28c0706
0793a79d-6ed8-485f-b61b-4975b465cb05,"Archer, W. G. (William George),
         1907-1979",Tribal law and justice: a report on the Santal,1984,234,Monograph,Santal,Asia,South Asia,intensive agriculturalists,,"584,686",https://ehrafworldcultures.yale.edu/sres/0793a79d-6ed8-485f-b61b-4975b465cb05
4ae70b6b-1f18-4804-8eb5-cdae8e2c0084,"Archer, W. G. (William George),
         1907-1979",Tribal law and justice: a report on the Santal,1984,235,Monograph,Santal,Asia,South Asia,intensive agriculturalists,,"584,686",https://ehrafworldcultures.yale.edu/sres/4ae70b6b-1f18-4804-8eb5-cdae8e2c0084
a2302b9b-c206-44a0-9c59-9e5b30282cef,"Archer, W. G. (William George),
         1907-1979",Tribal law and justice: a report on the Santal,1984,235,Monograph,Santal,Asia,South Asia,intensive agriculturalists,,"584,686",https://ehrafworldcultures.yale.edu/sres/a2302b9b-c206-44a0-9c59-9e5b30282cef
b8dde795-2480-486b-b962-79652b27f442,"Archer, W. G. (William George),
         1907-1979",Tribal law and justice: a report on the Santal,1984,235,Monograph,Santal,Asia,South Asia,intensive agriculturalists,,"584,686",https://ehrafworldcultures.yale.edu/sres/b8dde795-2480-486b-b962-79652b27f442
128c8501-f81f-4c2d-9b3a-c77399a872d9,"Archer, W. G. (William George),
         1907-1979",Tribal law and justice: a report on the Santal,1984,235,Monograph,Santal,Asia,South Asia,intensive agriculturalists,,"584,686",https://ehrafworldcultures.yale.edu/sres/128c8501-f81f-4c2d-9b3a-c77399a872d9
1f73b97f-eaa3-4046-959d-3aef2eb433bd,"Archer, W. G. (William George),
         1907-1979",Tribal law and justice: a report on the Santal,1984,235,Monograph,Santal,Asia,South Asia,intensive agriculturalists,,"584,686",https://ehrafworldcultures.yale.edu/sres/1f73b97f-eaa3-4046-959d-3aef2eb433bd
2865ccd9-3a1c-4b48-b9a1-4cfdfa627f3d,"Archer, W. G. (William George),
         1907-1979",Tribal law and justice: a report on the Santal,1984,236,Monograph,Santal,Asia,South Asia,intensive agriculturalists,,"584,686",https://ehrafworldcultures.yale.edu/sres/2865ccd9-3a1c-4b48-b9a1-4cfdfa627f3d
a934f924-3b71-480e-bfb6-bf28e8a63c1f,"Archer, W. G. (William George),
         1907-1979",Tribal law and justice: a report on the Santal,1984,236,Monograph,Santal,Asia,South Asia,intensive agriculturalists,,"584,686",https://ehrafworldcultures.yale.edu/sres/a934f924-3b71-480e-bfb6-bf28e8a63c1f
f9dbd746-2035-4a50-8e81-24c7231f9b1b,"Archer, W. G. (William George),
         1907-1979",Tribal law and justice: a report on the Santal,1984,236,Monograph,Santal,Asia,South Asia,intensive agriculturalists,,"584,684,686",https://ehrafworldcultures.yale.edu/sres/f9dbd746-2035-4a50-8e81-24c7231f9b1b
048c2da9-68ab-4d5a-a7e3-dd4bfa001550,"Archer, W. G. (William George),
         1907-1979",Tribal law and justice: a report on the Santal,1984,237,Monograph,Santal,Asia,South Asia,intensive agriculturalists,,"584,686",https://ehrafworldcultures.yale.edu/sres/048c2da9-68ab-4d5a-a7e3-dd4bfa001550
b96b4448-5363-4a3c-86dd-125321d9df33,"Archer, W. G. (William George),
         1907-1979",Tribal law and justice: a report on the Santal,1984,237,Monograph,Santal,Asia,South Asia,intensive agriculturalists,,"584,686",https://ehrafworldcultures.yale.edu/sres/b96b4448-5363-4a3c-86dd-125321d9df33
4a62ff34-85f0-4b58-a6c2-66743042dc66,"Archer, W. G. (William George),
         1907-1979",Tribal law and justice: a report on the Santal,1984,237,Monograph,Santal,Asia,South Asia,intensive agriculturalists,,"584,686",https://ehrafworldcultures.yale.edu/sres/4a62ff34-85f0-4b58-a6c2-66743042dc66
4f377d00-4869-411e-ad40-8af5ee1f3cd8,"Archer, W. G. (William George),
         1907-1979",Tribal law and justice: a report on the Santal,1984,238,Monograph,Santal,Asia,South Asia,intensive agriculturalists,,"583,584,686",https://ehrafworldcultures.yale.edu/sres/4f377d00-4869-411e-ad40-8af5ee1f3cd8
09f95529-23fc-4f05-b18e-bbe094071c3a,"Archer, W. G. (William George),
         1907-1979",Tribal law and justice: a report on the Santal,1984,238,Monograph,Santal,Asia,South Asia,intensive agriculturalists,,"583,584,686",https://ehrafworldcultures.yale.edu/sres/09f95529-23fc-4f05-b18e-bbe094071c3a
e64c06a7-1373-4f44-adcb-f6ccebfc652c,"Archer, W. G. (William George),
         1907-1979",Tribal law and justice: a report on the Santal,1984,246,Monograph,Santal,Asia,South Asia,intensive agriculturalists,,"584,585,586,686",https://ehrafworldcultures.yale.edu/sres/e64c06a7-1373-4f44-adcb-f6ccebfc652c
730ac377-62ee-4c23-88c6-04bc92c9075a,"Archer, W. G. (William George),
         1907-1979",Tribal law and justice: a report on the Santal,1984,247,Monograph,Santal,Asia,South Asia,intensive agriculturalists,,"583,585,686",https://ehrafworldcultures.yale.edu/sres/730ac377-62ee-4c23-88c6-04bc92c9075a
72e92857-1257-4cfc-8dc5-59544204c23e,"Archer, W. G. (William George),
         1907-1979",Tribal law and justice: a report on the Santal,1984,248,Monograph,Santal,Asia,South Asia,intensive agriculturalists,,"578,585,686",https://ehrafworldcultures.yale.edu/sres/72e92857-1257-4cfc-8dc5-59544204c23e
1e3ce987-f868-4843-b195-e1294c297ac1,"Archer, W. G. (William George),
         1907-1979",Tribal law and justice: a report on the Santal,1984,248,Monograph,Santal,Asia,South Asia,intensive agriculturalists,,"578,585,686",https://ehrafworldcultures.yale.edu/sres/1e3ce987-f868-4843-b195-e1294c297ac1
6173aebd-6737-4ad4-ac3d-52866aa1aa49,"Archer, W. G. (William George),
         1907-1979",Tribal law and justice: a report on the Santal,1984,248,Monograph,Santal,Asia,South Asia,intensive agriculturalists,,"578,585,686",https://ehrafworldcultures.yale.edu/sres/6173aebd-6737-4ad4-ac3d-52866aa1aa49
00a26c9c-8b1d-46b5-b954-c0261412ec42,"Archer, W. G. (William George),
         1907-1979",Tribal law and justice: a report on the Santal,1984,249,Monograph,Santal,Asia,South Asia,intensive agriculturalists,,"578,585,686",https://ehrafworldcultures.yale.edu/sres/00a26c9c-8b1d-46b5-b954-c0261412ec42
f5a4a91f-8049-43fc-822b-2a9d2f88208c,"Archer, W. G. (William George),
         1907-1979",Tribal law and justice: a report on the Santal,1984,249,Monograph,Santal,Asia,South Asia,intensive agriculturalists,,"585,686,783",https://ehrafworldcultures.yale.edu/sres/f5a4a91f-8049-43fc-822b-2a9d2f88208c
ab80ff2a-00cb-40f0-93a5-a0edb86eb441,"Archer, W. G. (William George),
         1907-1979",Tribal law and justice: a report on the Santal,1984,[p.250],Monograph,Santal,Asia,South Asia,intensive agriculturalists,,"584,686",https://ehrafworldcultures.yale.edu/sres/ab80ff2a-00cb-40f0-93a5-a0edb86eb441
6025642a-f920-489a-af0c-a112a8dd279c,"Archer, W. G. (William George),
         1907-1979",Tribal law and justice: a report on the Santal,1984,253,Monograph,Santal,Asia,South Asia,intensive agriculturalists,,"584,686",https://ehrafworldcultures.yale.edu/sres/6025642a-f920-489a-af0c-a112a8dd279c
9fa64110-0136-461e-b461-3ce9899b67e5,"Archer, W. G. (William George),
         1907-1979",Tribal law and justice: a report on the Santal,1984,253,Monograph,Santal,Asia,South Asia,intensive agriculturalists,,"184,583,585,686",https://ehrafworldcultures.yale.edu/sres/9fa64110-0136-461e-b461-3ce9899b67e5
c4005423-182c-42c4-89c2-f7e3f9342218,"Archer, W. G. (William George),
         1907-1979",Tribal law and justice: a report on the Santal,1984,257,Monograph,Santal,Asia,South Asia,intensive agriculturalists,,"583,585,622,686",https://ehrafworldcultures.yale.edu/sres/c4005423-182c-42c4-89c2-f7e3f9342218
18d3f406-3611-4d69-b13e-a4514e83e6ff,"Archer, W. G. (William George),
         1907-1979",Tribal law and justice: a report on the Santal,1984,257,Monograph,Santal,Asia,South Asia,intensive agriculturalists,,"583,585,686",https://ehrafworldcultures.yale.edu/sres/18d3f406-3611-4d69-b13e-a4514e83e6ff
977e70e3-c7be-4df8-ae75-b741ff307387,"Archer, W. G. (William George),
         1907-1979",Tribal law and justice: a report on the Santal,1984,259,Monograph,Santal,Asia,South Asia,intensive agriculturalists,,"583,585,686,837",https://ehrafworldcultures.yale.edu/sres/977e70e3-c7be-4df8-ae75-b741ff307387
b86c6465-2906-4088-8bad-e05b8a5bac67,"Archer, W. G. (William George),
         1907-1979",Tribal law and justice: a report on the Santal,1984,260,Monograph,Santal,Asia,South Asia,intensive agriculturalists,,"583,585,684",https://ehrafworldcultures.yale.edu/sres/b86c6465-2906-4088-8bad-e05b8a5bac67
8581283b-14e8-4986-9237-9a1530795372,"Archer, W. G. (William George),
         1907-1979",Tribal law and justice: a report on the Santal,1984,260,Monograph,Santal,Asia,South Asia,intensive agriculturalists,,"583,585,684",https://ehrafworldcultures.yale.edu/sres/8581283b-14e8-4986-9237-9a1530795372
69590b3b-40ed-4437-a638-16dcda210ff6,"Archer, W. G. (William George),
         1907-1979",Tribal law and justice: a report on the Santal,1984,260,Monograph,Santal,Asia,South Asia,intensive agriculturalists,,"583,585,686",https://ehrafworldcultures.yale.edu/sres/69590b3b-40ed-4437-a638-16dcda210ff6
6cc1b202-1e25-4aae-bf09-0bd78235e619,"Archer, W. G. (William George),
         1907-1979",Tribal law and justice: a report on the Santal,1984,261,Monograph,Santal,Asia,South Asia,intensive agriculturalists,,"583,585,686",https://ehrafworldcultures.yale.edu/sres/6cc1b202-1e25-4aae-bf09-0bd78235e619
c91bf1ce-e330-4d26-ae8f-97ff44b02962,"Archer, W. G. (William George),
         1907-1979",Tribal law and justice: a report on the Santal,1984,261,Monograph,Santal,Asia,South Asia,intensive agriculturalists,,"583,585,684",https://ehrafworldcultures.yale.edu/sres/c91bf1ce-e330-4d26-ae8f-97ff44b02962
a196affc-6cee-4368-908d-1dda97385087,"Archer, W. G. (William George),
         1907-1979",Tribal law and justice: a report on the Santal,1984,262,Monograph,Santal,Asia,South Asia,intensive agriculturalists,,"583,684,837",https://ehrafworldcultures.yale.edu/sres/a196affc-6cee-4368-908d-1dda97385087
1564ea82-4fbd-4e64-8c62-f30607a49ada,"Archer, W. G. (William George),
         1907-1979",Tribal law and justice: a report on the Santal,1984,262,Monograph,Santal,Asia,South Asia,intensive agriculturalists,,"583,586,684",https://ehrafworldcultures.yale.edu/sres/1564ea82-4fbd-4e64-8c62-f30607a49ada
5b0f8f5e-30a3-4378-8861-3790533e3c30,"Archer, W. G. (William George),
         1907-1979",Tribal law and justice: a report on the Santal,1984,262,Monograph,Santal,Asia,South Asia,intensive agriculturalists,,"583,684",https://ehrafworldcultures.yale.edu/sres/5b0f8f5e-30a3-4378-8861-3790533e3c30
1d8caa96-a5b2-4899-a59f-3c0dc617b095,"Archer, W. G. (William George),
         1907-1979",Tribal law and justice: a report on the Santal,1984,262,Monograph,Santal,Asia,South Asia,intensive agriculturalists,,684,https://ehrafworldcultures.yale.edu/sres/1d8caa96-a5b2-4899-a59f-3c0dc617b095
d87c9511-d623-4332-a8d8-23f70bbd71b4,"Archer, W. G. (William George),
         1907-1979",Tribal law and justice: a report on the Santal,1984,263,Monograph,Santal,Asia,South Asia,intensive agriculturalists,,"583,585,684,881",https://ehrafworldcultures.yale.edu/sres/d87c9511-d623-4332-a8d8-23f70bbd71b4
1ff369e5-9d04-4d34-8477-3bb872bd427d,"Archer, W. G. (William George),
         1907-1979",Tribal law and justice: a report on the Santal,1984,271,Monograph,Santal,Asia,South Asia,intensive agriculturalists,,"584,587,589,686",https://ehrafworldcultures.yale.edu/sres/1ff369e5-9d04-4d34-8477-3bb872bd427d
b121fc87-45f1-46d7-877b-4fca28fc3780,"Archer, W. G. (William George),
         1907-1979",Tribal law and justice: a report on the Santal,1984,273,Monograph,Santal,Asia,South Asia,intensive agriculturalists,,"583,587,686",https://ehrafworldcultures.yale.edu/sres/b121fc87-45f1-46d7-877b-4fca28fc3780
031e1f88-f585-495c-988a-7898fd7c283f,"Archer, W. G. (William George),
         1907-1979",Tribal law and justice: a report on the Santal,1984,273,Monograph,Santal,Asia,South Asia,intensive agriculturalists,,"583,587,686",https://ehrafworldcultures.yale.edu/sres/031e1f88-f585-495c-988a-7898fd7c283f
cb1f3f87-7575-4c2e-8530-70c63611298a,"Archer, W. G. (William George),
         1907-1979",Tribal law and justice: a report on the Santal,1984,278,Monograph,Santal,Asia,South Asia,intensive agriculturalists,,"583,684",https://ehrafworldcultures.yale.edu/sres/cb1f3f87-7575-4c2e-8530-70c63611298a
e2dc46c6-e746-462b-8799-88dba6fa4ef1,"Archer, W. G. (William George),
         1907-1979",Tribal law and justice: a report on the Santal,1984,284,Monograph,Santal,Asia,South Asia,intensive agriculturalists,,"583,684",https://ehrafworldcultures.yale.edu/sres/e2dc46c6-e746-462b-8799-88dba6fa4ef1
f146b0fc-b304-4a7b-9ad7-7ca9c7f338c2,"Archer, W. G. (William George),
         1907-1979",Tribal law and justice: a report on the Santal,1984,284,Monograph,Santal,Asia,South Asia,intensive agriculturalists,,"583,684",https://ehrafworldcultures.yale.edu/sres/f146b0fc-b304-4a7b-9ad7-7ca9c7f338c2
d534bde7-39b8-4c1d-a61c-698eaf44dd5e,"Archer, W. G. (William George),
         1907-1979",Tribal law and justice: a report on the Santal,1984,284,Monograph,Santal,Asia,South Asia,intensive agriculturalists,,"583,684",https://ehrafworldcultures.yale.edu/sres/d534bde7-39b8-4c1d-a61c-698eaf44dd5e
5c4fd71c-d1e6-4683-8f18-dc451ae9f2f9,"Archer, W. G. (William George),
         1907-1979",Tribal law and justice: a report on the Santal,1984,284,Monograph,Santal,Asia,South Asia,intensive agriculturalists,,"583,684",https://ehrafworldcultures.yale.edu/sres/5c4fd71c-d1e6-4683-8f18-dc451ae9f2f9
10184893-45e8-4e0d-99ba-58600de66c55,"Archer, W. G. (William George),
         1907-1979",Tribal law and justice: a report on the Santal,1984,284,Monograph,Santal,Asia,South Asia,intensive agriculturalists,,"583,684",https://ehrafworldcultures.yale.edu/sres/10184893-45e8-4e0d-99ba-58600de66c55
9ada6248-2d76-49ce-b268-83b1252b2078,"Archer, W. G. (William George),
         1907-1979",Tribal law and justice: a report on the Santal,1984,285,Monograph,Santal,Asia,South Asia,intensive agriculturalists,,"583,684",https://ehrafworldcultures.yale.edu/sres/9ada6248-2d76-49ce-b268-83b1252b2078
7699ef49-50f1-4a8d-8038-28880394cce0,"Archer, W. G. (William George),
         1907-1979",Tribal law and justice: a report on the Santal,1984,285,Monograph,Santal,Asia,South Asia,intensive agriculturalists,,"583,684",https://ehrafworldcultures.yale.edu/sres/7699ef49-50f1-4a8d-8038-28880394cce0
2fb4c29e-8976-4796-8988-89251ca6c9a8,"Archer, W. G. (William George),
         1907-1979",Tribal law and justice: a report on the Santal,1984,285,Monograph,Santal,Asia,South Asia,intensive agriculturalists,,"583,684",https://ehrafworldcultures.yale.edu/sres/2fb4c29e-8976-4796-8988-89251ca6c9a8
87060316-4b58-43ec-8296-a46df0da9556,"Archer, W. G. (William George),
         1907-1979",Tribal law and justice: a report on the Santal,1984,285,Monograph,Santal,Asia,South Asia,intensive agriculturalists,,"583,684",https://ehrafworldcultures.yale.edu/sres/87060316-4b58-43ec-8296-a46df0da9556
6dae4b85-eb65-4f18-a9d0-4a813e02834c,"Archer, W. G. (William George),
         1907-1979",Tribal law and justice: a report on the Santal,1984,285,Monograph,Santal,Asia,South Asia,intensive agriculturalists,,"583,684",https://ehrafworldcultures.yale.edu/sres/6dae4b85-eb65-4f18-a9d0-4a813e02834c
415ca606-6852-4a55-b3fa-4757115d6252,"Archer, W. G. (William George),
         1907-1979",Tribal law and justice: a report on the Santal,1984,285,Monograph,Santal,Asia,South Asia,intensive agriculturalists,,"583,684",https://ehrafworldcultures.yale.edu/sres/415ca606-6852-4a55-b3fa-4757115d6252
fe84cc1b-4b12-49a4-9e78-77674c46318c,"Archer, W. G. (William George),
         1907-1979",Tribal law and justice: a report on the Santal,1984,291,Monograph,Santal,Asia,South Asia,intensive agriculturalists,,"583,686",https://ehrafworldcultures.yale.edu/sres/fe84cc1b-4b12-49a4-9e78-77674c46318c
d0bc38b1-80c4-457f-aa20-cdeaf266138b,"Archer, W. G. (William George),
         1907-1979",Tribal law and justice: a report on the Santal,1984,291,Monograph,Santal,Asia,South Asia,intensive agriculturalists,,"583,686",https://ehrafworldcultures.yale.edu/sres/d0bc38b1-80c4-457f-aa20-cdeaf266138b
67e82a7c-e325-4646-bafe-1f9e11a37301,"Archer, W. G. (William George),
         1907-1979",Tribal law and justice: a report on the Santal,1984,291,Monograph,Santal,Asia,South Asia,intensive agriculturalists,,"583,686",https://ehrafworldcultures.yale.edu/sres/67e82a7c-e325-4646-bafe-1f9e11a37301
69814da2-d993-4ad3-9bae-7aa85df94140,"Archer, W. G. (William George),
         1907-1979",Tribal law and justice: a report on the Santal,1984,292,Monograph,Santal,Asia,South Asia,intensive agriculturalists,,"583,686",https://ehrafworldcultures.yale.edu/sres/69814da2-d993-4ad3-9bae-7aa85df94140
790b1ab8-005c-4e95-ae49-a1e9dcec71ad,"Archer, W. G. (William George),
         1907-1979",Tribal law and justice: a report on the Santal,1984,292,Monograph,Santal,Asia,South Asia,intensive agriculturalists,,"583,686",https://ehrafworldcultures.yale.edu/sres/790b1ab8-005c-4e95-ae49-a1e9dcec71ad
d252322d-dc43-4219-9373-4d1fdd63296a,"Archer, W. G. (William George),
         1907-1979",Tribal law and justice: a report on the Santal,1984,292,Monograph,Santal,Asia,South Asia,intensive agriculturalists,,"583,686",https://ehrafworldcultures.yale.edu/sres/d252322d-dc43-4219-9373-4d1fdd63296a
6e1b2989-d9d5-495e-aebc-b1ed88c62de2,"Archer, W. G. (William George),
         1907-1979",Tribal law and justice: a report on the Santal,1984,292,Monograph,Santal,Asia,South Asia,intensive agriculturalists,,"583,686",https://ehrafworldcultures.yale.edu/sres/6e1b2989-d9d5-495e-aebc-b1ed88c62de2
41044056-31c3-4ea0-a8db-7acbc90538ff,"Archer, W. G. (William George),
         1907-1979",Tribal law and justice: a report on the Santal,1984,292,Monograph,Santal,Asia,South Asia,intensive agriculturalists,,"583,686",https://ehrafworldcultures.yale.edu/sres/41044056-31c3-4ea0-a8db-7acbc90538ff
f3ad37a4-b632-4a21-ab6d-ba7dba16b852,"Archer, W. G. (William George),
         1907-1979",Tribal law and justice: a report on the Santal,1984,292,Monograph,Santal,Asia,South Asia,intensive agriculturalists,,"583,686",https://ehrafworldcultures.yale.edu/sres/f3ad37a4-b632-4a21-ab6d-ba7dba16b852
510dca65-5645-42fc-8015-6852db13e80c,"Archer, W. G. (William George),
         1907-1979",Tribal law and justice: a report on the Santal,1984,296,Monograph,Santal,Asia,South Asia,intensive agriculturalists,,"583,686",https://ehrafworldcultures.yale.edu/sres/510dca65-5645-42fc-8015-6852db13e80c
7a017720-e111-4725-a1a7-d51016792017,"Archer, W. G. (William George),
         1907-1979",Tribal law and justice: a report on the Santal,1984,296,Monograph,Santal,Asia,South Asia,intensive agriculturalists,,"583,686",https://ehrafworldcultures.yale.edu/sres/7a017720-e111-4725-a1a7-d51016792017
9803b46d-bac9-4087-a804-dfa69e5852a6,"Archer, W. G. (William George),
         1907-1979",Tribal law and justice: a report on the Santal,1984,297,Monograph,Santal,Asia,South Asia,intensive agriculturalists,,"583,686",https://ehrafworldcultures.yale.edu/sres/9803b46d-bac9-4087-a804-dfa69e5852a6
21e5e64c-9bcd-4ed1-bffe-d12703535055,"Archer, W. G. (William George),
         1907-1979",Tribal law and justice: a report on the Santal,1984,297,Monograph,Santal,Asia,South Asia,intensive agriculturalists,,"583,585,623,686",https://ehrafworldcultures.yale.edu/sres/21e5e64c-9bcd-4ed1-bffe-d12703535055
39caa09e-062a-4b80-a5a2-ab70d4812405,"Archer, W. G. (William George),
         1907-1979",Tribal law and justice: a report on the Santal,1984,297,Monograph,Santal,Asia,South Asia,intensive agriculturalists,,"583,585,623,686",https://ehrafworldcultures.yale.edu/sres/39caa09e-062a-4b80-a5a2-ab70d4812405
f92c229d-cd1f-4682-81be-1cce531c0366,"Archer, W. G. (William George),
         1907-1979",Tribal law and justice: a report on the Santal,1984,297,Monograph,Santal,Asia,South Asia,intensive agriculturalists,,"583,686,837",https://ehrafworldcultures.yale.edu/sres/f92c229d-cd1f-4682-81be-1cce531c0366
a790ded8-bfde-4b91-8915-eaf2c4377503,"Archer, W. G. (William George),
         1907-1979",Tribal law and justice: a report on the Santal,1984,298,Monograph,Santal,Asia,South Asia,intensive agriculturalists,,"583,686",https://ehrafworldcultures.yale.edu/sres/a790ded8-bfde-4b91-8915-eaf2c4377503
dc78e50f-327b-49a2-a973-ac67495ebe58,"Archer, W. G. (William George),
         1907-1979",Tribal law and justice: a report on the Santal,1984,298,Monograph,Santal,Asia,South Asia,intensive agriculturalists,,"583,686",https://ehrafworldcultures.yale.edu/sres/dc78e50f-327b-49a2-a973-ac67495ebe58
45de947f-e541-4e35-8d5f-443900ceca17,"Archer, W. G. (William George),
         1907-1979",Tribal law and justice: a report on the Santal,1984,298,Monograph,Santal,Asia,South Asia,intensive agriculturalists,,"583,686",https://ehrafworldcultures.yale.edu/sres/45de947f-e541-4e35-8d5f-443900ceca17
ae63d630-333f-4dc7-9f2f-0b3a989e3668,"Archer, W. G. (William George),
         1907-1979",Tribal law and justice: a report on the Santal,1984,298,Monograph,Santal,Asia,South Asia,intensive agriculturalists,,"583,686",https://ehrafworldcultures.yale.edu/sres/ae63d630-333f-4dc7-9f2f-0b3a989e3668
a9931639-94d5-47eb-b892-7e2fb266f0e7,"Archer, W. G. (William George),
         1907-1979",Tribal law and justice: a report on the Santal,1984,300,Monograph,Santal,Asia,South Asia,intensive agriculturalists,,"583,585,686",https://ehrafworldcultures.yale.edu/sres/a9931639-94d5-47eb-b892-7e2fb266f0e7
57481d67-a4c7-4954-b06f-2b989aa1ef1a,"Archer, W. G. (William George),
         1907-1979",Tribal law and justice: a report on the Santal,1984,300,Monograph,Santal,Asia,South Asia,intensive agriculturalists,,"583,585,686",https://ehrafworldcultures.yale.edu/sres/57481d67-a4c7-4954-b06f-2b989aa1ef1a
c1ace4ec-ee2f-48ed-8f4e-cf9257e54519,"Archer, W. G. (William George),
         1907-1979",Tribal law and justice: a report on the Santal,1984,300,Monograph,Santal,Asia,South Asia,intensive agriculturalists,,"583,585,686",https://ehrafworldcultures.yale.edu/sres/c1ace4ec-ee2f-48ed-8f4e-cf9257e54519
1e04751b-e41f-4f5b-9560-e3f85d7fa7c4,"Archer, W. G. (William George),
         1907-1979",Tribal law and justice: a report on the Santal,1984,302,Monograph,Santal,Asia,South Asia,intensive agriculturalists,,"583,585,686",https://ehrafworldcultures.yale.edu/sres/1e04751b-e41f-4f5b-9560-e3f85d7fa7c4
0f519ea5-5d34-4235-9980-3fe540698543,"Archer, W. G. (William George),
         1907-1979",Tribal law and justice: a report on the Santal,1984,302,Monograph,Santal,Asia,South Asia,intensive agriculturalists,,"583,585,686",https://ehrafworldcultures.yale.edu/sres/0f519ea5-5d34-4235-9980-3fe540698543
5f597f97-ea67-4ab3-8c05-ddb7df473f15,"Archer, W. G. (William George),
         1907-1979",Tribal law and justice: a report on the Santal,1984,302,Monograph,Santal,Asia,South Asia,intensive agriculturalists,,"583,584,686",https://ehrafworldcultures.yale.edu/sres/5f597f97-ea67-4ab3-8c05-ddb7df473f15
47b20eae-1754-47bc-861a-ea9cdaba6228,"Archer, W. G. (William George),
         1907-1979",Tribal law and justice: a report on the Santal,1984,303,Monograph,Santal,Asia,South Asia,intensive agriculturalists,,"583,606,686",https://ehrafworldcultures.yale.edu/sres/47b20eae-1754-47bc-861a-ea9cdaba6228
63b488e7-b266-4f0f-878c-31c56a3b424e,"Archer, W. G. (William George),
         1907-1979",Tribal law and justice: a report on the Santal,1984,303,Monograph,Santal,Asia,South Asia,intensive agriculturalists,,"583,606,686",https://ehrafworldcultures.yale.edu/sres/63b488e7-b266-4f0f-878c-31c56a3b424e
15ed9ac2-1759-4372-bc4d-0966a1788a16,"Archer, W. G. (William George),
         1907-1979",Tribal law and justice: a report on the Santal,1984,303,Monograph,Santal,Asia,South Asia,intensive agriculturalists,,"583,606,686",https://ehrafworldcultures.yale.edu/sres/15ed9ac2-1759-4372-bc4d-0966a1788a16
c636a69c-b936-4ebd-b1e2-4c72c1ec0853,"Archer, W. G. (William George),
         1907-1979",Tribal law and justice: a report on the Santal,1984,327,Monograph,Santal,Asia,South Asia,intensive agriculturalists,,"431,686,694",https://ehrafworldcultures.yale.edu/sres/c636a69c-b936-4ebd-b1e2-4c72c1ec0853
31ca94ed-c554-4ebe-a3f0-d867a0a77d7b,"Archer, W. G. (William George),
         1907-1979",Tribal law and justice: a report on the Santal,1984,327,Monograph,Santal,Asia,South Asia,intensive agriculturalists,,"431,586,686",https://ehrafworldcultures.yale.edu/sres/31ca94ed-c554-4ebe-a3f0-d867a0a77d7b
ea93dd65-38e7-4568-91c9-676666571e10,"Archer, W. G. (William George),
         1907-1979",Tribal law and justice: a report on the Santal,1984,332,Monograph,Santal,Asia,South Asia,intensive agriculturalists,,"586,684,837",https://ehrafworldcultures.yale.edu/sres/ea93dd65-38e7-4568-91c9-676666571e10
0ae20e7e-ff4a-4d02-942c-d304391bbc83,"Archer, W. G. (William George),
         1907-1979",Tribal law and justice: a report on the Santal,1984,338,Monograph,Santal,Asia,South Asia,intensive agriculturalists,,"593,683,754",https://ehrafworldcultures.yale.edu/sres/0ae20e7e-ff4a-4d02-942c-d304391bbc83
ffd68ace-f938-48c6-804f-f69357eec535,"Archer, W. G. (William George),
         1907-1979",Tribal law and justice: a report on the Santal,1984,342,Monograph,Santal,Asia,South Asia,intensive agriculturalists,,"586,684,837",https://ehrafworldcultures.yale.edu/sres/ffd68ace-f938-48c6-804f-f69357eec535
45c1043d-e426-4c16-9ecf-859b54a4abea,"Archer, W. G. (William George),
         1907-1979",Tribal law and justice: a report on the Santal,1984,342,Monograph,Santal,Asia,South Asia,intensive agriculturalists,,"586,684,837",https://ehrafworldcultures.yale.edu/sres/45c1043d-e426-4c16-9ecf-859b54a4abea
5ffc787c-4634-40f8-bc3e-be39044623c0,"Archer, W. G. (William George),
         1907-1979",Tribal law and justice: a report on the Santal,1984,343,Monograph,Santal,Asia,South Asia,intensive agriculturalists,,"586,684,837",https://ehrafworldcultures.yale.edu/sres/5ffc787c-4634-40f8-bc3e-be39044623c0
b86f1774-0a94-4e5c-9040-18ad71517736,"Archer, W. G. (William George),
         1907-1979",Tribal law and justice: a report on the Santal,1984,343,Monograph,Santal,Asia,South Asia,intensive agriculturalists,,"586,684,837",https://ehrafworldcultures.yale.edu/sres/b86f1774-0a94-4e5c-9040-18ad71517736
e68a5e0c-c159-4722-a138-446ab21cb86b,"Archer, W. G. (William George),
         1907-1979",Tribal law and justice: a report on the Santal,1984,343,Monograph,Santal,Asia,South Asia,intensive agriculturalists,,"586,684,837",https://ehrafworldcultures.yale.edu/sres/e68a5e0c-c159-4722-a138-446ab21cb86b
49209923-df8b-4cba-9773-0894ae1f9ab2,"Archer, W. G. (William George),
         1907-1979",Tribal law and justice: a report on the Santal,1984,343,Monograph,Santal,Asia,South Asia,intensive agriculturalists,,"586,684,837",https://ehrafworldcultures.yale.edu/sres/49209923-df8b-4cba-9773-0894ae1f9ab2
480c8f94-7e1b-4f61-9e77-98eafab8f2c3,"Archer, W. G. (William George),
         1907-1979",Tribal law and justice: a report on the Santal,1984,343,Monograph,Santal,Asia,South Asia,intensive agriculturalists,,"586,684,837",https://ehrafworldcultures.yale.edu/sres/480c8f94-7e1b-4f61-9e77-98eafab8f2c3
61a2e38b-c449-4b64-8798-c3e439337b41,"Archer, W. G. (William George),
         1907-1979",Tribal law and justice: a report on the Santal,1984,344,Monograph,Santal,Asia,South Asia,intensive agriculturalists,,"586,684,837",https://ehrafworldcultures.yale.edu/sres/61a2e38b-c449-4b64-8798-c3e439337b41
5af8f90b-1c1f-4d86-8abe-aefcacf3f9d5,"Archer, W. G. (William George),
         1907-1979",Tribal law and justice: a report on the Santal,1984,344,Monograph,Santal,Asia,South Asia,intensive agriculturalists,,"586,684,837",https://ehrafworldcultures.yale.edu/sres/5af8f90b-1c1f-4d86-8abe-aefcacf3f9d5
310d212a-a720-4cb9-bfc8-982d2421e4d7,"Archer, W. G. (William George),
         1907-1979",Tribal law and justice: a report on the Santal,1984,344,Monograph,Santal,Asia,South Asia,intensive agriculturalists,,"586,684,837",https://ehrafworldcultures.yale.edu/sres/310d212a-a720-4cb9-bfc8-982d2421e4d7
fdc01707-672b-4696-a006-16d84901b4c9,"Archer, W. G. (William George),
         1907-1979",Tribal law and justice: a report on the Santal,1984,344,Monograph,Santal,Asia,South Asia,intensive agriculturalists,,"586,684,837",https://ehrafworldcultures.yale.edu/sres/fdc01707-672b-4696-a006-16d84901b4c9
a385bddf-4d06-44e7-ac53-0e965b24d922,"Archer, W. G. (William George),
         1907-1979",Tribal law and justice: a report on the Santal,1984,345,Monograph,Santal,Asia,South Asia,intensive agriculturalists,,"586,684,837",https://ehrafworldcultures.yale.edu/sres/a385bddf-4d06-44e7-ac53-0e965b24d922
cb537553-c7ae-4ad1-9c4e-6109e7b30962,"Archer, W. G. (William George),
         1907-1979",Tribal law and justice: a report on the Santal,1984,345,Monograph,Santal,Asia,South Asia,intensive agriculturalists,,"583,586,684,837",https://ehrafworldcultures.yale.edu/sres/cb537553-c7ae-4ad1-9c4e-6109e7b30962
d8cd8c5c-c384-441f-8e8b-7cdef9a08aa8,"Archer, W. G. (William George),
         1907-1979",Tribal law and justice: a report on the Santal,1984,347,Monograph,Santal,Asia,South Asia,intensive agriculturalists,,"583,586,684,837",https://ehrafworldcultures.yale.edu/sres/d8cd8c5c-c384-441f-8e8b-7cdef9a08aa8
c6cd7118-0ac9-4b1f-bf76-57995e4779df,"Archer, W. G. (William George),
         1907-1979",Tribal law and justice: a report on the Santal,1984,[p.429],Monograph,Santal,Asia,South Asia,intensive agriculturalists,,"121,681",https://ehrafworldcultures.yale.edu/sres/c6cd7118-0ac9-4b1f-bf76-57995e4779df
cca03f11-8332-491f-83b7-187f08e8ae41,"Archer, W. G. (William George),
         1907-1979",Tribal law and justice: a report on the Santal,1984,443,Monograph,Santal,Asia,South Asia,intensive agriculturalists,,"178,625,671,674,681",https://ehrafworldcultures.yale.edu/sres/cca03f11-8332-491f-83b7-187f08e8ae41
a95d7808-07e7-4909-9e11-71393563684f,"Archer, W. G. (William George),
         1907-1979",Tribal law and justice: a report on the Santal,1984,443,Monograph,Santal,Asia,South Asia,intensive agriculturalists,,"671,674,681",https://ehrafworldcultures.yale.edu/sres/a95d7808-07e7-4909-9e11-71393563684f
1490340b-ae8e-4234-a816-db0ecd614696,"Archer, W. G. (William George),
         1907-1979",Tribal law and justice: a report on the Santal,1984,443,Monograph,Santal,Asia,South Asia,intensive agriculturalists,,"671,674,681",https://ehrafworldcultures.yale.edu/sres/1490340b-ae8e-4234-a816-db0ecd614696
3b50b713-5355-41b7-906a-d810f23377e5,"Archer, W. G. (William George),
         1907-1979",Tribal law and justice: a report on the Santal,1984,443,Monograph,Santal,Asia,South Asia,intensive agriculturalists,,"113,671,674,681",https://ehrafworldcultures.yale.edu/sres/3b50b713-5355-41b7-906a-d810f23377e5
9ea69fa3-d4ee-4878-8904-5386856e9a46,"Archer, W. G. (William George),
         1907-1979",Tribal law and justice: a report on the Santal,1984,444,Monograph,Santal,Asia,South Asia,intensive agriculturalists,,"113,674,682",https://ehrafworldcultures.yale.edu/sres/9ea69fa3-d4ee-4878-8904-5386856e9a46
dab5d281-9106-4671-94bb-91343b47f855,"Archer, W. G. (William George),
         1907-1979",Tribal law and justice: a report on the Santal,1984,444,Monograph,Santal,Asia,South Asia,intensive agriculturalists,,"673,683",https://ehrafworldcultures.yale.edu/sres/dab5d281-9106-4671-94bb-91343b47f855
1868f94d-a986-472a-91b5-907a0b606bd6,"Archer, W. G. (William George),
         1907-1979",Tribal law and justice: a report on the Santal,1984,444,Monograph,Santal,Asia,South Asia,intensive agriculturalists,,"673,683",https://ehrafworldcultures.yale.edu/sres/1868f94d-a986-472a-91b5-907a0b606bd6
ccf0a08d-c5f7-4391-a735-f3c5ed88d9f3,"Archer, W. G. (William George),
         1907-1979",Tribal law and justice: a report on the Santal,1984,444,Monograph,Santal,Asia,South Asia,intensive agriculturalists,,"673,683",https://ehrafworldcultures.yale.edu/sres/ccf0a08d-c5f7-4391-a735-f3c5ed88d9f3
44da9506-cc6a-4fb3-8f1c-a7e8de96f9ed,"Archer, W. G. (William George),
         1907-1979",Tribal law and justice: a report on the Santal,1984,444,Monograph,Santal,Asia,South Asia,intensive agriculturalists,,"673,684",https://ehrafworldcultures.yale.edu/sres/44da9506-cc6a-4fb3-8f1c-a7e8de96f9ed
baf41b1d-b643-4d61-8b26-a909aa215c73,"Archer, W. G. (William George),
         1907-1979",Tribal law and justice: a report on the Santal,1984,445,Monograph,Santal,Asia,South Asia,intensive agriculturalists,,"671,684",https://ehrafworldcultures.yale.edu/sres/baf41b1d-b643-4d61-8b26-a909aa215c73
902798b3-37dc-461a-8c20-649e0bbda7c2,"Archer, W. G. (William George),
         1907-1979",Tribal law and justice: a report on the Santal,1984,445,Monograph,Santal,Asia,South Asia,intensive agriculturalists,,"671,684",https://ehrafworldcultures.yale.edu/sres/902798b3-37dc-461a-8c20-649e0bbda7c2
e4326eb7-44f0-4d4a-b587-40169eea0c83,"Archer, W. G. (William George),
         1907-1979",Tribal law and justice: a report on the Santal,1984,445,Monograph,Santal,Asia,South Asia,intensive agriculturalists,,"671,684",https://ehrafworldcultures.yale.edu/sres/e4326eb7-44f0-4d4a-b587-40169eea0c83
33753d0b-28f2-430b-b9fd-63fa7f0df99d,"Archer, W. G. (William George),
         1907-1979",Tribal law and justice: a report on the Santal,1984,445,Monograph,Santal,Asia,South Asia,intensive agriculturalists,,"671,684",https://ehrafworldcultures.yale.edu/sres/33753d0b-28f2-430b-b9fd-63fa7f0df99d
d67454a8-2297-4964-a5be-0f4f1124db7a,"Archer, W. G. (William George),
         1907-1979",Tribal law and justice: a report on the Santal,1984,445,Monograph,Santal,Asia,South Asia,intensive agriculturalists,,"671,684",https://ehrafworldcultures.yale.edu/sres/d67454a8-2297-4964-a5be-0f4f1124db7a
2d9723df-9663-4f5e-94e6-207825ae8387,"Archer, W. G. (William George),
         1907-1979",Tribal law and justice: a report on the Santal,1984,445,Monograph,Santal,Asia,South Asia,intensive agriculturalists,,"671,684",https://ehrafworldcultures.yale.edu/sres/2d9723df-9663-4f5e-94e6-207825ae8387
a38b9b71-ef31-4dda-80eb-65a580d9ecd4,"Archer, W. G. (William George),
         1907-1979",Tribal law and justice: a report on the Santal,1984,446,Monograph,Santal,Asia,South Asia,intensive agriculturalists,,"671,684",https://ehrafworldcultures.yale.edu/sres/a38b9b71-ef31-4dda-80eb-65a580d9ecd4
d75b8365-298f-4e5d-9b85-a8dacf0b02bf,"Archer, W. G. (William George),
         1907-1979",Tribal law and justice: a report on the Santal,1984,446,Monograph,Santal,Asia,South Asia,intensive agriculturalists,,"671,684",https://ehrafworldcultures.yale.edu/sres/d75b8365-298f-4e5d-9b85-a8dacf0b02bf
fa901e5f-4a7e-4588-b437-121a3027652c,"Archer, W. G. (William George),
         1907-1979",Tribal law and justice: a report on the Santal,1984,446,Monograph,Santal,Asia,South Asia,intensive agriculturalists,,"671,682",https://ehrafworldcultures.yale.edu/sres/fa901e5f-4a7e-4588-b437-121a3027652c
fd9e32b7-8081-4aa1-8270-0430d5ad2365,"Archer, W. G. (William George),
         1907-1979",Tribal law and justice: a report on the Santal,1984,446,Monograph,Santal,Asia,South Asia,intensive agriculturalists,,"671,682",https://ehrafworldcultures.yale.edu/sres/fd9e32b7-8081-4aa1-8270-0430d5ad2365
d4a8f2b6-0199-4874-a724-0dffd4b6c15d,"Archer, W. G. (William George),
         1907-1979",Tribal law and justice: a report on the Santal,1984,446,Monograph,Santal,Asia,South Asia,intensive agriculturalists,,"671,681",https://ehrafworldcultures.yale.edu/sres/d4a8f2b6-0199-4874-a724-0dffd4b6c15d
6f314ac8-07e7-4470-abab-2dc958821141,"Archer, W. G. (William George),
         1907-1979",Tribal law and justice: a report on the Santal,1984,446,Monograph,Santal,Asia,South Asia,intensive agriculturalists,,"671,681",https://ehrafworldcultures.yale.edu/sres/6f314ac8-07e7-4470-abab-2dc958821141
1643bc63-5595-4f68-bf67-2d4bd7aba74f,"Archer, W. G. (William George),
         1907-1979",Tribal law and justice: a report on the Santal,1984,452,Monograph,Santal,Asia,South Asia,intensive agriculturalists,,"423,685",https://ehrafworldcultures.yale.edu/sres/1643bc63-5595-4f68-bf67-2d4bd7aba74f
a1219245-1968-413f-be66-20c126be44a6,"Archer, W. G. (William George),
         1907-1979",Tribal law and justice: a report on the Santal,1984,452,Monograph,Santal,Asia,South Asia,intensive agriculturalists,,"423,685",https://ehrafworldcultures.yale.edu/sres/a1219245-1968-413f-be66-20c126be44a6
a7ec8641-9473-4b3e-a60b-12cdbfa8a33a,"Archer, W. G. (William George),
         1907-1979",Tribal law and justice: a report on the Santal,1984,452,Monograph,Santal,Asia,South Asia,intensive agriculturalists,,"423,685",https://ehrafworldcultures.yale.edu/sres/a7ec8641-9473-4b3e-a60b-12cdbfa8a33a
5da05ae0-35bf-4594-9ee1-3c01ac5563ad,"Archer, W. G. (William George),
         1907-1979",Tribal law and justice: a report on the Santal,1984,452,Monograph,Santal,Asia,South Asia,intensive agriculturalists,,"423,685",https://ehrafworldcultures.yale.edu/sres/5da05ae0-35bf-4594-9ee1-3c01ac5563ad
849cd4e4-8717-487f-8cd3-b729e9d214b6,"Archer, W. G. (William George),
         1907-1979",Tribal law and justice: a report on the Santal,1984,452,Monograph,Santal,Asia,South Asia,intensive agriculturalists,,"423,685",https://ehrafworldcultures.yale.edu/sres/849cd4e4-8717-487f-8cd3-b729e9d214b6
744c2f45-f00e-43a0-8de4-944860bd3c3f,"Archer, W. G. (William George),
         1907-1979",Tribal law and justice: a report on the Santal,1984,452,Monograph,Santal,Asia,South Asia,intensive agriculturalists,,"423,685",https://ehrafworldcultures.yale.edu/sres/744c2f45-f00e-43a0-8de4-944860bd3c3f
7f1a3588-0778-4bef-9977-da8a653e7364,"Archer, W. G. (William George),
         1907-1979",Tribal law and justice: a report on the Santal,1984,452,Monograph,Santal,Asia,South Asia,intensive agriculturalists,,"628,634,685",https://ehrafworldcultures.yale.edu/sres/7f1a3588-0778-4bef-9977-da8a653e7364
bbdfbe82-f633-4fce-aecd-64341a9ca199,"Archer, W. G. (William George),
         1907-1979",Tribal law and justice: a report on the Santal,1984,452,Monograph,Santal,Asia,South Asia,intensive agriculturalists,,"423,628,685",https://ehrafworldcultures.yale.edu/sres/bbdfbe82-f633-4fce-aecd-64341a9ca199
ca26369c-35ef-4c06-bcb7-4ab9943eb589,"Archer, W. G. (William George),
         1907-1979",Tribal law and justice: a report on the Santal,1984,453,Monograph,Santal,Asia,South Asia,intensive agriculturalists,,"423,685",https://ehrafworldcultures.yale.edu/sres/ca26369c-35ef-4c06-bcb7-4ab9943eb589
5b5c276d-c9f3-4a71-93f9-b51ae5e59899,"Archer, W. G. (William George),
         1907-1979",Tribal law and justice: a report on the Santal,1984,453,Monograph,Santal,Asia,South Asia,intensive agriculturalists,,"423,685",https://ehrafworldcultures.yale.edu/sres/5b5c276d-c9f3-4a71-93f9-b51ae5e59899
19f86145-1636-429a-a3a4-c0854b160662,"Archer, W. G. (William George),
         1907-1979",Tribal law and justice: a report on the Santal,1984,453,Monograph,Santal,Asia,South Asia,intensive agriculturalists,,"423,685",https://ehrafworldcultures.yale.edu/sres/19f86145-1636-429a-a3a4-c0854b160662
d721a6c9-4c9a-465c-9aa5-d73e5d5e41a5,"Archer, W. G. (William George),
         1907-1979",Tribal law and justice: a report on the Santal,1984,453,Monograph,Santal,Asia,South Asia,intensive agriculturalists,,"423,685",https://ehrafworldcultures.yale.edu/sres/d721a6c9-4c9a-465c-9aa5-d73e5d5e41a5
e610063c-8b75-498c-8e3b-a60f9384171f,"Archer, W. G. (William George),
         1907-1979",Tribal law and justice: a report on the Santal,1984,453,Monograph,Santal,Asia,South Asia,intensive agriculturalists,,"423,628,685",https://ehrafworldcultures.yale.edu/sres/e610063c-8b75-498c-8e3b-a60f9384171f
10fc5c4f-60db-4291-9dff-473ee0aea01d,"Archer, W. G. (William George),
         1907-1979",Tribal law and justice: a report on the Santal,1984,453,Monograph,Santal,Asia,South Asia,intensive agriculturalists,,"423,685",https://ehrafworldcultures.yale.edu/sres/10fc5c4f-60db-4291-9dff-473ee0aea01d
46441609-7b9b-4685-b4e0-005b7b5d41cf,"Archer, W. G. (William George),
         1907-1979",Tribal law and justice: a report on the Santal,1984,453,Monograph,Santal,Asia,South Asia,intensive agriculturalists,,"423,685",https://ehrafworldcultures.yale.edu/sres/46441609-7b9b-4685-b4e0-005b7b5d41cf
ed861eab-056b-4aa7-b7a9-9dd748ee3c8d,"Archer, W. G. (William George),
         1907-1979",Tribal law and justice: a report on the Santal,1984,453,Monograph,Santal,Asia,South Asia,intensive agriculturalists,,"241,312,685",https://ehrafworldcultures.yale.edu/sres/ed861eab-056b-4aa7-b7a9-9dd748ee3c8d
5c3e9b2b-e987-4b7e-b5bc-bbac3129953c,"Archer, W. G. (William George),
         1907-1979",Tribal law and justice: a report on the Santal,1984,453,Monograph,Santal,Asia,South Asia,intensive agriculturalists,,"241,312,685",https://ehrafworldcultures.yale.edu/sres/5c3e9b2b-e987-4b7e-b5bc-bbac3129953c
8fd0aeb1-fc12-4095-bad5-1e9762144a41,"Archer, W. G. (William George),
         1907-1979",Tribal law and justice: a report on the Santal,1984,453,Monograph,Santal,Asia,South Asia,intensive agriculturalists,,"241,312,685",https://ehrafworldcultures.yale.edu/sres/8fd0aeb1-fc12-4095-bad5-1e9762144a41
5c3ed68e-b40d-4fef-b39e-56e4fbc8d8cc,"Archer, W. G. (William George),
         1907-1979",Tribal law and justice: a report on the Santal,1984,454,Monograph,Santal,Asia,South Asia,intensive agriculturalists,,"241,312,685",https://ehrafworldcultures.yale.edu/sres/5c3ed68e-b40d-4fef-b39e-56e4fbc8d8cc
7d466037-70b0-41c6-9ebd-b058230a9668,"Archer, W. G. (William George),
         1907-1979",Tribal law and justice: a report on the Santal,1984,454,Monograph,Santal,Asia,South Asia,intensive agriculturalists,,"672,685",https://ehrafworldcultures.yale.edu/sres/7d466037-70b0-41c6-9ebd-b058230a9668
bf4f3664-0827-47c4-8464-60a47744bc27,"Archer, W. G. (William George),
         1907-1979",Tribal law and justice: a report on the Santal,1984,454,Monograph,Santal,Asia,South Asia,intensive agriculturalists,,"672,685",https://ehrafworldcultures.yale.edu/sres/bf4f3664-0827-47c4-8464-60a47744bc27
575e2a11-b7e1-4cbe-a2e4-686d3027db57,"Archer, W. G. (William George),
         1907-1979",Tribal law and justice: a report on the Santal,1984,454,Monograph,Santal,Asia,South Asia,intensive agriculturalists,,"672,685",https://ehrafworldcultures.yale.edu/sres/575e2a11-b7e1-4cbe-a2e4-686d3027db57
22ee7a46-5376-4f94-bd48-792ce19dd05a,"Archer, W. G. (William George),
         1907-1979",Tribal law and justice: a report on the Santal,1984,454,Monograph,Santal,Asia,South Asia,intensive agriculturalists,,"672,685",https://ehrafworldcultures.yale.edu/sres/22ee7a46-5376-4f94-bd48-792ce19dd05a
caec6478-49ba-4d49-9ed3-9f9ab86e93bb,"Archer, W. G. (William George),
         1907-1979",Tribal law and justice: a report on the Santal,1984,454,Monograph,Santal,Asia,South Asia,intensive agriculturalists,,"672,685",https://ehrafworldcultures.yale.edu/sres/caec6478-49ba-4d49-9ed3-9f9ab86e93bb
04c3fc70-b2cf-45ab-a3a0-873169645053,"Archer, W. G. (William George),
         1907-1979",Tribal law and justice: a report on the Santal,1984,454,Monograph,Santal,Asia,South Asia,intensive agriculturalists,,"672,685",https://ehrafworldcultures.yale.edu/sres/04c3fc70-b2cf-45ab-a3a0-873169645053
4630553b-2835-4425-8429-fc521a8680f3,"Archer, W. G. (William George),
         1907-1979",Tribal law and justice: a report on the Santal,1984,455,Monograph,Santal,Asia,South Asia,intensive agriculturalists,,"672,685",https://ehrafworldcultures.yale.edu/sres/4630553b-2835-4425-8429-fc521a8680f3
a2fac7dc-a574-4a2e-9c4e-f46197216845,"Archer, W. G. (William George),
         1907-1979",Tribal law and justice: a report on the Santal,1984,455,Monograph,Santal,Asia,South Asia,intensive agriculturalists,,"672,685",https://ehrafworldcultures.yale.edu/sres/a2fac7dc-a574-4a2e-9c4e-f46197216845
75d6e6bf-6d00-4e66-8a1a-a234ca6c6fca,"Archer, W. G. (William George),
         1907-1979",Tribal law and justice: a report on the Santal,1984,455,Monograph,Santal,Asia,South Asia,intensive agriculturalists,,"672,685",https://ehrafworldcultures.yale.edu/sres/75d6e6bf-6d00-4e66-8a1a-a234ca6c6fca
97311cb3-ab4c-4598-8237-a347a0eb5f7a,"Archer, W. G. (William George),
         1907-1979",Tribal law and justice: a report on the Santal,1984,455,Monograph,Santal,Asia,South Asia,intensive agriculturalists,,"672,685",https://ehrafworldcultures.yale.edu/sres/97311cb3-ab4c-4598-8237-a347a0eb5f7a
ba58c762-f7c9-48b9-9584-75a3b258398d,"Archer, W. G. (William George),
         1907-1979",Tribal law and justice: a report on the Santal,1984,455,Monograph,Santal,Asia,South Asia,intensive agriculturalists,,"672,685",https://ehrafworldcultures.yale.edu/sres/ba58c762-f7c9-48b9-9584-75a3b258398d
f15d61c2-668f-4022-a50f-38449bf5c0f1,"Archer, W. G. (William George),
         1907-1979",Tribal law and justice: a report on the Santal,1984,455,Monograph,Santal,Asia,South Asia,intensive agriculturalists,,"231,622,685",https://ehrafworldcultures.yale.edu/sres/f15d61c2-668f-4022-a50f-38449bf5c0f1
6dfe141a-becb-4ee6-9201-8569f29555bd,"Archer, W. G. (William George),
         1907-1979",Tribal law and justice: a report on the Santal,1984,455,Monograph,Santal,Asia,South Asia,intensive agriculturalists,,"231,622,672,685",https://ehrafworldcultures.yale.edu/sres/6dfe141a-becb-4ee6-9201-8569f29555bd
7dd91ce0-f60a-4b1a-86e2-c8650f7cfa62,"Archer, W. G. (William George),
         1907-1979",Tribal law and justice: a report on the Santal,1984,455,Monograph,Santal,Asia,South Asia,intensive agriculturalists,,"231,622,672,685",https://ehrafworldcultures.yale.edu/sres/7dd91ce0-f60a-4b1a-86e2-c8650f7cfa62
9f733109-bce1-4941-8534-6b2bce39816d,"Archer, W. G. (William George),
         1907-1979",Tribal law and justice: a report on the Santal,1984,456,Monograph,Santal,Asia,South Asia,intensive agriculturalists,,"231,622,672,685",https://ehrafworldcultures.yale.edu/sres/9f733109-bce1-4941-8534-6b2bce39816d
fd1d2503-fc31-4219-aa5c-7b343a5f2130,"Archer, W. G. (William George),
         1907-1979",Tribal law and justice: a report on the Santal,1984,456,Monograph,Santal,Asia,South Asia,intensive agriculturalists,,"231,622,672,685",https://ehrafworldcultures.yale.edu/sres/fd1d2503-fc31-4219-aa5c-7b343a5f2130
1fa43d31-ca02-45e2-9850-832a9bbe3d55,"Archer, W. G. (William George),
         1907-1979",Tribal law and justice: a report on the Santal,1984,456,Monograph,Santal,Asia,South Asia,intensive agriculturalists,,"231,622,672,685",https://ehrafworldcultures.yale.edu/sres/1fa43d31-ca02-45e2-9850-832a9bbe3d55
d41783da-c56b-43a3-80d9-332c2d2b1908,"Archer, W. G. (William George),
         1907-1979",Tribal law and justice: a report on the Santal,1984,456,Monograph,Santal,Asia,South Asia,intensive agriculturalists,,"311,672,685",https://ehrafworldcultures.yale.edu/sres/d41783da-c56b-43a3-80d9-332c2d2b1908
4e3979bd-f0de-48dd-99e8-7fba7a4ad1dd,"Archer, W. G. (William George),
         1907-1979",Tribal law and justice: a report on the Santal,1984,456,Monograph,Santal,Asia,South Asia,intensive agriculturalists,,"311,672,685",https://ehrafworldcultures.yale.edu/sres/4e3979bd-f0de-48dd-99e8-7fba7a4ad1dd
4548d592-d851-4eb5-ac6c-ce5712eb4502,"Archer, W. G. (William George),
         1907-1979",Tribal law and justice: a report on the Santal,1984,456,Monograph,Santal,Asia,South Asia,intensive agriculturalists,,"311,672,685",https://ehrafworldcultures.yale.edu/sres/4548d592-d851-4eb5-ac6c-ce5712eb4502
1b780656-1ce0-4f16-aa7a-13aff060b4bd,"Archer, W. G. (William George),
         1907-1979",Tribal law and justice: a report on the Santal,1984,456,Monograph,Santal,Asia,South Asia,intensive agriculturalists,,"671,685,692",https://ehrafworldcultures.yale.edu/sres/1b780656-1ce0-4f16-aa7a-13aff060b4bd
bc9a39a6-1242-4411-9207-26e95368beff,"Archer, W. G. (William George),
         1907-1979",Tribal law and justice: a report on the Santal,1984,457,Monograph,Santal,Asia,South Asia,intensive agriculturalists,,685,https://ehrafworldcultures.yale.edu/sres/bc9a39a6-1242-4411-9207-26e95368beff
92811c35-223e-4325-bf29-4a2fa06335b4,"Archer, W. G. (William George),
         1907-1979",Tribal law and justice: a report on the Santal,1984,457,Monograph,Santal,Asia,South Asia,intensive agriculturalists,,685,https://ehrafworldcultures.yale.edu/sres/92811c35-223e-4325-bf29-4a2fa06335b4
77d17eae-33ed-4299-ad49-3cd1a98af3dd,"Archer, W. G. (William George),
         1907-1979",Tribal law and justice: a report on the Santal,1984,457,Monograph,Santal,Asia,South Asia,intensive agriculturalists,,685,https://ehrafworldcultures.yale.edu/sres/77d17eae-33ed-4299-ad49-3cd1a98af3dd
f66757c0-de81-42bb-b274-945bd166aa67,"Archer, W. G. (William George),
         1907-1979",Tribal law and justice: a report on the Santal,1984,457,Monograph,Santal,Asia,South Asia,intensive agriculturalists,,685,https://ehrafworldcultures.yale.edu/sres/f66757c0-de81-42bb-b274-945bd166aa67
03dafa0b-b919-4020-8b37-0922987bb431,"Archer, W. G. (William George),
         1907-1979",Tribal law and justice: a report on the Santal,1984,457,Monograph,Santal,Asia,South Asia,intensive agriculturalists,,685,https://ehrafworldcultures.yale.edu/sres/03dafa0b-b919-4020-8b37-0922987bb431
8e4e5976-f775-4029-ab31-5d70ac3bc7df,"Archer, W. G. (William George),
         1907-1979",Tribal law and justice: a report on the Santal,1984,457,Monograph,Santal,Asia,South Asia,intensive agriculturalists,,685,https://ehrafworldcultures.yale.edu/sres/8e4e5976-f775-4029-ab31-5d70ac3bc7df
12496bb7-86fc-448c-82b0-c4def139c7ae,"Archer, W. G. (William George),
         1907-1979",Tribal law and justice: a report on the Santal,1984,457,Monograph,Santal,Asia,South Asia,intensive agriculturalists,,"625,685,694",https://ehrafworldcultures.yale.edu/sres/12496bb7-86fc-448c-82b0-c4def139c7ae
b97cb2e1-b812-462f-a141-1e2cca3c2d8f,"Archer, W. G. (William George),
         1907-1979",Tribal law and justice: a report on the Santal,1984,457,Monograph,Santal,Asia,South Asia,intensive agriculturalists,,"622,625,685,694",https://ehrafworldcultures.yale.edu/sres/b97cb2e1-b812-462f-a141-1e2cca3c2d8f
19f8921e-c21f-4740-8722-65a8d6fb4ac4,"Archer, W. G. (William George),
         1907-1979",Tribal law and justice: a report on the Santal,1984,458,Monograph,Santal,Asia,South Asia,intensive agriculturalists,,"113,171,578,683",https://ehrafworldcultures.yale.edu/sres/19f8921e-c21f-4740-8722-65a8d6fb4ac4
a6852525-e0c9-48df-a840-f776f8ab8b34,"Archer, W. G. (William George),
         1907-1979",Tribal law and justice: a report on the Santal,1984,458,Monograph,Santal,Asia,South Asia,intensive agriculturalists,,"171,578,683",https://ehrafworldcultures.yale.edu/sres/a6852525-e0c9-48df-a840-f776f8ab8b34
fb896067-11ce-4fc4-b5c4-264780f6db06,"Archer, W. G. (William George),
         1907-1979",Tribal law and justice: a report on the Santal,1984,459,Monograph,Santal,Asia,South Asia,intensive agriculturalists,,"578,683",https://ehrafworldcultures.yale.edu/sres/fb896067-11ce-4fc4-b5c4-264780f6db06
5680c002-ce48-422d-bdc9-8e5f4bb42a17,"Archer, W. G. (William George),
         1907-1979",Tribal law and justice: a report on the Santal,1984,459,Monograph,Santal,Asia,South Asia,intensive agriculturalists,,"578,579,683",https://ehrafworldcultures.yale.edu/sres/5680c002-ce48-422d-bdc9-8e5f4bb42a17
ce9599e9-82af-4b89-9302-b78949034e98,"Archer, W. G. (William George),
         1907-1979",Tribal law and justice: a report on the Santal,1984,459,Monograph,Santal,Asia,South Asia,intensive agriculturalists,,"578,683",https://ehrafworldcultures.yale.edu/sres/ce9599e9-82af-4b89-9302-b78949034e98
201c53dd-d66b-4ab7-adf5-58327ec9a791,"Archer, W. G. (William George),
         1907-1979",Tribal law and justice: a report on the Santal,1984,460,Monograph,Santal,Asia,South Asia,intensive agriculturalists,,"195,562,578,683",https://ehrafworldcultures.yale.edu/sres/201c53dd-d66b-4ab7-adf5-58327ec9a791
2c27dbcb-82ff-4e28-a8e4-868beb91254f,"Archer, W. G. (William George),
         1907-1979",Tribal law and justice: a report on the Santal,1984,460,Monograph,Santal,Asia,South Asia,intensive agriculturalists,,"195,562,578,683",https://ehrafworldcultures.yale.edu/sres/2c27dbcb-82ff-4e28-a8e4-868beb91254f
de5fc4e3-36f5-4192-a80b-0cf2244d8703,"Archer, W. G. (William George),
         1907-1979",Tribal law and justice: a report on the Santal,1984,461,Monograph,Santal,Asia,South Asia,intensive agriculturalists,,"195,562,578,683",https://ehrafworldcultures.yale.edu/sres/de5fc4e3-36f5-4192-a80b-0cf2244d8703
8e6bae87-2fe3-4d87-bbc1-b2de7f0f594f,"Archer, W. G. (William George),
         1907-1979",Tribal law and justice: a report on the Santal,1984,461,Monograph,Santal,Asia,South Asia,intensive agriculturalists,,"578,683,685",https://ehrafworldcultures.yale.edu/sres/8e6bae87-2fe3-4d87-bbc1-b2de7f0f594f
367d92f3-b7e0-40ad-a69c-bfc13b1cf05b,"Archer, W. G. (William George),
         1907-1979",Tribal law and justice: a report on the Santal,1984,461,Monograph,Santal,Asia,South Asia,intensive agriculturalists,,"578,683",https://ehrafworldcultures.yale.edu/sres/367d92f3-b7e0-40ad-a69c-bfc13b1cf05b
f9a90162-9f3d-4c62-bb05-f10fc57cf0a4,"Archer, W. G. (William George),
         1907-1979",Tribal law and justice: a report on the Santal,1984,461,Monograph,Santal,Asia,South Asia,intensive agriculturalists,,"578,683",https://ehrafworldcultures.yale.edu/sres/f9a90162-9f3d-4c62-bb05-f10fc57cf0a4
08cf1d01-7d43-45c0-b33f-7400b3ce5c39,"Archer, W. G. (William George),
         1907-1979",Tribal law and justice: a report on the Santal,1984,461,Monograph,Santal,Asia,South Asia,intensive agriculturalists,,"578,683",https://ehrafworldcultures.yale.edu/sres/08cf1d01-7d43-45c0-b33f-7400b3ce5c39
42010ac1-9d40-4c80-98fc-e43b356980db,"Archer, W. G. (William George),
         1907-1979",Tribal law and justice: a report on the Santal,1984,462,Monograph,Santal,Asia,South Asia,intensive agriculturalists,,"195,578,683",https://ehrafworldcultures.yale.edu/sres/42010ac1-9d40-4c80-98fc-e43b356980db
c8fd0725-4dcc-46a6-8ed4-5f48aa243269,"Archer, W. G. (William George),
         1907-1979",Tribal law and justice: a report on the Santal,1984,463,Monograph,Santal,Asia,South Asia,intensive agriculturalists,,"195,578,683",https://ehrafworldcultures.yale.edu/sres/c8fd0725-4dcc-46a6-8ed4-5f48aa243269
13ab0afb-7b80-43a9-921d-ab941eebf33c,"Archer, W. G. (William George),
         1907-1979",Tribal law and justice: a report on the Santal,1984,463,Monograph,Santal,Asia,South Asia,intensive agriculturalists,,"195,578,683,754",https://ehrafworldcultures.yale.edu/sres/13ab0afb-7b80-43a9-921d-ab941eebf33c
01b27adb-217c-4b74-adbc-810d0d29634b,"Archer, W. G. (William George),
         1907-1979",Tribal law and justice: a report on the Santal,1984,463,Monograph,Santal,Asia,South Asia,intensive agriculturalists,,"195,578,683",https://ehrafworldcultures.yale.edu/sres/01b27adb-217c-4b74-adbc-810d0d29634b
5884267f-9439-488e-bf60-e2be5a69a55b,"Archer, W. G. (William George),
         1907-1979",Tribal law and justice: a report on the Santal,1984,464,Monograph,Santal,Asia,South Asia,intensive agriculturalists,,"202,689,763",https://ehrafworldcultures.yale.edu/sres/5884267f-9439-488e-bf60-e2be5a69a55b
9b2734c8-63e1-42b0-a9fe-95c6a3bb731c,"Archer, W. G. (William George),
         1907-1979",Tribal law and justice: a report on the Santal,1984,464,Monograph,Santal,Asia,South Asia,intensive agriculturalists,,"202,689,763",https://ehrafworldcultures.yale.edu/sres/9b2734c8-63e1-42b0-a9fe-95c6a3bb731c
b9d23082-1c45-405a-af58-11ddf9326102,"Archer, W. G. (William George),
         1907-1979",Tribal law and justice: a report on the Santal,1984,464,Monograph,Santal,Asia,South Asia,intensive agriculturalists,,"202,689,763",https://ehrafworldcultures.yale.edu/sres/b9d23082-1c45-405a-af58-11ddf9326102
bdc0f2ff-bfdd-46c6-a7da-df8ef433b24b,"Archer, W. G. (William George),
         1907-1979",Tribal law and justice: a report on the Santal,1984,465,Monograph,Santal,Asia,South Asia,intensive agriculturalists,,"624,689,763",https://ehrafworldcultures.yale.edu/sres/bdc0f2ff-bfdd-46c6-a7da-df8ef433b24b
bb960aa4-f108-4c2c-8132-e47a16c19ad7,"Archer, W. G. (William George),
         1907-1979",Tribal law and justice: a report on the Santal,1984,465,Monograph,Santal,Asia,South Asia,intensive agriculturalists,,"202,689",https://ehrafworldcultures.yale.edu/sres/bb960aa4-f108-4c2c-8132-e47a16c19ad7
de8b3171-944f-4d2e-afc0-1760cd2c80a4,"Archer, W. G. (William George),
         1907-1979",Tribal law and justice: a report on the Santal,1984,465,Monograph,Santal,Asia,South Asia,intensive agriculturalists,,681,https://ehrafworldcultures.yale.edu/sres/de8b3171-944f-4d2e-afc0-1760cd2c80a4
b8c86875-abbb-4347-a09d-717b4ce581d6,"Archer, W. G. (William George),
         1907-1979",Tribal law and justice: a report on the Santal,1984,465,Monograph,Santal,Asia,South Asia,intensive agriculturalists,,"651,686,796",https://ehrafworldcultures.yale.edu/sres/b8c86875-abbb-4347-a09d-717b4ce581d6
5fe7d8a8-a781-40ad-a7be-28bad2fade08,"Archer, W. G. (William George),
         1907-1979",Tribal law and justice: a report on the Santal,1984,465,Monograph,Santal,Asia,South Asia,intensive agriculturalists,,"651,686,796",https://ehrafworldcultures.yale.edu/sres/5fe7d8a8-a781-40ad-a7be-28bad2fade08
f768ab4c-6219-447e-a91c-d3a6fd7b41c5,"Archer, W. G. (William George),
         1907-1979",Tribal law and justice: a report on the Santal,1984,465,Monograph,Santal,Asia,South Asia,intensive agriculturalists,,"651,686,796",https://ehrafworldcultures.yale.edu/sres/f768ab4c-6219-447e-a91c-d3a6fd7b41c5
b6d249f9-126d-4089-9f41-a111aee5c21f,"Archer, W. G. (William George),
         1907-1979",Tribal law and justice: a report on the Santal,1984,473,Monograph,Santal,Asia,South Asia,intensive agriculturalists,,"651,686,796",https://ehrafworldcultures.yale.edu/sres/b6d249f9-126d-4089-9f41-a111aee5c21f
0b679d05-ba85-46bf-825b-b2bd93f53cfd,"Archer, W. G. (William George),
         1907-1979",Tribal law and justice: a report on the Santal,1984,474,Monograph,Santal,Asia,South Asia,intensive agriculturalists,,"651,686,796",https://ehrafworldcultures.yale.edu/sres/0b679d05-ba85-46bf-825b-b2bd93f53cfd
41b557c8-ad50-4208-a654-4c43ef8080b0,"Archer, W. G. (William George),
         1907-1979",Tribal law and justice: a report on the Santal,1984,474,Monograph,Santal,Asia,South Asia,intensive agriculturalists,,"688,796",https://ehrafworldcultures.yale.edu/sres/41b557c8-ad50-4208-a654-4c43ef8080b0
fa2b99cf-7780-41fd-9a78-9a92ba63d555,"Archer, W. G. (William George),
         1907-1979",Tribal law and justice: a report on the Santal,1984,474,Monograph,Santal,Asia,South Asia,intensive agriculturalists,,"686,755,796",https://ehrafworldcultures.yale.edu/sres/fa2b99cf-7780-41fd-9a78-9a92ba63d555
caa45979-6d01-4fb6-a273-506df93b4457,"Archer, W. G. (William George),
         1907-1979",Tribal law and justice: a report on the Santal,1984,474,Monograph,Santal,Asia,South Asia,intensive agriculturalists,,"686,796",https://ehrafworldcultures.yale.edu/sres/caa45979-6d01-4fb6-a273-506df93b4457
905a559a-18f5-42f1-b2cb-fe63a5d5cb11,"Archer, W. G. (William George),
         1907-1979",Tribal law and justice: a report on the Santal,1984,475,Monograph,Santal,Asia,South Asia,intensive agriculturalists,,"553,684,783",https://ehrafworldcultures.yale.edu/sres/905a559a-18f5-42f1-b2cb-fe63a5d5cb11
f2a36f3c-6899-4025-af74-9adec5ab716b,"Archer, W. G. (William George),
         1907-1979",Tribal law and justice: a report on the Santal,1984,475,Monograph,Santal,Asia,South Asia,intensive agriculturalists,,"688,782,784",https://ehrafworldcultures.yale.edu/sres/f2a36f3c-6899-4025-af74-9adec5ab716b
f298d9c8-237d-4937-b739-dbf71a1b5eee,"Archer, W. G. (William George),
         1907-1979",Tribal law and justice: a report on the Santal,1984,476,Monograph,Santal,Asia,South Asia,intensive agriculturalists,,"562,688,782,784",https://ehrafworldcultures.yale.edu/sres/f298d9c8-237d-4937-b739-dbf71a1b5eee
0e38f423-3e6b-4bc9-8318-6cc020f9a5b8,"Archer, W. G. (William George),
         1907-1979",Tribal law and justice: a report on the Santal,1984,476,Monograph,Santal,Asia,South Asia,intensive agriculturalists,,"171,562,688,782,784",https://ehrafworldcultures.yale.edu/sres/0e38f423-3e6b-4bc9-8318-6cc020f9a5b8
b5c2026c-065d-4c95-95b6-70e108a64927,"Archer, W. G. (William George),
         1907-1979",Tribal law and justice: a report on the Santal,1984,476,Monograph,Santal,Asia,South Asia,intensive agriculturalists,,"000,562,688,782,784",https://ehrafworldcultures.yale.edu/sres/b5c2026c-065d-4c95-95b6-70e108a64927
eb5e3b12-c785-4f47-b733-bf48a7d6f8e1,"Archer, W. G. (William George),
         1907-1979",Tribal law and justice: a report on the Santal,1984,476,Monograph,Santal,Asia,South Asia,intensive agriculturalists,,"562,688,782,784",https://ehrafworldcultures.yale.edu/sres/eb5e3b12-c785-4f47-b733-bf48a7d6f8e1
4657193c-ea5c-44bf-88c6-34ef6a0a716b,"Archer, W. G. (William George),
         1907-1979",Tribal law and justice: a report on the Santal,1984,476,Monograph,Santal,Asia,South Asia,intensive agriculturalists,,"562,688,782,784",https://ehrafworldcultures.yale.edu/sres/4657193c-ea5c-44bf-88c6-34ef6a0a716b
4cf0377c-a3b0-4cfc-8c5f-e0f7e1248816,"Archer, W. G. (William George),
         1907-1979",Tribal law and justice: a report on the Santal,1984,477,Monograph,Santal,Asia,South Asia,intensive agriculturalists,,"562,688,782,784",https://ehrafworldcultures.yale.edu/sres/4cf0377c-a3b0-4cfc-8c5f-e0f7e1248816
86502bba-f6c9-4bdc-9638-a78ae32e7c70,"Archer, W. G. (William George),
         1907-1979",Tribal law and justice: a report on the Santal,1984,477,Monograph,Santal,Asia,South Asia,intensive agriculturalists,,"562,688,782,784",https://ehrafworldcultures.yale.edu/sres/86502bba-f6c9-4bdc-9638-a78ae32e7c70
892a57a4-701d-48c9-80c5-a416083b5cd9,"Archer, W. G. (William George),
         1907-1979",Tribal law and justice: a report on the Santal,1984,477,Monograph,Santal,Asia,South Asia,intensive agriculturalists,,"562,688,782,784",https://ehrafworldcultures.yale.edu/sres/892a57a4-701d-48c9-80c5-a416083b5cd9
df3ec722-aac6-433c-8a63-ff84a37597ad,"Archer, W. G. (William George),
         1907-1979",Tribal law and justice: a report on the Santal,1984,477,Monograph,Santal,Asia,South Asia,intensive agriculturalists,,"171,562,688,782,784",https://ehrafworldcultures.yale.edu/sres/df3ec722-aac6-433c-8a63-ff84a37597ad
45f4587f-4897-4ec8-b37c-43a3d24e7ba3,"Archer, W. G. (William George),
         1907-1979",Tribal law and justice: a report on the Santal,1984,477,Monograph,Santal,Asia,South Asia,intensive agriculturalists,,"562,688,782,784",https://ehrafworldcultures.yale.edu/sres/45f4587f-4897-4ec8-b37c-43a3d24e7ba3
93ef527b-6a7b-4756-a673-68f1e72396f1,"Archer, W. G. (William George),
         1907-1979",Tribal law and justice: a report on the Santal,1984,477,Monograph,Santal,Asia,South Asia,intensive agriculturalists,,"562,688,782,784",https://ehrafworldcultures.yale.edu/sres/93ef527b-6a7b-4756-a673-68f1e72396f1
6be1d093-8d4f-48ea-85a2-9c04102b7dcf,"Archer, W. G. (William George),
         1907-1979",Tribal law and justice: a report on the Santal,1984,477,Monograph,Santal,Asia,South Asia,intensive agriculturalists,,"562,688,782,784",https://ehrafworldcultures.yale.edu/sres/6be1d093-8d4f-48ea-85a2-9c04102b7dcf
98786fd5-8f88-4974-9a1e-1ab83de726d7,"Archer, W. G. (William George),
         1907-1979",Tribal law and justice: a report on the Santal,1984,477,Monograph,Santal,Asia,South Asia,intensive agriculturalists,,"562,688,784",https://ehrafworldcultures.yale.edu/sres/98786fd5-8f88-4974-9a1e-1ab83de726d7
