uuid,Primary_Author,Title,Published,Page,DocType,Culture,Region,Subregion,Subsistence,OCM,IDs,Permalink
03263625-dcef-4415-b487-19ed6f8c4498,"Sutlive, Vinson H.",Tun Jugah of Sarawak: colonialism and Iban response,1992,88,Monograph,Iban,Asia,Southeast Asia,horticulturalists,,"159,682,687,696",https://ehrafworldcultures.yale.edu/sres/03263625-dcef-4415-b487-19ed6f8c4498
f6646943-b89f-4292-95d5-8c0294afc543,"Sutlive, Vinson H.",Tun Jugah of Sarawak: colonialism and Iban response,1992,88,Monograph,Iban,Asia,Southeast Asia,horticulturalists,,"124,159,682,687,696",https://ehrafworldcultures.yale.edu/sres/f6646943-b89f-4292-95d5-8c0294afc543
11e0f313-db1c-4232-91b2-c7da87fb215d,"Wagner, Ulla",Colonialism and Iban warfare,1972,100,Monograph,Iban,Asia,Southeast Asia,horticulturalists,,"537,554,612,622,626,627,671,772,791",https://ehrafworldcultures.yale.edu/sres/11e0f313-db1c-4232-91b2-c7da87fb215d
881cfae0-ce1c-4df3-af4a-1a0f80080ff9,"Benedict Sandin, 1918-",Iban adat and augury,1980,xxix,Monograph,Iban,Asia,Southeast Asia,horticulturalists,,"626,681,683,753,761,774,789",https://ehrafworldcultures.yale.edu/sres/881cfae0-ce1c-4df3-af4a-1a0f80080ff9
ce8461a2-cf57-4b87-a6c8-ff4a049abfc2,"Gomes, Edwin H.","Seventeen years among the Sea Dyaks of Borneo: a record of
         intimate association with the natives of the Bornean jungles",1911,63,Monograph,Iban,Asia,Southeast Asia,horticulturalists,,"577,626,674,683,789",https://ehrafworldcultures.yale.edu/sres/ce8461a2-cf57-4b87-a6c8-ff4a049abfc2
8bc211a3-ef4f-422c-8869-8eb54ffb0dd1,"Gomes, Edwin H.","Seventeen years among the Sea Dyaks of Borneo: a record of
         intimate association with the natives of the Bornean jungles",1911,64,Monograph,Iban,Asia,Southeast Asia,horticulturalists,,"626,674,683,789",https://ehrafworldcultures.yale.edu/sres/8bc211a3-ef4f-422c-8869-8eb54ffb0dd1
ac299ba6-1fd6-4de3-9b16-ca96209d66c6,"Pringle, Robert Maxwell, 1936-","The Ibans of Sarawak under Brooke rule, 1841-1941",1968,260,Monograph,Iban,Asia,Southeast Asia,horticulturalists,,"554,622,627,631,635,681,692",https://ehrafworldcultures.yale.edu/sres/ac299ba6-1fd6-4de3-9b16-ca96209d66c6
beeb5b52-c6f4-4410-84d7-1eda22f01096,"Benedict Sandin, 1918-",Iban adat and augury,1980,xxii,Monograph,Iban,Asia,Southeast Asia,horticulturalists,,"622,627,681,684,782",https://ehrafworldcultures.yale.edu/sres/beeb5b52-c6f4-4410-84d7-1eda22f01096
f130ccf7-04d6-4358-926f-e7eddaf855e3,"Benedict Sandin, 1918-",Iban adat and augury,1980,xxvi,Monograph,Iban,Asia,Southeast Asia,horticulturalists,,"152,622,627,689",https://ehrafworldcultures.yale.edu/sres/f130ccf7-04d6-4358-926f-e7eddaf855e3
09c70bfa-f0d5-4bcb-88dd-efd9a96e1433,"Benedict Sandin, 1918-",Iban adat and augury,1980,7,Monograph,Iban,Asia,Southeast Asia,horticulturalists,,"627,671,681,692",https://ehrafworldcultures.yale.edu/sres/09c70bfa-f0d5-4bcb-88dd-efd9a96e1433
5c26a744-9765-4f98-8261-e4cc059be125,"Benedict Sandin, 1918-",Iban adat and augury,1980,14,Monograph,Iban,Asia,Southeast Asia,horticulturalists,,"221,243,627,681,692",https://ehrafworldcultures.yale.edu/sres/5c26a744-9765-4f98-8261-e4cc059be125
9e8d90e5-f1c4-4e30-ae7e-fe798e91c044,"Sutlive, Vinson H.",Tun Jugah of Sarawak: colonialism and Iban response,1992,299,Monograph,Iban,Asia,Southeast Asia,horticulturalists,,"184,186,627,671,684",https://ehrafworldcultures.yale.edu/sres/9e8d90e5-f1c4-4e30-ae7e-fe798e91c044
57bed6e0-65d3-4998-92f5-fb822f0bc605,"Sutlive, Vinson H.",Tun Jugah of Sarawak: colonialism and Iban response,1992,299,Monograph,Iban,Asia,Southeast Asia,horticulturalists,,"184,186,627,671,684",https://ehrafworldcultures.yale.edu/sres/57bed6e0-65d3-4998-92f5-fb822f0bc605
7737f6a0-a9ee-4270-ae84-1e7313b638c7,"Jensen, Erik, 1906-",The Iban and their religion,1974,25,Monograph,Iban,Asia,Southeast Asia,horticulturalists,,"554,622,627,681,692",https://ehrafworldcultures.yale.edu/sres/7737f6a0-a9ee-4270-ae84-1e7313b638c7
dea23a52-7e1d-430b-8279-42f39be8dea7,"Jensen, Erik, 1906-",The Iban and their religion,1974,26,Monograph,Iban,Asia,Southeast Asia,horticulturalists,,"182,554,622,627,681,692,782",https://ehrafworldcultures.yale.edu/sres/dea23a52-7e1d-430b-8279-42f39be8dea7
8fdd7c60-300f-4837-9f94-f150b4749b81,"Jensen, Erik, 1906-",The Iban and their religion,1974,114,Monograph,Iban,Asia,Southeast Asia,horticulturalists,,"627,688,772,782,812",https://ehrafworldcultures.yale.edu/sres/8fdd7c60-300f-4837-9f94-f150b4749b81
4e024083-2fbb-4c2f-b7de-ae48f17b627a,"Pringle, Robert Maxwell, 1936-","The Ibans of Sarawak under Brooke rule, 1841-1941",1968,604,Monograph,Iban,Asia,Southeast Asia,horticulturalists,,"648,696",https://ehrafworldcultures.yale.edu/sres/4e024083-2fbb-4c2f-b7de-ae48f17b627a
1ca6aa79-b9f1-45e4-9989-5494a895a460,"Sutlive, Vinson H.",Tun Jugah of Sarawak: colonialism and Iban response,1992,326,Monograph,Iban,Asia,Southeast Asia,horticulturalists,,"521,648,696",https://ehrafworldcultures.yale.edu/sres/1ca6aa79-b9f1-45e4-9989-5494a895a460
2a5fff78-7e75-4ce5-bb93-d56d6bc14686,"Benedict Sandin, 1918-",The Sea Dayaks of Borneo: before white rajah rule,1967,43,Monograph,Iban,Asia,Southeast Asia,horticulturalists,,"173,648,696",https://ehrafworldcultures.yale.edu/sres/2a5fff78-7e75-4ce5-bb93-d56d6bc14686
0024b04a-9ac1-498b-be10-69154a2a16f2,"Freeman, Derek","Report on the Iban of Sarawak: Vol. 1: Iban social
         organization",1955,49,Monograph,Iban,Asia,Southeast Asia,horticulturalists,,"693,695,696",https://ehrafworldcultures.yale.edu/sres/0024b04a-9ac1-498b-be10-69154a2a16f2
4c922ff8-8690-4b63-bed4-218a47b7dc38,"Kedit, Peter M. (Peter Mulok), 1941-",Modernization among the Iban of Sarawak,1980,28,Monograph,Iban,Asia,Southeast Asia,horticulturalists,,"243,626,771,774,784",https://ehrafworldcultures.yale.edu/sres/4c922ff8-8690-4b63-bed4-218a47b7dc38
a8ec9d6c-c5ef-471f-badf-2aa20d67d1d3,"Sutlive, Vinson H.","From longhouse to PASAR: urbanization in Sarawak, East
         Malaysia",1973,393,Monograph,Iban,Asia,Southeast Asia,horticulturalists,,"183,626",https://ehrafworldcultures.yale.edu/sres/a8ec9d6c-c5ef-471f-badf-2aa20d67d1d3
0be0b40b-c268-469b-afb1-65597274399d,"Sutlive, Vinson H.","From longhouse to PASAR: urbanization in Sarawak, East
         Malaysia",1973,396,Monograph,Iban,Asia,Southeast Asia,horticulturalists,,"183,626,776",https://ehrafworldcultures.yale.edu/sres/0be0b40b-c268-469b-afb1-65597274399d
30f373fb-fbc9-4287-b391-002df64b6bb7,"Sutlive, Vinson H.","From longhouse to PASAR: urbanization in Sarawak, East
         Malaysia",1973,398,Monograph,Iban,Asia,Southeast Asia,horticulturalists,,"183,626",https://ehrafworldcultures.yale.edu/sres/30f373fb-fbc9-4287-b391-002df64b6bb7
eab23a1a-bb34-4d69-9c4f-eebe2b953f18,"Sutlive, Vinson H.","From longhouse to PASAR: urbanization in Sarawak, East
         Malaysia",1973,399,Monograph,Iban,Asia,Southeast Asia,horticulturalists,,"183,626,829",https://ehrafworldcultures.yale.edu/sres/eab23a1a-bb34-4d69-9c4f-eebe2b953f18
d647cec9-f0cd-442c-96ce-55cf8552cf83,"Sutlive, Vinson H.","From longhouse to PASAR: urbanization in Sarawak, East
         Malaysia",1973,399,Monograph,Iban,Asia,Southeast Asia,horticulturalists,,"441,556,626",https://ehrafworldcultures.yale.edu/sres/d647cec9-f0cd-442c-96ce-55cf8552cf83
40b31ff8-6720-47af-a79b-ec544aec2eab,"Howell, William",The Sea Dyak,1908,[p.93],Journal Article,Iban,Asia,Southeast Asia,horticulturalists,,"211,626",https://ehrafworldcultures.yale.edu/sres/40b31ff8-6720-47af-a79b-ec544aec2eab
952e4fa5-4ad2-4c8c-a2ce-1990ad6eaf8c,"Howell, William",The Sea Dyak,1908,[p.93],Journal Article,Iban,Asia,Southeast Asia,horticulturalists,,"211,626",https://ehrafworldcultures.yale.edu/sres/952e4fa5-4ad2-4c8c-a2ce-1990ad6eaf8c
d146fee3-fd08-41c0-ad2c-8d1f0e87f1e1,"Howell, William",The Sea Dyak,1908,[p.93],Journal Article,Iban,Asia,Southeast Asia,horticulturalists,,"211,626",https://ehrafworldcultures.yale.edu/sres/d146fee3-fd08-41c0-ad2c-8d1f0e87f1e1
4bd64846-e443-4e8c-a5ef-eb804ce745f6,"Komanyi, Margit Ilona, 1927-","The real and ideal participation in decision-making of Iban
         women: a study of a longhouse community in Sarawak, east Malaysia",1973,107,Monograph,Iban,Asia,Southeast Asia,horticulturalists,,"462,626",https://ehrafworldcultures.yale.edu/sres/4bd64846-e443-4e8c-a5ef-eb804ce745f6
438156ca-f3cb-4e3c-a049-a69f3ff33cfb,"Davison, Julian","The children of NISING: images of headhunting and male
         sexuality in Iban ritual and oral literature",1991,197,Essay,Iban,Asia,Southeast Asia,horticulturalists,,"243,462,626",https://ehrafworldcultures.yale.edu/sres/438156ca-f3cb-4e3c-a049-a69f3ff33cfb
ca327a6a-29fb-448d-b285-e841ce017b47,"Pringle, Robert Maxwell, 1936-","The Ibans of Sarawak under Brooke rule, 1841-1941",1968,39,Monograph,Iban,Asia,Southeast Asia,horticulturalists,,"612,626,787",https://ehrafworldcultures.yale.edu/sres/ca327a6a-29fb-448d-b285-e841ce017b47
2010c600-018a-421b-9990-d36fd7a6c58b,"Benedict Sandin, 1918-",Iban adat and augury,1980,xx,Monograph,Iban,Asia,Southeast Asia,horticulturalists,,"114,626,671",https://ehrafworldcultures.yale.edu/sres/2010c600-018a-421b-9990-d36fd7a6c58b
c048a1b8-dd88-499d-bdca-9c82416cd7c7,"Sutlive, Vinson H.",Tun Jugah of Sarawak: colonialism and Iban response,1992,9,Monograph,Iban,Asia,Southeast Asia,horticulturalists,,"154,626,692,776,784,865",https://ehrafworldcultures.yale.edu/sres/c048a1b8-dd88-499d-bdca-9c82416cd7c7
85d3032b-ebbb-46f1-b76c-6895aaf63182,"Sutlive, Vinson H.",Tun Jugah of Sarawak: colonialism and Iban response,1992,46,Monograph,Iban,Asia,Southeast Asia,horticulturalists,,"159,181,626,775,776,865,867,869",https://ehrafworldcultures.yale.edu/sres/85d3032b-ebbb-46f1-b76c-6895aaf63182
a4f09551-9a67-48ab-ac56-1f2c20a5abab,"Sutlive, Vinson H.",Tun Jugah of Sarawak: colonialism and Iban response,1992,47,Monograph,Iban,Asia,Southeast Asia,horticulturalists,,"626,775,867,869",https://ehrafworldcultures.yale.edu/sres/a4f09551-9a67-48ab-ac56-1f2c20a5abab
37d5516c-6051-4496-8e89-abef4ad13ae6,"Sutlive, Vinson H.",Tun Jugah of Sarawak: colonialism and Iban response,1992,47,Monograph,Iban,Asia,Southeast Asia,horticulturalists,,"159,626,775,784",https://ehrafworldcultures.yale.edu/sres/37d5516c-6051-4496-8e89-abef4ad13ae6
1488cafc-084d-41bf-9c2e-6b1681d5e843,"Sutlive, Vinson H.",Tun Jugah of Sarawak: colonialism and Iban response,1992,57,Monograph,Iban,Asia,Southeast Asia,horticulturalists,,"181,626",https://ehrafworldcultures.yale.edu/sres/1488cafc-084d-41bf-9c2e-6b1681d5e843
219fdcf8-43f7-4cc5-91cc-2fdbf551fcff,"Sutlive, Vinson H.",Tun Jugah of Sarawak: colonialism and Iban response,1992,57,Monograph,Iban,Asia,Southeast Asia,horticulturalists,,"181,443,626,657",https://ehrafworldcultures.yale.edu/sres/219fdcf8-43f7-4cc5-91cc-2fdbf551fcff
ad9f8e98-a616-404c-8ff1-b1c1a86a6d5d,"Sutlive, Vinson H.",Tun Jugah of Sarawak: colonialism and Iban response,1992,57,Monograph,Iban,Asia,Southeast Asia,horticulturalists,,"159,626",https://ehrafworldcultures.yale.edu/sres/ad9f8e98-a616-404c-8ff1-b1c1a86a6d5d
2f80ce39-af8c-47cf-9545-1c2216883932,"Gomes, Edwin H.","Seventeen years among the Sea Dyaks of Borneo: a record of
         intimate association with the natives of the Bornean jungles",1911,66,Monograph,Iban,Asia,Southeast Asia,horticulturalists,,"211,577,626",https://ehrafworldcultures.yale.edu/sres/2f80ce39-af8c-47cf-9545-1c2216883932
853339c0-07bd-4c0b-b0cc-789de2c6ebe9,"Gomes, Edwin H.","Seventeen years among the Sea Dyaks of Borneo: a record of
         intimate association with the natives of the Bornean jungles",1911,67,Monograph,Iban,Asia,Southeast Asia,horticulturalists,,"211,577,626",https://ehrafworldcultures.yale.edu/sres/853339c0-07bd-4c0b-b0cc-789de2c6ebe9
f23f0b34-3b93-4c35-8c4e-f4f86c62baf6,"Gomes, Edwin H.","Seventeen years among the Sea Dyaks of Borneo: a record of
         intimate association with the natives of the Bornean jungles",1911,67,Monograph,Iban,Asia,Southeast Asia,horticulturalists,,"211,577,626",https://ehrafworldcultures.yale.edu/sres/f23f0b34-3b93-4c35-8c4e-f4f86c62baf6
5a4d0dee-e5b4-4051-b506-2cba4e854066,"Cramb, R. A. (Rob A.), 1951-",The evolution of Iban land tenure,1986,7,Monograph,Iban,Asia,Southeast Asia,horticulturalists,,"181,183,626",https://ehrafworldcultures.yale.edu/sres/5a4d0dee-e5b4-4051-b506-2cba4e854066
d50a3fc8-69fb-43f1-910c-2237c31c58e5,"Cramb, R. A. (Rob A.), 1951-",The evolution of Iban land tenure,1986,7,Monograph,Iban,Asia,Southeast Asia,horticulturalists,,"181,183,626",https://ehrafworldcultures.yale.edu/sres/d50a3fc8-69fb-43f1-910c-2237c31c58e5
2c5251dd-2942-40ed-a1cf-e12654cfa8b0,"Kedit, Peter M. (Peter Mulok), 1941-","Meanwhile, back home…BEJALAI and its effects on Iban men and
         women",1991,314,Essay,Iban,Asia,Southeast Asia,horticulturalists,,"183,484,626",https://ehrafworldcultures.yale.edu/sres/2c5251dd-2942-40ed-a1cf-e12654cfa8b0
af7c55cd-a75e-4ccd-8d58-0a175e24a2d4,"Freeman, Derek","Iban agriculture: a report on the shifting cultivation of hill
         rice by the Iban of Sarawak",1955,109,Monograph,Iban,Asia,Southeast Asia,horticulturalists,,"432,435,626",https://ehrafworldcultures.yale.edu/sres/af7c55cd-a75e-4ccd-8d58-0a175e24a2d4
6ba55a78-03b7-426c-a145-b558caad0c0a,"Kedit, Peter M. (Peter Mulok), 1941-",Modernization among the Iban of Sarawak,1980,36,Monograph,Iban,Asia,Southeast Asia,horticulturalists,,"554,622,627",https://ehrafworldcultures.yale.edu/sres/6ba55a78-03b7-426c-a145-b558caad0c0a
8393e982-5367-4a45-bdc8-6cb5de9feee3,"Sutlive, Vinson H.","From longhouse to PASAR: urbanization in Sarawak, East
         Malaysia",1973,389,Monograph,Iban,Asia,Southeast Asia,horticulturalists,,"539,627",https://ehrafworldcultures.yale.edu/sres/8393e982-5367-4a45-bdc8-6cb5de9feee3
13f893ea-e5db-493d-90df-9a5c4e498d50,"Sutlive, Vinson H.","From longhouse to PASAR: urbanization in Sarawak, East
         Malaysia",1973,389,Monograph,Iban,Asia,Southeast Asia,horticulturalists,,627,https://ehrafworldcultures.yale.edu/sres/13f893ea-e5db-493d-90df-9a5c4e498d50
56912160-fcdd-47cf-8925-a0baac5748c1,"Sutlive, Vinson H.","From longhouse to PASAR: urbanization in Sarawak, East
         Malaysia",1973,389,Monograph,Iban,Asia,Southeast Asia,horticulturalists,,627,https://ehrafworldcultures.yale.edu/sres/56912160-fcdd-47cf-8925-a0baac5748c1
9b962400-54f2-4665-afe1-5564f2e61e85,"Pringle, Robert Maxwell, 1936-","The Ibans of Sarawak under Brooke rule, 1841-1941",1968,503,Monograph,Iban,Asia,Southeast Asia,horticulturalists,,"113,563,582,627,647,656,657,692",https://ehrafworldcultures.yale.edu/sres/9b962400-54f2-4665-afe1-5564f2e61e85
db8eb0f4-61e2-4d6e-aeec-488f7ab9defb,"Freeman, Derek",Some reflections on the nature of Iban society,1981,17,Monograph,Iban,Asia,Southeast Asia,horticulturalists,,"622,627,631,657",https://ehrafworldcultures.yale.edu/sres/db8eb0f4-61e2-4d6e-aeec-488f7ab9defb
3d4b050f-da96-414e-bec8-d972c30b38a6,"Freeman, Derek",Some reflections on the nature of Iban society,1981,34,Monograph,Iban,Asia,Southeast Asia,horticulturalists,,"103,554,622,627,671,791",https://ehrafworldcultures.yale.edu/sres/3d4b050f-da96-414e-bec8-d972c30b38a6
9f1bf320-2f89-48a1-a041-9937cfc54fcc,"Graham, Penelope","Iban shamanism: an analysis of the ethnographic
         literature",1987,8,Monograph,Iban,Asia,Southeast Asia,horticulturalists,,"612,619,627,631",https://ehrafworldcultures.yale.edu/sres/9f1bf320-2f89-48a1-a041-9937cfc54fcc
0370f452-5507-4391-9dd4-23e9903ec165,"Pringle, Robert Maxwell, 1936-","The Ibans of Sarawak under Brooke rule, 1841-1941",1968,37,Monograph,Iban,Asia,Southeast Asia,horticulturalists,,"554,622,627",https://ehrafworldcultures.yale.edu/sres/0370f452-5507-4391-9dd4-23e9903ec165
ef892bef-7d5e-4acd-a59e-9d15c8cb9084,"Pringle, Robert Maxwell, 1936-","The Ibans of Sarawak under Brooke rule, 1841-1941",1968,240,Monograph,Iban,Asia,Southeast Asia,horticulturalists,,"622,627,647",https://ehrafworldcultures.yale.edu/sres/ef892bef-7d5e-4acd-a59e-9d15c8cb9084
70d6631a-4bab-4381-989c-05457759312f,"Benedict Sandin, 1918-",Iban adat and augury,1980,xiv,Monograph,Iban,Asia,Southeast Asia,horticulturalists,,"612,619,621,627,628,671,721,784",https://ehrafworldcultures.yale.edu/sres/70d6631a-4bab-4381-989c-05457759312f
744af814-e5fe-46d5-b45b-f58ecab1ebc1,"Benedict Sandin, 1918-",Iban adat and augury,1980,xvi,Monograph,Iban,Asia,Southeast Asia,horticulturalists,,"177,554,622,627,631,657,671,692",https://ehrafworldcultures.yale.edu/sres/744af814-e5fe-46d5-b45b-f58ecab1ebc1
95c68127-8ffc-4c67-ad21-89d338405646,"Benedict Sandin, 1918-",Iban adat and augury,1980,xxi,Monograph,Iban,Asia,Southeast Asia,horticulturalists,,"592,622,627,671,796",https://ehrafworldcultures.yale.edu/sres/95c68127-8ffc-4c67-ad21-89d338405646
1d357615-6292-4520-9cfa-8c2b3cdd814d,"Benedict Sandin, 1918-",Iban adat and augury,1980,xxiii,Monograph,Iban,Asia,Southeast Asia,horticulturalists,,"181,554,627,671",https://ehrafworldcultures.yale.edu/sres/1d357615-6292-4520-9cfa-8c2b3cdd814d
c5855464-42ad-4001-a3d1-aef7e454ba79,"Benedict Sandin, 1918-",Iban adat and augury,1980,xxiv,Monograph,Iban,Asia,Southeast Asia,horticulturalists,,"627,692",https://ehrafworldcultures.yale.edu/sres/c5855464-42ad-4001-a3d1-aef7e454ba79
fd5cf4b5-2512-4973-83a5-207dc829db45,"Benedict Sandin, 1918-",Iban adat and augury,1980,xxiv,Monograph,Iban,Asia,Southeast Asia,horticulturalists,,"571,622,623,627",https://ehrafworldcultures.yale.edu/sres/fd5cf4b5-2512-4973-83a5-207dc829db45
2779be15-c640-474b-ab8e-d1160a7a64ca,"Benedict Sandin, 1918-",Iban adat and augury,1980,xxv,Monograph,Iban,Asia,Southeast Asia,horticulturalists,,"571,592,621,622,627,671",https://ehrafworldcultures.yale.edu/sres/2779be15-c640-474b-ab8e-d1160a7a64ca
8c2c48b1-b950-4c89-b509-f51cb701031e,"Benedict Sandin, 1918-",Iban adat and augury,1980,xxv,Monograph,Iban,Asia,Southeast Asia,horticulturalists,,"621,627",https://ehrafworldcultures.yale.edu/sres/8c2c48b1-b950-4c89-b509-f51cb701031e
37891097-ae86-435b-b421-b09ec28ec205,"Benedict Sandin, 1918-",Iban adat and augury,1980,xxv,Monograph,Iban,Asia,Southeast Asia,horticulturalists,,"554,621,622,627",https://ehrafworldcultures.yale.edu/sres/37891097-ae86-435b-b421-b09ec28ec205
e19b1b77-bd64-41c0-9f41-aa7eb67aeb9f,"Benedict Sandin, 1918-",Iban adat and augury,1980,xxvi,Monograph,Iban,Asia,Southeast Asia,horticulturalists,,"554,622,627,671",https://ehrafworldcultures.yale.edu/sres/e19b1b77-bd64-41c0-9f41-aa7eb67aeb9f
0c8e8af9-6c8f-478a-8127-ac0448e99aff,"Benedict Sandin, 1918-",Iban adat and augury,1980,xxvi,Monograph,Iban,Asia,Southeast Asia,horticulturalists,,"627,671",https://ehrafworldcultures.yale.edu/sres/0c8e8af9-6c8f-478a-8127-ac0448e99aff
b2f8254b-b3bf-4235-93ad-15709655374d,"Benedict Sandin, 1918-",Iban adat and augury,1980,xxvii,Monograph,Iban,Asia,Southeast Asia,horticulturalists,,"178,181,627,657,671,691,692",https://ehrafworldcultures.yale.edu/sres/b2f8254b-b3bf-4235-93ad-15709655374d
20eb4717-76ca-4cc1-8f3d-58cf8ecfaa7e,"Benedict Sandin, 1918-",Iban adat and augury,1980,3,Monograph,Iban,Asia,Southeast Asia,horticulturalists,,"622,627,671,791",https://ehrafworldcultures.yale.edu/sres/20eb4717-76ca-4cc1-8f3d-58cf8ecfaa7e
d603dbc2-d1ce-4146-b405-0f7b61acff23,"Benedict Sandin, 1918-",Iban adat and augury,1980,5,Monograph,Iban,Asia,Southeast Asia,horticulturalists,,"622,627,692",https://ehrafworldcultures.yale.edu/sres/d603dbc2-d1ce-4146-b405-0f7b61acff23
fc822475-c7b9-457c-a04b-9320e2af92f8,"Benedict Sandin, 1918-",Iban adat and augury,1980,6,Monograph,Iban,Asia,Southeast Asia,horticulturalists,,"622,627,692",https://ehrafworldcultures.yale.edu/sres/fc822475-c7b9-457c-a04b-9320e2af92f8
e75c73b2-ef88-4946-9da5-b4cf90931c4e,"Benedict Sandin, 1918-",Iban adat and augury,1980,6,Monograph,Iban,Asia,Southeast Asia,horticulturalists,,"622,627,692",https://ehrafworldcultures.yale.edu/sres/e75c73b2-ef88-4946-9da5-b4cf90931c4e
2fec0bef-5cb3-4a80-92dc-c9e0914236a5,"Benedict Sandin, 1918-",Iban adat and augury,1980,6,Monograph,Iban,Asia,Southeast Asia,horticulturalists,,"622,627,692",https://ehrafworldcultures.yale.edu/sres/2fec0bef-5cb3-4a80-92dc-c9e0914236a5
051f85e3-8363-4b54-9eb5-d05338f333e3,"Benedict Sandin, 1918-",Iban adat and augury,1980,6,Monograph,Iban,Asia,Southeast Asia,horticulturalists,,"538,622,627,692",https://ehrafworldcultures.yale.edu/sres/051f85e3-8363-4b54-9eb5-d05338f333e3
ef798f39-5f11-4bdc-8eda-9ceb0030cfe1,"Benedict Sandin, 1918-",Iban adat and augury,1980,6,Monograph,Iban,Asia,Southeast Asia,horticulturalists,,"203,554,622,627,692",https://ehrafworldcultures.yale.edu/sres/ef798f39-5f11-4bdc-8eda-9ceb0030cfe1
f38bd933-e991-428b-839e-b6157c2b718b,"Benedict Sandin, 1918-",Iban adat and augury,1980,6,Monograph,Iban,Asia,Southeast Asia,horticulturalists,,"622,627,692",https://ehrafworldcultures.yale.edu/sres/f38bd933-e991-428b-839e-b6157c2b718b
1bd1c7c8-a739-40f4-bc65-fa1bec883d93,"Sutlive, Vinson H.",Tun Jugah of Sarawak: colonialism and Iban response,1992,53,Monograph,Iban,Asia,Southeast Asia,horticulturalists,,"159,181,627",https://ehrafworldcultures.yale.edu/sres/1bd1c7c8-a739-40f4-bc65-fa1bec883d93
5f05ad42-1af0-4ab4-912a-8ad148179e28,"Sutlive, Vinson H.",Tun Jugah of Sarawak: colonialism and Iban response,1992,78,Monograph,Iban,Asia,Southeast Asia,horticulturalists,,"434,465,554,627,631,651",https://ehrafworldcultures.yale.edu/sres/5f05ad42-1af0-4ab4-912a-8ad148179e28
cdea2e3a-cda9-4948-80ed-ebf68ffd9cc1,"Sutlive, Vinson H.",Tun Jugah of Sarawak: colonialism and Iban response,1992,80,Monograph,Iban,Asia,Southeast Asia,horticulturalists,,"113,159,177,537,627,671,691,692",https://ehrafworldcultures.yale.edu/sres/cdea2e3a-cda9-4948-80ed-ebf68ffd9cc1
427a6109-05e9-40e6-964a-71fd497ae5a6,"Sutlive, Vinson H.",Tun Jugah of Sarawak: colonialism and Iban response,1992,82,Monograph,Iban,Asia,Southeast Asia,horticulturalists,,"159,538,627,692",https://ehrafworldcultures.yale.edu/sres/427a6109-05e9-40e6-964a-71fd497ae5a6
2ecd2c97-f013-4f3c-adcf-fda3b2841923,"Sutlive, Vinson H.",Tun Jugah of Sarawak: colonialism and Iban response,1992,83,Monograph,Iban,Asia,Southeast Asia,horticulturalists,,"159,627,692",https://ehrafworldcultures.yale.edu/sres/2ecd2c97-f013-4f3c-adcf-fda3b2841923
9502a197-db5d-4d20-88f1-b410fd99e8ca,"Sutlive, Vinson H.",Tun Jugah of Sarawak: colonialism and Iban response,1992,83,Monograph,Iban,Asia,Southeast Asia,horticulturalists,,"124,159,627,692",https://ehrafworldcultures.yale.edu/sres/9502a197-db5d-4d20-88f1-b410fd99e8ca
93781a17-4eae-4947-b031-52876e85c478,"Sutlive, Vinson H.",Tun Jugah of Sarawak: colonialism and Iban response,1992,83,Monograph,Iban,Asia,Southeast Asia,horticulturalists,,"124,159,622,627,691,692",https://ehrafworldcultures.yale.edu/sres/93781a17-4eae-4947-b031-52876e85c478
889efecd-0081-471b-a2aa-588361ddf514,"Sutlive, Vinson H.",Tun Jugah of Sarawak: colonialism and Iban response,1992,297,Monograph,Iban,Asia,Southeast Asia,horticulturalists,,"554,578,627",https://ehrafworldcultures.yale.edu/sres/889efecd-0081-471b-a2aa-588361ddf514
2174c03d-5e4e-48a6-b64e-908918e3652e,"Sutlive, Vinson H.",Tun Jugah of Sarawak: colonialism and Iban response,1992,297,Monograph,Iban,Asia,Southeast Asia,horticulturalists,,"178,554,627,692",https://ehrafworldcultures.yale.edu/sres/2174c03d-5e4e-48a6-b64e-908918e3652e
9abbf47e-5732-41a3-bbed-6afa4d7e5d8a,"Sutlive, Vinson H.",Tun Jugah of Sarawak: colonialism and Iban response,1992,302,Monograph,Iban,Asia,Southeast Asia,horticulturalists,,"177,178,571,627,692",https://ehrafworldcultures.yale.edu/sres/9abbf47e-5732-41a3-bbed-6afa4d7e5d8a
eaf00cde-7bb8-45ae-9f73-ac0be5fb20f2,"Sutlive, Vinson H.",Tun Jugah of Sarawak: colonialism and Iban response,1992,334,Monograph,Iban,Asia,Southeast Asia,horticulturalists,,"159,554,627",https://ehrafworldcultures.yale.edu/sres/eaf00cde-7bb8-45ae-9f73-ac0be5fb20f2
68bd0c05-ebf3-400c-9a0e-6e3801b6868b,"Wagner, Ulla",Colonialism and Iban warfare,1972,89,Monograph,Iban,Asia,Southeast Asia,horticulturalists,,"131,231,251,342,353,417,422,556,592,622,627,727,778",https://ehrafworldcultures.yale.edu/sres/68bd0c05-ebf3-400c-9a0e-6e3801b6868b
cd4de5b8-121b-447f-be02-8ff65c2bf325,"Wagner, Ulla",Colonialism and Iban warfare,1972,90,Monograph,Iban,Asia,Southeast Asia,horticulturalists,,"578,592,621,622,627",https://ehrafworldcultures.yale.edu/sres/cd4de5b8-121b-447f-be02-8ff65c2bf325
3ee58c60-abc4-4321-81f8-e13bb38fff75,"Wagner, Ulla",Colonialism and Iban warfare,1972,101,Monograph,Iban,Asia,Southeast Asia,horticulturalists,,"554,622,627,791",https://ehrafworldcultures.yale.edu/sres/3ee58c60-abc4-4321-81f8-e13bb38fff75
aa7b843a-59ed-4d09-92a9-0e7adc54b047,"Gomes, Edwin H.","Seventeen years among the Sea Dyaks of Borneo: a record of
         intimate association with the natives of the Bornean jungles",1911,89,Monograph,Iban,Asia,Southeast Asia,horticulturalists,,627,https://ehrafworldcultures.yale.edu/sres/aa7b843a-59ed-4d09-92a9-0e7adc54b047
c83b228b-7571-42f3-9a11-ee42a68fbcf9,"Gomes, Edwin H.","Seventeen years among the Sea Dyaks of Borneo: a record of
         intimate association with the natives of the Bornean jungles",1911,89,Monograph,Iban,Asia,Southeast Asia,horticulturalists,,627,https://ehrafworldcultures.yale.edu/sres/c83b228b-7571-42f3-9a11-ee42a68fbcf9
6433b321-1207-4249-8b10-3509f71acb24,"Gomes, Edwin H.","Seventeen years among the Sea Dyaks of Borneo: a record of
         intimate association with the natives of the Bornean jungles",1911,89,Monograph,Iban,Asia,Southeast Asia,horticulturalists,,"627,692",https://ehrafworldcultures.yale.edu/sres/6433b321-1207-4249-8b10-3509f71acb24
cee9797a-f4b7-419d-8f25-d6b29c99d84c,"Gomes, Edwin H.","Seventeen years among the Sea Dyaks of Borneo: a record of
         intimate association with the natives of the Bornean jungles",1911,90,Monograph,Iban,Asia,Southeast Asia,horticulturalists,,"177,622,627",https://ehrafworldcultures.yale.edu/sres/cee9797a-f4b7-419d-8f25-d6b29c99d84c
1f3c80a7-89d3-4801-a455-ce00a29163a5,"Low, Hugh Brooke","The natives of Borneo: edited from the papers of the late
         Brooke Low, Esq.",1892,120,Journal Article,Iban,Asia,Southeast Asia,horticulturalists,,"184,554,627,756",https://ehrafworldcultures.yale.edu/sres/1f3c80a7-89d3-4801-a455-ce00a29163a5
05b910e3-74a2-44eb-9fb3-8e5dc5f20786,"Cramb, R. A. (Rob A.), 1951-",The evolution of Iban land tenure,1986,8,Monograph,Iban,Asia,Southeast Asia,horticulturalists,,"181,183,571,621,627",https://ehrafworldcultures.yale.edu/sres/05b910e3-74a2-44eb-9fb3-8e5dc5f20786
8372a073-a89c-4fa7-ba13-2ddc3802f8e5,"Cramb, R. A. (Rob A.), 1951-",The evolution of Iban land tenure,1986,10,Monograph,Iban,Asia,Southeast Asia,horticulturalists,,"578,627",https://ehrafworldcultures.yale.edu/sres/8372a073-a89c-4fa7-ba13-2ddc3802f8e5
5f3c16c9-7da1-4928-96b9-cb18de8e87ac,"Benedict Sandin, 1918-",The Sea Dayaks of Borneo: before white rajah rule,1967,42,Monograph,Iban,Asia,Southeast Asia,horticulturalists,,"173,423,627",https://ehrafworldcultures.yale.edu/sres/5f3c16c9-7da1-4928-96b9-cb18de8e87ac
a2a7aecb-b880-4101-b4fe-c1912c6a9297,"Benedict Sandin, 1918-",The Sea Dayaks of Borneo: before white rajah rule,1967,42,Monograph,Iban,Asia,Southeast Asia,horticulturalists,,"173,423,627",https://ehrafworldcultures.yale.edu/sres/a2a7aecb-b880-4101-b4fe-c1912c6a9297
d276c949-837c-4064-9c76-9cbddddf3c7d,"Benedict Sandin, 1918-",The Sea Dayaks of Borneo: before white rajah rule,1967,66,Monograph,Iban,Asia,Southeast Asia,horticulturalists,,"173,578,627",https://ehrafworldcultures.yale.edu/sres/d276c949-837c-4064-9c76-9cbddddf3c7d
20aef684-c44f-4c43-bcbf-78554b9ac539,"Benedict Sandin, 1918-",The Sea Dayaks of Borneo: before white rajah rule,1967,66,Monograph,Iban,Asia,Southeast Asia,horticulturalists,,"173,578,627",https://ehrafworldcultures.yale.edu/sres/20aef684-c44f-4c43-bcbf-78554b9ac539
d15229d9-95c1-43bb-aa95-4cdc0d2043ef,"Sutlive, Vinson H., Jr.",Culture summary: Iban,1995,7,Manuscript,Iban,Asia,Southeast Asia,horticulturalists,,"627,692,776,861,865",https://ehrafworldcultures.yale.edu/sres/d15229d9-95c1-43bb-aa95-4cdc0d2043ef
609a7b9c-8683-4eec-ba91-88e0353d798a,"Freeman, Derek",The family system of the Iban of Borneo,1958,45,Essay,Iban,Asia,Southeast Asia,horticulturalists,,"592,627",https://ehrafworldcultures.yale.edu/sres/609a7b9c-8683-4eec-ba91-88e0353d798a
acafe5d4-1e69-48f3-a14a-5f45d7411141,"Low, Hugh, 1824-1905",Sarawak: its inhabitants and productions,1848,194,"Component part(s), monograph",Iban,Asia,Southeast Asia,horticulturalists,,"171,177,273,585,684,836,837",https://ehrafworldcultures.yale.edu/sres/acafe5d4-1e69-48f3-a14a-5f45d7411141
d9a89a2a-3b0d-4fae-8534-b42b1a28124b,"Sutlive, Vinson H.","From longhouse to PASAR: urbanization in Sarawak, East
         Malaysia",1973,264,Monograph,Iban,Asia,Southeast Asia,horticulturalists,,"421,592,681,851,855,858",https://ehrafworldcultures.yale.edu/sres/d9a89a2a-3b0d-4fae-8534-b42b1a28124b
abb33094-c894-40aa-90f5-352d7f862a60,"Sutlive, Vinson H.","From longhouse to PASAR: urbanization in Sarawak, East
         Malaysia",1973,273,Monograph,Iban,Asia,Southeast Asia,horticulturalists,,"597,659,686",https://ehrafworldcultures.yale.edu/sres/abb33094-c894-40aa-90f5-352d7f862a60
69e3b07d-4fb7-4cd8-a27b-4a0b618fd0b4,"Sutlive, Vinson H.","From longhouse to PASAR: urbanization in Sarawak, East
         Malaysia",1973,286,Monograph,Iban,Asia,Southeast Asia,horticulturalists,,"588,684,783",https://ehrafworldcultures.yale.edu/sres/69e3b07d-4fb7-4cd8-a27b-4a0b618fd0b4
5b4b0796-5473-4c32-acc8-ea438cab7a1c,"Sutlive, Vinson H.","From longhouse to PASAR: urbanization in Sarawak, East
         Malaysia",1973,348,Monograph,Iban,Asia,Southeast Asia,horticulturalists,,"114,342,372,592,681,727",https://ehrafworldcultures.yale.edu/sres/5b4b0796-5473-4c32-acc8-ea438cab7a1c
9a65e631-1ff6-448b-b8a8-570370c4e98e,"Sutlive, Vinson H.","From longhouse to PASAR: urbanization in Sarawak, East
         Malaysia",1973,360,Monograph,Iban,Asia,Southeast Asia,horticulturalists,,"621,681",https://ehrafworldcultures.yale.edu/sres/9a65e631-1ff6-448b-b8a8-570370c4e98e
a8c0ddf9-dad7-4e76-a0aa-9b014c17565d,"Howell, William",The Sea Dyak,1908,[p.4],Journal Article,Iban,Asia,Southeast Asia,horticulturalists,,"681,695",https://ehrafworldcultures.yale.edu/sres/a8c0ddf9-dad7-4e76-a0aa-9b014c17565d
3514a0d3-4a4f-45f6-9bb4-586fd88a4b59,"Howell, William",The Sea Dyak,1908,[p.13],Journal Article,Iban,Asia,Southeast Asia,horticulturalists,,"585,586,684",https://ehrafworldcultures.yale.edu/sres/3514a0d3-4a4f-45f6-9bb4-586fd88a4b59
fc7886e9-6e42-44f8-b43e-fa4b193f8322,"Howell, William",The Sea Dyak,1908,[p.20],Journal Article,Iban,Asia,Southeast Asia,horticulturalists,,"342,688,784",https://ehrafworldcultures.yale.edu/sres/fc7886e9-6e42-44f8-b43e-fa4b193f8322
21818a6f-8b1f-44b5-abe6-97b689c4890d,"Howell, William",The Sea Dyak,1908,[p.22],Journal Article,Iban,Asia,Southeast Asia,horticulturalists,,"586,684",https://ehrafworldcultures.yale.edu/sres/21818a6f-8b1f-44b5-abe6-97b689c4890d
6b4e65be-ce07-43c3-a776-3115b3ac5221,"Howell, William",The Sea Dyak,1908,[p.23],Journal Article,Iban,Asia,Southeast Asia,horticulturalists,,"586,684,858",https://ehrafworldcultures.yale.edu/sres/6b4e65be-ce07-43c3-a776-3115b3ac5221
c527f6bf-4955-4d62-b34e-574b75c57059,"Howell, William",The Sea Dyak,1908,[p.48],Journal Article,Iban,Asia,Southeast Asia,horticulturalists,,"243,688,789",https://ehrafworldcultures.yale.edu/sres/c527f6bf-4955-4d62-b34e-574b75c57059
cdfcd9b9-636a-4922-8632-9533b47b20b4,"Howell, William",The Sea Dyak,1908,[p.75],Journal Article,Iban,Asia,Southeast Asia,horticulturalists,,"682,695",https://ehrafworldcultures.yale.edu/sres/cdfcd9b9-636a-4922-8632-9533b47b20b4
baa66cc3-8501-45e8-b21b-2069443862ca,"Howell, William",The Sea Dyak,1908,[p.84],Journal Article,Iban,Asia,Southeast Asia,horticulturalists,,688,https://ehrafworldcultures.yale.edu/sres/baa66cc3-8501-45e8-b21b-2069443862ca
b96b1c7f-c84d-40c1-8474-1b7ef1982026,"Howell, William",The Sea Dyak,1908,[p.88],Journal Article,Iban,Asia,Southeast Asia,horticulturalists,,"688,852",https://ehrafworldcultures.yale.edu/sres/b96b1c7f-c84d-40c1-8474-1b7ef1982026
b886e83d-961f-444f-a2f6-15dcc7e71c55,"Howell, William",The Sea Dyak,1908,[p.101],Journal Article,Iban,Asia,Southeast Asia,horticulturalists,,"551,578,683",https://ehrafworldcultures.yale.edu/sres/b886e83d-961f-444f-a2f6-15dcc7e71c55
feb111a9-6ab9-445d-b21f-db6d073f237e,"Komanyi, Margit Ilona, 1927-","The real and ideal participation in decision-making of Iban
         women: a study of a longhouse community in Sarawak, east Malaysia",1973,80,Monograph,Iban,Asia,Southeast Asia,horticulturalists,,"124,577,671,689,758,867,888",https://ehrafworldcultures.yale.edu/sres/feb111a9-6ab9-445d-b21f-db6d073f237e
7c3408ff-191b-42eb-8939-7669a95cc8c8,"Komanyi, Margit Ilona, 1927-","The real and ideal participation in decision-making of Iban
         women: a study of a longhouse community in Sarawak, east Malaysia",1973,90,Monograph,Iban,Asia,Southeast Asia,horticulturalists,,"436,671,681,804",https://ehrafworldcultures.yale.edu/sres/7c3408ff-191b-42eb-8939-7669a95cc8c8
1e62594f-1526-4f1e-ace2-d2483e174ecc,"Komanyi, Margit Ilona, 1927-","The real and ideal participation in decision-making of Iban
         women: a study of a longhouse community in Sarawak, east Malaysia",1973,91,Monograph,Iban,Asia,Southeast Asia,horticulturalists,,"584,671,681,684,836",https://ehrafworldcultures.yale.edu/sres/1e62594f-1526-4f1e-ace2-d2483e174ecc
c0ecb18b-0532-4c95-990b-3823cb2ff89f,"Komanyi, Margit Ilona, 1927-","The real and ideal participation in decision-making of Iban
         women: a study of a longhouse community in Sarawak, east Malaysia",1973,91,Monograph,Iban,Asia,Southeast Asia,horticulturalists,,"584,671,681,684,836",https://ehrafworldcultures.yale.edu/sres/c0ecb18b-0532-4c95-990b-3823cb2ff89f
241f5b6e-2904-4088-9f77-b5c45048c4fb,"Komanyi, Margit Ilona, 1927-","The real and ideal participation in decision-making of Iban
         women: a study of a longhouse community in Sarawak, east Malaysia",1973,91,Monograph,Iban,Asia,Southeast Asia,horticulturalists,,"584,671,681,684,836",https://ehrafworldcultures.yale.edu/sres/241f5b6e-2904-4088-9f77-b5c45048c4fb
8d68a048-f9f7-45aa-b092-c62eca24cde0,"Komanyi, Margit Ilona, 1927-","The real and ideal participation in decision-making of Iban
         women: a study of a longhouse community in Sarawak, east Malaysia",1973,91,Monograph,Iban,Asia,Southeast Asia,horticulturalists,,"582,584,592,622,671,681",https://ehrafworldcultures.yale.edu/sres/8d68a048-f9f7-45aa-b092-c62eca24cde0
5d110c84-35a4-4535-a954-b548a8ed0c38,"Komanyi, Margit Ilona, 1927-","The real and ideal participation in decision-making of Iban
         women: a study of a longhouse community in Sarawak, east Malaysia",1973,92,Monograph,Iban,Asia,Southeast Asia,horticulturalists,,"584,681,684,835",https://ehrafworldcultures.yale.edu/sres/5d110c84-35a4-4535-a954-b548a8ed0c38
294c3b62-1cfa-4468-8a70-8f29098da0ee,"Komanyi, Margit Ilona, 1927-","The real and ideal participation in decision-making of Iban
         women: a study of a longhouse community in Sarawak, east Malaysia",1973,92,Monograph,Iban,Asia,Southeast Asia,horticulturalists,,"582,681,684,835",https://ehrafworldcultures.yale.edu/sres/294c3b62-1cfa-4468-8a70-8f29098da0ee
97e07c8b-a752-4c4e-9db6-2d1e543229d7,"Komanyi, Margit Ilona, 1927-","The real and ideal participation in decision-making of Iban
         women: a study of a longhouse community in Sarawak, east Malaysia",1973,93,Monograph,Iban,Asia,Southeast Asia,horticulturalists,,"586,671,684",https://ehrafworldcultures.yale.edu/sres/97e07c8b-a752-4c4e-9db6-2d1e543229d7
d2cccbbf-9273-4c92-848b-fca2ffd07451,"Komanyi, Margit Ilona, 1927-","The real and ideal participation in decision-making of Iban
         women: a study of a longhouse community in Sarawak, east Malaysia",1973,94,Monograph,Iban,Asia,Southeast Asia,horticulturalists,,"586,681,684",https://ehrafworldcultures.yale.edu/sres/d2cccbbf-9273-4c92-848b-fca2ffd07451
1636bff7-fb7f-4015-b93c-47f30c1d10fd,"Komanyi, Margit Ilona, 1927-","The real and ideal participation in decision-making of Iban
         women: a study of a longhouse community in Sarawak, east Malaysia",1973,94,Monograph,Iban,Asia,Southeast Asia,horticulturalists,,"587,681",https://ehrafworldcultures.yale.edu/sres/1636bff7-fb7f-4015-b93c-47f30c1d10fd
ebceebd5-0140-4ba1-a41b-1cb9e35e69db,"Komanyi, Margit Ilona, 1927-","The real and ideal participation in decision-making of Iban
         women: a study of a longhouse community in Sarawak, east Malaysia",1973,94,Monograph,Iban,Asia,Southeast Asia,horticulturalists,,"595,684",https://ehrafworldcultures.yale.edu/sres/ebceebd5-0140-4ba1-a41b-1cb9e35e69db
193c3be3-b962-406f-993f-42c6865a6cca,"Komanyi, Margit Ilona, 1927-","The real and ideal participation in decision-making of Iban
         women: a study of a longhouse community in Sarawak, east Malaysia",1973,96,Monograph,Iban,Asia,Southeast Asia,horticulturalists,,"586,671,681",https://ehrafworldcultures.yale.edu/sres/193c3be3-b962-406f-993f-42c6865a6cca
292b20c9-5cc3-4c43-b0b0-bcc6d3f64aa9,"Komanyi, Margit Ilona, 1927-","The real and ideal participation in decision-making of Iban
         women: a study of a longhouse community in Sarawak, east Malaysia",1973,110,Monograph,Iban,Asia,Southeast Asia,horticulturalists,,"171,595,684",https://ehrafworldcultures.yale.edu/sres/292b20c9-5cc3-4c43-b0b0-bcc6d3f64aa9
48db290f-5ca0-49b6-b039-df96671af53d,"Komanyi, Margit Ilona, 1927-","The real and ideal participation in decision-making of Iban
         women: a study of a longhouse community in Sarawak, east Malaysia",1973,125,Monograph,Iban,Asia,Southeast Asia,horticulturalists,,"421,562,586,681,684",https://ehrafworldcultures.yale.edu/sres/48db290f-5ca0-49b6-b039-df96671af53d
f8efc09d-712e-49b8-b356-9e09c96d35e5,"Pilz, Annemarie","Manang Jabing Anak Incham: a study of an Iban
         healer/Sarawak",1988,130,Monograph,Iban,Asia,Southeast Asia,horticulturalists,,"124,622,681,756,764,784",https://ehrafworldcultures.yale.edu/sres/f8efc09d-712e-49b8-b356-9e09c96d35e5
083c137d-116c-44c9-8683-37bcf83e9295,"Pilz, Annemarie","Manang Jabing Anak Incham: a study of an Iban
         healer/Sarawak",1988,130,Monograph,Iban,Asia,Southeast Asia,horticulturalists,,"124,622,681,756,764,784",https://ehrafworldcultures.yale.edu/sres/083c137d-116c-44c9-8683-37bcf83e9295
f04d0670-4485-4aa6-91ce-a5e97d74f526,"Freeman, Derek",Iban pottery,1957,156,Journal Article,Iban,Asia,Southeast Asia,horticulturalists,,"183,688,783,784",https://ehrafworldcultures.yale.edu/sres/f04d0670-4485-4aa6-91ce-a5e97d74f526
2a3f994b-4b89-4822-8ed6-7d3136c3f156,"Freeman, Derek",Iban pottery,1957,166,Journal Article,Iban,Asia,Southeast Asia,horticulturalists,,"323,688,782,784",https://ehrafworldcultures.yale.edu/sres/2a3f994b-4b89-4822-8ed6-7d3136c3f156
87443e06-8d8f-490d-90d6-0524427c337b,"Pringle, Robert Maxwell, 1936-","The Ibans of Sarawak under Brooke rule, 1841-1941",1968,490,Monograph,Iban,Asia,Southeast Asia,horticulturalists,,"439,521,563,571,683,691,804",https://ehrafworldcultures.yale.edu/sres/87443e06-8d8f-490d-90d6-0524427c337b
0761b92f-91be-48bd-9147-99ae412eb611,"Pringle, Robert Maxwell, 1936-","The Ibans of Sarawak under Brooke rule, 1841-1941",1968,490,Monograph,Iban,Asia,Southeast Asia,horticulturalists,,"563,571,683,691",https://ehrafworldcultures.yale.edu/sres/0761b92f-91be-48bd-9147-99ae412eb611
e8aeb854-bd88-4459-91ff-667bd3369f45,"Pringle, Robert Maxwell, 1936-","The Ibans of Sarawak under Brooke rule, 1841-1941",1968,491,Monograph,Iban,Asia,Southeast Asia,horticulturalists,,"563,571,648,687",https://ehrafworldcultures.yale.edu/sres/e8aeb854-bd88-4459-91ff-667bd3369f45
34cb8795-e8eb-4bdc-b71b-c1beffbd943a,"Pringle, Robert Maxwell, 1936-","The Ibans of Sarawak under Brooke rule, 1841-1941",1968,492,Monograph,Iban,Asia,Southeast Asia,horticulturalists,,"166,439,563,682",https://ehrafworldcultures.yale.edu/sres/34cb8795-e8eb-4bdc-b71b-c1beffbd943a
b32dcd47-8841-4de7-b167-156e4f50109d,"Pringle, Robert Maxwell, 1936-","The Ibans of Sarawak under Brooke rule, 1841-1941",1968,493,Monograph,Iban,Asia,Southeast Asia,horticulturalists,,"113,439,563,682",https://ehrafworldcultures.yale.edu/sres/b32dcd47-8841-4de7-b167-156e4f50109d
0d0bb2fe-3e6d-4f34-8f4d-8387ca15a7c7,"Pringle, Robert Maxwell, 1936-","The Ibans of Sarawak under Brooke rule, 1841-1941",1968,499,Monograph,Iban,Asia,Southeast Asia,horticulturalists,,"563,687",https://ehrafworldcultures.yale.edu/sres/0d0bb2fe-3e6d-4f34-8f4d-8387ca15a7c7
c5cafdad-a7c9-4b29-9816-9d219e0e69f7,"Pringle, Robert Maxwell, 1936-","The Ibans of Sarawak under Brooke rule, 1841-1941",1968,500,Monograph,Iban,Asia,Southeast Asia,horticulturalists,,"563,687",https://ehrafworldcultures.yale.edu/sres/c5cafdad-a7c9-4b29-9816-9d219e0e69f7
0c60fc4b-3882-4d06-8923-0f943f19bd8d,"Pringle, Robert Maxwell, 1936-","The Ibans of Sarawak under Brooke rule, 1841-1941",1968,501,Monograph,Iban,Asia,Southeast Asia,horticulturalists,,"563,582,687,695",https://ehrafworldcultures.yale.edu/sres/0c60fc4b-3882-4d06-8923-0f943f19bd8d
26d275ce-3840-4dd3-b1ba-6af3df47d483,"Pringle, Robert Maxwell, 1936-","The Ibans of Sarawak under Brooke rule, 1841-1941",1968,501,Monograph,Iban,Asia,Southeast Asia,horticulturalists,,"563,582,687",https://ehrafworldcultures.yale.edu/sres/26d275ce-3840-4dd3-b1ba-6af3df47d483
881e0986-b99a-4311-b8c4-0dab5223e4e0,"Pringle, Robert Maxwell, 1936-","The Ibans of Sarawak under Brooke rule, 1841-1941",1968,501,Monograph,Iban,Asia,Southeast Asia,horticulturalists,,"563,582,651,687,695",https://ehrafworldcultures.yale.edu/sres/881e0986-b99a-4311-b8c4-0dab5223e4e0
a5f31e60-2a8c-4f9b-af1f-7ae1b3e97f20,"Pringle, Robert Maxwell, 1936-","The Ibans of Sarawak under Brooke rule, 1841-1941",1968,502,Monograph,Iban,Asia,Southeast Asia,horticulturalists,,"563,582,651,687,695",https://ehrafworldcultures.yale.edu/sres/a5f31e60-2a8c-4f9b-af1f-7ae1b3e97f20
89dc2d13-ce63-4ec2-8672-de61beb0a850,"Pringle, Robert Maxwell, 1936-","The Ibans of Sarawak under Brooke rule, 1841-1941",1968,502,Monograph,Iban,Asia,Southeast Asia,horticulturalists,,"563,687",https://ehrafworldcultures.yale.edu/sres/89dc2d13-ce63-4ec2-8672-de61beb0a850
b2988ee8-9719-47a7-8901-b31dac39a495,"Pringle, Robert Maxwell, 1936-","The Ibans of Sarawak under Brooke rule, 1841-1941",1968,502,Monograph,Iban,Asia,Southeast Asia,horticulturalists,,"563,687",https://ehrafworldcultures.yale.edu/sres/b2988ee8-9719-47a7-8901-b31dac39a495
5fbd3260-62e0-4b7c-8260-0aa0792fe211,"Pringle, Robert Maxwell, 1936-","The Ibans of Sarawak under Brooke rule, 1841-1941",1968,502,Monograph,Iban,Asia,Southeast Asia,horticulturalists,,"563,687",https://ehrafworldcultures.yale.edu/sres/5fbd3260-62e0-4b7c-8260-0aa0792fe211
46a0c82b-0579-491a-87f5-9d1a1c90e753,"Pringle, Robert Maxwell, 1936-","The Ibans of Sarawak under Brooke rule, 1841-1941",1968,502,Monograph,Iban,Asia,Southeast Asia,horticulturalists,,"563,687",https://ehrafworldcultures.yale.edu/sres/46a0c82b-0579-491a-87f5-9d1a1c90e753
b7f278dc-c5e6-4d49-b318-37e405491b16,"Pringle, Robert Maxwell, 1936-","The Ibans of Sarawak under Brooke rule, 1841-1941",1968,502,Monograph,Iban,Asia,Southeast Asia,horticulturalists,,"563,687",https://ehrafworldcultures.yale.edu/sres/b7f278dc-c5e6-4d49-b318-37e405491b16
0800e76c-1d3f-41f0-90a7-247650fa7c02,"Pringle, Robert Maxwell, 1936-","The Ibans of Sarawak under Brooke rule, 1841-1941",1968,502,Monograph,Iban,Asia,Southeast Asia,horticulturalists,,"563,687",https://ehrafworldcultures.yale.edu/sres/0800e76c-1d3f-41f0-90a7-247650fa7c02
42db2a34-3721-4296-a874-2cb5e637dd9f,"Pringle, Robert Maxwell, 1936-","The Ibans of Sarawak under Brooke rule, 1841-1941",1968,502,Monograph,Iban,Asia,Southeast Asia,horticulturalists,,"563,687",https://ehrafworldcultures.yale.edu/sres/42db2a34-3721-4296-a874-2cb5e637dd9f
cbe2e98e-fece-4236-a168-1774cc920de6,"Pringle, Robert Maxwell, 1936-","The Ibans of Sarawak under Brooke rule, 1841-1941",1968,502,Monograph,Iban,Asia,Southeast Asia,horticulturalists,,"563,687",https://ehrafworldcultures.yale.edu/sres/cbe2e98e-fece-4236-a168-1774cc920de6
056f9e34-c903-4758-80d9-9982dc9bcead,"Pringle, Robert Maxwell, 1936-","The Ibans of Sarawak under Brooke rule, 1841-1941",1968,502,Monograph,Iban,Asia,Southeast Asia,horticulturalists,,"563,687",https://ehrafworldcultures.yale.edu/sres/056f9e34-c903-4758-80d9-9982dc9bcead
c0cdc38f-0349-483b-8103-7e420581fce3,"Pringle, Robert Maxwell, 1936-","The Ibans of Sarawak under Brooke rule, 1841-1941",1968,502,Monograph,Iban,Asia,Southeast Asia,horticulturalists,,"563,687",https://ehrafworldcultures.yale.edu/sres/c0cdc38f-0349-483b-8103-7e420581fce3
4461072d-abff-496f-b764-bff0a1c42d94,"Pringle, Robert Maxwell, 1936-","The Ibans of Sarawak under Brooke rule, 1841-1941",1968,520,Monograph,Iban,Asia,Southeast Asia,horticulturalists,,"167,563,579,657,685",https://ehrafworldcultures.yale.edu/sres/4461072d-abff-496f-b764-bff0a1c42d94
4b0e8ed4-4307-4c62-a916-636585cc8474,"Davison, Julian","The children of NISING: images of headhunting and male
         sexuality in Iban ritual and oral literature",1991,168,Essay,Iban,Asia,Southeast Asia,horticulturalists,,"619,682,721",https://ehrafworldcultures.yale.edu/sres/4b0e8ed4-4307-4c62-a916-636585cc8474
ad556225-bc31-42e3-83eb-bf07664c732e,"Pringle, Robert Maxwell, 1936-","The Ibans of Sarawak under Brooke rule, 1841-1941",1968,566,Monograph,Iban,Asia,Southeast Asia,horticulturalists,,"124,249,648,656,687,805",https://ehrafworldcultures.yale.edu/sres/ad556225-bc31-42e3-83eb-bf07664c732e
cf824538-8ac9-402c-8dd8-b79dfedcfd7b,"Pringle, Robert Maxwell, 1936-","The Ibans of Sarawak under Brooke rule, 1841-1941",1968,611,Monograph,Iban,Asia,Southeast Asia,horticulturalists,,"648,682",https://ehrafworldcultures.yale.edu/sres/cf824538-8ac9-402c-8dd8-b79dfedcfd7b
7b06941c-0878-4f1c-a399-4e7788957790,"Freeman, Derek",Some reflections on the nature of Iban society,1981,32,Monograph,Iban,Asia,Southeast Asia,horticulturalists,,"114,592,596,621,671,681",https://ehrafworldcultures.yale.edu/sres/7b06941c-0878-4f1c-a399-4e7788957790
09ea11cd-ec01-42e6-8080-9e3e1fc2bbb0,"Freeman, Derek",Some reflections on the nature of Iban society,1981,45,Monograph,Iban,Asia,Southeast Asia,horticulturalists,,"000,114,411,567,597,683,727,797",https://ehrafworldcultures.yale.edu/sres/09ea11cd-ec01-42e6-8080-9e3e1fc2bbb0
690011bd-d89b-4f29-8fbf-58deed43846f,"Graham, Penelope","Iban shamanism: an analysis of the ethnographic
         literature",1987,39,Monograph,Iban,Asia,Southeast Asia,horticulturalists,,"682,782,783,784,825,828",https://ehrafworldcultures.yale.edu/sres/690011bd-d89b-4f29-8fbf-58deed43846f
f4da5021-ac6f-4d6a-9610-274aee838fc9,"Graham, Penelope","Iban shamanism: an analysis of the ethnographic
         literature",1987,143,Monograph,Iban,Asia,Southeast Asia,horticulturalists,,"561,684,835",https://ehrafworldcultures.yale.edu/sres/f4da5021-ac6f-4d6a-9610-274aee838fc9
346c66e6-3e7d-4bb6-80e5-aa871a51823e,"Graham, Penelope","Iban shamanism: an analysis of the ethnographic
         literature",1987,143,Monograph,Iban,Asia,Southeast Asia,horticulturalists,,"551,561,596,684,688,765,774,775,789,835",https://ehrafworldcultures.yale.edu/sres/346c66e6-3e7d-4bb6-80e5-aa871a51823e
de0b690a-d16f-4c79-a26e-c5966a61393d,"Low, Hugh Brooke","The natives of Borneo: edited from the papers of the late
         Brooke Low, Esq.",1893,26,Journal Article,Iban,Asia,Southeast Asia,horticulturalists,,"243,688,784",https://ehrafworldcultures.yale.edu/sres/de0b690a-d16f-4c79-a26e-c5966a61393d
a3d711a2-3d3a-4a6e-b990-3ed15f3455c9,"Low, Hugh Brooke","The natives of Borneo: edited from the papers of the late
         Brooke Low, Esq.",1893,34,Journal Article,Iban,Asia,Southeast Asia,horticulturalists,,"567,685",https://ehrafworldcultures.yale.edu/sres/a3d711a2-3d3a-4a6e-b990-3ed15f3455c9
97e5ace0-38dc-41ff-b917-3556cca5ff8f,"Low, Hugh Brooke","The natives of Borneo: edited from the papers of the late
         Brooke Low, Esq.",1893,34,Journal Article,Iban,Asia,Southeast Asia,horticulturalists,,"567,687",https://ehrafworldcultures.yale.edu/sres/97e5ace0-38dc-41ff-b917-3556cca5ff8f
f6e748d9-145c-44ef-ba18-0f3903a28bbd,"Low, Hugh Brooke","The natives of Borneo: edited from the papers of the late
         Brooke Low, Esq.",1893,35,Journal Article,Iban,Asia,Southeast Asia,horticulturalists,,"567,685,762",https://ehrafworldcultures.yale.edu/sres/f6e748d9-145c-44ef-ba18-0f3903a28bbd
819f6765-ccd6-464b-8946-5a54c23f0100,"Low, Hugh Brooke","The natives of Borneo: edited from the papers of the late
         Brooke Low, Esq.",1893,36,Journal Article,Iban,Asia,Southeast Asia,horticulturalists,,"567,685",https://ehrafworldcultures.yale.edu/sres/819f6765-ccd6-464b-8946-5a54c23f0100
b185dfc4-786a-47f7-aa41-45c8d6257d95,"Low, Hugh Brooke","The natives of Borneo: edited from the papers of the late
         Brooke Low, Esq.",1893,51,Journal Article,Iban,Asia,Southeast Asia,horticulturalists,,"226,278,681",https://ehrafworldcultures.yale.edu/sres/b185dfc4-786a-47f7-aa41-45c8d6257d95
1d06fe1c-7293-474b-9295-6f384d9d4f4d,"Pringle, Robert Maxwell, 1936-","The Ibans of Sarawak under Brooke rule, 1841-1941",1968,35,Monograph,Iban,Asia,Southeast Asia,horticulturalists,,"113,171,177,342,578,592,621,681",https://ehrafworldcultures.yale.edu/sres/1d06fe1c-7293-474b-9295-6f384d9d4f4d
a1514bf8-1006-46f4-9ac2-a9f77b76a6b7,"Pringle, Robert Maxwell, 1936-","The Ibans of Sarawak under Brooke rule, 1841-1941",1968,268,Monograph,Iban,Asia,Southeast Asia,horticulturalists,,"202,205,211,505,563,687,702",https://ehrafworldcultures.yale.edu/sres/a1514bf8-1006-46f4-9ac2-a9f77b76a6b7
321696ea-d096-4081-9e9c-812d1de73067,"Pringle, Robert Maxwell, 1936-","The Ibans of Sarawak under Brooke rule, 1841-1941",1968,274,Monograph,Iban,Asia,Southeast Asia,horticulturalists,,"648,687,692",https://ehrafworldcultures.yale.edu/sres/321696ea-d096-4081-9e9c-812d1de73067
6fc61bc8-f3e1-4134-80ac-28b042315ab7,"Pringle, Robert Maxwell, 1936-","The Ibans of Sarawak under Brooke rule, 1841-1941",1968,275,Monograph,Iban,Asia,Southeast Asia,horticulturalists,,"648,687,692",https://ehrafworldcultures.yale.edu/sres/6fc61bc8-f3e1-4134-80ac-28b042315ab7
b3237efb-4e92-45dd-b4a8-2edb41cac4ef,"Pringle, Robert Maxwell, 1936-","The Ibans of Sarawak under Brooke rule, 1841-1941",1968,275,Monograph,Iban,Asia,Southeast Asia,horticulturalists,,"648,687,692",https://ehrafworldcultures.yale.edu/sres/b3237efb-4e92-45dd-b4a8-2edb41cac4ef
e0fea827-99a1-4d74-bfc3-6031f14e8689,"Pringle, Robert Maxwell, 1936-","The Ibans of Sarawak under Brooke rule, 1841-1941",1968,275,Monograph,Iban,Asia,Southeast Asia,horticulturalists,,"648,687,692",https://ehrafworldcultures.yale.edu/sres/e0fea827-99a1-4d74-bfc3-6031f14e8689
f7065c1b-5a3b-47c4-8323-809e7634ac26,"Pringle, Robert Maxwell, 1936-","The Ibans of Sarawak under Brooke rule, 1841-1941",1968,275,Monograph,Iban,Asia,Southeast Asia,horticulturalists,,"648,687,692",https://ehrafworldcultures.yale.edu/sres/f7065c1b-5a3b-47c4-8323-809e7634ac26
5a2c384a-ac4b-4730-be61-b1097c2ace11,"Pringle, Robert Maxwell, 1936-","The Ibans of Sarawak under Brooke rule, 1841-1941",1968,275,Monograph,Iban,Asia,Southeast Asia,horticulturalists,,"648,684,692",https://ehrafworldcultures.yale.edu/sres/5a2c384a-ac4b-4730-be61-b1097c2ace11
ae546221-45fa-47f1-808d-a890787edcc3,"Pringle, Robert Maxwell, 1936-","The Ibans of Sarawak under Brooke rule, 1841-1941",1968,275,Monograph,Iban,Asia,Southeast Asia,horticulturalists,,"648,684,692",https://ehrafworldcultures.yale.edu/sres/ae546221-45fa-47f1-808d-a890787edcc3
1c5b71fb-c18b-4d70-bfbf-9bf77fe19449,"Pringle, Robert Maxwell, 1936-","The Ibans of Sarawak under Brooke rule, 1841-1941",1968,275,Monograph,Iban,Asia,Southeast Asia,horticulturalists,,"648,684,692",https://ehrafworldcultures.yale.edu/sres/1c5b71fb-c18b-4d70-bfbf-9bf77fe19449
64f8384c-956b-4063-ba32-a6ac4ca47c88,"Pringle, Robert Maxwell, 1936-","The Ibans of Sarawak under Brooke rule, 1841-1941",1968,275,Monograph,Iban,Asia,Southeast Asia,horticulturalists,,"648,684,692",https://ehrafworldcultures.yale.edu/sres/64f8384c-956b-4063-ba32-a6ac4ca47c88
d7bab196-56a9-4d71-a52d-71bc09e0c78b,"Pringle, Robert Maxwell, 1936-","The Ibans of Sarawak under Brooke rule, 1841-1941",1968,275,Monograph,Iban,Asia,Southeast Asia,horticulturalists,,"648,684,692",https://ehrafworldcultures.yale.edu/sres/d7bab196-56a9-4d71-a52d-71bc09e0c78b
86f0d494-f46e-4613-8ce0-d8ebf32c4617,"Pringle, Robert Maxwell, 1936-","The Ibans of Sarawak under Brooke rule, 1841-1941",1968,275,Monograph,Iban,Asia,Southeast Asia,horticulturalists,,"648,684,692",https://ehrafworldcultures.yale.edu/sres/86f0d494-f46e-4613-8ce0-d8ebf32c4617
c109f21e-ebdc-4826-8b1e-52bfe9d6b8d6,"Pringle, Robert Maxwell, 1936-","The Ibans of Sarawak under Brooke rule, 1841-1941",1968,275,Monograph,Iban,Asia,Southeast Asia,horticulturalists,,"648,684,692",https://ehrafworldcultures.yale.edu/sres/c109f21e-ebdc-4826-8b1e-52bfe9d6b8d6
c7ade685-9d34-432c-b5d8-73941890273a,"Pringle, Robert Maxwell, 1936-","The Ibans of Sarawak under Brooke rule, 1841-1941",1968,275,Monograph,Iban,Asia,Southeast Asia,horticulturalists,,"648,684,692",https://ehrafworldcultures.yale.edu/sres/c7ade685-9d34-432c-b5d8-73941890273a
553ad4bf-968e-43a1-ab93-dcd011dc3be2,"Pringle, Robert Maxwell, 1936-","The Ibans of Sarawak under Brooke rule, 1841-1941",1968,275,Monograph,Iban,Asia,Southeast Asia,horticulturalists,,"648,684,692",https://ehrafworldcultures.yale.edu/sres/553ad4bf-968e-43a1-ab93-dcd011dc3be2
c83f6110-7544-4c37-885f-a902890b7ec4,"Pringle, Robert Maxwell, 1936-","The Ibans of Sarawak under Brooke rule, 1841-1941",1968,275,Monograph,Iban,Asia,Southeast Asia,horticulturalists,,"648,684,692",https://ehrafworldcultures.yale.edu/sres/c83f6110-7544-4c37-885f-a902890b7ec4
32e16639-e5eb-48c3-8039-9b0b3f3e2191,"Pringle, Robert Maxwell, 1936-","The Ibans of Sarawak under Brooke rule, 1841-1941",1968,275,Monograph,Iban,Asia,Southeast Asia,horticulturalists,,"648,684,692",https://ehrafworldcultures.yale.edu/sres/32e16639-e5eb-48c3-8039-9b0b3f3e2191
282421ed-42e2-4aaf-9520-af586999912d,"Pringle, Robert Maxwell, 1936-","The Ibans of Sarawak under Brooke rule, 1841-1941",1968,276,Monograph,Iban,Asia,Southeast Asia,horticulturalists,,"648,684,692",https://ehrafworldcultures.yale.edu/sres/282421ed-42e2-4aaf-9520-af586999912d
bd71e4bf-a28b-48e7-80f7-e23c24ccedda,"Pringle, Robert Maxwell, 1936-","The Ibans of Sarawak under Brooke rule, 1841-1941",1968,276,Monograph,Iban,Asia,Southeast Asia,horticulturalists,,"648,684,692",https://ehrafworldcultures.yale.edu/sres/bd71e4bf-a28b-48e7-80f7-e23c24ccedda
0ff042d8-4ff5-4b98-9310-d987b8a31e72,"Pringle, Robert Maxwell, 1936-","The Ibans of Sarawak under Brooke rule, 1841-1941",1968,276,Monograph,Iban,Asia,Southeast Asia,horticulturalists,,"648,684,692",https://ehrafworldcultures.yale.edu/sres/0ff042d8-4ff5-4b98-9310-d987b8a31e72
de3b45ba-454a-40cf-8757-dfabb217a03c,"Pringle, Robert Maxwell, 1936-","The Ibans of Sarawak under Brooke rule, 1841-1941",1968,276,Monograph,Iban,Asia,Southeast Asia,horticulturalists,,"647,648,687,691,692",https://ehrafworldcultures.yale.edu/sres/de3b45ba-454a-40cf-8757-dfabb217a03c
31b4ad07-18a6-4962-82b2-e20799d0bcc8,"Pringle, Robert Maxwell, 1936-","The Ibans of Sarawak under Brooke rule, 1841-1941",1968,280,Monograph,Iban,Asia,Southeast Asia,horticulturalists,,"177,178,647,688,692",https://ehrafworldcultures.yale.edu/sres/31b4ad07-18a6-4962-82b2-e20799d0bcc8
30d3894b-a0a6-489b-bd17-1194986a173c,"Pringle, Robert Maxwell, 1936-","The Ibans of Sarawak under Brooke rule, 1841-1941",1968,280,Monograph,Iban,Asia,Southeast Asia,horticulturalists,,"113,177,178,647,688,692",https://ehrafworldcultures.yale.edu/sres/30d3894b-a0a6-489b-bd17-1194986a173c
1ed27250-d9bf-40cd-870c-dfd63baa8cb9,"Pringle, Robert Maxwell, 1936-","The Ibans of Sarawak under Brooke rule, 1841-1941",1968,281,Monograph,Iban,Asia,Southeast Asia,horticulturalists,,"177,178,647,688,692",https://ehrafworldcultures.yale.edu/sres/1ed27250-d9bf-40cd-870c-dfd63baa8cb9
8e49e5c9-0463-4225-81ee-34bb7e90a374,"Pringle, Robert Maxwell, 1936-","The Ibans of Sarawak under Brooke rule, 1841-1941",1968,282,Monograph,Iban,Asia,Southeast Asia,horticulturalists,,"113,554,635,647,671,681",https://ehrafworldcultures.yale.edu/sres/8e49e5c9-0463-4225-81ee-34bb7e90a374
3ab9e0cd-b964-4181-bcd7-4511c39db6cb,"Pringle, Robert Maxwell, 1936-","The Ibans of Sarawak under Brooke rule, 1841-1941",1968,283,Monograph,Iban,Asia,Southeast Asia,horticulturalists,,"113,647,671,684,692",https://ehrafworldcultures.yale.edu/sres/3ab9e0cd-b964-4181-bcd7-4511c39db6cb
963390d0-ef0e-4697-86e6-a8a82f37707c,"Pringle, Robert Maxwell, 1936-","The Ibans of Sarawak under Brooke rule, 1841-1941",1968,306,Monograph,Iban,Asia,Southeast Asia,horticulturalists,,"554,556,647,648,681",https://ehrafworldcultures.yale.edu/sres/963390d0-ef0e-4697-86e6-a8a82f37707c
8a09f879-df82-4c2c-9f91-e0a8d532163a,"Pringle, Robert Maxwell, 1936-","The Ibans of Sarawak under Brooke rule, 1841-1941",1968,311,Monograph,Iban,Asia,Southeast Asia,horticulturalists,,"166,554,556,647,648,681,726",https://ehrafworldcultures.yale.edu/sres/8a09f879-df82-4c2c-9f91-e0a8d532163a
e013b025-ad25-45a6-8575-7bf0bdc24982,"Pringle, Robert Maxwell, 1936-","The Ibans of Sarawak under Brooke rule, 1841-1941",1968,370,Monograph,Iban,Asia,Southeast Asia,horticulturalists,,"439,647,651,687",https://ehrafworldcultures.yale.edu/sres/e013b025-ad25-45a6-8575-7bf0bdc24982
17478137-6efd-42a5-bf9c-0cc5706d643c,"Pringle, Robert Maxwell, 1936-","The Ibans of Sarawak under Brooke rule, 1841-1941",1968,372,Monograph,Iban,Asia,Southeast Asia,horticulturalists,,"648,687",https://ehrafworldcultures.yale.edu/sres/17478137-6efd-42a5-bf9c-0cc5706d643c
a1016eb6-baae-40db-b4c2-4b70b5593961,"Pringle, Robert Maxwell, 1936-","The Ibans of Sarawak under Brooke rule, 1841-1941",1968,372,Monograph,Iban,Asia,Southeast Asia,horticulturalists,,"648,687",https://ehrafworldcultures.yale.edu/sres/a1016eb6-baae-40db-b4c2-4b70b5593961
0c7431fc-c1b4-4a93-a1ec-4bdb0adcbc84,"Pringle, Robert Maxwell, 1936-","The Ibans of Sarawak under Brooke rule, 1841-1941",1968,372,Monograph,Iban,Asia,Southeast Asia,horticulturalists,,"648,687",https://ehrafworldcultures.yale.edu/sres/0c7431fc-c1b4-4a93-a1ec-4bdb0adcbc84
3530356e-6c9b-4dd7-a919-4d5382bb49c5,"Pringle, Robert Maxwell, 1936-","The Ibans of Sarawak under Brooke rule, 1841-1941",1968,372,Monograph,Iban,Asia,Southeast Asia,horticulturalists,,"648,687",https://ehrafworldcultures.yale.edu/sres/3530356e-6c9b-4dd7-a919-4d5382bb49c5
346a4428-a4a7-4a4b-bb06-3150a0eadb5b,"Pringle, Robert Maxwell, 1936-","The Ibans of Sarawak under Brooke rule, 1841-1941",1968,372,Monograph,Iban,Asia,Southeast Asia,horticulturalists,,"113,647,648,681,726,728",https://ehrafworldcultures.yale.edu/sres/346a4428-a4a7-4a4b-bb06-3150a0eadb5b
0a2a27cd-4400-47ae-a78f-9d14e1095182,"Pringle, Robert Maxwell, 1936-","The Ibans of Sarawak under Brooke rule, 1841-1941",1968,374,Monograph,Iban,Asia,Southeast Asia,horticulturalists,,"113,657,682,721",https://ehrafworldcultures.yale.edu/sres/0a2a27cd-4400-47ae-a78f-9d14e1095182
0e407944-32d0-4b70-aab3-c56e8ba5f10a,"Pringle, Robert Maxwell, 1936-","The Ibans of Sarawak under Brooke rule, 1841-1941",1968,385,Monograph,Iban,Asia,Southeast Asia,horticulturalists,,"113,166,554,648,687,701,728",https://ehrafworldcultures.yale.edu/sres/0e407944-32d0-4b70-aab3-c56e8ba5f10a
bbdd0818-2424-4c59-86e3-84d585d5b0f7,"Pringle, Robert Maxwell, 1936-","The Ibans of Sarawak under Brooke rule, 1841-1941",1968,392,Monograph,Iban,Asia,Southeast Asia,horticulturalists,,"361,554,628,647,648,687,701,726",https://ehrafworldcultures.yale.edu/sres/bbdd0818-2424-4c59-86e3-84d585d5b0f7
4496228d-dfca-4c3c-a88c-d9fe7614aabd,"Pringle, Robert Maxwell, 1936-","The Ibans of Sarawak under Brooke rule, 1841-1941",1968,459,Monograph,Iban,Asia,Southeast Asia,horticulturalists,,"484,486,687",https://ehrafworldcultures.yale.edu/sres/4496228d-dfca-4c3c-a88c-d9fe7614aabd
139af766-c57c-4b63-826f-f55c14ad96a1,"Pringle, Robert Maxwell, 1936-","The Ibans of Sarawak under Brooke rule, 1841-1941",1968,460,Monograph,Iban,Asia,Southeast Asia,horticulturalists,,"166,361,484,486,648,681",https://ehrafworldcultures.yale.edu/sres/139af766-c57c-4b63-826f-f55c14ad96a1
6aeceeb4-23ac-48f8-8b33-22bfd5de3f50,"Pringle, Robert Maxwell, 1936-","The Ibans of Sarawak under Brooke rule, 1841-1941",1968,462,Monograph,Iban,Asia,Southeast Asia,horticulturalists,,"166,486,647,648,687",https://ehrafworldcultures.yale.edu/sres/6aeceeb4-23ac-48f8-8b33-22bfd5de3f50
ed7d83bf-cd1c-48bd-8e4b-e9f5aebf75ed,"Pringle, Robert Maxwell, 1936-","The Ibans of Sarawak under Brooke rule, 1841-1941",1968,463,Monograph,Iban,Asia,Southeast Asia,horticulturalists,,"166,486,681",https://ehrafworldcultures.yale.edu/sres/ed7d83bf-cd1c-48bd-8e4b-e9f5aebf75ed
7db2ee69-77c4-4d26-a67d-13058228b912,"Benedict Sandin, 1918-",Iban adat and augury,1980,52,Monograph,Iban,Asia,Southeast Asia,horticulturalists,,"681,765,769,796",https://ehrafworldcultures.yale.edu/sres/7db2ee69-77c4-4d26-a67d-13058228b912
2d7a6365-e75e-4cdd-a7c6-af4c7ffb11be,"Benedict Sandin, 1918-",Iban adat and augury,1980,59,Monograph,Iban,Asia,Southeast Asia,horticulturalists,,"671,681,765,769,796",https://ehrafworldcultures.yale.edu/sres/2d7a6365-e75e-4cdd-a7c6-af4c7ffb11be
18afccf6-11dc-4150-8d3c-6bd27cb68206,"Benedict Sandin, 1918-",Iban adat and augury,1980,61,Monograph,Iban,Asia,Southeast Asia,horticulturalists,,"681,765,769",https://ehrafworldcultures.yale.edu/sres/18afccf6-11dc-4150-8d3c-6bd27cb68206
62c3dbe7-2953-4117-83b1-0754bb4f00f9,"Benedict Sandin, 1918-",Iban adat and augury,1980,61,Monograph,Iban,Asia,Southeast Asia,horticulturalists,,"273,681,765,769,778",https://ehrafworldcultures.yale.edu/sres/62c3dbe7-2953-4117-83b1-0754bb4f00f9
254170ce-8218-45fa-b0e1-d432b9e6db60,"Benedict Sandin, 1918-",Iban adat and augury,1980,65,Monograph,Iban,Asia,Southeast Asia,horticulturalists,,"231,553,681,852",https://ehrafworldcultures.yale.edu/sres/254170ce-8218-45fa-b0e1-d432b9e6db60
75c2d36b-3dfc-4e4f-bc14-0e0e9c0ce1fc,"Benedict Sandin, 1918-",Iban adat and augury,1980,73,Monograph,Iban,Asia,Southeast Asia,horticulturalists,,"584,686",https://ehrafworldcultures.yale.edu/sres/75c2d36b-3dfc-4e4f-bc14-0e0e9c0ce1fc
e61f299e-0567-4511-9939-a611dda2afa8,"Benedict Sandin, 1918-",Iban adat and augury,1980,73,Monograph,Iban,Asia,Southeast Asia,horticulturalists,,"584,686,692",https://ehrafworldcultures.yale.edu/sres/e61f299e-0567-4511-9939-a611dda2afa8
05ffb234-0461-462e-a34f-fb633cca729f,"Benedict Sandin, 1918-",Iban adat and augury,1980,77,Monograph,Iban,Asia,Southeast Asia,horticulturalists,,"586,684",https://ehrafworldcultures.yale.edu/sres/05ffb234-0461-462e-a34f-fb633cca729f
ea3fb833-e312-484b-8b73-fcf5fe62d2f2,"Benedict Sandin, 1918-",Iban adat and augury,1980,78,Monograph,Iban,Asia,Southeast Asia,horticulturalists,,"586,587,684",https://ehrafworldcultures.yale.edu/sres/ea3fb833-e312-484b-8b73-fcf5fe62d2f2
985c115d-4a16-4771-82a6-c357c2898a41,"Benedict Sandin, 1918-",Iban adat and augury,1980,81,Monograph,Iban,Asia,Southeast Asia,horticulturalists,,"124,554,566,567,597,648,672,682,683,684,727,796,848",https://ehrafworldcultures.yale.edu/sres/985c115d-4a16-4771-82a6-c357c2898a41
8abf40c9-ace0-4a61-834b-6ac5638c6c30,"Benedict Sandin, 1918-",Iban adat and augury,1980,81,Monograph,Iban,Asia,Southeast Asia,horticulturalists,,"567,648,683,796",https://ehrafworldcultures.yale.edu/sres/8abf40c9-ace0-4a61-834b-6ac5638c6c30
86a2908c-a62f-40b5-9f47-2abadac1c694,"Benedict Sandin, 1918-",Iban adat and augury,1980,xi,Monograph,Iban,Asia,Southeast Asia,horticulturalists,,"621,671,681,784,787,825",https://ehrafworldcultures.yale.edu/sres/86a2908c-a62f-40b5-9f47-2abadac1c694
b67a49f5-4c6f-4688-9dc0-9c234d7049cf,"Benedict Sandin, 1918-",Iban adat and augury,1980,xiii,Monograph,Iban,Asia,Southeast Asia,horticulturalists,,"177,671,673,681,683,782,784,835",https://ehrafworldcultures.yale.edu/sres/b67a49f5-4c6f-4688-9dc0-9c234d7049cf
da04c3f3-186b-4e1d-b9b2-7c32f4a38334,"Benedict Sandin, 1918-",Iban adat and augury,1980,xiv,Monograph,Iban,Asia,Southeast Asia,horticulturalists,,"554,621,622,671,681",https://ehrafworldcultures.yale.edu/sres/da04c3f3-186b-4e1d-b9b2-7c32f4a38334
86569534-afc3-48f4-8663-d571b489ba53,"Benedict Sandin, 1918-",Iban adat and augury,1980,xvii,Monograph,Iban,Asia,Southeast Asia,horticulturalists,,"657,671,681",https://ehrafworldcultures.yale.edu/sres/86569534-afc3-48f4-8663-d571b489ba53
53a819c0-b6e2-4b1c-8e43-73c26a49282e,"Benedict Sandin, 1918-",Iban adat and augury,1980,xvii,Monograph,Iban,Asia,Southeast Asia,horticulturalists,,"635,671,681",https://ehrafworldcultures.yale.edu/sres/53a819c0-b6e2-4b1c-8e43-73c26a49282e
6bebbc32-96c7-4d20-aa86-c42b89e03310,"Benedict Sandin, 1918-",Iban adat and augury,1980,xxi,Monograph,Iban,Asia,Southeast Asia,horticulturalists,,"592,671,681",https://ehrafworldcultures.yale.edu/sres/6bebbc32-96c7-4d20-aa86-c42b89e03310
aa170d11-f8a4-423e-8130-4f8c9b6d4d76,"Benedict Sandin, 1918-",Iban adat and augury,1980,xxii,Monograph,Iban,Asia,Southeast Asia,horticulturalists,,"682,684,685",https://ehrafworldcultures.yale.edu/sres/aa170d11-f8a4-423e-8130-4f8c9b6d4d76
1c9b7020-e278-4ebe-a221-313dbad8a705,"Benedict Sandin, 1918-",Iban adat and augury,1980,xxii,Monograph,Iban,Asia,Southeast Asia,horticulturalists,,"612,681",https://ehrafworldcultures.yale.edu/sres/1c9b7020-e278-4ebe-a221-313dbad8a705
124075c8-62e1-46f9-a716-11e1dbacfd6f,"Benedict Sandin, 1918-",Iban adat and augury,1980,xxiii,Monograph,Iban,Asia,Southeast Asia,horticulturalists,,"578,628,685",https://ehrafworldcultures.yale.edu/sres/124075c8-62e1-46f9-a716-11e1dbacfd6f
84b55c97-bd16-42cd-959e-f74621c173fb,"Benedict Sandin, 1918-",Iban adat and augury,1980,xxviii,Monograph,Iban,Asia,Southeast Asia,horticulturalists,,"673,684,685,784",https://ehrafworldcultures.yale.edu/sres/84b55c97-bd16-42cd-959e-f74621c173fb
6dae14a8-dfef-4902-904e-3a5c3af2e6be,"Benedict Sandin, 1918-",Iban adat and augury,1980,xxix,Monograph,Iban,Asia,Southeast Asia,horticulturalists,,"578,681,685,754,789",https://ehrafworldcultures.yale.edu/sres/6dae14a8-dfef-4902-904e-3a5c3af2e6be
fd24ebe8-f015-4a18-8146-3a1eeaa549c9,"Benedict Sandin, 1918-",Iban adat and augury,1980,xxix,Monograph,Iban,Asia,Southeast Asia,horticulturalists,,"683,685,774",https://ehrafworldcultures.yale.edu/sres/fd24ebe8-f015-4a18-8146-3a1eeaa549c9
fb1eef2d-9d65-4136-a8af-b144e7d4fe70,"Benedict Sandin, 1918-",Iban adat and augury,1980,3,Monograph,Iban,Asia,Southeast Asia,horticulturalists,,"622,681",https://ehrafworldcultures.yale.edu/sres/fb1eef2d-9d65-4136-a8af-b144e7d4fe70
f92997ad-c068-4d1f-bab7-a8235d9b058f,"Benedict Sandin, 1918-",Iban adat and augury,1980,3,Monograph,Iban,Asia,Southeast Asia,horticulturalists,,"436,622,681,804",https://ehrafworldcultures.yale.edu/sres/f92997ad-c068-4d1f-bab7-a8235d9b058f
2a551d84-89b7-4010-976d-51504da6fb55,"Benedict Sandin, 1918-",Iban adat and augury,1980,3,Monograph,Iban,Asia,Southeast Asia,horticulturalists,,"681,684,692",https://ehrafworldcultures.yale.edu/sres/2a551d84-89b7-4010-976d-51504da6fb55
8ce7df04-2b90-4105-9eae-3cc1322d8a89,"Benedict Sandin, 1918-",Iban adat and augury,1980,3,Monograph,Iban,Asia,Southeast Asia,horticulturalists,,"622,681",https://ehrafworldcultures.yale.edu/sres/8ce7df04-2b90-4105-9eae-3cc1322d8a89
32b429f8-c2df-4aea-b495-f784dd545361,"Benedict Sandin, 1918-",Iban adat and augury,1980,3,Monograph,Iban,Asia,Southeast Asia,horticulturalists,,"436,622,681",https://ehrafworldcultures.yale.edu/sres/32b429f8-c2df-4aea-b495-f784dd545361
4e68981f-91b4-4a48-9748-a7c50a49e325,"Benedict Sandin, 1918-",Iban adat and augury,1980,4,Monograph,Iban,Asia,Southeast Asia,horticulturalists,,"622,681",https://ehrafworldcultures.yale.edu/sres/4e68981f-91b4-4a48-9748-a7c50a49e325
9fe07e6b-2bb1-4186-b113-36566fb2e73a,"Benedict Sandin, 1918-",Iban adat and augury,1980,4,Monograph,Iban,Asia,Southeast Asia,horticulturalists,,"411,435,622,681,683,685,753,761,774,782,783,784",https://ehrafworldcultures.yale.edu/sres/9fe07e6b-2bb1-4186-b113-36566fb2e73a
24256de4-5b1f-4ddc-b47a-14242650eda4,"Benedict Sandin, 1918-",Iban adat and augury,1980,4,Monograph,Iban,Asia,Southeast Asia,horticulturalists,,"567,682",https://ehrafworldcultures.yale.edu/sres/24256de4-5b1f-4ddc-b47a-14242650eda4
fefecc4f-de41-4279-a775-9606d4e92034,"Benedict Sandin, 1918-",Iban adat and augury,1980,4,Monograph,Iban,Asia,Southeast Asia,horticulturalists,,682,https://ehrafworldcultures.yale.edu/sres/fefecc4f-de41-4279-a775-9606d4e92034
8d765cee-f2d1-482a-904d-43544cf4a670,"Benedict Sandin, 1918-",Iban adat and augury,1980,4,Monograph,Iban,Asia,Southeast Asia,horticulturalists,,"567,622,684,782",https://ehrafworldcultures.yale.edu/sres/8d765cee-f2d1-482a-904d-43544cf4a670
ebd15ed1-d996-4c10-a099-62a0eb8b2755,"Benedict Sandin, 1918-",Iban adat and augury,1980,5,Monograph,Iban,Asia,Southeast Asia,horticulturalists,,"211,687",https://ehrafworldcultures.yale.edu/sres/ebd15ed1-d996-4c10-a099-62a0eb8b2755
2708e319-2d1b-4e0c-9481-cbff30008a00,"Benedict Sandin, 1918-",Iban adat and augury,1980,7,Monograph,Iban,Asia,Southeast Asia,horticulturalists,,"554,681,692",https://ehrafworldcultures.yale.edu/sres/2708e319-2d1b-4e0c-9481-cbff30008a00
ba2f9744-27bb-4d80-91a3-854ff02bd161,"Benedict Sandin, 1918-",Iban adat and augury,1980,7,Monograph,Iban,Asia,Southeast Asia,horticulturalists,,687,https://ehrafworldcultures.yale.edu/sres/ba2f9744-27bb-4d80-91a3-854ff02bd161
a38c2c23-83e0-4a89-aa4b-97335341f701,"Benedict Sandin, 1918-",Iban adat and augury,1980,8,Monograph,Iban,Asia,Southeast Asia,horticulturalists,,"541,682,695",https://ehrafworldcultures.yale.edu/sres/a38c2c23-83e0-4a89-aa4b-97335341f701
ead8b869-12e7-4133-9a4b-7e35f12324f0,"Benedict Sandin, 1918-",Iban adat and augury,1980,9,Monograph,Iban,Asia,Southeast Asia,horticulturalists,,"114,578,628,684",https://ehrafworldcultures.yale.edu/sres/ead8b869-12e7-4133-9a4b-7e35f12324f0
72c7b1ae-25cd-45fe-a80a-e3bb98b9daa2,"Benedict Sandin, 1918-",Iban adat and augury,1980,11,Monograph,Iban,Asia,Southeast Asia,horticulturalists,,"342,592,622,681,686,782,784,791",https://ehrafworldcultures.yale.edu/sres/72c7b1ae-25cd-45fe-a80a-e3bb98b9daa2
2b9aef06-bfe1-4ea2-ab31-f71e199e3b9c,"Benedict Sandin, 1918-",Iban adat and augury,1980,11,Monograph,Iban,Asia,Southeast Asia,horticulturalists,,"342,592,622,681",https://ehrafworldcultures.yale.edu/sres/2b9aef06-bfe1-4ea2-ab31-f71e199e3b9c
43a97510-09bd-469a-9b5f-1b2cb2e1f589,"Benedict Sandin, 1918-",Iban adat and augury,1980,11,Monograph,Iban,Asia,Southeast Asia,horticulturalists,,"342,592,622,681",https://ehrafworldcultures.yale.edu/sres/43a97510-09bd-469a-9b5f-1b2cb2e1f589
2f0d0361-e513-4ed9-8df5-712a2e7cb2a3,"Benedict Sandin, 1918-",Iban adat and augury,1980,11,Monograph,Iban,Asia,Southeast Asia,horticulturalists,,"342,592,622,681",https://ehrafworldcultures.yale.edu/sres/2f0d0361-e513-4ed9-8df5-712a2e7cb2a3
fd3f7fd0-d0a6-4063-a5a4-14c46c267106,"Benedict Sandin, 1918-",Iban adat and augury,1980,11,Monograph,Iban,Asia,Southeast Asia,horticulturalists,,"342,592,622,681",https://ehrafworldcultures.yale.edu/sres/fd3f7fd0-d0a6-4063-a5a4-14c46c267106
4ba83533-13fd-4ddf-9a67-a553f665be11,"Benedict Sandin, 1918-",Iban adat and augury,1980,11,Monograph,Iban,Asia,Southeast Asia,horticulturalists,,"342,592,622,681",https://ehrafworldcultures.yale.edu/sres/4ba83533-13fd-4ddf-9a67-a553f665be11
35bb2dde-c778-4726-8f9e-b01f2818447e,"Benedict Sandin, 1918-",Iban adat and augury,1980,11,Monograph,Iban,Asia,Southeast Asia,horticulturalists,,"342,592,622,681",https://ehrafworldcultures.yale.edu/sres/35bb2dde-c778-4726-8f9e-b01f2818447e
d7b851cd-d658-488f-920b-5dae1154b560,"Benedict Sandin, 1918-",Iban adat and augury,1980,11,Monograph,Iban,Asia,Southeast Asia,horticulturalists,,"342,592,622,681",https://ehrafworldcultures.yale.edu/sres/d7b851cd-d658-488f-920b-5dae1154b560
16c8ef44-b9cd-4154-82e6-fa511dd8cc3f,"Benedict Sandin, 1918-",Iban adat and augury,1980,12,Monograph,Iban,Asia,Southeast Asia,horticulturalists,,"342,592,622,681",https://ehrafworldcultures.yale.edu/sres/16c8ef44-b9cd-4154-82e6-fa511dd8cc3f
bc3599c1-9c55-4c18-81af-2731a185f695,"Benedict Sandin, 1918-",Iban adat and augury,1980,12,Monograph,Iban,Asia,Southeast Asia,horticulturalists,,"342,592,622,681",https://ehrafworldcultures.yale.edu/sres/bc3599c1-9c55-4c18-81af-2731a185f695
ce6d7ba2-bc4f-4d72-9c87-4d297f3e2be8,"Benedict Sandin, 1918-",Iban adat and augury,1980,12,Monograph,Iban,Asia,Southeast Asia,horticulturalists,,"342,592,622,681",https://ehrafworldcultures.yale.edu/sres/ce6d7ba2-bc4f-4d72-9c87-4d297f3e2be8
a6694bab-cd43-4ad5-903b-9168761a8464,"Benedict Sandin, 1918-",Iban adat and augury,1980,12,Monograph,Iban,Asia,Southeast Asia,horticulturalists,,"342,592,622,681",https://ehrafworldcultures.yale.edu/sres/a6694bab-cd43-4ad5-903b-9168761a8464
f2d4e9ad-2580-4c9f-b427-70e5000d9e79,"Benedict Sandin, 1918-",Iban adat and augury,1980,12,Monograph,Iban,Asia,Southeast Asia,horticulturalists,,"342,592,622,681",https://ehrafworldcultures.yale.edu/sres/f2d4e9ad-2580-4c9f-b427-70e5000d9e79
dc52a839-b1c2-4ccc-88c0-770b18479b51,"Benedict Sandin, 1918-",Iban adat and augury,1980,12,Monograph,Iban,Asia,Southeast Asia,horticulturalists,,"342,592,622,681",https://ehrafworldcultures.yale.edu/sres/dc52a839-b1c2-4ccc-88c0-770b18479b51
6878f68b-5d39-49f2-b22d-5b6b7adddc0d,"Benedict Sandin, 1918-",Iban adat and augury,1980,12,Monograph,Iban,Asia,Southeast Asia,horticulturalists,,"342,592,622,681",https://ehrafworldcultures.yale.edu/sres/6878f68b-5d39-49f2-b22d-5b6b7adddc0d
7cfe2069-c189-42aa-b9e1-071e16728e15,"Benedict Sandin, 1918-",Iban adat and augury,1980,12,Monograph,Iban,Asia,Southeast Asia,horticulturalists,,"342,592,622,681",https://ehrafworldcultures.yale.edu/sres/7cfe2069-c189-42aa-b9e1-071e16728e15
12b2d98d-57df-4aba-b3a3-ec2a7346bddd,"Benedict Sandin, 1918-",Iban adat and augury,1980,12,Monograph,Iban,Asia,Southeast Asia,horticulturalists,,"342,592,622,681",https://ehrafworldcultures.yale.edu/sres/12b2d98d-57df-4aba-b3a3-ec2a7346bddd
e84ec543-70bb-4824-9561-6dad8c6ca975,"Benedict Sandin, 1918-",Iban adat and augury,1980,13,Monograph,Iban,Asia,Southeast Asia,horticulturalists,,"342,592,622,681",https://ehrafworldcultures.yale.edu/sres/e84ec543-70bb-4824-9561-6dad8c6ca975
f278d898-6490-4f13-bc62-6f32f6d67739,"Benedict Sandin, 1918-",Iban adat and augury,1980,13,Monograph,Iban,Asia,Southeast Asia,horticulturalists,,"342,592,622,681",https://ehrafworldcultures.yale.edu/sres/f278d898-6490-4f13-bc62-6f32f6d67739
a5d13620-ddcb-4160-b136-fab17f50d118,"Benedict Sandin, 1918-",Iban adat and augury,1980,13,Monograph,Iban,Asia,Southeast Asia,horticulturalists,,"342,592,622,681",https://ehrafworldcultures.yale.edu/sres/a5d13620-ddcb-4160-b136-fab17f50d118
0929c9d6-5f4a-460e-91f5-c6609c644200,"Benedict Sandin, 1918-",Iban adat and augury,1980,13,Monograph,Iban,Asia,Southeast Asia,horticulturalists,,"342,592,622,681",https://ehrafworldcultures.yale.edu/sres/0929c9d6-5f4a-460e-91f5-c6609c644200
1c6ca6c0-405f-4433-ab35-1f4e54d415d4,"Benedict Sandin, 1918-",Iban adat and augury,1980,13,Monograph,Iban,Asia,Southeast Asia,horticulturalists,,"342,592,622,681",https://ehrafworldcultures.yale.edu/sres/1c6ca6c0-405f-4433-ab35-1f4e54d415d4
c4a8963b-7494-49db-93f8-5e45b6e467ae,"Benedict Sandin, 1918-",Iban adat and augury,1980,13,Monograph,Iban,Asia,Southeast Asia,horticulturalists,,"342,592,622,681",https://ehrafworldcultures.yale.edu/sres/c4a8963b-7494-49db-93f8-5e45b6e467ae
a7cbd014-c29e-4ac7-afa9-9f3147d63e3d,"Benedict Sandin, 1918-",Iban adat and augury,1980,16,Monograph,Iban,Asia,Southeast Asia,horticulturalists,,"243,681,784",https://ehrafworldcultures.yale.edu/sres/a7cbd014-c29e-4ac7-afa9-9f3147d63e3d
1866bb81-c5bc-401b-9e8e-2bff1413f951,"Benedict Sandin, 1918-",Iban adat and augury,1980,17,Monograph,Iban,Asia,Southeast Asia,horticulturalists,,681,https://ehrafworldcultures.yale.edu/sres/1866bb81-c5bc-401b-9e8e-2bff1413f951
446e7b54-8443-426c-801e-0be68ac2f5a6,"Benedict Sandin, 1918-",Iban adat and augury,1980,17,Monograph,Iban,Asia,Southeast Asia,horticulturalists,,681,https://ehrafworldcultures.yale.edu/sres/446e7b54-8443-426c-801e-0be68ac2f5a6
b871c784-ca6a-4d2f-bf05-138d73873216,"Benedict Sandin, 1918-",Iban adat and augury,1980,17,Monograph,Iban,Asia,Southeast Asia,horticulturalists,,"137,681,776,778,787",https://ehrafworldcultures.yale.edu/sres/b871c784-ca6a-4d2f-bf05-138d73873216
6db9d2ca-90ca-4935-9ed6-43cd4fb4aeee,"Benedict Sandin, 1918-",Iban adat and augury,1980,17,Monograph,Iban,Asia,Southeast Asia,horticulturalists,,"681,784",https://ehrafworldcultures.yale.edu/sres/6db9d2ca-90ca-4935-9ed6-43cd4fb4aeee
65dfc7ee-a5f8-4295-9b52-25ac0429920d,"Benedict Sandin, 1918-",Iban adat and augury,1980,17,Monograph,Iban,Asia,Southeast Asia,horticulturalists,,681,https://ehrafworldcultures.yale.edu/sres/65dfc7ee-a5f8-4295-9b52-25ac0429920d
8ef2ac75-f752-49f2-89fc-a632f4f998a4,"Benedict Sandin, 1918-",Iban adat and augury,1980,18,Monograph,Iban,Asia,Southeast Asia,horticulturalists,,681,https://ehrafworldcultures.yale.edu/sres/8ef2ac75-f752-49f2-89fc-a632f4f998a4
4129fba6-e640-474a-b2f6-07a1795c2fbf,"Benedict Sandin, 1918-",Iban adat and augury,1980,18,Monograph,Iban,Asia,Southeast Asia,horticulturalists,,681,https://ehrafworldcultures.yale.edu/sres/4129fba6-e640-474a-b2f6-07a1795c2fbf
7dfcf1f2-5c38-4428-bca8-52272fda2aa6,"Benedict Sandin, 1918-",Iban adat and augury,1980,18,Monograph,Iban,Asia,Southeast Asia,horticulturalists,,681,https://ehrafworldcultures.yale.edu/sres/7dfcf1f2-5c38-4428-bca8-52272fda2aa6
2f9a4966-7377-4dd7-a4e5-7e5e437cabfd,"Benedict Sandin, 1918-",Iban adat and augury,1980,18,Monograph,Iban,Asia,Southeast Asia,horticulturalists,,681,https://ehrafworldcultures.yale.edu/sres/2f9a4966-7377-4dd7-a4e5-7e5e437cabfd
e3290321-eb0a-43be-b5aa-ac7b5d505c18,"Benedict Sandin, 1918-",Iban adat and augury,1980,18,Monograph,Iban,Asia,Southeast Asia,horticulturalists,,681,https://ehrafworldcultures.yale.edu/sres/e3290321-eb0a-43be-b5aa-ac7b5d505c18
799984f5-e59f-4a69-94bb-cd82a6fbbd3e,"Benedict Sandin, 1918-",Iban adat and augury,1980,18,Monograph,Iban,Asia,Southeast Asia,horticulturalists,,681,https://ehrafworldcultures.yale.edu/sres/799984f5-e59f-4a69-94bb-cd82a6fbbd3e
11432df9-c16f-4c3e-9ea6-e60bd7dfe55f,"Benedict Sandin, 1918-",Iban adat and augury,1980,18,Monograph,Iban,Asia,Southeast Asia,horticulturalists,,681,https://ehrafworldcultures.yale.edu/sres/11432df9-c16f-4c3e-9ea6-e60bd7dfe55f
57715fc3-835f-4a94-b128-054c1e9d1b09,"Benedict Sandin, 1918-",Iban adat and augury,1980,18,Monograph,Iban,Asia,Southeast Asia,horticulturalists,,681,https://ehrafworldcultures.yale.edu/sres/57715fc3-835f-4a94-b128-054c1e9d1b09
008fd6d3-70a4-44a2-9277-52685b937dab,"Benedict Sandin, 1918-",Iban adat and augury,1980,18,Monograph,Iban,Asia,Southeast Asia,horticulturalists,,681,https://ehrafworldcultures.yale.edu/sres/008fd6d3-70a4-44a2-9277-52685b937dab
bce2677c-3650-459d-8118-8d97d7d14027,"Benedict Sandin, 1918-",Iban adat and augury,1980,18,Monograph,Iban,Asia,Southeast Asia,horticulturalists,,681,https://ehrafworldcultures.yale.edu/sres/bce2677c-3650-459d-8118-8d97d7d14027
ea564ae4-5e90-44b6-b571-a13074717437,"Benedict Sandin, 1918-",Iban adat and augury,1980,18,Monograph,Iban,Asia,Southeast Asia,horticulturalists,,681,https://ehrafworldcultures.yale.edu/sres/ea564ae4-5e90-44b6-b571-a13074717437
f191d009-8569-4e97-a4e1-d26486562894,"Benedict Sandin, 1918-",Iban adat and augury,1980,18,Monograph,Iban,Asia,Southeast Asia,horticulturalists,,681,https://ehrafworldcultures.yale.edu/sres/f191d009-8569-4e97-a4e1-d26486562894
068eb4fd-8de1-4aac-98fa-3633227690b2,"Benedict Sandin, 1918-",Iban adat and augury,1980,18,Monograph,Iban,Asia,Southeast Asia,horticulturalists,,681,https://ehrafworldcultures.yale.edu/sres/068eb4fd-8de1-4aac-98fa-3633227690b2
7cc2a3bd-caf8-4e65-a4c0-35700044ee9f,"Benedict Sandin, 1918-",Iban adat and augury,1980,18,Monograph,Iban,Asia,Southeast Asia,horticulturalists,,681,https://ehrafworldcultures.yale.edu/sres/7cc2a3bd-caf8-4e65-a4c0-35700044ee9f
3dc79174-e221-41ca-bf73-ed79fccd11fb,"Benedict Sandin, 1918-",Iban adat and augury,1980,18,Monograph,Iban,Asia,Southeast Asia,horticulturalists,,681,https://ehrafworldcultures.yale.edu/sres/3dc79174-e221-41ca-bf73-ed79fccd11fb
f5f92a1c-711a-40bd-8bba-34e127889f3d,"Benedict Sandin, 1918-",Iban adat and augury,1980,18,Monograph,Iban,Asia,Southeast Asia,horticulturalists,,681,https://ehrafworldcultures.yale.edu/sres/f5f92a1c-711a-40bd-8bba-34e127889f3d
8c4ad05c-951a-42e7-a1aa-ce1128ed18fb,"Benedict Sandin, 1918-",Iban adat and augury,1980,19,Monograph,Iban,Asia,Southeast Asia,horticulturalists,,681,https://ehrafworldcultures.yale.edu/sres/8c4ad05c-951a-42e7-a1aa-ce1128ed18fb
bc7fff35-0818-4de9-93b7-9a9c38d7945e,"Benedict Sandin, 1918-",Iban adat and augury,1980,19,Monograph,Iban,Asia,Southeast Asia,horticulturalists,,681,https://ehrafworldcultures.yale.edu/sres/bc7fff35-0818-4de9-93b7-9a9c38d7945e
8aae4b65-5169-4a71-b0da-779ed63d378e,"Benedict Sandin, 1918-",Iban adat and augury,1980,23,Monograph,Iban,Asia,Southeast Asia,horticulturalists,,"681,688,796",https://ehrafworldcultures.yale.edu/sres/8aae4b65-5169-4a71-b0da-779ed63d378e
4da36979-e46b-4498-ab9d-a1a451760d0f,"Benedict Sandin, 1918-",Iban adat and augury,1980,25,Monograph,Iban,Asia,Southeast Asia,horticulturalists,,681,https://ehrafworldcultures.yale.edu/sres/4da36979-e46b-4498-ab9d-a1a451760d0f
8fec53e6-dbcf-44c1-ac53-f6468fafd37c,"Benedict Sandin, 1918-",Iban adat and augury,1980,27,Monograph,Iban,Asia,Southeast Asia,horticulturalists,,"684,835",https://ehrafworldcultures.yale.edu/sres/8fec53e6-dbcf-44c1-ac53-f6468fafd37c
29455667-2f6d-4813-b0d4-cec396264bed,"Benedict Sandin, 1918-",Iban adat and augury,1980,27,Monograph,Iban,Asia,Southeast Asia,horticulturalists,,"582,684,783,835",https://ehrafworldcultures.yale.edu/sres/29455667-2f6d-4813-b0d4-cec396264bed
f8709e8d-2554-4f92-b8b8-7c9d19f41803,"Benedict Sandin, 1918-",Iban adat and augury,1980,27,Monograph,Iban,Asia,Southeast Asia,horticulturalists,,"582,684,835",https://ehrafworldcultures.yale.edu/sres/f8709e8d-2554-4f92-b8b8-7c9d19f41803
9ed3cc53-4477-42a8-95b4-0ba5deb372e4,"Benedict Sandin, 1918-",Iban adat and augury,1980,27,Monograph,Iban,Asia,Southeast Asia,horticulturalists,,"582,684,835",https://ehrafworldcultures.yale.edu/sres/9ed3cc53-4477-42a8-95b4-0ba5deb372e4
51f1060e-c317-451c-9418-46c1527d2d3b,"Benedict Sandin, 1918-",Iban adat and augury,1980,27,Monograph,Iban,Asia,Southeast Asia,horticulturalists,,"582,684,835",https://ehrafworldcultures.yale.edu/sres/51f1060e-c317-451c-9418-46c1527d2d3b
b1b932bc-160e-405a-b0c8-f437f2dfc5c8,"Benedict Sandin, 1918-",Iban adat and augury,1980,27,Monograph,Iban,Asia,Southeast Asia,horticulturalists,,"178,582,684,835",https://ehrafworldcultures.yale.edu/sres/b1b932bc-160e-405a-b0c8-f437f2dfc5c8
765bb749-8ae8-4452-a05e-07fc8e83c6e4,"Benedict Sandin, 1918-",Iban adat and augury,1980,28,Monograph,Iban,Asia,Southeast Asia,horticulturalists,,"582,684,835",https://ehrafworldcultures.yale.edu/sres/765bb749-8ae8-4452-a05e-07fc8e83c6e4
8f5f7f1c-c670-408f-be32-c8ec74f3c415,"Benedict Sandin, 1918-",Iban adat and augury,1980,28,Monograph,Iban,Asia,Southeast Asia,horticulturalists,,"582,684,783,789,835",https://ehrafworldcultures.yale.edu/sres/8f5f7f1c-c670-408f-be32-c8ec74f3c415
61006c17-f607-4186-913a-72c8d1f36ef3,"Benedict Sandin, 1918-",Iban adat and augury,1980,28,Monograph,Iban,Asia,Southeast Asia,horticulturalists,,"582,684,835",https://ehrafworldcultures.yale.edu/sres/61006c17-f607-4186-913a-72c8d1f36ef3
40b8f82c-d766-411f-b67c-ac2a9bb67a42,"Benedict Sandin, 1918-",Iban adat and augury,1980,28,Monograph,Iban,Asia,Southeast Asia,horticulturalists,,"582,684,835",https://ehrafworldcultures.yale.edu/sres/40b8f82c-d766-411f-b67c-ac2a9bb67a42
13157c51-d361-4438-a4a5-71da83d78a1c,"Benedict Sandin, 1918-",Iban adat and augury,1980,28,Monograph,Iban,Asia,Southeast Asia,horticulturalists,,"582,684,835",https://ehrafworldcultures.yale.edu/sres/13157c51-d361-4438-a4a5-71da83d78a1c
8291c44d-4f61-42b2-9535-a6c6c17335e5,"Benedict Sandin, 1918-",Iban adat and augury,1980,28,Monograph,Iban,Asia,Southeast Asia,horticulturalists,,"582,684,835",https://ehrafworldcultures.yale.edu/sres/8291c44d-4f61-42b2-9535-a6c6c17335e5
2e1b7696-5c30-411b-a39d-1c9f7e0367d1,"Benedict Sandin, 1918-",Iban adat and augury,1980,28,Monograph,Iban,Asia,Southeast Asia,horticulturalists,,"582,684,835",https://ehrafworldcultures.yale.edu/sres/2e1b7696-5c30-411b-a39d-1c9f7e0367d1
20ee9fdc-cea5-44f2-b28d-d58e6dfa1799,"Benedict Sandin, 1918-",Iban adat and augury,1980,28,Monograph,Iban,Asia,Southeast Asia,horticulturalists,,"582,684,835",https://ehrafworldcultures.yale.edu/sres/20ee9fdc-cea5-44f2-b28d-d58e6dfa1799
8a92b378-0e1f-4280-8e34-6655329a10d8,"Benedict Sandin, 1918-",Iban adat and augury,1980,28,Monograph,Iban,Asia,Southeast Asia,horticulturalists,,"582,684,835",https://ehrafworldcultures.yale.edu/sres/8a92b378-0e1f-4280-8e34-6655329a10d8
cb064d79-abc0-43ab-8369-3d7648d8b43a,"Benedict Sandin, 1918-",Iban adat and augury,1980,28,Monograph,Iban,Asia,Southeast Asia,horticulturalists,,"582,684,835",https://ehrafworldcultures.yale.edu/sres/cb064d79-abc0-43ab-8369-3d7648d8b43a
b090503e-e0fb-40e0-ba8d-6ae53a64a281,"Benedict Sandin, 1918-",Iban adat and augury,1980,28,Monograph,Iban,Asia,Southeast Asia,horticulturalists,,"582,684,835",https://ehrafworldcultures.yale.edu/sres/b090503e-e0fb-40e0-ba8d-6ae53a64a281
7ec972cb-86b9-458e-b710-6b45bac669cc,"Benedict Sandin, 1918-",Iban adat and augury,1980,28,Monograph,Iban,Asia,Southeast Asia,horticulturalists,,"582,684,835",https://ehrafworldcultures.yale.edu/sres/7ec972cb-86b9-458e-b710-6b45bac669cc
00d214ad-0861-4f41-9c2a-fe4d1fdc418f,"Benedict Sandin, 1918-",Iban adat and augury,1980,28,Monograph,Iban,Asia,Southeast Asia,horticulturalists,,"582,684,783,835",https://ehrafworldcultures.yale.edu/sres/00d214ad-0861-4f41-9c2a-fe4d1fdc418f
73fc40b0-2d0a-4ff7-96ae-f8983b11ca78,"Benedict Sandin, 1918-",Iban adat and augury,1980,29,Monograph,Iban,Asia,Southeast Asia,horticulturalists,,"582,684,835",https://ehrafworldcultures.yale.edu/sres/73fc40b0-2d0a-4ff7-96ae-f8983b11ca78
fc136c1b-6304-46b6-88ff-c8d3547d31dd,"Benedict Sandin, 1918-",Iban adat and augury,1980,29,Monograph,Iban,Asia,Southeast Asia,horticulturalists,,"582,684,835",https://ehrafworldcultures.yale.edu/sres/fc136c1b-6304-46b6-88ff-c8d3547d31dd
1d8af5fd-a41a-4535-813f-56f62098ab62,"Benedict Sandin, 1918-",Iban adat and augury,1980,29,Monograph,Iban,Asia,Southeast Asia,horticulturalists,,"582,684,835",https://ehrafworldcultures.yale.edu/sres/1d8af5fd-a41a-4535-813f-56f62098ab62
5356dd29-dfae-492f-978c-a80d0e06fbc5,"Benedict Sandin, 1918-",Iban adat and augury,1980,29,Monograph,Iban,Asia,Southeast Asia,horticulturalists,,"582,671,684,783,835",https://ehrafworldcultures.yale.edu/sres/5356dd29-dfae-492f-978c-a80d0e06fbc5
8f5cc6ac-e65a-4618-8d25-3aab76e9ebbc,"Benedict Sandin, 1918-",Iban adat and augury,1980,29,Monograph,Iban,Asia,Southeast Asia,horticulturalists,,"582,586,587,595,684",https://ehrafworldcultures.yale.edu/sres/8f5cc6ac-e65a-4618-8d25-3aab76e9ebbc
7c0edc46-3bd5-4e49-80c5-6e221c96cacb,"Benedict Sandin, 1918-",Iban adat and augury,1980,29,Monograph,Iban,Asia,Southeast Asia,horticulturalists,,684,https://ehrafworldcultures.yale.edu/sres/7c0edc46-3bd5-4e49-80c5-6e221c96cacb
e9f8b504-0121-4e84-b951-f4a818befcaf,"Benedict Sandin, 1918-",Iban adat and augury,1980,29,Monograph,Iban,Asia,Southeast Asia,horticulturalists,,684,https://ehrafworldcultures.yale.edu/sres/e9f8b504-0121-4e84-b951-f4a818befcaf
04854df2-c304-4220-9a5e-756cb1e6af5a,"Benedict Sandin, 1918-",Iban adat and augury,1980,29,Monograph,Iban,Asia,Southeast Asia,horticulturalists,,"582,684,835",https://ehrafworldcultures.yale.edu/sres/04854df2-c304-4220-9a5e-756cb1e6af5a
40263ad6-3951-4f0a-83d0-e86f771b5317,"Benedict Sandin, 1918-",Iban adat and augury,1980,29,Monograph,Iban,Asia,Southeast Asia,horticulturalists,,"178,582,684,835",https://ehrafworldcultures.yale.edu/sres/40263ad6-3951-4f0a-83d0-e86f771b5317
574783e2-37ba-485c-9a90-80de938a206e,"Benedict Sandin, 1918-",Iban adat and augury,1980,30,Monograph,Iban,Asia,Southeast Asia,horticulturalists,,"684,835",https://ehrafworldcultures.yale.edu/sres/574783e2-37ba-485c-9a90-80de938a206e
ffdca498-5367-45dd-a18d-34f10130f34f,"Benedict Sandin, 1918-",Iban adat and augury,1980,30,Monograph,Iban,Asia,Southeast Asia,horticulturalists,,"684,835",https://ehrafworldcultures.yale.edu/sres/ffdca498-5367-45dd-a18d-34f10130f34f
ab0ae19b-0429-4399-912a-d91937af5987,"Benedict Sandin, 1918-",Iban adat and augury,1980,30,Monograph,Iban,Asia,Southeast Asia,horticulturalists,,"684,835",https://ehrafworldcultures.yale.edu/sres/ab0ae19b-0429-4399-912a-d91937af5987
d3e3dcd1-98e0-469d-832b-47f667af5185,"Benedict Sandin, 1918-",Iban adat and augury,1980,30,Monograph,Iban,Asia,Southeast Asia,horticulturalists,,"684,835,848",https://ehrafworldcultures.yale.edu/sres/d3e3dcd1-98e0-469d-832b-47f667af5185
4ba9ed20-81cf-4131-9290-fc569c14cb7e,"Benedict Sandin, 1918-",Iban adat and augury,1980,30,Monograph,Iban,Asia,Southeast Asia,horticulturalists,,"554,587,602,671,681,765",https://ehrafworldcultures.yale.edu/sres/4ba9ed20-81cf-4131-9290-fc569c14cb7e
3b15e435-3d51-4496-9501-ae4fc46f77df,"Benedict Sandin, 1918-",Iban adat and augury,1980,30,Monograph,Iban,Asia,Southeast Asia,horticulturalists,,"554,602,671,681,765",https://ehrafworldcultures.yale.edu/sres/3b15e435-3d51-4496-9501-ae4fc46f77df
0de133e7-5dd1-463f-a1d1-876eaff4c7dd,"Benedict Sandin, 1918-",Iban adat and augury,1980,30,Monograph,Iban,Asia,Southeast Asia,horticulturalists,,"554,602,671,681,765",https://ehrafworldcultures.yale.edu/sres/0de133e7-5dd1-463f-a1d1-876eaff4c7dd
c015f6ac-8a70-4793-9289-dd18c3f0b03d,"Benedict Sandin, 1918-",Iban adat and augury,1980,30,Monograph,Iban,Asia,Southeast Asia,horticulturalists,,"554,602,671,681,765",https://ehrafworldcultures.yale.edu/sres/c015f6ac-8a70-4793-9289-dd18c3f0b03d
e852acf0-759d-4cac-814f-37d546ea7c12,"Benedict Sandin, 1918-",Iban adat and augury,1980,30,Monograph,Iban,Asia,Southeast Asia,horticulturalists,,"554,602,671,681,765",https://ehrafworldcultures.yale.edu/sres/e852acf0-759d-4cac-814f-37d546ea7c12
225a477f-b452-43c7-88d3-1c08901855c6,"Benedict Sandin, 1918-",Iban adat and augury,1980,30,Monograph,Iban,Asia,Southeast Asia,horticulturalists,,"554,602,671,681,765",https://ehrafworldcultures.yale.edu/sres/225a477f-b452-43c7-88d3-1c08901855c6
61a925be-dca9-414f-9ebd-a2067532fd35,"Benedict Sandin, 1918-",Iban adat and augury,1980,30,Monograph,Iban,Asia,Southeast Asia,horticulturalists,,"554,602,671,681,765",https://ehrafworldcultures.yale.edu/sres/61a925be-dca9-414f-9ebd-a2067532fd35
cd786149-3946-4617-ac84-cfd37ee34529,"Benedict Sandin, 1918-",Iban adat and augury,1980,30,Monograph,Iban,Asia,Southeast Asia,horticulturalists,,"554,602,671,681,765",https://ehrafworldcultures.yale.edu/sres/cd786149-3946-4617-ac84-cfd37ee34529
3581545e-16d6-4c58-a15c-838f8062a911,"Benedict Sandin, 1918-",Iban adat and augury,1980,31,Monograph,Iban,Asia,Southeast Asia,horticulturalists,,"554,681",https://ehrafworldcultures.yale.edu/sres/3581545e-16d6-4c58-a15c-838f8062a911
71ed663d-ceb6-4b5f-bc5a-cc19dc71555e,"Benedict Sandin, 1918-",Iban adat and augury,1980,31,Monograph,Iban,Asia,Southeast Asia,horticulturalists,,"554,681",https://ehrafworldcultures.yale.edu/sres/71ed663d-ceb6-4b5f-bc5a-cc19dc71555e
aa9e0493-3cf5-41cb-b32c-163e290620aa,"Benedict Sandin, 1918-",Iban adat and augury,1980,31,Monograph,Iban,Asia,Southeast Asia,horticulturalists,,"554,681",https://ehrafworldcultures.yale.edu/sres/aa9e0493-3cf5-41cb-b32c-163e290620aa
3a84b34d-27bf-41f0-818f-ac177d3d0c82,"Benedict Sandin, 1918-",Iban adat and augury,1980,31,Monograph,Iban,Asia,Southeast Asia,horticulturalists,,"554,681",https://ehrafworldcultures.yale.edu/sres/3a84b34d-27bf-41f0-818f-ac177d3d0c82
55fac614-dfba-4144-a659-00741591356f,"Benedict Sandin, 1918-",Iban adat and augury,1980,31,Monograph,Iban,Asia,Southeast Asia,horticulturalists,,"554,681",https://ehrafworldcultures.yale.edu/sres/55fac614-dfba-4144-a659-00741591356f
75da1c6c-6898-4df1-b82d-c9b74219d146,"Benedict Sandin, 1918-",Iban adat and augury,1980,31,Monograph,Iban,Asia,Southeast Asia,horticulturalists,,"554,681",https://ehrafworldcultures.yale.edu/sres/75da1c6c-6898-4df1-b82d-c9b74219d146
3a34995b-6f5a-434f-86be-c7491811d86f,"Benedict Sandin, 1918-",Iban adat and augury,1980,31,Monograph,Iban,Asia,Southeast Asia,horticulturalists,,"554,681",https://ehrafworldcultures.yale.edu/sres/3a34995b-6f5a-434f-86be-c7491811d86f
a55269a5-8cd4-455c-9649-68a531cd26d4,"Benedict Sandin, 1918-",Iban adat and augury,1980,31,Monograph,Iban,Asia,Southeast Asia,horticulturalists,,"554,681",https://ehrafworldcultures.yale.edu/sres/a55269a5-8cd4-455c-9649-68a531cd26d4
656aaa24-0206-44c0-9079-d12ef5e1fed5,"Benedict Sandin, 1918-",Iban adat and augury,1980,31,Monograph,Iban,Asia,Southeast Asia,horticulturalists,,"554,681",https://ehrafworldcultures.yale.edu/sres/656aaa24-0206-44c0-9079-d12ef5e1fed5
87cfc559-3892-49fc-a8d6-b9270fabfce6,"Benedict Sandin, 1918-",Iban adat and augury,1980,31,Monograph,Iban,Asia,Southeast Asia,horticulturalists,,"554,681",https://ehrafworldcultures.yale.edu/sres/87cfc559-3892-49fc-a8d6-b9270fabfce6
f995272a-505f-4187-9974-115e0ec556b8,"Benedict Sandin, 1918-",Iban adat and augury,1980,31,Monograph,Iban,Asia,Southeast Asia,horticulturalists,,"554,681",https://ehrafworldcultures.yale.edu/sres/f995272a-505f-4187-9974-115e0ec556b8
8282df9c-3c16-48ba-8944-8cd67354cbbf,"Benedict Sandin, 1918-",Iban adat and augury,1980,31,Monograph,Iban,Asia,Southeast Asia,horticulturalists,,"554,681",https://ehrafworldcultures.yale.edu/sres/8282df9c-3c16-48ba-8944-8cd67354cbbf
d71eab19-1997-4185-9a9d-f2040521008f,"Benedict Sandin, 1918-",Iban adat and augury,1980,31,Monograph,Iban,Asia,Southeast Asia,horticulturalists,,"554,681",https://ehrafworldcultures.yale.edu/sres/d71eab19-1997-4185-9a9d-f2040521008f
598564f4-0b5c-4dec-86a7-775673ff2aa3,"Benedict Sandin, 1918-",Iban adat and augury,1980,31,Monograph,Iban,Asia,Southeast Asia,horticulturalists,,"587,588,681,684",https://ehrafworldcultures.yale.edu/sres/598564f4-0b5c-4dec-86a7-775673ff2aa3
f291eb49-4190-4706-9a7a-8776cc65452e,"Benedict Sandin, 1918-",Iban adat and augury,1980,31,Monograph,Iban,Asia,Southeast Asia,horticulturalists,,"681,684",https://ehrafworldcultures.yale.edu/sres/f291eb49-4190-4706-9a7a-8776cc65452e
18987e5d-c415-4844-afb3-a666d4bcfb39,"Benedict Sandin, 1918-",Iban adat and augury,1980,32,Monograph,Iban,Asia,Southeast Asia,horticulturalists,,"681,684",https://ehrafworldcultures.yale.edu/sres/18987e5d-c415-4844-afb3-a666d4bcfb39
5d90e911-9c01-4006-881b-493ef6cd2acb,"Benedict Sandin, 1918-",Iban adat and augury,1980,32,Monograph,Iban,Asia,Southeast Asia,horticulturalists,,"587,681,684,765",https://ehrafworldcultures.yale.edu/sres/5d90e911-9c01-4006-881b-493ef6cd2acb
aedde3f8-6a7a-4181-aecd-b6dd24a6cfe8,"Benedict Sandin, 1918-",Iban adat and augury,1980,32,Monograph,Iban,Asia,Southeast Asia,horticulturalists,,684,https://ehrafworldcultures.yale.edu/sres/aedde3f8-6a7a-4181-aecd-b6dd24a6cfe8
e15a6f4c-9c94-4aa2-aaa4-b66781ba9f36,"Benedict Sandin, 1918-",Iban adat and augury,1980,35,Monograph,Iban,Asia,Southeast Asia,horticulturalists,,"243,688,765",https://ehrafworldcultures.yale.edu/sres/e15a6f4c-9c94-4aa2-aaa4-b66781ba9f36
e6ed4a94-7a75-4c8f-8082-dcf4f6406eed,"Benedict Sandin, 1918-",Iban adat and augury,1980,36,Monograph,Iban,Asia,Southeast Asia,horticulturalists,,"671,681,764",https://ehrafworldcultures.yale.edu/sres/e6ed4a94-7a75-4c8f-8082-dcf4f6406eed
6ca1dd7d-60a4-48cf-92f0-732ec9537e68,"Benedict Sandin, 1918-",Iban adat and augury,1980,36,Monograph,Iban,Asia,Southeast Asia,horticulturalists,,"671,681,764",https://ehrafworldcultures.yale.edu/sres/6ca1dd7d-60a4-48cf-92f0-732ec9537e68
92fcb0be-e093-4470-a7c6-a66da987f9a7,"Benedict Sandin, 1918-",Iban adat and augury,1980,36,Monograph,Iban,Asia,Southeast Asia,horticulturalists,,"671,681,764",https://ehrafworldcultures.yale.edu/sres/92fcb0be-e093-4470-a7c6-a66da987f9a7
7f0acae4-ff63-4dd9-bd20-808969426acb,"Benedict Sandin, 1918-",Iban adat and augury,1980,36,Monograph,Iban,Asia,Southeast Asia,horticulturalists,,"671,681,688,765",https://ehrafworldcultures.yale.edu/sres/7f0acae4-ff63-4dd9-bd20-808969426acb
955e5ba7-7c66-442f-b681-2a1f05afc246,"Benedict Sandin, 1918-",Iban adat and augury,1980,36,Monograph,Iban,Asia,Southeast Asia,horticulturalists,,"671,681,765",https://ehrafworldcultures.yale.edu/sres/955e5ba7-7c66-442f-b681-2a1f05afc246
2d90a457-d422-43a1-8319-d7a193cdb5e0,"Benedict Sandin, 1918-",Iban adat and augury,1980,36,Monograph,Iban,Asia,Southeast Asia,horticulturalists,,"671,681,765",https://ehrafworldcultures.yale.edu/sres/2d90a457-d422-43a1-8319-d7a193cdb5e0
1cf838cc-df2b-41da-bb24-6f5cb0a266f1,"Benedict Sandin, 1918-",Iban adat and augury,1980,36,Monograph,Iban,Asia,Southeast Asia,horticulturalists,,"671,681,765",https://ehrafworldcultures.yale.edu/sres/1cf838cc-df2b-41da-bb24-6f5cb0a266f1
a2b71726-1ea6-4981-ac7d-0aba09bf5f67,"Benedict Sandin, 1918-",Iban adat and augury,1980,37,Monograph,Iban,Asia,Southeast Asia,horticulturalists,,"671,681,688,765",https://ehrafworldcultures.yale.edu/sres/a2b71726-1ea6-4981-ac7d-0aba09bf5f67
c4f2acec-8c1d-46dd-a6f0-d28f661f21aa,"Benedict Sandin, 1918-",Iban adat and augury,1980,37,Monograph,Iban,Asia,Southeast Asia,horticulturalists,,"671,681,688,765",https://ehrafworldcultures.yale.edu/sres/c4f2acec-8c1d-46dd-a6f0-d28f661f21aa
03f92748-7d3a-4506-bc60-5ea02d40ef9d,"Benedict Sandin, 1918-",Iban adat and augury,1980,37,Monograph,Iban,Asia,Southeast Asia,horticulturalists,,"671,681,688,765",https://ehrafworldcultures.yale.edu/sres/03f92748-7d3a-4506-bc60-5ea02d40ef9d
79801f3c-0537-4644-bc0a-95f4965bb6c5,"Benedict Sandin, 1918-",Iban adat and augury,1980,37,Monograph,Iban,Asia,Southeast Asia,horticulturalists,,"592,681,764",https://ehrafworldcultures.yale.edu/sres/79801f3c-0537-4644-bc0a-95f4965bb6c5
ce68f9c7-29a2-44df-98d7-4f6aa2976473,"Benedict Sandin, 1918-",Iban adat and augury,1980,37,Monograph,Iban,Asia,Southeast Asia,horticulturalists,,"592,681,764",https://ehrafworldcultures.yale.edu/sres/ce68f9c7-29a2-44df-98d7-4f6aa2976473
1a0a86d9-bdf5-457e-b9db-eb761bbe6f19,"Benedict Sandin, 1918-",Iban adat and augury,1980,37,Monograph,Iban,Asia,Southeast Asia,horticulturalists,,"592,681,764,774,789",https://ehrafworldcultures.yale.edu/sres/1a0a86d9-bdf5-457e-b9db-eb761bbe6f19
aab52671-b21e-403b-ae75-ce465f9017d1,"Benedict Sandin, 1918-",Iban adat and augury,1980,39,Monograph,Iban,Asia,Southeast Asia,horticulturalists,,"671,681,688,756",https://ehrafworldcultures.yale.edu/sres/aab52671-b21e-403b-ae75-ce465f9017d1
70ddbcc9-d1fa-4871-afb1-47033de35c5b,"Benedict Sandin, 1918-",Iban adat and augury,1980,39,Monograph,Iban,Asia,Southeast Asia,horticulturalists,,"671,681,688,756",https://ehrafworldcultures.yale.edu/sres/70ddbcc9-d1fa-4871-afb1-47033de35c5b
0261043b-60ab-46c1-b455-43d41d237a5f,"Sutlive, Vinson H.",Tun Jugah of Sarawak: colonialism and Iban response,1992,21,Monograph,Iban,Asia,Southeast Asia,horticulturalists,,"648,681,721",https://ehrafworldcultures.yale.edu/sres/0261043b-60ab-46c1-b455-43d41d237a5f
a964794e-8c74-46ac-912f-85bfaf79562a,"Sutlive, Vinson H.",Tun Jugah of Sarawak: colonialism and Iban response,1992,30,Monograph,Iban,Asia,Southeast Asia,horticulturalists,,"159,681,687,726",https://ehrafworldcultures.yale.edu/sres/a964794e-8c74-46ac-912f-85bfaf79562a
c6b33076-db98-47a8-b94b-2fd352cce3f9,"Sutlive, Vinson H.",Tun Jugah of Sarawak: colonialism and Iban response,1992,82,Monograph,Iban,Asia,Southeast Asia,horticulturalists,,"159,671,681,692",https://ehrafworldcultures.yale.edu/sres/c6b33076-db98-47a8-b94b-2fd352cce3f9
763cddaa-e8ab-478b-9936-1b098d9512f8,"Sutlive, Vinson H.",Tun Jugah of Sarawak: colonialism and Iban response,1992,82,Monograph,Iban,Asia,Southeast Asia,horticulturalists,,"159,671,681,692",https://ehrafworldcultures.yale.edu/sres/763cddaa-e8ab-478b-9936-1b098d9512f8
aa8ff742-20a5-4fb5-8aaa-2e3d18c7c3d2,"Sutlive, Vinson H.",Tun Jugah of Sarawak: colonialism and Iban response,1992,82,Monograph,Iban,Asia,Southeast Asia,horticulturalists,,"113,159,586,684,692",https://ehrafworldcultures.yale.edu/sres/aa8ff742-20a5-4fb5-8aaa-2e3d18c7c3d2
a3460159-1117-46f3-a098-087ac21b9f3b,"Sutlive, Vinson H.",Tun Jugah of Sarawak: colonialism and Iban response,1992,84,Monograph,Iban,Asia,Southeast Asia,horticulturalists,,"159,276,574,687",https://ehrafworldcultures.yale.edu/sres/a3460159-1117-46f3-a098-087ac21b9f3b
eb2464b3-6ea7-4ba3-883a-ed4682640c9b,"Sutlive, Vinson H.",Tun Jugah of Sarawak: colonialism and Iban response,1992,86,Monograph,Iban,Asia,Southeast Asia,horticulturalists,,"648,687",https://ehrafworldcultures.yale.edu/sres/eb2464b3-6ea7-4ba3-883a-ed4682640c9b
396e9c0d-01b0-4adc-88a3-deeb24ea8e40,"Sutlive, Vinson H.",Tun Jugah of Sarawak: colonialism and Iban response,1992,86,Monograph,Iban,Asia,Southeast Asia,horticulturalists,,"124,648,687",https://ehrafworldcultures.yale.edu/sres/396e9c0d-01b0-4adc-88a3-deeb24ea8e40
9cc2af75-270a-4994-a7a3-21fa16979401,"Sutlive, Vinson H.",Tun Jugah of Sarawak: colonialism and Iban response,1992,86,Monograph,Iban,Asia,Southeast Asia,horticulturalists,,"124,648,682,687",https://ehrafworldcultures.yale.edu/sres/9cc2af75-270a-4994-a7a3-21fa16979401
98c045d3-4fed-4699-9437-053990be6209,"Sutlive, Vinson H.",Tun Jugah of Sarawak: colonialism and Iban response,1992,86,Monograph,Iban,Asia,Southeast Asia,horticulturalists,,"124,648,682,687",https://ehrafworldcultures.yale.edu/sres/98c045d3-4fed-4699-9437-053990be6209
d2e8b58a-2fb1-452b-ab67-4f89402dd8f6,"Sutlive, Vinson H.",Tun Jugah of Sarawak: colonialism and Iban response,1992,86,Monograph,Iban,Asia,Southeast Asia,horticulturalists,,"648,682,687",https://ehrafworldcultures.yale.edu/sres/d2e8b58a-2fb1-452b-ab67-4f89402dd8f6
134bdbec-7151-49f6-ad21-1fda690599e6,"Sutlive, Vinson H.",Tun Jugah of Sarawak: colonialism and Iban response,1992,87,Monograph,Iban,Asia,Southeast Asia,horticulturalists,,"648,682,687",https://ehrafworldcultures.yale.edu/sres/134bdbec-7151-49f6-ad21-1fda690599e6
16f4d872-761d-4c00-910f-c89823596c67,"Sutlive, Vinson H.",Tun Jugah of Sarawak: colonialism and Iban response,1992,87,Monograph,Iban,Asia,Southeast Asia,horticulturalists,,"647,682,687",https://ehrafworldcultures.yale.edu/sres/16f4d872-761d-4c00-910f-c89823596c67
6a1c3c0f-d192-4774-b3aa-ffbfe065e8d6,"Sutlive, Vinson H.",Tun Jugah of Sarawak: colonialism and Iban response,1992,87,Monograph,Iban,Asia,Southeast Asia,horticulturalists,,"647,682,687",https://ehrafworldcultures.yale.edu/sres/6a1c3c0f-d192-4774-b3aa-ffbfe065e8d6
3b13ef17-3bc0-4a58-9626-c47c67ee8c61,"Sutlive, Vinson H.",Tun Jugah of Sarawak: colonialism and Iban response,1992,87,Monograph,Iban,Asia,Southeast Asia,horticulturalists,,"647,682,687",https://ehrafworldcultures.yale.edu/sres/3b13ef17-3bc0-4a58-9626-c47c67ee8c61
b294395f-c815-4ddb-9e6a-26b736d94ecc,"Sutlive, Vinson H.",Tun Jugah of Sarawak: colonialism and Iban response,1992,88,Monograph,Iban,Asia,Southeast Asia,horticulturalists,,"159,682,687",https://ehrafworldcultures.yale.edu/sres/b294395f-c815-4ddb-9e6a-26b736d94ecc
e1c170a5-2c34-4d2b-8eb0-9fed485ce74f,"Sutlive, Vinson H.",Tun Jugah of Sarawak: colonialism and Iban response,1992,114,Monograph,Iban,Asia,Southeast Asia,horticulturalists,,"648,681",https://ehrafworldcultures.yale.edu/sres/e1c170a5-2c34-4d2b-8eb0-9fed485ce74f
a7d0497f-f590-43bf-8e28-6c0b928cbe7b,"Sutlive, Vinson H.",Tun Jugah of Sarawak: colonialism and Iban response,1992,114,Monograph,Iban,Asia,Southeast Asia,horticulturalists,,"159,648,687",https://ehrafworldcultures.yale.edu/sres/a7d0497f-f590-43bf-8e28-6c0b928cbe7b
e2d9da24-b48b-4b07-9aab-df570f0f876e,"Sutlive, Vinson H.",Tun Jugah of Sarawak: colonialism and Iban response,1992,115,Monograph,Iban,Asia,Southeast Asia,horticulturalists,,"159,648,687",https://ehrafworldcultures.yale.edu/sres/e2d9da24-b48b-4b07-9aab-df570f0f876e
73cbe2fc-38ea-4457-815a-dd32e62d8cb8,"Sutlive, Vinson H.",Tun Jugah of Sarawak: colonialism and Iban response,1992,115,Monograph,Iban,Asia,Southeast Asia,horticulturalists,,"124,159,648,687",https://ehrafworldcultures.yale.edu/sres/73cbe2fc-38ea-4457-815a-dd32e62d8cb8
c8c3c73b-5f32-412c-9c05-68b9cae4f334,"Sutlive, Vinson H.",Tun Jugah of Sarawak: colonialism and Iban response,1992,115,Monograph,Iban,Asia,Southeast Asia,horticulturalists,,"159,648,687",https://ehrafworldcultures.yale.edu/sres/c8c3c73b-5f32-412c-9c05-68b9cae4f334
50ae2a95-ed7a-48a0-8510-f9782d7a81b6,"Sutlive, Vinson H.",Tun Jugah of Sarawak: colonialism and Iban response,1992,115,Monograph,Iban,Asia,Southeast Asia,horticulturalists,,"159,648,687",https://ehrafworldcultures.yale.edu/sres/50ae2a95-ed7a-48a0-8510-f9782d7a81b6
f791717f-f6f7-4d86-bf9c-4bea9aba30ad,"Sutlive, Vinson H.",Tun Jugah of Sarawak: colonialism and Iban response,1992,115,Monograph,Iban,Asia,Southeast Asia,horticulturalists,,"159,648,687",https://ehrafworldcultures.yale.edu/sres/f791717f-f6f7-4d86-bf9c-4bea9aba30ad
96bbebc7-1377-4244-8d17-96cc7e0f4dbc,"Sutlive, Vinson H.",Tun Jugah of Sarawak: colonialism and Iban response,1992,115,Monograph,Iban,Asia,Southeast Asia,horticulturalists,,"159,648,687,703",https://ehrafworldcultures.yale.edu/sres/96bbebc7-1377-4244-8d17-96cc7e0f4dbc
fc5796b8-5209-4c9c-8946-3ec0b6312a44,"Sutlive, Vinson H.",Tun Jugah of Sarawak: colonialism and Iban response,1992,125,Monograph,Iban,Asia,Southeast Asia,horticulturalists,,"464,634,647,671,681,796",https://ehrafworldcultures.yale.edu/sres/fc5796b8-5209-4c9c-8946-3ec0b6312a44
2fd3a25b-9c6d-4d27-ba5a-2867107314e0,"Sutlive, Vinson H.",Tun Jugah of Sarawak: colonialism and Iban response,1992,159,Monograph,Iban,Asia,Southeast Asia,horticulturalists,,"648,687,797",https://ehrafworldcultures.yale.edu/sres/2fd3a25b-9c6d-4d27-ba5a-2867107314e0
f5e3f23b-5762-4487-9995-eb1919997559,"Sutlive, Vinson H.",Tun Jugah of Sarawak: colonialism and Iban response,1992,248,Monograph,Iban,Asia,Southeast Asia,horticulturalists,,"159,578,635,683",https://ehrafworldcultures.yale.edu/sres/f5e3f23b-5762-4487-9995-eb1919997559
c01e7194-5399-4cee-bb65-c2cbbc788144,"Sutlive, Vinson H.",Tun Jugah of Sarawak: colonialism and Iban response,1992,295,Monograph,Iban,Asia,Southeast Asia,horticulturalists,,"578,683",https://ehrafworldcultures.yale.edu/sres/c01e7194-5399-4cee-bb65-c2cbbc788144
eb5fe2d9-c87e-48e6-85d9-96c18880957d,"Sutlive, Vinson H.",Tun Jugah of Sarawak: colonialism and Iban response,1992,296,Monograph,Iban,Asia,Southeast Asia,horticulturalists,,"578,685",https://ehrafworldcultures.yale.edu/sres/eb5fe2d9-c87e-48e6-85d9-96c18880957d
b71e9939-b5d6-491c-b5b5-6acf04583832,"Sutlive, Vinson H.",Tun Jugah of Sarawak: colonialism and Iban response,1992,296,Monograph,Iban,Asia,Southeast Asia,horticulturalists,,"578,682,692",https://ehrafworldcultures.yale.edu/sres/b71e9939-b5d6-491c-b5b5-6acf04583832
0dd936eb-d164-406e-b624-8b1ad074fb74,"Sutlive, Vinson H.",Tun Jugah of Sarawak: colonialism and Iban response,1992,301,Monograph,Iban,Asia,Southeast Asia,horticulturalists,,"159,584,685,829",https://ehrafworldcultures.yale.edu/sres/0dd936eb-d164-406e-b624-8b1ad074fb74
6ced81a0-0c83-490c-adf3-ebe81deccdbd,"Sutlive, Vinson H.",Tun Jugah of Sarawak: colonialism and Iban response,1992,301,Monograph,Iban,Asia,Southeast Asia,horticulturalists,,"159,584,685,829",https://ehrafworldcultures.yale.edu/sres/6ced81a0-0c83-490c-adf3-ebe81deccdbd
b98cdfa2-3c0d-4387-a733-d1b489d26ea8,"Sutlive, Vinson H.",Tun Jugah of Sarawak: colonialism and Iban response,1992,301,Monograph,Iban,Asia,Southeast Asia,horticulturalists,,"159,584,685,821,829",https://ehrafworldcultures.yale.edu/sres/b98cdfa2-3c0d-4387-a733-d1b489d26ea8
a34f31c5-d225-41ea-99bd-4ca20dbbb242,"Sutlive, Vinson H.",Tun Jugah of Sarawak: colonialism and Iban response,1992,301,Monograph,Iban,Asia,Southeast Asia,horticulturalists,,"178,584,689,829",https://ehrafworldcultures.yale.edu/sres/a34f31c5-d225-41ea-99bd-4ca20dbbb242
a8b5d2fd-0e26-4ffa-96f3-08574641a801,"Howell, William","A Sea Dyak dictionary: in alphabetical parts, with examples
         and quotations showing the use and meaning of words",1900,20,"Component part(s), monograph",Iban,Asia,Southeast Asia,horticulturalists,,681,https://ehrafworldcultures.yale.edu/sres/a8b5d2fd-0e26-4ffa-96f3-08574641a801
3e82457b-928d-4dd0-9670-84189f0ef11f,"Howell, William","A Sea Dyak dictionary: in alphabetical parts, with examples
         and quotations showing the use and meaning of words",1900,21,"Component part(s), monograph",Iban,Asia,Southeast Asia,horticulturalists,,681,https://ehrafworldcultures.yale.edu/sres/3e82457b-928d-4dd0-9670-84189f0ef11f
87ff7071-cd3d-4fcb-96d0-46bdaf71c410,"Howell, William","A Sea Dyak dictionary: in alphabetical parts, with examples
         and quotations showing the use and meaning of words",1900,21,"Component part(s), monograph",Iban,Asia,Southeast Asia,horticulturalists,,681,https://ehrafworldcultures.yale.edu/sres/87ff7071-cd3d-4fcb-96d0-46bdaf71c410
6cfbeed7-876d-4ccd-92c0-a6cafa63fe5e,"Howell, William","A Sea Dyak dictionary: in alphabetical parts, with examples
         and quotations showing the use and meaning of words",1900,21,"Component part(s), monograph",Iban,Asia,Southeast Asia,horticulturalists,,681,https://ehrafworldcultures.yale.edu/sres/6cfbeed7-876d-4ccd-92c0-a6cafa63fe5e
042637d7-9f03-4e22-86a3-cd1a91682578,"Howell, William","A Sea Dyak dictionary: in alphabetical parts, with examples
         and quotations showing the use and meaning of words",1900,22,"Component part(s), monograph",Iban,Asia,Southeast Asia,horticulturalists,,681,https://ehrafworldcultures.yale.edu/sres/042637d7-9f03-4e22-86a3-cd1a91682578
c5b9d2ff-de2c-4830-92f9-e7e69a072872,"Howell, William","A Sea Dyak dictionary: in alphabetical parts, with examples
         and quotations showing the use and meaning of words",1900,22,"Component part(s), monograph",Iban,Asia,Southeast Asia,horticulturalists,,"164,192,681",https://ehrafworldcultures.yale.edu/sres/c5b9d2ff-de2c-4830-92f9-e7e69a072872
052c2a8e-d71f-46fa-971f-129128ebe00e,"Wagner, Ulla",Colonialism and Iban warfare,1972,72,Monograph,Iban,Asia,Southeast Asia,horticulturalists,,"648,651,656,657,681",https://ehrafworldcultures.yale.edu/sres/052c2a8e-d71f-46fa-971f-129128ebe00e
20c4110d-ef64-4e8f-8d3d-44e3991c8134,"Wagner, Ulla",Colonialism and Iban warfare,1972,83,Monograph,Iban,Asia,Southeast Asia,horticulturalists,,"113,241,342,361,423,484,592,681",https://ehrafworldcultures.yale.edu/sres/20c4110d-ef64-4e8f-8d3d-44e3991c8134
695701ac-4407-4172-8b73-36badefbb62e,"Wagner, Ulla",Colonialism and Iban warfare,1972,99,Monograph,Iban,Asia,Southeast Asia,horticulturalists,,"361,592,688",https://ehrafworldcultures.yale.edu/sres/695701ac-4407-4172-8b73-36badefbb62e
60c313e9-58dc-4951-a9e0-3cdf52fe5b51,"Wagner, Ulla",Colonialism and Iban warfare,1972,99,Monograph,Iban,Asia,Southeast Asia,horticulturalists,,"113,361,592,688",https://ehrafworldcultures.yale.edu/sres/60c313e9-58dc-4951-a9e0-3cdf52fe5b51
bfeb997a-6712-4989-9b6c-d58885d2136a,"Wagner, Ulla",Colonialism and Iban warfare,1972,134,Monograph,Iban,Asia,Southeast Asia,horticulturalists,,"000,342,592,602,621,622,671,681,701",https://ehrafworldcultures.yale.edu/sres/bfeb997a-6712-4989-9b6c-d58885d2136a
a6b70b49-7976-4f53-893a-80051c7c3e26,"Wagner, Ulla",Colonialism and Iban warfare,1972,155,Monograph,Iban,Asia,Southeast Asia,horticulturalists,,"423,578,682",https://ehrafworldcultures.yale.edu/sres/a6b70b49-7976-4f53-893a-80051c7c3e26
6f329a89-2976-446a-b7c5-afe5a806695f,"Wagner, Ulla",Colonialism and Iban warfare,1972,159,Monograph,Iban,Asia,Southeast Asia,horticulturalists,,"484,486,648,681",https://ehrafworldcultures.yale.edu/sres/6f329a89-2976-446a-b7c5-afe5a806695f
d09afce4-16fb-4c5a-a3bf-a8798de75ecc,"Wagner, Ulla",Colonialism and Iban warfare,1972,159,Monograph,Iban,Asia,Southeast Asia,horticulturalists,,"554,648,681,721,726",https://ehrafworldcultures.yale.edu/sres/d09afce4-16fb-4c5a-a3bf-a8798de75ecc
8cb55734-2564-45be-81e4-639f60b359e1,"Wagner, Ulla",Colonialism and Iban warfare,1972,37,Monograph,Iban,Asia,Southeast Asia,horticulturalists,,"146,634,635,647,648,681",https://ehrafworldcultures.yale.edu/sres/8cb55734-2564-45be-81e4-639f60b359e1
d2bea2e2-9220-4fa0-86aa-18e57f6054e0,"Wagner, Ulla",Colonialism and Iban warfare,1972,40,Monograph,Iban,Asia,Southeast Asia,horticulturalists,,"648,681,721",https://ehrafworldcultures.yale.edu/sres/d2bea2e2-9220-4fa0-86aa-18e57f6054e0
0502a9f9-d2a7-49b8-be37-825621fa8f93,"Wagner, Ulla",Colonialism and Iban warfare,1972,40,Monograph,Iban,Asia,Southeast Asia,horticulturalists,,"648,681,721",https://ehrafworldcultures.yale.edu/sres/0502a9f9-d2a7-49b8-be37-825621fa8f93
aa764437-5d8a-4c3d-acc7-208bf25ab948,"Wagner, Ulla",Colonialism and Iban warfare,1972,40,Monograph,Iban,Asia,Southeast Asia,horticulturalists,,"648,681,721",https://ehrafworldcultures.yale.edu/sres/aa764437-5d8a-4c3d-acc7-208bf25ab948
d3324970-bad4-46df-b37a-dbed2478c8fb,"Wagner, Ulla",Colonialism and Iban warfare,1972,40,Monograph,Iban,Asia,Southeast Asia,horticulturalists,,"647,648,651,681,691,692,695",https://ehrafworldcultures.yale.edu/sres/d3324970-bad4-46df-b37a-dbed2478c8fb
b9d92347-e671-47ff-82e4-d5f645ee1f27,"Wagner, Ulla",Colonialism and Iban warfare,1972,56,Monograph,Iban,Asia,Southeast Asia,horticulturalists,,"113,164,165,648,681,726,731",https://ehrafworldcultures.yale.edu/sres/b9d92347-e671-47ff-82e4-d5f645ee1f27
36c70e47-2331-4449-9938-f4d9328e9f11,"Wagner, Ulla",Colonialism and Iban warfare,1972,66,Monograph,Iban,Asia,Southeast Asia,horticulturalists,,"648,652,681,721,726",https://ehrafworldcultures.yale.edu/sres/36c70e47-2331-4449-9938-f4d9328e9f11
722e0025-0925-4be2-9136-e5b5c17935cc,"Wagner, Ulla",Colonialism and Iban warfare,1972,162,Monograph,Iban,Asia,Southeast Asia,horticulturalists,,"177,178,484,648,681,721",https://ehrafworldcultures.yale.edu/sres/722e0025-0925-4be2-9136-e5b5c17935cc
0c48a277-c671-4de6-9c9c-9ba38fca2092,"Wagner, Ulla",Colonialism and Iban warfare,1972,167,Monograph,Iban,Asia,Southeast Asia,horticulturalists,,"681,721",https://ehrafworldcultures.yale.edu/sres/0c48a277-c671-4de6-9c9c-9ba38fca2092
ed7a0fab-9fdf-49de-8f25-b5e549e47019,"Wagner, Ulla",Colonialism and Iban warfare,1972,167,Monograph,Iban,Asia,Southeast Asia,horticulturalists,,"648,681,721",https://ehrafworldcultures.yale.edu/sres/ed7a0fab-9fdf-49de-8f25-b5e549e47019
be38c9a7-cb4d-46c4-8bd7-fd63309d3ff3,"Wagner, Ulla",Colonialism and Iban warfare,1972,168,Monograph,Iban,Asia,Southeast Asia,horticulturalists,,"648,681,721",https://ehrafworldcultures.yale.edu/sres/be38c9a7-cb4d-46c4-8bd7-fd63309d3ff3
b5efb25f-d43c-429c-bd83-b1c0aca9aadf,"Wagner, Ulla",Colonialism and Iban warfare,1972,168,Monograph,Iban,Asia,Southeast Asia,horticulturalists,,"113,166,182,648,681,721",https://ehrafworldcultures.yale.edu/sres/b5efb25f-d43c-429c-bd83-b1c0aca9aadf
f690d50f-9350-4edf-98d1-b2b207976e6c,"Wagner, Ulla",Colonialism and Iban warfare,1972,169,Monograph,Iban,Asia,Southeast Asia,horticulturalists,,"648,681,721,728",https://ehrafworldcultures.yale.edu/sres/f690d50f-9350-4edf-98d1-b2b207976e6c
2f4aa16b-7824-4773-a452-6ecc80466d4f,"Wagner, Ulla",Colonialism and Iban warfare,1972,179,Monograph,Iban,Asia,Southeast Asia,horticulturalists,,"178,657,681",https://ehrafworldcultures.yale.edu/sres/2f4aa16b-7824-4773-a452-6ecc80466d4f
9c803e9b-ed68-4fab-8cd6-816d436df322,"Gomes, Edwin H.","Seventeen years among the Sea Dyaks of Borneo: a record of
         intimate association with the natives of the Bornean jungles",1911,321,Monograph,Iban,Asia,Southeast Asia,horticulturalists,,"606,689",https://ehrafworldcultures.yale.edu/sres/9c803e9b-ed68-4fab-8cd6-816d436df322
5e26eb0e-1e76-4ce0-b34d-ad58d464e032,"Gomes, Edwin H.","Seventeen years among the Sea Dyaks of Borneo: a record of
         intimate association with the natives of the Bornean jungles",1911,69,Monograph,Iban,Asia,Southeast Asia,horticulturalists,,684,https://ehrafworldcultures.yale.edu/sres/5e26eb0e-1e76-4ce0-b34d-ad58d464e032
10ce31a7-6f7e-4d6e-ad80-db328198b3cf,"Gomes, Edwin H.","Seventeen years among the Sea Dyaks of Borneo: a record of
         intimate association with the natives of the Bornean jungles",1911,69,Monograph,Iban,Asia,Southeast Asia,horticulturalists,,684,https://ehrafworldcultures.yale.edu/sres/10ce31a7-6f7e-4d6e-ad80-db328198b3cf
f694e52f-3136-4b41-b501-635b7ce835a6,"Gomes, Edwin H.","Seventeen years among the Sea Dyaks of Borneo: a record of
         intimate association with the natives of the Bornean jungles",1911,95,Monograph,Iban,Asia,Southeast Asia,horticulturalists,,"567,685",https://ehrafworldcultures.yale.edu/sres/f694e52f-3136-4b41-b501-635b7ce835a6
c91136f8-6030-4401-8346-027513b87b0a,"Gomes, Edwin H.","Seventeen years among the Sea Dyaks of Borneo: a record of
         intimate association with the natives of the Bornean jungles",1911,121,Monograph,Iban,Asia,Southeast Asia,horticulturalists,,"431,584,686",https://ehrafworldcultures.yale.edu/sres/c91136f8-6030-4401-8346-027513b87b0a
2c26f290-6cd5-4462-9d80-2b7ddef4826c,"Gomes, Edwin H.","Seventeen years among the Sea Dyaks of Borneo: a record of
         intimate association with the natives of the Bornean jungles",1911,191,Monograph,Iban,Asia,Southeast Asia,horticulturalists,,"201,689,758",https://ehrafworldcultures.yale.edu/sres/2c26f290-6cd5-4462-9d80-2b7ddef4826c
8ee55a00-8e6f-48b7-befe-5f7f1e009057,"Jensen, Erik, 1906-",The Iban and their religion,1974,168,Monograph,Iban,Asia,Southeast Asia,horticulturalists,,"243,688,788",https://ehrafworldcultures.yale.edu/sres/8ee55a00-8e6f-48b7-befe-5f7f1e009057
15e6e7b9-d542-49ab-848a-e1b22d009e68,"Jensen, Erik, 1906-",The Iban and their religion,1974,174,Monograph,Iban,Asia,Southeast Asia,horticulturalists,,"243,262,515,685,784,787",https://ehrafworldcultures.yale.edu/sres/15e6e7b9-d542-49ab-848a-e1b22d009e68
bb1d2c7a-42b4-4b92-8897-98c125815134,"Low, Hugh Brooke","The natives of Borneo: edited from the papers of the late
         Brooke Low, Esq.",1892,119,Journal Article,Iban,Asia,Southeast Asia,horticulturalists,,"588,688,756,787,838",https://ehrafworldcultures.yale.edu/sres/bb1d2c7a-42b4-4b92-8897-98c125815134
b7ac0770-f630-4bd4-8c24-e000c6657494,"Low, Hugh Brooke","The natives of Borneo: edited from the papers of the late
         Brooke Low, Esq.",1892,122,Journal Article,Iban,Asia,Southeast Asia,horticulturalists,,"587,684,765,766",https://ehrafworldcultures.yale.edu/sres/b7ac0770-f630-4bd4-8c24-e000c6657494
65f60021-fbfa-4891-a410-9b671a4675e7,"Low, Hugh Brooke","The natives of Borneo: edited from the papers of the late
         Brooke Low, Esq.",1892,130,Journal Article,Iban,Asia,Southeast Asia,horticulturalists,,"152,582,684,762,834",https://ehrafworldcultures.yale.edu/sres/65f60021-fbfa-4891-a410-9b671a4675e7
21d2d5fc-0a5a-4ff1-b1e0-a7d48010935a,"Low, Hugh Brooke","The natives of Borneo: edited from the papers of the late
         Brooke Low, Esq.",1892,131,Journal Article,Iban,Asia,Southeast Asia,horticulturalists,,"684,832",https://ehrafworldcultures.yale.edu/sres/21d2d5fc-0a5a-4ff1-b1e0-a7d48010935a
bd7decea-9f1d-42ed-bc4a-8977cb75cb1f,"Low, Hugh Brooke","The natives of Borneo: edited from the papers of the late
         Brooke Low, Esq.",1892,131,Journal Article,Iban,Asia,Southeast Asia,horticulturalists,,"586,684,787,837",https://ehrafworldcultures.yale.edu/sres/bd7decea-9f1d-42ed-bc4a-8977cb75cb1f
4182d52d-b0ad-4125-97f8-05f4cb737691,"Low, Hugh Brooke","The natives of Borneo: edited from the papers of the late
         Brooke Low, Esq.",1892,132,Journal Article,Iban,Asia,Southeast Asia,horticulturalists,,"587,684,765",https://ehrafworldcultures.yale.edu/sres/4182d52d-b0ad-4125-97f8-05f4cb737691
f1728691-4b29-4cec-bbb5-3ed43da3ce6b,"Jensen, Erik, 1906-",The Iban and their religion,1974,[p.23],Monograph,Iban,Asia,Southeast Asia,horticulturalists,,"178,554,631,681,692,693",https://ehrafworldcultures.yale.edu/sres/f1728691-4b29-4cec-bbb5-3ed43da3ce6b
f77dfdc5-8e9e-44c5-af6e-afa0df971afc,"Jensen, Erik, 1906-",The Iban and their religion,1974,29,Monograph,Iban,Asia,Southeast Asia,horticulturalists,,"342,656,681",https://ehrafworldcultures.yale.edu/sres/f77dfdc5-8e9e-44c5-af6e-afa0df971afc
9fc5ca80-a163-4f37-8308-e59c51797d37,"Jensen, Erik, 1906-",The Iban and their religion,1974,39,Monograph,Iban,Asia,Southeast Asia,horticulturalists,,"582,601,671,684,773,835",https://ehrafworldcultures.yale.edu/sres/9fc5ca80-a163-4f37-8308-e59c51797d37
c7f68848-94ca-4d63-ba1e-939e1e7ced6e,"Jensen, Erik, 1906-",The Iban and their religion,1974,39,Monograph,Iban,Asia,Southeast Asia,horticulturalists,,"582,681,684,835,848",https://ehrafworldcultures.yale.edu/sres/c7f68848-94ca-4d63-ba1e-939e1e7ced6e
180a954f-444c-4291-ac36-99fc3c134afe,"Jensen, Erik, 1906-",The Iban and their religion,1974,40,Monograph,Iban,Asia,Southeast Asia,horticulturalists,,"582,601,681,835",https://ehrafworldcultures.yale.edu/sres/180a954f-444c-4291-ac36-99fc3c134afe
5db509a6-bb77-4bc4-ad11-417f99e0413d,"Jensen, Erik, 1906-",The Iban and their religion,1974,75,Monograph,Iban,Asia,Southeast Asia,horticulturalists,,"539,684,773,824",https://ehrafworldcultures.yale.edu/sres/5db509a6-bb77-4bc4-ad11-417f99e0413d
322cc165-4e29-4df6-a0cf-291df98c0347,"Jensen, Erik, 1906-",The Iban and their religion,1974,89,Monograph,Iban,Asia,Southeast Asia,horticulturalists,,"539,582,684,773,782,835",https://ehrafworldcultures.yale.edu/sres/322cc165-4e29-4df6-a0cf-291df98c0347
f2c36931-69a8-4027-95a9-e23bfdd9103e,"Jensen, Erik, 1906-",The Iban and their religion,1974,113,Monograph,Iban,Asia,Southeast Asia,horticulturalists,,"682,772,812,820,835",https://ehrafworldcultures.yale.edu/sres/f2c36931-69a8-4027-95a9-e23bfdd9103e
34c363de-430f-4f01-affe-c85ecabc4059,"Jensen, Erik, 1906-",The Iban and their religion,1974,113,Monograph,Iban,Asia,Southeast Asia,horticulturalists,,"688,772,812",https://ehrafworldcultures.yale.edu/sres/34c363de-430f-4f01-affe-c85ecabc4059
255dc157-9d31-4c4c-8ca1-13690d864021,"Benedict Sandin, 1918-","Iban way of life: a translation from Tusun
                        Pandiau",1976,15,Monograph,Iban,Asia,Southeast Asia,horticulturalists,,"484,556,567,581,584,681,721,883",https://ehrafworldcultures.yale.edu/sres/255dc157-9d31-4c4c-8ca1-13690d864021
06cc6396-e2ee-4872-b087-148cfbfa489b,"Benedict Sandin, 1918-","Iban way of life: a translation from Tusun
                        Pandiau",1976,35,Monograph,Iban,Asia,Southeast Asia,horticulturalists,,"583,586,684",https://ehrafworldcultures.yale.edu/sres/06cc6396-e2ee-4872-b087-148cfbfa489b
3280463f-14bb-4e45-b2c0-b3a337dece00,"Benedict Sandin, 1918-","Iban way of life: a translation from Tusun
                        Pandiau",1976,61,Monograph,Iban,Asia,Southeast Asia,horticulturalists,,"681,765",https://ehrafworldcultures.yale.edu/sres/3280463f-14bb-4e45-b2c0-b3a337dece00
153cd26a-ab0e-4661-9f88-c74de6753cb9,"Benedict Sandin, 1918-","Iban way of life: a translation from Tusun
                        Pandiau",1976,62,Monograph,Iban,Asia,Southeast Asia,horticulturalists,,"684,765",https://ehrafworldcultures.yale.edu/sres/153cd26a-ab0e-4661-9f88-c74de6753cb9
1df46624-23f2-4386-a968-803fc4827e8d,"Cramb, R. A. (Rob A.), 1951-",The evolution of Iban land tenure,1986,10,Monograph,Iban,Asia,Southeast Asia,horticulturalists,,"411,423,554,556,578,682,726",https://ehrafworldcultures.yale.edu/sres/1df46624-23f2-4386-a968-803fc4827e8d
f2ddb3fe-b1a8-4265-aa69-d136389bf0da,"Kedit, Peter M. (Peter Mulok), 1941-","Meanwhile, back home…BEJALAI and its effects on Iban men and
         women",1991,313,Essay,Iban,Asia,Southeast Asia,horticulturalists,,"484,586,587,684",https://ehrafworldcultures.yale.edu/sres/f2ddb3fe-b1a8-4265-aa69-d136389bf0da
38ac4395-13ac-4f98-9d3b-01a05e3737d6,"Kedit, Peter M. (Peter Mulok), 1941-","Meanwhile, back home…BEJALAI and its effects on Iban men and
         women",1991,313,Essay,Iban,Asia,Southeast Asia,horticulturalists,,"484,586,587,684",https://ehrafworldcultures.yale.edu/sres/38ac4395-13ac-4f98-9d3b-01a05e3737d6
ac0a9d38-62d3-4bab-ae54-35022bf449c9,"Kedit, Peter M. (Peter Mulok), 1941-","Meanwhile, back home…BEJALAI and its effects on Iban men and
         women",1991,313,Essay,Iban,Asia,Southeast Asia,horticulturalists,,"484,586,587,684",https://ehrafworldcultures.yale.edu/sres/ac0a9d38-62d3-4bab-ae54-35022bf449c9
c773e9bc-f30d-471d-803d-5fcaa006299c,"Kedit, Peter M. (Peter Mulok), 1941-","Meanwhile, back home…BEJALAI and its effects on Iban men and
         women",1991,314,Essay,Iban,Asia,Southeast Asia,horticulturalists,,"484,586,587,684",https://ehrafworldcultures.yale.edu/sres/c773e9bc-f30d-471d-803d-5fcaa006299c
130e71cb-ae11-43af-8d45-0e4bf258e91a,"Kedit, Peter M. (Peter Mulok), 1941-","Meanwhile, back home…BEJALAI and its effects on Iban men and
         women",1991,314,Essay,Iban,Asia,Southeast Asia,horticulturalists,,"484,586,587,684",https://ehrafworldcultures.yale.edu/sres/130e71cb-ae11-43af-8d45-0e4bf258e91a
a8a753ea-7e32-44b4-9295-c2734fe4d074,"Benedict Sandin, 1918-",The Sea Dayaks of Borneo: before white rajah rule,1967,7,Monograph,Iban,Asia,Southeast Asia,horticulturalists,,"166,173,551,682",https://ehrafworldcultures.yale.edu/sres/a8a753ea-7e32-44b4-9295-c2734fe4d074
fe600cf2-0f7e-4baa-8fce-b5e11dc68e8c,"Benedict Sandin, 1918-",The Sea Dayaks of Borneo: before white rajah rule,1967,8,Monograph,Iban,Asia,Southeast Asia,horticulturalists,,"173,628,682,692",https://ehrafworldcultures.yale.edu/sres/fe600cf2-0f7e-4baa-8fce-b5e11dc68e8c
2f66116c-47cb-4345-9352-f26e402a8e4f,"Benedict Sandin, 1918-",The Sea Dayaks of Borneo: before white rajah rule,1967,8,Monograph,Iban,Asia,Southeast Asia,horticulturalists,,"173,628,682,692",https://ehrafworldcultures.yale.edu/sres/2f66116c-47cb-4345-9352-f26e402a8e4f
ea9d6b71-b698-4ee8-90b4-7be350b41370,"Benedict Sandin, 1918-",The Sea Dayaks of Borneo: before white rajah rule,1967,8,Monograph,Iban,Asia,Southeast Asia,horticulturalists,,"173,628,682,692",https://ehrafworldcultures.yale.edu/sres/ea9d6b71-b698-4ee8-90b4-7be350b41370
71e40907-ecf9-4298-bae9-d56698a75ab0,"Benedict Sandin, 1918-",The Sea Dayaks of Borneo: before white rajah rule,1967,8,Monograph,Iban,Asia,Southeast Asia,horticulturalists,,"173,628,682,692",https://ehrafworldcultures.yale.edu/sres/71e40907-ecf9-4298-bae9-d56698a75ab0
90aad3e7-1968-4a5f-9dfa-60d757ae267b,"Benedict Sandin, 1918-",The Sea Dayaks of Borneo: before white rajah rule,1967,9,Monograph,Iban,Asia,Southeast Asia,horticulturalists,,"173,682",https://ehrafworldcultures.yale.edu/sres/90aad3e7-1968-4a5f-9dfa-60d757ae267b
02ce3a4c-1a33-4c9b-a5ce-a9532635b67c,"Benedict Sandin, 1918-",The Sea Dayaks of Borneo: before white rajah rule,1967,9,Monograph,Iban,Asia,Southeast Asia,horticulturalists,,"173,682,684,685",https://ehrafworldcultures.yale.edu/sres/02ce3a4c-1a33-4c9b-a5ce-a9532635b67c
06fad3ef-7a59-493f-b1db-ebb7dd4c3416,"Benedict Sandin, 1918-",The Sea Dayaks of Borneo: before white rajah rule,1967,9,Monograph,Iban,Asia,Southeast Asia,horticulturalists,,"173,682,692",https://ehrafworldcultures.yale.edu/sres/06fad3ef-7a59-493f-b1db-ebb7dd4c3416
d6ec63f2-8308-4879-bf6b-d31627e55b9c,"Benedict Sandin, 1918-",The Sea Dayaks of Borneo: before white rajah rule,1967,11,Monograph,Iban,Asia,Southeast Asia,horticulturalists,,"173,584,686,756",https://ehrafworldcultures.yale.edu/sres/d6ec63f2-8308-4879-bf6b-d31627e55b9c
be3bb65e-8f25-4c55-bd85-1deb6b0d8705,"Benedict Sandin, 1918-",The Sea Dayaks of Borneo: before white rajah rule,1967,43,Monograph,Iban,Asia,Southeast Asia,horticulturalists,,"173,435,556,578,683",https://ehrafworldcultures.yale.edu/sres/be3bb65e-8f25-4c55-bd85-1deb6b0d8705
f000be04-e4ca-4111-afdd-d22c4f68ded8,"Benedict Sandin, 1918-",The Sea Dayaks of Borneo: before white rajah rule,1967,43,Monograph,Iban,Asia,Southeast Asia,horticulturalists,,"173,578,683",https://ehrafworldcultures.yale.edu/sres/f000be04-e4ca-4111-afdd-d22c4f68ded8
b0d4133e-b0f8-43a2-afcd-e55e305c6457,"Benedict Sandin, 1918-",The Sea Dayaks of Borneo: before white rajah rule,1967,43,Monograph,Iban,Asia,Southeast Asia,horticulturalists,,"173,578,683",https://ehrafworldcultures.yale.edu/sres/b0d4133e-b0f8-43a2-afcd-e55e305c6457
c53f2cbc-d13d-4b86-b099-d007c528522a,"Benedict Sandin, 1918-",The Sea Dayaks of Borneo: before white rajah rule,1967,48,Monograph,Iban,Asia,Southeast Asia,horticulturalists,,"173,688,727,756",https://ehrafworldcultures.yale.edu/sres/c53f2cbc-d13d-4b86-b099-d007c528522a
78b763f0-9153-438b-b54a-622e26a82b98,"Benedict Sandin, 1918-",The Sea Dayaks of Borneo: before white rajah rule,1967,82,Monograph,Iban,Asia,Southeast Asia,horticulturalists,,"173,578,682",https://ehrafworldcultures.yale.edu/sres/78b763f0-9153-438b-b54a-622e26a82b98
1182223c-cd04-43fb-ad25-5df7183c53ff,"Freeman, Derek","Report on the Iban of Sarawak: Vol. 1: Iban social
         organization",1955,30,Monograph,Iban,Asia,Southeast Asia,horticulturalists,,"567,684,783,835",https://ehrafworldcultures.yale.edu/sres/1182223c-cd04-43fb-ad25-5df7183c53ff
afe2a295-8c93-4c98-8122-152a3cef4d54,"Freeman, Derek","Report on the Iban of Sarawak: Vol. 1: Iban social
         organization",1955,51,Monograph,Iban,Asia,Southeast Asia,horticulturalists,,"621,672,688,783,827",https://ehrafworldcultures.yale.edu/sres/afe2a295-8c93-4c98-8122-152a3cef4d54
a03c24a7-7a2c-421f-aaa9-6e5f82722639,"Freeman, Derek","Report on the Iban of Sarawak: Vol. 1: Iban social
         organization",1955,52,Monograph,Iban,Asia,Southeast Asia,horticulturalists,,"521,576,688,776,784",https://ehrafworldcultures.yale.edu/sres/a03c24a7-7a2c-421f-aaa9-6e5f82722639
699d4af0-ee18-4239-a089-c351cb34566d,"Padoch, Christine","Migration and its alternatives among the Iban of
         Sarawak",1982,29,Monograph,Iban,Asia,Southeast Asia,horticulturalists,,"166,185,648,656,659,681",https://ehrafworldcultures.yale.edu/sres/699d4af0-ee18-4239-a089-c351cb34566d
2aaf5e67-c0bb-47b8-a44a-b21a815c3ee6,"Padoch, Christine","Migration and its alternatives among the Iban of
         Sarawak",1982,31,Monograph,Iban,Asia,Southeast Asia,horticulturalists,,"166,185,656,659,681",https://ehrafworldcultures.yale.edu/sres/2aaf5e67-c0bb-47b8-a44a-b21a815c3ee6
9c53d1e8-6445-4817-8604-baa6e4b6786e,"Padoch, Christine","Migration and its alternatives among the Iban of
         Sarawak",1982,31,Monograph,Iban,Asia,Southeast Asia,horticulturalists,,"166,185,656,659,681",https://ehrafworldcultures.yale.edu/sres/9c53d1e8-6445-4817-8604-baa6e4b6786e
26587623-ba2c-43b1-8440-6b6177d030ab,"Padoch, Christine","Migration and its alternatives among the Iban of
         Sarawak",1982,31,Monograph,Iban,Asia,Southeast Asia,horticulturalists,,"166,241,681",https://ehrafworldcultures.yale.edu/sres/26587623-ba2c-43b1-8440-6b6177d030ab
d0b05533-33a3-4aac-a73e-a201d0a5adc0,"Padoch, Christine","Migration and its alternatives among the Iban of
         Sarawak",1982,101,Monograph,Iban,Asia,Southeast Asia,horticulturalists,,"674,682,692,847",https://ehrafworldcultures.yale.edu/sres/d0b05533-33a3-4aac-a73e-a201d0a5adc0
c7c115e3-16c2-4dbd-98a6-d73e2a8f917b,"Padoch, Christine","Migration and its alternatives among the Iban of
         Sarawak",1982,[p.106],Monograph,Iban,Asia,Southeast Asia,horticulturalists,,"177,426,439,681",https://ehrafworldcultures.yale.edu/sres/c7c115e3-16c2-4dbd-98a6-d73e2a8f917b
f6b8df54-6297-48d7-bcce-a14a3e21c506,"Freeman, Derek","Iban agriculture: a report on the shifting cultivation of hill
         rice by the Iban of Sarawak",1955,3,Monograph,Iban,Asia,Southeast Asia,horticulturalists,,"252,342,412,423,685",https://ehrafworldcultures.yale.edu/sres/f6b8df54-6297-48d7-bcce-a14a3e21c506
97e8600f-74c7-4755-9655-196c02a641de,"Freeman, Derek","Iban agriculture: a report on the shifting cultivation of hill
         rice by the Iban of Sarawak",1955,21,Monograph,Iban,Asia,Southeast Asia,horticulturalists,,"243,342,425,476,685,691",https://ehrafworldcultures.yale.edu/sres/97e8600f-74c7-4755-9655-196c02a641de
73e9941a-3e6d-4391-9a30-cd01a3ad36b5,"Freeman, Derek","Iban agriculture: a report on the shifting cultivation of hill
         rice by the Iban of Sarawak",1955,30,Monograph,Iban,Asia,Southeast Asia,horticulturalists,,"000,243,688,774,778,783,784",https://ehrafworldcultures.yale.edu/sres/73e9941a-3e6d-4391-9a30-cd01a3ad36b5
8245f1a4-c536-4fd8-bedb-ccd2e6b4e43b,"Freeman, Derek","Iban agriculture: a report on the shifting cultivation of hill
         rice by the Iban of Sarawak",1955,46,Monograph,Iban,Asia,Southeast Asia,horticulturalists,,"243,688,731",https://ehrafworldcultures.yale.edu/sres/8245f1a4-c536-4fd8-bedb-ccd2e6b4e43b
