society_id,society_name,society_xd_id,language_glottocode,language_name,language_family,variable_id,EA015code,EA015code_label,focal_year,sub_case,comment
Ai4,Ingassana,xd370,gaam1241,Gaam,Eastern Jebel,EA015,1,Demes,1920,,
Cb15,Messiria Humr,xd464,tama1331,Tama (Chad),Tamaic,EA015,1,Demes,1940,with special reference to the Humr,
Cb24,Wodaabe Fulani,xd474,boro1274,Bororo of Kano and Zaria,Atlantic-Congo,EA015,1,Demes,1950,Wodaabe of Niger,
Cc3,Siwans,xd500,siwi1239,Siwi,Afro-Asiatic,EA015,1,Demes,1920,inhabitants of the oasis of Siwa,
Cd17,Nail,xd515,cons1245,Constantine,Afro-Asiatic,EA015,1,Demes,1920,,
Cd18,Saadi,xd516,said1239,Saidi Arabic,Afro-Asiatic,EA015,1,Demes,1920,,
Cd2,Egyptians,xd518,egyp1253,Egyptian Arabic,Afro-Asiatic,EA015,1,Demes,1950,Town and environs of Silwa,
Ce2,Portuguese,xd529,gali1257,Galician Portuguese,Indo-European,EA015,1,Demes,1950,with special reference to the village of Rio de Onor in the extreme northeast,
Ce5,Neapolitans,xd532,neap1235,Continental Southern Italian,Indo-European,EA015,1,Demes,1960,with special reference to the inhabitants of the city of Naples and its immediate environs,
Cf3,Tristan da Cunha,xd538,stan1293,English,Indo-European,EA015,1,Demes,1930,,
Ch2,Hutsuls,xd557,sout2604,Southwest Ukrainian,Indo-European,EA015,1,Demes,1890,,
Ch7,Ukranians,xd571,east2270,East Ukrainian,Indo-European,EA015,1,Demes,1930,,
Ch8,Magyar,xd572,hung1274,Hungarian,Uralic,EA015,1,Demes,1940,,
Ci11,Kurd,xd576,cent1972,Central Kurdish,Indo-European,EA015,1,Demes,1940,,
Ci3,Kumyk,xd579,kumy1244,Kumyk,Turkic,EA015,1,Demes,1900,with special reference to the Kayakent group of eastern Dagestan,
Cj5,Mutair,xd591,sout3119,South Najdi,Afro-Asiatic,EA015,1,Demes,1930,,
Cj7,Lebanese,xd593,nort3139,North Levantine Arabic,Afro-Asiatic,EA015,1,Demes,1950,with special reference to the village of Munsif,
Ea1,Sindhi,xd596,sind1272,Sindhi,Indo-European,EA015,1,Demes,1950,,
Ea6,Basseri,xd605,bass1257,Basseri,Indo-European,EA015,1,Demes,1958,Nomadic branch,
Ea7,Moghol,xd606,mogh1245,Mogholi,Mongolic,EA015,1,Demes,1950,,
Ec7,Ainu,xd635,ainu1240,Hokkaido Ainu,Ainu,EA015,1,Demes,1900,Saru Basin in Hokkaido,
Ed15a,Miyakans,xd642,miya1259,Miyako,Japonic,EA015,1,Demes,1950,with special reference to the village of Karimata,
Ed6,Min Chinese,xd649,minn1241,Min Nan Chinese,Sino-Tibetan,EA015,1,Demes,1920,with special reference to those in the hinterland of Swatow,
Ed8,Minchia,xd651,cent2004,Central Bai,Sino-Tibetan,EA015,1,Demes,1930,,
Eh7,Antandroy,xd693,tand1256,Tandroy Malagasy,Austronesian,EA015,1,Demes,1900,,
Ei18,Palaung,xd705,shwe1236,Shwe Palaung,Austroasiatic,EA015,1,Demes,1920,with special reference to the Katur subtribe,
Ei3,Burmese,xd709,nucl1310,Burmese,Sino-Tibetan,EA015,1,Demes,1950,Nondwin Village,
Ia11,Puyuma,xd734,puyu1239,Puyuma,Austronesian,EA015,1,Demes,1930,,
Ia6,Paiwan,xd746,paiw1248,Paiwan,Austronesian,EA015,1,Demes,1930,Su-Paiwan Village,
Ia7,Tagbanua,xd747,tagb1258,Tagbanwa,Austronesian,EA015,1,Demes,1950,,
Ia8,Bontok,xd748,cent2292,Central Bontoc,Austronesian,EA015,1,Demes,1900,,
Ib5,Kadazan-Dusun,xd754,cent2100,Central Dusun,Austronesian,EA015,1,Demes,1920,with special reference to the village of Sensuron,
If9,Ulithians,xd840,ulit1238,Ulithian,Austronesian,EA015,1,Demes,1900,,
Na29,Beaver,xd1045,beav1236,Beaver,Athabaskan-Eyak-Tlingit,EA015,1,Demes,1850,,
Na3,Copper Inuit,xd1022,copp1244,Inuinnaqtun,Eskimo-Aleut,EA015,1,Demes,1920,Coronation Gulf,
Nd15,Sinkaitk,xd1147,sout2963,Southern Okanogan,Salishan,EA015,1,Demes,1880,,
Nd3,Havasupai,xd1163,hava1249,Havasupai,Cochimi-Yuman,EA015,1,Demes,1870,Havasupai Tribe,
Nd5,Hukundika,xd1185,nort2955,Northern Shoshoni,Uto-Aztecan,EA015,1,Demes,1870,,
Ne3,Comanche,xd1222,coma1245,Comanche,Uto-Aztecan,EA015,1,Demes,1870,Comanche Tribe,
Nf6,Pawnee,xd1240,pawn1254,Pawnee,Caddoan,EA015,1,Demes,1867,Skidi Band or subtribe,
Nh10,Isleta,xd1260,sout2961,Southern Tiwa,Kiowa-Tanoan,EA015,1,Demes,1920,,
Nh11,San Ildefonso,xd1261,sani1273,San Ildefonso,Kiowa-Tanoan,EA015,1,Demes,1900,with special reference to the pueblo of San Ildefonso,
Nh12,Santa Ana,xd1262,sant1426,Santa Ana,Keresan,EA015,1,Demes,1920,,
Nh13,Acoma,xd1263,acom1246,Acoma,Keresan,EA015,1,Demes,1920,,
Nh25,Sia,xd1276,ziaa1251,Zia (United States),Keresan,EA015,1,Demes,1920,,
Nh27,Kewa,xd1278,sant1425,Santo Domingo,Keresan,EA015,1,Demes,1930,,
Nh6,Taos,xd1282,taos1236,Taos,Kiowa-Tanoan,EA015,1,Demes,1890,,
Nh7,Cochiti,xd1283,coch1273,Cochiti,Keresan,EA015,1,Demes,1890,,
Nh8,Jemez,xd1284,jeme1245,Towa,Kiowa-Tanoan,EA015,1,Demes,1920,,
Nh9,Picuris,xd1285,picu1248,Picuris Northern Tiwa,Kiowa-Tanoan,EA015,1,Demes,1920,,
Ni1,Tarahumara,xd1286,cent2131,Central Tarahumara,Uto-Aztecan,EA015,1,Demes,1930,,
Ni3,Huichol,xd1288,huic1243,Huichol,Uto-Aztecan,EA015,1,Demes,1920,Huichol Tribe,
Nj1,Chinantec,xd1295,ojit1237,Ojitlán Chinantec,Otomanguean,EA015,1,Demes,1940,Ojitlan,
Nj10,Zapotec,xd1296,yala1267,Yalálag Zapotec,Otomanguean,EA015,1,Demes,1940,mountain village of Yalagag,
Nj6,Huave,xd1305,sanm1287,San Mateo del Mar Huave,Huavean,EA015,1,Demes,1950,with special reference to San Mateo,
Sa1,Guna,xd1309,bord1248,Border Kuna,Chibchan,EA015,1,Demes,1940,San Blas Archipelago,
Sa12,Lenca,xd1312,lenc1242,Lenca-Honduras,Lencan,EA015,1,Demes,1948,,
Sa4,Emberá,xd1320,nort2972,Northern Emberá,Chocoan,EA015,1,Demes,1960,with special reference to those of Panama,But local exogamy occurs in default of marriageable persons within the local community
Sb5,Paraujano,xd1330,para1316,Paraujano,Arawakan,EA015,1,Demes,1950,,
Sc1,Warao,xd1335,wara1303,Warao,,EA015,1,Demes,1950,,
Sc13,Panare,xd1339,enap1235,Panare,Cariban,EA015,1,Demes,1950,,
Sc2,Pumé,xd1345,pume1238,Pumé,,EA015,1,Demes,1950,,
Sc9,Curripaco,xd1352,curr1243,Curripaco,Arawakan,EA015,1,Demes,1950,,
Sd2,Tapirapé,xd1354,tapi1254,Tapirapé,Tupian,EA015,1,Demes,1930,,
Sd6,Shiriana,xd1358,nina1238,Ninam,Yanomamic,EA015,1,Demes,1960,,
Sf1,Inca,xd1374,cusc1236,Cusco Quechua,Quechuan,EA015,1,Demes,1530,City and environs of Cuzco,
Sf2,Aymara,xd1375,cent2142,Central Aymara,Aymaran,EA015,1,Demes,1940,Chucuito Clan community in Peru,
Sf3,Chachi,xd1376,chac1249,Cha'palaa,Barbacoan,EA015,1,Demes,1910,Rio Cayapas Basin,
Sf4,U'wa,xd1377,cent2150,Central Tunebo,Chibchan,EA015,1,Demes,1950,,
Sf9,Uru,xd1382,uruu1244,Uru,Uru-Chipaya,EA015,1,Demes,1930,with special reference to those just south of Lake Titicaca in Bolivia across the Desaguadero River from Peru,
Sh2,Terena,xd1389,tere1279,Terena-Kinikinao-Chane,Arawakan,EA015,1,Demes,1850,,
Si3,Bacairi,xd1400,baka1277,Bakairí,Cariban,EA015,1,Demes,1940,Simao Lopes,
Si8,Umotina,xd1405,umot1240,Umotína,Bororoan,EA015,1,Demes,1940,,
Sj1,Carajá,xd1407,kara1500,Karajá,Nuclear-Macro-Je,EA015,1,Demes,1950,,
Sj3,Aweikoma,xd1411,xokl1240,Xokleng,Nuclear-Macro-Je,EA015,1,Demes,1910,Duque de Caxias Reservation,
Sj6,Tenetehara,xd1414,temb1276,Tenetehara,Tupian,EA015,1,Demes,1930,with special reference to the Guajajara subgroup,
Sj9,Kayapo,xd1417,kaya1330,Kayapó,Nuclear-Macro-Je,EA015,1,Demes,1950,,
ch12,Bashkir,xd549,bash1264,Bashkir,Turkic,EA015,1,Demes,1899,with special reference to the Birskij Uezd Bashkir,
ch17,Gagauz,xd554,gaga1249,Gagauz,Turkic,EA015,1,Demes,1894,with special reference to those of the Benderskij Uezd,
ch22,Lithuanian Karaim,xd560,kara1464,Karaim,Turkic,EA015,1,Demes,1895,with special reference to those of the Trakaj area,
ch23,Lithuanian Tatar,xd561,west2405,Western Tatar,Turkic,EA015,1,Demes,1905,with special reference to those of the Vilenskaja Gubernija,
ec12,Nganasan,xd620,ngan1291,Nganasan,Uralic,EA015,1,Demes,1930,Avam (Western) group,
ec14,Ungazikmit,xd622,cent2128,Central Siberian Yupik,Eskimo-Aleut,EA015,1,Demes,1880,those of South-Eastern Chukotka,
Ab13,Tswana,xd14,tswa1253,Tswana,Atlantic-Congo,EA015,2,"Segmented, no exogamy",1880,with special reference to the Kgatla (Bakxatla),
Ab6,Venda,xd29,vend1245,Venda,Atlantic-Congo,EA015,2,"Segmented, no exogamy",1900,,
Ac10,Chewa,xd34,chew1246,Chewa,Atlantic-Congo,EA015,2,"Segmented, no exogamy",1920,,
Ac13,Tonga,xd37,tong1321,Tonga (Nyasa),Atlantic-Congo,EA015,2,"Segmented, no exogamy",1950,,One lineage is predominant in each community
Ac4,Kuba,xd66,bush1247,Bushoong,Atlantic-Congo,EA015,2,"Segmented, no exogamy",1910,"with special reference to the Bushoong, the central subtribe",
Ac41,Makonde,xd68,mako1251,Makonde,Atlantic-Congo,EA015,2,"Segmented, no exogamy",1900,,
Ac42,Makua,xd69,makh1264,Makhuwa,Atlantic-Congo,EA015,2,"Segmented, no exogamy",1900,,
Ac7,Yao,xd73,yaoo1241,Yao,Atlantic-Congo,EA015,2,"Segmented, no exogamy",1920,,
Ad14,Luguru,xd81,lugu1238,Luguru,Atlantic-Congo,EA015,2,"Segmented, no exogamy",1930,Morogoro District,
Ad2,Nyoro,xd87,nyor1246,Nyoro,Atlantic-Congo,EA015,2,"Segmented, no exogamy",1950,,
Ad27,Kwere,xd95,kwer1261,Kwere,Atlantic-Congo,EA015,2,"Segmented, no exogamy",1880,,
Ad30,Digo,xd99,digo1243,Digo,Atlantic-Congo,EA015,2,"Segmented, no exogamy",1890,,
Ad31,Duruma,xd100,duru1249,Duruma,Atlantic-Congo,EA015,2,"Segmented, no exogamy",1910,,
Ad34,Kamba,xd103,kamb1297,Kamba (Kenya),Atlantic-Congo,EA015,2,"Segmented, no exogamy",1910,,
Ad39,Sonjo,xd108,temi1247,Temi,Atlantic-Congo,EA015,2,"Segmented, no exogamy",1950,,
Ad50,Kaguru,xd121,kagu1239,Kagulu,Atlantic-Congo,EA015,2,"Segmented, no exogamy",1900,with special reference to the Mountain Kaguru,
Ad51,Ngulu,xd122,ngul1246,Ngulu,Atlantic-Congo,EA015,2,"Segmented, no exogamy",1930,,
Ae10,Banyaruanda,xd128,kiny1244,Kinyarwanda,Atlantic-Congo,EA015,2,"Segmented, no exogamy",1910,,
Ae2,Kpe,xd138,mokp1239,Mokpwe,Atlantic-Congo,EA015,2,"Segmented, no exogamy",1950,,
Ae39,Ngombe,xd159,binj1250,Binja,Atlantic-Congo,EA015,2,"Segmented, no exogamy",1920,,
Ae41,Kota,xd162,ndas1238,Ndasa,Atlantic-Congo,EA015,2,"Segmented, no exogamy",1940,,
Ae44,Bubi,xd165,bube1242,Bube,Atlantic-Congo,EA015,2,"Segmented, no exogamy",1920,,
Ae45,Kundu,xd166,orok1266,Oroko,Atlantic-Congo,EA015,2,"Segmented, no exogamy",1900,,
Ae46,Mpongwe,xd167,myen1241,Myene,Atlantic-Congo,EA015,2,"Segmented, no exogamy",1870,,
Ae49,Bali Nyonga,xd170,mung1266,Mungaka,Atlantic-Congo,EA015,2,"Segmented, no exogamy",1900,,
Ae5,Bamileke,xd171,fefe1239,Fe'fe',Atlantic-Congo,EA015,2,"Segmented, no exogamy",1910,,
Ae50,Bamum,xd172,bamu1253,Bamun,Atlantic-Congo,EA015,2,"Segmented, no exogamy",1920,,
Ae52,Fungom,xd174,mmen1238,Mmen,Atlantic-Congo,EA015,2,"Segmented, no exogamy",1950,,
Ae54,Kom,xd176,komc1235,Kom (Cameroon),Atlantic-Congo,EA015,2,"Segmented, no exogamy",1950,,
Ae55,Ndob,xd177,band1349,Bandobo,Atlantic-Congo,EA015,2,"Segmented, no exogamy",1950,,
Ae56,Nsaw,xd178,lamn1239,Lamnso',Atlantic-Congo,EA015,2,"Segmented, no exogamy",1950,,
Ae57,Nsungli,xd179,limb1268,Limbum,Atlantic-Congo,EA015,2,"Segmented, no exogamy",1930,,
Ae8,Rundi,xd184,rund1242,Rundi,Atlantic-Congo,EA015,2,"Segmented, no exogamy",1910,,
Ae9,Fut,xd185,bafu1246,Bafut,Atlantic-Congo,EA015,2,"Segmented, no exogamy",1950,,
Af1,Fon,xd186,fonn1241,Fon,Atlantic-Congo,EA015,2,"Segmented, no exogamy",1890,City and environs of Abomey,
Af10,Igbo,xd187,nucl1417,Igbo,Atlantic-Congo,EA015,2,"Segmented, no exogamy",1930,,
Af12,Akyem,xd189,akye1239,Akyem Bosome,Atlantic-Congo,EA015,2,"Segmented, no exogamy",1930,with special reference to the Kwahu,
Af13,Ebira,xd190,ebir1243,Ebira,Atlantic-Congo,EA015,2,"Segmented, no exogamy",1920,,
Af15,Kpelle,xd192,libe1247,Liberia Kpelle,Mande,EA015,2,"Segmented, no exogamy",1920,,
Af17,Boki,xd194,boky1238,Bokyi,Atlantic-Congo,EA015,2,"Segmented, no exogamy",1900,,
Af18,Ekoi,xd195,ejag1239,Ejagham,Atlantic-Congo,EA015,2,"Segmented, no exogamy",1900,,
Af19,Efik,xd196,efik1245,Efik,Atlantic-Congo,EA015,2,"Segmented, no exogamy",1950,,
Af20,Ibibio,xd198,ibib1240,Ibibio,Atlantic-Congo,EA015,2,"Segmented, no exogamy",1910,,
Af22,Itsekiri,xd200,isek1239,Isekiri,Atlantic-Congo,EA015,2,"Segmented, no exogamy",1940,,
Af23,Afikpo,xd201,afik1238,Afikpo,Atlantic-Congo,EA015,2,"Segmented, no exogamy",1950,with special reference to the village of Mgbom,
Af24,Edo,xd202,bini1246,Bini,Atlantic-Congo,EA015,2,"Segmented, no exogamy",1900,,
Af25,Isoko,xd203,isok1239,Isoko,Atlantic-Congo,EA015,2,"Segmented, no exogamy",1930,,
Af26,Kukuruku,xd204,yekh1238,Yekhee,Atlantic-Congo,EA015,2,"Segmented, no exogamy",1900,with special reference to the Etsako,
Af28,Gbagyi,xd206,gbar1246,Gbari,Atlantic-Congo,EA015,2,"Segmented, no exogamy",1910,,
Af32,Egba,xd211,egba1238,Egba,Atlantic-Congo,EA015,2,"Segmented, no exogamy",1920,Abeouta Province and Benin,
Af33,Ekiti,xd212,ekit1244,Ekiti,Atlantic-Congo,EA015,2,"Segmented, no exogamy",1950,"Ekiti Division, Ondo Prov.",
Af34,Ife,xd213,ifee1241,Ifè,Atlantic-Congo,EA015,2,"Segmented, no exogamy",1930,"Ife Ilesha Division, Oyo Prov.",
Af35,Adangme,xd214,adan1247,Adangme,Atlantic-Congo,EA015,2,"Segmented, no exogamy",1940,with special reference to the Krobo,
Af36,Ewe,xd215,aguu1242,Agu (Ewe),Atlantic-Congo,EA015,2,"Segmented, no exogamy",1900,with special reference to the Glidyi,
Af37,Buem,xd216,siwu1238,Siwu,Atlantic-Congo,EA015,2,"Segmented, no exogamy",1900,with special reference to the Akpafu,
Af39,Anyi,xd218,anyi1245,Anyin,Atlantic-Congo,EA015,2,"Segmented, no exogamy",1900,with special reference to the Ndenie,
Af4,Yako,xd219,loka1252,Lokaa,Atlantic-Congo,EA015,2,"Segmented, no exogamy",1930,,
Af43,Ga,xd223,gaaa1244,Ga,Atlantic-Congo,EA015,2,"Segmented, no exogamy",1930,,
Af44,Alagya,xd224,alla1248,Alladian,Atlantic-Congo,EA015,2,"Segmented, no exogamy",1900,,
Af5,Mende,xd230,mend1266,Mende (Sierra Leone),Mande,EA015,2,"Segmented, no exogamy",1930,,
Af51,Gagu,xd232,gagu1242,Gban,Mande,EA015,2,"Segmented, no exogamy",1920,,
Af54,Gbande,xd235,band1352,Bandi,Mande,EA015,2,"Segmented, no exogamy",1930,,
Af55,Gola,xd236,gola1255,Gola,Atlantic-Congo,EA015,2,"Segmented, no exogamy",1950,,
Af56,Ngere,xd237,dann1241,Dan,Mande,EA015,2,"Segmented, no exogamy",1930,with special reference to the Gio of the Ivory Coast,
Af6,Oyo Yoruba,xd240,ilaa1245,Ila (Yoruba),Atlantic-Congo,EA015,2,"Segmented, no exogamy",1950,"Yoruba, with special reference to the Oyo",
Af8,Nupe,xd242,nupe1254,Nupe-Nupe-Tako,Atlantic-Congo,EA015,2,"Segmented, no exogamy",1930,,
Af9,Baule,xd243,baou1238,Baoulé,Atlantic-Congo,EA015,2,"Segmented, no exogamy",1900,,
Ag1,Bambara,xd244,bamb1269,Bambara,Mande,EA015,2,"Segmented, no exogamy",1920,Segou to Bamako on Niger River,
Ag14,Baga,xd249,mbul1258,Mbulungish,Atlantic-Congo,EA015,2,"Segmented, no exogamy",1950,,
Ag2,Mossi (Yatenga),xd255,moss1236,Mossi,Atlantic-Congo,EA015,2,"Segmented, no exogamy",1950,"with special reference to Massi (Moshi) of Yatenga; (for those of Ouagadougou, see Ag47)",
Ag26,Susu,xd262,susu1250,Susu,Mande,EA015,2,"Segmented, no exogamy",1930,,
Ag27,Diula,xd263,dyul1238,Dyula,Mande,EA015,2,"Segmented, no exogamy",1910,,
Ag28,Nononke,xd264,jena1242,Jenaama Bozo,Mande,EA015,2,"Segmented, no exogamy",1930,,
Ag29,Samo,xd265,sout2844,Southern Samo,Mande,EA015,2,"Segmented, no exogamy",1910,,
Ag30,Bobo,xd267,nort2819,Northern Bobo Madaré,Mande,EA015,2,"Segmented, no exogamy",1910,,
Ag31,Minianka,xd268,mama1271,Mamara Senoufo,Atlantic-Congo,EA015,2,"Segmented, no exogamy",1910,,
Ag32,Senufo,xd269,ceba1235,Cebaara Senoufo,Atlantic-Congo,EA015,2,"Segmented, no exogamy",1900,,
Ag37,Awuna,xd274,awun1244,Awuna,Atlantic-Congo,EA015,2,"Segmented, no exogamy",1910,,
Ag38,Builsa,xd275,buli1254,Buli (Ghana),Atlantic-Congo,EA015,2,"Segmented, no exogamy",1910,,
Ag39,Dagara,xd276,sout2789,Central Dagaare,Atlantic-Congo,EA015,2,"Segmented, no exogamy",1910,,
Ag43,Vagala,xd281,vagl1239,Vagla,Atlantic-Congo,EA015,2,"Segmented, no exogamy",1920,,
Ag45,Gurma,xd283,gour1243,Gourmanchéma,Atlantic-Congo,EA015,2,"Segmented, no exogamy",1930,with special reference to those in the Diapaga region,
Ag47,Mossi (Ouagadougou),xd285,moss1236,Mossi,Atlantic-Congo,EA015,2,"Segmented, no exogamy",1900,with special reference to those of Ouagadougou (see Ag2 for those of Yatenga),
Ag49,Kabre,xd287,kabi1261,Kabiyé,Atlantic-Congo,EA015,2,"Segmented, no exogamy",1930,,
Ag52,Tem,xd291,temm1241,Tem,Atlantic-Congo,EA015,2,"Segmented, no exogamy",1950,,
Ag54,Yalunka,xd293,yalu1240,Yalunka,Mande,EA015,2,"Segmented, no exogamy",1910,,
Ag6,Futajalonke,xd294,pula1262,Pular,Atlantic-Congo,EA015,2,"Segmented, no exogamy",1890,,
Ah12,Basakomo,xd301,basa1282,Basa (Nigeria),Atlantic-Congo,EA015,2,"Segmented, no exogamy",1920,,
Ah14,Kamuku,xd303,cind1241,Yara,Atlantic-Congo,EA015,2,"Segmented, no exogamy",1920,,
Ah17,Birom,xd306,bero1242,Berom,Atlantic-Congo,EA015,2,"Segmented, no exogamy",1930,,
Ah19,Adara,xd308,kada1284,Kadara,Atlantic-Congo,EA015,2,"Segmented, no exogamy",1930,,
Ah21,Kurama,xd311,kura1249,Kurama,Atlantic-Congo,EA015,2,"Segmented, no exogamy",1920,,
Ah25,Tigon,xd315,tigo1236,Tigon Mbembe,Atlantic-Congo,EA015,2,"Segmented, no exogamy",1920,,
Ah27,Zuande,xd317,bita1251,Bitare,Atlantic-Congo,EA015,2,"Segmented, no exogamy",1920,,
Ah30,Longuda,xd321,long1389,Longuda,Atlantic-Congo,EA015,2,"Segmented, no exogamy",1920,,
Ah31,Mumuye,xd322,nucl1240,Mumuye,Atlantic-Congo,EA015,2,"Segmented, no exogamy",1910,,
Ah33,Yungur,xd324,bena1260,Bena (Nigeria),Atlantic-Congo,EA015,2,"Segmented, no exogamy",1920,,
Ah36,Gude,xd327,gude1246,Gude,Afro-Asiatic,EA015,2,"Segmented, no exogamy",1920,,
Ah37,Hwana,xd328,hwan1240,Hwana,Afro-Asiatic,EA015,2,"Segmented, no exogamy",1920,,
Ah4,Mambila,xd331,came1252,Donga Mambila,Atlantic-Congo,EA015,2,"Segmented, no exogamy",1920,,
Ah5,Margi,xd332,marg1265,Marghi Central,Afro-Asiatic,EA015,2,"Segmented, no exogamy",1930,,
Ah6,Gure,xd333,gbir1241,Gbiri-Niragu,Atlantic-Congo,EA015,2,"Segmented, no exogamy",1920,,
Ah8,Bafute,xd335,vute1244,Vute,Atlantic-Congo,EA015,2,"Segmented, no exogamy",1910,,
Ah9,Anaguta,xd336,igut1238,Iguta,Atlantic-Congo,EA015,2,"Segmented, no exogamy",1920,,
Ai10,Otoro,xd338,otor1240,Otoro,Heibanic,EA015,2,"Segmented, no exogamy",1940,Nuba Hills,
Ai12,Fali,xd340,sout2782,South Fali,Atlantic-Congo,EA015,2,"Segmented, no exogamy",1950,,
Ai15,Mundang,xd343,mund1325,Mundang,Atlantic-Congo,EA015,2,"Segmented, no exogamy",1900,,
Ai17,Gisiga,xd345,sout3051,South Giziga,Afro-Asiatic,EA015,2,"Segmented, no exogamy",1930,,
Ai18,Kotoko,xd346,lagw1237,Lagwan,Afro-Asiatic,EA015,2,"Segmented, no exogamy",1880,,
Ai2,Nyaro,xd348,kooo1244,Ko,Heibanic,EA015,2,"Segmented, no exogamy",1940,,
Ai28,Popoi,xd357,popo1291,Popoi,Central Sudanic,EA015,2,"Segmented, no exogamy",1910,,
Ai37,Koalib,xd367,koal1240,Koalib-Rere,Heibanic,EA015,2,"Segmented, no exogamy",1940,,
Ai40,Moro,xd371,moro1285,Moro,Heibanic,EA015,2,"Segmented, no exogamy",1940,,
Ai41,Tira,xd372,tira1254,Tira,Heibanic,EA015,2,"Segmented, no exogamy",1930,,
Ai6,Shilluk,xd380,shil1265,Shilluk,Nilotic,EA015,2,"Segmented, no exogamy",1900,Shilluk Kingdom,
Ai8,Dilling,xd382,dill1242,Dilling,Nubian,EA015,2,"Segmented, no exogamy",1930,,
Aj1,Teso,xd384,teso1249,Teso,Nilotic,EA015,2,"Segmented, no exogamy",1950,,
Aj11,Dinka,xd386,sout2832,Southwestern Dinka,Nilotic,EA015,2,"Segmented, no exogamy",1900,,
Aj12,Lotuko,xd387,otuh1238,Otuho,Nilotic,EA015,2,"Segmented, no exogamy",1920,,
Ca1,Konso,xd415,kons1243,Konso,Afro-Asiatic,EA015,2,"Segmented, no exogamy",1930,Town of Buso,
Ca13,Macha,xd419,west2721,West Central Oromo,Afro-Asiatic,EA015,2,"Segmented, no exogamy",1950,with special reference to the eastern Macha,
Ca42,Shako,xd451,shek1245,Sheko,Dizoid,EA015,2,"Segmented, no exogamy",1950,,
Cb19,Kanuri,xd468,cent2050,Central Kanuri,Saharan,EA015,2,"Segmented, no exogamy",1870,,
Cb20,Zerma,xd470,zarm1239,Zarma-Kaado,Songhay,EA015,2,"Segmented, no exogamy",1920,,
Cb22,Liptako,xd472,west2454,Western Niger Fulfulde,Atlantic-Congo,EA015,2,"Segmented, no exogamy",1920,,
Cb26,Zazzagawa Hausa,xd476,araw1280,Arawa,Afro-Asiatic,EA015,2,"Segmented, no exogamy",1950,Zazzagawa of Zaria,
Cb27,Bachama,xd477,baca1246,Bacama,Afro-Asiatic,EA015,2,"Segmented, no exogamy",1920,,
Cb6,Tera,xd483,tera1251,Tera,Afro-Asiatic,EA015,2,"Segmented, no exogamy",1920,,"Formerly 'segmented communities, no exogamy' (code ""2"")"
Cb9,Hausa Kanawa,xd486,kano1249,Kano,Afro-Asiatic,EA015,2,"Segmented, no exogamy",1940,"Hausa, with special reference to the Kanawa",
Cc15,Drawa,xd493,susi1238,Susiua,Afro-Asiatic,EA015,2,"Segmented, no exogamy",1920,,
Cc18,Kunta,xd496,hass1238,Hassaniyya,Afro-Asiatic,EA015,2,"Segmented, no exogamy",1910,,
Cc4,Mzab,xd501,tumz1238,Tumzabt,Afro-Asiatic,EA015,2,"Segmented, no exogamy",1920,,
Cc7,Barabish,xd504,hass1238,Hassaniyya,Afro-Asiatic,EA015,2,"Segmented, no exogamy",1950,Timbuctoo,
Cd12,Algerians,xd510,algi1247,Algiers,Afro-Asiatic,EA015,2,"Segmented, no exogamy",1870,,
Cd21,Tunisians,xd520,tuni1260,Tunis (Tunisian Arabic),Afro-Asiatic,EA015,2,"Segmented, no exogamy",1930,,
Cd4,Kabyle,xd522,kaby1243,Kabyle,Afro-Asiatic,EA015,2,"Segmented, no exogamy",1890,,
Cd5,Shluh,xd523,susi1238,Susiua,Afro-Asiatic,EA015,2,"Segmented, no exogamy",1920,with special reference to those of the Grand Atlas Mountains,
Ch1,Serbs,xd546,serb1264,Serbian,Indo-European,EA015,2,"Segmented, no exogamy",1950,with special reference to the village of Orasac,
Cj10,Madan,xd587,meso1252,Gilit Mesopotamian Arabic,Afro-Asiatic,EA015,2,"Segmented, no exogamy",1950,with special reference to the village of ech-Chibayish,
Cj8,Druze,xd594,sunn1238,Sunni Beiruti Arabic,Afro-Asiatic,EA015,2,"Segmented, no exogamy",1930,with special reference to those of Mount Carmel in Israel,
Ea13,Punjabi,xd600,west2386,Western Panjabi,Indo-European,EA015,2,"Segmented, no exogamy",1950,Mohla Village,
Ea4,Kohistani,xd603,indu1241,Indus Kohistani,Indo-European,EA015,2,"Segmented, no exogamy",1950,,
Eb2,Tu,xd610,tuuu1240,Tu,Mongolic,EA015,2,"Segmented, no exogamy",1920,,
Ec1,Nivkh,xd617,gily1242,Nivkh,,EA015,2,"Segmented, no exogamy",1920,Sakhalin Island,
Ed10,Shantung,xd639,mand1415,Mandarin Chinese,Sino-Tibetan,EA015,2,"Segmented, no exogamy",1930,with special reference to the village of Taitou,
Ed4,Miao,xd647,horn1235,Horned Miao,Hmong-Mien,EA015,2,"Segmented, no exogamy",1940,with special reference to the Magpie (Yachio) Miao,
Ef2,Bengali,xd664,beng1280,Bengali,Indo-European,EA015,2,"Segmented, no exogamy",1940,with special reference t the Western or Hindu Bengali,
Ef3,Indo-Iranian,xd665,sans1269,Sanskrit,Indo-European,EA015,2,"Segmented, no exogamy",-800,,
Eg11,Koya,xd674,koya1251,Koya,Dravidian,EA015,2,"Segmented, no exogamy",1960,with special reference to the Gommu Koya,
Ei13,Angami,xd700,anga1288,Angami Naga,Sino-Tibetan,EA015,2,"Segmented, no exogamy",1910,,
Ei14,Ao,xd701,aona1235,Ao Naga,Sino-Tibetan,EA015,2,"Segmented, no exogamy",1920,with special reference to the Chongli,
Ei15,Rengma,xd702,sout2732,Southern Rengma Naga,Sino-Tibetan,EA015,2,"Segmented, no exogamy",1930,,
Ei16,Sema,xd703,sumi1235,Sumi Naga,Sino-Tibetan,EA015,2,"Segmented, no exogamy",1910,,
Ei2,Lhota,xd707,loth1237,Lotha Naga,Sino-Tibetan,EA015,2,"Segmented, no exogamy",1920,,
Ei5,Kachin,xd711,kach1280,Southern Jinghpaw,Sino-Tibetan,EA015,2,"Segmented, no exogamy",1940,with special reference to the Jinghpaw,
Ei8,Khasi,xd714,khas1269,Khasi,Austroasiatic,EA015,2,"Segmented, no exogamy",1900,with special reference to those of the Jaintia Hills,
Ej1,Lamet,xd716,lame1256,Lamet,Austroasiatic,EA015,2,"Segmented, no exogamy",1940,"Lamet Tribe, Northwestern Laos",
Ej10,Rade,xd717,rade1240,Rade,Austronesian,EA015,2,"Segmented, no exogamy",1950,Ko-Sier Village,
Ej12,Lawa,xd719,west2396,Western Lawa,Austroasiatic,EA015,2,"Segmented, no exogamy",1960,,
Ej2,Mnong Gar,xd724,east2333,Eastern Mnong,Austroasiatic,EA015,2,"Segmented, no exogamy",1940,with special reference to the village of Sar Luk,The component long houses of a village are organized only in part on a kinship basis
Ej4,Annamese,xd726,viet1252,Vietnamese,Austroasiatic,EA015,2,"Segmented, no exogamy",1950,Red River Delta in Tonkin,
Ia10,Bunun,xd733,bunu1267,Bunun,Austronesian,EA015,2,"Segmented, no exogamy",1930,,
Ia9,Ami,xd749,amis1246,Amis,Austronesian,EA015,2,"Segmented, no exogamy",1930,with special reference to the southern Ami,
Ib3,Balinese,xd752,bali1278,Balinese,Austronesian,EA015,2,"Segmented, no exogamy",1950,Tihingan Village,
Ib6,Minangkabau,xd755,mina1268,Minangkabau,Austronesian,EA015,2,"Segmented, no exogamy",1920,,
Ib7,Mentaweians,xd756,ment1249,Mentawai,Austronesian,EA015,2,"Segmented, no exogamy",1920,with special reference to those of North Pageh,
Ic1,Macassarese,xd759,maka1311,Makasar,Austronesian,EA015,2,"Segmented, no exogamy",1940,Borongloe,
Ic11,Ambonese,xd761,ambo1250,Ambonese Malay,Austronesian,EA015,2,"Segmented, no exogamy",1950,Allang,
Ic3,Belu,xd765,tetu1245,Tetum,Austronesian,EA015,2,"Segmented, no exogamy",1950,with special reference to the Mountain Belu,
Ic7,Ili-Mandiri,xd769,lama1277,Lamaholot,Austronesian,EA015,2,"Segmented, no exogamy",1920,with special reference to the village of Leloba in E. Flores,
Ie10,Motu,xd786,motu1246,Motu,Austronesian,EA015,2,"Segmented, no exogamy",1950,with special reference to the Western Motu,
Ie13,Kiwai,xd789,sout2949,Southern Kiwai,Kiwaian,EA015,2,"Segmented, no exogamy",1920,,
Ie15,Abelam,xd791,ambu1247,Ambulas,Ndu,EA015,2,"Segmented, no exogamy",1930,Kalabu; Northern Abelam,
Ie18,Kimam,xd794,kima1246,Kimaama,Kolopom,EA015,2,"Segmented, no exogamy",1940,Bamol Village,
Ie19,Marind-Amin,xd795,nucl1622,Marind,Anim,EA015,2,"Segmented, no exogamy",1910,with special reference to the coastal inhabitants,
Ie21,Mailu,xd798,mail1248,Mailu,Mailuan,EA015,2,"Segmented, no exogamy",1900,,
Ie22,Mekeo,xd799,meke1243,Mekeo,Austronesian,EA015,2,"Segmented, no exogamy",1900,,
Ie24,Koiari,xd801,gras1249,Grass Koiari,Koiarian,EA015,2,"Segmented, no exogamy",1870,,
Ie25,Mafulu,xd802,fuyu1242,Fuyug,Goilalan,EA015,2,"Segmented, no exogamy",1920,,
Ie26,Ngarawapum,xd803,adze1240,Adzera,Austronesian,EA015,2,"Segmented, no exogamy",1940,,
Ie27,Banaro,xd804,bana1292,Banaro,,EA015,2,"Segmented, no exogamy",1910,,
Ie28,Busama,xd805,buga1250,Bugawac,Austronesian,EA015,2,"Segmented, no exogamy",1940,,
Ie29,Manam,xd806,mana1295,Manam,Austronesian,EA015,2,"Segmented, no exogamy",1930,principally Tsogari,
Ie3,Arapesh,xd807,buki1249,Bukiyip,Nuclear Torricelli,EA015,2,"Segmented, no exogamy",1930,with special reference to the Mountain Arapesh (Alitoa),
Ie32,Sio,xd810,sioo1240,Sio,Austronesian,EA015,2,"Segmented, no exogamy",1964,,
Ie33,Soromadja,xd811,nucl1595,Kwerba,Greater Kwerba,EA015,2,"Segmented, no exogamy",1950,with special reference to the village of Muramarew,
Ie35,Iatmul,xd813,iatm1242,Iatmul,Ndu,EA015,2,"Segmented, no exogamy",1930,,
Ie6,Waropen,xd820,waro1242,Waropen,Austronesian,EA015,2,"Segmented, no exogamy",1930,,
Ie8,Purari,xd822,pura1257,Purari,,EA015,2,"Segmented, no exogamy",1910,with special reference to the Koriki,
Ie9,Orokaiva,xd823,orok1269,Orokaiva,Nuclear Trans New Guinea,EA015,2,"Segmented, no exogamy",1920,,
If1,Palauans,xd824,pala1344,Palauan,Austronesian,EA015,2,"Segmented, no exogamy",1940,"Ulimang, Badeldaob Island",
If10,Nomoians,xd825,mort1237,Mortlockese,Austronesian,EA015,2,"Segmented, no exogamy",1940,,
If12,Bikinians,xd827,rali1241,Rälik,Austronesian,EA015,2,"Segmented, no exogamy",1940,,
If14,Makin,xd829,bana1287,Banaban,Austronesian,EA015,2,"Segmented, no exogamy",1890,Makin and Butiritari Islands (N),
If15,Carolinians,xd830,caro1242,Carolinian,Austronesian,EA015,2,"Segmented, no exogamy",1930,,
If16,Lamotrek,xd831,lamo1243,Lamotrek,Austronesian,EA015,2,"Segmented, no exogamy",1960,,
If2,Trukese,xd833,chuu1238,Chuukese,Austronesian,EA015,2,"Segmented, no exogamy",1940,Romonum Island,
If3,Majuro,xd834,rata1243,Ratak,Austronesian,EA015,2,"Segmented, no exogamy",1940,With special reference to the inhabitants of Majuro,
If4,Ifaluk,xd835,nucl1479,Nuclear Woleaian,Austronesian,EA015,2,"Segmented, no exogamy",1940,with special reference to the inhabitants of Ifaluk atoll,
If6,Yapese,xd837,yape1248,Yapese,Austronesian,EA015,2,"Segmented, no exogamy",1910,Island,
If7,Gilbert Onotoa,xd838,nuii1237,Nui,Austronesian,EA015,2,"Segmented, no exogamy",1940,with special reference to the inhabitants of Onotoa,
Ig1,Siuai,xd841,siwa1245,Siwai,South Bougainville,EA015,2,"Segmented, no exogamy",1940,Northeastern group,
Ig10,Usiai,xd842,lele1270,Lele (Papua New Guinea),Austronesian,EA015,2,"Segmented, no exogamy",1950,,
Ig12,Choiseulese,xd844,vagh1249,Vaghua,Austronesian,EA015,2,"Segmented, no exogamy",1900,with special reference to the Varisi,
Ig13,Aua,xd845,wuvu1239,Wuvulu-Aua,Austronesian,EA015,2,"Segmented, no exogamy",1900,,
Ig17,Kombe,xd849,mudu1242,Muduapa,Austronesian,EA015,2,"Segmented, no exogamy",1950,,
Ig19,Molima,xd851,moli1248,Molima,Austronesian,EA015,2,"Segmented, no exogamy",1950,,
Ig2,Trobriands,xd852,kili1267,Kilivila,Austronesian,EA015,2,"Segmented, no exogamy",1910,Kiriwina Island,
Ig20,Kaoka,xd853,long1395,Longgu,Austronesian,EA015,2,"Segmented, no exogamy",1920,with special reference to the village of Longgu,
Ig4,Lesu,xd856,nots1237,Notsi,Austronesian,EA015,2,"Segmented, no exogamy",1930,Lesu Village,
Ig6,Ulawans,xd858,saaa1240,Sa'a,Austronesian,EA015,2,"Segmented, no exogamy",1900,,
Ig7,Lakalai,xd859,naka1262,Nakanai,Austronesian,EA015,2,"Segmented, no exogamy",1950,,"Goodenough characterizes the local group as a ""nodal kindred,"" composed basically of sibling sets linked by consanguineal or affinal ties"
Ig8,Simboese,xd860,simb1256,Simbo,Austronesian,EA015,2,"Segmented, no exogamy",1910,,
Ig9,Manus,xd861,tita1241,Titan,Austronesian,EA015,2,"Segmented, no exogamy",1920,Peri Village,
Ih1,Mota,xd862,mota1237,Mota,Austronesian,EA015,2,"Segmented, no exogamy",1890,,
Ih13,Ranon,xd866,nort2839,North Ambrym,Austronesian,EA015,2,"Segmented, no exogamy",1920,,
Ih3,Bunlap,xd869,saaa1241,Sa,Austronesian,EA015,2,"Segmented, no exogamy",1950,Bunlap Village,
Ih6,Rotumans,xd872,rotu1241,Rotuman,Austronesian,EA015,2,"Segmented, no exogamy",1890,,
Ih8,Vanua Levu,xd874,nort2843,Northeast Vanua Levu,Austronesian,EA015,2,"Segmented, no exogamy",1940,with special reference to the village of Nakaroka,"Formerly clans (code ""6"")"
Ii1,American Samoans,xd876,samo1305,Samoan,Austronesian,EA015,2,"Segmented, no exogamy",1920,with special reference to American Samoa,
Ii12,Tongans,xd878,tong1325,Tonga (Tonga Islands),Austronesian,EA015,2,"Segmented, no exogamy",1920,Pangai,
Ii14,Upolu Samoans,xd880,samo1305,Samoan,Austronesian,EA015,2,"Segmented, no exogamy",1829,,
Ii3,Pukapukans,xd882,puka1242,Pukapuka,Austronesian,EA015,2,"Segmented, no exogamy",1930,,
Ii4,Ellice,xd883,tuva1244,Tuvalu,Austronesian,EA015,2,"Segmented, no exogamy",1890,with special reference to the inhabitants of Vaitupu,
Ii6,Tokelau,xd885,toke1240,Tokelau,Austronesian,EA015,2,"Segmented, no exogamy",1900,with special reference to Atafu,
Ii9,Niueans,xd888,niue1239,Niuean,Austronesian,EA015,2,"Segmented, no exogamy",1840,,
Ij2,Māori,xd891,maor1246,Maori,Austronesian,EA015,2,"Segmented, no exogamy",1820,Nga Puhi Tribe,
Ij6,Hawaiians,xd895,hawa1245,Hawaiian,Austronesian,EA015,2,"Segmented, no exogamy",1800,,
Na11,Sivokakmeit,xd1028,cent2128,Central Siberian Yupik,Eskimo-Aleut,EA015,2,"Segmented, no exogamy",1920,,
Na4,Kaska,xd1056,kask1239,Kaska,Athabaskan-Eyak-Tlingit,EA015,2,"Segmented, no exogamy",1920,Upper Liard and Dease River Group,
Nc3,Northern Foothill Yokuts,xd1129,nort2937,Northern Hill/Valley Yokuts,Yokutsan,EA015,2,"Segmented, no exogamy",1850,with special reference to those of the Northern Foothills,
Nf2,Ho Chunk,xd1236,hoch1243,Ho-Chunk,Siouan,EA015,2,"Segmented, no exogamy",1850,,
Nf3,Omaha,xd1237,omah1248,Omaha,Siouan,EA015,2,"Segmented, no exogamy",1850,Omaha Tribe,At least in camps
Ng1,Huron,xd1244,wyan1247,Wyandot,Iroquoian,EA015,2,"Segmented, no exogamy",1640,Bear and Cord Subtribes,
Ng10,Seneca,xd1245,sene1264,Seneca,Iroquoian,EA015,2,"Segmented, no exogamy",1750,with special reference to the Seneca tribe,
Ng3,Muscogee,xd1252,cree1270,Creek,Muskogean,EA015,2,"Segmented, no exogamy",1750,Upper division in Alabama,"Probably originally 'segmented communities, no exogamy' (code ""2"")"
Ng5,Cherokee,xd1254,cher1273,Cherokee,Iroquoian,EA015,2,"Segmented, no exogamy",1750,,
Ng6,Delaware,xd1255,unam1242,Unami,Algic,EA015,2,"Segmented, no exogamy",1700,with special reference to the Munsee,
Ng8,Timucua,xd1257,timu1245,Timucua,,EA015,2,"Segmented, no exogamy",1560,,
Nh17,Western Apache,xd1267,west2615,Western Apache,Athabaskan-Eyak-Tlingit,EA015,2,"Segmented, no exogamy",1870,,
Nh2,Hano,xd1270,ariz1237,Arizona Tewa,Kiowa-Tanoan,EA015,2,"Segmented, no exogamy",1950,,
Nh4,Zuni,xd1280,zuni1245,Zuni,,EA015,2,"Segmented, no exogamy",1910,Pueblo,
Nj14,Tequistlatec,xd1300,high1242,Highland Oaxaca Chontal,Tequistlatecan,EA015,2,"Segmented, no exogamy",1960,,
Nj2,Aztec,xd1301,clas1250,Classical Nahuatl,Uto-Aztecan,EA015,2,"Segmented, no exogamy",1520,City & environs of Tenochtitlan,
Nj7,Mixe,xd1306,isth1238,Isthmus Mixe,Mixe-Zoque,EA015,2,"Segmented, no exogamy",1930,with special reference to Ayutla,
Nj8,Tarasco,xd1307,pure1242,Purepecha,Tarascan,EA015,2,"Segmented, no exogamy",1500,,
Sa11,Kaqchikel,xd1311,kaqc1270,Kaqchikel,Mayan,EA015,2,"Segmented, no exogamy",1880,,
Sa13,K'iche',xd1313,kich1262,K'iche',Mayan,EA015,2,"Segmented, no exogamy",1930,Town of Chichicastenango,
Sa17,Poqomam,xd1317,poqo1253,Poqomam,Mayan,EA015,2,"Segmented, no exogamy",1950,with special reference to the village of Chinantla,
Sa8,Mam,xd1324,mamm1241,Mam,Mayan,EA015,2,"Segmented, no exogamy",1930,with special reference to the village of Santiago Chimaltenango,
Sb1,Callinago,xd1326,isla1278,Island Carib,Arawakan,EA015,2,"Segmented, no exogamy",1650,Dominica Island,
Sc6,Saramaccan ,xd1349,sara1340,Saramaccan,Indo-European,EA015,2,"Segmented, no exogamy",1920,Upper Suriname River; Akwa on Morini River,
Sd8,Sanema,xd1360,sanu1240,Sanumá,Yanomamic,EA015,2,"Segmented, no exogamy",1950,,
Sd9,Yanomami,xd1361,yano1261,Yanomamö,Yanomamic,EA015,2,"Segmented, no exogamy",1965,Shamatari Tribe; Bisaasi-teri,
Se1,Sirionó,xd1362,siri1273,Sirionó,Tupian,EA015,2,"Segmented, no exogamy",1940,Vicinity of the Rio Blanco,"The entry assumes that the matrilocal extended families are organized around matrilineage cores; if there are actually no lineages, the entry should be U; Holmberg does not report lineages but admits, in personal discussion, that he may conceivably have overlooked their existence"
Si1,Bororo,xd1397,boro1282,Bororo,Bororoan,EA015,2,"Segmented, no exogamy",1920,Kejara,
Sj2,Sherente,xd1410,xere1240,Xerénte,Nuclear-Macro-Je,EA015,2,"Segmented, no exogamy",1850,,
Sj4,Canela,xd1412,cane1242,Canela-Krahô,Nuclear-Macro-Je,EA015,2,"Segmented, no exogamy",1930,Ramcocamecra or Canella,
Sj7,Apinaye,xd1415,apin1244,Apinayé,Nuclear-Macro-Je,EA015,2,"Segmented, no exogamy",1920,,
ch14,Chuvash,xd551,chuv1255,Chuvash,Turkic,EA015,2,"Segmented, no exogamy",1908,with special reference to the Virjal group,
ch19,Karelians,xd556,livv1243,Livvi,Uralic,EA015,2,"Segmented, no exogamy",1874,with special reference to the Livvikjoj group of the Olonetskij Uezd,
Aa9,Hadza,xd9,hadz1240,Hadza,,EA015,3,Agamous,1910,Hatsa Kindiga Tribe,
Ab11,Xhosa,xd12,xesi1238,Xesibe,Atlantic-Congo,EA015,3,Agamous,1850,,
Ab3,Lozi,xd26,lozi1239,Lozi,Atlantic-Congo,EA015,3,Agamous,1890,Ruling Luyana,
Ab8,Sotho,xd31,sout2807,Southern Sotho,Atlantic-Congo,EA015,3,Agamous,1860,Basuto,
Ab9,Ndebele,xd32,nort2795,Zimbabwean Ndebele,Atlantic-Congo,EA015,3,Agamous,1870,,
Ac1,Ila,xd33,ilaa1246,Ila,Atlantic-Congo,EA015,3,Agamous,1920,,
Ac17,Suku,xd41,suku1259,Suku,Atlantic-Congo,EA015,3,Agamous,1910,Feshi territory lineage center,
Ac19,Teke,xd43,teke1278,Teke-Eboo-Nzikou,Atlantic-Congo,EA015,3,Agamous,1880,,
Ac23,Lele,xd48,lele1265,Lele (Democratic Republic of Congo),Atlantic-Congo,EA015,3,Agamous,1950,with special reference to the western Lele,
Ac26,Yanzi,xd51,yans1239,Yansi,Atlantic-Congo,EA015,3,Agamous,1920,,
Ac3,Bemba,xd55,town1238,Town Bemba,Atlantic-Congo,EA015,3,Agamous,1900,Zambia branch,
Ac30,Plateau Tonga,xd56,tong1318,Tonga (Zambia),Atlantic-Congo,EA015,3,Agamous,1940,,
Ac31,Buye,xd57,buyu1239,Buyu,Atlantic-Congo,EA015,3,Agamous,1910,,
Ac34,Luapula,xd60,luun1238,Luunda,Atlantic-Congo,EA015,3,Agamous,1940,,
Ac37,Kunda,xd63,kund1255,Chikunda,Atlantic-Congo,EA015,3,Agamous,1950,,
Ac38,Nyanja,xd64,nucl1395,Nuclear Nyanja,Atlantic-Congo,EA015,3,Agamous,1910,,
Ac5,Lamba,xd71,lamb1271,Lamba,Atlantic-Congo,EA015,3,Agamous,1920,,
Ac9,Ngoni,xd75,ngon1269,Ngoni,Atlantic-Congo,EA015,3,Agamous,1940,with special reference to the Mpezeni group of Fort Jameson,
Ad1,Bajuni,xd76,baju1245,Bajuni,Atlantic-Congo,EA015,3,Agamous,1950,,
Ad11,Bena,xd78,bena1262,Bena (Tanzania),Atlantic-Congo,EA015,3,Agamous,1930,,
Ad22,Sukuma,xd90,suku1261,Sukuma,Atlantic-Congo,EA015,3,Agamous,1950,,
Ad33,Pokomo,xd102,poko1261,Pokomo,Atlantic-Congo,EA015,3,Agamous,1900,,
Ad46,Soga,xd116,soga1242,Soga,Atlantic-Congo,EA015,3,Agamous,1950,,
Ad48,Toro,xd118,toor1238,Tooro,Atlantic-Congo,EA015,3,Agamous,1950,,"Formerly probably clans (code ""6"")"
Ad49,Zinza,xd119,zinz1238,Zinza,Atlantic-Congo,EA015,3,Agamous,1950,,
Ad5,Mbugwe,xd120,mbug1242,Mbugwe,Atlantic-Congo,EA015,3,Agamous,1940,,
Ad6,Nyakyusa,xd123,nyak1261,Nyakyusa,Atlantic-Congo,EA015,3,Agamous,1930,Age villages of Mwaya and Masoko,
Ae17,Rega,xd135,lega1249,Lega-Shabunda,Atlantic-Congo,EA015,3,Agamous,1900,,
Ae18,Songye,xd136,song1303,Songe,Atlantic-Congo,EA015,3,Agamous,1900,,
Ae20,Ekonda,xd139,ekon1238,Ekonda Mongo,Atlantic-Congo,EA015,3,Agamous,1940,,
Ae22,Kutsu,xd141,kusu1252,Kusu,Atlantic-Congo,EA015,3,Agamous,1900,with special reference to the Bankutu,
Ae28,Ngala,xd147,ling1263,Lingala,Atlantic-Congo,EA015,3,Agamous,1900,,
Ae6,Luba,xd182,luba1250,Luba-Katanga,Atlantic-Congo,EA015,3,Agamous,1930,with special reference to the Bena Kalundwe,
Af27,Eloyi,xd205,eloy1241,Eloyi,Atlantic-Congo,EA015,3,Agamous,1950,,
Af29,Idoma,xd207,idom1241,Idoma,Atlantic-Congo,EA015,3,Agamous,1950,,
Af3,Ashanti,xd208,asan1239,Asante,Atlantic-Congo,EA015,3,Agamous,1900,Kumasi State,
Af31,Koro,xd210,ashe1269,Ashe,Atlantic-Congo,EA015,3,Agamous,1960,with special reference to the Lafia,
Af38,Abron,xd217,abro1238,Abron,Atlantic-Congo,EA015,3,Agamous,1900,,
Af42,Fante,xd222,fant1241,Fante,Atlantic-Congo,EA015,3,Agamous,1900,,
Ag11,Lobi,xd246,lobi1245,Lobi,Atlantic-Congo,EA015,3,Agamous,1910,,
Ag21,Bassari,xd257,bass1258,Bassari-Tanda,Atlantic-Congo,EA015,3,Agamous,1910,,
Ag22,Serer,xd258,sere1260,Sereer,Atlantic-Congo,EA015,3,Agamous,1920,with special reference to those of Sine,
Ag25,Soninke,xd261,soni1259,Soninke,Mande,EA015,3,Agamous,1900,,
Ag35,Kulango,xd272,boun1243,Bouna Kulango,Atlantic-Congo,EA015,3,Agamous,1910,,
Ag8,Coniagui,xd296,wame1240,Wamey,Atlantic-Congo,EA015,3,Agamous,1910,with special reference to the Coniagui,
Ag9,Malinke,xd297,kita1249,Kita Maninkakan,Mande,EA015,3,Agamous,1930,,
Ah15,Reshe,xd304,resh1242,Reshe,Atlantic-Congo,EA015,3,Agamous,1920,,
Ah2,Jukun,xd309,juku1254,Jukun Takum,Atlantic-Congo,EA015,3,Agamous,1920,,
Ah24,Kentu,xd314,etky1238,Etkywan,Atlantic-Congo,EA015,3,Agamous,1920,,
Ah26,Ndoro,xd316,ndoo1241,Ndoola,Atlantic-Congo,EA015,3,Agamous,1920,,
Ai11,Mangbetu,xd339,nucl1420,Nuclear Mangbetu,Central Sudanic,EA015,3,Agamous,1900,,
Ai3,Azande,xd359,zand1248,Zande,Atlantic-Congo,EA015,3,Agamous,1920,,
Ai38,Korongo,xd368,kron1241,Krongo,Kadugli-Krongo,EA015,3,Agamous,1930,,
Ai39,Mesakin,xd369,ngil1242,Ngile,Narrow Talodi,EA015,3,Agamous,1940,,
Ai42,Tullishi,xd373,tuli1249,Tulishi,Kadugli-Krongo,EA015,3,Agamous,1940,,
Ai43,Nyimang,xd374,amas1236,Ama (Sudan),Nyimang,EA015,3,Agamous,1930,,
Aj10,Acholi,xd385,dhop1238,Dhopaluo,Nilotic,EA015,3,Agamous,1920,,
Aj19,Didinga,xd394,didi1258,Didinga,Surmic,EA015,3,Agamous,1920,,
Aj2,Maasi,xd395,masa1300,Masai,Nilotic,EA015,3,Agamous,1900,Kisonko or Southern Masai of Tanzania,
Aj20,Suri,xd396,suri1267,Tirma-Chai,Surmic,EA015,3,Agamous,1940,,
Aj21,Jie,xd397,jiee1239,Jie,Nilotic,EA015,3,Agamous,1930,,
Aj25,Keyu,xd401,keiy1238,Keiyo,Nilotic,EA015,3,Agamous,1920,,
Aj26,Hill Suk,xd402,west2492,West Pokot,Nilotic,EA015,3,Agamous,1910,,
Aj4,Lango,xd409,lang1324,Lango (Uganda),Nilotic,EA015,3,Agamous,1920,,
Aj7,Nandi,xd412,nand1266,Nandi,Nilotic,EA015,3,Agamous,1910,,
Aj9,Kipsigis,xd414,kips1239,Kipsigis,Nilotic,EA015,3,Agamous,1920,,
Ca15,Darasa,xd421,gede1246,Gedeo,Afro-Asiatic,EA015,3,Agamous,1930,,
Ca16,Sidama,xd422,sida1246,Sidamo,Afro-Asiatic,EA015,3,Agamous,1930,,
Ca27,Anfillo,xd434,anfi1235,Anfillo,Ta-Ne-Omotic,EA015,3,Agamous,1930,,
Ca3,Tigrinya,xd437,tigr1271,Tigrinya,Afro-Asiatic,EA015,3,Agamous,1950,,
Ca34,Ababda,xd442,abab1239,Ababda,Afro-Asiatic,EA015,3,Agamous,1920,,
Ca35,Amarar,xd443,amar1281,Amara (Beja),Afro-Asiatic,EA015,3,Agamous,1930,,
Ca36,Beni-Amer,xd444,mans1267,Mansa',Afro-Asiatic,EA015,3,Agamous,1860,,
Ca38,Tigre,xd446,mans1267,Mansa',Afro-Asiatic,EA015,3,Agamous,1860,"with special reference to the Maria (Marea, Marya) subtribe in the north",
Cb1,Maguzawa,xd458,kano1249,Kano,Afro-Asiatic,EA015,3,Agamous,1940,,
Cb12,Gimma,xd461,nort3133,North Kordofan Arabic,Afro-Asiatic,EA015,3,Agamous,1920,,
Cb13,Habbaniya,xd462,nort3133,North Kordofan Arabic,Afro-Asiatic,EA015,3,Agamous,1930,,
Cb16,Shuwa,xd465,char1283,Chari-Baguirmi,Afro-Asiatic,EA015,3,Agamous,1920,,
Cb18,Kanembu,xd467,kane1243,Kanembu,Saharan,EA015,3,Agamous,1930,,
Cb21,Djafun,xd471,adam1253,Adamawa Fulfulde,Atlantic-Congo,EA015,3,Agamous,1930,,
Cb25,Tazarawa,xd475,haus1257,Hausa,Afro-Asiatic,EA015,3,Agamous,1930,,
Cb3,Songhai,xd480,koyr1242,Koyraboro Senni Songhai,Songhay,EA015,3,Agamous,1940,Bamba division,
Cb4,Hasania,xd481,khar1296,Khartoum,Afro-Asiatic,EA015,3,Agamous,1920,,
Cb7,Bolewa,xd484,nucl1695,Bole,Afro-Asiatic,EA015,3,Agamous,1920,,
Cc10,Asben,xd488,taya1257,Tayart Tamajeq,Afro-Asiatic,EA015,3,Agamous,1900,,
Cc11,Azjer,xd489,ghat1242,Ghat,Afro-Asiatic,EA015,3,Agamous,1860,,
Cc13,Udalan Tuareg,xd491,timb1263,Timbuktu,Afro-Asiatic,EA015,3,Agamous,1920,,
Cc17,Delim,xd495,hass1238,Hassaniyya,Afro-Asiatic,EA015,3,Agamous,1930,,
Cc5,Kel Antessar,xd502,timb1263,Timbuktu,Afro-Asiatic,EA015,3,Agamous,1910,,
Cc8,Aulliminden,xd505,ioul1238,Ioullemmeden,Afro-Asiatic,EA015,3,Agamous,1890,,
Cd1,Barabra,xd507,kenu1236,Kenuzi-Dongola,Nubian,EA015,3,Agamous,1920,Kenuzi Nubians of Dahmit,
Cd13,Hamama,xd511,sout3114,South-Western Tunisian,Afro-Asiatic,EA015,3,Agamous,1930,,
Cd14,Hamyan,xd512,oran1236,Oran,Afro-Asiatic,EA015,3,Agamous,1870,,
Cd15,Jebala,xd513,jebl1238,Jebli,Afro-Asiatic,EA015,3,Agamous,1910,,
Cd7,Beraber,xd525,cent2194,Central Moroccan Berber,Afro-Asiatic,EA015,3,Agamous,1910,with special reference to the Zemmur tribe,
Cd8,Shawiya,xd526,tach1249,Chaouia of the Aures,Afro-Asiatic,EA015,3,Agamous,1910,,
Ce3,Ancient Romans,xd530,lati1261,Latin,Indo-European,EA015,3,Agamous,100,City and environs of Rome,
Ce4,French Basques,xd531,labo1236,Labourdin,Basque,EA015,3,Agamous,1930,Labourd,
Ce6,Spaniards,xd533,stan1288,Spanish,Indo-European,EA015,3,Agamous,1950,with special reference to the inhabitants of Andalusia,
Ce7,Greeks,xd534,mode1248,Modern Greek,Indo-European,EA015,3,Agamous,1950,with special reference to the village of Vasilika,
Ce8,Spanish Basques,xd535,west1508,Western Low Navarrese,Basque,EA015,3,Agamous,1934,with special reference to the village of Vera,
Cf1,New Englanders,xd536,stan1293,English,Indo-European,EA015,3,Agamous,1920,Small City in Connecticut,
Cf2,Boers,xd537,afri1274,Afrikaans,Indo-European,EA015,3,Agamous,1850,of the Transvaal,
Cf4,Brazilians,xd539,braz1246,Brazilian Portuguese,Indo-European,EA015,3,Agamous,1940,with special reference to the village of Cruz das Almas near Sao Paulo,
Cf5,French Canadians,xd540,stan1290,French,Indo-European,EA015,3,Agamous,1930,,
Cg1,Dutch,xd541,dutc1256,Dutch,Indo-European,EA015,3,Agamous,1950,with special reference to the village of Anderen in Anlo parish of Drente province,
Cg2,Icelanders,xd542,icel1247,Icelandic,Indo-European,EA015,3,Agamous,1100,,
Cg3,Irish,xd543,iris1253,Irish,Indo-European,EA015,3,Agamous,1930,County Clare,
Cg5,Walloons,xd545,wall1255,Walloon,Indo-European,EA015,3,Agamous,1950,,
Ch10,Romanians,xd547,baya1255,Bayash-Rudar,Indo-European,EA015,3,Agamous,1910,,
Ch11,Russians,xd548,russ1263,Russian,Indo-European,EA015,3,Agamous,1955,Viriatino Village,
Ch3,Czechs,xd567,czec1258,Czech,Indo-European,EA015,3,Agamous,1940,with special reference to the Hana district of central Moravia,
Ch4,Mari,xd568,east2328,Eastern Mari,Uralic,EA015,3,Agamous,1900,,
Ch5,Bulgarians,xd569,bulg1262,Bulgarian,Indo-European,EA015,3,Agamous,1940,with special reference to the village of Dragelevtsy,
Ch6,Byelorussians,xd570,bela1254,Belarusian,Indo-European,EA015,3,Agamous,1910,,
Ch9,Lithuanians,xd573,lith1251,Lithuanian,Indo-European,EA015,3,Agamous,1930,,
Ci10,Armenians,xd575,nucl1235,Eastern Armenian,Indo-European,EA015,3,Agamous,1900,Vicinity of Erevan,
Ci4,Cherkess,xd580,kaba1278,Kabardian,Abkhaz-Adyge,EA015,3,Agamous,1920,,
Ci5,Turks,xd581,nucl1301,Turkish,Turkic,EA015,3,Agamous,1950,Northern Anatolian Plateau,
Cj1,Syrians,xd586,nort3142,North Mesopotamian Arabic,Afro-Asiatic,EA015,3,Agamous,1950,with special reference to the village of Tell Toqaan,
Cj2,Rwala,xd588,east2690,Eastern Egyptian Bedawi Arabic,Afro-Asiatic,EA015,3,Agamous,1920,Unspecified,"The local clan, however, shows a tendency toward endogamy"
Cj3,Hebrews,xd589,anci1244,Ancient Hebrew,Afro-Asiatic,EA015,3,Agamous,-800,,
Cj6,Jordanians,xd592,sout3123,South Levantine Arabic,Afro-Asiatic,EA015,3,Agamous,1950,with special reference to the sedentary population,
Ea2,Yusufzai,xd601,yusu1238,Yusufzai,Indo-European,EA015,3,Agamous,1950,with special reference to the Yusufsai of Swat,
Ea3,Hazara,xd602,haza1239,Hazaragi,Indo-European,EA015,3,Agamous,1930,with special reference to the Urazgani,But with a marked tendency toward local endogamy
Ea5,Nuristani,xd604,kamv1242,Kamviri,Indo-European,EA015,3,Agamous,1890,,
Ea9,Iranians,xd608,tehr1242,Tehrani,Indo-European,EA015,3,Agamous,1950,,
Eb3,Khalka,xd611,halh1238,Halh Mongolian,Mongolic,EA015,3,Agamous,1940,Narobanchin Territory,
Eb7,Chahar,xd615,peri1253,Peripheral Mongolian,Mongolic,EA015,3,Agamous,1930,,But with a tendency toward local exogamy
Ec10,Ob Ostyak,xd618,khan1273,Kazym-Berezover-Suryskarer Khanty,Uralic,EA015,3,Agamous,1880,with special reference to those on the Ob River,
Ec3,Chukchi,xd631,chuk1273,Chukchi,Chukotko-Kamchatkan,EA015,3,Agamous,1900,Reindeer Division,
Ec5,Koryak,xd633,kory1246,Koryak,Chukotko-Kamchatkan,EA015,3,Agamous,1900,with special reference to the Maritime Koryak,
Ed14,Man,xd641,kimm1245,Kim Mun,Hmong-Mien,EA015,3,Agamous,,with special reference to the Man Lan Ten of North Vietnam,
Ed15b,Chekiang,xd643,wuch1236,Wu Chinese,Sino-Tibetan,EA015,3,Agamous,1936,"Kaihsienkung Village, Chekiang",
Ed16,Cantonese,xd644,yuec1235,Yue Chinese,Sino-Tibetan,EA015,3,Agamous,1940,with special reference to the village of Yannon,
Ed7,Okinawans,xd650,cent2126,Central Okinawan,Japonic,EA015,3,Agamous,1950,,
Ee1,Adi,xd653,bori1243,Bori-Karko,Sino-Tibetan,EA015,3,Agamous,1940,,
Ee2,Burusho,xd654,buru1296,Burushaski,,EA015,3,Agamous,1930,Hunza State,
Ee4,Tibetans,xd656,tibe1272,Tibetan,Sino-Tibetan,EA015,3,Agamous,1920,with special reference to Central Tibet,
Ee5,Shina,xd657,shin1264,Shina,Indo-European,EA015,3,Agamous,1870,with special reference to the Shina tribe,
Ee6,Sherpa,xd658,sher1255,Solu-Khumbu Sherpa,Sino-Tibetan,EA015,3,Agamous,1950,with special reference to those of Khumbu,
Ee8,Magar,xd660,west2418,Western Magar,Sino-Tibetan,EA015,3,Agamous,1950,with special reference to the sedentary inhabitants of Banyan Hill,
Ef7,Pahari,xd669,maha1287,Mahasu Pahari,Indo-European,EA015,3,Agamous,1950,with special reference to the village of Sirkanda in western Uttar Pradesh,
Ef8,Kashmiri,xd670,kash1277,Kashmiri,Indo-European,EA015,3,Agamous,1950,with special reference to the Pandit or Sarasvati Brahmans,
Eg10,Telugu,xd673,telu1262,Telugu,Dravidian,EA015,3,Agamous,1950,with special reference to the village of Shamirpet,
Eg13,Muria Gond,xd676,west2408,Western Muria,Dravidian,EA015,3,Agamous,1941,Bastar State,
Eg14,Reddi,xd677,mukh1238,Mukha-Dora,Dravidian,EA015,3,Agamous,1940,with special reference to those of the Bison Hills,
Eg2,Tamil,xd678,tami1289,Tamil,Dravidian,EA015,3,Agamous,1880,with special reference to the agricultural castes in Tanjore,
Eg6,Kerala,xd682,mala1464,Malayalam,Dravidian,EA015,3,Agamous,1799,with special reference to Northern Kerala,
Eh1,Andamanese,xd686,akab1249,Aka-Bea,Great Andamanese,EA015,3,Agamous,1870,,
Eh10,Betsileo,xd687,bets1235,Betsileo,Austronesian,EA015,3,Agamous,,,
Eh2,Merina,xd688,meri1243,Merina,Austronesian,EA015,3,Agamous,1900,,
Eh5,Nicobarese,xd691,carn1240,Car Nicobarese,Austroasiatic,EA015,3,Agamous,1890,Car Nicobar of North Islands,
Eh6,Sinhalese,xd692,sinh1246,Sinhala,Indo-European,EA015,3,Agamous,1950,with special reference to the Kandyan Sinhalese,
Ei1,Garo,xd696,garo1247,Garo,Sino-Tibetan,EA015,3,Agamous,1900,Rengsanggr,
Ei11,Aimol,xd698,aimo1244,Aimol,Sino-Tibetan,EA015,3,Agamous,1910,,
Ei19,Chin,xd706,asho1236,Asho Chin,Sino-Tibetan,EA015,3,Agamous,1940,,
Ei4,Maras,xd710,mara1382,Mara Chin,Sino-Tibetan,EA015,3,Agamous,1930,Lakher Tribe,
Ei6,Purum,xd712,puru1266,Purum,Sino-Tibetan,EA015,3,Agamous,1930,,
Ei7,Karen,xd713,pwow1235,Pwo Western Karen,Sino-Tibetan,EA015,3,Agamous,1910,,
Ei9,Mogh,xd715,rakh1245,Rakhine,Sino-Tibetan,EA015,3,Agamous,1880,,
Ej11,Cham,xd718,east2563,Eastern Cham,Austronesian,EA015,3,Agamous,1950,with special reference to the non-Muslim Cham of Vietnam,
Ej14,Senoi,xd721,sema1266,Semai,Austroasiatic,EA015,3,Agamous,1960,with special reference to the eastern Semai,
Ej5,Khmer,xd727,cent1989,Central Khmer,Austroasiatic,EA015,3,Agamous,1950,,
Ej6,Moken,xd728,moke1242,Moken,Austronesian,EA015,3,Agamous,1920,of the Mergui Archipelago,
Ej7,Akha,xd729,akha1245,Akha,Sino-Tibetan,EA015,3,Agamous,1950,,
Ej8,Malays,xd730,mala1479,Colloquial Malay,Austronesian,EA015,3,Agamous,1940,with special reference to those of Trengganu,
Ej9,Thai,xd731,thai1261,Thai,Tai-Kadai,EA015,3,Agamous,1940,,
Ia1,Atayal,xd732,atay1247,Atayal,Austronesian,EA015,3,Agamous,1930,Atayal Tribe (but exdluding Sedeq),
Ia12,Sugbuanon,xd735,cebu1242,Cebuano,Austronesian,EA015,3,Agamous,1950,,
Ia13,Badjau Tawi-Tawi,xd736,sout2918,Southern Sama,Austronesian,EA015,3,Agamous,1960,Tawi-Tawi and adjacent islands,
Ia14,Tao,xd737,yami1254,Yami,Austronesian,EA015,3,Agamous,1930,,
Ia16,Kalinga,xd739,lubu1243,Lubuagan Kalinga,Austronesian,EA015,3,Agamous,1910,with special reference to the northern Kalinga,
Ia18,Bisayan,xd741,akla1241,Aklanon,Austronesian,EA015,3,Agamous,1950,with special reference to the village of Manland in western Negros,
Ia2,Sagada,xd742,nort2877,Northern Kankanay,Austronesian,EA015,3,Agamous,1950,,
Ia3,Ifugao,xd743,tuwa1243,Tuwali Ifugao,Austronesian,EA015,3,Agamous,1920,Kiangan Group,
Ia4,Subanun,xd744,cent2089,Central Subanen,Austronesian,EA015,3,Agamous,1950,with special reference to the Eastern Subanun,
Ia5,Hanunoo,xd745,hanu1241,Hanunoo,Austronesian,EA015,3,Agamous,1950,,
Ib1,Iban,xd750,iban1264,Iban,Austronesian,EA015,3,Agamous,1950,"Ulu Ai Group, Baleh",
Ib2,Javanese,xd751,java1254,Javanese,Austronesian,EA015,3,Agamous,1950,Town and environs of Pare; Modjokuto,
Ib4,Toba Batak,xd753,bata1289,Batak Toba,Austronesian,EA015,3,Agamous,1930,with special reference to the Toba group,
Ic12,Sumbawanese,xd762,sumb1241,Sumbawa,Austronesian,EA015,3,Agamous,1951,with special reference to the village of Rarak in Western Sumbawa,
Ic5,Toradja,xd767,pamo1252,Pamona,Austronesian,EA015,3,Agamous,1910,Bare'e subgroup,
Ic6,Tanimbarese,xd768,sela1259,Selaru,Austronesian,EA015,3,Agamous,1930,,
Id10,Walbiri,xd773,warl1254,Warlpiri,Pama-Nyungan,EA015,3,Agamous,1930,,
Id11,Gidjingali,xd774,gunn1248,Gun-narda,Maningrida,EA015,3,Agamous,1950,,
Id3,Tiwi,xd778,tiwi1244,Tiwi,,EA015,3,Agamous,1920,Tiwi Tribe: Melville Island,
Ie16,Kutubu,xd792,foii1241,Foi,East Kutubu,EA015,3,Agamous,1940,,
Ie20,Koita,xd797,koit1244,Koitabu,Koiarian,EA015,3,Agamous,1900,,
Ie30,Mimika,xd808,kamo1255,Kamoro,Nuclear Trans New Guinea,EA015,3,Agamous,1950,,
Ie36,Samarokena,xd814,sama1240,Samarokena,Greater Kwerba,EA015,3,Agamous,1950,,
Ie37,Star Mountain,xd815,ngal1298,Ngalum,Nuclear Trans New Guinea,EA015,3,Agamous,1960,,
Ie38,Dani,xd816,midg1235,Mid Grand Valley Dani,Nuclear Trans New Guinea,EA015,3,Agamous,1960,with special reference to the Dugum group of the Grand Valley of the Balim River,
Ie39,Elema,xd817,orok1267,Orokolo,Eleman,EA015,3,Agamous,1920,with special reference to those of Orokolo Bay,
If11,Kosraeans,xd826,kosr1238,Kosraean,Austronesian,EA015,3,Agamous,1860,,
If13,Nauruans,xd828,naur1243,Nauru,Austronesian,EA015,3,Agamous,1900,,
If5,Ponapeans,xd836,pohn1238,Pohnpeian,Austronesian,EA015,3,Agamous,1910,,
If8,Chamorro,xd839,cham1312,Chamorro,Austronesian,EA015,3,Agamous,1950,with special reference to those of Saipa,
Ig11,Rossel Islanders,xd843,yele1255,Yele,,EA015,3,Agamous,1920,,
Ig14,Dahuni,xd846,suau1242,Suau,Austronesian,EA015,3,Agamous,1900,,
Ig18,Kwaio,xd850,kwai1243,Kwaio,Austronesian,EA015,3,Agamous,1960,,
Ih9,Santa Cruz Islanders,xd875,natu1246,Natügu,Austronesian,EA015,3,Agamous,1930,Graciosa Bay,
Ii2,Tikopia,xd881,tiko1237,Tikopia,Austronesian,EA015,3,Agamous,1930,Ravenga District,
Ii5,Ontong Java,xd884,onto1237,Luangiua,Austronesian,EA015,3,Agamous,1920,"Leuenuwa, Lord Howe's Islanders",
Ii7,Kapingamarangi,xd886,kapi1249,Kapingamarangi,Austronesian,EA015,3,Agamous,1910,,
Ij3,Marquesans,xd892,nort2845,North Marquesan,Austronesian,EA015,3,Agamous,1900,,
Ij5,Raroians,xd894,tuam1242,Tuamotuan,Austronesian,EA015,3,Agamous,1900,,
Ij7,Mangarevans,xd896,mang1401,Mangareva,Austronesian,EA015,3,Agamous,1900,,
Ij8,Tahitians,xd897,tahi1242,Tahitian,Austronesian,EA015,3,Agamous,1900,,
Na1,Nabesna,xd1026,uppe1437,Upper Tanana,Athabaskan-Eyak-Tlingit,EA015,3,Agamous,1930,,
Na10,Chugach,xd1027,chug1254,Chugach,Eskimo-Aleut,EA015,3,Agamous,1930,,
Na12,Nunamiut,xd1029,nort2944,North Slope Inupiatun,Eskimo-Aleut,EA015,3,Agamous,1950,,
Na13,Baffin Island Inuit,xd1030,baff1240,North Baffin Inuktitut,Eskimo-Aleut,EA015,3,Agamous,1880,,
Na14,Inughuit (Northern Greenland),xd1031,pola1254,Polar Eskimo,Eskimo-Aleut,EA015,3,Agamous,1880,,
Na15,Tlicho,xd1032,dogr1252,Dogrib,Athabaskan-Eyak-Tlingit,EA015,3,Agamous,1860,,
Na16,Délįne,xd1033,nort2942,North Slavey,Athabaskan-Eyak-Tlingit,EA015,3,Agamous,1860,,
Na17,DeneTha,xd1034,sout2959,South Slavey,Athabaskan-Eyak-Tlingit,EA015,3,Agamous,1860,"Lynx Point band, Fort Simpson",
Na19,Dakelh,xd1035,carr1249,Carrier,Athabaskan-Eyak-Tlingit,EA015,3,Agamous,1880,with special reference to the Hwitsowitenne,
Na2,Tareumiut,xd1036,nort2944,North Slope Inupiatun,Eskimo-Aleut,EA015,3,Agamous,1880,,
Na20,Kutchin,xd1037,gwic1235,Gwich'in,Athabaskan-Eyak-Tlingit,EA015,3,Agamous,1880,with special reference to the Tatlit of Peel River Kutchin,
Na21,Caribou Inuit,xd1038,cari1277,Kivalliq,Eskimo-Aleut,EA015,3,Agamous,1900,,
Na23,Labrador Inuit,xd1039,labr1244,North Labrador Eskimo,Eskimo-Aleut,EA015,3,Agamous,1890,with special reference to the Koksoagmiu,
Na24,Tasiilaq,xd1040,tunu1234,Tunumiisiut,Eskimo-Aleut,EA015,3,Agamous,1880,,
Na25,Kalaallit (West Greenland),xd1041,kala1399,Kalaallisut,Eskimo-Aleut,EA015,3,Agamous,1910,with special reference to the inhabitants of the Egesminde District,
Na26,Dena'ina,xd1042,tana1289,Tanaina,Athabaskan-Eyak-Tlingit,EA015,3,Agamous,1870,with special reference to the Iliamna,
Na30,Dene,xd1046,chip1261,Chipewyan,Athabaskan-Eyak-Tlingit,EA015,3,Agamous,1880,,
Na31,Eastern Cree,xd1047,sout2978,Southern East Cree,Algic,EA015,3,Agamous,1850,with special reference to those of Albany and Moose Creek,
Na32,Montagnais,xd1048,mont1268,Montagnais,Algic,EA015,3,Agamous,1880,Lake St. John & Mistassini Band,
Na33,Northern Saulteaux,xd1049,alba1270,Albany River Ojibwa,Algic,EA015,3,Agamous,1870,Berens River band,
Na36,Minnesota Ojibwa,xd1052,redl1238,Red Lake Chippewa,Algic,EA015,3,Agamous,1860,with special reference to the Red Lake and White Earth bands,
Na37,Rainy River Ojibwe,xd1053,rain1239,Rainy River Ojibwa,Algic,EA015,3,Agamous,1880,,
Na41,Mi'kmaq,xd1058,mikm1235,Mi'kmaq,Algic,EA015,3,Agamous,1700,Mainland division,
Na43,Netsilik,xd1060,nets1241,Natsilingmiutut,Eskimo-Aleut,EA015,3,Agamous,1920,,
Na44,Taqagmiut,xd1061,queb1248,Nunavik,Eskimo-Aleut,EA015,3,Agamous,1910,,
Na45,Mistissini Cree,xd1062,sout2978,Southern East Cree,Algic,EA015,3,Agamous,1900,,
Na5,Naskapi,xd1063,nask1242,Naskapi,Algic,EA015,3,Agamous,1890,"with special reference to the northern bands (Barren Ground, Ungava, White Whale River)",
Na6,Nunivak,xd1064,kusk1241,General Central Yup'ik,Eskimo-Aleut,EA015,3,Agamous,1930,,
Na7,Attawapiskat Cree,xd1065,swam1239,Swampy Cree,Algic,EA015,3,Agamous,1900,with special reference to the Attawapiskat Swampy Cree,
Na8,Deg Xit'an,xd1066,dege1248,Degexit'an,Athabaskan-Eyak-Tlingit,EA015,3,Agamous,1880,Shageluk Village,
Na9,Aleut,xd1067,east2533,Eastern Aleut,Eskimo-Aleut,EA015,3,Agamous,1830,Unalaska Branch (Eastern Aleut),
Nb10,Alkatcho,xd1069,sout2958,Southern Carrier,Athabaskan-Eyak-Tlingit,EA015,3,Agamous,1865,,
Nb17,Puyallup,xd1076,sout2965,Southern Puget Sound Salish,Salishan,EA015,3,Agamous,1870,,
Nb23,Heiltsuk,xd1083,bell1263,Bella Bella,Wakashan,EA015,3,Agamous,1880,,
Nb33,Chimariko,xd1094,chim1301,Chimariko,,EA015,3,Agamous,1860,,
Nb39,Sinkyone,xd1100,wail1244,Wailaki,Athabaskan-Eyak-Tlingit,EA015,3,Agamous,1860,,
Nb5,Eyak,xd1102,eyak1241,Eyak,Athabaskan-Eyak-Tlingit,EA015,3,Agamous,1890,Eyak Tribe,
Nb7,Tsimshian,xd1104,nucl1649,Southern-Coastal Tsimshian,Tsimshian,EA015,3,Agamous,1880,,
Nb8,Haisla,xd1105,hais1244,Haisla,Wakashan,EA015,3,Agamous,1880,,
Nb9,Nuxalk,xd1106,bell1243,Bella Coola,Salishan,EA015,3,Agamous,1880,"Central group, lower B.C. River",
Nc10,Achumawi,xd1108,achu1247,Achumawi,Palaihnihan,EA015,3,Agamous,1860,,
Nc11,Yana,xd1109,yana1271,Yana,,EA015,3,Agamous,1860,,
Nc12,Maidu,xd1110,nort2952,Northeast Maidu,Maiduan,EA015,3,Agamous,1850,with special reference to the Northeastern Mountain Maidu,
Nc13,Nisenan,xd1111,nise1244,Nisenan,Maiduan,EA015,3,Agamous,1850,with special reference to the Hill and Mountain Nisenan,
Nc16,Huchnom,xd1114,yuki1243,Yuki,Yuki-Wappo,EA015,3,Agamous,1860,,
Nc17,Northern Pomo,xd1115,nort2966,Northern Pomo,Pomoan,EA015,3,Agamous,1860,with special reference to those of Kalekau,
Nc18,Eastern Pomo,xd1116,east2545,Eastern Pomo,Pomoan,EA015,3,Agamous,1860,"Clear Lake, Village of Cignon",
Nc19,Southern Pomo,xd1117,sout2984,Southern Pomo,Pomoan,EA015,3,Agamous,1860,with special reference to those near Santa Rosa,
Nc2,Tübalulabal,xd1118,tuba1278,Tübatulabal,Uto-Aztecan,EA015,3,Agamous,1850,,
Nc20,Wappo,xd1119,wapp1239,Wappo,Yuki-Wappo,EA015,3,Agamous,1860,,
Nc21,Lake Miwok,xd1120,lake1258,Lake Miwok,Miwok-Costanoan,EA015,3,Agamous,1860,,
Nc22,Patwin,xd1121,patw1250,Patwin,Wintuan,EA015,3,Agamous,1850,with special reference to the Hill Patwin,
Nc23,Western Mono,xd1122,mono1275,Mono (USA),Uto-Aztecan,EA015,3,Agamous,1870,,
Nc25,Wukchumni,xd1124,tule1245,Tule-Kaweah Yokuts,Yokutsan,EA015,3,Agamous,1860,,
Nc27,Kawaiisu,xd1126,kawa1283,Kawaiisu,Uto-Aztecan,EA015,3,Agamous,1860,,
Nc28,Chumash,xd1127,cruz1243,Cruzeño,Chumashan,EA015,3,Agamous,1800,,
Nc7,Yuki,xd1138,yuki1243,Yuki,Yuki-Wappo,EA015,3,Agamous,1850,,
Nc8,Klamath,xd1139,klam1254,Klamath-Modoc,,EA015,3,Agamous,1860,Klamath Tribe,
Nc9,Modoc,xd1140,klam1254,Klamath-Modoc,,EA015,3,Agamous,1860,,
Nd11,Shuswap,xd1143,shus1248,Shuswap,Salishan,EA015,3,Agamous,1850,with special reference to the southeastern Shuswap,
Nd12,Bitterroot Salish,xd1144,kali1309,Kalispel,Salishan,EA015,3,Agamous,1860,,
Nd13,Kalispel,xd1145,kali1309,Kalispel,Salishan,EA015,3,Agamous,1860,,
Nd14,Coeur d’Alene,xd1146,coeu1236,Coeur d'Alene,Salishan,EA015,3,Agamous,1860,,
Nd16,Wenatchi,xd1148,wena1241,Wenatchi,Salishan,EA015,3,Agamous,1870,,
Nd17,Klikitat,xd1149,nucl1237,Nuclear Yakima,Sahaptian,EA015,3,Agamous,1870,,
Nd18,Wishram,xd1150,wasc1239,Wasco-Wishram,Chinookan,EA015,3,Agamous,1860,,
Nd2,Southern Ute,xd1152,utee1244,Ute,Uto-Aztecan,EA015,3,Agamous,1860,,
Nd22,Wadadokado,xd1155,nort1551,North Northern Paiute,Uto-Aztecan,EA015,3,Agamous,1870,Wadadika of Harney Valley,
Nd24,Kidutokado,xd1157,nort1551,North Northern Paiute,Uto-Aztecan,EA015,3,Agamous,1870,,
Nd27,Kuyuidokado,xd1160,sout2967,South Northern Paiute,Uto-Aztecan,EA015,3,Agamous,1860,,
Nd29,Tunava (Deep Springs and Fish Lake),xd1162,mono1275,Mono (USA),Uto-Aztecan,EA015,3,Agamous,1870,including the Deep Springs Valley and Fish Lake Valley groups,
Nd31,Koso,xd1165,pana1305,Panamint,Uto-Aztecan,EA015,3,Agamous,1850,,
Nd32,Tümpisa Shoshone (Saline and Panamint),xd1166,pana1305,Panamint,Uto-Aztecan,EA015,3,Agamous,1850,with special reference to those of Saline Valley,
Nd33,Beatty,xd1167,pana1305,Panamint,Uto-Aztecan,EA015,3,Agamous,1870,including the Belted Range group,
Nd35,Mahaguaduka,xd1169,west2622,Western Shoshoni,Uto-Aztecan,EA015,3,Agamous,1870,,
Nd36,Wiyambituka,xd1170,west2622,Western Shoshoni,Uto-Aztecan,EA015,3,Agamous,1870,,
Nd37,Railroad Valley Shoshoni,xd1171,west2622,Western Shoshoni,Uto-Aztecan,EA015,3,Agamous,1870,,
Nd38,Ely Shoshoni,xd1172,west2622,Western Shoshoni,Uto-Aztecan,EA015,3,Agamous,1870,,
Nd39,Spring Valley Shoshoni,xd995,west2622,Western Shoshoni,Uto-Aztecan,EA015,3,Agamous,1870,including the Shoshoni of Snake and Antelope Valleys,
Nd4,Sanpoil,xd1174,sanp1257,Sanpoil,Salishan,EA015,3,Agamous,1870,,
Nd40,Tubaduka,xd1175,west2622,Western Shoshoni,Uto-Aztecan,EA015,3,Agamous,1870,,
Nd41,Wadaduka,xd1176,west2622,Western Shoshoni,Uto-Aztecan,EA015,3,Agamous,1870,,
Nd42,Elko Shoshoni,xd1177,west2622,Western Shoshoni,Uto-Aztecan,EA015,3,Agamous,1870,"including the Carlin, Halleck, and Wells groups",
Nd43,White Knife Shoshoni,xd1178,west2622,Western Shoshoni,Uto-Aztecan,EA015,3,Agamous,1860,,
Nd44,Yahanduka,xd1179,west2622,Western Shoshoni,Uto-Aztecan,EA015,3,Agamous,1850,,
Nd45,Bohogue,xd1180,nort2955,Northern Shoshoni,Uto-Aztecan,EA015,3,Agamous,1860,,
Nd46,Agaiduka,xd1182,nort2955,Northern Shoshoni,Uto-Aztecan,EA015,3,Agamous,1860,,
Nd47,Tukudika,xd1181,nort2955,Northern Shoshoni,Uto-Aztecan,EA015,3,Agamous,1850,,
Nd48,Gosiute,xd1183,gosi1242,Gosiute,Uto-Aztecan,EA015,3,Agamous,1860,with special reference to those of Deep Creek,
Nd50,Panguitch,xd1186,utee1244,Ute,Uto-Aztecan,EA015,3,Agamous,1860,,
Nd52,Shivwits,xd1188,sout2969,Southern Paiute,Uto-Aztecan,EA015,3,Agamous,1860,"including the Suwuntsu (St. George), Gunlock, and Uinkaret groups of Southern Paiute",
Nd53,Southern Paiute (Kaibab),xd1189,sout2969,Southern Paiute,Uto-Aztecan,EA015,3,Agamous,1860,,
Nd54,Chemehuevi,xd1190,chem1251,Chemehuevi,Uto-Aztecan,EA015,3,Agamous,1860,Colorado River Reservation,
Nd55,Southern Paiute (Las Vegas),xd1189,sout2969,Southern Paiute,Uto-Aztecan,EA015,3,Agamous,1860,"including the Pahrump, Ash Medows, and Tule Springs groups",
Nd58,Uintah Ute,xd1194,utee1244,Ute,Uto-Aztecan,EA015,3,Agamous,1860,,
Nd6,Washo,xd1196,wash1253,Washo,,EA015,3,Agamous,1850,,
Nd62,Uncompahgre Ute,xd1199,utee1244,Ute,Uto-Aztecan,EA015,3,Agamous,1860,,
Nd64,Wind River Eastern Shoshone,xd1201,nort2955,Northern Shoshoni,Uto-Aztecan,EA015,3,Agamous,1860,with special reference to the Kucundika,
Nd65,Hualapai,xd1202,wala1270,Walapai,Cochimi-Yuman,EA015,3,Agamous,1870,,
Nd66,Yavapai,xd1203,yava1252,Yavapai,Cochimi-Yuman,EA015,3,Agamous,1870,with exdlusive reference to the Northeastern Yavapai,
Nd67,Tolkepaya,xd1204,yava1252,Yavapai,Cochimi-Yuman,EA015,3,Agamous,1870,,
Nd7,Kutenai,xd1205,kute1249,Kutenai,,EA015,3,Agamous,1880,Lower or eastern branch,
Nd8,Chilcotin,xd1206,chil1280,Chilcotin,Athabaskan-Eyak-Tlingit,EA015,3,Agamous,1880,with special reference to the Alexis Creek and Redstone bands,
Ne14,Bungi,xd1213,west1510,Western Ojibwa,Algic,EA015,3,Agamous,1850,,
Ne15,Hidatsa,xd1214,hida1246,Hidatsa,Siouan,EA015,3,Agamous,1860,Hidatsa Village,
Ne17,Kiowa,xd1216,kiow1266,Kiowa,Kiowa-Tanoan,EA015,3,Agamous,1860,,
Ne19,Plains Cree,xd1218,plai1258,Plains Cree,Algic,EA015,3,Agamous,1850,,
Ne2,Kiowa Apache,xd1219,kiow1264,Kiowa Apache,Athabaskan-Eyak-Tlingit,EA015,3,Agamous,1870,,
Ne6,Mandan,xd1225,mand1446,Mandan,Siouan,EA015,3,Agamous,1830,,
Ne7,Sarcee,xd1226,sars1236,Sarsi,Athabaskan-Eyak-Tlingit,EA015,3,Agamous,1880,,
Nf13,Shawnee,xd1233,shaw1249,Shawnee,Algic,EA015,3,Agamous,1820,with special reference to the Kiskopotha band,
Nf14,Caddo,xd1234,cadd1256,Caddo,Caddoan,EA015,3,Agamous,,,
Nf15,Kickapoo,xd1235,kick1244,Kickapoo,Algic,EA015,3,Agamous,1870,,
Nf5,Wichita,xd1239,wich1260,Wichita,Caddoan,EA015,3,Agamous,1860,,
Nf7,Fox,xd1241,mesk1242,Meskwaki,Algic,EA015,3,Agamous,1830,Tama Reservation,
Nf8,Hasinai,xd1242,cadd1256,Caddo,Caddoan,EA015,3,Agamous,1770,,
Ng11,Yuchi,xd1246,yuch1247,Yuchi,,EA015,3,Agamous,1750,,
Ng12,Choctaw,xd1247,choc1276,Choctaw,Muskogean,EA015,3,Agamous,1760,,
Ng14,Chickasaw,xd1249,chic1270,Chickasaw,Muskogean,EA015,3,Agamous,,,
Ng4,Penobscot,xd1253,peno1243,Penobscot,Algic,EA015,3,Agamous,1900,,
Ng7,Natchez,xd1256,natc1249,Natchez,,EA015,3,Agamous,1700,Natchez Kingdom,
Nh1,Chiricahua,xd1259,mesc1238,Mescalero-Chiricahua Apache,Athabaskan-Eyak-Tlingit,EA015,3,Agamous,1880,Central band,
Nh14,Laguna,xd1264,acom1246,Acoma,Keresan,EA015,3,Agamous,1920,,
Nh15,Mescalero,xd1265,mesc1238,Mescalero-Chiricahua Apache,Athabaskan-Eyak-Tlingit,EA015,3,Agamous,1870,,
Nh16,Jicarilla,xd1266,jica1244,Jicarilla Apache,Athabaskan-Eyak-Tlingit,EA015,3,Agamous,1870,"Jicarilla Reservation, Dulce, New Mexico",
Nh18,Hopi,xd1268,hopi1249,Hopi,Uto-Aztecan,EA015,3,Agamous,1920,Old Oraiibi,
Nh19,Cocopa,xd1269,coco1261,Cocopa,Cochimi-Yuman,EA015,3,Agamous,1850,,
Nh20,Kamia,xd1271,kumi1248,Tipai,Cochimi-Yuman,EA015,3,Agamous,1860,,
Nh21,Mojave,xd1272,moha1256,Mohave,Cochimi-Yuman,EA015,3,Agamous,1850,Fort Mohave and Colorado River Reservation,
Nh23,Kewyipaya,xd1274,yava1252,Yavapai,Cochimi-Yuman,EA015,3,Agamous,1870,,
Nh24,Lipan Apache,xd1275,lipa1241,Lipan Apache,Athabaskan-Eyak-Tlingit,EA015,3,Agamous,1880,,
Nh26,Santa Clara,xd1277,sant1421,Santa Clara,Kiowa-Tanoan,EA015,3,Agamous,1910,,
Nh3,Navajo,xd1279,nava1243,Navajo,Athabaskan-Eyak-Tlingit,EA015,3,Agamous,1930,,
Nh5,Maricopa,xd1281,mari1440,Maricopa,Cochimi-Yuman,EA015,3,Agamous,1850,,
Ni2,Tohono O'odham,xd1287,toho1246,Tohono O'odam,Uto-Aztecan,EA015,3,Agamous,1930,,
Ni4,Seri,xd1289,seri1257,Seri,,EA015,3,Agamous,1900,,
Ni5,Chichimeca,xd1290,chic1272,Chichimeca-Jonaz,Otomanguean,EA015,3,Agamous,1570,,
Ni6,Pima,xd1291,akim1239,Akimel O'odham,Uto-Aztecan,EA015,3,Agamous,1840,,
Ni7,Yaqui,xd1292,yaqu1251,Yaqui,Uto-Aztecan,EA015,3,Agamous,1870,,
Nj5,Mazateco,xd1304,huau1238,Huautla Mazatec,Otomanguean,EA015,3,Agamous,1940,,
Sa16,Tolupan,xd1316,toll1241,Tol,Jicaquean,EA015,3,Agamous,,,
Sa2,Tzeltal,xd1318,tzel1254,Tzeltal,Mayan,EA015,3,Agamous,1940,with special reference to the town of Canuc; some data apply to the group more generally,
Sa5,Bribri,xd1321,brib1243,Bribri,Chibchan,EA015,3,Agamous,1950,,
Sa6,Yucatec Maya,xd1322,yuca1254,Yucatec Maya,Mayan,EA015,3,Agamous,1520,,
Sa7,Garifuna,xd1323,gari1256,Garifuna,Arawakan,EA015,3,Agamous,1940,,
Sa9,Miskito,xd1325,misk1235,Mískito,Misumalpan,EA015,3,Agamous,1920,Vicinity: Cape Gracias a Dios,
Sb2,Cágaba,xd1327,cogu1240,Cogui,Chibchan,EA015,3,Agamous,1940,,
Sb3,Barí (Motilon),xd1328,yukp1241,Yukpa,Cariban,EA015,3,Agamous,1940,with special reference to the Iroka,
Sb4,Cariña,xd1329,taba1267,Tabajari,Cariban,EA015,3,Agamous,1950,with special reference to the Cachama group,
Sb6,Wayuu,xd1331,wayu1243,Wayuu,Arawakan,EA015,3,Agamous,1940,Goajiro Tribe,
Sb7,Yupa,xd1332,yukp1241,Yukpa,Cariban,EA015,3,Agamous,1950,with special reference to the Pariri,
Sb9,Haitians,xd1334,hait1244,Haitian,Indo-European,EA015,3,Agamous,1930,,
Sc10,Lokono,xd1336,araw1276,Lokono,Arawakan,EA015,3,Agamous,1900,,"But Kirchhoff reports 'exogamous communities without specific structure of clans' (code ""4"")"
Sc11,Camaracoto,xd1337,cama1252,Camaracoto,Cariban,EA015,3,Agamous,1930,,
Sc12,Macushi,xd1338,macu1259,Macushi,Cariban,EA015,3,Agamous,1910,,
Sc3,Barama River Carib,xd1346,mura1272,Murato,Cariban,EA015,3,Agamous,1930,Barama River,
Sc4,Guahibo,xd1347,guah1255,Guahibo,Guahiboan,EA015,3,Agamous,1950,with special reference to the non-agricultural groups,
Sd1,Munduruku,xd1353,mund1330,Mundurukú,Tupian,EA015,3,Agamous,1950,Cabrura village,
Sd4,Guaica,xd1356,yano1262,Yanomámi,Yanomamic,EA015,3,Agamous,1950,,
Sd7,Wai-wai,xd1359,waiw1244,Waiwai,Cariban,EA015,3,Agamous,1950,,
Se11,Chácobo,xd1364,chac1251,Chácobo,Pano-Tacanan,EA015,3,Agamous,1960,,
Se3,Shuar,xd1367,shua1257,Shuar,Chicham,EA015,3,Agamous,1930,,
Se7,Camba,xd1371,chiq1248,Chiquitano,,EA015,3,Agamous,1950,a mestizo group in lowland Bolivia,
Sf7,Asháninka,xd1380,ajyi1238,Ajyíninka Apurucayali,Arawakan,EA015,3,Agamous,1900,,
Sg4,Tehuelche,xd1386,tehu1242,Tehuelche,Chonan,EA015,3,Agamous,1870,Equestrian,
Sg5,Alacaluf,xd1387,qawa1238,Qawasqar,Kawesqar,EA015,3,Agamous,1900,with special reference to the southern bands,
Sh3,Abipón,xd1390,abip1241,Abipon,Guaicuruan,EA015,3,Agamous,1800,Those in contact with mission,
Sh6,Chamacoco,xd1393,cham1315,Chamacoco,Zamucoan,EA015,3,Agamous,1890,,
Sh7,Guaraní,xd1394,east2555,Eastern Bolivian Guaraní,Tupian,EA015,3,Agamous,1900,,
Sh8,Toba,xd1395,toba1269,Toba,Guaicuruan,EA015,3,Agamous,1964,with special reference to those of the Argentine Chaco,
Sh9,Lengua,xd1396,leng1262,Lengua,Lengua-Mascoy,EA015,3,Agamous,1890,Those in contact with mission,
Si10,Kuikuru,xd1398,kuik1246,Kuikúro-Kalapálo,Cariban,EA015,3,Agamous,1950,,
Si2,Trumai,xd1399,trum1247,Trumai,,EA015,3,Agamous,1930,Village of Vanivani,
Si4,Nambikwara,xd1401,sout2994,Southern Nambikuára,Nambiquaran,EA015,3,Agamous,1940,Cocozu Group,
Si5,Kamayurá,xd1402,kama1373,Kamayurá,Tupian,EA015,3,Agamous,1940,,
Sj10,Cayua,xd1408,mbya1239,Mbyá Guaraní,Tupian,EA015,3,Agamous,1950,Taquapiri,
Sj11,Shavante,xd1409,xava1240,Xavánte,Nuclear-Macro-Je,EA015,3,Agamous,1958,Village of Sao Domingo,
Sj8,Tupinambá,xd1416,tupi1273,Tupinambá,Tupian,EA015,3,Agamous,1600,Hinterland of Rio de Janeiro,
ch13,Besermyan,xd550,nort2676,North Udmurt,Uralic,EA015,3,Agamous,1894,with special reference to the Glazovskij Uezd Besermyan,
ch15,Erzya Mordvins,xd552,erzy1239,Erzya,Uralic,EA015,3,Agamous,1895,with special reference to those of the Boklinskij Uezd,
ch16,Estonians,xd553,esto1258,Estonian,Uralic,EA015,3,Agamous,1908,with special reference to the Valkskij Uezd,
ch18,Ingrians,xd555,ingr1248,Ingrian,Uralic,EA015,3,Agamous,1927,"with special reference to those of the Kingisepp Rajon, the Leningrad Region",
ch20,Kazan tatar,xd558,midd1325,Middle Tatar,Turkic,EA015,3,Agamous,1910,with special reference to those of the Altayrskij Uezd,
ch21,Latvians,xd559,latv1249,Latvian,Indo-European,EA015,3,Agamous,1881,with special reference to the Vidzeme group,
ch25,Moldovans,xd563,mold1248,Moldavian,Indo-European,EA015,3,Agamous,1900,with special reference to the Beletskij Uezd,
ch28,Votes,xd566,voti1245,Votic,Uralic,EA015,3,Agamous,1900,with special reference to those of the Yamburg Uezd,
ec13,Itelmen,xd621,itel1242,Itelmen,Chukotko-Kamchatkan,EA015,3,Agamous,1710,those of Eastern Kamchatka,
Aa1,!Kung,xd1,juho1239,South-Eastern Ju,Kxa,EA015,4,Exogamous,1950,Nyai Nyae region,
Aa4,Bergdama,xd4,dama1270,Damara,Khoe-Kwadi,EA015,4,Exogamous,1920,,
Aa5,Mbuti,xd5,bila1255,Bila,Atlantic-Congo,EA015,4,Exogamous,1930,"Epulu net-hunters, Ituri forest",Entry follows Schebesta; Czekanowski denies clans
Aa7,Naron,xd7,naro1249,Naro,Khoe-Kwadi,EA015,4,Exogamous,1910,,
Ab1,Herero,xd10,here1253,Herero,Atlantic-Congo,EA015,4,Exogamous,1900,,
Ab10,Pondo,xd11,mpon1252,Mpondo,Atlantic-Congo,EA015,4,Exogamous,1936,,
Ac22,Dzing,xd47,ding1239,Ding,Atlantic-Congo,EA015,4,Exogamous,1930,,
Ac25,Songo,xd50,song1299,Nsong,Atlantic-Congo,EA015,4,Exogamous,1930,with reference to the tribe of this name on the Luniunga and Gobari rivers,
Ac28,Luimbe,xd53,luim1238,Luimbi,Atlantic-Congo,EA015,4,Exogamous,1930,,
Ac29,Luwa,xd54,sond1250,Sonde,Atlantic-Congo,EA015,4,Exogamous,1930,,
Ac32,Kaonde,xd58,kaon1241,Kaonde,Atlantic-Congo,EA015,4,Exogamous,1920,,
Ac36,Tumbuka,xd62,tumb1250,Tumbuka,Atlantic-Congo,EA015,4,Exogamous,1920,,
Ac39,Nyasa,xd65,mwer1247,Mwera (Nyasa),Atlantic-Congo,EA015,4,Exogamous,1920,,
Ac40,Sena,xd67,nucl1396,Sena,Atlantic-Congo,EA015,4,Exogamous,1900,,
Ad16,Ngonde,xd83,ngon1268,Ngonde,Atlantic-Congo,EA015,4,Exogamous,1920,,
Ad17,Safwa,xd84,safw1238,Safwa,Atlantic-Congo,EA015,4,Exogamous,1920,,
Ad20,Nyamwezi,xd88,nyam1276,Nyamwezi,Atlantic-Congo,EA015,4,Exogamous,1920,,
Ad32,Giriama,xd101,giry1241,Giryama,Atlantic-Congo,EA015,4,Exogamous,1900,,
Ad42,Haya,xd112,haya1250,Haya,Atlantic-Congo,EA015,4,Exogamous,1900,,
Ad7,Ganda,xd124,gand1255,Ganda,Atlantic-Congo,EA015,4,Exogamous,1880,Kyaddondo district (V: Kampala),
Ae38,Ndoko,xd158,doko1244,Doko (Democratic Republic of Congo),Atlantic-Congo,EA015,4,Exogamous,1920,,
Ai29,Lendu,xd358,lend1245,Lendu,Central Sudanic,EA015,4,Exogamous,1920,,
Aj28,Tatoga,xd404,dato1239,Barabayiiga-Gisamjanga,Nilotic,EA015,4,Exogamous,1940,,
Aj5,Turkana,xd410,turk1308,Turkana,Nilotic,EA015,4,Exogamous,1920,,
Ca14,Burji,xd420,burj1242,Burji,Afro-Asiatic,EA015,4,Exogamous,1950,,
Ca37,Blin,xd445,bili1260,Bilin,Afro-Asiatic,EA015,4,Exogamous,1850,Bogo Tribe,
Ca7,Amhara,xd455,amha1245,Amharic,Afro-Asiatic,EA015,4,Exogamous,1950,Gondar district,
Cb17,Fur,xd466,furr1244,Fur,Furan,EA015,4,Exogamous,1880,Jebel Marra,
Cb8,Bororo Fulani,xd485,boro1274,Bororo of Kano and Zaria,Atlantic-Congo,EA015,4,Exogamous,1920,with special reference to the Bororo Fulani of Skoto,
Cc14,Daza,xd492,daza1242,Dazaga,Saharan,EA015,4,Exogamous,1880,,
Cc2,Teda,xd498,teda1241,Tedaga,Saharan,EA015,4,Exogamous,1950,Nomads of Tibesti,
Ce1,Gheg,xd528,gheg1238,Gheg Albanian,Indo-European,EA015,4,Exogamous,1900,Mountain Gheg of No. Albania,
Cg4,Sami,xd544,nort2671,North Saami,Uralic,EA015,4,Exogamous,1950,Konkama District,
Ec4,Yurak-Samoyeds,xd632,nene1249,Tundra Nenets,Uralic,EA015,4,Exogamous,1900,Yurak Tribe,
Ec6,Yukaghir,xd634,nort2745,Northern Yukaghir,Yukaghir,EA015,4,Exogamous,1850,Upper Kolyma River,
Ed1,Koreans,xd638,kore1280,Korean,Koreanic,EA015,4,Exogamous,1950,Kanghwa Island,
Ed5,Japanese,xd648,nucl1643,Japanese,Japonic,EA015,4,Exogamous,1950,Okayama,
Ed9,Li,xd652,hlai1239,Hlai,Tai-Kadai,EA015,4,Exogamous,1930,,
Ee3,Lepcha,xd655,lepc1244,Lepcha,Sino-Tibetan,EA015,4,Exogamous,1930,Lingthem and vicinity,
Ef1,Santal,xd661,sant1410,Santali,Austroasiatic,EA015,4,Exogamous,1940,Bankura and Berghum Districts,
Ef11,Uttar Pradesh,xd663,bhoj1244,Bhojpuri,Indo-European,EA015,4,Exogamous,1945,Village and environs of Senapur,But locally exogamous sibs for the Thakur caste
Ef5,Bhil,xd667,bhil1251,Bhili,Indo-European,EA015,4,Exogamous,1900,,
Ef6,Kurukh,xd668,kuru1302,Kurukh,Dravidian,EA015,4,Exogamous,1940,,
Eg1,Chenchu,xd672,chen1255,Chenchu,Dravidian,EA015,4,Exogamous,1940,with special reference to the forest group,
Eg8,Kol,xd684,mund1320,Mundari,Austroasiatic,EA015,4,Exogamous,1940,,
Ej3,Semang,xd725,kens1248,Kensiu,Austroasiatic,EA015,4,Exogamous,1920,Jehai Group or subtribe,
Ia15,Manobo,xd738,agus1235,Agusan Manobo,Austronesian,EA015,4,Exogamous,1920,with special reference to those of the Agusan Valley,
Ic10,Tobelorese,xd760,tobe1252,Tobelo,North Halmahera,EA015,4,Exogamous,1910,Tobelo District,
Ic2,Alorese,xd764,abui1241,Abui,Timor-Alor-Pantar,EA015,4,Exogamous,1940,Abui of Atimelang Village,
Id4,Diyari,xd779,dier1241,Dieri,Pama-Nyungan,EA015,4,Exogamous,1900,,
Id8,Tasmanians (northwestern),xd783,port1278,Port Sorell,Western Tasmanian,EA015,4,Exogamous,1830,,
If17,Marshallese,xd832,rata1243,Ratak,Austronesian,EA015,4,Exogamous,1900,with special reference to the island of Jaluit,
Ig3,Kurtatchi,xd855,tinp1237,Tinputz,Austronesian,EA015,4,Exogamous,1930,,
Ih14,Mbau Fijians,xd867,bauu1243,Bau (Fijian),Austronesian,EA015,4,Exogamous,1840,"Bau Chiefdom, Vanua Levu",
Ij1,Mangaians,xd889,raro1241,Southern Cook Island Maori,Austronesian,EA015,4,Exogamous,1820,,
Na22,Iglulik Inuit,xd1025,west2618,Western Canadian Inuktitut,Eskimo-Aleut,EA015,4,Exogamous,1920,with special reference to the Aivilingmiut and Iglulingmiut,
Na27,Tahltan,xd1043,tahl1239,Tahltan,Athabaskan-Eyak-Tlingit,EA015,4,Exogamous,1870,,
Na38,Katikitegon,xd1054,uppe1274,Upper Michigan-Wisconsin Chippewa,Algic,EA015,4,Exogamous,1800,with special reference to the Lac Vieux Desert band,
Nb11,Nuu chah nulth,xd1070,nuuc1236,Nuu-chah-nulth,Wakashan,EA015,4,Exogamous,1880,with special reference to the Central Nootka,
Nb12,Klahoose,xd1071,slia1241,Sliammon,Salishan,EA015,4,Exogamous,1880,,
Nb13,Squamish,xd1072,squa1248,Squamish,Salishan,EA015,4,Exogamous,1880,,
Nb14,Comox,xd1073,isla1276,Island Comox,Salishan,EA015,4,Exogamous,1880,,
Nb15,Lummi,xd1074,lumm1243,Lummi,Salishan,EA015,4,Exogamous,1880,,
Nb16,Klallam,xd1075,clal1241,Clallam,Salishan,EA015,4,Exogamous,1860,,
Nb18,Quileute,xd1077,quil1240,Quileute,Chimakuan,EA015,4,Exogamous,1880,,
Nb2,Twana,xd1079,twan1247,Twana,Salishan,EA015,4,Exogamous,1850,Twana Tribe,
Nb20,Tillamook,xd1080,till1254,Tillamook,Salishan,EA015,4,Exogamous,1870,,
Nb21,Coos,xd1081,coos1249,Hanis,Coosan,EA015,4,Exogamous,1860,,
Nb24,Makah,xd1084,maka1318,Makah,Wakashan,EA015,4,Exogamous,1860,,
Nb25,Quinault,xd1085,quin1251,Quinault,Salishan,EA015,4,Exogamous,1860,,
Nb26,Cowichan,xd1086,cowi1241,Cowichan,Salishan,EA015,4,Exogamous,1880,,
Nb27,Stó:lō,xd1087,chil1281,Chiliwack,Salishan,EA015,4,Exogamous,1880,with special reference to the Tait,
Nb28,Alsea,xd1088,alse1251,Alsea-Yaquina,,EA015,4,Exogamous,1860,,
Nb29,Siuslaw,xd1089,sius1254,Siuslaw,,EA015,4,Exogamous,1860,,
Nb3,Kwakwaka'wakw,xd1090,kwak1269,Kwak'wala,Wakashan,EA015,4,Exogamous,1890,,The village tends to be a localized ramage
Nb30,Takelma,xd1091,take1257,Takelma,,EA015,4,Exogamous,1860,,
Nb32,Shasta,xd1093,shas1239,Shasta,Shastan,EA015,4,Exogamous,1860,with special reference to the Shastika or eastern Shasta,
Nb34,Karuk,xd1095,karo1304,Karok,,EA015,4,Exogamous,1860,,
Nb35,Hupa,xd1096,hupa1239,Hupa,Athabaskan-Eyak-Tlingit,EA015,4,Exogamous,1860,,
Nb36,Wiyot,xd1097,wiyo1248,Wiyot,Algic,EA015,4,Exogamous,1860,,
Nb37,Lassik,xd1098,wail1244,Wailaki,Athabaskan-Eyak-Tlingit,EA015,4,Exogamous,1860,,
Nb38,Mattole-Bear River,xd1099,matt1238,Mattole,Athabaskan-Eyak-Tlingit,EA015,4,Exogamous,1860,with special reference to the inhabitants of the Bear River,
Nb4,Yurok,xd1101,yuro1248,Yurok,Algic,EA015,4,Exogamous,1850,,
Nc14,Wintu,xd1112,nucl1651,Nuclear Wintu,Wintuan,EA015,4,Exogamous,1860,with special reference to the northeastern Wintu,
Nc15,Coast Yuki,xd1113,yuki1243,Yuki,Yuki-Wappo,EA015,4,Exogamous,1860,,
Nc4,Atsugewi,xd1135,atsu1245,Atsugewi,Palaihnihan,EA015,4,Exogamous,1860,,
Nd1,Tenino,xd1141,teni1238,Tenino,Sahaptian,EA015,4,Exogamous,1850,,
Nd10,Nlaka'pamux,xd1142,thom1243,Thompson,Salishan,EA015,4,Exogamous,1860,,
Nd19,Umatilla,xd1151,umat1237,Umatilla,Sahaptian,EA015,4,Exogamous,1860,,
Nd20,Nez Perce,xd1153,nezp1238,Nez Perce,Sahaptian,EA015,4,Exogamous,1850,,
Nd30,Eastern Mono,xd1164,mono1275,Mono (USA),Uto-Aztecan,EA015,4,Exogamous,1870,,
Nd63,Bannock,xd1200,bann1248,Bannock,Uto-Aztecan,EA015,4,Exogamous,1860,with special reference to the Eastern Bannock,
Nd9,Lillooet,xd1207,lill1248,Lillooet,Salishan,EA015,4,Exogamous,1860,,
Ne1,Gros Ventre,xd1208,gros1243,Gros Ventre,Algic,EA015,4,Exogamous,1880,Gros Ventre Tribe,
Ne11,Assiniboine,xd1210,assi1247,Assiniboine,Siouan,EA015,4,Exogamous,1870,,
Ne12,Blackfoot,xd1211,pieg1239,Piegan,Algic,EA015,4,Exogamous,1850,,
Ne13,Kainai,xd1212,bloo1239,Blood,Algic,EA015,4,Exogamous,1850,,
Ne18,Piegan,xd1217,pieg1239,Piegan,Algic,EA015,4,Exogamous,1850,,
Ne4,Crow,xd1223,crow1244,Crow,Siouan,EA015,4,Exogamous,1870,,
Ne5,Cheyenne,xd1224,chey1247,Cheyenne,Algic,EA015,4,Exogamous,1860,,
Ne8,Teton,xd1227,lako1247,Lakota,Siouan,EA015,4,Exogamous,1870,,
Ne9,Arapaho,xd1228,arap1274,Arapaho,Algic,EA015,4,Exogamous,1860,,
Sa3,Ch'orti',xd1319,chor1273,Chortí,Mayan,EA015,4,Exogamous,1930,,
Sc16,Ye'kuana,xd1342,maqu1238,Maquiritari,Cariban,EA015,4,Exogamous,1920,with special reference to the Makitare,
Sc17,Piapoco,xd1343,piap1246,Piapoco,Arawakan,EA015,4,Exogamous,1950,,
Sc5,Wapishana,xd1348,wapi1253,Wapishana,Arawakan,EA015,4,Exogamous,1900,,
Sc7,Yabarana,xd1350,yaba1248,Yabarana,Cariban,EA015,4,Exogamous,1950,,
Sc8,Piaroa,xd1351,piar1243,Piaroa,Jodi-Saliban,EA015,4,Exogamous,1950,,
Se8,Amahuaca,xd1372,amah1246,Amahuaca,Pano-Tacanan,EA015,4,Exogamous,1950,Upper Inuya River,
Se9,Shipibo-Conibo,xd1373,ship1254,Shipibo-Conibo,Pano-Tacanan,EA015,4,Exogamous,1920,,
Sg1,Yahgan,xd1383,yama1264,Yámana,,EA015,4,Exogamous,1870,Eastern and central,
Sg3,Ona,xd1385,onaa1245,Selk'nam,Chonan,EA015,4,Exogamous,1880,with special reference to the Shelknam,Entry would be 'clans' if Baer and Schmidt are correct in inferring patrilineal descent (see discussion in Murdock (1965c))
Sh1,Wichí,xd1388,wich1264,Wichí Lhamtés Güisnay,Matacoan,EA015,4,Exogamous,1860,,
Sh5,Choroti,xd1392,iyow1239,Iyo'wujwa Chorote,Matacoan,EA015,4,Exogamous,1910,,
Sj5,Aimoré,xd1413,kren1239,Krenak,Nuclear-Macro-Je,EA015,4,Exogamous,1880,Naknenuk subtribe,
ch26,Udmurt,xd564,sout2681,South Udmurt,Uralic,EA015,4,Exogamous,1890,with special reference to those of the Sarapul'skij Uezd,
ec15,Mansi,xd623,mans1258,Northern Mansi,Uralic,EA015,4,Exogamous,1880,Middle Northern Sos'va group,
Af2,Kissi,xd197,nort2765,Northern Kissi,Atlantic-Congo,EA015,5,"Segmented, exogamy",1950,,
Ag3,Dogon,xd266,bank1259,Bankan Tey Dogon,Dogon,EA015,5,"Segmented, exogamy",1930,,
Ah10,Chawai,xd299,atsa1241,Atsam,Atlantic-Congo,EA015,5,"Segmented, exogamy",1920,,
Ef9,Gujarati,xd671,guja1252,Gujarati,Indo-European,EA015,5,"Segmented, exogamy",1136,"Village of Atgam, Surat District; possibly also other areas",
Eg5,Kodavas,xd681,koda1255,Kodava,Dravidian,EA015,5,"Segmented, exogamy",1930,,
Eh3,Tanala,xd689,tana1285,Tanala,Austronesian,EA015,5,"Segmented, exogamy",1930,Menabe subtribe,
Ie4,Wogeo,xd818,woge1237,Wogeo,Austronesian,EA015,5,"Segmented, exogamy",1930,"Dap, Wonevaro district",
Sg2,Mapuche,xd1384,mapu1245,Mapudungun,Araucanian,EA015,5,"Segmented, exogamy",1880,Cholchol,
Aa2,Dorobo,xd2,okie1245,Okiek,Nilotic,EA015,6,Clans,1920,with special reference to Central Dorobo,
Aa3,Nama,xd3,nama1265,Nama,Khoe-Kwadi,EA015,6,Clans,1840,Gei/Khauan tribe,
Aa6,Sandawe,xd6,sand1273,Sandawe,,EA015,6,Clans,1920,,
Ab12,Zulu,xd13,zulu1248,Zulu,Atlantic-Congo,EA015,6,Clans,1830,,
Ab14,Lovedu,xd15,lobe1242,Lobedu,Atlantic-Congo,EA015,6,Clans,1930,,
Ab15,Pedi,xd16,tswe1238,Tswene,Atlantic-Congo,EA015,6,Clans,1860,,
Ab16,Lenge,xd17,leng1257,Lengue,Atlantic-Congo,EA015,6,Clans,1930,,
Ab17,Ndau,xd18,ndau1241,Ndau,Atlantic-Congo,EA015,6,Clans,1920,,
Ab18,Shona,xd19,shon1251,Shona,Atlantic-Congo,EA015,6,Clans,1920,with special reference to the Zezuru,
Ab2,Swazi,xd21,swat1243,Swati,Atlantic-Congo,EA015,6,Clans,1880,,
Ab21a,Kisama,xd23,sama1300,Sama,Atlantic-Congo,EA015,6,Clans,1930,,
Ab22,Chopi,xd25,copi1238,Copi,Atlantic-Congo,EA015,6,Clans,1920,,
Ab4,Tsonga,xd27,tson1249,Tsonga,Atlantic-Congo,EA015,6,Clans,1920,,
Ab5,Mbundu,xd28,umbu1257,Umbundu,Atlantic-Congo,EA015,6,Clans,1930,,
Ab7,Nyaneka,xd30,nyan1305,Nyaneka,Atlantic-Congo,EA015,6,Clans,1920,"Banianeka, Munyaneka, Ovanyaneka, Vanyaneka",
Ac11,Luvale,xd35,luva1239,Luvale,Atlantic-Congo,EA015,6,Clans,1930,,
Ac12,Chokwe,xd36,chok1245,Chokwe,Atlantic-Congo,EA015,6,Clans,1920,,
Ac14,Bakongo,xd38,sans1272,Cimbala-Cizali,Atlantic-Congo,EA015,6,Clans,1900,,
Ac15,Mbala,xd39,mbal1257,Mbala,Atlantic-Congo,EA015,6,Clans,1900,,
Ac16,Mitsogho,xd40,tsog1243,Tsogo,Atlantic-Congo,EA015,6,Clans,1940,,
Ac18,Sundi,xd42,koon1244,South-Central Kikongo,Atlantic-Congo,EA015,6,Clans,1910,,
Ac2,Pende,xd44,phen1239,Phende,Atlantic-Congo,EA015,6,Clans,1920,,
Ac20,Yaka,xd45,yaka1269,Yaka-Pelende-Lonzo,Atlantic-Congo,EA015,6,Clans,1920,,
Ac21,Bunda,xd46,mpuo1241,Mbuun,Atlantic-Congo,EA015,6,Clans,1910,,
Ac24,Sakata,xd49,saka1287,Sakata,Atlantic-Congo,EA015,6,Clans,1910,,
Ac27,Luchazi,xd52,luch1239,Luchazi,Atlantic-Congo,EA015,6,Clans,1930,,
Ac33,Lala,xd59,lala1264,Lala-Bisa,Atlantic-Congo,EA015,6,Clans,1940,,
Ac6,Ndembu,xd72,lund1266,Lunda,Atlantic-Congo,EA015,6,Clans,1930,,
Ac8,Yombe,xd74,yomb1244,Yombe,Atlantic-Congo,EA015,6,Clans,1930,,
Ad10,Shambaa,xd77,sham1280,Shambala,Atlantic-Congo,EA015,6,Clans,1910,,
Ad12,Gusii,xd79,gusi1247,Gusii,Atlantic-Congo,EA015,6,Clans,1940,,
Ad13,Kiga,xd80,chig1238,Chiga,Atlantic-Congo,EA015,6,Clans,1930,,
Ad15,Iwa,xd82,nyam1275,Nyamwanga,Atlantic-Congo,EA015,6,Clans,1900,,
Ad24,Gogo,xd92,gogo1263,Gogo,Atlantic-Congo,EA015,6,Clans,1910,,
Ad26,Turu,xd94,nyat1246,Nyaturu,Atlantic-Congo,EA015,6,Clans,1910,,
Ad3,Chagga,xd98,moch1256,Mochi,Atlantic-Congo,EA015,6,Clans,1910,,"Lineage localization is, however, uncommon today"
Ad35,Meru,xd104,kiku1240,Kikuyu,Atlantic-Congo,EA015,6,Clans,1940,"To be distinguished from the tribe of the same name on the southeast slope f Mt. Mero, who are a branch of the Chagga",
Ad37,Teita,xd106,tait1250,Taita,Atlantic-Congo,EA015,6,Clans,1940,,
Ad4,Kikuyu,xd109,kiku1240,Kikuyu,Atlantic-Congo,EA015,6,Clans,1930,Fort Hall or Metume district,
Ad41,Vugusu,xd111,buku1249,Bukusu,Atlantic-Congo,EA015,6,Clans,1930,,
Ad44,Konjo,xd114,konz1239,Konzo,Atlantic-Congo,EA015,6,Clans,1920,,
Ad8,Hehe,xd125,hehe1240,Hehe,Atlantic-Congo,EA015,6,Clans,1910,with special reference to the northern or Iringa group,
Ad9,Gisu,xd126,masa1299,Masaaba,Atlantic-Congo,EA015,6,Clans,1900,,
Ae1,Amba,xd127,amba1263,Amba (Uganda),Atlantic-Congo,EA015,6,Clans,1950,with special reference to those of Bwamba in Uganda,
Ae11,Songola,xd129,song1300,Songoora,Atlantic-Congo,EA015,6,Clans,1900,,
Ae12,Duala,xd130,dual1243,Duala,Atlantic-Congo,EA015,6,Clans,1940,,
Ae13,Bashi,xd131,shii1238,Shi,Atlantic-Congo,EA015,6,Clans,1920,,
Ae14,Ha,xd132,haaa1252,Ha,Atlantic-Congo,EA015,6,Clans,1950,,
Ae15,Hunde,xd133,hund1239,Hunde,Atlantic-Congo,EA015,6,Clans,1940,,
Ae16,Lulua,xd134,luba1249,Luba-Lulua,Atlantic-Congo,EA015,6,Clans,1910,,
Ae21,Kela,xd140,yela1238,Yela-Kela,Atlantic-Congo,EA015,6,Clans,1920,,
Ae23,Lalia,xd142,ngan1302,Ngando-Lalia,Atlantic-Congo,EA015,6,Clans,1930,,
Ae24,Mongo,xd143,long1393,Longo (Democratic Republic of Congo),Atlantic-Congo,EA015,6,Clans,1920,,
Ae25,Tetela,xd144,tete1250,Tetela,Atlantic-Congo,EA015,6,Clans,1920,with special reference to the northern Tetela,
Ae27,Lokele,xd146,kele1255,Kele-Foma,Atlantic-Congo,EA015,6,Clans,1910,"The Smith reference describes a Protestant Mission near Stanley Falls, Upper Congo",
Ae29,Poto,xd148,luse1252,Lusengo,Atlantic-Congo,EA015,6,Clans,1900,,
Ae3,Fang,xd149,fang1246,Fang (Equatorial Guinea),Atlantic-Congo,EA015,6,Clans,1910,,
Ae30,Bira,xd150,bila1255,Bila,Atlantic-Congo,EA015,6,Clans,1920,,
Ae31,Budu,xd151,budu1250,Budu,Atlantic-Congo,EA015,6,Clans,1920,,
Ae32,Kumu,xd152,komo1260,Komo (Democratic Republic of Congo),Atlantic-Congo,EA015,6,Clans,1920,,
Ae33,Ndaka Babali,xd153,bali1274,Bali (Democratic Republic of Congo),Atlantic-Congo,EA015,6,Clans,1920,,
Ae34,Plains Bira,xd154,bera1259,Bera,Atlantic-Congo,EA015,6,Clans,1920,,
Ae35,Rumbi,xd155,lomb1254,Lombi,Central Sudanic,EA015,6,Clans,1900,,
Ae36,Bombesa,xd156,mbes1238,Mbesa,Atlantic-Congo,EA015,6,Clans,1920,,
Ae37,Budja,xd157,budz1238,Budza,Atlantic-Congo,EA015,6,Clans,1930,,
Ae4,Nkundo,xd160,nkun1238,Nkundo,Atlantic-Congo,EA015,6,Clans,1930,Ilanga group,
Ae40,Dzem,xd161,njye1238,Njyem,Atlantic-Congo,EA015,6,Clans,1910,,
Ae42,Ngumba,xd163,kwas1243,Kwasio,Atlantic-Congo,EA015,6,Clans,1900,,
Ae43,Sanga,xd164,bomw1238,Bomwali,Atlantic-Congo,EA015,6,Clans,1900,,
Ae47,Puku,xd168,bata1285,Batanga,Atlantic-Congo,EA015,6,Clans,1900,,
Ae48,Bafia,xd169,bafi1243,Bafia,Atlantic-Congo,EA015,6,Clans,1930,,
Ae51,Banen,xd173,tune1261,Tunen,Atlantic-Congo,EA015,6,Clans,1940,Ndiki subtribe,
Ae53,Koko,xd175,bako1249,Bakoko,Atlantic-Congo,EA015,6,Clans,1920,,
Ae59,Widikum,xd181,meta1238,Meta',Atlantic-Congo,EA015,6,Clans,1950,with special reference to the Ngie subtribe,
Ae7,Baboa,xd183,bwaa1238,Bwa,Atlantic-Congo,EA015,6,Clans,1910,,
Af11,Toma,xd188,toma1245,Toma,Mande,EA015,6,Clans,1920,,
Af16,Banyang,xd193,keny1279,Kenyang,Atlantic-Congo,EA015,6,Clans,1910,,
Af46,Bakwe,xd226,bakw1243,Bakwé,Atlantic-Congo,EA015,6,Clans,1900,,
Af47,Krahn,xd227,west2488,Western Krahn,Atlantic-Congo,EA015,6,Clans,1940,,
Af49,Sapo,xd229,sapo1251,Sapo,Atlantic-Congo,EA015,6,Clans,1940,,
Af52,Guro,xd233,guro1248,Guro,Mande,EA015,6,Clans,1920,,
Af53,Tura,xd234,tour1242,Toura (Côte d'Ivoire),Mande,EA015,6,Clans,1950,,
Af57,Temne,xd238,timn1235,Timne,Atlantic-Congo,EA015,6,Clans,1910,,
Af7,Bete,xd241,dalo1238,Daloa Bété,Atlantic-Congo,EA015,6,Clans,1950,,
Ag10,Konkomba,xd245,konk1269,Konkomba,Atlantic-Congo,EA015,6,Clans,1940,,
Ag12,Nankanse,xd247,nank1249,Nankana,Atlantic-Congo,EA015,6,Clans,1910,,
Ag13,Kasena,xd248,kase1253,Kasem,Atlantic-Congo,EA015,6,Clans,1910,,
Ag36,Lowiili,xd273,sout2790,Southern Birifor,Atlantic-Congo,EA015,6,Clans,1950,,
Ag4,Tallensi,xd277,taln1239,Talni,Atlantic-Congo,EA015,6,Clans,1930,Tallensi Tribe,
Ag40,Isala,xd278,tumu1242,Tumulung Sisaala,Atlantic-Congo,EA015,6,Clans,1910,,
Ag41,Kusasi,xd279,kusa1250,Kusaal,Atlantic-Congo,EA015,6,Clans,1920,,
Ag42,Nunuma,xd280,sout2795,Southern Nuni,Atlantic-Congo,EA015,6,Clans,1910,,
Ag48,Basari,xd286,ntch1242,Ntcham,Atlantic-Congo,EA015,6,Clans,1890,,
Ag5,Birifor,xd288,sout2790,Southern Birifor,Atlantic-Congo,EA015,6,Clans,1930,,
Ag51,Somba,xd290,dita1238,Ditammari,Atlantic-Congo,EA015,6,Clans,1940,,
Ag53,Bisa,xd292,biss1248,Bissa,Mande,EA015,6,Clans,1960,with special reference to those of Garango,
Ah1,Katab,xd298,kata1265,Katab,Atlantic-Congo,EA015,6,Clans,1930,Zaria Province,
Ah20,Kagoro,xd310,kago1246,Kagoro (Nigeria),Atlantic-Congo,EA015,6,Clans,1920,,
Ah3,Tiv,xd320,tivv1240,Tiv,Atlantic-Congo,EA015,6,Clans,1920,Tar of Benue Province,
Ah38,Kapsiki,xd329,psik1239,Psikye,Afro-Asiatic,EA015,6,Clans,1930,,
Ah39,Podokwo,xd330,park1239,Parkwa,Afro-Asiatic,EA015,6,Clans,1950,,
Ah7,Mafa,xd334,mafa1239,Mafa,Afro-Asiatic,EA015,6,Clans,1940,,
Ai1,Banda,xd337,west2458,West Central Banda,Atlantic-Congo,EA015,6,Clans,1920,,
Ai20,Tupuri,xd349,tupu1244,Tupuri,Atlantic-Congo,EA015,6,Clans,1910,,
Ai22,Sara,xd351,sarr1246,Sar,Central Sudanic,EA015,6,Clans,1890,,
Ai23,Bwaka,xd352,ngba1284,Ngbaka Ma'bo,Atlantic-Congo,EA015,6,Clans,1920,,
Ai24,Mandja,xd353,manz1243,Manza,Atlantic-Congo,EA015,6,Clans,1900,,
Ai25,Mbandja,xd354,mban1263,Mbandja,Atlantic-Congo,EA015,6,Clans,1950,,
Ai26,Ngbandi,xd355,nort2774,Northern Ngbandi,Atlantic-Congo,EA015,6,Clans,1920,,
Ai27,Abarambo,xd356,bara1361,Barambu,Atlantic-Congo,EA015,6,Clans,1890,,
Ai30,Lese,xd360,lese1243,Lese,Central Sudanic,EA015,6,Clans,1920,,
Ai32,Lugbara,xd362,lugb1240,Lugbara,Central Sudanic,EA015,6,Clans,1920,,
Ai33,Madi,xd363,madi1260,Ma'di,Central Sudanic,EA015,6,Clans,1940,,
Ai34,Moru,xd364,moru1253,Moru,Central Sudanic,EA015,6,Clans,1880,,
Ai35,Bongo,xd365,bong1285,Bongo,Central Sudanic,EA015,6,Clans,1870,,
Ai36,Jur,xd366,luok1236,Luo (Kenya and Tanzania),Nilotic,EA015,6,Clans,1920,,
Ai44,Anuak,xd375,anua1242,Anuak,Nilotic,EA015,6,Clans,1920,,
Ai46,Koma,xd377,komo1258,Komo (Sudan),Koman,EA015,6,Clans,1930,,
Ai47,Mao,xd378,hozo1236,Hozo,Blue Nile Mao,EA015,6,Clans,1939,Northern division,
Ai5,Mamvu,xd379,mamv1243,Mamvu,Central Sudanic,EA015,6,Clans,1920,,
Ai7,Gbaya,xd381,nort2775,Northwest Gbaya,Atlantic-Congo,EA015,6,Clans,1910,,
Ai9,Masa,xd383,masa1322,Masana,Afro-Asiatic,EA015,6,Clans,1910,Around Yagoua in Cameroon,
Aj13,Pojulu,xd388,poju1239,Pöjulu,Nilotic,EA015,6,Clans,1930,,
Aj14,Kakwa,xd389,kakw1240,Kakwa,Nilotic,EA015,6,Clans,1931,,
Aj15,Kuku,xd390,kuku1285,Kuku,Nilotic,EA015,6,Clans,1900,,
Aj16,Mondari,xd391,mand1425,Mandari,Nilotic,EA015,6,Clans,1930,with special reference to the Riverain Mondari,
Aj17,Alur,xd392,alur1250,Alur,Nilotic,EA015,6,Clans,1890,,
Aj23,Plains Suk,xd399,east2420,East Pokot,Nilotic,EA015,6,Clans,1950,,
Aj27,Sapei,xd403,kups1238,Kupsabiny,Nilotic,EA015,6,Clans,1920,,
Aj29,Samburu,xd405,samb1315,Samburu,Nilotic,EA015,6,Clans,1950,,
Aj3,Nuer,xd406,nuer1246,Nuer,Nilotic,EA015,6,Clans,1930,,
Aj6,Luo,xd411,luok1236,Luo (Kenya and Tanzania),Nilotic,EA015,6,Clans,1940,,
Aj8,Bari,xd413,ligo1238,Ligo,Nilotic,EA015,6,Clans,1920,,
Ca10,Esa,xd416,nort3051,Northern Somali,Afro-Asiatic,EA015,6,Clans,1880,,
Ca19,Banna,xd425,hame1242,Hamer-Banna,South Omotic,EA015,6,Clans,1950,,
Ca2,Somali,xd426,nort3051,Northern Somali,Afro-Asiatic,EA015,6,Clans,1950,Dolbahanta clan or subtribe,
Ca21,Hamar,xd428,hame1242,Hamer-Banna,South Omotic,EA015,6,Clans,1950,,
Ca5,Bisharin,xd453,bish1251,Bisharin,Afro-Asiatic,EA015,6,Clans,1930,,
Ca6,Afar,xd454,afar1241,Afar,Afro-Asiatic,EA015,6,Clans,1880,,
Ca8,Gurage,xd456,seba1251,Sebat Bet Gurage,Afro-Asiatic,EA015,6,Clans,1940,,
Cb10,Karekare,xd459,kare1348,Karekare,Afro-Asiatic,EA015,6,Clans,1920,,
Cb2,Wolof,xd469,nucl1347,Wolof,Atlantic-Congo,EA015,6,Clans,1950,Upper and lower Salum in Gambia,
Cb28,Dera,xd478,dera1248,Dera (Nigeria),Afro-Asiatic,EA015,6,Clans,1920,,
Cb29,Ngizim,xd479,ngiz1242,Ngizim,Afro-Asiatic,EA015,6,Clans,1920,,
Cc1,Regeibat,xd487,hass1238,Hassaniyya,Afro-Asiatic,EA015,6,Clans,1950,,
Cc9,Tuareg Ahaggar,xd506,hogg1238,Hoggar,Afro-Asiatic,EA015,6,Clans,1920,Ahaggaren tribe,
Cd3,Riffians,xd521,tari1263,Tarifiyt-Beni-Iznasen-Eastern Middle Atlas Berber,Afro-Asiatic,EA015,6,Clans,1920,Entirety: Moroccan,
Ci1,Kalmyk,xd574,kalm1243,Oirad-Kalmyk,Mongolic,EA015,6,Clans,1920,with special reference to the Baga Dorbed group,
Ci12,Abkhaz,xd577,abkh1244,Abkhazian,Abkhaz-Adyge,EA015,6,Clans,1880,Abkhaz Tribe,
Ci2,Khevsur,xd578,xevs1238,Xevsur,Kartvelian,EA015,6,Clans,1930,,
Ci6,Ossetians,xd582,osse1243,Ossetian,Indo-European,EA015,6,Clans,1880,,
Ci7,Chechen,xd583,chec1245,Chechen,Nakh-Daghestanian,EA015,6,Clans,1900,,
Ci9,Svan,xd585,svan1243,Svan,Kartvelian,EA015,6,Clans,1910,,
Ea10,Marri,xd597,east2304,Eastern Balochi,Indo-European,EA015,6,Clans,1950,with special reference to the more nomadic groups,
Ea8,Bakhtiari,xd607,bakh1245,Bakhtiari,Indo-European,EA015,6,Clans,1920,,
Eb1,Kazakh,xd609,kaza1248,Kazakh,Turkic,EA015,6,Clans,1910,Great Horde,
Eb4,Dagur,xd612,daur1238,Dagur,Mongolic,EA015,6,Clans,1940,with special reference to the Botaha area,
Eb6,Buryat,xd614,russ1264,Russia Buriat,Mongolic,EA015,6,Clans,1900,with special reference to those southeast of Lake Baikal,
Ec2,Yakut,xd628,yaku1245,Sakha,Turkic,EA015,6,Clans,1900,with special reference to the Yakutsk district,
Ed2,Lolo,xd645,sich1238,Sichuan Yi,Sino-Tibetan,EA015,6,Clans,1940,Liang Shan and Taliang S,
Ed3,Manchu,xd646,manc1252,Manchu,Tungusic,EA015,6,Clans,1920,Aigun District,
Ef4,Ho,xd666,hooo1248,Ho,Austroasiatic,EA015,6,Clans,1920,,
Eg12,Khond,xd675,kuii1252,Kui (India),Dravidian,EA015,6,Clans,1940,with special reference to the Bondo,
Eg3,Madia,xd679,mari1414,Maria (India),Dravidian,EA015,6,Clans,1938,Hill Maria,
Eg4,Toda,xd680,toda1252,Toda,Dravidian,EA015,6,Clans,1900,Toda Tribe,
Eg7,Hill Bhuiya,xd683,oriy1255,Odia,Indo-European,EA015,6,Clans,1930,with special reference to the Pauri or Hill Bhuiya,
Eg9,Baiga,xd685,chha1249,Chhattisgarhi,Indo-European,EA015,6,Clans,1930,,
Eh4,Vedda,xd690,vedd1240,Veddah,Indo-European,EA015,6,Clans,1900,with special reference to the Rock Vedda,
Eh8,Sakalava,xd694,saka1291,West Malagasy Sakalava,Austronesian,EA015,6,Clans,1900,,
Eh9,Antaisaka,xd695,tesa1236,Tesaka Malagasy,Austronesian,EA015,6,Clans,1930,,
Ei10,Chakma,xd697,chak1266,Chakma,Indo-European,EA015,6,Clans,1870,,
Ei20,Kuki,xd708,lush1249,Mizo,Sino-Tibetan,EA015,6,Clans,1940,with special reference to those of the Chittagong Hills,
Ej13,Muong,xd720,muon1246,Muong,Austroasiatic,EA015,6,Clans,1940,,
Ej16,Negri Sembilan,xd723,nege1240,Negeri Sembilan Malay,Austronesian,EA015,6,Clans,1958,Inas District,
Ic13,Kodi,xd763,kodi1247,Kodi-Gaura,Austronesian,EA015,6,Clans,1950,,
Ic9,Sumbanese,xd771,kamb1299,Kambera,Austronesian,EA015,6,Clans,1930,with special reference to eastern Sumba,
Id1,Northern Aranda,xd772,east2379,Eastern Arrernte,Pama-Nyungan,EA015,6,Clans,1900,Alice Springs and environs,
Id12,Yir Yoront,xd775,jirj1239,Jir'jorond,Pama-Nyungan,EA015,6,Clans,1930,,
Id13,Anindilyagwa,xd776,anin1240,Anindilyakwa,Gunwinyguan,EA015,6,Clans,1930,,
Id2,"Yolngu, Dhuwal",xd777,dhuw1249,Dhuwal,Pama-Nyungan,EA015,6,Clans,1930,,
Id5,Kariyarra,xd780,kari1304,Kariyarra,Pama-Nyungan,EA015,6,Clans,1910,,
Id6,Wikmunkan,xd781,wikm1247,Wik-Mungkan,Pama-Nyungan,EA015,6,Clans,1920,with special reference to the Archer River group,
Id7,Murriny Patha,xd782,murr1258,Murriny Patha,Southern Daly,EA015,6,Clans,1940,,
Id9,Ngiyambaa,xd784,wang1291,Ngiyambaa,Pama-Nyungan,EA015,6,Clans,1910,,
Ie1,Mee,xd785,ekar1243,Ekari,Nuclear Trans New Guinea,EA015,6,Clans,1950,"Botukebo village, Kamu Valley,  Ijaaj-Pigome confederacy",
Ie11,Kakoli,xd787,umbu1258,Umbu-Ungu,Nuclear Trans New Guinea,EA015,6,Clans,1950,,
Ie12,Kwoma,xd788,kwom1262,Kwoma,Sepik,EA015,6,Clans,1930,Hongwam subtribe; Rumbima,
Ie14,Miriam,xd790,meri1244,Meriam,Eastern Trans-Fly,EA015,6,Clans,1900,,
Ie17,Siane,xd793,sian1257,Siane,Nuclear Trans New Guinea,EA015,6,Clans,1940,,
Ie2,Wantoat,xd796,want1252,Wantoat,Nuclear Trans New Guinea,EA015,6,Clans,1920,,
Ie23,Muju,xd800,sout2940,South Muyu,Nuclear Trans New Guinea,EA015,6,Clans,1950,,
Ie31,Fore,xd809,fore1270,Fore,Nuclear Trans New Guinea,EA015,6,Clans,1950,,
Ie5,Keraki,xd819,namb1293,Nambo,Morehead-Wasur,EA015,6,Clans,1930,,
Ie7,Enga,xd821,enga1252,Enga,Nuclear Trans New Guinea,EA015,6,Clans,1950,with special reference to the Mae group,
Ig21,Tangu,xd854,tang1355,Tanggu,Lower Sepik-Ramu,EA015,6,Clans,1930,with special reference to Boieng Island,
Ig5,Dobuans,xd857,dobu1241,Dobu,Austronesian,EA015,6,Clans,1920,,
Ih10,Tannese,xd863,sout2869,Southwest Tanna,Austronesian,EA015,6,Clans,1920,Whitsands,
Ih11,Epi,xd864,lame1260,Lamenu,Austronesian,EA015,6,Clans,1920,,
Ih12,Eromangans,xd865,siee1239,Sie,Austronesian,EA015,6,Clans,1920,,
Ih2,Seniang,xd868,sout2857,Nahavaq,Austronesian,EA015,6,Clans,1930,Malekula Island,
Ih4,Lau,xd870,laua1243,Lauan,Austronesian,EA015,6,Clans,1920,Lau Island,
Ih5,Ajie,xd871,ajie1238,Ajië,Austronesian,EA015,6,Clans,1860,Neje Chiefdom,
Ih7,Lifu,xd873,dehu1237,Dehu,Austronesian,EA015,6,Clans,1910,,
Na34,Pekangekum,xd1050,lacs1238,Lac Seul Ojibwa,Algic,EA015,6,Clans,1940,a band of Northern Saulteaux very closely akin to Na33 (Berens River band) but described as of a much more recent date,"The ""co-residential group"" approximates a patri-clan"
Na39,Eastern Ojibwa,xd1055,east2542,Eastern Ojibwa,Algic,EA015,6,Clans,1870,with special reference to the Kitchibuan of Parry Island,
Nb1,Haida,xd1068,nort2938,Northern Haida,Haida,EA015,6,Clans,1890,Masset Town,
Nb22,Tlingit,xd1082,tlin1245,Tlingit,Athabaskan-Eyak-Tlingit,EA015,6,Clans,1880,with special reference to the Chilkat,
Nb31,Tututni,xd1092,tutu1242,Tututni,Athabaskan-Eyak-Tlingit,EA015,6,Clans,1870,,
Nb6,Tolowa,xd1103,tolo1259,Tolowa-Chetco,Athabaskan-Eyak-Tlingit,EA015,6,Clans,1870,,
Nc1,Nomlaki,xd1107,noml1242,Nomlaki,Wintuan,EA015,6,Clans,1850,,
Nc24,Southern Valley Yokuts,xd1123,vall1251,Valley Yokuts,Yokutsan,EA015,6,Clans,1860,Tulare Lake,
Nc29,Tongva,xd1128,tong1329,Tongva,Uto-Aztecan,EA015,6,Clans,1770,,
Nc30,Serrano,xd1130,serr1255,Serrano,Uto-Aztecan,EA015,6,Clans,1870,,
Nc31,Cahuilla (Desert),xd1131,cahu1264,Cahuilla,Uto-Aztecan,EA015,6,Clans,1870,with special reference to the Desert Cahuilla,
Nc32,Cupeño,xd1132,cupe1243,Cupeño,Uto-Aztecan,EA015,6,Clans,1870,,
Nc33,Luiseño,xd1133,luis1253,Luiseno,Uto-Aztecan,EA015,6,Clans,1860,,
Nc34,Kiliwa,xd1134,kili1268,Kiliwa,Cochimi-Yuman,EA015,6,Clans,1880,,
Nc5,Central Sierra Miwok,xd1136,cent2140,Central Sierra Miwok,Miwok-Costanoan,EA015,6,Clans,1850,with special reference to the Central Sierra group,
Nc6,Kumeyaay,xd1137,kumi1248,Tipai,Cochimi-Yuman,EA015,6,Clans,1850,with special reference to the Southern Diegueno,
Nf9,Menominee,xd1243,meno1252,Menominee,Algic,EA015,6,Clans,1870,,Specifically reported by Radin
Ng2,Seminole,xd1251,mika1239,Mikasuki,Muskogean,EA015,6,Clans,1940,with special reference to the Cow Creek band,
Nh22,Quechan,xd1273,quec1382,Quechan,Cochimi-Yuman,EA015,6,Clans,1860,,
Nj9,Tlaxcalans,xd1308,cent2132,Tlaxcala-Puebla-Central Nahuatl,Uto-Aztecan,EA015,6,Clans,1960,,
Sa10,Lacandon,xd1310,laca1243,Lacandon,Mayan,EA015,6,Clans,1900,,"Tozzer reports that ""the members of one line of descent generally live in the same neighborhood"""
Sc18,Ndyuka,xd1344,ndyu1242,Aukan,Indo-European,EA015,6,Clans,1960,,
Se12,Tucano,xd1365,tuca1252,Tucano,Tucanoan,EA015,6,Clans,1950,,
Se2,Ticuna,xd1366,ticu1245,Ticuna,Ticuna-Yuri,EA015,6,Clans,1940,,
Se4,Yagua,xd1368,yagu1244,Yagua,Peba-Yagua,EA015,6,Clans,1940,,
Se5,Cubeo,xd1369,cube1242,Cubeo,Tucanoan,EA015,6,Clans,1940,Village on Caduiari River,
Se6,Witoto,xd1370,muru1274,Murui Huitoto,Huitotoan,EA015,6,Clans,1910,,
ch24,Livs,xd562,livv1244,Liv,Uralic,EA015,6,Clans,1847,with special reference to the Northwest Courland,
ec16,Evenk,xd624,even1259,Evenki,Tungusic,EA015,6,Clans,1890,Barguzin group,
ec17,Negidal,xd625,negi1245,Negidal,Tungusic,EA015,6,Clans,1890,Upper Amgun' River group,
ec18,Ulch,xd626,ulch1241,Ulch,Tungusic,EA015,6,Clans,1890,Ulch people as a whole,
ec19,Orok,xd627,orok1265,Orok,Tungusic,EA015,6,Clans,1890,Northern group,
ec20,Oroch,xd629,oroc1248,Oroch,Tungusic,EA015,6,Clans,1890,Oroch people as a whole,
ec21,Udihe,xd630,udih1248,Udihe,Tungusic,EA015,6,Clans,1890,Hor River group,