society_id,society_name,society_xd_id,language_glottocode,language_name,language_family,variable_id,EA012code,EA012code_label,focal_year,sub_case,comment
Ab7,Nyaneka,xd30,nyan1305,Nyaneka,Atlantic-Congo,EA012,1,Avunculocal,1920,"Banianeka, Munyaneka, Ovanyaneka, Vanyaneka",
Ac10,Chewa,xd34,chew1246,Chewa,Atlantic-Congo,EA012,1,Avunculocal,1920,,
Ac11,Luvale,xd35,luva1239,Luvale,Atlantic-Congo,EA012,1,Avunculocal,1930,,
Ac12,Chokwe,xd36,chok1245,Chokwe,Atlantic-Congo,EA012,1,Avunculocal,1920,,
Ac13,Tonga,xd37,tong1321,Tonga (Nyasa),Atlantic-Congo,EA012,1,Avunculocal,1950,,
Ac14,Bakongo,xd38,sans1272,Cimbala-Cizali,Atlantic-Congo,EA012,1,Avunculocal,1900,,
Ac15,Mbala,xd39,mbal1257,Mbala,Atlantic-Congo,EA012,1,Avunculocal,1900,,
Ac16,Mitsogho,xd40,tsog1243,Tsogo,Atlantic-Congo,EA012,1,Avunculocal,1940,,
Ac18,Sundi,xd42,koon1244,South-Central Kikongo,Atlantic-Congo,EA012,1,Avunculocal,1910,,
Ac2,Pende,xd44,phen1239,Phende,Atlantic-Congo,EA012,1,Avunculocal,1920,,
Ac20,Yaka,xd45,yaka1269,Yaka-Pelende-Lonzo,Atlantic-Congo,EA012,1,Avunculocal,1920,,
Ac21,Bunda,xd46,mpuo1241,Mbuun,Atlantic-Congo,EA012,1,Avunculocal,1910,,
Ac22,Dzing,xd47,ding1239,Ding,Atlantic-Congo,EA012,1,Avunculocal,1930,,
Ac23,Lele,xd48,lele1265,Lele (Democratic Republic of Congo),Atlantic-Congo,EA012,1,Avunculocal,1950,with special reference to the western Lele,
Ac24,Sakata,xd49,saka1287,Sakata,Atlantic-Congo,EA012,1,Avunculocal,1910,,
Ac25,Songo,xd50,song1299,Nsong,Atlantic-Congo,EA012,1,Avunculocal,1930,with reference to the tribe of this name on the Luniunga and Gobari rivers,"Entry follows Richards; Beaucorps reports Virilocal (code ""10"")"
Ac26,Yanzi,xd51,yans1239,Yansi,Atlantic-Congo,EA012,1,Avunculocal,1920,,
Ac27,Luchazi,xd52,luch1239,Luchazi,Atlantic-Congo,EA012,1,Avunculocal,1930,,
Ac29,Luwa,xd54,sond1250,Sonde,Atlantic-Congo,EA012,1,Avunculocal,1930,,
Ac31,Buye,xd57,buyu1239,Buyu,Atlantic-Congo,EA012,1,Avunculocal,1910,,
Ac32,Kaonde,xd58,kaon1241,Kaonde,Atlantic-Congo,EA012,1,Avunculocal,1920,,
Ac33,Lala,xd59,lala1264,Lala-Bisa,Atlantic-Congo,EA012,1,Avunculocal,1940,,
Ac34,Luapula,xd60,luun1238,Luunda,Atlantic-Congo,EA012,1,Avunculocal,1940,,
Ac35,Shila,xd61,luba1250,Luba-Katanga,Atlantic-Congo,EA012,1,Avunculocal,1900,,
Ac4,Kuba,xd66,bush1247,Bushoong,Atlantic-Congo,EA012,1,Avunculocal,1910,"with special reference to the Bushoong, the central subtribe",
Ac41,Makonde,xd68,mako1251,Makonde,Atlantic-Congo,EA012,1,Avunculocal,1900,,
Ac6,Ndembu,xd72,lund1266,Lunda,Atlantic-Congo,EA012,1,Avunculocal,1930,,
Ac8,Yombe,xd74,yomb1244,Yombe,Atlantic-Congo,EA012,1,Avunculocal,1930,,
Ad51,Ngulu,xd122,ngul1246,Ngulu,Atlantic-Congo,EA012,1,Avunculocal,1930,,
Ae54,Kom,xd176,komc1235,Kom (Cameroon),Atlantic-Congo,EA012,1,Avunculocal,1950,,
Af3,Ashanti,xd208,asan1239,Asante,Atlantic-Congo,EA012,1,Avunculocal,1900,Kumasi State,
Af44,Alagya,xd224,alla1248,Alladian,Atlantic-Congo,EA012,1,Avunculocal,1900,,
Af9,Baule,xd243,baou1238,Baoulé,Atlantic-Congo,EA012,1,Avunculocal,1900,,
Ag8,Coniagui,xd296,wame1240,Wamey,Atlantic-Congo,EA012,1,Avunculocal,1910,with special reference to the Coniagui,
Ah26,Ndoro,xd316,ndoo1241,Ndoola,Atlantic-Congo,EA012,1,Avunculocal,1920,,
Ah30,Longuda,xd321,long1389,Longuda,Atlantic-Congo,EA012,1,Avunculocal,1920,,
Ah6,Gure,xd333,gbir1241,Gbiri-Niragu,Atlantic-Congo,EA012,1,Avunculocal,1920,,
Ai38,Korongo,xd368,kron1241,Krongo,Kadugli-Krongo,EA012,1,Avunculocal,1930,,
Ai39,Mesakin,xd369,ngil1242,Ngile,Narrow Talodi,EA012,1,Avunculocal,1940,,
Cc13,Udalan Tuareg,xd491,timb1263,Timbuktu,Afro-Asiatic,EA012,1,Avunculocal,1920,,
If1,Palauans,xd824,pala1344,Palauan,Austronesian,EA012,1,Avunculocal,1940,"Ulimang, Badeldaob Island",
Ig1,Siuai,xd841,siwa1245,Siwai,South Bougainville,EA012,1,Avunculocal,1940,Northeastern group,
Ig2,Trobriands,xd852,kili1267,Kilivila,Austronesian,EA012,1,Avunculocal,1910,Kiriwina Island,
Ig20,Kaoka,xd853,long1395,Longgu,Austronesian,EA012,1,Avunculocal,1920,with special reference to the village of Longgu,
Ig21,Tangu,xd854,tang1355,Tanggu,Lower Sepik-Ramu,EA012,1,Avunculocal,1930,with special reference to Boieng Island,
Ih1,Mota,xd862,mota1237,Mota,Austronesian,EA012,1,Avunculocal,1890,,
Na27,Tahltan,xd1043,tahl1239,Tahltan,Athabaskan-Eyak-Tlingit,EA012,1,Avunculocal,1870,,
Nb1,Haida,xd1068,nort2938,Northern Haida,Haida,EA012,1,Avunculocal,1890,Masset Town,
Nb22,Tlingit,xd1082,tlin1245,Tlingit,Athabaskan-Eyak-Tlingit,EA012,1,Avunculocal,1880,with special reference to the Chilkat,
Nb5,Eyak,xd1102,eyak1241,Eyak,Athabaskan-Eyak-Tlingit,EA012,1,Avunculocal,1890,Eyak Tribe,An inference from conflicting residence data confirmed by De Laguna as probably correct
Nb7,Tsimshian,xd1104,nucl1649,Southern-Coastal Tsimshian,Tsimshian,EA012,1,Avunculocal,1880,,
Nb8,Haisla,xd1105,hais1244,Haisla,Wakashan,EA012,1,Avunculocal,1880,,
Sb6,Wayuu,xd1331,wayu1243,Wayuu,Arawakan,EA012,1,Avunculocal,1940,Goajiro Tribe,
Sc6,Saramaccan ,xd1349,sara1340,Saramaccan,Indo-European,EA012,1,Avunculocal,1920,Upper Suriname River; Akwa on Morini River,
Aa1,!Kung,xd1,juho1239,South-Eastern Ju,Kxa,EA012,2,Ambilocal,1950,Nyai Nyae region,
Aa8,/Xam,xd8,xamm1241,/Xam,Tuu,EA012,2,Ambilocal,1850,,
Aa9,Hadza,xd9,hadz1240,Hadza,,EA012,2,Ambilocal,1910,Hatsa Kindiga Tribe,
Ai4,Ingassana,xd370,gaam1241,Gaam,Eastern Jebel,EA012,2,Ambilocal,1920,,
Ce4,French Basques,xd531,labo1236,Labourdin,Basque,EA012,2,Ambilocal,1930,Labourd,
Cg1,Dutch,xd541,dutc1256,Dutch,Indo-European,EA012,2,Ambilocal,1950,with special reference to the village of Anderen in Anlo parish of Drente province,
Ch6,Byelorussians,xd570,bela1254,Belarusian,Indo-European,EA012,2,Ambilocal,1910,,
Cj4,Babylonians,xd590,akka1240,Akkadian,Afro-Asiatic,EA012,2,Ambilocal,-2000,City and environs of Babylon,
Eg1,Chenchu,xd672,chen1255,Chenchu,Dravidian,EA012,2,Ambilocal,1940,with special reference to the forest group,
Eh1,Andamanese,xd686,akab1249,Aka-Bea,Great Andamanese,EA012,2,Ambilocal,1870,,
Ej14,Senoi,xd721,sema1266,Semai,Austroasiatic,EA012,2,Ambilocal,1960,with special reference to the eastern Semai,
Ia13,Badjau Tawi-Tawi,xd736,sout2918,Southern Sama,Austronesian,EA012,2,Ambilocal,1960,Tawi-Tawi and adjacent islands,
Ia2,Sagada,xd742,nort2877,Northern Kankanay,Austronesian,EA012,2,Ambilocal,1950,,
Ia3,Ifugao,xd743,tuwa1243,Tuwali Ifugao,Austronesian,EA012,2,Ambilocal,1920,Kiangan Group,
Ia4,Subanun,xd744,cent2089,Central Subanen,Austronesian,EA012,2,Ambilocal,1950,with special reference to the Eastern Subanun,
Ib1,Iban,xd750,iban1264,Iban,Austronesian,EA012,2,Ambilocal,1950,"Ulu Ai Group, Baleh",
Ib8,Anak Dalam,xd757,kubu1239,Kubu,Austronesian,EA012,2,Ambilocal,1900,with special reference to the Ridan group,
Ic1,Macassarese,xd759,maka1311,Makasar,Austronesian,EA012,2,Ambilocal,1940,Borongloe,
Ie34,Bgu,xd812,bong1287,Bonggo,Austronesian,EA012,2,Ambilocal,1960,,
If3,Majuro,xd834,rata1243,Ratak,Austronesian,EA012,2,Ambilocal,1940,With special reference to the inhabitants of Majuro,
If4,Ifaluk,xd835,nucl1479,Nuclear Woleaian,Austronesian,EA012,2,Ambilocal,1940,with special reference to the inhabitants of Ifaluk atoll,
Ig3,Kurtatchi,xd855,tinp1237,Tinputz,Austronesian,EA012,2,Ambilocal,1930,,
Ig8,Simboese,xd860,simb1256,Simbo,Austronesian,EA012,2,Ambilocal,1910,,
Ii1,American Samoans,xd876,samo1305,Samoan,Austronesian,EA012,2,Ambilocal,1920,with special reference to American Samoa,
Ii7,Kapingamarangi,xd886,kapi1249,Kapingamarangi,Austronesian,EA012,2,Ambilocal,1910,,
Ij5,Raroians,xd894,tuam1242,Tuamotuan,Austronesian,EA012,2,Ambilocal,1900,,
Ij6,Hawaiians,xd895,hawa1245,Hawaiian,Austronesian,EA012,2,Ambilocal,1800,,
Ij8,Tahitians,xd897,tahi1242,Tahitian,Austronesian,EA012,2,Ambilocal,1900,,
Na12,Nunamiut,xd1029,nort2944,North Slope Inupiatun,Eskimo-Aleut,EA012,2,Ambilocal,1950,,
Na14,Inughuit (Northern Greenland),xd1031,pola1254,Polar Eskimo,Eskimo-Aleut,EA012,2,Ambilocal,1880,,
Na2,Tareumiut,xd1036,nort2944,North Slope Inupiatun,Eskimo-Aleut,EA012,2,Ambilocal,1880,,
Na21,Caribou Inuit,xd1038,cari1277,Kivalliq,Eskimo-Aleut,EA012,2,Ambilocal,1900,,
Na37,Rainy River Ojibwe,xd1053,rain1239,Rainy River Ojibwa,Algic,EA012,2,Ambilocal,1880,,
Na5,Naskapi,xd1063,nask1242,Naskapi,Algic,EA012,2,Ambilocal,1890,"with special reference to the northern bands (Barren Ground, Ungava, White Whale River)",
Nb33,Chimariko,xd1094,chim1301,Chimariko,,EA012,2,Ambilocal,1860,,
Nb37,Lassik,xd1098,wail1244,Wailaki,Athabaskan-Eyak-Tlingit,EA012,2,Ambilocal,1860,,
Nb39,Sinkyone,xd1100,wail1244,Wailaki,Athabaskan-Eyak-Tlingit,EA012,2,Ambilocal,1860,,
Nc15,Coast Yuki,xd1113,yuki1243,Yuki,Yuki-Wappo,EA012,2,Ambilocal,1860,,
Nc17,Northern Pomo,xd1115,nort2966,Northern Pomo,Pomoan,EA012,2,Ambilocal,1860,with special reference to those of Kalekau,
Nc18,Eastern Pomo,xd1116,east2545,Eastern Pomo,Pomoan,EA012,2,Ambilocal,1860,"Clear Lake, Village of Cignon",
Nc20,Wappo,xd1119,wapp1239,Wappo,Yuki-Wappo,EA012,2,Ambilocal,1860,,
Nc22,Patwin,xd1121,patw1250,Patwin,Wintuan,EA012,2,Ambilocal,1850,with special reference to the Hill Patwin,
Nd15,Sinkaitk,xd1147,sout2963,Southern Okanogan,Salishan,EA012,2,Ambilocal,1880,,
Nd21,Tagotoka,xd1154,nort1551,North Northern Paiute,Uto-Aztecan,EA012,2,Ambilocal,1870,,
Nd23,Atsakudokwa,xd1156,nort1551,North Northern Paiute,Uto-Aztecan,EA012,2,Ambilocal,1870,,
Nd24,Kidutokado,xd1157,nort1551,North Northern Paiute,Uto-Aztecan,EA012,2,Ambilocal,1870,,
Nd26,Wadatkuht,xd992,sout2967,South Northern Paiute,Uto-Aztecan,EA012,2,Ambilocal,1870,,Not specifically reported; inferred from the adjacent Tasiget Paiute
Nd28,Toedokado,xd1161,sout2967,South Northern Paiute,Uto-Aztecan,EA012,2,Ambilocal,1870,,
Nd29,Tunava (Deep Springs and Fish Lake),xd1162,mono1275,Mono (USA),Uto-Aztecan,EA012,2,Ambilocal,1870,including the Deep Springs Valley and Fish Lake Valley groups,
Nd33,Beatty,xd1167,pana1305,Panamint,Uto-Aztecan,EA012,2,Ambilocal,1870,including the Belted Range group,
Nd34,Lida Shoshoni,xd1168,west2622,Western Shoshoni,Uto-Aztecan,EA012,2,Ambilocal,1870,,
Nd37,Railroad Valley Shoshoni,xd1171,west2622,Western Shoshoni,Uto-Aztecan,EA012,2,Ambilocal,1870,,
Nd38,Ely Shoshoni,xd1172,west2622,Western Shoshoni,Uto-Aztecan,EA012,2,Ambilocal,1870,,
Nd39,Spring Valley Shoshoni,xd995,west2622,Western Shoshoni,Uto-Aztecan,EA012,2,Ambilocal,1870,including the Shoshoni of Snake and Antelope Valleys,
Nd42,Elko Shoshoni,xd1177,west2622,Western Shoshoni,Uto-Aztecan,EA012,2,Ambilocal,1870,"including the Carlin, Halleck, and Wells groups",
Nd45,Bohogue,xd1180,nort2955,Northern Shoshoni,Uto-Aztecan,EA012,2,Ambilocal,1860,,
Nd5,Hukundika,xd1185,nort2955,Northern Shoshoni,Uto-Aztecan,EA012,2,Ambilocal,1870,,
Nd52,Shivwits,xd1188,sout2969,Southern Paiute,Uto-Aztecan,EA012,2,Ambilocal,1860,"including the Suwuntsu (St. George), Gunlock, and Uinkaret groups of Southern Paiute",
Nd54,Chemehuevi,xd1190,chem1251,Chemehuevi,Uto-Aztecan,EA012,2,Ambilocal,1860,Colorado River Reservation,
Nd55,Southern Paiute (Las Vegas),xd1189,sout2969,Southern Paiute,Uto-Aztecan,EA012,2,Ambilocal,1860,"including the Pahrump, Ash Medows, and Tule Springs groups",
Nd6,Washo,xd1196,wash1253,Washo,,EA012,2,Ambilocal,1850,,
Nd66,Yavapai,xd1203,yava1252,Yavapai,Cochimi-Yuman,EA012,2,Ambilocal,1870,with exdlusive reference to the Northeastern Yavapai,
Nd67,Tolkepaya,xd1204,yava1252,Yavapai,Cochimi-Yuman,EA012,2,Ambilocal,1870,,
Ne16,Karankawa,xd1215,kara1289,Karankawa,,EA012,2,Ambilocal,1800,,
Ne3,Comanche,xd1222,coma1245,Comanche,Uto-Aztecan,EA012,2,Ambilocal,1870,Comanche Tribe,
Nf7,Fox,xd1241,mesk1242,Meskwaki,Algic,EA012,2,Ambilocal,1830,Tama Reservation,
Ng4,Penobscot,xd1253,peno1243,Penobscot,Algic,EA012,2,Ambilocal,1900,,
Nh12,Santa Ana,xd1262,sant1426,Santa Ana,Keresan,EA012,2,Ambilocal,1920,,
Nh13,Acoma,xd1263,acom1246,Acoma,Keresan,EA012,2,Ambilocal,1920,,
Nh21,Mojave,xd1272,moha1256,Mohave,Cochimi-Yuman,EA012,2,Ambilocal,1850,Fort Mohave and Colorado River Reservation,
Nh23,Kewyipaya,xd1274,yava1252,Yavapai,Cochimi-Yuman,EA012,2,Ambilocal,1870,,
Nh27,Kewa,xd1278,sant1425,Santo Domingo,Keresan,EA012,2,Ambilocal,1930,,
Ni3,Huichol,xd1288,huic1243,Huichol,Uto-Aztecan,EA012,2,Ambilocal,1920,Huichol Tribe,
Sa3,Ch'orti',xd1319,chor1273,Chortí,Mayan,EA012,2,Ambilocal,1930,,
Sb5,Paraujano,xd1330,para1316,Paraujano,Arawakan,EA012,2,Ambilocal,1950,,
Sc3,Barama River Carib,xd1346,mura1272,Murato,Cariban,EA012,2,Ambilocal,1930,Barama River,
Sd4,Guaica,xd1356,yano1262,Yanomámi,Yanomamic,EA012,2,Ambilocal,1950,,
Sd7,Wai-wai,xd1359,waiw1244,Waiwai,Cariban,EA012,2,Ambilocal,1950,,
Sd8,Sanema,xd1360,sanu1240,Sanumá,Yanomamic,EA012,2,Ambilocal,1950,,
Sg5,Alacaluf,xd1387,qawa1238,Qawasqar,Kawesqar,EA012,2,Ambilocal,1900,with special reference to the southern bands,
Sh2,Terena,xd1389,tere1279,Terena-Kinikinao-Chane,Arawakan,EA012,2,Ambilocal,1850,,
Sh8,Toba,xd1395,toba1269,Toba,Guaicuruan,EA012,2,Ambilocal,1964,with special reference to those of the Argentine Chaco,
Sj3,Aweikoma,xd1411,xokl1240,Xokleng,Nuclear-Macro-Je,EA012,2,Ambilocal,1910,Duque de Caxias Reservation,
Ac3,Bemba,xd55,town1238,Town Bemba,Atlantic-Congo,EA012,3,Avuncu-uxorilocal,1900,Zambia branch,
Ac37,Kunda,xd63,kund1255,Chikunda,Atlantic-Congo,EA012,3,Avuncu-uxorilocal,1950,,
Ac42,Makua,xd69,makh1264,Makhuwa,Atlantic-Congo,EA012,3,Avuncu-uxorilocal,1900,,
Ac5,Lamba,xd71,lamb1271,Lamba,Atlantic-Congo,EA012,3,Avuncu-uxorilocal,1920,,
Ig5,Dobuans,xd857,dobu1241,Dobu,Austronesian,EA012,3,Avuncu-uxorilocal,1920,,Alternating Matrilocal and Avunculocal for periods of a year at a time
Ac28,Luimbe,xd53,luim1238,Luimbi,Atlantic-Congo,EA012,4,Avuncu-virilocal,1930,,
Ac30,Plateau Tonga,xd56,tong1318,Tonga (Zambia),Atlantic-Congo,EA012,4,Avuncu-virilocal,1940,,
Ae38,Ndoko,xd158,doko1244,Doko (Democratic Republic of Congo),Atlantic-Congo,EA012,4,Avuncu-virilocal,1920,,The relative incidence of avunculocal and virilocal residence is unclear
Af42,Fante,xd222,fant1241,Fante,Atlantic-Congo,EA012,4,Avuncu-virilocal,1900,,
Ag35,Kulango,xd272,boun1243,Bouna Kulango,Atlantic-Congo,EA012,4,Avuncu-virilocal,1910,,"But wives often remain in their natal homes, not joining the household of their husband"
Ah2,Jukun,xd309,juku1254,Jukun Takum,Atlantic-Congo,EA012,4,Avuncu-virilocal,1920,,
Ah28,Chamba,xd318,samb1305,Samba Leko,Atlantic-Congo,EA012,4,Avuncu-virilocal,1920,with special reference to the Lekon subtribe,
Ah32,Vere,xd323,momj1237,Mom Jango,Atlantic-Congo,EA012,4,Avuncu-virilocal,1920,,
Cc9,Tuareg Ahaggar,xd506,hogg1238,Hoggar,Afro-Asiatic,EA012,4,Avuncu-virilocal,1920,Ahaggaren tribe,"Virilocal (code ""10"") after an initial period until death of HuFa, then Avunculocal (code ""1"")"
Ig14,Dahuni,xd846,suau1242,Suau,Austronesian,EA012,4,Avuncu-virilocal,1900,,"Or possibly Ambilocal (code ""2"")"
Ig7,Lakalai,xd859,naka1262,Nakanai,Austronesian,EA012,4,Avuncu-virilocal,1950,,
Ac38,Nyanja,xd64,nucl1395,Nuclear Nyanja,Atlantic-Congo,EA012,5,Matrilocal,1910,,
Ac39,Nyasa,xd65,mwer1247,Mwera (Nyasa),Atlantic-Congo,EA012,5,Matrilocal,1920,,
Ac40,Sena,xd67,nucl1396,Sena,Atlantic-Congo,EA012,5,Matrilocal,1900,,
Ac7,Yao,xd73,yaoo1241,Yao,Atlantic-Congo,EA012,5,Matrilocal,1920,,
Ad14,Luguru,xd81,lugu1238,Luguru,Atlantic-Congo,EA012,5,Matrilocal,1930,Morogoro District,
Ad27,Kwere,xd95,kwer1261,Kwere,Atlantic-Congo,EA012,5,Matrilocal,1880,,At least initially
Ad28,Zigula,xd96,zigu1242,Zigula,Atlantic-Congo,EA012,5,Matrilocal,1880,,
Ad50,Kaguru,xd121,kagu1239,Kagulu,Atlantic-Congo,EA012,5,Matrilocal,1900,with special reference to the Mountain Kaguru,
Ag18,Bijogo,xd253,bidy1244,Kangaki-Kagbaaga-Kajoko Bidyogo,Atlantic-Congo,EA012,5,Matrilocal,1930,,
Ah29,Daka,xd319,samb1311,Samba Daka,Atlantic-Congo,EA012,5,Matrilocal,1920,,
Eh4,Vedda,xd690,vedd1240,Veddah,Indo-European,EA012,5,Matrilocal,1900,with special reference to the Rock Vedda,
Ei1,Garo,xd696,garo1247,Garo,Sino-Tibetan,EA012,5,Matrilocal,1900,Rengsanggr,"In each family one daughter marries her FaSiSo, residence being both matrilocal and avunculocal; other daughters live inmatrilocal, neolocal, or even virilocal residence"
Ei8,Khasi,xd714,khas1269,Khasi,Austroasiatic,EA012,5,Matrilocal,1900,with special reference to those of the Jaintia Hills,
Ej10,Rade,xd717,rade1240,Rade,Austronesian,EA012,5,Matrilocal,1950,Ko-Sier Village,
Ej11,Cham,xd718,east2563,Eastern Cham,Austronesian,EA012,5,Matrilocal,1950,with special reference to the non-Muslim Cham of Vietnam,
Ej16,Negri Sembilan,xd723,nege1240,Negeri Sembilan Malay,Austronesian,EA012,5,Matrilocal,1958,Inas District,
Ej2,Mnong Gar,xd724,east2333,Eastern Mnong,Austroasiatic,EA012,5,Matrilocal,1940,with special reference to the village of Sar Luk,
Ia9,Ami,xd749,amis1246,Amis,Austronesian,EA012,5,Matrilocal,1930,with special reference to the southern Ami,
Ic3,Belu,xd765,tetu1245,Tetum,Austronesian,EA012,5,Matrilocal,1950,with special reference to the Mountain Belu,
Ie30,Mimika,xd808,kamo1255,Kamoro,Nuclear Trans New Guinea,EA012,5,Matrilocal,1950,,
If10,Nomoians,xd825,mort1237,Mortlockese,Austronesian,EA012,5,Matrilocal,1940,,
If12,Bikinians,xd827,rali1241,Rälik,Austronesian,EA012,5,Matrilocal,1940,,
If13,Nauruans,xd828,naur1243,Nauru,Austronesian,EA012,5,Matrilocal,1900,,
If15,Carolinians,xd830,caro1242,Carolinian,Austronesian,EA012,5,Matrilocal,1930,,
If16,Lamotrek,xd831,lamo1243,Lamotrek,Austronesian,EA012,5,Matrilocal,1960,,
If17,Marshallese,xd832,rata1243,Ratak,Austronesian,EA012,5,Matrilocal,1900,with special reference to the island of Jaluit,
If2,Trukese,xd833,chuu1238,Chuukese,Austronesian,EA012,5,Matrilocal,1940,Romonum Island,
If5,Ponapeans,xd836,pohn1238,Pohnpeian,Austronesian,EA012,5,Matrilocal,1910,,
Ig4,Lesu,xd856,nots1237,Notsi,Austronesian,EA012,5,Matrilocal,1930,Lesu Village,
Ih6,Rotumans,xd872,rotu1241,Rotuman,Austronesian,EA012,5,Matrilocal,1890,,
Na19,Dakelh,xd1035,carr1249,Carrier,Athabaskan-Eyak-Tlingit,EA012,5,Matrilocal,1880,with special reference to the Hwitsowitenne,
Na4,Kaska,xd1056,kask1239,Kaska,Athabaskan-Eyak-Tlingit,EA012,5,Matrilocal,1920,Upper Liard and Dease River Group,
Ne15,Hidatsa,xd1214,hida1246,Hidatsa,Siouan,EA012,5,Matrilocal,1860,Hidatsa Village,
Ne6,Mandan,xd1225,mand1446,Mandan,Siouan,EA012,5,Matrilocal,1830,,
Nf6,Pawnee,xd1240,pawn1254,Pawnee,Caddoan,EA012,5,Matrilocal,1867,Skidi Band or subtribe,
Ng1,Huron,xd1244,wyan1247,Wyandot,Iroquoian,EA012,5,Matrilocal,1640,Bear and Cord Subtribes,
Ng10,Seneca,xd1245,sene1264,Seneca,Iroquoian,EA012,5,Matrilocal,1750,with special reference to the Seneca tribe,
Ng12,Choctaw,xd1247,choc1276,Choctaw,Muskogean,EA012,5,Matrilocal,1760,,
Ng14,Chickasaw,xd1249,chic1270,Chickasaw,Muskogean,EA012,5,Matrilocal,,,
Ng2,Seminole,xd1251,mika1239,Mikasuki,Muskogean,EA012,5,Matrilocal,1940,with special reference to the Cow Creek band,
Ng3,Muscogee,xd1252,cree1270,Creek,Muskogean,EA012,5,Matrilocal,1750,Upper division in Alabama,
Ng5,Cherokee,xd1254,cher1273,Cherokee,Iroquoian,EA012,5,Matrilocal,1750,,
Ng6,Delaware,xd1255,unam1242,Unami,Algic,EA012,5,Matrilocal,1700,with special reference to the Munsee,
Ng8,Timucua,xd1257,timu1245,Timucua,,EA012,5,Matrilocal,1560,,
Nh14,Laguna,xd1264,acom1246,Acoma,Keresan,EA012,5,Matrilocal,1920,,
Nh17,Western Apache,xd1267,west2615,Western Apache,Athabaskan-Eyak-Tlingit,EA012,5,Matrilocal,1870,,
Nh18,Hopi,xd1268,hopi1249,Hopi,Uto-Aztecan,EA012,5,Matrilocal,1920,Old Oraiibi,
Nh2,Hano,xd1270,ariz1237,Arizona Tewa,Kiowa-Tanoan,EA012,5,Matrilocal,1950,,
Nh3,Navajo,xd1279,nava1243,Navajo,Athabaskan-Eyak-Tlingit,EA012,5,Matrilocal,1930,,
Nh4,Zuni,xd1280,zuni1245,Zuni,,EA012,5,Matrilocal,1910,Pueblo,
Nh7,Cochiti,xd1283,coch1273,Cochiti,Keresan,EA012,5,Matrilocal,1890,,
Sa14,Ngäbe,xd1314,ngab1239,Ngäbere,Chibchan,EA012,5,Matrilocal,,,
Sb1,Callinago,xd1326,isla1278,Island Carib,Arawakan,EA012,5,Matrilocal,1650,Dominica Island,
Sc10,Lokono,xd1336,araw1276,Lokono,Arawakan,EA012,5,Matrilocal,1900,,
Sc18,Ndyuka,xd1344,ndyu1242,Aukan,Indo-European,EA012,5,Matrilocal,1960,,
Si1,Bororo,xd1397,boro1282,Bororo,Bororoan,EA012,5,Matrilocal,1920,Kejara,
Sj4,Canela,xd1412,cane1242,Canela-Krahô,Nuclear-Macro-Je,EA012,5,Matrilocal,1930,Ramcocamecra or Canella,
Sj7,Apinaye,xd1415,apin1244,Apinayé,Nuclear-Macro-Je,EA012,5,Matrilocal,1920,,
Ad1,Bajuni,xd76,baju1245,Bajuni,Atlantic-Congo,EA012,6,Neolocal,1950,,
Ad11,Bena,xd78,bena1262,Bena (Tanzania),Atlantic-Congo,EA012,6,Neolocal,1930,,
Ad16,Ngonde,xd83,ngon1268,Ngonde,Atlantic-Congo,EA012,6,Neolocal,1920,,
Ad6,Nyakyusa,xd123,nyak1261,Nyakyusa,Atlantic-Congo,EA012,6,Neolocal,1930,Age villages of Mwaya and Masoko,
Ad7,Ganda,xd124,gand1255,Ganda,Atlantic-Congo,EA012,6,Neolocal,1880,Kyaddondo district (V: Kampala),
Ca1,Konso,xd415,kons1243,Konso,Afro-Asiatic,EA012,6,Neolocal,1930,Town of Buso,
Ca32,Nara,xd440,nara1262,Nara,,EA012,6,Neolocal,1860,,
Ca33,Kunama,xd441,kuna1268,Kunama,,EA012,6,Neolocal,1860,,"Permanent residence, according to Tucci, is at a place chosen by the bride's father but at a distance from his home"
Cd6,Ancient Egyptians,xd524,egyp1246,Egyptian (Ancient),Afro-Asiatic,EA012,6,Neolocal,-1400,with special reference to the New Empire,
Ce3,Ancient Romans,xd530,lati1261,Latin,Indo-European,EA012,6,Neolocal,100,City and environs of Rome,
Ce5,Neapolitans,xd532,neap1235,Continental Southern Italian,Indo-European,EA012,6,Neolocal,1960,with special reference to the inhabitants of the city of Naples and its immediate environs,
Ce6,Spaniards,xd533,stan1288,Spanish,Indo-European,EA012,6,Neolocal,1950,with special reference to the inhabitants of Andalusia,
Cf1,New Englanders,xd536,stan1293,English,Indo-European,EA012,6,Neolocal,1920,Small City in Connecticut,
Cf3,Tristan da Cunha,xd538,stan1293,English,Indo-European,EA012,6,Neolocal,1930,,
Cf4,Brazilians,xd539,braz1246,Brazilian Portuguese,Indo-European,EA012,6,Neolocal,1940,with special reference to the village of Cruz das Almas near Sao Paulo,
Cf5,French Canadians,xd540,stan1290,French,Indo-European,EA012,6,Neolocal,1930,,
Cg5,Walloons,xd545,wall1255,Walloon,Indo-European,EA012,6,Neolocal,1950,,
Ch10,Romanians,xd547,baya1255,Bayash-Rudar,Indo-European,EA012,6,Neolocal,1910,,
Ch11,Russians,xd548,russ1263,Russian,Indo-European,EA012,6,Neolocal,1955,Viriatino Village,
Ch2,Hutsuls,xd557,sout2604,Southwest Ukrainian,Indo-European,EA012,6,Neolocal,1890,,
Ch4,Mari,xd568,east2328,Eastern Mari,Uralic,EA012,6,Neolocal,1900,,
Ci3,Kumyk,xd579,kumy1244,Kumyk,Turkic,EA012,6,Neolocal,1900,with special reference to the Kayakent group of eastern Dagestan,"Inferred from the report that small patrilocal extended families, characteristic of the early nineteenth century, had practically disappeared by 1900"
Ed15b,Chekiang,xd643,wuch1236,Wu Chinese,Sino-Tibetan,EA012,6,Neolocal,1936,"Kaihsienkung Village, Chekiang",
Ei3,Burmese,xd709,nucl1310,Burmese,Sino-Tibetan,EA012,6,Neolocal,1950,Nondwin Village,
Ej15,Ancient Khmer,xd722,oldk1249,Old Khmer,Austroasiatic,EA012,6,Neolocal,1292,with special reference to the city and environs of Angkor Wat in 1292,
Ej5,Khmer,xd727,cent1989,Central Khmer,Austroasiatic,EA012,6,Neolocal,1950,,
Ej6,Moken,xd728,moke1242,Moken,Austronesian,EA012,6,Neolocal,1920,of the Mergui Archipelago,
Ej9,Thai,xd731,thai1261,Thai,Tai-Kadai,EA012,6,Neolocal,1940,,
Ia12,Sugbuanon,xd735,cebu1242,Cebuano,Austronesian,EA012,6,Neolocal,1950,,
Ia17,Bilaan,xd740,koro1310,Koronadal Blaan,Austronesian,EA012,6,Neolocal,1910,,
Ia18,Bisayan,xd741,akla1241,Aklanon,Austronesian,EA012,6,Neolocal,1950,with special reference to the village of Manland in western Negros,
Ib2,Javanese,xd751,java1254,Javanese,Austronesian,EA012,6,Neolocal,1950,Town and environs of Pare; Modjokuto,
Ic12,Sumbawanese,xd762,sumb1241,Sumbawa,Austronesian,EA012,6,Neolocal,1951,with special reference to the village of Rarak in Western Sumbawa,
If8,Chamorro,xd839,cham1312,Chamorro,Austronesian,EA012,6,Neolocal,1950,with special reference to those of Saipa,
Na13,Baffin Island Inuit,xd1030,baff1240,North Baffin Inuktitut,Eskimo-Aleut,EA012,6,Neolocal,1880,,
Na3,Copper Inuit,xd1022,copp1244,Inuinnaqtun,Eskimo-Aleut,EA012,6,Neolocal,1920,Coronation Gulf,
Na36,Minnesota Ojibwa,xd1052,redl1238,Red Lake Chippewa,Algic,EA012,6,Neolocal,1860,with special reference to the Red Lake and White Earth bands,
Ng11,Yuchi,xd1246,yuch1247,Yuchi,,EA012,6,Neolocal,1750,,"At a late period, but probably originally Matrilocal (code ""5"")"
Ng9,Catawba,xd1258,cata1286,Catawba,Siouan,EA012,6,Neolocal,1920,,
Nh10,Isleta,xd1260,sout2961,Southern Tiwa,Kiowa-Tanoan,EA012,6,Neolocal,1920,,
Nh11,San Ildefonso,xd1261,sani1273,San Ildefonso,Kiowa-Tanoan,EA012,6,Neolocal,1900,with special reference to the pueblo of San Ildefonso,
Nh25,Sia,xd1276,ziaa1251,Zia (United States),Keresan,EA012,6,Neolocal,1920,,
Nh26,Santa Clara,xd1277,sant1421,Santa Clara,Kiowa-Tanoan,EA012,6,Neolocal,1910,,
Nh6,Taos,xd1282,taos1236,Taos,Kiowa-Tanoan,EA012,6,Neolocal,1890,,
Nh8,Jemez,xd1284,jeme1245,Towa,Kiowa-Tanoan,EA012,6,Neolocal,1920,,
Nh9,Picuris,xd1285,picu1248,Picuris Northern Tiwa,Kiowa-Tanoan,EA012,6,Neolocal,1920,,
Ni1,Tarahumara,xd1286,cent2131,Central Tarahumara,Uto-Aztecan,EA012,6,Neolocal,1930,,
Ni8,Opata,xd1293,opat1246,Teguima,Uto-Aztecan,EA012,6,Neolocal,1550,,
Nj13,Otomí,xd1299,mezq1235,Mezquital Otomi,Otomanguean,EA012,6,Neolocal,1900,,
Sa12,Lenca,xd1312,lenc1242,Lenca-Honduras,Lencan,EA012,6,Neolocal,1948,,
Sa16,Tolupan,xd1316,toll1241,Tol,Jicaquean,EA012,6,Neolocal,,,
Sa4,Emberá,xd1320,nort2972,Northern Emberá,Chocoan,EA012,6,Neolocal,1960,with special reference to those of Panama,
Sa5,Bribri,xd1321,brib1243,Bribri,Chibchan,EA012,6,Neolocal,1950,,
Sa7,Garifuna,xd1323,gari1256,Garifuna,Arawakan,EA012,6,Neolocal,1940,,
Sb9,Haitians,xd1334,hait1244,Haitian,Indo-European,EA012,6,Neolocal,1930,,
Se3,Shuar,xd1367,shua1257,Shuar,Chicham,EA012,6,Neolocal,1930,,
Se7,Camba,xd1371,chiq1248,Chiquitano,,EA012,6,Neolocal,1950,a mestizo group in lowland Bolivia,
Sf5,Páez,xd1378,paez1247,Páez,,EA012,6,Neolocal,1900,,
Sf9,Uru,xd1382,uruu1244,Uru,Uru-Chipaya,EA012,6,Neolocal,1930,with special reference to those just south of Lake Titicaca in Bolivia across the Desaguadero River from Peru,
Sh3,Abipón,xd1390,abip1241,Abipon,Guaicuruan,EA012,6,Neolocal,1800,Those in contact with mission,
Si6,Guató,xd1403,guat1253,Guató,,EA012,6,Neolocal,1900,,
ch17,Gagauz,xd554,gaga1249,Gagauz,Turkic,EA012,6,Neolocal,1894,with special reference to those of the Benderskij Uezd,
Af43,Ga,xd223,gaaa1244,Ga,Atlantic-Congo,EA012,7,Separate,1930,,But most married women continue to reside in their natal household
Cb17,Fur,xd466,furr1244,Fur,Furan,EA012,7,Separate,1880,Jebel Marra,Husbands live in separate houses from their wives and eat at a special men's mess
Eg6,Kerala,xd682,mala1464,Malayalam,Dravidian,EA012,7,Separate,1799,with special reference to Northern Kerala,Entry pertains to the Nayar; predominantly Matrilocal among the Mappilla and Virilocal or Neolocal among the Tiyyar
Ib6,Minangkabau,xd755,mina1268,Minangkabau,Austronesian,EA012,7,Separate,1920,,
Ie16,Kutubu,xd792,foii1241,Foi,East Kutubu,EA012,7,Separate,1940,,
Ie17,Siane,xd793,sian1257,Siane,Nuclear Trans New Guinea,EA012,7,Separate,1940,,"Each married woman has a separate house where she is visited at night by her husband, who lives in a men's house; no data presented on incidence of polygyny"
Ie19,Marind-Amin,xd795,nucl1622,Marind,Anim,EA012,7,Separate,1910,with special reference to the coastal inhabitants,But normally patrilocal
Ig13,Aua,xd845,wuvu1239,Wuvulu-Aua,Austronesian,EA012,7,Separate,1900,,A married man lives at the house of his sister and visits that of his wife or wives only for the evening meal and to sleep
Aa2,Dorobo,xd2,okie1245,Okiek,Nilotic,EA012,8,Patrilocal,1920,with special reference to Central Dorobo,
Aa3,Nama,xd3,nama1265,Nama,Khoe-Kwadi,EA012,8,Patrilocal,1840,Gei/Khauan tribe,
Aa6,Sandawe,xd6,sand1273,Sandawe,,EA012,8,Patrilocal,1920,,
Ab10,Pondo,xd11,mpon1252,Mpondo,Atlantic-Congo,EA012,8,Patrilocal,1936,,
Ab11,Xhosa,xd12,xesi1238,Xesibe,Atlantic-Congo,EA012,8,Patrilocal,1850,,
Ab12,Zulu,xd13,zulu1248,Zulu,Atlantic-Congo,EA012,8,Patrilocal,1830,,
Ab13,Tswana,xd14,tswa1253,Tswana,Atlantic-Congo,EA012,8,Patrilocal,1880,with special reference to the Kgatla (Bakxatla),
Ab14,Lovedu,xd15,lobe1242,Lobedu,Atlantic-Congo,EA012,8,Patrilocal,1930,,
Ab15,Pedi,xd16,tswe1238,Tswene,Atlantic-Congo,EA012,8,Patrilocal,1860,,
Ab16,Lenge,xd17,leng1257,Lengue,Atlantic-Congo,EA012,8,Patrilocal,1930,,
Ab17,Ndau,xd18,ndau1241,Ndau,Atlantic-Congo,EA012,8,Patrilocal,1920,,
Ab18,Shona,xd19,shon1251,Shona,Atlantic-Congo,EA012,8,Patrilocal,1920,with special reference to the Zezuru,
Ab2,Swazi,xd21,swat1243,Swati,Atlantic-Congo,EA012,8,Patrilocal,1880,,
Ab21a,Kisama,xd23,sama1300,Sama,Atlantic-Congo,EA012,8,Patrilocal,1930,,
Ab21b,Bomvana,xd24,bomv1238,Bomvana,Atlantic-Congo,EA012,8,Patrilocal,1925,,
Ab22,Chopi,xd25,copi1238,Copi,Atlantic-Congo,EA012,8,Patrilocal,1920,,
Ab4,Tsonga,xd27,tson1249,Tsonga,Atlantic-Congo,EA012,8,Patrilocal,1920,,
Ab5,Mbundu,xd28,umbu1257,Umbundu,Atlantic-Congo,EA012,8,Patrilocal,1930,,
Ab6,Venda,xd29,vend1245,Venda,Atlantic-Congo,EA012,8,Patrilocal,1900,,
Ab8,Sotho,xd31,sout2807,Southern Sotho,Atlantic-Congo,EA012,8,Patrilocal,1860,Basuto,
Ab9,Ndebele,xd32,nort2795,Zimbabwean Ndebele,Atlantic-Congo,EA012,8,Patrilocal,1870,,
Ac36,Tumbuka,xd62,tumb1250,Tumbuka,Atlantic-Congo,EA012,8,Patrilocal,1920,,"Formerly classified as 'Avunculocal' (code ""1"")"
Ac43,Mambwe,xd70,mamb1296,Mambwe-Lungu,Atlantic-Congo,EA012,8,Patrilocal,1910,,
Ad10,Shambaa,xd77,sham1280,Shambala,Atlantic-Congo,EA012,8,Patrilocal,1910,,
Ad12,Gusii,xd79,gusi1247,Gusii,Atlantic-Congo,EA012,8,Patrilocal,1940,,
Ad13,Kiga,xd80,chig1238,Chiga,Atlantic-Congo,EA012,8,Patrilocal,1930,,
Ad15,Iwa,xd82,nyam1275,Nyamwanga,Atlantic-Congo,EA012,8,Patrilocal,1900,,
Ad17,Safwa,xd84,safw1238,Safwa,Atlantic-Congo,EA012,8,Patrilocal,1920,,
Ad18,Bende,xd85,bend1258,Bende,Atlantic-Congo,EA012,8,Patrilocal,1910,,
Ad19,Fipa,xd86,fipa1238,Fipa,Atlantic-Congo,EA012,8,Patrilocal,1910,,
Ad2,Nyoro,xd87,nyor1246,Nyoro,Atlantic-Congo,EA012,8,Patrilocal,1950,,
Ad21,Pimbwe,xd89,pimb1238,Pimbwe,Atlantic-Congo,EA012,8,Patrilocal,1930,,
Ad23,Sangu,xd91,sang1330,Sangu (Tanzania),Atlantic-Congo,EA012,8,Patrilocal,1910,,
Ad24,Gogo,xd92,gogo1263,Gogo,Atlantic-Congo,EA012,8,Patrilocal,1910,,
Ad25,Rangi,xd93,lang1320,Langi,Atlantic-Congo,EA012,8,Patrilocal,1900,,
Ad26,Turu,xd94,nyat1246,Nyaturu,Atlantic-Congo,EA012,8,Patrilocal,1910,,
Ad29,Hadimu,xd97,pemb1239,Pemba,Atlantic-Congo,EA012,8,Patrilocal,1930,,
Ad3,Chagga,xd98,moch1256,Mochi,Atlantic-Congo,EA012,8,Patrilocal,1910,,
Ad30,Digo,xd99,digo1243,Digo,Atlantic-Congo,EA012,8,Patrilocal,1890,,
Ad31,Duruma,xd100,duru1249,Duruma,Atlantic-Congo,EA012,8,Patrilocal,1910,,
Ad32,Giriama,xd101,giry1241,Giryama,Atlantic-Congo,EA012,8,Patrilocal,1900,,
Ad33,Pokomo,xd102,poko1261,Pokomo,Atlantic-Congo,EA012,8,Patrilocal,1900,,
Ad34,Kamba,xd103,kamb1297,Kamba (Kenya),Atlantic-Congo,EA012,8,Patrilocal,1910,,
Ad35,Meru,xd104,kiku1240,Kikuyu,Atlantic-Congo,EA012,8,Patrilocal,1940,"To be distinguished from the tribe of the same name on the southeast slope f Mt. Mero, who are a branch of the Chagga",
Ad36,Pare,xd105,asut1235,Asu (Tanzania),Atlantic-Congo,EA012,8,Patrilocal,1890,,
Ad37,Teita,xd106,tait1250,Taita,Atlantic-Congo,EA012,8,Patrilocal,1940,,
Ad38,Kara,xd107,kara1481,Kara (Tanzania),Atlantic-Congo,EA012,8,Patrilocal,1910,,Inferential from distributional evidence
Ad39,Sonjo,xd108,temi1247,Temi,Atlantic-Congo,EA012,8,Patrilocal,1950,,
Ad4,Kikuyu,xd109,kiku1240,Kikuyu,Atlantic-Congo,EA012,8,Patrilocal,1930,Fort Hall or Metume district,
Ad40,Tiriki,xd110,idak1243,Idakho-Isukha-Tiriki,Atlantic-Congo,EA012,8,Patrilocal,1950,,
Ad41,Vugusu,xd111,buku1249,Bukusu,Atlantic-Congo,EA012,8,Patrilocal,1930,,
Ad42,Haya,xd112,haya1250,Haya,Atlantic-Congo,EA012,8,Patrilocal,1900,,
Ad43,Kerewe,xd113,kere1283,Kerewe,Atlantic-Congo,EA012,8,Patrilocal,1900,,
Ad44,Konjo,xd114,konz1239,Konzo,Atlantic-Congo,EA012,8,Patrilocal,1920,,
Ad45,Nyankole,xd115,nyan1307,Nyankole,Atlantic-Congo,EA012,8,Patrilocal,1920,,
Ad46,Soga,xd116,soga1242,Soga,Atlantic-Congo,EA012,8,Patrilocal,1950,,
Ad47,Sumbwa,xd117,sumb1240,Sumbwa,Atlantic-Congo,EA012,8,Patrilocal,1900,,
Ad48,Toro,xd118,toor1238,Tooro,Atlantic-Congo,EA012,8,Patrilocal,1950,,
Ad49,Zinza,xd119,zinz1238,Zinza,Atlantic-Congo,EA012,8,Patrilocal,1950,,
Ad5,Mbugwe,xd120,mbug1242,Mbugwe,Atlantic-Congo,EA012,8,Patrilocal,1940,,
Ad8,Hehe,xd125,hehe1240,Hehe,Atlantic-Congo,EA012,8,Patrilocal,1910,with special reference to the northern or Iringa group,
Ad9,Gisu,xd126,masa1299,Masaaba,Atlantic-Congo,EA012,8,Patrilocal,1900,,
Ae1,Amba,xd127,amba1263,Amba (Uganda),Atlantic-Congo,EA012,8,Patrilocal,1950,with special reference to those of Bwamba in Uganda,
Ae10,Banyaruanda,xd128,kiny1244,Kinyarwanda,Atlantic-Congo,EA012,8,Patrilocal,1910,,
Ae11,Songola,xd129,song1300,Songoora,Atlantic-Congo,EA012,8,Patrilocal,1900,,
Ae12,Duala,xd130,dual1243,Duala,Atlantic-Congo,EA012,8,Patrilocal,1940,,
Ae13,Bashi,xd131,shii1238,Shi,Atlantic-Congo,EA012,8,Patrilocal,1920,,
Ae14,Ha,xd132,haaa1252,Ha,Atlantic-Congo,EA012,8,Patrilocal,1950,,
Ae15,Hunde,xd133,hund1239,Hunde,Atlantic-Congo,EA012,8,Patrilocal,1940,,
Ae16,Lulua,xd134,luba1249,Luba-Lulua,Atlantic-Congo,EA012,8,Patrilocal,1910,,
Ae17,Rega,xd135,lega1249,Lega-Shabunda,Atlantic-Congo,EA012,8,Patrilocal,1900,,
Ae18,Songye,xd136,song1303,Songe,Atlantic-Congo,EA012,8,Patrilocal,1900,,
Ae2,Kpe,xd138,mokp1239,Mokpwe,Atlantic-Congo,EA012,8,Patrilocal,1950,,
Ae20,Ekonda,xd139,ekon1238,Ekonda Mongo,Atlantic-Congo,EA012,8,Patrilocal,1940,,
Ae21,Kela,xd140,yela1238,Yela-Kela,Atlantic-Congo,EA012,8,Patrilocal,1920,,
Ae22,Kutsu,xd141,kusu1252,Kusu,Atlantic-Congo,EA012,8,Patrilocal,1900,with special reference to the Bankutu,
Ae23,Lalia,xd142,ngan1302,Ngando-Lalia,Atlantic-Congo,EA012,8,Patrilocal,1930,,
Ae24,Mongo,xd143,long1393,Longo (Democratic Republic of Congo),Atlantic-Congo,EA012,8,Patrilocal,1920,,
Ae25,Tetela,xd144,tete1250,Tetela,Atlantic-Congo,EA012,8,Patrilocal,1920,with special reference to the northern Tetela,
Ae26,Topoke,xd145,poke1238,Poke,Atlantic-Congo,EA012,8,Patrilocal,1910,,
Ae27,Lokele,xd146,kele1255,Kele-Foma,Atlantic-Congo,EA012,8,Patrilocal,1910,"The Smith reference describes a Protestant Mission near Stanley Falls, Upper Congo",
Ae28,Ngala,xd147,ling1263,Lingala,Atlantic-Congo,EA012,8,Patrilocal,1900,,
Ae29,Poto,xd148,luse1252,Lusengo,Atlantic-Congo,EA012,8,Patrilocal,1900,,
Ae3,Fang,xd149,fang1246,Fang (Equatorial Guinea),Atlantic-Congo,EA012,8,Patrilocal,1910,,
Ae30,Bira,xd150,bila1255,Bila,Atlantic-Congo,EA012,8,Patrilocal,1920,,
Ae31,Budu,xd151,budu1250,Budu,Atlantic-Congo,EA012,8,Patrilocal,1920,,
Ae32,Kumu,xd152,komo1260,Komo (Democratic Republic of Congo),Atlantic-Congo,EA012,8,Patrilocal,1920,,
Ae33,Ndaka Babali,xd153,bali1274,Bali (Democratic Republic of Congo),Atlantic-Congo,EA012,8,Patrilocal,1920,,
Ae34,Plains Bira,xd154,bera1259,Bera,Atlantic-Congo,EA012,8,Patrilocal,1920,,
Ae35,Rumbi,xd155,lomb1254,Lombi,Central Sudanic,EA012,8,Patrilocal,1900,,
Ae36,Bombesa,xd156,mbes1238,Mbesa,Atlantic-Congo,EA012,8,Patrilocal,1920,,
Ae37,Budja,xd157,budz1238,Budza,Atlantic-Congo,EA012,8,Patrilocal,1930,,
Ae39,Ngombe,xd159,binj1250,Binja,Atlantic-Congo,EA012,8,Patrilocal,1920,,
Ae4,Nkundo,xd160,nkun1238,Nkundo,Atlantic-Congo,EA012,8,Patrilocal,1930,Ilanga group,
Ae40,Dzem,xd161,njye1238,Njyem,Atlantic-Congo,EA012,8,Patrilocal,1910,,
Ae41,Kota,xd162,ndas1238,Ndasa,Atlantic-Congo,EA012,8,Patrilocal,1940,,
Ae42,Ngumba,xd163,kwas1243,Kwasio,Atlantic-Congo,EA012,8,Patrilocal,1900,,
Ae43,Sanga,xd164,bomw1238,Bomwali,Atlantic-Congo,EA012,8,Patrilocal,1900,,
Ae44,Bubi,xd165,bube1242,Bube,Atlantic-Congo,EA012,8,Patrilocal,1920,,
Ae45,Kundu,xd166,orok1266,Oroko,Atlantic-Congo,EA012,8,Patrilocal,1900,,
Ae47,Puku,xd168,bata1285,Batanga,Atlantic-Congo,EA012,8,Patrilocal,1900,,
Ae48,Bafia,xd169,bafi1243,Bafia,Atlantic-Congo,EA012,8,Patrilocal,1930,,
Ae49,Bali Nyonga,xd170,mung1266,Mungaka,Atlantic-Congo,EA012,8,Patrilocal,1900,,
Ae5,Bamileke,xd171,fefe1239,Fe'fe',Atlantic-Congo,EA012,8,Patrilocal,1910,,
Ae50,Bamum,xd172,bamu1253,Bamun,Atlantic-Congo,EA012,8,Patrilocal,1920,,
Ae51,Banen,xd173,tune1261,Tunen,Atlantic-Congo,EA012,8,Patrilocal,1940,Ndiki subtribe,
Ae52,Fungom,xd174,mmen1238,Mmen,Atlantic-Congo,EA012,8,Patrilocal,1950,,
Ae53,Koko,xd175,bako1249,Bakoko,Atlantic-Congo,EA012,8,Patrilocal,1920,,
Ae55,Ndob,xd177,band1349,Bandobo,Atlantic-Congo,EA012,8,Patrilocal,1950,,
Ae56,Nsaw,xd178,lamn1239,Lamnso',Atlantic-Congo,EA012,8,Patrilocal,1950,,
Ae57,Nsungli,xd179,limb1268,Limbum,Atlantic-Congo,EA012,8,Patrilocal,1930,,
Ae58,Tikar,xd180,tige1238,Tige,Atlantic-Congo,EA012,8,Patrilocal,1910,,
Ae59,Widikum,xd181,meta1238,Meta',Atlantic-Congo,EA012,8,Patrilocal,1950,with special reference to the Ngie subtribe,
Ae6,Luba,xd182,luba1250,Luba-Katanga,Atlantic-Congo,EA012,8,Patrilocal,1930,with special reference to the Bena Kalundwe,
Ae7,Baboa,xd183,bwaa1238,Bwa,Atlantic-Congo,EA012,8,Patrilocal,1910,,
Ae8,Rundi,xd184,rund1242,Rundi,Atlantic-Congo,EA012,8,Patrilocal,1910,,
Ae9,Fut,xd185,bafu1246,Bafut,Atlantic-Congo,EA012,8,Patrilocal,1950,,
Af1,Fon,xd186,fonn1241,Fon,Atlantic-Congo,EA012,8,Patrilocal,1890,City and environs of Abomey,
Af10,Igbo,xd187,nucl1417,Igbo,Atlantic-Congo,EA012,8,Patrilocal,1930,,
Af11,Toma,xd188,toma1245,Toma,Mande,EA012,8,Patrilocal,1920,,
Af13,Ebira,xd190,ebir1243,Ebira,Atlantic-Congo,EA012,8,Patrilocal,1920,,
Af15,Kpelle,xd192,libe1247,Liberia Kpelle,Mande,EA012,8,Patrilocal,1920,,
Af16,Banyang,xd193,keny1279,Kenyang,Atlantic-Congo,EA012,8,Patrilocal,1910,,
Af17,Boki,xd194,boky1238,Bokyi,Atlantic-Congo,EA012,8,Patrilocal,1900,,
Af18,Ekoi,xd195,ejag1239,Ejagham,Atlantic-Congo,EA012,8,Patrilocal,1900,,
Af19,Efik,xd196,efik1245,Efik,Atlantic-Congo,EA012,8,Patrilocal,1950,,
Af2,Kissi,xd197,nort2765,Northern Kissi,Atlantic-Congo,EA012,8,Patrilocal,1950,,
Af20,Ibibio,xd198,ibib1240,Ibibio,Atlantic-Congo,EA012,8,Patrilocal,1910,,
Af22,Itsekiri,xd200,isek1239,Isekiri,Atlantic-Congo,EA012,8,Patrilocal,1940,,
Af23,Afikpo,xd201,afik1238,Afikpo,Atlantic-Congo,EA012,8,Patrilocal,1950,with special reference to the village of Mgbom,
Af24,Edo,xd202,bini1246,Bini,Atlantic-Congo,EA012,8,Patrilocal,1900,,
Af25,Isoko,xd203,isok1239,Isoko,Atlantic-Congo,EA012,8,Patrilocal,1930,,
Af27,Eloyi,xd205,eloy1241,Eloyi,Atlantic-Congo,EA012,8,Patrilocal,1950,,
Af28,Gbagyi,xd206,gbar1246,Gbari,Atlantic-Congo,EA012,8,Patrilocal,1910,,
Af29,Idoma,xd207,idom1241,Idoma,Atlantic-Congo,EA012,8,Patrilocal,1950,,
Af30,Igala,xd209,igal1242,Igala,Atlantic-Congo,EA012,8,Patrilocal,1920,,
Af31,Koro,xd210,ashe1269,Ashe,Atlantic-Congo,EA012,8,Patrilocal,1960,with special reference to the Lafia,
Af32,Egba,xd211,egba1238,Egba,Atlantic-Congo,EA012,8,Patrilocal,1920,Abeouta Province and Benin,
Af33,Ekiti,xd212,ekit1244,Ekiti,Atlantic-Congo,EA012,8,Patrilocal,1950,"Ekiti Division, Ondo Prov.",
Af34,Ife,xd213,ifee1241,Ifè,Atlantic-Congo,EA012,8,Patrilocal,1930,"Ife Ilesha Division, Oyo Prov.",
Af35,Adangme,xd214,adan1247,Adangme,Atlantic-Congo,EA012,8,Patrilocal,1940,with special reference to the Krobo,
Af36,Ewe,xd215,aguu1242,Agu (Ewe),Atlantic-Congo,EA012,8,Patrilocal,1900,with special reference to the Glidyi,
Af37,Buem,xd216,siwu1238,Siwu,Atlantic-Congo,EA012,8,Patrilocal,1900,with special reference to the Akpafu,
Af4,Yako,xd219,loka1252,Lokaa,Atlantic-Congo,EA012,8,Patrilocal,1930,,
Af46,Bakwe,xd226,bakw1243,Bakwé,Atlantic-Congo,EA012,8,Patrilocal,1900,,
Af47,Krahn,xd227,west2488,Western Krahn,Atlantic-Congo,EA012,8,Patrilocal,1940,,
Af48,Kru,xd228,klao1243,Klao,Atlantic-Congo,EA012,8,Patrilocal,1850,,
Af49,Sapo,xd229,sapo1251,Sapo,Atlantic-Congo,EA012,8,Patrilocal,1940,,
Af5,Mende,xd230,mend1266,Mende (Sierra Leone),Mande,EA012,8,Patrilocal,1930,,
Af50,Dan,xd231,gwee1242,Gweetaawu,Mande,EA012,8,Patrilocal,1920,,
Af51,Gagu,xd232,gagu1242,Gban,Mande,EA012,8,Patrilocal,1920,,
Af52,Guro,xd233,guro1248,Guro,Mande,EA012,8,Patrilocal,1920,,
Af53,Tura,xd234,tour1242,Toura (Côte d'Ivoire),Mande,EA012,8,Patrilocal,1950,,
Af54,Gbande,xd235,band1352,Bandi,Mande,EA012,8,Patrilocal,1930,,
Af55,Gola,xd236,gola1255,Gola,Atlantic-Congo,EA012,8,Patrilocal,1950,,
Af56,Ngere,xd237,dann1241,Dan,Mande,EA012,8,Patrilocal,1930,with special reference to the Gio of the Ivory Coast,
Af57,Temne,xd238,timn1235,Timne,Atlantic-Congo,EA012,8,Patrilocal,1910,,
Af58,Vai,xd239,vaii1241,Vai,Mande,EA012,8,Patrilocal,1900,,
Af6,Oyo Yoruba,xd240,ilaa1245,Ila (Yoruba),Atlantic-Congo,EA012,8,Patrilocal,1950,"Yoruba, with special reference to the Oyo",
Af7,Bete,xd241,dalo1238,Daloa Bété,Atlantic-Congo,EA012,8,Patrilocal,1950,,
Af8,Nupe,xd242,nupe1254,Nupe-Nupe-Tako,Atlantic-Congo,EA012,8,Patrilocal,1930,,
Ag1,Bambara,xd244,bamb1269,Bambara,Mande,EA012,8,Patrilocal,1920,Segou to Bamako on Niger River,
Ag10,Konkomba,xd245,konk1269,Konkomba,Atlantic-Congo,EA012,8,Patrilocal,1940,,
Ag12,Nankanse,xd247,nank1249,Nankana,Atlantic-Congo,EA012,8,Patrilocal,1910,,
Ag13,Kasena,xd248,kase1253,Kasem,Atlantic-Congo,EA012,8,Patrilocal,1910,,
Ag14,Baga,xd249,mbul1258,Mbulungish,Atlantic-Congo,EA012,8,Patrilocal,1950,,
Ag15,Balanta,xd250,bala1301,Balanta-Kentohe,Atlantic-Congo,EA012,8,Patrilocal,1930,,
Ag16,Banyun,xd251,bain1259,Bainounk-Gujaher,Atlantic-Congo,EA012,8,Patrilocal,1930,,
Ag17,Biafada,xd252,biaf1240,Biafada,Atlantic-Congo,EA012,8,Patrilocal,1940,,
Ag19,Diola,xd254,ejam1238,Ejamat,Atlantic-Congo,EA012,8,Patrilocal,1930,with special reference to the Felup,
Ag2,Mossi (Yatenga),xd255,moss1236,Mossi,Atlantic-Congo,EA012,8,Patrilocal,1950,"with special reference to Massi (Moshi) of Yatenga; (for those of Ouagadougou, see Ag47)",
Ag20,Papel,xd256,pape1239,Papel,Atlantic-Congo,EA012,8,Patrilocal,1930,,
Ag21,Bassari,xd257,bass1258,Bassari-Tanda,Atlantic-Congo,EA012,8,Patrilocal,1910,,
Ag22,Serer,xd258,sere1260,Sereer,Atlantic-Congo,EA012,8,Patrilocal,1920,with special reference to those of Sine,
Ag23,Kasonke,xd259,xaas1235,Xaasongaxango,Mande,EA012,8,Patrilocal,1910,,
Ag24,Koranko,xd260,kura1250,Kuranko,Mande,EA012,8,Patrilocal,1910,,
Ag25,Soninke,xd261,soni1259,Soninke,Mande,EA012,8,Patrilocal,1900,,
Ag26,Susu,xd262,susu1250,Susu,Mande,EA012,8,Patrilocal,1930,,
Ag27,Diula,xd263,dyul1238,Dyula,Mande,EA012,8,Patrilocal,1910,,
Ag28,Nononke,xd264,jena1242,Jenaama Bozo,Mande,EA012,8,Patrilocal,1930,,
Ag29,Samo,xd265,sout2844,Southern Samo,Mande,EA012,8,Patrilocal,1910,,
Ag3,Dogon,xd266,bank1259,Bankan Tey Dogon,Dogon,EA012,8,Patrilocal,1930,,
Ag30,Bobo,xd267,nort2819,Northern Bobo Madaré,Mande,EA012,8,Patrilocal,1910,,"Entry follows Tauxier; Cremer also reports early residence as Uxorilocal, but prevailing pattern of residence as Patrilocal (i.e., this would be code ""9"")"
Ag31,Minianka,xd268,mama1271,Mamara Senoufo,Atlantic-Congo,EA012,8,Patrilocal,1910,,
Ag32,Senufo,xd269,ceba1235,Cebaara Senoufo,Atlantic-Congo,EA012,8,Patrilocal,1900,,
Ag33,Dyan,xd270,dyan1251,Dyan,Atlantic-Congo,EA012,8,Patrilocal,1920,,
Ag34,Dorosie,xd271,dogo1295,Dogosé,Atlantic-Congo,EA012,8,Patrilocal,1930,,
Ag36,Lowiili,xd273,sout2790,Southern Birifor,Atlantic-Congo,EA012,8,Patrilocal,1950,,
Ag37,Awuna,xd274,awun1244,Awuna,Atlantic-Congo,EA012,8,Patrilocal,1910,,
Ag38,Builsa,xd275,buli1254,Buli (Ghana),Atlantic-Congo,EA012,8,Patrilocal,1910,,
Ag39,Dagara,xd276,sout2789,Central Dagaare,Atlantic-Congo,EA012,8,Patrilocal,1910,,
Ag4,Tallensi,xd277,taln1239,Talni,Atlantic-Congo,EA012,8,Patrilocal,1930,Tallensi Tribe,
Ag40,Isala,xd278,tumu1242,Tumulung Sisaala,Atlantic-Congo,EA012,8,Patrilocal,1910,,
Ag41,Kusasi,xd279,kusa1250,Kusaal,Atlantic-Congo,EA012,8,Patrilocal,1920,,
Ag42,Nunuma,xd280,sout2795,Southern Nuni,Atlantic-Congo,EA012,8,Patrilocal,1910,,
Ag43,Vagala,xd281,vagl1239,Vagla,Atlantic-Congo,EA012,8,Patrilocal,1920,,
Ag45,Gurma,xd283,gour1243,Gourmanchéma,Atlantic-Congo,EA012,8,Patrilocal,1930,with special reference to those in the Diapaga region,
Ag46,Manprusi,xd284,mamp1244,Mampruli,Atlantic-Congo,EA012,8,Patrilocal,1920,,
Ag47,Mossi (Ouagadougou),xd285,moss1236,Mossi,Atlantic-Congo,EA012,8,Patrilocal,1900,with special reference to those of Ouagadougou (see Ag2 for those of Yatenga),
Ag48,Basari,xd286,ntch1242,Ntcham,Atlantic-Congo,EA012,8,Patrilocal,1890,,
Ag49,Kabre,xd287,kabi1261,Kabiyé,Atlantic-Congo,EA012,8,Patrilocal,1930,,
Ag5,Birifor,xd288,sout2790,Southern Birifor,Atlantic-Congo,EA012,8,Patrilocal,1930,,
Ag50,Moba,xd289,moba1244,Moba,Atlantic-Congo,EA012,8,Patrilocal,1910,,
Ag51,Somba,xd290,dita1238,Ditammari,Atlantic-Congo,EA012,8,Patrilocal,1940,,
Ag52,Tem,xd291,temm1241,Tem,Atlantic-Congo,EA012,8,Patrilocal,1950,,
Ag53,Bisa,xd292,biss1248,Bissa,Mande,EA012,8,Patrilocal,1960,with special reference to those of Garango,
Ag54,Yalunka,xd293,yalu1240,Yalunka,Mande,EA012,8,Patrilocal,1910,,
Ag6,Futajalonke,xd294,pula1262,Pular,Atlantic-Congo,EA012,8,Patrilocal,1890,,
Ag7,Bozo,xd295,tiey1235,Tiéyaxo Bozo,Mande,EA012,8,Patrilocal,1930,,
Ag9,Malinke,xd297,kita1249,Kita Maninkakan,Mande,EA012,8,Patrilocal,1930,,
Ah1,Katab,xd298,kata1265,Katab,Atlantic-Congo,EA012,8,Patrilocal,1930,Zaria Province,
Ah10,Chawai,xd299,atsa1241,Atsam,Atlantic-Congo,EA012,8,Patrilocal,1920,,
Ah11,Basa,xd300,basa1282,Basa (Nigeria),Atlantic-Congo,EA012,8,Patrilocal,1950,,
Ah12,Basakomo,xd301,basa1282,Basa (Nigeria),Atlantic-Congo,EA012,8,Patrilocal,1920,,
Ah13,Dakakari,xd302,clel1238,C'lela,Atlantic-Congo,EA012,8,Patrilocal,1930,with special reference to the Liliwa,
Ah14,Kamuku,xd303,cind1241,Yara,Atlantic-Congo,EA012,8,Patrilocal,1920,,
Ah15,Reshe,xd304,resh1242,Reshe,Atlantic-Congo,EA012,8,Patrilocal,1920,,
Ah16,Angas,xd305,ngas1240,Ngas,Afro-Asiatic,EA012,8,Patrilocal,1900,,
Ah17,Birom,xd306,bero1242,Berom,Atlantic-Congo,EA012,8,Patrilocal,1930,,
Ah18,Burmawa,xd307,bogh1241,Boghom,Afro-Asiatic,EA012,8,Patrilocal,1930,,
Ah19,Adara,xd308,kada1284,Kadara,Atlantic-Congo,EA012,8,Patrilocal,1930,,
Ah20,Kagoro,xd310,kago1246,Kagoro (Nigeria),Atlantic-Congo,EA012,8,Patrilocal,1920,,
Ah21,Kurama,xd311,kura1249,Kurama,Atlantic-Congo,EA012,8,Patrilocal,1920,,
Ah22,Yergum,xd312,taro1263,Tarok,Atlantic-Congo,EA012,8,Patrilocal,1900,,
Ah24,Kentu,xd314,etky1238,Etkywan,Atlantic-Congo,EA012,8,Patrilocal,1920,,
Ah25,Tigon,xd315,tigo1236,Tigon Mbembe,Atlantic-Congo,EA012,8,Patrilocal,1920,,
Ah27,Zuande,xd317,bita1251,Bitare,Atlantic-Congo,EA012,8,Patrilocal,1920,,
Ah31,Mumuye,xd322,nucl1240,Mumuye,Atlantic-Congo,EA012,8,Patrilocal,1910,,
Ah33,Yungur,xd324,bena1260,Bena (Nigeria),Atlantic-Congo,EA012,8,Patrilocal,1920,,
Ah34,Bata,xd325,bata1314,Bata,Afro-Asiatic,EA012,8,Patrilocal,1920,with special reference to the Malabu,
Ah35,Bura,xd326,bura1292,Bura-Pabir,Afro-Asiatic,EA012,8,Patrilocal,1920,,
Ah36,Gude,xd327,gude1246,Gude,Afro-Asiatic,EA012,8,Patrilocal,1920,,
Ah37,Hwana,xd328,hwan1240,Hwana,Afro-Asiatic,EA012,8,Patrilocal,1920,,
Ah38,Kapsiki,xd329,psik1239,Psikye,Afro-Asiatic,EA012,8,Patrilocal,1930,,
Ah39,Podokwo,xd330,park1239,Parkwa,Afro-Asiatic,EA012,8,Patrilocal,1950,,
Ah5,Margi,xd332,marg1265,Marghi Central,Afro-Asiatic,EA012,8,Patrilocal,1930,,
Ah7,Mafa,xd334,mafa1239,Mafa,Afro-Asiatic,EA012,8,Patrilocal,1940,,
Ah8,Bafute,xd335,vute1244,Vute,Atlantic-Congo,EA012,8,Patrilocal,1910,,
Ah9,Anaguta,xd336,igut1238,Iguta,Atlantic-Congo,EA012,8,Patrilocal,1920,,
Ai1,Banda,xd337,west2458,West Central Banda,Atlantic-Congo,EA012,8,Patrilocal,1920,,
Ai10,Otoro,xd338,otor1240,Otoro,Heibanic,EA012,8,Patrilocal,1940,Nuba Hills,
Ai12,Fali,xd340,sout2782,South Fali,Atlantic-Congo,EA012,8,Patrilocal,1950,,
Ai13,Laka,xd341,laka1254,Laka (Chad),Central Sudanic,EA012,8,Patrilocal,1920,,
Ai14,Mbum,xd342,mbum1254,Mbum,Atlantic-Congo,EA012,8,Patrilocal,1920,,
Ai15,Mundang,xd343,mund1325,Mundang,Atlantic-Congo,EA012,8,Patrilocal,1900,,
Ai16,Namshi,xd344,doya1240,Doyayo,Atlantic-Congo,EA012,8,Patrilocal,1910,,
Ai17,Gisiga,xd345,sout3051,South Giziga,Afro-Asiatic,EA012,8,Patrilocal,1930,,
Ai18,Kotoko,xd346,lagw1237,Lagwan,Afro-Asiatic,EA012,8,Patrilocal,1880,,
Ai19,Musgu,xd347,musg1254,Musgu,Afro-Asiatic,EA012,8,Patrilocal,1910,,
Ai2,Nyaro,xd348,kooo1244,Ko,Heibanic,EA012,8,Patrilocal,1940,,
Ai20,Tupuri,xd349,tupu1244,Tupuri,Atlantic-Congo,EA012,8,Patrilocal,1910,,
Ai21,Bagirmi,xd350,bagi1246,Bagirmi,Central Sudanic,EA012,8,Patrilocal,1880,,
Ai22,Sara,xd351,sarr1246,Sar,Central Sudanic,EA012,8,Patrilocal,1890,,
Ai23,Bwaka,xd352,ngba1284,Ngbaka Ma'bo,Atlantic-Congo,EA012,8,Patrilocal,1920,,
Ai24,Mandja,xd353,manz1243,Manza,Atlantic-Congo,EA012,8,Patrilocal,1900,,
Ai26,Ngbandi,xd355,nort2774,Northern Ngbandi,Atlantic-Congo,EA012,8,Patrilocal,1920,,
Ai27,Abarambo,xd356,bara1361,Barambu,Atlantic-Congo,EA012,8,Patrilocal,1890,,
Ai28,Popoi,xd357,popo1291,Popoi,Central Sudanic,EA012,8,Patrilocal,1910,,
Ai29,Lendu,xd358,lend1245,Lendu,Central Sudanic,EA012,8,Patrilocal,1920,,
Ai30,Lese,xd360,lese1243,Lese,Central Sudanic,EA012,8,Patrilocal,1920,,
Ai31,Logo,xd361,logo1259,Logo,Central Sudanic,EA012,8,Patrilocal,1920,,
Ai32,Lugbara,xd362,lugb1240,Lugbara,Central Sudanic,EA012,8,Patrilocal,1920,,
Ai33,Madi,xd363,madi1260,Ma'di,Central Sudanic,EA012,8,Patrilocal,1940,,
Ai34,Moru,xd364,moru1253,Moru,Central Sudanic,EA012,8,Patrilocal,1880,,
Ai35,Bongo,xd365,bong1285,Bongo,Central Sudanic,EA012,8,Patrilocal,1870,,
Ai36,Jur,xd366,luok1236,Luo (Kenya and Tanzania),Nilotic,EA012,8,Patrilocal,1920,,
Ai37,Koalib,xd367,koal1240,Koalib-Rere,Heibanic,EA012,8,Patrilocal,1940,,
Ai40,Moro,xd371,moro1285,Moro,Heibanic,EA012,8,Patrilocal,1940,,
Ai41,Tira,xd372,tira1254,Tira,Heibanic,EA012,8,Patrilocal,1930,,
Ai42,Tullishi,xd373,tuli1249,Tulishi,Kadugli-Krongo,EA012,8,Patrilocal,1940,,
Ai43,Nyimang,xd374,amas1236,Ama (Sudan),Nyimang,EA012,8,Patrilocal,1930,,
Ai44,Anuak,xd375,anua1242,Anuak,Nilotic,EA012,8,Patrilocal,1920,,
Ai45,Meban,xd376,maba1273,Mabaan,Nilotic,EA012,8,Patrilocal,1930,,
Ai46,Koma,xd377,komo1258,Komo (Sudan),Koman,EA012,8,Patrilocal,1930,,
Ai47,Mao,xd378,hozo1236,Hozo,Blue Nile Mao,EA012,8,Patrilocal,1939,Northern division,
Ai5,Mamvu,xd379,mamv1243,Mamvu,Central Sudanic,EA012,8,Patrilocal,1920,,
Ai6,Shilluk,xd380,shil1265,Shilluk,Nilotic,EA012,8,Patrilocal,1900,Shilluk Kingdom,
Ai7,Gbaya,xd381,nort2775,Northwest Gbaya,Atlantic-Congo,EA012,8,Patrilocal,1910,,
Ai8,Dilling,xd382,dill1242,Dilling,Nubian,EA012,8,Patrilocal,1930,,
Ai9,Masa,xd383,masa1322,Masana,Afro-Asiatic,EA012,8,Patrilocal,1910,Around Yagoua in Cameroon,
Aj1,Teso,xd384,teso1249,Teso,Nilotic,EA012,8,Patrilocal,1950,,
Aj10,Acholi,xd385,dhop1238,Dhopaluo,Nilotic,EA012,8,Patrilocal,1920,,
Aj11,Dinka,xd386,sout2832,Southwestern Dinka,Nilotic,EA012,8,Patrilocal,1900,,
Aj12,Lotuko,xd387,otuh1238,Otuho,Nilotic,EA012,8,Patrilocal,1920,,
Aj13,Pojulu,xd388,poju1239,Pöjulu,Nilotic,EA012,8,Patrilocal,1930,,
Aj14,Kakwa,xd389,kakw1240,Kakwa,Nilotic,EA012,8,Patrilocal,1931,,
Aj15,Kuku,xd390,kuku1285,Kuku,Nilotic,EA012,8,Patrilocal,1900,,
Aj16,Mondari,xd391,mand1425,Mandari,Nilotic,EA012,8,Patrilocal,1930,with special reference to the Riverain Mondari,
Aj17,Alur,xd392,alur1250,Alur,Nilotic,EA012,8,Patrilocal,1890,,
Aj19,Didinga,xd394,didi1258,Didinga,Surmic,EA012,8,Patrilocal,1920,,
Aj2,Maasi,xd395,masa1300,Masai,Nilotic,EA012,8,Patrilocal,1900,Kisonko or Southern Masai of Tanzania,
Aj20,Suri,xd396,suri1267,Tirma-Chai,Surmic,EA012,8,Patrilocal,1940,,
Aj21,Jie,xd397,jiee1239,Jie,Nilotic,EA012,8,Patrilocal,1930,,
Aj23,Plains Suk,xd399,east2420,East Pokot,Nilotic,EA012,8,Patrilocal,1950,,
Aj24,Toposa,xd400,topo1242,Toposa,Nilotic,EA012,8,Patrilocal,1930,,
Aj25,Keyu,xd401,keiy1238,Keiyo,Nilotic,EA012,8,Patrilocal,1920,,
Aj26,Hill Suk,xd402,west2492,West Pokot,Nilotic,EA012,8,Patrilocal,1910,,
Aj27,Sapei,xd403,kups1238,Kupsabiny,Nilotic,EA012,8,Patrilocal,1920,,
Aj28,Tatoga,xd404,dato1239,Barabayiiga-Gisamjanga,Nilotic,EA012,8,Patrilocal,1940,,
Aj29,Samburu,xd405,samb1315,Samburu,Nilotic,EA012,8,Patrilocal,1950,,
Aj30,Karamojong,xd407,nucl1430,Nuclear Karamojong,Nilotic,EA012,8,Patrilocal,1950,,
Aj31,Pari,xd408,pari1256,Päri,Nilotic,EA012,8,Patrilocal,1920,,
Aj4,Lango,xd409,lang1324,Lango (Uganda),Nilotic,EA012,8,Patrilocal,1920,,
Aj5,Turkana,xd410,turk1308,Turkana,Nilotic,EA012,8,Patrilocal,1920,,
Aj6,Luo,xd411,luok1236,Luo (Kenya and Tanzania),Nilotic,EA012,8,Patrilocal,1940,,
Aj7,Nandi,xd412,nand1266,Nandi,Nilotic,EA012,8,Patrilocal,1910,,
Aj8,Bari,xd413,ligo1238,Ligo,Nilotic,EA012,8,Patrilocal,1920,,
Aj9,Kipsigis,xd414,kips1239,Kipsigis,Nilotic,EA012,8,Patrilocal,1920,,
Ca10,Esa,xd416,nort3051,Northern Somali,Afro-Asiatic,EA012,8,Patrilocal,1880,,
Ca11,Arusi,xd417,bora1271,Borana-Arsi-Guji Oromo,Afro-Asiatic,EA012,8,Patrilocal,1890,,
Ca12,Gibe,xd418,west2721,West Central Oromo,Afro-Asiatic,EA012,8,Patrilocal,1880,,
Ca13,Macha,xd419,west2721,West Central Oromo,Afro-Asiatic,EA012,8,Patrilocal,1950,with special reference to the eastern Macha,
Ca14,Burji,xd420,burj1242,Burji,Afro-Asiatic,EA012,8,Patrilocal,1950,,
Ca15,Darasa,xd421,gede1246,Gedeo,Afro-Asiatic,EA012,8,Patrilocal,1930,,
Ca16,Sidama,xd422,sida1246,Sidamo,Afro-Asiatic,EA012,8,Patrilocal,1930,,
Ca17,Tsamai,xd423,tsam1247,Tsamai,Afro-Asiatic,EA012,8,Patrilocal,1950,,
Ca18,Arbore,xd424,arbo1245,Arbore,Afro-Asiatic,EA012,8,Patrilocal,1940,,
Ca19,Banna,xd425,hame1242,Hamer-Banna,South Omotic,EA012,8,Patrilocal,1950,,
Ca2,Somali,xd426,nort3051,Northern Somali,Afro-Asiatic,EA012,8,Patrilocal,1950,Dolbahanta clan or subtribe,
Ca20,Galab,xd427,daas1238,Daasanach,Afro-Asiatic,EA012,8,Patrilocal,1890,,
Ca21,Hamar,xd428,hame1242,Hamer-Banna,South Omotic,EA012,8,Patrilocal,1950,,
Ca22,Male,xd429,male1284,Male (Ethiopia),Ta-Ne-Omotic,EA012,8,Patrilocal,1950,,
Ca23,Bako,xd430,aari1239,Aari,South Omotic,EA012,8,Patrilocal,1950,,
Ca24,Dime,xd431,dime1235,Dime,South Omotic,EA012,8,Patrilocal,1950,,
Ca25,Shangama,xd432,aari1239,Aari,South Omotic,EA012,8,Patrilocal,1950,,
Ca26,Ubamer,xd433,aari1239,Aari,South Omotic,EA012,8,Patrilocal,1950,,
Ca27,Anfillo,xd434,anfi1235,Anfillo,Ta-Ne-Omotic,EA012,8,Patrilocal,1930,,
Ca28,Basketo,xd435,bask1236,Basketo,Ta-Ne-Omotic,EA012,8,Patrilocal,1950,,
Ca29,Yem,xd436,toba1264,Toba (Ethiopia),Ta-Ne-Omotic,EA012,8,Patrilocal,1920,,
Ca3,Tigrinya,xd437,tigr1271,Tigrinya,Afro-Asiatic,EA012,8,Patrilocal,1950,,
Ca30,Kafa,xd438,kafa1242,Kafa,Ta-Ne-Omotic,EA012,8,Patrilocal,1890,Kafa Kingdom,
Ca34,Ababda,xd442,abab1239,Ababda,Afro-Asiatic,EA012,8,Patrilocal,1920,,
Ca35,Amarar,xd443,amar1281,Amara (Beja),Afro-Asiatic,EA012,8,Patrilocal,1930,,
Ca36,Beni-Amer,xd444,mans1267,Mansa',Afro-Asiatic,EA012,8,Patrilocal,1860,,"In the noble class; among serfs prevailing pattern is Patrilocal (code ""8"")"
Ca37,Blin,xd445,bili1260,Bilin,Afro-Asiatic,EA012,8,Patrilocal,1850,Bogo Tribe,
Ca38,Tigre,xd446,mans1267,Mansa',Afro-Asiatic,EA012,8,Patrilocal,1860,"with special reference to the Maria (Marea, Marya) subtribe in the north",
Ca39,Jimma,xd447,west2721,West Central Oromo,Afro-Asiatic,EA012,8,Patrilocal,1930,,
Ca4,Iraqw,xd448,iraq1241,Iraqw,Afro-Asiatic,EA012,8,Patrilocal,1950,,
Ca40,Baditu,xd449,koor1239,Koorete,Ta-Ne-Omotic,EA012,8,Patrilocal,1950,,
Ca41,Dorse,xd450,dorz1235,Dorze,Ta-Ne-Omotic,EA012,8,Patrilocal,1950,,
Ca42,Shako,xd451,shek1245,Sheko,Dizoid,EA012,8,Patrilocal,1950,,
Ca43,Hadendowa,xd452,hade1248,Hadendoa,Afro-Asiatic,EA012,8,Patrilocal,1930,,
Ca5,Bisharin,xd453,bish1251,Bisharin,Afro-Asiatic,EA012,8,Patrilocal,1930,,
Ca6,Afar,xd454,afar1241,Afar,Afro-Asiatic,EA012,8,Patrilocal,1880,,
Ca8,Gurage,xd456,seba1251,Sebat Bet Gurage,Afro-Asiatic,EA012,8,Patrilocal,1940,,
Ca9,Goroa,xd457,goro1270,Gorowa,Afro-Asiatic,EA012,8,Patrilocal,1890,,
Cb1,Maguzawa,xd458,kano1249,Kano,Afro-Asiatic,EA012,8,Patrilocal,1940,,
Cb10,Karekare,xd459,kare1348,Karekare,Afro-Asiatic,EA012,8,Patrilocal,1920,,
Cb12,Gimma,xd461,nort3133,North Kordofan Arabic,Afro-Asiatic,EA012,8,Patrilocal,1920,,
Cb13,Habbaniya,xd462,nort3133,North Kordofan Arabic,Afro-Asiatic,EA012,8,Patrilocal,1930,,
Cb14,Hemat,xd463,bath1248,Batha,Afro-Asiatic,EA012,8,Patrilocal,1910,,
Cb15,Messiria Humr,xd464,tama1331,Tama (Chad),Tamaic,EA012,8,Patrilocal,1940,with special reference to the Humr,
Cb16,Shuwa,xd465,char1283,Chari-Baguirmi,Afro-Asiatic,EA012,8,Patrilocal,1920,,
Cb2,Wolof,xd469,nucl1347,Wolof,Atlantic-Congo,EA012,8,Patrilocal,1950,Upper and lower Salum in Gambia,
Cb21,Djafun,xd471,adam1253,Adamawa Fulfulde,Atlantic-Congo,EA012,8,Patrilocal,1930,,
Cb22,Liptako,xd472,west2454,Western Niger Fulfulde,Atlantic-Congo,EA012,8,Patrilocal,1920,,
Cb23,Tukulor,xd473,pula1263,Pulaar,Atlantic-Congo,EA012,8,Patrilocal,1930,,
Cb24,Wodaabe Fulani,xd474,boro1274,Bororo of Kano and Zaria,Atlantic-Congo,EA012,8,Patrilocal,1950,Wodaabe of Niger,
Cb25,Tazarawa,xd475,haus1257,Hausa,Afro-Asiatic,EA012,8,Patrilocal,1930,,
Cb26,Zazzagawa Hausa,xd476,araw1280,Arawa,Afro-Asiatic,EA012,8,Patrilocal,1950,Zazzagawa of Zaria,
Cb27,Bachama,xd477,baca1246,Bacama,Afro-Asiatic,EA012,8,Patrilocal,1920,,
Cb28,Dera,xd478,dera1248,Dera (Nigeria),Afro-Asiatic,EA012,8,Patrilocal,1920,,
Cb29,Ngizim,xd479,ngiz1242,Ngizim,Afro-Asiatic,EA012,8,Patrilocal,1920,,
Cb3,Songhai,xd480,koyr1242,Koyraboro Senni Songhai,Songhay,EA012,8,Patrilocal,1940,Bamba division,
Cb4,Hasania,xd481,khar1296,Khartoum,Afro-Asiatic,EA012,8,Patrilocal,1920,,
Cb5,Buduma,xd482,budu1265,Buduma,Afro-Asiatic,EA012,8,Patrilocal,1910,,
Cb6,Tera,xd483,tera1251,Tera,Afro-Asiatic,EA012,8,Patrilocal,1920,,
Cb7,Bolewa,xd484,nucl1695,Bole,Afro-Asiatic,EA012,8,Patrilocal,1920,,
Cb9,Hausa Kanawa,xd486,kano1249,Kano,Afro-Asiatic,EA012,8,Patrilocal,1940,"Hausa, with special reference to the Kanawa",
Cc1,Regeibat,xd487,hass1238,Hassaniyya,Afro-Asiatic,EA012,8,Patrilocal,1950,,
Cc14,Daza,xd492,daza1242,Dazaga,Saharan,EA012,8,Patrilocal,1880,,
Cc16,Chaambra,xd494,algi1247,Algiers,Afro-Asiatic,EA012,8,Patrilocal,1930,,
Cc17,Delim,xd495,hass1238,Hassaniyya,Afro-Asiatic,EA012,8,Patrilocal,1930,,
Cc18,Kunta,xd496,hass1238,Hassaniyya,Afro-Asiatic,EA012,8,Patrilocal,1910,,
Cc19,Trarza,xd497,hass1238,Hassaniyya,Afro-Asiatic,EA012,8,Patrilocal,1950,,
Cc2,Teda,xd498,teda1241,Tedaga,Saharan,EA012,8,Patrilocal,1950,Nomads of Tibesti,
Cc20,Zenaga,xd499,zena1248,Zenaga,Afro-Asiatic,EA012,8,Patrilocal,1910,with special reference to the more nomadic northern groups,
Cc3,Siwans,xd500,siwi1239,Siwi,Afro-Asiatic,EA012,8,Patrilocal,1920,inhabitants of the oasis of Siwa,
Cc4,Mzab,xd501,tumz1238,Tumzabt,Afro-Asiatic,EA012,8,Patrilocal,1920,,
Cc6,Kababish,xd503,nort3133,North Kordofan Arabic,Afro-Asiatic,EA012,8,Patrilocal,1910,,
Cc7,Barabish,xd504,hass1238,Hassaniyya,Afro-Asiatic,EA012,8,Patrilocal,1950,Timbuctoo,
Cd1,Barabra,xd507,kenu1236,Kenuzi-Dongola,Nubian,EA012,8,Patrilocal,1920,Kenuzi Nubians of Dahmit,
Cd10,Zekara,xd508,chen1266,Western Algerian Berber,Afro-Asiatic,EA012,8,Patrilocal,1900,,
Cd12,Algerians,xd510,algi1247,Algiers,Afro-Asiatic,EA012,8,Patrilocal,1870,,
Cd13,Hamama,xd511,sout3114,South-Western Tunisian,Afro-Asiatic,EA012,8,Patrilocal,1930,,
Cd14,Hamyan,xd512,oran1236,Oran,Afro-Asiatic,EA012,8,Patrilocal,1870,,
Cd15,Jebala,xd513,jebl1238,Jebli,Afro-Asiatic,EA012,8,Patrilocal,1910,,
Cd16,Moroccans,xd514,sout3117,Southern Morocco Arabic,Afro-Asiatic,EA012,8,Patrilocal,1930,with special reference to those in the hinterlandof Casablanca,
Cd17,Nail,xd515,cons1245,Constantine,Afro-Asiatic,EA012,8,Patrilocal,1920,,
Cd18,Saadi,xd516,said1239,Saidi Arabic,Afro-Asiatic,EA012,8,Patrilocal,1920,,
Cd19,Sahel,xd517,sahi1245,Sahil,Afro-Asiatic,EA012,8,Patrilocal,1920,,
Cd2,Egyptians,xd518,egyp1253,Egyptian Arabic,Afro-Asiatic,EA012,8,Patrilocal,1950,Town and environs of Silwa,
Cd20,Sanusi,xd519,liby1240,Libyan Arabic,Afro-Asiatic,EA012,8,Patrilocal,1940,,
Cd21,Tunisians,xd520,tuni1260,Tunis (Tunisian Arabic),Afro-Asiatic,EA012,8,Patrilocal,1930,,
Cd3,Riffians,xd521,tari1263,Tarifiyt-Beni-Iznasen-Eastern Middle Atlas Berber,Afro-Asiatic,EA012,8,Patrilocal,1920,Entirety: Moroccan,
Cd4,Kabyle,xd522,kaby1243,Kabyle,Afro-Asiatic,EA012,8,Patrilocal,1890,,
Cd5,Shluh,xd523,susi1238,Susiua,Afro-Asiatic,EA012,8,Patrilocal,1920,with special reference to those of the Grand Atlas Mountains,
Cd7,Beraber,xd525,cent2194,Central Moroccan Berber,Afro-Asiatic,EA012,8,Patrilocal,1910,with special reference to the Zemmur tribe,
Cd8,Shawiya,xd526,tach1249,Chaouia of the Aures,Afro-Asiatic,EA012,8,Patrilocal,1910,,
Cd9,Tekna,xd527,hass1238,Hassaniyya,Afro-Asiatic,EA012,8,Patrilocal,1900,,
Ce1,Gheg,xd528,gheg1238,Gheg Albanian,Indo-European,EA012,8,Patrilocal,1900,Mountain Gheg of No. Albania,
Ch1,Serbs,xd546,serb1264,Serbian,Indo-European,EA012,8,Patrilocal,1950,with special reference to the village of Orasac,
Ci1,Kalmyk,xd574,kalm1243,Oirad-Kalmyk,Mongolic,EA012,8,Patrilocal,1920,with special reference to the Baga Dorbed group,
Ci11,Kurd,xd576,cent1972,Central Kurdish,Indo-European,EA012,8,Patrilocal,1940,,
Ci12,Abkhaz,xd577,abkh1244,Abkhazian,Abkhaz-Adyge,EA012,8,Patrilocal,1880,Abkhaz Tribe,
Ci2,Khevsur,xd578,xevs1238,Xevsur,Kartvelian,EA012,8,Patrilocal,1930,,
Ci4,Cherkess,xd580,kaba1278,Kabardian,Abkhaz-Adyge,EA012,8,Patrilocal,1920,,
Ci5,Turks,xd581,nucl1301,Turkish,Turkic,EA012,8,Patrilocal,1950,Northern Anatolian Plateau,
Ci6,Ossetians,xd582,osse1243,Ossetian,Indo-European,EA012,8,Patrilocal,1880,,
Ci7,Chechen,xd583,chec1245,Chechen,Nakh-Daghestanian,EA012,8,Patrilocal,1900,,
Ci8,Georgians,xd584,imer1248,Imeretian,Kartvelian,EA012,8,Patrilocal,1850,,
Ci9,Svan,xd585,svan1243,Svan,Kartvelian,EA012,8,Patrilocal,1910,,
Cj1,Syrians,xd586,nort3142,North Mesopotamian Arabic,Afro-Asiatic,EA012,8,Patrilocal,1950,with special reference to the village of Tell Toqaan,
Cj10,Madan,xd587,meso1252,Gilit Mesopotamian Arabic,Afro-Asiatic,EA012,8,Patrilocal,1950,with special reference to the village of ech-Chibayish,
Cj2,Rwala,xd588,east2690,Eastern Egyptian Bedawi Arabic,Afro-Asiatic,EA012,8,Patrilocal,1920,Unspecified,
Cj3,Hebrews,xd589,anci1244,Ancient Hebrew,Afro-Asiatic,EA012,8,Patrilocal,-800,,
Cj5,Mutair,xd591,sout3119,South Najdi,Afro-Asiatic,EA012,8,Patrilocal,1930,,
Cj6,Jordanians,xd592,sout3123,South Levantine Arabic,Afro-Asiatic,EA012,8,Patrilocal,1950,with special reference to the sedentary population,
Cj7,Lebanese,xd593,nort3139,North Levantine Arabic,Afro-Asiatic,EA012,8,Patrilocal,1950,with special reference to the village of Munsif,
Cj8,Druze,xd594,sunn1238,Sunni Beiruti Arabic,Afro-Asiatic,EA012,8,Patrilocal,1930,with special reference to those of Mount Carmel in Israel,
Cj9,Yemeni,xd595,sana1295,Sanaani Arabic,Afro-Asiatic,EA012,8,Patrilocal,1950,,
Ea1,Sindhi,xd596,sind1272,Sindhi,Indo-European,EA012,8,Patrilocal,1950,,
Ea10,Marri,xd597,east2304,Eastern Balochi,Indo-European,EA012,8,Patrilocal,1950,with special reference to the more nomadic groups,
Ea11,Ghilzai,xd598,ghil1238,Ghilzai,Indo-European,EA012,8,Patrilocal,1950,with special reference to the Ghilzai tribe,
Ea12,Qashqui,xd599,qash1240,Qashqa'i,Turkic,EA012,8,Patrilocal,1940,,
Ea13,Punjabi,xd600,west2386,Western Panjabi,Indo-European,EA012,8,Patrilocal,1950,Mohla Village,
Ea2,Yusufzai,xd601,yusu1238,Yusufzai,Indo-European,EA012,8,Patrilocal,1950,with special reference to the Yusufsai of Swat,
Ea3,Hazara,xd602,haza1239,Hazaragi,Indo-European,EA012,8,Patrilocal,1930,with special reference to the Urazgani,
Ea4,Kohistani,xd603,indu1241,Indus Kohistani,Indo-European,EA012,8,Patrilocal,1950,,
Ea5,Nuristani,xd604,kamv1242,Kamviri,Indo-European,EA012,8,Patrilocal,1890,,
Ea6,Basseri,xd605,bass1257,Basseri,Indo-European,EA012,8,Patrilocal,1958,Nomadic branch,
Ea7,Moghol,xd606,mogh1245,Mogholi,Mongolic,EA012,8,Patrilocal,1950,,
Ea8,Bakhtiari,xd607,bakh1245,Bakhtiari,Indo-European,EA012,8,Patrilocal,1920,,
Eb1,Kazakh,xd609,kaza1248,Kazakh,Turkic,EA012,8,Patrilocal,1910,Great Horde,
Eb2,Tu,xd610,tuuu1240,Tu,Mongolic,EA012,8,Patrilocal,1920,,
Eb3,Khalka,xd611,halh1238,Halh Mongolian,Mongolic,EA012,8,Patrilocal,1940,Narobanchin Territory,
Eb4,Dagur,xd612,daur1238,Dagur,Mongolic,EA012,8,Patrilocal,1940,with special reference to the Botaha area,
Eb5,Turkmen,xd613,turk1304,Turkmen,Turkic,EA012,8,Patrilocal,1910,with special reference to the sedentary Teke of the Merv oasis,
Eb6,Buryat,xd614,russ1264,Russia Buriat,Mongolic,EA012,8,Patrilocal,1900,with special reference to those southeast of Lake Baikal,
Eb7,Chahar,xd615,peri1253,Peripheral Mongolian,Mongolic,EA012,8,Patrilocal,1930,,
Eb8,Uzbek,xd616,nort2690,Northern Uzbek,Turkic,EA012,8,Patrilocal,1800,with special reference to the Kongrat tribe,
Ec1,Nivkh,xd617,gily1242,Nivkh,,EA012,8,Patrilocal,1920,Sakhalin Island,
Ec10,Ob Ostyak,xd618,khan1273,Kazym-Berezover-Suryskarer Khanty,Uralic,EA012,8,Patrilocal,1880,with special reference to those on the Ob River,
Ec11,Selkup,xd619,selk1253,Selkup,Uralic,EA012,8,Patrilocal,1900,,
Ec2,Yakut,xd628,yaku1245,Sakha,Turkic,EA012,8,Patrilocal,1900,with special reference to the Yakutsk district,
Ec4,Yurak-Samoyeds,xd632,nene1249,Tundra Nenets,Uralic,EA012,8,Patrilocal,1900,Yurak Tribe,
Ec9,Nanai,xd637,nana1257,Nanai,Tungusic,EA012,8,Patrilocal,1920,,
Ed1,Koreans,xd638,kore1280,Korean,Koreanic,EA012,8,Patrilocal,1950,Kanghwa Island,
Ed10,Shantung,xd639,mand1415,Mandarin Chinese,Sino-Tibetan,EA012,8,Patrilocal,1930,with special reference to the village of Taitou,
Ed13,Ishigakians,xd640,yaey1239,Yaeyama,Japonic,EA012,8,Patrilocal,1940,with special reference to the town of Kabira,
Ed14,Man,xd641,kimm1245,Kim Mun,Hmong-Mien,EA012,8,Patrilocal,,with special reference to the Man Lan Ten of North Vietnam,
Ed15a,Miyakans,xd642,miya1259,Miyako,Japonic,EA012,8,Patrilocal,1950,with special reference to the village of Karimata,
Ed16,Cantonese,xd644,yuec1235,Yue Chinese,Sino-Tibetan,EA012,8,Patrilocal,1940,with special reference to the village of Yannon,
Ed2,Lolo,xd645,sich1238,Sichuan Yi,Sino-Tibetan,EA012,8,Patrilocal,1940,Liang Shan and Taliang S,
Ed3,Manchu,xd646,manc1252,Manchu,Tungusic,EA012,8,Patrilocal,1920,Aigun District,
Ed4,Miao,xd647,horn1235,Horned Miao,Hmong-Mien,EA012,8,Patrilocal,1940,with special reference to the Magpie (Yachio) Miao,
Ed6,Min Chinese,xd649,minn1241,Min Nan Chinese,Sino-Tibetan,EA012,8,Patrilocal,1920,with special reference to those in the hinterland of Swatow,
Ed7,Okinawans,xd650,cent2126,Central Okinawan,Japonic,EA012,8,Patrilocal,1950,,
Ed8,Minchia,xd651,cent2004,Central Bai,Sino-Tibetan,EA012,8,Patrilocal,1930,,
Ed9,Li,xd652,hlai1239,Hlai,Tai-Kadai,EA012,8,Patrilocal,1930,,
Ee2,Burusho,xd654,buru1296,Burushaski,,EA012,8,Patrilocal,1930,Hunza State,
Ee3,Lepcha,xd655,lepc1244,Lepcha,Sino-Tibetan,EA012,8,Patrilocal,1930,Lingthem and vicinity,
Ee4,Tibetans,xd656,tibe1272,Tibetan,Sino-Tibetan,EA012,8,Patrilocal,1920,with special reference to Central Tibet,
Ee5,Shina,xd657,shin1264,Shina,Indo-European,EA012,8,Patrilocal,1870,with special reference to the Shina tribe,
Ee6,Sherpa,xd658,sher1255,Solu-Khumbu Sherpa,Sino-Tibetan,EA012,8,Patrilocal,1950,with special reference to those of Khumbu,Uxorilocal only if wife has no brothers
Ee7,Kachari,xd659,kach1279,Kachari,Sino-Tibetan,EA012,8,Patrilocal,1840,,
Ee8,Magar,xd660,west2418,Western Magar,Sino-Tibetan,EA012,8,Patrilocal,1950,with special reference to the sedentary inhabitants of Banyan Hill,
Ef1,Santal,xd661,sant1410,Santali,Austroasiatic,EA012,8,Patrilocal,1940,Bankura and Berghum Districts,
Ef10,Bihari,xd662,mait1250,Maithili,Indo-European,EA012,8,Patrilocal,1880,Ganges River Valley,
Ef11,Uttar Pradesh,xd663,bhoj1244,Bhojpuri,Indo-European,EA012,8,Patrilocal,1945,Village and environs of Senapur,
Ef2,Bengali,xd664,beng1280,Bengali,Indo-European,EA012,8,Patrilocal,1940,with special reference t the Western or Hindu Bengali,
Ef3,Indo-Iranian,xd665,sans1269,Sanskrit,Indo-European,EA012,8,Patrilocal,-800,,
Ef4,Ho,xd666,hooo1248,Ho,Austroasiatic,EA012,8,Patrilocal,1920,,
Ef5,Bhil,xd667,bhil1251,Bhili,Indo-European,EA012,8,Patrilocal,1900,,
Ef6,Kurukh,xd668,kuru1302,Kurukh,Dravidian,EA012,8,Patrilocal,1940,,
Ef7,Pahari,xd669,maha1287,Mahasu Pahari,Indo-European,EA012,8,Patrilocal,1950,with special reference to the village of Sirkanda in western Uttar Pradesh,
Ef8,Kashmiri,xd670,kash1277,Kashmiri,Indo-European,EA012,8,Patrilocal,1950,with special reference to the Pandit or Sarasvati Brahmans,
Ef9,Gujarati,xd671,guja1252,Gujarati,Indo-European,EA012,8,Patrilocal,1136,"Village of Atgam, Surat District; possibly also other areas",
Eg10,Telugu,xd673,telu1262,Telugu,Dravidian,EA012,8,Patrilocal,1950,with special reference to the village of Shamirpet,
Eg11,Koya,xd674,koya1251,Koya,Dravidian,EA012,8,Patrilocal,1960,with special reference to the Gommu Koya,
Eg12,Khond,xd675,kuii1252,Kui (India),Dravidian,EA012,8,Patrilocal,1940,with special reference to the Bondo,
Eg13,Muria Gond,xd676,west2408,Western Muria,Dravidian,EA012,8,Patrilocal,1941,Bastar State,
Eg14,Reddi,xd677,mukh1238,Mukha-Dora,Dravidian,EA012,8,Patrilocal,1940,with special reference to those of the Bison Hills,
Eg2,Tamil,xd678,tami1289,Tamil,Dravidian,EA012,8,Patrilocal,1880,with special reference to the agricultural castes in Tanjore,
Eg3,Madia,xd679,mari1414,Maria (India),Dravidian,EA012,8,Patrilocal,1938,Hill Maria,
Eg4,Toda,xd680,toda1252,Toda,Dravidian,EA012,8,Patrilocal,1900,Toda Tribe,
Eg5,Kodavas,xd681,koda1255,Kodava,Dravidian,EA012,8,Patrilocal,1930,,
Eg7,Hill Bhuiya,xd683,oriy1255,Odia,Indo-European,EA012,8,Patrilocal,1930,with special reference to the Pauri or Hill Bhuiya,
Eg8,Kol,xd684,mund1320,Mundari,Austroasiatic,EA012,8,Patrilocal,1940,,
Eg9,Baiga,xd685,chha1249,Chhattisgarhi,Indo-European,EA012,8,Patrilocal,1930,,
Eh10,Betsileo,xd687,bets1235,Betsileo,Austronesian,EA012,8,Patrilocal,,,
Eh3,Tanala,xd689,tana1285,Tanala,Austronesian,EA012,8,Patrilocal,1930,Menabe subtribe,
Eh7,Antandroy,xd693,tand1256,Tandroy Malagasy,Austronesian,EA012,8,Patrilocal,1900,,"But McLeod reports Ambilocal (code ""2"")"
Eh8,Sakalava,xd694,saka1291,West Malagasy Sakalava,Austronesian,EA012,8,Patrilocal,1900,,
Eh9,Antaisaka,xd695,tesa1236,Tesaka Malagasy,Austronesian,EA012,8,Patrilocal,1930,,
Ei10,Chakma,xd697,chak1266,Chakma,Indo-European,EA012,8,Patrilocal,1870,,
Ei11,Aimol,xd698,aimo1244,Aimol,Sino-Tibetan,EA012,8,Patrilocal,1910,,
Ei12,Thado,xd699,thad1238,Thado Chin,Sino-Tibetan,EA012,8,Patrilocal,1910,,
Ei13,Angami,xd700,anga1288,Angami Naga,Sino-Tibetan,EA012,8,Patrilocal,1910,,
Ei14,Ao,xd701,aona1235,Ao Naga,Sino-Tibetan,EA012,8,Patrilocal,1920,with special reference to the Chongli,
Ei15,Rengma,xd702,sout2732,Southern Rengma Naga,Sino-Tibetan,EA012,8,Patrilocal,1930,,
Ei16,Sema,xd703,sumi1235,Sumi Naga,Sino-Tibetan,EA012,8,Patrilocal,1910,,
Ei17,Karbi,xd704,karb1241,Hills Karbi,Sino-Tibetan,EA012,8,Patrilocal,1900,,
Ei19,Chin,xd706,asho1236,Asho Chin,Sino-Tibetan,EA012,8,Patrilocal,1940,,
Ei2,Lhota,xd707,loth1237,Lotha Naga,Sino-Tibetan,EA012,8,Patrilocal,1920,,
Ei20,Kuki,xd708,lush1249,Mizo,Sino-Tibetan,EA012,8,Patrilocal,1940,with special reference to those of the Chittagong Hills,
Ei4,Maras,xd710,mara1382,Mara Chin,Sino-Tibetan,EA012,8,Patrilocal,1930,Lakher Tribe,
Ei5,Kachin,xd711,kach1280,Southern Jinghpaw,Sino-Tibetan,EA012,8,Patrilocal,1940,with special reference to the Jinghpaw,
Ei6,Purum,xd712,puru1266,Purum,Sino-Tibetan,EA012,8,Patrilocal,1930,,
Ei9,Mogh,xd715,rakh1245,Rakhine,Sino-Tibetan,EA012,8,Patrilocal,1880,,
Ej1,Lamet,xd716,lame1256,Lamet,Austroasiatic,EA012,8,Patrilocal,1940,"Lamet Tribe, Northwestern Laos",
Ej12,Lawa,xd719,west2396,Western Lawa,Austroasiatic,EA012,8,Patrilocal,1960,,
Ej13,Muong,xd720,muon1246,Muong,Austroasiatic,EA012,8,Patrilocal,1940,,
Ej4,Annamese,xd726,viet1252,Vietnamese,Austroasiatic,EA012,8,Patrilocal,1950,Red River Delta in Tonkin,
Ej7,Akha,xd729,akha1245,Akha,Sino-Tibetan,EA012,8,Patrilocal,1950,,
Ia10,Bunun,xd733,bunu1267,Bunun,Austronesian,EA012,8,Patrilocal,1930,,
Ib3,Balinese,xd752,bali1278,Balinese,Austronesian,EA012,8,Patrilocal,1950,Tihingan Village,
Ib4,Toba Batak,xd753,bata1289,Batak Toba,Austronesian,EA012,8,Patrilocal,1930,with special reference to the Toba group,
Ic13,Kodi,xd763,kodi1247,Kodi-Gaura,Austronesian,EA012,8,Patrilocal,1950,,
Ic4,Rotinese,xd766,term1237,Termanu,Austronesian,EA012,8,Patrilocal,1920,,
Ic6,Tanimbarese,xd768,sela1259,Selaru,Austronesian,EA012,8,Patrilocal,1930,,
Ic7,Ili-Mandiri,xd769,lama1277,Lamaholot,Austronesian,EA012,8,Patrilocal,1920,with special reference to the village of Leloba in E. Flores,
Ic8,Kei,xd770,keii1239,Kei,Austronesian,EA012,8,Patrilocal,1890,,
Ic9,Sumbanese,xd771,kamb1299,Kambera,Austronesian,EA012,8,Patrilocal,1930,with special reference to eastern Sumba,
Id1,Northern Aranda,xd772,east2379,Eastern Arrernte,Pama-Nyungan,EA012,8,Patrilocal,1900,Alice Springs and environs,
Id10,Walbiri,xd773,warl1254,Warlpiri,Pama-Nyungan,EA012,8,Patrilocal,1930,,
Id11,Gidjingali,xd774,gunn1248,Gun-narda,Maningrida,EA012,8,Patrilocal,1950,,
Id12,Yir Yoront,xd775,jirj1239,Jir'jorond,Pama-Nyungan,EA012,8,Patrilocal,1930,,
Id13,Anindilyagwa,xd776,anin1240,Anindilyakwa,Gunwinyguan,EA012,8,Patrilocal,1930,,But women live in segregated camps where they are visited secretly by men entitled to sleep with them
Id2,"Yolngu, Dhuwal",xd777,dhuw1249,Dhuwal,Pama-Nyungan,EA012,8,Patrilocal,1930,,
Id5,Kariyarra,xd780,kari1304,Kariyarra,Pama-Nyungan,EA012,8,Patrilocal,1910,,
Id6,Wikmunkan,xd781,wikm1247,Wik-Mungkan,Pama-Nyungan,EA012,8,Patrilocal,1920,with special reference to the Archer River group,
Id7,Murriny Patha,xd782,murr1258,Murriny Patha,Southern Daly,EA012,8,Patrilocal,1940,,
Id9,Ngiyambaa,xd784,wang1291,Ngiyambaa,Pama-Nyungan,EA012,8,Patrilocal,1910,,
Ie1,Mee,xd785,ekar1243,Ekari,Nuclear Trans New Guinea,EA012,8,Patrilocal,1950,"Botukebo village, Kamu Valley,  Ijaaj-Pigome confederacy",
Ie10,Motu,xd786,motu1246,Motu,Austronesian,EA012,8,Patrilocal,1950,with special reference to the Western Motu,
Ie11,Kakoli,xd787,umbu1258,Umbu-Ungu,Nuclear Trans New Guinea,EA012,8,Patrilocal,1950,,
Ie12,Kwoma,xd788,kwom1262,Kwoma,Sepik,EA012,8,Patrilocal,1930,Hongwam subtribe; Rumbima,
Ie13,Kiwai,xd789,sout2949,Southern Kiwai,Kiwaian,EA012,8,Patrilocal,1920,,
Ie14,Miriam,xd790,meri1244,Meriam,Eastern Trans-Fly,EA012,8,Patrilocal,1900,,
Ie15,Abelam,xd791,ambu1247,Ambulas,Ndu,EA012,8,Patrilocal,1930,Kalabu; Northern Abelam,
Ie2,Wantoat,xd796,want1252,Wantoat,Nuclear Trans New Guinea,EA012,8,Patrilocal,1920,,
Ie20,Koita,xd797,koit1244,Koitabu,Koiarian,EA012,8,Patrilocal,1900,,
Ie21,Mailu,xd798,mail1248,Mailu,Mailuan,EA012,8,Patrilocal,1900,,
Ie22,Mekeo,xd799,meke1243,Mekeo,Austronesian,EA012,8,Patrilocal,1900,,
Ie23,Muju,xd800,sout2940,South Muyu,Nuclear Trans New Guinea,EA012,8,Patrilocal,1950,,
Ie24,Koiari,xd801,gras1249,Grass Koiari,Koiarian,EA012,8,Patrilocal,1870,,
Ie25,Mafulu,xd802,fuyu1242,Fuyug,Goilalan,EA012,8,Patrilocal,1920,,
Ie26,Ngarawapum,xd803,adze1240,Adzera,Austronesian,EA012,8,Patrilocal,1940,,
Ie27,Banaro,xd804,bana1292,Banaro,,EA012,8,Patrilocal,1910,,
Ie29,Manam,xd806,mana1295,Manam,Austronesian,EA012,8,Patrilocal,1930,principally Tsogari,
Ie3,Arapesh,xd807,buki1249,Bukiyip,Nuclear Torricelli,EA012,8,Patrilocal,1930,with special reference to the Mountain Arapesh (Alitoa),
Ie31,Fore,xd809,fore1270,Fore,Nuclear Trans New Guinea,EA012,8,Patrilocal,1950,,
Ie32,Sio,xd810,sioo1240,Sio,Austronesian,EA012,8,Patrilocal,1964,,
Ie33,Soromadja,xd811,nucl1595,Kwerba,Greater Kwerba,EA012,8,Patrilocal,1950,with special reference to the village of Muramarew,
Ie35,Iatmul,xd813,iatm1242,Iatmul,Ndu,EA012,8,Patrilocal,1930,,
Ie36,Samarokena,xd814,sama1240,Samarokena,Greater Kwerba,EA012,8,Patrilocal,1950,,
Ie37,Star Mountain,xd815,ngal1298,Ngalum,Nuclear Trans New Guinea,EA012,8,Patrilocal,1960,,
Ie39,Elema,xd817,orok1267,Orokolo,Eleman,EA012,8,Patrilocal,1920,with special reference to those of Orokolo Bay,
Ie4,Wogeo,xd818,woge1237,Wogeo,Austronesian,EA012,8,Patrilocal,1930,"Dap, Wonevaro district",
Ie5,Keraki,xd819,namb1293,Nambo,Morehead-Wasur,EA012,8,Patrilocal,1930,,
Ie6,Waropen,xd820,waro1242,Waropen,Austronesian,EA012,8,Patrilocal,1930,,
Ie7,Enga,xd821,enga1252,Enga,Nuclear Trans New Guinea,EA012,8,Patrilocal,1950,with special reference to the Mae group,
Ie8,Purari,xd822,pura1257,Purari,,EA012,8,Patrilocal,1910,with special reference to the Koriki,
Ie9,Orokaiva,xd823,orok1269,Orokaiva,Nuclear Trans New Guinea,EA012,8,Patrilocal,1920,,
If6,Yapese,xd837,yape1248,Yapese,Austronesian,EA012,8,Patrilocal,1910,Island,
Ig10,Usiai,xd842,lele1270,Lele (Papua New Guinea),Austronesian,EA012,8,Patrilocal,1950,,
Ig15,Bakovi,xd847,bola1250,Bola,Austronesian,EA012,8,Patrilocal,1950,,
Ig17,Kombe,xd849,mudu1242,Muduapa,Austronesian,EA012,8,Patrilocal,1950,,
Ig18,Kwaio,xd850,kwai1243,Kwaio,Austronesian,EA012,8,Patrilocal,1960,,
Ig9,Manus,xd861,tita1241,Titan,Austronesian,EA012,8,Patrilocal,1920,Peri Village,
Ih10,Tannese,xd863,sout2869,Southwest Tanna,Austronesian,EA012,8,Patrilocal,1920,Whitsands,
Ih12,Eromangans,xd865,siee1239,Sie,Austronesian,EA012,8,Patrilocal,1920,,
Ih13,Ranon,xd866,nort2839,North Ambrym,Austronesian,EA012,8,Patrilocal,1920,,
Ih14,Mbau Fijians,xd867,bauu1243,Bau (Fijian),Austronesian,EA012,8,Patrilocal,1840,"Bau Chiefdom, Vanua Levu",
Ih2,Seniang,xd868,sout2857,Nahavaq,Austronesian,EA012,8,Patrilocal,1930,Malekula Island,
Ih3,Bunlap,xd869,saaa1241,Sa,Austronesian,EA012,8,Patrilocal,1950,Bunlap Village,
Ih4,Lau,xd870,laua1243,Lauan,Austronesian,EA012,8,Patrilocal,1920,Lau Island,
Ih5,Ajie,xd871,ajie1238,Ajië,Austronesian,EA012,8,Patrilocal,1860,Neje Chiefdom,
Ih7,Lifu,xd873,dehu1237,Dehu,Austronesian,EA012,8,Patrilocal,1910,,
Ih8,Vanua Levu,xd874,nort2843,Northeast Vanua Levu,Austronesian,EA012,8,Patrilocal,1940,with special reference to the village of Nakaroka,
Ii2,Tikopia,xd881,tiko1237,Tikopia,Austronesian,EA012,8,Patrilocal,1930,Ravenga District,
Ii3,Pukapukans,xd882,puka1242,Pukapuka,Austronesian,EA012,8,Patrilocal,1930,,
Na11,Sivokakmeit,xd1028,cent2128,Central Siberian Yupik,Eskimo-Aleut,EA012,8,Patrilocal,1920,,
Na34,Pekangekum,xd1050,lacs1238,Lac Seul Ojibwa,Algic,EA012,8,Patrilocal,1940,a band of Northern Saulteaux very closely akin to Na33 (Berens River band) but described as of a much more recent date,
Na42,Potawatomi,xd1059,pota1247,Potawatomi,Algic,EA012,8,Patrilocal,1760,Prairie Potawatomi,
Nb31,Tututni,xd1092,tutu1242,Tututni,Athabaskan-Eyak-Tlingit,EA012,8,Patrilocal,1870,,
Nb6,Tolowa,xd1103,tolo1259,Tolowa-Chetco,Athabaskan-Eyak-Tlingit,EA012,8,Patrilocal,1870,,
Nc1,Nomlaki,xd1107,noml1242,Nomlaki,Wintuan,EA012,8,Patrilocal,1850,,
Nc23,Western Mono,xd1122,mono1275,Mono (USA),Uto-Aztecan,EA012,8,Patrilocal,1870,,
Nc24,Southern Valley Yokuts,xd1123,vall1251,Valley Yokuts,Yokutsan,EA012,8,Patrilocal,1860,Tulare Lake,
Nc25,Wukchumni,xd1124,tule1245,Tule-Kaweah Yokuts,Yokutsan,EA012,8,Patrilocal,1860,,
Nc26,Salinan,xd1125,sali1253,Salinan,,EA012,8,Patrilocal,1770,,
Nc29,Tongva,xd1128,tong1329,Tongva,Uto-Aztecan,EA012,8,Patrilocal,1770,,
Nc3,Northern Foothill Yokuts,xd1129,nort2937,Northern Hill/Valley Yokuts,Yokutsan,EA012,8,Patrilocal,1850,with special reference to those of the Northern Foothills,
Nc30,Serrano,xd1130,serr1255,Serrano,Uto-Aztecan,EA012,8,Patrilocal,1870,,
Nc31,Cahuilla (Desert),xd1131,cahu1264,Cahuilla,Uto-Aztecan,EA012,8,Patrilocal,1870,with special reference to the Desert Cahuilla,
Nc32,Cupeño,xd1132,cupe1243,Cupeño,Uto-Aztecan,EA012,8,Patrilocal,1870,,
Nc33,Luiseño,xd1133,luis1253,Luiseno,Uto-Aztecan,EA012,8,Patrilocal,1860,,
Nc34,Kiliwa,xd1134,kili1268,Kiliwa,Cochimi-Yuman,EA012,8,Patrilocal,1880,,
Nc5,Central Sierra Miwok,xd1136,cent2140,Central Sierra Miwok,Miwok-Costanoan,EA012,8,Patrilocal,1850,with special reference to the Central Sierra group,
Nc6,Kumeyaay,xd1137,kumi1248,Tipai,Cochimi-Yuman,EA012,8,Patrilocal,1850,with special reference to the Southern Diegueno,
Nf10,Iowa,xd1230,iowa1246,Iowa,Siouan,EA012,8,Patrilocal,1870,,
Nf11,Otoe,xd1231,otoo1241,Oto,Siouan,EA012,8,Patrilocal,1870,,
Nf12,Ponca,xd1232,ponc1241,Ponca,Siouan,EA012,8,Patrilocal,1850,,
Nf13,Shawnee,xd1233,shaw1249,Shawnee,Algic,EA012,8,Patrilocal,1820,with special reference to the Kiskopotha band,
Nf15,Kickapoo,xd1235,kick1244,Kickapoo,Algic,EA012,8,Patrilocal,1870,,
Nf2,Ho Chunk,xd1236,hoch1243,Ho-Chunk,Siouan,EA012,8,Patrilocal,1850,,
Nf3,Omaha,xd1237,omah1248,Omaha,Siouan,EA012,8,Patrilocal,1850,Omaha Tribe,"In hunting camps, but possibly Uxorilocal in the villages (code ""9"")"
Nf4,Myaamia,xd1238,miam1252,Miami,Algic,EA012,8,Patrilocal,1720,,
Nf9,Menominee,xd1243,meno1252,Menominee,Algic,EA012,8,Patrilocal,1870,,
Nh19,Cocopa,xd1269,coco1261,Cocopa,Cochimi-Yuman,EA012,8,Patrilocal,1850,,
Nh20,Kamia,xd1271,kumi1248,Tipai,Cochimi-Yuman,EA012,8,Patrilocal,1860,,
Nh22,Quechan,xd1273,quec1382,Quechan,Cochimi-Yuman,EA012,8,Patrilocal,1860,,
Nh5,Maricopa,xd1281,mari1440,Maricopa,Cochimi-Yuman,EA012,8,Patrilocal,1850,,
Nj14,Tequistlatec,xd1300,high1242,Highland Oaxaca Chontal,Tequistlatecan,EA012,8,Patrilocal,1960,,
Sa10,Lacandon,xd1310,laca1243,Lacandon,Mayan,EA012,8,Patrilocal,1900,,
Sa11,Kaqchikel,xd1311,kaqc1270,Kaqchikel,Mayan,EA012,8,Patrilocal,1880,,
Sa13,K'iche',xd1313,kich1262,K'iche',Mayan,EA012,8,Patrilocal,1930,Town of Chichicastenango,
Sa15,Jakaltek,xd1315,popt1235,Popti',Mayan,EA012,8,Patrilocal,1920,,
Sa17,Poqomam,xd1317,poqo1253,Poqomam,Mayan,EA012,8,Patrilocal,1950,with special reference to the village of Chinantla,
Sa2,Tzeltal,xd1318,tzel1254,Tzeltal,Mayan,EA012,8,Patrilocal,1940,with special reference to the town of Canuc; some data apply to the group more generally,
Sa8,Mam,xd1324,mamm1241,Mam,Mayan,EA012,8,Patrilocal,1930,with special reference to the village of Santiago Chimaltenango,
Sd3,Palikur,xd1355,pali1279,Palikúr,Arawakan,EA012,8,Patrilocal,1920,,
Sd5,Sateré Mawé,xd1357,sate1243,Sateré-Mawé,Tupian,EA012,8,Patrilocal,1950,,
Se12,Tucano,xd1365,tuca1252,Tucano,Tucanoan,EA012,8,Patrilocal,1950,,
Se2,Ticuna,xd1366,ticu1245,Ticuna,Ticuna-Yuri,EA012,8,Patrilocal,1940,,
Se4,Yagua,xd1368,yagu1244,Yagua,Peba-Yagua,EA012,8,Patrilocal,1940,,
Se5,Cubeo,xd1369,cube1242,Cubeo,Tucanoan,EA012,8,Patrilocal,1940,Village on Caduiari River,
Se6,Witoto,xd1370,muru1274,Murui Huitoto,Huitotoan,EA012,8,Patrilocal,1910,,
Sf2,Aymara,xd1375,cent2142,Central Aymara,Aymaran,EA012,8,Patrilocal,1940,Chucuito Clan community in Peru,
Sg2,Mapuche,xd1384,mapu1245,Mapudungun,Araucanian,EA012,8,Patrilocal,1880,Cholchol,
Sj2,Sherente,xd1410,xere1240,Xerénte,Nuclear-Macro-Je,EA012,8,Patrilocal,1850,,
ch13,Besermyan,xd550,nort2676,North Udmurt,Uralic,EA012,8,Patrilocal,1894,with special reference to the Glazovskij Uezd Besermyan,
ch19,Karelians,xd556,livv1243,Livvi,Uralic,EA012,8,Patrilocal,1874,with special reference to the Livvikjoj group of the Olonetskij Uezd,
ec12,Nganasan,xd620,ngan1291,Nganasan,Uralic,EA012,8,Patrilocal,1930,Avam (Western) group,
ec13,Itelmen,xd621,itel1242,Itelmen,Chukotko-Kamchatkan,EA012,8,Patrilocal,1710,those of Eastern Kamchatka,
ec14,Ungazikmit,xd622,cent2128,Central Siberian Yupik,Eskimo-Aleut,EA012,8,Patrilocal,1880,those of South-Eastern Chukotka,
Ah23,Jibu,xd313,jibu1239,Jibu,Atlantic-Congo,EA012,9,Uxorilocal,1920,,
Ei7,Karen,xd713,pwow1235,Pwo Western Karen,Sino-Tibetan,EA012,9,Uxorilocal,1910,,
Ia16,Kalinga,xd739,lubu1243,Lubuagan Kalinga,Austronesian,EA012,9,Uxorilocal,1910,with special reference to the northern Kalinga,
Ic5,Toradja,xd767,pamo1252,Pamona,Austronesian,EA012,9,Uxorilocal,1910,Bare'e subgroup,
Na29,Beaver,xd1045,beav1236,Beaver,Athabaskan-Eyak-Tlingit,EA012,9,Uxorilocal,1850,,
Nc19,Southern Pomo,xd1117,sout2984,Southern Pomo,Pomoan,EA012,9,Uxorilocal,1860,with special reference to those near Santa Rosa,
Nd27,Kuyuidokado,xd1160,sout2967,South Northern Paiute,Uto-Aztecan,EA012,9,Uxorilocal,1860,,
Nd32,Tümpisa Shoshone (Saline and Panamint),xd1166,pana1305,Panamint,Uto-Aztecan,EA012,9,Uxorilocal,1850,with special reference to those of Saline Valley,
Nd40,Tubaduka,xd1175,west2622,Western Shoshoni,Uto-Aztecan,EA012,9,Uxorilocal,1870,,
Nd49,Antarianunts,xd1184,utee1244,Ute,Uto-Aztecan,EA012,9,Uxorilocal,1860,including the Kaiparowits band,
Nd51,Moapa,xd1187,sout2969,Southern Paiute,Uto-Aztecan,EA012,9,Uxorilocal,1860,,
Nd59,Moanunts,xd1195,utee1244,Ute,Uto-Aztecan,EA012,9,Uxorilocal,1860,,
Nd60,Moache,xd1197,utee1244,Ute,Uto-Aztecan,EA012,9,Uxorilocal,1860,,
Nd61,Taviwatsiu,xd1198,utee1244,Ute,Uto-Aztecan,EA012,9,Uxorilocal,1860,,
Nd62,Uncompahgre Ute,xd1199,utee1244,Ute,Uto-Aztecan,EA012,9,Uxorilocal,1860,,
Nd64,Wind River Eastern Shoshone,xd1201,nort2955,Northern Shoshoni,Uto-Aztecan,EA012,9,Uxorilocal,1860,with special reference to the Kucundika,
Ne10,Arikara,xd1209,arik1262,Arikara,Caddoan,EA012,9,Uxorilocal,1860,,
Ne9,Arapaho,xd1228,arap1274,Arapaho,Algic,EA012,9,Uxorilocal,1860,,
Nf14,Caddo,xd1234,cadd1256,Caddo,Caddoan,EA012,9,Uxorilocal,,,
Nh15,Mescalero,xd1265,mesc1238,Mescalero-Chiricahua Apache,Athabaskan-Eyak-Tlingit,EA012,9,Uxorilocal,1870,,
Nh16,Jicarilla,xd1266,jica1244,Jicarilla Apache,Athabaskan-Eyak-Tlingit,EA012,9,Uxorilocal,1870,"Jicarilla Reservation, Dulce, New Mexico",
Nh24,Lipan Apache,xd1275,lipa1241,Lipan Apache,Athabaskan-Eyak-Tlingit,EA012,9,Uxorilocal,1880,,
Sa1,Guna,xd1309,bord1248,Border Kuna,Chibchan,EA012,9,Uxorilocal,1940,San Blas Archipelago,
Sa9,Miskito,xd1325,misk1235,Mískito,Misumalpan,EA012,9,Uxorilocal,1920,Vicinity: Cape Gracias a Dios,
Sb2,Cágaba,xd1327,cogu1240,Cogui,Chibchan,EA012,9,Uxorilocal,1940,,
Sb7,Yupa,xd1332,yukp1241,Yukpa,Cariban,EA012,9,Uxorilocal,1950,with special reference to the Pariri,
Sc1,Warao,xd1335,wara1303,Warao,,EA012,9,Uxorilocal,1950,,
Sc12,Macushi,xd1338,macu1259,Macushi,Cariban,EA012,9,Uxorilocal,1910,,
Sc14,Rucuyen,xd1340,waya1269,Wayana,Cariban,EA012,9,Uxorilocal,1890,,
Sc15,Taulípang,xd1341,taul1252,Taulipang,Cariban,EA012,9,Uxorilocal,1910,,
Sc16,Ye'kuana,xd1342,maqu1238,Maquiritari,Cariban,EA012,9,Uxorilocal,1920,with special reference to the Makitare,
Sc2,Pumé,xd1345,pume1238,Pumé,,EA012,9,Uxorilocal,1950,,
Sc4,Guahibo,xd1347,guah1255,Guahibo,Guahiboan,EA012,9,Uxorilocal,1950,with special reference to the non-agricultural groups,
Sc8,Piaroa,xd1351,piar1243,Piaroa,Jodi-Saliban,EA012,9,Uxorilocal,1950,,
Sd2,Tapirapé,xd1354,tapi1254,Tapirapé,Tupian,EA012,9,Uxorilocal,1930,,
Sd6,Shiriana,xd1358,nina1238,Ninam,Yanomamic,EA012,9,Uxorilocal,1960,,
Se1,Sirionó,xd1362,siri1273,Sirionó,Tupian,EA012,9,Uxorilocal,1940,Vicinity of the Rio Blanco,"The entry assumes that the matrilocal extended families are organized around matrilineage cores; if there are actually no lineages, the entry should be Uxorilocal; Holmberg does not report lineages but admits, in personal discussion, that he may conceivably have overlooked their existence"
Se9,Shipibo-Conibo,xd1373,ship1254,Shipibo-Conibo,Pano-Tacanan,EA012,9,Uxorilocal,1920,,
Sf8,Piro,xd1381,yine1238,Yine,Arawakan,EA012,9,Uxorilocal,1950,,
Sh4,Kadiwéu,xd1391,kadi1248,Kadiwéu,Guaicuruan,EA012,9,Uxorilocal,1940,,
Sh5,Choroti,xd1392,iyow1239,Iyo'wujwa Chorote,Matacoan,EA012,9,Uxorilocal,1910,,
Sj1,Carajá,xd1407,kara1500,Karajá,Nuclear-Macro-Je,EA012,9,Uxorilocal,1950,,
Sj11,Shavante,xd1409,xava1240,Xavánte,Nuclear-Macro-Je,EA012,9,Uxorilocal,1958,Village of Sao Domingo,
Sj6,Tenetehara,xd1414,temb1276,Tenetehara,Tupian,EA012,9,Uxorilocal,1930,with special reference to the Guajajara subgroup,
Sj9,Kayapo,xd1417,kaya1330,Kayapó,Nuclear-Macro-Je,EA012,9,Uxorilocal,1950,,
Ab1,Herero,xd10,here1253,Herero,Atlantic-Congo,EA012,10,Virilocal,1900,,
Ab19,Ambo,xd20,ndon1254,Ndonga,Atlantic-Congo,EA012,10,Virilocal,1910,with special reference to the Kuanyama,
Ab20,Ngumbi,xd22,nkhu1238,Nkhumbi,Atlantic-Congo,EA012,10,Virilocal,1880,,
Ab3,Lozi,xd26,lozi1239,Lozi,Atlantic-Congo,EA012,10,Virilocal,1890,Ruling Luyana,
Ac1,Ila,xd33,ilaa1246,Ila,Atlantic-Congo,EA012,10,Virilocal,1920,,
Ac17,Suku,xd41,suku1259,Suku,Atlantic-Congo,EA012,10,Virilocal,1910,Feshi territory lineage center,
Ac19,Teke,xd43,teke1278,Teke-Eboo-Nzikou,Atlantic-Congo,EA012,10,Virilocal,1880,,
Ad20,Nyamwezi,xd88,nyam1276,Nyamwezi,Atlantic-Congo,EA012,10,Virilocal,1920,,
Ad22,Sukuma,xd90,suku1261,Sukuma,Atlantic-Congo,EA012,10,Virilocal,1950,,
Ae19,Garanganze,xd137,sang1331,Sanga (Democratic Republic of Congo),Atlantic-Congo,EA012,10,Virilocal,1930,,
Ae46,Mpongwe,xd167,myen1241,Myene,Atlantic-Congo,EA012,10,Virilocal,1870,,
Af14,Sherbro,xd191,sher1258,Sherbro,Atlantic-Congo,EA012,10,Virilocal,1930,,
Af21,Ijaw,xd199,kala1381,Kalabari,Ijoid,EA012,10,Virilocal,1920,with special reference to the Kalabari,
Af26,Kukuruku,xd204,yekh1238,Yekhee,Atlantic-Congo,EA012,10,Virilocal,1900,with special reference to the Etsako,
Af38,Abron,xd217,abro1238,Abron,Atlantic-Congo,EA012,10,Virilocal,1900,,But a married woman commonly remains in her natal household instead of joining her husband
Af39,Anyi,xd218,anyi1245,Anyin,Atlantic-Congo,EA012,10,Virilocal,1900,with special reference to the Ndenie,
Af40,Assini,xd220,abur1243,Abure,Atlantic-Congo,EA012,10,Virilocal,1890,"with special reference to the Abure (Akapless, Asoko, Esuma)",
Af41,Attie,xd221,atti1239,Attié,Atlantic-Congo,EA012,10,Virilocal,1890,,
Af45,Avikam,xd225,avik1243,Avikam,Atlantic-Congo,EA012,10,Virilocal,1900,,
Ag11,Lobi,xd246,lobi1245,Lobi,Atlantic-Congo,EA012,10,Virilocal,1910,,
Ah3,Tiv,xd320,tivv1240,Tiv,Atlantic-Congo,EA012,10,Virilocal,1920,Tar of Benue Province,
Ah4,Mambila,xd331,came1252,Donga Mambila,Atlantic-Congo,EA012,10,Virilocal,1920,,
Ai11,Mangbetu,xd339,nucl1420,Nuclear Mangbetu,Central Sudanic,EA012,10,Virilocal,1900,,
Ai3,Azande,xd359,zand1248,Zande,Atlantic-Congo,EA012,10,Virilocal,1920,,
Ca31,Beta Israel,xd439,qima1242,Qimant,Afro-Asiatic,EA012,10,Virilocal,1860,,
Cb18,Kanembu,xd467,kane1243,Kanembu,Saharan,EA012,10,Virilocal,1930,,
Cb19,Kanuri,xd468,cent2050,Central Kanuri,Saharan,EA012,10,Virilocal,1870,,
Cb8,Bororo Fulani,xd485,boro1274,Bororo of Kano and Zaria,Atlantic-Congo,EA012,10,Virilocal,1920,with special reference to the Bororo Fulani of Skoto,
Cc10,Asben,xd488,taya1257,Tayart Tamajeq,Afro-Asiatic,EA012,10,Virilocal,1900,,
Cc12,Ifora,xd490,tadh1242,Tadhaq,Afro-Asiatic,EA012,10,Virilocal,1944,,Ultimate residence is unclear and may be avunculocal
Cc5,Kel Antessar,xd502,timb1263,Timbuktu,Afro-Asiatic,EA012,10,Virilocal,1910,,
Cd11,Guanche,xd509,guan1277,Guanche,Afro-Asiatic,EA012,10,Virilocal,1500,,Suggested rather than attested
Ce2,Portuguese,xd529,gali1257,Galician Portuguese,Indo-European,EA012,10,Virilocal,1950,with special reference to the village of Rio de Onor in the extreme northeast,
Ce7,Greeks,xd534,mode1248,Modern Greek,Indo-European,EA012,10,Virilocal,1950,with special reference to the village of Vasilika,
Cf2,Boers,xd537,afri1274,Afrikaans,Indo-European,EA012,10,Virilocal,1850,of the Transvaal,
Cg2,Icelanders,xd542,icel1247,Icelandic,Indo-European,EA012,10,Virilocal,1100,,
Cg3,Irish,xd543,iris1253,Irish,Indo-European,EA012,10,Virilocal,1930,County Clare,"When a family has no sons, one daughter remains at home in uxorilocal residence after her marriage, and the groom pays a bride price"
Ch3,Czechs,xd567,czec1258,Czech,Indo-European,EA012,10,Virilocal,1940,with special reference to the Hana district of central Moravia,
Ch5,Bulgarians,xd569,bulg1262,Bulgarian,Indo-European,EA012,10,Virilocal,1940,with special reference to the village of Dragelevtsy,
Ch7,Ukranians,xd571,east2270,East Ukrainian,Indo-European,EA012,10,Virilocal,1930,,
Ch8,Magyar,xd572,hung1274,Hungarian,Uralic,EA012,10,Virilocal,1940,,
Ch9,Lithuanians,xd573,lith1251,Lithuanian,Indo-European,EA012,10,Virilocal,1930,,
Ea9,Iranians,xd608,tehr1242,Tehrani,Indo-European,EA012,10,Virilocal,1950,,
Ec8,Ket,xd636,kett1243,Ket,Yeniseian,EA012,10,Virilocal,1900,,
Ed5,Japanese,xd648,nucl1643,Japanese,Japonic,EA012,10,Virilocal,1950,Okayama,
Ee1,Adi,xd653,bori1243,Bori-Karko,Sino-Tibetan,EA012,10,Virilocal,1940,,
Eh2,Merina,xd688,meri1243,Merina,Austronesian,EA012,10,Virilocal,1900,,
Ei18,Palaung,xd705,shwe1236,Shwe Palaung,Austroasiatic,EA012,10,Virilocal,1920,with special reference to the Katur subtribe,
Ej3,Semang,xd725,kens1248,Kensiu,Austroasiatic,EA012,10,Virilocal,1920,Jehai Group or subtribe,
Ej8,Malays,xd730,mala1479,Colloquial Malay,Austronesian,EA012,10,Virilocal,1940,with special reference to those of Trengganu,
Ia14,Tao,xd737,yami1254,Yami,Austronesian,EA012,10,Virilocal,1930,,
Ia15,Manobo,xd738,agus1235,Agusan Manobo,Austronesian,EA012,10,Virilocal,1920,with special reference to those of the Agusan Valley,
Ic11,Ambonese,xd761,ambo1250,Ambonese Malay,Austronesian,EA012,10,Virilocal,1950,Allang,
Id4,Diyari,xd779,dier1241,Dieri,Pama-Nyungan,EA012,10,Virilocal,1900,,
Ie28,Busama,xd805,buga1250,Bugawac,Austronesian,EA012,10,Virilocal,1940,,
Ie38,Dani,xd816,midg1235,Mid Grand Valley Dani,Nuclear Trans New Guinea,EA012,10,Virilocal,1960,with special reference to the Dugum group of the Grand Valley of the Balim River,
If11,Kosraeans,xd826,kosr1238,Kosraean,Austronesian,EA012,10,Virilocal,1860,,
Ig16,Bwaidoga,xd848,bwai1242,Bwaidoka,Austronesian,EA012,10,Virilocal,1950,,
Ig19,Molima,xd851,moli1248,Molima,Austronesian,EA012,10,Virilocal,1950,,
Ig6,Ulawans,xd858,saaa1240,Sa'a,Austronesian,EA012,10,Virilocal,1900,,
Ih9,Santa Cruz Islanders,xd875,natu1246,Natügu,Austronesian,EA012,10,Virilocal,1930,Graciosa Bay,
Ii12,Tongans,xd878,tong1325,Tonga (Tonga Islands),Austronesian,EA012,10,Virilocal,1920,Pangai,
Ij2,Māori,xd891,maor1246,Maori,Austronesian,EA012,10,Virilocal,1820,Nga Puhi Tribe,
Ij3,Marquesans,xd892,nort2845,North Marquesan,Austronesian,EA012,10,Virilocal,1900,,
Na10,Chugach,xd1027,chug1254,Chugach,Eskimo-Aleut,EA012,10,Virilocal,1930,,
Na15,Tlicho,xd1032,dogr1252,Dogrib,Athabaskan-Eyak-Tlingit,EA012,10,Virilocal,1860,,
Na23,Labrador Inuit,xd1039,labr1244,North Labrador Eskimo,Eskimo-Aleut,EA012,10,Virilocal,1890,with special reference to the Koksoagmiu,
Na26,Dena'ina,xd1042,tana1289,Tanaina,Athabaskan-Eyak-Tlingit,EA012,10,Virilocal,1870,with special reference to the Iliamna,
Na28,Sekani,xd1044,seka1250,Sekani,Athabaskan-Eyak-Tlingit,EA012,10,Virilocal,1880,,
Na30,Dene,xd1046,chip1261,Chipewyan,Athabaskan-Eyak-Tlingit,EA012,10,Virilocal,1880,,
Na32,Montagnais,xd1048,mont1268,Montagnais,Algic,EA012,10,Virilocal,1880,Lake St. John & Mistassini Band,
Na38,Katikitegon,xd1054,uppe1274,Upper Michigan-Wisconsin Chippewa,Algic,EA012,10,Virilocal,1800,with special reference to the Lac Vieux Desert band,
Na41,Mi'kmaq,xd1058,mikm1235,Mi'kmaq,Algic,EA012,10,Virilocal,1700,Mainland division,
Na6,Nunivak,xd1064,kusk1241,General Central Yup'ik,Eskimo-Aleut,EA012,10,Virilocal,1930,,
Na9,Aleut,xd1067,east2533,Eastern Aleut,Eskimo-Aleut,EA012,10,Virilocal,1830,Unalaska Branch (Eastern Aleut),
Nb13,Squamish,xd1072,squa1248,Squamish,Salishan,EA012,10,Virilocal,1880,,
Nb16,Klallam,xd1075,clal1241,Clallam,Salishan,EA012,10,Virilocal,1860,,
Nb18,Quileute,xd1077,quil1240,Quileute,Chimakuan,EA012,10,Virilocal,1880,,
Nb19,Lower Chinook,xd1078,chin1286,Chinook,Chinookan,EA012,10,Virilocal,1850,,
Nb2,Twana,xd1079,twan1247,Twana,Salishan,EA012,10,Virilocal,1850,Twana Tribe,
Nb24,Makah,xd1084,maka1318,Makah,Wakashan,EA012,10,Virilocal,1860,,
Nb30,Takelma,xd1091,take1257,Takelma,,EA012,10,Virilocal,1860,,
Nc11,Yana,xd1109,yana1271,Yana,,EA012,10,Virilocal,1860,,
Nc16,Huchnom,xd1114,yuki1243,Yuki,Yuki-Wappo,EA012,10,Virilocal,1860,,
Nc27,Kawaiisu,xd1126,kawa1283,Kawaiisu,Uto-Aztecan,EA012,10,Virilocal,1860,,
Nc28,Chumash,xd1127,cruz1243,Cruzeño,Chumashan,EA012,10,Virilocal,1800,,
Nc4,Atsugewi,xd1135,atsu1245,Atsugewi,Palaihnihan,EA012,10,Virilocal,1860,,
Nc7,Yuki,xd1138,yuki1243,Yuki,Yuki-Wappo,EA012,10,Virilocal,1850,,
Nd11,Shuswap,xd1143,shus1248,Shuswap,Salishan,EA012,10,Virilocal,1850,with special reference to the southeastern Shuswap,
Nd14,Coeur d’Alene,xd1146,coeu1236,Coeur d'Alene,Salishan,EA012,10,Virilocal,1860,,
Nd16,Wenatchi,xd1148,wena1241,Wenatchi,Salishan,EA012,10,Virilocal,1870,,
Nd19,Umatilla,xd1151,umat1237,Umatilla,Sahaptian,EA012,10,Virilocal,1860,,
Nd3,Havasupai,xd1163,hava1249,Havasupai,Cochimi-Yuman,EA012,10,Virilocal,1870,Havasupai Tribe,
Nd31,Koso,xd1165,pana1305,Panamint,Uto-Aztecan,EA012,10,Virilocal,1850,,
Nd36,Wiyambituka,xd1170,west2622,Western Shoshoni,Uto-Aztecan,EA012,10,Virilocal,1870,,
Nd4,Sanpoil,xd1174,sanp1257,Sanpoil,Salishan,EA012,10,Virilocal,1870,,
Nd46,Agaiduka,xd1182,nort2955,Northern Shoshoni,Uto-Aztecan,EA012,10,Virilocal,1860,,
Nd53,Southern Paiute (Kaibab),xd1189,sout2969,Southern Paiute,Uto-Aztecan,EA012,10,Virilocal,1860,,
Ne13,Kainai,xd1212,bloo1239,Blood,Algic,EA012,10,Virilocal,1850,,
Ne18,Piegan,xd1217,pieg1239,Piegan,Algic,EA012,10,Virilocal,1850,,
Ne19,Plains Cree,xd1218,plai1258,Plains Cree,Algic,EA012,10,Virilocal,1850,,
Ne4,Crow,xd1223,crow1244,Crow,Siouan,EA012,10,Virilocal,1870,,
Ne7,Sarcee,xd1226,sars1236,Sarsi,Athabaskan-Eyak-Tlingit,EA012,10,Virilocal,1880,,
Ng13,Abenaki,xd1248,peno1243,Penobscot,Algic,EA012,10,Virilocal,,,
Ng7,Natchez,xd1256,natc1249,Natchez,,EA012,10,Virilocal,1700,Natchez Kingdom,
Ni2,Tohono O'odham,xd1287,toho1246,Tohono O'odam,Uto-Aztecan,EA012,10,Virilocal,1930,,
Ni4,Seri,xd1289,seri1257,Seri,,EA012,10,Virilocal,1900,,
Ni6,Pima,xd1291,akim1239,Akimel O'odham,Uto-Aztecan,EA012,10,Virilocal,1840,,
Ni7,Yaqui,xd1292,yaqu1251,Yaqui,Uto-Aztecan,EA012,10,Virilocal,1870,,
Nj1,Chinantec,xd1295,ojit1237,Ojitlán Chinantec,Otomanguean,EA012,10,Virilocal,1940,Ojitlan,
Nj10,Zapotec,xd1296,yala1267,Yalálag Zapotec,Otomanguean,EA012,10,Virilocal,1940,mountain village of Yalagag,
Nj11,Huastec,xd1297,huas1242,Huastec,Mayan,EA012,10,Virilocal,,,
Nj2,Aztec,xd1301,clas1250,Classical Nahuatl,Uto-Aztecan,EA012,10,Virilocal,1520,City & environs of Tenochtitlan,
Nj3,Sierra Popoluca,xd1302,high1276,Highland Popoluca,Mixe-Zoque,EA012,10,Virilocal,1940,Town and environs of Soteapan,
Nj4,Totonac,xd1303,papa1238,Papantla Totonac,Totonacan,EA012,10,Virilocal,1940,,
Nj5,Mazateco,xd1304,huau1238,Huautla Mazatec,Otomanguean,EA012,10,Virilocal,1940,,
Nj7,Mixe,xd1306,isth1238,Isthmus Mixe,Mixe-Zoque,EA012,10,Virilocal,1930,with special reference to Ayutla,
Nj8,Tarasco,xd1307,pure1242,Purepecha,Tarascan,EA012,10,Virilocal,1500,,
Nj9,Tlaxcalans,xd1308,cent2132,Tlaxcala-Puebla-Central Nahuatl,Uto-Aztecan,EA012,10,Virilocal,1960,,
Sa6,Yucatec Maya,xd1322,yuca1254,Yucatec Maya,Mayan,EA012,10,Virilocal,1520,,
Sb8,Taíno,xd1333,tain1254,Taino,Arawakan,EA012,10,Virilocal,1520,,
Sc11,Camaracoto,xd1337,cama1252,Camaracoto,Cariban,EA012,10,Virilocal,1930,,
Sc17,Piapoco,xd1343,piap1246,Piapoco,Arawakan,EA012,10,Virilocal,1950,,
Sc5,Wapishana,xd1348,wapi1253,Wapishana,Arawakan,EA012,10,Virilocal,1900,,
Sc9,Curripaco,xd1352,curr1243,Curripaco,Arawakan,EA012,10,Virilocal,1950,,
Sd9,Yanomami,xd1361,yano1261,Yanomamö,Yanomamic,EA012,10,Virilocal,1965,Shamatari Tribe; Bisaasi-teri,
Se10,Cocama,xd1363,coca1259,Cocama-Cocamilla,Tupian,EA012,10,Virilocal,1670,,
Se11,Chácobo,xd1364,chac1251,Chácobo,Pano-Tacanan,EA012,10,Virilocal,1960,,
Se8,Amahuaca,xd1372,amah1246,Amahuaca,Pano-Tacanan,EA012,10,Virilocal,1950,Upper Inuya River,
Sf1,Inca,xd1374,cusc1236,Cusco Quechua,Quechuan,EA012,10,Virilocal,1530,City and environs of Cuzco,
Sf6,Muisca,xd1379,chib1270,Chibcha,Chibchan,EA012,10,Virilocal,1540,,"An inference from polygyny, bride price, and patrilineal inheritance by sons"
Sg1,Yahgan,xd1383,yama1264,Yámana,,EA012,10,Virilocal,1870,Eastern and central,
Sg3,Ona,xd1385,onaa1245,Selk'nam,Chonan,EA012,10,Virilocal,1880,with special reference to the Shelknam,"But Cooper reports that ""Couples commonly remained a while after marriage with the bride's people"""
Sg4,Tehuelche,xd1386,tehu1242,Tehuelche,Chonan,EA012,10,Virilocal,1870,Equestrian,
Sh7,Guaraní,xd1394,east2555,Eastern Bolivian Guaraní,Tupian,EA012,10,Virilocal,1900,,
Si10,Kuikuru,xd1398,kuik1246,Kuikúro-Kalapálo,Cariban,EA012,10,Virilocal,1950,,
Si2,Trumai,xd1399,trum1247,Trumai,,EA012,10,Virilocal,1930,Village of Vanivani,
Si3,Bacairi,xd1400,baka1277,Bakairí,Cariban,EA012,10,Virilocal,1940,Simao Lopes,
Si5,Kamayurá,xd1402,kama1373,Kamayurá,Tupian,EA012,10,Virilocal,1940,,
Si8,Umotina,xd1405,umot1240,Umotína,Bororoan,EA012,10,Virilocal,1940,,
Sj10,Cayua,xd1408,mbya1239,Mbyá Guaraní,Tupian,EA012,10,Virilocal,1950,Taquapiri,
ch12,Bashkir,xd549,bash1264,Bashkir,Turkic,EA012,10,Virilocal,1899,with special reference to the Birskij Uezd Bashkir,
ch14,Chuvash,xd551,chuv1255,Chuvash,Turkic,EA012,10,Virilocal,1908,with special reference to the Virjal group,
ch15,Erzya Mordvins,xd552,erzy1239,Erzya,Uralic,EA012,10,Virilocal,1895,with special reference to those of the Boklinskij Uezd,
ch18,Ingrians,xd555,ingr1248,Ingrian,Uralic,EA012,10,Virilocal,1927,"with special reference to those of the Kingisepp Rajon, the Leningrad Region",
ch20,Kazan tatar,xd558,midd1325,Middle Tatar,Turkic,EA012,10,Virilocal,1910,with special reference to those of the Altayrskij Uezd,
ch21,Latvians,xd559,latv1249,Latvian,Indo-European,EA012,10,Virilocal,1881,with special reference to the Vidzeme group,
ch22,Lithuanian Karaim,xd560,kara1464,Karaim,Turkic,EA012,10,Virilocal,1895,with special reference to those of the Trakaj area,
ch24,Livs,xd562,livv1244,Liv,Uralic,EA012,10,Virilocal,1847,with special reference to the Northwest Courland,
ch25,Moldovans,xd563,mold1248,Moldavian,Indo-European,EA012,10,Virilocal,1900,with special reference to the Beletskij Uezd,
ch27,Veps,xd565,veps1250,Veps,Uralic,EA012,10,Virilocal,1900,with special reference to the Petrozavodskij Uezd Veps,
ch28,Votes,xd566,voti1245,Votic,Uralic,EA012,10,Virilocal,1900,with special reference to those of the Yamburg Uezd,
ec15,Mansi,xd623,mans1258,Northern Mansi,Uralic,EA012,10,Virilocal,1880,Middle Northern Sos'va group,
ec16,Evenk,xd624,even1259,Evenki,Tungusic,EA012,10,Virilocal,1890,Barguzin group,
ec17,Negidal,xd625,negi1245,Negidal,Tungusic,EA012,10,Virilocal,1890,Upper Amgun' River group,
ec18,Ulch,xd626,ulch1241,Ulch,Tungusic,EA012,10,Virilocal,1890,Ulch people as a whole,
ec19,Orok,xd627,orok1265,Orok,Tungusic,EA012,10,Virilocal,1890,Northern group,
ec20,Oroch,xd629,oroc1248,Oroch,Tungusic,EA012,10,Virilocal,1890,Oroch people as a whole,
ec21,Udihe,xd630,udih1248,Udihe,Tungusic,EA012,10,Virilocal,1890,Hor River group,
Ec6,Yukaghir,xd634,nort2745,Northern Yukaghir,Yukaghir,EA012,11,Ambi-uxo,1850,Upper Kolyma River,
Eh5,Nicobarese,xd691,carn1240,Car Nicobarese,Austroasiatic,EA012,11,Ambi-uxo,1890,Car Nicobar of North Islands,
Ia11,Puyuma,xd734,puyu1239,Puyuma,Austronesian,EA012,11,Ambi-uxo,1930,,
Ia5,Hanunoo,xd745,hanu1241,Hanunoo,Austronesian,EA012,11,Ambi-uxo,1950,,
Ia7,Tagbanua,xd747,tagb1258,Tagbanwa,Austronesian,EA012,11,Ambi-uxo,1950,,
Ii5,Ontong Java,xd884,onto1237,Luangiua,Austronesian,EA012,11,Ambi-uxo,1920,"Leuenuwa, Lord Howe's Islanders",Virilocal for part of the year in families possessing coconut groves in the outer islands
Ii6,Tokelau,xd885,toke1240,Tokelau,Austronesian,EA012,11,Ambi-uxo,1900,with special reference to Atafu,
Na1,Nabesna,xd1026,uppe1437,Upper Tanana,Athabaskan-Eyak-Tlingit,EA012,11,Ambi-uxo,1930,,
Na31,Eastern Cree,xd1047,sout2978,Southern East Cree,Algic,EA012,11,Ambi-uxo,1850,with special reference to those of Albany and Moose Creek,
Na8,Deg Xit'an,xd1066,dege1248,Degexit'an,Athabaskan-Eyak-Tlingit,EA012,11,Ambi-uxo,1880,Shageluk Village,
Nd17,Klikitat,xd1149,nucl1237,Nuclear Yakima,Sahaptian,EA012,11,Ambi-uxo,1870,,
Nd2,Southern Ute,xd1152,utee1244,Ute,Uto-Aztecan,EA012,11,Ambi-uxo,1860,,
Nd22,Wadadokado,xd1155,nort1551,North Northern Paiute,Uto-Aztecan,EA012,11,Ambi-uxo,1870,Wadadika of Harney Valley,
Nd25,Sawakudokwa,xd1158,nort1551,North Northern Paiute,Uto-Aztecan,EA012,11,Ambi-uxo,1870,,
Nd43,White Knife Shoshoni,xd1178,west2622,Western Shoshoni,Uto-Aztecan,EA012,11,Ambi-uxo,1860,,
Nd44,Yahanduka,xd1179,west2622,Western Shoshoni,Uto-Aztecan,EA012,11,Ambi-uxo,1850,,
Nd48,Gosiute,xd1183,gosi1242,Gosiute,Uto-Aztecan,EA012,11,Ambi-uxo,1860,with special reference to those of Deep Creek,
Nd56,San Juan,xd1192,sout2969,Southern Paiute,Uto-Aztecan,EA012,11,Ambi-uxo,1860,,
Nd57,Pahvant,xd1193,utee1244,Ute,Uto-Aztecan,EA012,11,Ambi-uxo,1860,,
Nd58,Uintah Ute,xd1194,utee1244,Ute,Uto-Aztecan,EA012,11,Ambi-uxo,1860,,
Nd63,Bannock,xd1200,bann1248,Bannock,Uto-Aztecan,EA012,11,Ambi-uxo,1860,with special reference to the Eastern Bannock,
Ne2,Kiowa Apache,xd1219,kiow1264,Kiowa Apache,Athabaskan-Eyak-Tlingit,EA012,11,Ambi-uxo,1870,,
Ne5,Cheyenne,xd1224,chey1247,Cheyenne,Algic,EA012,11,Ambi-uxo,1860,,
Nf5,Wichita,xd1239,wich1260,Wichita,Caddoan,EA012,11,Ambi-uxo,1860,,
Nf8,Hasinai,xd1242,cadd1256,Caddo,Caddoan,EA012,11,Ambi-uxo,1770,,
Nh1,Chiricahua,xd1259,mesc1238,Mescalero-Chiricahua Apache,Athabaskan-Eyak-Tlingit,EA012,11,Ambi-uxo,1880,Central band,
Ni5,Chichimeca,xd1290,chic1272,Chichimeca-Jonaz,Otomanguean,EA012,11,Ambi-uxo,1570,,
Sb3,Barí (Motilon),xd1328,yukp1241,Yukpa,Cariban,EA012,11,Ambi-uxo,1940,with special reference to the Iroka,
Sb4,Cariña,xd1329,taba1267,Tabajari,Cariban,EA012,11,Ambi-uxo,1950,with special reference to the Cachama group,
Sc13,Panare,xd1339,enap1235,Panare,Cariban,EA012,11,Ambi-uxo,1950,,
Sc7,Yabarana,xd1350,yaba1248,Yabarana,Cariban,EA012,11,Ambi-uxo,1950,,
Sd1,Munduruku,xd1353,mund1330,Mundurukú,Tupian,EA012,11,Ambi-uxo,1950,Cabrura village,But men sleep apart from their wives in a men's house
Sh1,Wichí,xd1388,wich1264,Wichí Lhamtés Güisnay,Matacoan,EA012,11,Ambi-uxo,1860,,
Sh6,Chamacoco,xd1393,cham1315,Chamacoco,Zamucoan,EA012,11,Ambi-uxo,1890,,
Sh9,Lengua,xd1396,leng1262,Lengua,Lengua-Mascoy,EA012,11,Ambi-uxo,1890,Those in contact with mission,
Si7,Paresi,xd1404,pare1272,Parecís,Arawakan,EA012,11,Ambi-uxo,1910,with special reference to the Cozarimi,
Sj8,Tupinambá,xd1416,tupi1273,Tupinambá,Tupian,EA012,11,Ambi-uxo,1600,Hinterland of Rio de Janeiro,
Aa4,Bergdama,xd4,dama1270,Damara,Khoe-Kwadi,EA012,12,Ambi-viri,1920,,
Aa5,Mbuti,xd5,bila1255,Bila,Atlantic-Congo,EA012,12,Ambi-viri,1930,"Epulu net-hunters, Ituri forest","Entry follows Schebesta; Czekanowski reports Uxorilocal (code ""9""); Turnbull reports Ambilocal (code ""2"")"
Aa7,Naron,xd7,naro1249,Naro,Khoe-Kwadi,EA012,12,Ambi-viri,1910,,
Ac9,Ngoni,xd75,ngon1269,Ngoni,Atlantic-Congo,EA012,12,Ambi-viri,1940,with special reference to the Mpezeni group of Fort Jameson,
Aj3,Nuer,xd406,nuer1246,Nuer,Nilotic,EA012,12,Ambi-viri,1930,,
Ca7,Amhara,xd455,amha1245,Amharic,Afro-Asiatic,EA012,12,Ambi-viri,1950,Gondar district,
Ce8,Spanish Basques,xd535,west1508,Western Low Navarrese,Basque,EA012,12,Ambi-viri,1934,with special reference to the village of Vera,
Cg4,Sami,xd544,nort2671,North Saami,Uralic,EA012,12,Ambi-viri,1950,Konkama District,
Ci10,Armenians,xd575,nucl1235,Eastern Armenian,Indo-European,EA012,12,Ambi-viri,1900,Vicinity of Erevan,
Ec3,Chukchi,xd631,chuk1273,Chukchi,Chukotko-Kamchatkan,EA012,12,Ambi-viri,1900,Reindeer Division,
Ec5,Koryak,xd633,kory1246,Koryak,Chukotko-Kamchatkan,EA012,12,Ambi-viri,1900,with special reference to the Maritime Koryak,
Ec7,Ainu,xd635,ainu1240,Hokkaido Ainu,Ainu,EA012,12,Ambi-viri,1900,Saru Basin in Hokkaido,
Eh6,Sinhalese,xd692,sinh1246,Sinhala,Indo-European,EA012,12,Ambi-viri,1950,with special reference to the Kandyan Sinhalese,
Ia1,Atayal,xd732,atay1247,Atayal,Austronesian,EA012,12,Ambi-viri,1930,Atayal Tribe (but exdluding Sedeq),
Ia6,Paiwan,xd746,paiw1248,Paiwan,Austronesian,EA012,12,Ambi-viri,1930,Su-Paiwan Village,
Ia8,Bontok,xd748,cent2292,Central Bontoc,Austronesian,EA012,12,Ambi-viri,1900,,
Ib5,Kadazan-Dusun,xd754,cent2100,Central Dusun,Austronesian,EA012,12,Ambi-viri,1920,with special reference to the village of Sensuron,
Ib7,Mentaweians,xd756,ment1249,Mentawai,Austronesian,EA012,12,Ambi-viri,1920,with special reference to those of North Pageh,
Ic10,Tobelorese,xd760,tobe1252,Tobelo,North Halmahera,EA012,12,Ambi-viri,1910,Tobelo District,
Ic2,Alorese,xd764,abui1241,Abui,Timor-Alor-Pantar,EA012,12,Ambi-viri,1940,Abui of Atimelang Village,
Id3,Tiwi,xd778,tiwi1244,Tiwi,,EA012,12,Ambi-viri,1920,Tiwi Tribe: Melville Island,
Ie18,Kimam,xd794,kima1246,Kimaama,Kolopom,EA012,12,Ambi-viri,1940,Bamol Village,
If14,Makin,xd829,bana1287,Banaban,Austronesian,EA012,12,Ambi-viri,1890,Makin and Butiritari Islands (N),
If7,Gilbert Onotoa,xd838,nuii1237,Nui,Austronesian,EA012,12,Ambi-viri,1940,with special reference to the inhabitants of Onotoa,
If9,Ulithians,xd840,ulit1238,Ulithian,Austronesian,EA012,12,Ambi-viri,1900,,
Ig11,Rossel Islanders,xd843,yele1255,Yele,,EA012,12,Ambi-viri,1920,,
Ig12,Choiseulese,xd844,vagh1249,Vaghua,Austronesian,EA012,12,Ambi-viri,1900,with special reference to the Varisi,
Ii13,Uveans,xd879,wall1257,East Uvean,Austronesian,EA012,12,Ambi-viri,1830,,
Ii14,Upolu Samoans,xd880,samo1305,Samoan,Austronesian,EA012,12,Ambi-viri,1829,,
Ii4,Ellice,xd883,tuva1244,Tuvalu,Austronesian,EA012,12,Ambi-viri,1890,with special reference to the inhabitants of Vaitupu,Residence rule inferred from data on inheritance
Ii8,Futunans,xd887,east2447,East Futuna,Austronesian,EA012,12,Ambi-viri,1840,,
Ii9,Niueans,xd888,niue1239,Niuean,Austronesian,EA012,12,Ambi-viri,1840,,
Ij1,Mangaians,xd889,raro1241,Southern Cook Island Maori,Austronesian,EA012,12,Ambi-viri,1820,,
Ij10,Tongarevans,xd890,penr1237,Māngarongaro,Austronesian,EA012,12,Ambi-viri,1900,,
Ij4,Manihikians,xd893,raka1237,Rakahanga-Manihiki,Austronesian,EA012,12,Ambi-viri,1850,,
Ij7,Mangarevans,xd896,mang1401,Mangareva,Austronesian,EA012,12,Ambi-viri,1900,,
Ij9,Easter Islanders,xd898,rapa1244,Rapanui,Austronesian,EA012,12,Ambi-viri,1860,,
Na16,Délįne,xd1033,nort2942,North Slavey,Athabaskan-Eyak-Tlingit,EA012,12,Ambi-viri,1860,,
Na17,DeneTha,xd1034,sout2959,South Slavey,Athabaskan-Eyak-Tlingit,EA012,12,Ambi-viri,1860,"Lynx Point band, Fort Simpson","Entry follows Helm; Honigmann reports prevailing pattern as Uxorilocal (code ""9"") with Virilocal as alternate (EA014 would be code ""10"")"
Na20,Kutchin,xd1037,gwic1235,Gwich'in,Athabaskan-Eyak-Tlingit,EA012,12,Ambi-viri,1880,with special reference to the Tatlit of Peel River Kutchin,
Na22,Iglulik Inuit,xd1025,west2618,Western Canadian Inuktitut,Eskimo-Aleut,EA012,12,Ambi-viri,1920,with special reference to the Aivilingmiut and Iglulingmiut,
Na24,Tasiilaq,xd1040,tunu1234,Tunumiisiut,Eskimo-Aleut,EA012,12,Ambi-viri,1880,,
Na25,Kalaallit (West Greenland),xd1041,kala1399,Kalaallisut,Eskimo-Aleut,EA012,12,Ambi-viri,1910,with special reference to the inhabitants of the Egesminde District,
Na33,Northern Saulteaux,xd1049,alba1270,Albany River Ojibwa,Algic,EA012,12,Ambi-viri,1870,Berens River band,
Na35,Nipigon,xd1051,cent2136,Central Ojibwa,Algic,EA012,12,Ambi-viri,1800,,
Na39,Eastern Ojibwa,xd1055,east2542,Eastern Ojibwa,Algic,EA012,12,Ambi-viri,1870,with special reference to the Kitchibuan of Parry Island,
Na43,Netsilik,xd1060,nets1241,Natsilingmiutut,Eskimo-Aleut,EA012,12,Ambi-viri,1920,,
Na44,Taqagmiut,xd1061,queb1248,Nunavik,Eskimo-Aleut,EA012,12,Ambi-viri,1910,,
Na45,Mistissini Cree,xd1062,sout2978,Southern East Cree,Algic,EA012,12,Ambi-viri,1900,,
Na7,Attawapiskat Cree,xd1065,swam1239,Swampy Cree,Algic,EA012,12,Ambi-viri,1900,with special reference to the Attawapiskat Swampy Cree,
Nb10,Alkatcho,xd1069,sout2958,Southern Carrier,Athabaskan-Eyak-Tlingit,EA012,12,Ambi-viri,1865,,
Nb11,Nuu chah nulth,xd1070,nuuc1236,Nuu-chah-nulth,Wakashan,EA012,12,Ambi-viri,1880,with special reference to the Central Nootka,
Nb12,Klahoose,xd1071,slia1241,Sliammon,Salishan,EA012,12,Ambi-viri,1880,,
Nb14,Comox,xd1073,isla1276,Island Comox,Salishan,EA012,12,Ambi-viri,1880,,
Nb15,Lummi,xd1074,lumm1243,Lummi,Salishan,EA012,12,Ambi-viri,1880,,
Nb17,Puyallup,xd1076,sout2965,Southern Puget Sound Salish,Salishan,EA012,12,Ambi-viri,1870,,
Nb20,Tillamook,xd1080,till1254,Tillamook,Salishan,EA012,12,Ambi-viri,1870,,
Nb21,Coos,xd1081,coos1249,Hanis,Coosan,EA012,12,Ambi-viri,1860,,
Nb23,Heiltsuk,xd1083,bell1263,Bella Bella,Wakashan,EA012,12,Ambi-viri,1880,,
Nb25,Quinault,xd1085,quin1251,Quinault,Salishan,EA012,12,Ambi-viri,1860,,
Nb26,Cowichan,xd1086,cowi1241,Cowichan,Salishan,EA012,12,Ambi-viri,1880,,
Nb27,Stó:lō,xd1087,chil1281,Chiliwack,Salishan,EA012,12,Ambi-viri,1880,with special reference to the Tait,
Nb28,Alsea,xd1088,alse1251,Alsea-Yaquina,,EA012,12,Ambi-viri,1860,,
Nb29,Siuslaw,xd1089,sius1254,Siuslaw,,EA012,12,Ambi-viri,1860,,
Nb3,Kwakwaka'wakw,xd1090,kwak1269,Kwak'wala,Wakashan,EA012,12,Ambi-viri,1890,,
Nb32,Shasta,xd1093,shas1239,Shasta,Shastan,EA012,12,Ambi-viri,1860,with special reference to the Shastika or eastern Shasta,
Nb34,Karuk,xd1095,karo1304,Karok,,EA012,12,Ambi-viri,1860,,
Nb35,Hupa,xd1096,hupa1239,Hupa,Athabaskan-Eyak-Tlingit,EA012,12,Ambi-viri,1860,,
Nb36,Wiyot,xd1097,wiyo1248,Wiyot,Algic,EA012,12,Ambi-viri,1860,,
Nb38,Mattole-Bear River,xd1099,matt1238,Mattole,Athabaskan-Eyak-Tlingit,EA012,12,Ambi-viri,1860,with special reference to the inhabitants of the Bear River,
Nb4,Yurok,xd1101,yuro1248,Yurok,Algic,EA012,12,Ambi-viri,1850,,
Nb9,Nuxalk,xd1106,bell1243,Bella Coola,Salishan,EA012,12,Ambi-viri,1880,"Central group, lower B.C. River",
Nc10,Achumawi,xd1108,achu1247,Achumawi,Palaihnihan,EA012,12,Ambi-viri,1860,,
Nc12,Maidu,xd1110,nort2952,Northeast Maidu,Maiduan,EA012,12,Ambi-viri,1850,with special reference to the Northeastern Mountain Maidu,
Nc13,Nisenan,xd1111,nise1244,Nisenan,Maiduan,EA012,12,Ambi-viri,1850,with special reference to the Hill and Mountain Nisenan,
Nc14,Wintu,xd1112,nucl1651,Nuclear Wintu,Wintuan,EA012,12,Ambi-viri,1860,with special reference to the northeastern Wintu,
Nc2,Tübalulabal,xd1118,tuba1278,Tübatulabal,Uto-Aztecan,EA012,12,Ambi-viri,1850,,
Nc8,Klamath,xd1139,klam1254,Klamath-Modoc,,EA012,12,Ambi-viri,1860,Klamath Tribe,
Nc9,Modoc,xd1140,klam1254,Klamath-Modoc,,EA012,12,Ambi-viri,1860,,
Nd1,Tenino,xd1141,teni1238,Tenino,Sahaptian,EA012,12,Ambi-viri,1850,,
Nd10,Nlaka'pamux,xd1142,thom1243,Thompson,Salishan,EA012,12,Ambi-viri,1860,,
Nd12,Bitterroot Salish,xd1144,kali1309,Kalispel,Salishan,EA012,12,Ambi-viri,1860,,
Nd13,Kalispel,xd1145,kali1309,Kalispel,Salishan,EA012,12,Ambi-viri,1860,,
Nd18,Wishram,xd1150,wasc1239,Wasco-Wishram,Chinookan,EA012,12,Ambi-viri,1860,,
Nd20,Nez Perce,xd1153,nezp1238,Nez Perce,Sahaptian,EA012,12,Ambi-viri,1850,,
Nd30,Eastern Mono,xd1164,mono1275,Mono (USA),Uto-Aztecan,EA012,12,Ambi-viri,1870,,
Nd35,Mahaguaduka,xd1169,west2622,Western Shoshoni,Uto-Aztecan,EA012,12,Ambi-viri,1870,,
Nd41,Wadaduka,xd1176,west2622,Western Shoshoni,Uto-Aztecan,EA012,12,Ambi-viri,1870,,
Nd47,Tukudika,xd1181,nort2955,Northern Shoshoni,Uto-Aztecan,EA012,12,Ambi-viri,1850,,
Nd65,Hualapai,xd1202,wala1270,Walapai,Cochimi-Yuman,EA012,12,Ambi-viri,1870,,
Nd7,Kutenai,xd1205,kute1249,Kutenai,,EA012,12,Ambi-viri,1880,Lower or eastern branch,"Chamberlain emphasizes virilocal, Turney-High uxorilocal residence"
Nd8,Chilcotin,xd1206,chil1280,Chilcotin,Athabaskan-Eyak-Tlingit,EA012,12,Ambi-viri,1880,with special reference to the Alexis Creek and Redstone bands,
Nd9,Lillooet,xd1207,lill1248,Lillooet,Salishan,EA012,12,Ambi-viri,1860,,
Ne1,Gros Ventre,xd1208,gros1243,Gros Ventre,Algic,EA012,12,Ambi-viri,1880,Gros Ventre Tribe,
Ne11,Assiniboine,xd1210,assi1247,Assiniboine,Siouan,EA012,12,Ambi-viri,1870,,
Ne12,Blackfoot,xd1211,pieg1239,Piegan,Algic,EA012,12,Ambi-viri,1850,,
Ne17,Kiowa,xd1216,kiow1266,Kiowa,Kiowa-Tanoan,EA012,12,Ambi-viri,1860,,"Entry follows Richardson; Mooney reports prevailing pattern as Uxorilocal (code ""9"") with Virilocal as alternate (EA014 would be code ""10"")"
Ne20,Santee,xd1220,dako1258,Dakota,Siouan,EA012,12,Ambi-viri,1850,,
Ne8,Teton,xd1227,lako1247,Lakota,Siouan,EA012,12,Ambi-viri,1870,,
Nj6,Huave,xd1305,sanm1287,San Mateo del Mar Huave,Huavean,EA012,12,Ambi-viri,1950,with special reference to San Mateo,
Sf3,Chachi,xd1376,chac1249,Cha'palaa,Barbacoan,EA012,12,Ambi-viri,1910,Rio Cayapas Basin,
Sf4,U'wa,xd1377,cent2150,Central Tunebo,Chibchan,EA012,12,Ambi-viri,1950,,
Sf7,Asháninka,xd1380,ajyi1238,Ajyíninka Apurucayali,Arawakan,EA012,12,Ambi-viri,1900,,
Si4,Nambikwara,xd1401,sout2994,Southern Nambikuára,Nambiquaran,EA012,12,Ambi-viri,1940,Cocozu Group,
ch16,Estonians,xd553,esto1258,Estonian,Uralic,EA012,12,Ambi-viri,1908,with special reference to the Valkskij Uezd,
ch23,Lithuanian Tatar,xd561,west2405,Western Tatar,Turkic,EA012,12,Ambi-viri,1905,with special reference to those of the Vilenskaja Gubernija,
ch26,Udmurt,xd564,sout2681,South Udmurt,Uralic,EA012,12,Ambi-viri,1890,with special reference to those of the Sarapul'skij Uezd,